zip3,total_pop,white_nh,black_nh,hispanic,poverty_count,total_households,median_income_approx,year,share_black,share_hispanic,poverty_rate
006,1187099.0,11068.0,662.0,1171149.0,607051.0,390657.0,16480.96246835459,2014,0.0005576619978620149,0.9865638838883699,0.5113735248702931
007,1343214.0,5082.0,749.0,1336319.0,631506.0,445869.0,19126.07741287239,2014,0.0005576177734895557,0.9948667896552597,0.47014548686955315
009,1106452.0,9342.0,1623.0,1092344.0,391795.0,404402.0,27037.228538503958,2014,0.0014668507987693998,0.9872493339069386,0.35410031343429266
010,473339.0,393296.0,10584.0,47205.0,55268.0,180939.0,59388.81247892634,2014,0.022360295686600935,0.09972767931651523,0.11676198242697094
011,169694.0,67267.0,29678.0,64322.0,45335.0,61855.0,43405.02583461321,2014,0.17489127488302475,0.3790469904651903,0.2671573538251205
012,129674.0,116503.0,3435.0,4901.0,15642.0,55201.0,50307.034220394555,2014,0.026489504449619814,0.03779477767324213,0.12062556873390194
013,83109.0,76235.0,641.0,3276.0,10310.0,35017.0,54248.52206071337,2014,0.007712762757342766,0.039418113561708115,0.12405395324212781
014,214920.0,178017.0,5872.0,21228.0,23922.0,80933.0,68499.33579627593,2014,0.02732179415596501,0.0987716359575656,0.11130653266331658
015,378307.0,330652.0,6238.0,19013.0,24739.0,139566.0,80285.96321453649,2014,0.01648925343702337,0.05025812369319098,0.06539397896417459
016,190178.0,114263.0,20416.0,38243.0,38092.0,70596.0,48214.230268003856,2014,0.1073520596493811,0.20109055726740213,0.20029656427136683
017,389772.0,315082.0,9429.0,25026.0,23287.0,146811.0,100050.22204739427,2014,0.024191065546011515,0.0642067670330347,0.0597451843641924
018,729417.0,527852.0,18248.0,112437.0,71917.0,264048.0,79822.37654896079,2014,0.025017239795617596,0.15414639362669091,0.098595179437825
019,485544.0,394823.0,16631.0,50461.0,46604.0,189028.0,73112.17564593605,2014,0.034252302571960526,0.10392672960637965,0.09598306229713476
020,407486.0,360402.0,11014.0,11485.0,18116.0,149628.0,98601.04138641135,2014,0.027029149467711774,0.028185017399370776,0.04445796910814114
021,1322342.0,749708.0,197528.0,195283.0,209138.0,521822.0,64049.20896972531,2014,0.14937739253536528,0.1476796471714579,0.15815726945071698
022,26030.0,17297.0,948.0,2315.0,4762.0,8682.0,46241.083045381245,2014,0.03641951594314253,0.08893584325777948,0.18294275835574336
023,446938.0,346618.0,57126.0,19644.0,36386.0,158046.0,74740.54246864837,2014,0.1278163861654189,0.04395240503157037,0.08141173943589491
024,416662.0,315296.0,12553.0,26051.0,26271.0,158425.0,107034.15065172795,2014,0.0301275374284192,0.0625231002587229,0.06305110617238913
025,117357.0,104731.0,3387.0,2655.0,10756.0,47091.0,68362.14787595582,2014,0.028860655947237916,0.022623277691147525,0.09165196792692383
026,147493.0,135369.0,3393.0,3818.0,14861.0,66260.0,59916.2401348104,2014,0.023004481568616817,0.025885974249625406,0.10075732407639684
027,529023.0,449227.0,16734.0,34461.0,67378.0,204537.0,57808.062648811705,2014,0.03163189502157751,0.06514083508656524,0.12736308251248055
028,671978.0,563247.0,23156.0,51734.0,74535.0,268201.0,63859.69422187091,2014,0.03445946147046481,0.07698763947629238,0.11091880984198887
029,381274.0,227675.0,31910.0,88098.0,69461.0,141368.0,48645.905015563105,2014,0.08369309210698868,0.23106217575811622,0.18218131842192228
030,379956.0,340937.0,3659.0,16854.0,23234.0,142687.0,80236.26408852944,2014,0.00963006242828117,0.04435776774152796,0.06114918569518576
031,149366.0,125418.0,5091.0,10015.0,16458.0,58515.0,66764.35416559856,2014,0.03408406196858723,0.06705006494115126,0.11018571830269272
032,187786.0,179678.0,1036.0,2685.0,17634.0,74470.0,62230.132299221055,2014,0.005516918194114577,0.014298190493434015,0.09390476393341357
033,61321.0,56445.0,1001.0,987.0,6096.0,23968.0,61686.57614319092,2014,0.016323934704261182,0.016095627925180607,0.09941129466251365
034,83489.0,79385.0,637.0,1174.0,8861.0,33759.0,58091.39174738588,2014,0.007629747631424499,0.014061732683347507,0.10613374216962713
035,45335.0,43174.0,370.0,689.0,5643.0,20073.0,44865.426592935786,2014,0.008161464652034852,0.015197970662843278,0.12447336494981802
036,13686.0,13118.0,65.0,203.0,1138.0,5656.0,52293.953854314,2014,0.004749378927371036,0.014832675727020312,0.08315066491304983
037,77681.0,71010.0,564.0,1605.0,7076.0,30443.0,63798.02122260669,2014,0.007260462661397253,0.02066142299918899,0.09109048544689177
038,322510.0,301839.0,2065.0,6089.0,27235.0,130038.0,68294.69649380514,2014,0.006402902235589594,0.018880034727605344,0.08444699389166227
039,48936.0,46785.0,201.0,675.0,3318.0,20257.0,68554.28474107716,2014,0.004107405590975968,0.013793526238352134,0.06780284453163316
040,339732.0,321314.0,3055.0,4687.0,34348.0,136483.0,59401.51859938601,2014,0.008992382230699493,0.013796168744775293,0.10110322254011986
041,113462.0,98362.0,5478.0,3042.0,17379.0,49913.0,57788.99380922806,2014,0.04828048157092242,0.02681073839699635,0.15317022439230757
042,176235.0,164433.0,1834.0,2659.0,26673.0,71109.0,45706.00755476147,2014,0.010406559423497035,0.015087808891536868,0.1513490509830624
043,81839.0,78415.0,280.0,1143.0,9835.0,35042.0,49280.124992865705,2014,0.0034213516782951895,0.013966446315326434,0.12017497770011852
044,175911.0,166510.0,1188.0,1964.0,27982.0,71884.0,44230.14640253742,2014,0.006753415079216195,0.011164736713451688,0.15906907470254844
045,48097.0,46253.0,255.0,502.0,6407.0,21081.0,50577.89730088705,2014,0.005301785974177183,0.010437241407988023,0.13320997151589498
046,73828.0,68752.0,378.0,1096.0,11461.0,33032.0,43208.93087669323,2014,0.005120008668797746,0.014845316140217803,0.1552392046378068
047,71062.0,67379.0,453.0,754.0,11862.0,30721.0,37804.0500634745,2014,0.006374715037572824,0.010610452843995385,0.16692465734147646
048,40116.0,38563.0,236.0,426.0,4252.0,17450.0,51131.80040114613,2014,0.005882939475520989,0.010619204307508226,0.10599262139794596
049,159250.0,152555.0,1098.0,1644.0,26360.0,66079.0,40931.53553927146,2014,0.0068948194662480375,0.010323390894819467,0.1655259026687598
050,60693.0,58120.0,375.0,468.0,7014.0,26244.0,57575.40302545344,2014,0.006178636745588453,0.00771093865849439,0.11556522168948644
051,29291.0,27588.0,174.0,674.0,3697.0,12602.0,45468.654261228374,2014,0.005940391246457956,0.023010481035130245,0.1262162438974429
052,33237.0,31537.0,198.0,551.0,4714.0,13849.0,48321.22817531952,2014,0.005957216355266721,0.01657791016036345,0.14182988837741073
053,37244.0,35050.0,344.0,730.0,4027.0,16289.0,52841.23052366628,2014,0.009236387069058103,0.019600472559338417,0.10812479862528193
054,236623.0,217366.0,3711.0,4352.0,24194.0,93921.0,63326.22558104855,2014,0.01568317534643716,0.018392125871111432,0.10224703431196461
056,85464.0,80998.0,637.0,1524.0,9225.0,35330.0,56520.89849985848,2014,0.00745343068426472,0.01783206964335861,0.10794018534119629
057,81641.0,77811.0,485.0,1131.0,9843.0,33586.0,50400.22021080212,2014,0.005940642569297289,0.013853333496649968,0.12056442228782108
058,58522.0,55874.0,320.0,765.0,8742.0,23813.0,43407.07376601554,2014,0.0054680291172550495,0.013072007108437853,0.1493797204470114
059,3643.0,3539.0,32.0,31.0,588.0,1618.0,36337.7564894932,2014,0.008783969256107603,0.008509470216854241,0.1614054350809772
060,675117.0,511675.0,50792.0,68268.0,55229.0,264499.0,75534.98054434988,2014,0.07523436678383154,0.10112025026773137,0.08180656093684502
061,297040.0,132233.0,63013.0,81059.0,55500.0,114380.0,56622.08300402168,2014,0.21213641260436306,0.2728891731753299,0.18684352275787772
062,166362.0,139728.0,3559.0,14584.0,15010.0,58379.0,68730.62681786259,2014,0.021393106598862722,0.08766425024945601,0.09022493117418641
063,268710.0,206183.0,14544.0,25285.0,24724.0,105027.0,66071.92724587978,2014,0.05412526515574411,0.09409772617319787,0.0920099735774627
064,720574.0,606149.0,22585.0,57648.0,46821.0,276480.0,81662.89173538773,2014,0.03134306816510171,0.08000288658763707,0.06497736526713425
065,290874.0,146391.0,67950.0,54211.0,47115.0,110063.0,52648.394219674185,2014,0.2336063037603911,0.18637279371824225,0.16197735101796654
066,242809.0,102715.0,58307.0,67759.0,38533.0,85167.0,60416.75725339627,2014,0.24013525034080285,0.27906296718820145,0.15869675341523584
067,331269.0,243175.0,24012.0,50189.0,41234.0,126801.0,64372.14811397387,2014,0.07248489897937929,0.1515052721504276,0.1244728604246096
068,474368.0,358016.0,20805.0,59928.0,28306.0,169166.0,114536.16910608514,2014,0.043858354695089044,0.12633229897463572,0.05967097274689692
069,125226.0,62391.0,16476.0,33864.0,12270.0,46376.0,84194.49432896325,2014,0.13157012122083273,0.2704230750802549,0.09798284701260122
070,1715964.0,804815.0,231555.0,484911.0,194130.0,616485.0,76506.18236940072,2014,0.13494164213235244,0.2825880962537676,0.11313174402260187
071,397759.0,65350.0,186086.0,121823.0,96646.0,136635.0,41767.07376587258,2014,0.4678360514784078,0.30627339670504,0.24297627457832507
072,183423.0,33980.0,46117.0,93380.0,31145.0,59739.0,47238.21860091398,2014,0.25142430338616206,0.5090964600949718,0.16979877114647562
073,255524.0,54898.0,60446.0,69999.0,48033.0,96554.0,65256.89037222694,2014,0.23655703573832595,0.27394295643462063,0.1879784286407539
074,465356.0,375790.0,7263.0,43659.0,19703.0,164349.0,103544.77632355536,2014,0.01560740594297699,0.09381849594718882,0.04233962815564858
075,198947.0,46568.0,44889.0,98167.0,45241.0,61220.0,48184.846994446256,2014,0.2256329575213499,0.4934329243466853,0.22740227296717216
076,499017.0,271905.0,39666.0,91446.0,36966.0,178176.0,86573.61514457615,2014,0.07948827394657898,0.18325227397062624,0.0740776366336217
077,601606.0,451284.0,42083.0,63594.0,44975.0,223041.0,87378.84265673127,2014,0.06995109756219187,0.10570705744291115,0.0747582304697759
078,361284.0,282118.0,10124.0,46694.0,18798.0,132160.0,91488.18822211117,2014,0.028022276104117536,0.12924458320877757,0.052031089115488094
079,258773.0,201088.0,8063.0,22139.0,11542.0,93787.0,117978.3221687698,2014,0.031158583005182146,0.08555374787941555,0.04460279859181599
080,1162557.0,859545.0,146852.0,78441.0,88252.0,432201.0,75682.2436551512,2014,0.1263181074132279,0.06747282068750178,0.07591197678909507
081,158234.0,53162.0,45443.0,51572.0,36585.0,55904.0,47245.71163065255,2014,0.2871885941074611,0.32592236813832676,0.2312082106247709
082,251698.0,178256.0,23668.0,32153.0,28508.0,95929.0,60796.552106245246,2014,0.09403332565217046,0.12774436030480973,0.11326271960841962
083,243850.0,140344.0,38426.0,53853.0,34363.0,80987.0,57166.369614876465,2014,0.15758047980315767,0.22084478162805002,0.14091859749846217
084,57544.0,21375.0,14978.0,12175.0,16421.0,23847.0,37662.60821067639,2014,0.26028777978590295,0.21157722786041985,0.28536424301404145
085,313880.0,213729.0,17118.0,25710.0,13967.0,112441.0,108823.21079830998,2014,0.05453676564292086,0.08191028418503887,0.04449789728558685
086,269492.0,133066.0,70406.0,48548.0,35250.0,93966.0,65736.93016623033,2014,0.26125450848262655,0.18014634942781232,0.13080165644991318
087,457047.0,391466.0,12297.0,39866.0,55392.0,175018.0,62396.06503902456,2014,0.02690532921121898,0.08722516502679155,0.12119541316319765
088,909924.0,514872.0,72880.0,130762.0,57519.0,321574.0,88572.85225728404,2014,0.08009460130736193,0.14370650735665835,0.06321297163279571
089,112485.0,37957.0,14899.0,40882.0,21229.0,34482.0,61285.50092802042,2014,0.13245321598435347,0.36344401475752325,0.18872738587367205
100,1530547.0,709892.0,202526.0,400703.0,270583.0,702176.0,78067.0322639908,2014,0.1323226271391862,0.26180378648940544,0.17678842923477686
101,63700.0,46442.0,2338.0,7004.0,4817.0,32579.0,102524.70950612357,2014,0.0367032967032967,0.10995290423861852,0.07562009419152277
102,14720.0,9794.0,144.0,1672.0,625.0,6854.0,181316.95710533994,2014,0.009782608695652175,0.11358695652173913,0.042459239130434784
103,471522.0,298156.0,45139.0,83366.0,57405.0,165079.0,73947.28061110135,2014,0.09573042191032444,0.17680193076887188,0.1217440543601359
104,1414485.0,148505.0,419004.0,771309.0,422479.0,483803.0,36663.443077037555,2014,0.29622371393121877,0.5452931632360895,0.29868043846346903
105,653161.0,425866.0,71373.0,110442.0,45704.0,227952.0,104828.90791482417,2014,0.1092732113521781,0.1690884789508253,0.06997355935213523
106,82536.0,37542.0,11974.0,25122.0,7619.0,30442.0,90765.2290913869,2014,0.14507608801008046,0.3043762721721431,0.09231123388581952
107,230028.0,106658.0,30830.0,73187.0,32572.0,85145.0,67531.79775676786,2014,0.13402716191072392,0.31816561462082876,0.14160015302484916
108,87536.0,43849.0,15489.0,22141.0,8335.0,30988.0,85553.71508325804,2014,0.17694434289892158,0.25293593492962896,0.09521796746481448
109,544746.0,364118.0,54131.0,89776.0,71806.0,171488.0,82553.03718031754,2014,0.09936924731893396,0.16480341296677717,0.13181556174804404
110,251730.0,141601.0,27776.0,32159.0,14048.0,82889.0,100659.00941017506,2014,0.11034044412664362,0.1277519564612879,0.05580582369999603
111,204942.0,98263.0,11806.0,56856.0,34042.0,88198.0,56552.702453570375,2014,0.057606542338808055,0.2774248323916035,0.16610553229694255
112,2570801.0,917093.0,812960.0,506015.0,595531.0,925371.0,49788.07524765743,2014,0.3162282883817145,0.19683164896855104,0.23165192482809832
113,1168339.0,358311.0,45948.0,377881.0,181486.0,408548.0,56824.03129375251,2014,0.039327626656304376,0.32343437991884205,0.15533676441512267
114,776172.0,96105.0,303556.0,174523.0,104942.0,234786.0,62689.77618341809,2014,0.3910937266482171,0.22485093510201348,0.1352045680596569
115,722003.0,405346.0,113523.0,145435.0,57776.0,235511.0,94746.40872400865,2014,0.15723341869770624,0.20143268102764117,0.0800218281641489
116,117470.0,42103.0,42228.0,26797.0,22872.0,39747.0,50270.02973809344,2014,0.35947901591895803,0.22811781731505917,0.194705031071763
117,1576333.0,1137577.0,94802.0,250360.0,89118.0,512518.0,97115.61595300067,2014,0.06014084587457092,0.15882430933057926,0.05653500878304267
118,73250.0,53489.0,858.0,6691.0,3328.0,24225.0,107542.43124871001,2014,0.011713310580204778,0.09134470989761093,0.04543344709897611
119,249471.0,186693.0,16370.0,36344.0,21353.0,92207.0,76582.8007137511,2014,0.06561884948551135,0.14568426791089947,0.08559311503140646
120,331357.0,296795.0,7103.0,14349.0,29564.0,131105.0,66490.25719888297,2014,0.021436094604912526,0.04330374792142613,0.08922099125716372
121,282558.0,244211.0,11390.0,11490.0,33512.0,113329.0,61576.557430137036,2014,0.040310307972168544,0.04066421761195931,0.11860219848668238
122,151804.0,95075.0,31504.0,11040.0,27122.0,61580.0,53014.93566092887,2014,0.20753076335274434,0.07272535638059603,0.1786645938183447
123,162799.0,124180.0,14990.0,9811.0,19361.0,61213.0,60173.194207112865,2014,0.09207673265806302,0.06026449793917653,0.11892579192746884
124,153028.0,127080.0,7166.0,11548.0,18606.0,62195.0,53903.88856017365,2014,0.04682803147136472,0.07546331390333795,0.12158559217920903
125,449204.0,331460.0,32601.0,62189.0,43065.0,159785.0,72222.6553207207,2014,0.07257504385535303,0.1384426674740207,0.09586958263951345
126,86679.0,52404.0,16178.0,11811.0,11553.0,30798.0,58645.31684743781,2014,0.18664267008156532,0.13626137818848857,0.13328487869034022
127,98125.0,73919.0,7230.0,12748.0,16101.0,37148.0,48133.613276935095,2014,0.07368152866242038,0.12991592356687898,0.16408662420382167
128,224662.0,210070.0,4159.0,5259.0,23471.0,91014.0,58568.22650695093,2014,0.018512253963732184,0.02340849809936705,0.10447249646135083
129,164259.0,147418.0,7215.0,4823.0,22526.0,63128.0,49732.351634421895,2014,0.04392453381549869,0.029362165847837865,0.1371370822907725
130,387689.0,356888.0,8736.0,9056.0,39582.0,152804.0,59571.81891444246,2014,0.022533525583650814,0.02335892945118381,0.10209729963965962
131,180301.0,168182.0,2751.0,4052.0,22119.0,68677.0,59290.693140268326,2014,0.015257818869557018,0.022473530374207577,0.12267818814094208
132,229344.0,150338.0,44270.0,14458.0,52540.0,89586.0,42151.8738530574,2014,0.19302881261336682,0.06304067252685921,0.2290881819450258
133,142755.0,135322.0,1605.0,2412.0,19644.0,56020.0,49550.65540878258,2014,0.011243038772722497,0.016896080697698854,0.137606388567826
134,185514.0,169783.0,4522.0,5754.0,21977.0,71911.0,53165.232078017834,2014,0.02437551882876764,0.03101652705456192,0.11846545274211111
135,70879.0,46963.0,8962.0,6633.0,18732.0,27443.0,34378.4334074263,2014,0.12644083579057266,0.0935820200623598,0.26428138094499076
136,238324.0,207158.0,8138.0,10227.0,38295.0,89303.0,47144.29069819618,2014,0.034146791762474614,0.042912169987076414,0.16068461422265487
137,137347.0,125791.0,2856.0,3697.0,18073.0,55388.0,49708.36143207915,2014,0.0207940471943326,0.026917224256809397,0.13158641979802982
138,139254.0,128701.0,2042.0,3314.0,18253.0,54788.0,49394.253196977734,2014,0.014663851666738477,0.02379823918882043,0.13107702471742283
139,81082.0,63852.0,6289.0,4269.0,18723.0,30923.0,40196.868156388446,2014,0.07756345428085148,0.05265040329542932,0.23091438297032635
140,446202.0,404888.0,10917.0,15242.0,39015.0,174983.0,61707.92408976872,2014,0.02446649723667756,0.034159416587106285,0.08743797652184436
141,199677.0,186354.0,2957.0,4404.0,17598.0,81805.0,58019.742118452414,2014,0.014808916399985977,0.02205561982601902,0.08813233371895611
142,563574.0,376955.0,113148.0,36561.0,108829.0,240083.0,45382.76261662779,2014,0.20076866569430102,0.0648734682579395,0.1931050758196794
143,64917.0,48476.0,11938.0,1460.0,14161.0,27501.0,37333.897276462674,2014,0.1838963599673429,0.022490256789438823,0.21814008657208436
144,306848.0,277051.0,9059.0,10357.0,32805.0,118874.0,58759.212174234905,2014,0.029522760454687665,0.033752867869433725,0.10690960996975701
145,322855.0,292379.0,7981.0,9951.0,29229.0,125582.0,65868.67128534683,2014,0.02472007557572285,0.030821885985968932,0.09053290176704713
146,476824.0,295050.0,101622.0,49954.0,92020.0,194356.0,46024.56037282361,2014,0.21312266161099275,0.1047640219452041,0.1929852524201802
147,177574.0,162719.0,3242.0,5509.0,31932.0,71667.0,42632.568073348404,2014,0.018257177289468053,0.031023685899962832,0.1798236228276662
148,286313.0,253107.0,7082.0,7715.0,43688.0,112658.0,50535.26796573305,2014,0.024735167456594705,0.02694603458452812,0.15258825131936027
149,48649.0,40092.0,4081.0,1708.0,9948.0,19243.0,40670.909525541756,2014,0.0838866163744373,0.03510863532652264,0.20448518982918457
150,447999.0,405874.0,21548.0,5621.0,48900.0,186008.0,55903.92105376344,2014,0.04809832164803939,0.012546903006479926,0.10915202935720839
151,368544.0,306345.0,40029.0,5707.0,43773.0,158399.0,54875.89759405047,2014,0.10861389684813753,0.015485260918642007,0.11877279239385256
152,687848.0,518956.0,111789.0,13691.0,97512.0,298624.0,52135.86178940741,2014,0.1625199171910073,0.019904106721252368,0.14176387806608437
153,184240.0,171212.0,6364.0,2414.0,17716.0,72634.0,58706.305578133826,2014,0.03454190186712983,0.013102475032566218,0.09615718627876682
154,143311.0,132427.0,5694.0,1440.0,26743.0,56890.0,38338.05856657214,2014,0.03973177215984816,0.010048077258549589,0.18660814592041086
155,88706.0,84519.0,2023.0,1204.0,11335.0,34491.0,44359.54101069844,2014,0.022805672671521657,0.013572926295853719,0.12778166076702815
156,310627.0,297213.0,4328.0,2851.0,28759.0,129076.0,54479.23546261149,2014,0.013933109485009351,0.009178210522588184,0.09258370972259333
157,110978.0,104972.0,2385.0,1261.0,17606.0,43832.0,44223.27643111476,2014,0.0214907459136045,0.01136261240966678,0.15864405557858313
158,88395.0,85859.0,385.0,1103.0,11179.0,37157.0,44027.09247248163,2014,0.004355449968889643,0.012478081339442277,0.12646642909666836
159,143300.0,134068.0,4169.0,1996.0,19531.0,59789.0,43802.17464751041,2014,0.02909281228192603,0.013928820655966503,0.13629448709002093
160,195139.0,186508.0,2240.0,2262.0,17093.0,78001.0,61660.51849335265,2014,0.011478997022635147,0.0115917371719646,0.08759397147674222
161,220948.0,203211.0,10262.0,2467.0,29550.0,88790.0,44263.41039186312,2014,0.04644531745025979,0.01116552310950993,0.13374187591650524
162,88080.0,83371.0,2506.0,1000.0,13509.0,34589.0,43942.64962849461,2014,0.028451407811080836,0.011353315168029064,0.15337193460490464
163,147996.0,141891.0,1800.0,1542.0,22060.0,61390.0,43211.02406046883,2014,0.012162490878131841,0.010419200518932943,0.14905808265088247
164,129370.0,123011.0,2097.0,2067.0,15362.0,47835.0,50602.482805477164,2014,0.01620932209940481,0.015977429079384712,0.11874468578495788
165,186923.0,152474.0,17292.0,8479.0,34265.0,75269.0,45369.05574672176,2014,0.0925086800447243,0.04536092401684116,0.1833107750250103
166,207029.0,194411.0,6190.0,2566.0,27107.0,80214.0,44183.75046749944,2014,0.029899192866699835,0.012394398852334697,0.13093334750204078
167,48056.0,45378.0,999.0,880.0,7394.0,19412.0,42818.05996290954,2014,0.020788247045114033,0.018311969369069418,0.15386216081238555
168,198993.0,176464.0,5514.0,5417.0,33921.0,74308.0,48482.149767166426,2014,0.02770951742021076,0.027222063087646298,0.17046328262803215
169,65744.0,63345.0,422.0,770.0,9309.0,25548.0,46034.83576013778,2014,0.0064188366999269894,0.011712095400340716,0.14159467023606717
170,620835.0,555643.0,14001.0,28422.0,58895.0,244499.0,58347.11888232045,2014,0.02255188576674962,0.0457802797844838,0.09486417486127555
171,166916.0,94905.0,43014.0,16745.0,25650.0,68317.0,54506.46050031471,2014,0.2576984830693283,0.1003199213975892,0.1536701095161638
172,206879.0,187885.0,6384.0,8082.0,25273.0,79720.0,52407.635666118316,2014,0.030858617839413377,0.03906631412564832,0.1221631968445323
173,337420.0,311984.0,5121.0,12537.0,28070.0,128713.0,61751.397292845155,2014,0.01517693082804813,0.03715547389010729,0.08319008950269693
174,176502.0,129784.0,18068.0,19690.0,24376.0,67729.0,53292.48265883152,2014,0.10236711198739958,0.11155680955456596,0.13810608378375316
175,329956.0,302585.0,5021.0,13240.0,27691.0,119321.0,60577.85761478351,2014,0.015217180472547855,0.040126562329522726,0.08392331098691946
176,166284.0,110262.0,12407.0,34938.0,24169.0,64262.0,51667.59128256201,2014,0.07461331216473022,0.21011041350941762,0.14534771836135768
177,171657.0,159222.0,6075.0,2554.0,24636.0,66847.0,45721.265142788754,2014,0.035390342368793584,0.014878507721794042,0.14351876125063354
178,238250.0,219227.0,6982.0,7272.0,29852.0,91507.0,46304.004360322164,2014,0.02930535152151102,0.030522560335781743,0.12529695697796434
179,123917.0,114437.0,3516.0,3635.0,15350.0,49638.0,45833.315062972295,2014,0.02837383087066343,0.029334151085000443,0.12387323773170751
180,537310.0,444986.0,18753.0,49059.0,45808.0,205256.0,63907.68691076518,2014,0.03490163964936443,0.0913048333364352,0.08525432245817126
181,168419.0,88748.0,12874.0,58185.0,32758.0,60673.0,47854.656420483574,2014,0.07644030661623688,0.3454776480088351,0.1945029955052577
182,139585.0,115820.0,2504.0,19279.0,21212.0,54738.0,45559.0448134751,2014,0.01793889028190708,0.13811655980227103,0.15196475265966974
183,176607.0,130570.0,16189.0,22045.0,19512.0,61994.0,59737.59087897348,2014,0.09166680822390959,0.1248251768049964,0.11048259695255568
184,199775.0,177960.0,8541.0,9016.0,21890.0,76888.0,52231.861278743105,2014,0.042753097234388686,0.045130772118633464,0.10957326992866975
185,117825.0,97776.0,5105.0,9888.0,20083.0,46699.0,41591.38324161117,2014,0.04332696796095905,0.08392106938255887,0.1704476978569913
186,176657.0,165770.0,3224.0,4738.0,22568.0,71208.0,47838.84164700595,2014,0.018250055191699168,0.026820335452317202,0.12775038634189417
187,134269.0,115072.0,7408.0,7326.0,22413.0,54728.0,46675.42872021634,2014,0.055172824702649156,0.054562110390335816,0.16692609612047457
188,77771.0,74853.0,411.0,1282.0,9560.0,31069.0,49357.65454311371,2014,0.005284746242172532,0.016484293631302157,0.12292499774980391
189,366259.0,330124.0,4695.0,13308.0,18793.0,134990.0,87485.46713938532,2014,0.012818797626815997,0.03633494330514745,0.05131068451560235
190,1123688.0,835742.0,158969.0,45699.0,91070.0,417162.0,75602.76012436415,2014,0.1414707641266971,0.040668762147500016,0.08104562832387638
191,1547119.0,560165.0,646071.0,201575.0,401219.0,580375.0,40044.166473400815,2014,0.4175961900797547,0.13029055942044535,0.259332992484741
193,439597.0,353300.0,29020.0,31671.0,31334.0,158319.0,87853.61091736164,2014,0.06601500920160966,0.07204553261282493,0.07127892137571458
194,520251.0,402458.0,41346.0,26540.0,35042.0,199631.0,79999.11967195047,2014,0.07947317737015402,0.05101383755148957,0.06735594933983789
195,220142.0,202251.0,4261.0,8736.0,15038.0,81471.0,67255.82680782079,2014,0.019355688600993903,0.03968347702846345,0.06831045416140491
196,212613.0,127401.0,12930.0,64362.0,42972.0,79726.0,50798.48513659283,2014,0.060814719701993765,0.30271902470686174,0.20211369953859828
197,324038.0,196748.0,74376.0,26265.0,31007.0,113859.0,71307.50783288671,2014,0.22952863553040076,0.0810553083280356,0.0956893944537369
198,216767.0,130050.0,52416.0,22946.0,28419.0,86739.0,63014.45266834988,2014,0.2418080242841392,0.10585559610088252,0.13110390419205875
199,376255.0,263420.0,66255.0,29387.0,47675.0,138448.0,54866.342337917486,2014,0.17609068318028998,0.07810394546251877,0.12670927961090217
200,632778.0,223500.0,308581.0,62564.0,109302.0,267118.0,75857.6345922027,2014,0.48766075938164727,0.0988719582539216,0.17273356532622816
201,889908.0,517159.0,73490.0,138065.0,47667.0,293807.0,115314.90734330594,2014,0.08258157022973162,0.15514525096976317,0.05356396391537103
202,0.0,0.0,0.0,0.0,0.0,0.0,,2014,,,
203,958.0,684.0,185.0,73.0,76.0,297.0,20924.0,2014,0.1931106471816284,0.07620041753653445,0.07933194154488518
204,0.0,0.0,0.0,0.0,0.0,0.0,,2014,,,
205,0.0,0.0,0.0,0.0,0.0,0.0,,2014,,,
206,346454.0,206385.0,103327.0,14952.0,22799.0,119736.0,93467.60226114278,2014,0.2982416136052694,0.04315724454040075,0.06580671604311106
207,986006.0,205970.0,565346.0,144581.0,88971.0,339778.0,78522.02280312439,2014,0.5733697360867986,0.14663298194939992,0.09023373082922416
208,693670.0,372146.0,82161.0,104791.0,38530.0,249946.0,116128.78794619637,2014,0.11844392866925195,0.15106751048769587,0.055545143944526934
209,320486.0,104995.0,92728.0,79017.0,31528.0,115443.0,77471.78353819634,2014,0.28933557160063156,0.24655367161124042,0.09837559206954438
210,742393.0,518161.0,102692.0,40002.0,47165.0,277119.0,91927.07921506645,2014,0.13832565770420788,0.05388251236205083,0.06353104083686134
211,466010.0,322503.0,91163.0,19189.0,27926.0,168890.0,90439.42363899054,2014,0.19562455741293105,0.04117722795648162,0.059925752666251796
212,1203234.0,531704.0,542762.0,55460.0,201874.0,465567.0,52590.04807041736,2014,0.451085989923822,0.046092447520598656,0.1677761765375646
214,94542.0,67445.0,12364.0,10542.0,5466.0,36541.0,90948.4239073917,2014,0.1307778553447145,0.11150599733451799,0.05781557403058958
215,103424.0,93520.0,6115.0,1402.0,15334.0,40087.0,41552.19193254671,2014,0.05912554146039604,0.013555847772277228,0.14826345915841585
216,170172.0,133074.0,24533.0,7833.0,19919.0,65605.0,63035.42739709314,2014,0.14416590273370472,0.04602989916084902,0.1170521589920786
217,479881.0,387427.0,37540.0,26461.0,36204.0,174751.0,80406.50022035887,2014,0.07822772729072416,0.05514075364517453,0.07544370375155507
218,179681.0,121707.0,42501.0,7642.0,27055.0,66067.0,52204.71999152132,2014,0.23653586077548544,0.04253092981450459,0.15057240331476338
219,101803.0,88027.0,6808.0,3852.0,10612.0,36453.0,64368.44405124407,2014,0.0668742571436991,0.037837784741117646,0.10424054300953803
220,496246.0,259229.0,46556.0,81290.0,31419.0,170807.0,110668.82542870023,2014,0.09381637333096891,0.1638098846136795,0.06331335668196822
221,459736.0,228084.0,68619.0,82441.0,25397.0,152181.0,114612.06796512048,2014,0.14925739989907252,0.17932248072807003,0.05524257399899073
222,220689.0,139616.0,18087.0,34046.0,19115.0,96546.0,110433.85119010627,2014,0.08195696205973112,0.15427139549320537,0.08661510088858076
223,333894.0,168410.0,62769.0,62463.0,27145.0,135479.0,94818.73826939969,2014,0.18799079947528258,0.18707434095850778,0.08129825633284815
224,221899.0,150266.0,42340.0,17022.0,19332.0,77811.0,72528.08194214186,2014,0.190807529551733,0.07671057553211146,0.08712071708299722
225,190483.0,130112.0,37057.0,14405.0,15629.0,65383.0,79396.3407448242,2014,0.1945422951129497,0.07562354645821412,0.08204931673692666
226,186888.0,157665.0,9376.0,13463.0,17363.0,70638.0,61641.92798493728,2014,0.050169085227515946,0.07203779803946748,0.09290591156200505
227,80183.0,59874.0,9896.0,6411.0,7580.0,27874.0,64095.91184295678,2014,0.12341768205230536,0.07995460384370752,0.0945337540376389
228,165783.0,140280.0,5017.0,14956.0,27721.0,60575.0,47233.09442839455,2014,0.030262451517948163,0.09021431630504938,0.16721256099841358
229,256196.0,199248.0,29571.0,11971.0,33528.0,99338.0,59766.310112947715,2014,0.11542334774937939,0.04672594419897266,0.1308685537635248
230,225293.0,160065.0,42566.0,7068.0,18853.0,84019.0,67815.80032620212,2014,0.18893618532311257,0.03137247939350091,0.08368213837092142
231,370375.0,292121.0,47575.0,12115.0,24150.0,135838.0,78353.78861261845,2014,0.12845089436382046,0.03271009112386095,0.06520418494768815
232,551171.0,264493.0,208765.0,40574.0,90920.0,219999.0,53077.30830140137,2014,0.3787662993880302,0.0736141778141448,0.16495788058515415
233,258501.0,155955.0,73534.0,13798.0,24599.0,93116.0,67847.31426788462,2014,0.28446311619684256,0.0533769695281643,0.09516017346161136
234,578878.0,356221.0,133075.0,36960.0,54030.0,215216.0,66136.40607806691,2014,0.22988436250816235,0.06384765010934947,0.09333572877186558
235,244745.0,107885.0,101580.0,17351.0,45195.0,86397.0,44756.89653575934,2014,0.4150442297084721,0.07089419599991828,0.18466158654926557
236,383981.0,189466.0,144599.0,24306.0,50075.0,145827.0,56450.532157968,2014,0.37657852862511426,0.06330000703159792,0.1304100984163279
237,96007.0,38175.0,50211.0,3335.0,16886.0,36764.0,46006.85795887281,2014,0.5229931150853584,0.03473705042340663,0.17588300853062797
238,339093.0,181942.0,129609.0,15375.0,43530.0,119530.0,54921.77314748969,2014,0.38222257610743954,0.04534154347037538,0.12837186258637012
239,106274.0,64262.0,37254.0,2495.0,20216.0,38600.0,37658.66829989112,2014,0.3505467000395205,0.02347704988990722,0.19022526676327228
240,358456.0,282431.0,44192.0,13589.0,61738.0,144211.0,47746.49666747581,2014,0.12328430825540652,0.03790981319883054,0.17223313321579217
241,229606.0,194751.0,23613.0,5695.0,33719.0,93972.0,45479.72223345931,2014,0.10284138916230412,0.024803358797243973,0.14685591839934498
242,194606.0,183789.0,5634.0,2260.0,35637.0,78374.0,36819.884413198255,2014,0.02895080316125916,0.011613208225851207,0.18312385024099975
243,151967.0,141749.0,4216.0,4091.0,26444.0,62740.0,37129.980691656434,2014,0.02774286522731909,0.02692031822698349,0.17401146301499668
244,143350.0,128406.0,8352.0,2816.0,18862.0,57057.0,46454.06485737343,2014,0.05826299267527032,0.019644227415416812,0.1315800488315312
245,380434.0,268749.0,90578.0,8423.0,63346.0,151079.0,43740.07846589706,2014,0.23809123264482143,0.022140502689034103,0.16650982824878954
246,70555.0,67096.0,1791.0,460.0,14226.0,28613.0,34724.76440778667,2014,0.02538445184607753,0.006519736375876975,0.20162993409396923
247,60499.0,54741.0,3559.0,517.0,12935.0,24843.0,35852.50656993148,2014,0.05882741863501876,0.008545595794971817,0.21380518686259278
248,37729.0,35095.0,2015.0,197.0,10661.0,15000.0,28923.81264590142,2014,0.05340719340560312,0.005221447692756235,0.2825677860531686
249,53860.0,50720.0,1195.0,672.0,9256.0,22552.0,40005.465856686766,2014,0.022187151875232083,0.01247679168213888,0.17185295209803195
250,67829.0,62470.0,1444.0,509.0,10686.0,27197.0,42391.010425108674,2014,0.021288829261820165,0.007504164885226083,0.15754323372009021
251,74200.0,70499.0,1562.0,533.0,12828.0,30204.0,43177.62730101973,2014,0.021051212938005392,0.007183288409703504,0.17288409703504043
252,58689.0,57005.0,269.0,135.0,11516.0,22504.0,40127.92334696054,2014,0.004583482424304384,0.0023002606962122373,0.1962207568709639
253,117618.0,102308.0,5785.0,1371.0,17331.0,51221.0,49487.53187169325,2014,0.049184648608206226,0.011656379125644035,0.14734989542416976
254,181796.0,156769.0,11073.0,7180.0,24901.0,69376.0,56222.29438134225,2014,0.06090893088956853,0.03949481836784088,0.1369722106096944
255,142115.0,137767.0,1168.0,1062.0,22694.0,55342.0,45275.51821401467,2014,0.008218696126376527,0.007472821306688245,0.15968757696231925
256,50180.0,47754.0,1170.0,320.0,10958.0,20523.0,36912.20133508746,2014,0.023316062176165803,0.006377042646472699,0.21837385412514945
257,75891.0,67480.0,4246.0,972.0,18972.0,32026.0,35349.60585149566,2014,0.05594866321434689,0.012807842827212713,0.24999011740522592
258,90366.0,79401.0,7242.0,1156.0,15853.0,35712.0,40519.457780272205,2014,0.08014076090565035,0.012792421928601465,0.17543102494300955
259,45233.0,42585.0,1341.0,565.0,8407.0,18697.0,35738.6450506458,2014,0.029646497026507197,0.01249088055180952,0.18585988106028783
260,131147.0,124381.0,3185.0,1247.0,19884.0,55701.0,41142.620150446135,2014,0.024285725178616362,0.009508414222208666,0.15161612541651734
261,132048.0,127085.0,1056.0,1051.0,22294.0,54431.0,41711.90379737529,2014,0.007997091966557615,0.007959226947776565,0.1688325457409427
262,84269.0,81539.0,750.0,623.0,14952.0,32607.0,37474.85261733407,2014,0.008900070013884109,0.007392991491533067,0.1774317957967936
263,89495.0,84096.0,2053.0,1309.0,15132.0,35016.0,42432.82193112916,2014,0.022939829040728534,0.014626515447790379,0.16908207162411307
264,59099.0,57040.0,625.0,472.0,11619.0,22623.0,38388.77841135128,2014,0.010575475050339261,0.00798659875801621,0.196602311375827
265,180550.0,164170.0,6568.0,2953.0,33536.0,68253.0,45506.56421830119,2014,0.036377734699529214,0.01635558017169759,0.18574356134034894
266,32633.0,31736.0,94.0,80.0,5910.0,13015.0,39174.876269621425,2014,0.0028805197193025466,0.002451506144087274,0.18110501639444734
267,55314.0,52818.0,1127.0,475.0,10250.0,22557.0,31822.441826411075,2014,0.02037458871171855,0.008587337744513143,0.18530570922370468
268,33093.0,31209.0,873.0,662.0,5565.0,12878.0,37198.833825128124,2014,0.026380201251019853,0.020004230501918834,0.16816245127368326
270,289433.0,245330.0,18943.0,18853.0,44804.0,114660.0,47891.18256584685,2014,0.06544865305614771,0.06513770026223685,0.15479921087090967
271,257952.0,130013.0,80862.0,37530.0,56902.0,102155.0,41910.45308599677,2014,0.3134769259397097,0.1454921845924823,0.22059142786254807
272,583275.0,400845.0,99900.0,55209.0,101206.0,227760.0,44445.49630751668,2014,0.17127427028417128,0.09465346534653465,0.17351335133513351
273,387945.0,278343.0,60492.0,36062.0,64861.0,148125.0,48535.1965992045,2014,0.15592931987781772,0.09295647578909381,0.16719122556032429
274,311347.0,153199.0,113538.0,23448.0,57345.0,126907.0,44559.20535510255,2014,0.3646670756422898,0.07531146919674832,0.18418356367654096
275,1103955.0,711095.0,214825.0,100529.0,146743.0,400407.0,62031.373981973346,2014,0.19459579421262643,0.09106258860189048,0.132924802188495
276,510268.0,292968.0,130501.0,54213.0,72027.0,197859.0,61391.80515417545,2014,0.2557499196500662,0.10624416973041617,0.1411552360720249
277,269181.0,109576.0,102062.0,37847.0,48544.0,108217.0,51896.53364998106,2014,0.37915751854699997,0.14060056244682945,0.18033962278169707
278,551612.0,278946.0,223071.0,31288.0,124346.0,215200.0,39068.30760223048,2014,0.40439838147103396,0.056721028549052595,0.2254229422130048
279,198437.0,127101.0,57549.0,8011.0,33445.0,76139.0,46716.31345107625,2014,0.29001143939890245,0.04037049542172075,0.16854215695661595
280,683203.0,520180.0,89166.0,48902.0,101343.0,254670.0,52245.51398672792,2014,0.13051172199185307,0.07157755454820895,0.1483351214792675
281,596861.0,446343.0,85889.0,43211.0,80337.0,217679.0,54313.03577418065,2014,0.14390117632078492,0.07239709077993034,0.1345991780330764
282,834525.0,375226.0,280716.0,110453.0,138818.0,320588.0,57386.35745879447,2014,0.33637817920373864,0.13235433330337618,0.16634372846829035
283,845162.0,399059.0,250984.0,87889.0,183325.0,311369.0,40700.498376524316,2014,0.29696555216633025,0.10399071420627051,0.2169110774029121
284,487458.0,358272.0,82581.0,29650.0,91011.0,197976.0,46394.852103285244,2014,0.16941151853082728,0.06082575319309561,0.1867053161503145
285,502389.0,333392.0,102542.0,43644.0,81374.0,186952.0,44923.461728144124,2014,0.20410876830503852,0.08687292118258959,0.1619740878084512
286,633960.0,526424.0,42920.0,41531.0,123263.0,244621.0,39145.97729874718,2014,0.06770143226702,0.06551044229919868,0.19443340273834311
287,542570.0,475249.0,13289.0,31288.0,90109.0,223031.0,42985.830458159384,2014,0.02449269218718322,0.05766629190703504,0.16607810973699247
288,123017.0,97795.0,12233.0,7997.0,21671.0,53369.0,43891.438812793946,2014,0.09944154060007966,0.06500727541721876,0.17616264418738872
289,37724.0,35088.0,528.0,1023.0,7673.0,14830.0,35095.31719487525,2014,0.013996394867988548,0.027118015056727812,0.2033983670872654
290,429316.0,278574.0,121543.0,16110.0,68027.0,158972.0,51673.1984333218,2014,0.28310847953488805,0.037524806902142015,0.15845437859292455
291,369109.0,184698.0,156265.0,19019.0,75263.0,141367.0,39738.820976606985,2014,0.4233573280521472,0.051526784770894236,0.20390453768399036
292,339241.0,149234.0,154959.0,17031.0,58588.0,126710.0,47332.9958330045,2014,0.4567814621463797,0.05020324783855725,0.1727031815140269
293,396795.0,276303.0,87184.0,19445.0,74515.0,150242.0,41566.61268979106,2014,0.21972051059111128,0.04900515379478068,0.1877921848813619
294,764023.0,479748.0,213749.0,39630.0,122365.0,289693.0,52292.28098711395,2014,0.27976775568274775,0.051870166212273715,0.16015879103116007
295,648158.0,406312.0,197149.0,25591.0,140402.0,252799.0,39846.71998306955,2014,0.30416811950172645,0.03948265700647065,0.21661693599400147
296,976184.0,721645.0,162266.0,60473.0,165882.0,372938.0,46143.427521346435,2014,0.1662248100767888,0.061948362194012604,0.16992902977307556
297,362159.0,254400.0,77397.0,16515.0,61411.0,135356.0,50138.34068004492,2014,0.213710000303734,0.04560151756548919,0.16956916713377274
298,225085.0,138905.0,70443.0,10412.0,42793.0,85589.0,45374.187944712525,2014,0.31296176999800074,0.046258080280782814,0.1901192882688762
299,217203.0,132000.0,55036.0,24233.0,30895.0,82049.0,54509.59140269839,2014,0.2533850821581654,0.1115684405832332,0.1422402084685755
300,2266594.0,1046667.0,703350.0,281401.0,311408.0,781008.0,65163.494425153134,2014,0.31031141880725,0.12415148015039305,0.13739028692390431
301,1204985.0,822774.0,234843.0,104067.0,176964.0,423060.0,56593.52509720958,2014,0.19489288248401432,0.0863637306688465,0.14685991941808405
302,1018120.0,472163.0,418285.0,76645.0,172761.0,350898.0,53125.0830696879,2014,0.4108405688916827,0.07528090991238753,0.16968628452441756
303,934362.0,354008.0,415146.0,99994.0,191358.0,377729.0,55787.8227485843,2014,0.4443095930699236,0.10701847891930537,0.20480070893294033
304,226208.0,132790.0,73270.0,14859.0,61946.0,80155.0,33777.73409020024,2014,0.32390543216862355,0.06568733201301458,0.27384531051068045
305,637405.0,489218.0,38753.0,86552.0,107355.0,224461.0,49437.83183715657,2014,0.06079807971383971,0.13578807822342154,0.1684250986421506
306,389411.0,265630.0,80764.0,27002.0,85545.0,138844.0,43640.00084267235,2014,0.20740040728176656,0.06934061955106559,0.21967792383882326
307,367674.0,293344.0,14366.0,51462.0,65540.0,131401.0,41668.83253552104,2014,0.03907265675571294,0.13996638326343447,0.17825573741956188
308,195999.0,111521.0,66274.0,10066.0,34597.0,66812.0,53809.462895886965,2014,0.3381343782366237,0.0513574048847188,0.17651620671534038
309,202343.0,93846.0,90049.0,7661.0,44529.0,73877.0,41892.462566157265,2014,0.44503145648725184,0.037861453077200596,0.22006691607814455
310,544112.0,312351.0,193582.0,22794.0,111843.0,193942.0,42257.68392339662,2014,0.35577601670244363,0.04189211044784897,0.20555143058782016
312,166846.0,72652.0,83616.0,5034.0,41842.0,60987.0,39745.9654001935,2014,0.5011567553312636,0.030171535427879603,0.25078215839756424
313,212345.0,135541.0,53139.0,13679.0,29488.0,73868.0,56141.7583933503,2014,0.2502484164920295,0.06441875250182486,0.13886835103251782
314,244542.0,117383.0,101771.0,14152.0,47737.0,92571.0,47043.67881950071,2014,0.4161698194993089,0.057871449485160015,0.19520982080787758
315,337149.0,232128.0,72936.0,22828.0,67266.0,122314.0,42429.256610036464,2014,0.21633165158431436,0.06770893581176275,0.19951416139451697
316,194177.0,116571.0,59332.0,12175.0,49714.0,70428.0,35889.37105980576,2014,0.305556270825072,0.0627005258089269,0.2560241429211493
317,370359.0,186508.0,153381.0,22173.0,98573.0,135058.0,35995.917398451034,2014,0.41414141414141414,0.05986893797639588,0.2661552709668187
318,88452.0,54823.0,27146.0,3709.0,13727.0,31996.0,52733.56616452056,2014,0.3069009180120291,0.041932347487903046,0.15519151630262742
319,198192.0,84862.0,86754.0,15078.0,37715.0,71205.0,40775.60199424198,2014,0.4377270525550981,0.07607774279486558,0.19029526923387421
320,614625.0,482391.0,66349.0,39713.0,83013.0,219944.0,55132.43103244462,2014,0.10795037624567826,0.06461338214358349,0.13506284319707137
321,571819.0,455551.0,58224.0,36291.0,97906.0,238647.0,43257.49590309939,2014,0.10182242982482219,0.0634658869327532,0.17121851494966064
322,923396.0,526018.0,257126.0,74093.0,152229.0,348532.0,50834.28619466792,2014,0.2784569133936036,0.08023968048377944,0.16485776416618655
323,432169.0,251635.0,136391.0,25868.0,90729.0,163885.0,48015.83737376819,2014,0.3155964449092832,0.05985621365715727,0.20993870453456864
324,345862.0,268223.0,43218.0,17306.0,56538.0,126921.0,43713.139833079826,2014,0.12495735293267257,0.050037298113120264,0.16346982322429177
325,660209.0,483188.0,91306.0,38184.0,93566.0,247975.0,52379.625004538575,2014,0.13829862967636006,0.05783623064817353,0.14172178810043487
326,361734.0,248167.0,61512.0,28387.0,82228.0,137267.0,42965.802811253765,2014,0.17004760404053806,0.07847479086842818,0.22731620472501893
327,956617.0,638617.0,102194.0,167563.0,139216.0,346662.0,51842.15887521563,2014,0.1068285426665008,0.17516205545165933,0.14552950658413974
328,916499.0,365546.0,196347.0,280939.0,168603.0,323184.0,47336.783038659334,2014,0.21423591296880848,0.30653497712490685,0.1839641941780624
329,624704.0,478285.0,57961.0,60758.0,86505.0,252186.0,50194.85790250054,2014,0.09278154133797767,0.09725886179694704,0.13847358108800328
330,1682185.0,482107.0,358452.0,769345.0,300459.0,556431.0,49411.32796878678,2014,0.21308714558743538,0.4573486269346118,0.1786123404976266
331,1958651.0,346595.0,333643.0,1224545.0,364228.0,649779.0,48801.03605379675,2014,0.1703432617653681,0.6251981593453861,0.18595860109840906
333,794522.0,338829.0,226747.0,190006.0,123034.0,298479.0,55677.22903118812,2014,0.2853879439461714,0.2391450457004337,0.15485285492409273
334,1469825.0,861193.0,250758.0,294270.0,214489.0,574443.0,54710.87586061628,2014,0.1706039834674196,0.20020750769649448,0.14592825676526117
335,737197.0,477405.0,72552.0,146316.0,97952.0,266063.0,56264.8849858868,2014,0.09841602719490176,0.1984761196803568,0.13287086084181027
336,745881.0,340424.0,143164.0,212226.0,145764.0,287615.0,49351.012509778695,2014,0.19193946487442368,0.2845306422874426,0.1954252756136703
337,735714.0,538932.0,88430.0,65559.0,113108.0,321587.0,45202.10346189367,2014,0.12019616318297599,0.08910935499392426,0.1537390888307141
338,718964.0,466085.0,95268.0,132711.0,132074.0,259466.0,42962.69091455683,2014,0.13250732999148776,0.18458643270038555,0.1837004356268186
339,760977.0,547648.0,61858.0,128436.0,116644.0,293356.0,47528.0855477339,2014,0.08128760790404967,0.16877776857907664,0.1532818994529401
341,387529.0,253887.0,23362.0,101457.0,57044.0,147588.0,58983.44265249976,2014,0.060284520642326124,0.2618049229864088,0.1471993063744907
342,775821.0,605003.0,50821.0,95234.0,106799.0,325807.0,51335.649781101674,2014,0.0655060896779025,0.12275254214567535,0.13765933121170992
344,433094.0,334440.0,41275.0,42329.0,74918.0,176979.0,39270.31434237961,2014,0.09530263637916941,0.09773628819609599,0.17298323227751944
346,659521.0,548121.0,22872.0,64555.0,89349.0,269221.0,45909.78584508638,2014,0.03467971452008352,0.097881644405561,0.1354755951667953
347,644342.0,325552.0,76089.0,205474.0,95204.0,214813.0,50581.36791534963,2014,0.11808790983670163,0.3188896579766646,0.14775383259200858
349,449593.0,294643.0,63557.0,75527.0,77655.0,170576.0,45706.55219960604,2014,0.14136563514111652,0.16798971514236208,0.1727228849203613
350,443382.0,323683.0,91367.0,19631.0,73204.0,166067.0,46511.58151011382,2014,0.20606835640598853,0.04427559079980694,0.1651036803478716
351,329537.0,265846.0,44278.0,12440.0,46745.0,121202.0,53512.86584963275,2014,0.13436427472484122,0.037749933998306714,0.14185053575167583
352,495909.0,239636.0,217016.0,21258.0,91818.0,200127.0,52730.05504004957,2014,0.4376125458501459,0.04286673563093229,0.185150904702274
354,227370.0,134847.0,80300.0,6653.0,44754.0,79476.0,44892.75067334558,2014,0.35316884373488144,0.029260676430487752,0.19683335532392135
355,154900.0,140419.0,8118.0,3198.0,33156.0,62269.0,35083.059786362544,2014,0.05240800516462234,0.02064557779212395,0.21404777275661718
356,381928.0,301418.0,45657.0,22074.0,63881.0,150322.0,44223.595753317095,2014,0.1195434741626694,0.05779623384512264,0.16725927399928783
357,227454.0,179882.0,26888.0,7368.0,25327.0,85488.0,64829.61503368894,2014,0.11821291338028789,0.03239336305362842,0.11134998725016927
358,194033.0,113173.0,58945.0,11046.0,32424.0,79738.0,52523.71456520104,2014,0.3037885308169229,0.05692846062267758,0.16710559543995093
359,287811.0,233091.0,20696.0,26149.0,58217.0,107474.0,38390.02935593725,2014,0.07190830093359879,0.09085476232666577,0.20227510414820837
360,289906.0,177172.0,97341.0,7314.0,49764.0,107450.0,44586.14846905538,2014,0.3357674556580409,0.025228867288017494,0.17165564010403372
361,212700.0,75113.0,121906.0,7578.0,47098.0,82722.0,45857.16328775735,2014,0.5731358721203573,0.035627644569816645,0.22142924306535025
362,183697.0,140158.0,33295.0,5631.0,37480.0,71288.0,39356.41263627562,2014,0.181249557695553,0.0306537395820291,0.20403163905779625
363,240070.0,169270.0,51558.0,10600.0,43818.0,92565.0,43415.995700318694,2014,0.21476236097804807,0.044153788478360476,0.18252176448535845
364,105821.0,72939.0,28951.0,1547.0,26455.0,41424.0,32476.90715269888,2014,0.2735846382098071,0.014619026469226335,0.24999763751996296
365,367134.0,287141.0,50928.0,12394.0,56814.0,135923.0,47998.89514686066,2014,0.13871774338524898,0.033758791068111374,0.1547500367713151
366,286939.0,141900.0,128251.0,7617.0,60561.0,108779.0,44494.030536246275,2014,0.4469625948372302,0.026545711806342114,0.2110587964689359
367,113392.0,40580.0,70851.0,840.0,35902.0,42688.0,29086.189603449893,2014,0.6248324396782842,0.007407930012699309,0.3166184563284888
368,256374.0,161716.0,76307.0,8412.0,57346.0,99428.0,40503.264406779665,2014,0.29763938620921,0.03281143953755061,0.22368102849742955
369,19291.0,8574.0,10509.0,88.0,4946.0,7725.0,32241.53218047068,2014,0.5447618060235343,0.004561712715774195,0.25638898968430873
370,936983.0,722572.0,112370.0,61417.0,115093.0,346408.0,57462.25876711854,2014,0.11992746933508933,0.06554761399086216,0.12283360530553916
371,630129.0,507101.0,60828.0,37970.0,89949.0,232345.0,52724.90125890379,2014,0.09653261475031304,0.06025750282878585,0.14274696133648823
372,438840.0,253952.0,120039.0,39603.0,87107.0,176305.0,50734.38882144721,2014,0.2735370522286027,0.09024473612250479,0.19849375626652083
373,574314.0,515924.0,18935.0,18801.0,94997.0,221056.0,46175.466329730196,2014,0.03296976915067367,0.032736447309311634,0.1654095146557458
374,201928.0,118726.0,62193.0,12281.0,41903.0,82165.0,41209.92768210309,2014,0.3079959193375857,0.060818707658175195,0.207514559645022
376,411880.0,383247.0,9455.0,8953.0,75277.0,172954.0,39605.280573126875,2014,0.022955715256870932,0.021736913664174032,0.1827643973973002
377,341688.0,319679.0,6351.0,8965.0,61928.0,136999.0,40742.73411484755,2014,0.01858713212053101,0.02623738615344993,0.18124136639273256
378,530083.0,483624.0,11860.0,21540.0,97781.0,205943.0,40490.37072393818,2014,0.022373854660496562,0.040635145816787184,0.18446356513979886
379,399446.0,327649.0,39329.0,15369.0,59889.0,165405.0,51004.599087089264,2014,0.09845886552875732,0.03847578896772029,0.14993015326226825
380,423457.0,283763.0,105768.0,15418.0,53791.0,152525.0,59821.72786296088,2014,0.24977270419428654,0.036409836181713846,0.12702824607929494
381,741584.0,227218.0,443497.0,45639.0,181511.0,275672.0,44883.15829681651,2014,0.5980401411033679,0.06154258991564004,0.24476121383417118
382,115190.0,100162.0,10457.0,2570.0,21848.0,46271.0,37882.99308422122,2014,0.09078044969181352,0.022310964493445613,0.18966924212171196
383,288271.0,219622.0,55440.0,7549.0,57610.0,109743.0,39312.52741274036,2014,0.19231903313201815,0.02618716416150081,0.1998466720551148
384,177981.0,153793.0,14182.0,5519.0,32874.0,68368.0,39847.07354317809,2014,0.07968266275613689,0.031008927919272282,0.18470510897230602
385,232781.0,218067.0,3082.0,7004.0,48897.0,93563.0,36231.46341645912,2014,0.013239912192146265,0.030088366318556926,0.21005580352348344
386,412634.0,252181.0,136084.0,14596.0,75780.0,146672.0,46322.22545543798,2014,0.3297934731505402,0.035372751639467424,0.18364943266914505
387,115784.0,32921.0,79916.0,1738.0,39417.0,40512.0,29215.592699755176,2014,0.69021626476888,0.015010709597180958,0.3404356387756512
388,263046.0,201665.0,49148.0,7514.0,50781.0,99019.0,38490.04194144558,2014,0.18684184515255886,0.02856534598511287,0.19304988481102164
389,111395.0,52569.0,53820.0,3484.0,30554.0,39712.0,30568.260608809596,2014,0.48314556308631446,0.03127608959109475,0.27428520131065126
390,284215.0,150028.0,119281.0,8315.0,58996.0,100899.0,47384.71594289113,2014,0.4196858012420175,0.029256020970040285,0.20757525113030628
391,287735.0,153636.0,120980.0,7398.0,59251.0,104789.0,46305.60090674811,2014,0.4204563226580013,0.025711157836203452,0.20592211583575165
392,232932.0,67790.0,156752.0,4688.0,57533.0,84317.0,37721.26998114259,2014,0.6729517627462092,0.02012604536946405,0.24699483110950834
393,209978.0,112492.0,85988.0,3500.0,51236.0,79146.0,35376.94369898668,2014,0.4095095676689939,0.016668412881349473,0.24400651496823478
394,374181.0,258261.0,98252.0,10303.0,82699.0,136200.0,39627.10556534508,2014,0.26257880544442397,0.02753480267571042,0.22101335984456721
395,391473.0,272478.0,80999.0,18883.0,70283.0,146834.0,44975.72857784982,2014,0.20690826698137546,0.04823576594043523,0.1795347316417735
396,130842.0,71343.0,56887.0,1264.0,32382.0,49275.0,34147.178122780315,2014,0.43477629507344734,0.009660506565170205,0.2474893382858715
397,170094.0,93314.0,71131.0,2390.0,44814.0,65220.0,35044.20573935183,2014,0.4181864145707668,0.014051054123014333,0.26346608345973405
398,108040.0,53639.0,47455.0,5264.0,31480.0,40081.0,31538.46558219605,2014,0.4392354683450574,0.048722695298037764,0.2913735653461681
400,252926.0,225529.0,11882.0,9338.0,29172.0,91596.0,61666.89477994082,2014,0.04697816752726094,0.03691988961198137,0.11533808307568222
401,147401.0,124010.0,10786.0,6529.0,22085.0,53182.0,50123.82849405747,2014,0.07317453748617717,0.04429413640341653,0.1498293770055834
402,745994.0,521355.0,152828.0,33807.0,122337.0,303875.0,50445.271884821064,2014,0.20486491848459906,0.04531805885838224,0.16399193559197528
403,332829.0,304690.0,11546.0,9711.0,57914.0,127016.0,46896.97016300496,2014,0.03469048670638676,0.02917714502041589,0.17400526997346985
404,187205.0,172057.0,6553.0,3672.0,40274.0,71662.0,38977.01874642044,2014,0.03500440693357549,0.019614860714190326,0.21513314281135654
405,305292.0,221682.0,43463.0,21000.0,56330.0,124526.0,51950.60294235742,2014,0.142365342033201,0.06878660430014544,0.1845118771536758
406,50609.0,41961.0,5151.0,1415.0,7301.0,21387.0,47143.0,2014,0.10178031575411488,0.027959453852081647,0.1442628781442036
407,106208.0,102395.0,793.0,1188.0,25671.0,40572.0,33348.02580597456,2014,0.007466480867731245,0.011185598071708346,0.2417049563121422
408,35123.0,33652.0,684.0,296.0,10180.0,13659.0,27308.700865356408,2014,0.019474418472226175,0.008427526122483842,0.2898385673205592
409,69579.0,65579.0,2200.0,621.0,22588.0,26427.0,24726.93207704242,2014,0.03161873553802153,0.00892510671323244,0.3246381810603774
410,499772.0,455028.0,16145.0,13287.0,69784.0,187179.0,54578.922332535374,2014,0.032304730957316535,0.026586123272212128,0.13963167204245136
411,137261.0,131387.0,2029.0,1384.0,27506.0,53185.0,39714.60092916526,2014,0.014782057540015008,0.010082980599004816,0.2003919540146145
412,49554.0,47835.0,619.0,417.0,12727.0,18562.0,33083.561469669214,2014,0.01249142349759858,0.00841506235621746,0.25683093191266093
413,34395.0,33411.0,222.0,192.0,11627.0,13366.0,24078.32669263032,2014,0.006454426515481901,0.0055822067160924554,0.33804332025003636
414,24824.0,23796.0,418.0,246.0,6464.0,9050.0,29522.38861878453,2014,0.016838543345149854,0.009909764743796326,0.2603931679020303
415,67487.0,65637.0,572.0,519.0,16021.0,27513.0,33217.28468029388,2014,0.008475706432349935,0.007690369997184643,0.23739386844873828
416,39867.0,38814.0,347.0,294.0,11798.0,15706.0,30607.89828564145,2014,0.008703940602503324,0.007374520279930769,0.295933980485113
417,39521.0,38113.0,387.0,169.0,9889.0,15502.0,34117.392760356175,2014,0.009792262341539942,0.004276207585840439,0.250221401280332
418,30815.0,30217.0,220.0,192.0,7776.0,11557.0,31187.173999653558,2014,0.007139380171994158,0.0062307317864676295,0.252344637351939
420,222998.0,198368.0,13374.0,5592.0,37297.0,89463.0,41207.95877095847,2014,0.05997363205051166,0.02507645808482587,0.16725262109974082
421,220631.0,189804.0,15049.0,8098.0,41721.0,85361.0,42700.160945011135,2014,0.06820890989933419,0.0367038176865445,0.18909854009635998
422,156439.0,122245.0,19530.0,8347.0,30323.0,57555.0,39212.67599687256,2014,0.12484099233567077,0.053356260267580335,0.19383273991779543
423,171319.0,156857.0,6359.0,4093.0,29739.0,65351.0,43527.21773193983,2014,0.037117891185449364,0.023891103730467725,0.17358845195220612
424,135901.0,119653.0,9559.0,2831.0,25372.0,53866.0,41503.31841978242,2014,0.07033796660804556,0.020831340461070928,0.18669472630812134
425,78814.0,74748.0,836.0,1824.0,20063.0,32065.0,33036.89811320755,2014,0.010607252518588068,0.023143096404192147,0.25456137234501486
426,65448.0,61347.0,1578.0,1763.0,18202.0,24858.0,26928.73428179913,2014,0.02411074440777411,0.026937415963818604,0.2781139225033614
427,181821.0,164546.0,7996.0,4027.0,34594.0,69829.0,39858.712440390096,2014,0.04397731835156555,0.022148156703571096,0.19026405090721094
430,809740.0,690849.0,45351.0,20193.0,70586.0,303060.0,71994.23251707281,2014,0.056006866401560995,0.02493763430236866,0.08717119075258725
431,416983.0,368417.0,25106.0,9403.0,48972.0,153313.0,56816.35772713041,2014,0.06020868956288386,0.02255007997927973,0.11744363679094831
432,773719.0,464957.0,209690.0,43211.0,174381.0,313300.0,45478.05005745292,2014,0.27101570466797376,0.05584844110070969,0.22538027371694375
433,182158.0,169487.0,4720.0,3456.0,28720.0,69855.0,46405.39109584138,2014,0.02591157127329022,0.018972540322137924,0.15766532351035914
434,165498.0,146552.0,4159.0,10876.0,24421.0,64841.0,48156.39893247767,2014,0.025130213053934185,0.0657168062453927,0.14756069559752988
435,295044.0,263626.0,6861.0,15808.0,31109.0,115249.0,58697.21623614956,2014,0.02325415870175296,0.05357844931603422,0.1054385108661759
436,341361.0,223156.0,76630.0,25248.0,82876.0,141427.0,37841.0675330736,2014,0.2244837576641737,0.0739627549720091,0.24278110270358946
437,193660.0,181404.0,5113.0,1598.0,35977.0,75447.0,40195.26123494816,2014,0.026401941547041206,0.008251574925126511,0.1857740369720128
438,64607.0,62125.0,788.0,495.0,10202.0,24567.0,43854.05381202426,2014,0.01219682077793428,0.007661708483600848,0.15790858575696132
439,177848.0,164473.0,7479.0,1708.0,29230.0,72653.0,40395.64146368346,2014,0.04205276415815753,0.009603706535918312,0.16435383023705635
440,852268.0,736013.0,44950.0,43552.0,97557.0,335694.0,57714.228029097925,2014,0.05274162587355151,0.05110129677519278,0.11446751491314938
441,1201834.0,711218.0,368523.0,62336.0,225781.0,507905.0,46691.546558903734,2014,0.3066338612487249,0.05186739599645209,0.1878637149556428
442,565379.0,523347.0,15485.0,8982.0,58616.0,217845.0,60726.51751603322,2014,0.027388707398046268,0.01588668839840178,0.10367558752624345
443,270788.0,185239.0,63353.0,5014.0,56584.0,112759.0,42718.26198352238,2014,0.23395793018893007,0.01851633011802591,0.20896051523701198
444,342740.0,309170.0,19644.0,6593.0,52373.0,140196.0,45638.62207398423,2014,0.057314582482348136,0.01923615568652623,0.15280679232070957
445,161019.0,112258.0,33956.0,9464.0,31722.0,67656.0,39677.00090161996,2014,0.2108819456089033,0.05877567243617213,0.1970078065321484
446,451880.0,426373.0,9504.0,6743.0,58213.0,170923.0,48324.805481921016,2014,0.021032132424537487,0.014922103213242454,0.12882402407718863
447,194626.0,160596.0,20007.0,4193.0,33693.0,79326.0,45731.08818042004,2014,0.10279715968061821,0.021543884167582954,0.1731166442304728
448,333387.0,305831.0,9010.0,10729.0,46861.0,132055.0,46687.490404503405,2014,0.027025648870531844,0.032181818727184924,0.14056036978046535
449,92015.0,76070.0,10295.0,1656.0,15329.0,35986.0,41370.098732840546,2014,0.11188393196761398,0.017997065695810464,0.1665924034124871
450,592054.0,507711.0,34004.0,19453.0,63669.0,213340.0,63276.99392916579,2014,0.05743395028156215,0.032856800224303866,0.10753917716965007
451,339362.0,320308.0,4802.0,5386.0,42915.0,126433.0,55516.3030142447,2014,0.014150081623752806,0.01587095785621254,0.1264578827328929
452,795183.0,529014.0,206164.0,22669.0,143801.0,327525.0,51201.32410960995,2014,0.25926610604099937,0.028507903212216558,0.18084013365476878
453,493688.0,449389.0,18522.0,8391.0,66155.0,195080.0,50512.20803772811,2014,0.037517622466010925,0.016996564631913274,0.13400163666121112
454,481727.0,336544.0,107716.0,13542.0,86550.0,199791.0,47595.09859302972,2014,0.2236038254031848,0.028111357677688815,0.17966607642918084
455,100829.0,82975.0,11436.0,2291.0,20906.0,40968.0,42336.23589142746,2014,0.11341975027025955,0.022721637624096243,0.20734114193337233
456,346690.0,325562.0,8878.0,3309.0,71476.0,130758.0,40068.46203673963,2014,0.025607891776515044,0.009544549886065361,0.2061668926129972
457,155552.0,145465.0,2419.0,1882.0,33579.0,58664.0,38901.93754265047,2014,0.015551069738736885,0.01209884797366797,0.2158699341699239
458,368741.0,333434.0,14350.0,11361.0,48310.0,143399.0,49931.965215935954,2014,0.03891620405650579,0.030810243504248238,0.13101336710590902
460,531477.0,459952.0,20829.0,21750.0,45932.0,197910.0,71042.78406449004,2014,0.03919078342054313,0.04092369001857089,0.08642330712335623
461,532354.0,490856.0,12055.0,14234.0,50716.0,196015.0,59355.92844750163,2014,0.022644706342020534,0.02673784737223727,0.09526743482720144
462,927217.0,543314.0,247014.0,88363.0,188115.0,364423.0,45177.40591839703,2014,0.2664036573962729,0.0952991586651237,0.20288131041600835
463,664446.0,493155.0,55497.0,96044.0,86894.0,245677.0,57285.85659626257,2014,0.0835237175030025,0.14454748768146697,0.13077661691093032
464,133770.0,33800.0,84093.0,12945.0,41218.0,51449.0,34411.63713580439,2014,0.628638708230545,0.0967705763624131,0.3081258877177245
465,477561.0,400331.0,16374.0,44987.0,66134.0,172425.0,50100.26273452226,2014,0.03428671939291525,0.09420157843710018,0.1384828325596102
466,146255.0,94291.0,29575.0,15691.0,31166.0,57742.0,41136.040144089224,2014,0.20221530887832895,0.10728522101808485,0.21309356945061708
467,331140.0,309843.0,1475.0,13030.0,39028.0,124225.0,50782.47958945462,2014,0.004454309355559582,0.03934891586640092,0.11785951561273178
468,308633.0,223195.0,41197.0,23009.0,50736.0,120657.0,50615.05810686491,2014,0.13348216166126112,0.07455132795261686,0.1643894204443465
469,309644.0,273809.0,13024.0,13823.0,50628.0,121406.0,42806.708844702895,2014,0.04206120577178954,0.04464158840474868,0.16350389479531333
470,117757.0,113914.0,667.0,1444.0,12794.0,44682.0,53437.717850588604,2014,0.005664206798746571,0.012262540655757196,0.10864746894027531
471,292695.0,263716.0,11661.0,9265.0,38276.0,111301.0,50933.92229860269,2014,0.03984010659560293,0.03165411093459061,0.13077093903209827
472,210150.0,190521.0,3006.0,9186.0,28204.0,80760.0,50348.828219415554,2014,0.01430406852248394,0.04371163454675232,0.13420889840590056
473,322076.0,293189.0,10879.0,6761.0,60772.0,126968.0,39599.381458320204,2014,0.03377774189942746,0.020991939790608427,0.1886883841080987
474,265537.0,240358.0,4770.0,5986.0,49591.0,102931.0,43029.62144086168,2014,0.017963598293269864,0.02254299777432147,0.18675740104015637
475,164730.0,154652.0,2412.0,5528.0,18803.0,62270.0,48236.77823992292,2014,0.01464214168639592,0.03355794330115947,0.11414435743337582
476,127364.0,120695.0,1769.0,1763.0,13050.0,48988.0,57876.89027925206,2014,0.013889325084011181,0.01384221601080368,0.10246223422631198
477,184350.0,156630.0,16535.0,4288.0,28635.0,75493.0,45535.547905103784,2014,0.08969351776512069,0.02326010306482235,0.15532953620829942
478,186642.0,168060.0,8565.0,3679.0,31189.0,69258.0,43506.66860893831,2014,0.045889992606165816,0.019711533309758788,0.16710601043709347
479,308334.0,262336.0,8391.0,19667.0,51931.0,117603.0,46226.40657126094,2014,0.027213995212983323,0.06378472695194172,0.16842450070378226
480,1140995.0,901755.0,141691.0,27328.0,142787.0,462716.0,57691.90994908324,2014,0.12418196398757225,0.023951025201688,0.12514252910836596
481,1549744.0,1229374.0,146435.0,63536.0,207668.0,593354.0,59603.80953528585,2014,0.09448979960561228,0.04099773898140596,0.13400148669715772
482,905522.0,181349.0,628015.0,57801.0,314056.0,333717.0,33186.097259054826,2014,0.6935391961763491,0.06383169045037006,0.3468231583550703
483,982134.0,770225.0,88969.0,39037.0,101233.0,383021.0,70920.74665357773,2014,0.09058743511577849,0.03974712208313733,0.10307452954484826
484,456125.0,412966.0,16177.0,13960.0,55241.0,174657.0,53948.12376257464,2014,0.035466155110989314,0.030605645382296518,0.12110934502603453
485,186054.0,99834.0,70706.0,6718.0,59258.0,74931.0,31569.34402316798,2014,0.38002945381448394,0.03610779666118439,0.31849893041805066
486,401868.0,331948.0,37363.0,19177.0,71884.0,163863.0,43620.01495761704,2014,0.09297331462072123,0.04771964923805827,0.17887465535947128
487,208790.0,193392.0,2302.0,7868.0,33517.0,86877.0,42681.336164922825,2014,0.011025432252502514,0.03768379711672015,0.16052971885626707
488,628654.0,557529.0,16846.0,23482.0,96009.0,230182.0,52520.654725391214,2014,0.026796934402708007,0.037352820470401844,0.15272152885370968
489,162227.0,97432.0,29609.0,18201.0,38573.0,69470.0,40730.3701597812,2014,0.18251585740967902,0.1121946408427697,0.2377717642562582
490,744666.0,607901.0,66282.0,37556.0,129866.0,287921.0,46496.84241291761,2014,0.08900903223727147,0.050433348642210066,0.17439496364813217
491,109219.0,92943.0,5725.0,5258.0,15013.0,41314.0,48661.66655371061,2014,0.05241761964493357,0.04814180682848222,0.13745776833701095
492,349896.0,306699.0,18592.0,15012.0,55771.0,132253.0,46724.31537792566,2014,0.05313578892013627,0.04290417724123739,0.15939307679996342
493,331299.0,303614.0,5170.0,11754.0,38953.0,118641.0,60705.888621977225,2014,0.015605238772226901,0.03547852544076499,0.11757656980552311
494,564610.0,466842.0,28200.0,45575.0,80852.0,207373.0,50834.818133155866,2014,0.04994598041125733,0.08071943465400896,0.14319973078762332
495,409834.0,277561.0,54324.0,52405.0,76722.0,157759.0,48240.93722069739,2014,0.13255122805818942,0.12786884445897606,0.18720262350122244
496,268823.0,251260.0,2917.0,6022.0,39944.0,107645.0,46731.01302659209,2014,0.010851006052309512,0.022401357026742504,0.14858847643244813
497,225988.0,202306.0,3415.0,3180.0,33187.0,93894.0,43165.54351715765,2014,0.015111421845407721,0.014071543621785228,0.14685293024408375
498,181281.0,167457.0,2772.0,2214.0,28180.0,74982.0,42505.37348963751,2014,0.01529117778476509,0.012213083555364324,0.15544927488264076
499,81247.0,73956.0,2647.0,1024.0,14598.0,33286.0,36453.50865228625,2014,0.03257966447991926,0.012603542284638202,0.17967432643666842
500,230983.0,210663.0,3131.0,5731.0,29574.0,90830.0,56574.080406491536,2014,0.013555110116328907,0.024811349753012125,0.12803539654433443
501,179733.0,161965.0,1664.0,10836.0,16800.0,69531.0,60247.54774028365,2014,0.00925817740759905,0.06028942932015823,0.09347198344210579
502,222465.0,199751.0,3414.0,10346.0,19057.0,87251.0,64482.37716473164,2014,0.01534623423909379,0.04650619198525611,0.08566291326725552
503,289228.0,214666.0,24326.0,29639.0,44922.0,113526.0,55828.18693515142,2014,0.08410665634032666,0.10247624711300428,0.15531691260873776
504,103588.0,96436.0,802.0,4344.0,12116.0,45037.0,47591.18116215556,2014,0.007742209522338494,0.041935359308027956,0.11696335482874465
505,123642.0,108448.0,2302.0,8786.0,15323.0,51335.0,45414.793357358525,2014,0.01861826887303667,0.07105999579430938,0.12393037964445738
506,171910.0,163516.0,2003.0,2806.0,18576.0,67605.0,54065.929781473315,2014,0.011651445523820603,0.016322494328427667,0.10805654121342563
507,78237.0,60025.0,10934.0,4299.0,13445.0,32856.0,43262.36529096664,2014,0.1397548474506947,0.054948425936577325,0.17184963636131242
508,33462.0,31920.0,237.0,904.0,4250.0,14284.0,44660.73676841221,2014,0.007082660928814775,0.02701571932341163,0.12700974239435778
510,88003.0,82406.0,272.0,3530.0,8239.0,35254.0,54623.13797015941,2014,0.003090803722600366,0.040112268899923864,0.0936218083474427
511,85884.0,62669.0,2672.0,14603.0,13460.0,32496.0,45364.02600320039,2014,0.031111732103767872,0.17003167062549485,0.1567230217502678
512,44507.0,40967.0,127.0,2747.0,3629.0,16727.0,56703.703413642615,2014,0.002853483721661761,0.061720628215786284,0.0815377356370908
513,47029.0,44212.0,180.0,1865.0,4240.0,20702.0,51155.21046275722,2014,0.003827425630993642,0.03965638223223968,0.09015713708562802
514,47648.0,41433.0,540.0,5066.0,6126.0,19290.0,47844.728356661486,2014,0.01133310946944258,0.10632135661517797,0.12856783075889858
515,148320.0,135769.0,1125.0,7673.0,17837.0,58845.0,53930.37585181409,2014,0.00758495145631068,0.05173274002157497,0.12026024811218985
516,23644.0,22080.0,273.0,631.0,2709.0,9688.0,47751.342279108176,2014,0.011546269666723058,0.026687531720521063,0.11457452207748266
520,142314.0,133639.0,1560.0,2573.0,15116.0,57496.0,53387.085832057885,2014,0.010961676293267001,0.018079739168317944,0.10621583259552819
521,59306.0,55932.0,517.0,1725.0,6158.0,24105.0,49733.922256793194,2014,0.008717499072606482,0.029086433075911376,0.10383435065592014
522,173176.0,148267.0,6843.0,6934.0,26271.0,69252.0,52846.48147345925,2014,0.039514713355199335,0.04004019032660415,0.1517011595140204
523,157433.0,145012.0,2225.0,5146.0,12304.0,62608.0,64565.751905286874,2014,0.014132996258725935,0.03268692078534996,0.07815388133364669
524,135648.0,116343.0,7838.0,4611.0,15149.0,56072.0,57889.51187758596,2014,0.057781906109931586,0.033992392073602266,0.11167875678225997
525,111851.0,101995.0,1240.0,4697.0,17552.0,45504.0,43827.46951916315,2014,0.01108617714638224,0.041993366174643054,0.1569230494139525
526,106260.0,95872.0,3923.0,3444.0,16199.0,42708.0,44779.45876650744,2014,0.03691887822322605,0.03241106719367589,0.15244682853378505
527,170545.0,150296.0,3494.0,11881.0,16988.0,67509.0,59173.729517545806,2014,0.02048726142660295,0.06966489782755285,0.09961007358761617
528,104038.0,79021.0,11673.0,8346.0,17849.0,41992.0,46526.0740855401,2014,0.11219938868490359,0.08022068859455199,0.17156231376996867
530,638331.0,585719.0,6969.0,21363.0,40983.0,251661.0,68405.79837392559,2014,0.010917533380017577,0.033466963064616946,0.06420336784520883
531,687419.0,582127.0,20924.0,57254.0,69791.0,264420.0,62793.03852204826,2014,0.03043849529908251,0.0832883583374914,0.10152614344380938
532,821776.0,400003.0,244894.0,122082.0,192312.0,329289.0,43553.96960420785,2014,0.29800578259769084,0.14855873133311268,0.2340199762465684
534,126305.0,81543.0,18978.0,20274.0,20407.0,49641.0,49903.339940774764,2014,0.15025533430980562,0.16051621075966904,0.16156921737065041
535,549497.0,492260.0,11044.0,26367.0,53618.0,217891.0,61520.66335920254,2014,0.02009838088288016,0.04798388344249377,0.09757651088177005
537,280665.0,207418.0,20085.0,23419.0,51520.0,121478.0,54568.52942193534,2014,0.07156218267329378,0.0834411130707427,0.18356403541588726
538,59549.0,57050.0,870.0,761.0,8684.0,22617.0,47303.78945041341,2014,0.014609817125392534,0.012779391761406573,0.1458294849619641
539,199216.0,181764.0,4281.0,8468.0,22169.0,77127.0,50495.77548718348,2014,0.021489237812223918,0.042506625973817366,0.11128122239177576
540,147384.0,140123.0,944.0,2779.0,12330.0,56198.0,66306.89611729955,2014,0.00640503718178364,0.018855506703577052,0.0836590131900342
541,252264.0,229982.0,1020.0,5716.0,23000.0,100661.0,54507.27916472119,2014,0.004043383122443155,0.022658801890083406,0.09117432530999271
542,127590.0,119104.0,614.0,3685.0,13102.0,54473.0,50090.82231564261,2014,0.004812289364370248,0.028881573791049456,0.10268829845599185
543,181906.0,144837.0,4869.0,17509.0,24094.0,72917.0,51707.035204410495,2014,0.026766571745846755,0.0962530097962684,0.13245302518883378
544,389732.0,359294.0,2266.0,9641.0,48447.0,159506.0,49997.522281293495,2014,0.005814251844857492,0.024737511931275852,0.12430849917379122
545,88840.0,81358.0,499.0,1159.0,11983.0,40531.0,42972.70874145716,2014,0.005616839261593877,0.01304592525889239,0.13488293561458803
546,248440.0,228411.0,2870.0,6283.0,34580.0,98589.0,49844.42161158785,2014,0.011552085010465304,0.02528980840444373,0.13918853646755755
547,263944.0,246060.0,1964.0,5064.0,35179.0,103822.0,48957.610776136076,2014,0.007440972327463402,0.019185887915618465,0.1332820598308732
548,178530.0,161500.0,1556.0,2997.0,26242.0,78043.0,42952.394809355974,2014,0.00871562202430964,0.01678709460594858,0.14698930151795217
549,483331.0,435187.0,6553.0,20471.0,50119.0,194403.0,54466.77961245454,2014,0.013557996486879591,0.042353997571022754,0.10369498335509206
550,672692.0,599586.0,14074.0,27744.0,51377.0,245769.0,71925.19818760376,2014,0.020921907797327752,0.04124324356466258,0.07637522075481795
551,771453.0,538467.0,69959.0,51509.0,100700.0,303230.0,64971.33117765393,2014,0.09068472090976379,0.06676881158022588,0.13053290349509303
553,973777.0,849451.0,29282.0,36951.0,61173.0,361916.0,80058.67184374275,2014,0.030070539764237604,0.037946059518760455,0.0628203377159247
554,1048428.0,711398.0,139406.0,79554.0,149540.0,429995.0,61914.15264130978,2014,0.13296668917655766,0.07587931646236079,0.14263258898083608
556,15875.0,14785.0,66.0,208.0,1871.0,7550.0,48406.1480794702,2014,0.00415748031496063,0.013102362204724409,0.11785826771653543
557,168873.0,156295.0,1131.0,1936.0,23441.0,72399.0,47089.28594317601,2014,0.006697340605070082,0.011464236438033315,0.1388084536900511
558,116995.0,106283.0,2623.0,1837.0,20360.0,47425.0,50828.23742751713,2014,0.022419761528270438,0.015701525706226762,0.17402453096286166
559,330522.0,289616.0,9575.0,14486.0,34323.0,129414.0,59632.495355989304,2014,0.028969327306503048,0.043827642335457245,0.10384482727322236
560,261420.0,237624.0,3780.0,13463.0,30239.0,103962.0,53539.14855427945,2014,0.014459490475097545,0.05149950271593604,0.1156720985387499
561,91001.0,77527.0,1198.0,7925.0,11860.0,36967.0,49544.86812562556,2014,0.013164690497906617,0.08708695508840562,0.1303282381512291
562,143640.0,127465.0,2363.0,9323.0,17500.0,58721.0,51042.67140691793,2014,0.016450849345586188,0.06490531885268727,0.12183235867446393
563,309845.0,283862.0,7931.0,7925.0,39857.0,121082.0,52902.383450884525,2014,0.02559666930239313,0.02557730478142297,0.1286352853846278
564,145231.0,137967.0,906.0,1858.0,19050.0,62092.0,47015.15122721124,2014,0.0062383375450144945,0.0127934118748752,0.13117034242000675
565,172558.0,154591.0,1789.0,5380.0,21300.0,69488.0,51602.963950610174,2014,0.01036752859907973,0.031177922785382305,0.12343675749603032
566,91462.0,72776.0,579.0,1539.0,16093.0,36772.0,43968.2014032416,2014,0.006330497911701034,0.016826660252345235,0.17595285473748662
567,69821.0,63995.0,695.0,2627.0,7051.0,28561.0,51785.359293400164,2014,0.009954025293249881,0.03762478337462941,0.10098680912619412
570,177866.0,164602.0,1810.0,3993.0,19772.0,67131.0,55016.47574146072,2014,0.010176200060719868,0.02244948444334499,0.11116233569091338
571,167938.0,141426.0,7322.0,7877.0,18725.0,66754.0,56572.94096233934,2014,0.043599423596803584,0.04690421465064488,0.11149948195167264
572,72688.0,64256.0,203.0,1675.0,9163.0,29570.0,48996.700743997295,2014,0.0027927580893682587,0.023043693594541052,0.1260593220338983
573,82949.0,71092.0,368.0,2832.0,12607.0,33449.0,47261.305121229336,2014,0.00443646095793801,0.03414146041543599,0.15198495461066439
574,60837.0,56180.0,513.0,1212.0,6705.0,25207.0,51222.42777711585,2014,0.008432368459983235,0.019922086887913606,0.11021253513486859
575,53313.0,34473.0,197.0,1166.0,11329.0,20718.0,46787.82985809441,2014,0.003695158779284602,0.021870838257085513,0.21249976553561045
576,21389.0,11169.0,43.0,344.0,5540.0,7702.0,39134.37146195793,2014,0.002010379166861471,0.016083033334891767,0.25901164149796624
577,197406.0,154631.0,1833.0,7333.0,30614.0,76428.0,49320.130801853455,2014,0.009285432053736968,0.03714679391710485,0.15508140583366262
580,83222.0,77682.0,1352.0,1325.0,6306.0,33594.0,63675.60975101263,2014,0.016245704260892554,0.015921270817812597,0.07577323303934055
581,113145.0,99748.0,3341.0,3078.0,16421.0,49693.0,48431.15996216771,2014,0.029528481152503425,0.027204030226700253,0.1451323522913076
582,97715.0,86424.0,1799.0,3712.0,14134.0,41245.0,49000.11994181113,2014,0.01841068413242593,0.037988026403315764,0.1446451414828839
583,50500.0,32466.0,180.0,802.0,10802.0,20127.0,43238.706930003485,2014,0.0035643564356435645,0.01588118811881188,0.2139009900990099
584,47040.0,44816.0,224.0,852.0,4537.0,20763.0,51408.95074936148,2014,0.004761904761904762,0.018112244897959182,0.09644982993197279
585,141239.0,126788.0,806.0,2241.0,12850.0,58655.0,61375.26470036655,2014,0.005706639101098139,0.015866722364219515,0.09098053653735866
586,44606.0,40994.0,350.0,1405.0,3630.0,18204.0,64338.46061305208,2014,0.007846478052279962,0.03149800475272385,0.08137918665650361
587,93169.0,78899.0,2042.0,3613.0,9463.0,36608.0,59113.72882976398,2014,0.021917161287552726,0.038778993012697355,0.1015681181508871
588,33482.0,29854.0,307.0,1222.0,2672.0,13426.0,81304.20460300909,2014,0.009169105788184697,0.036497222388148856,0.07980407383071501
590,84128.0,68040.0,207.0,2601.0,12720.0,32197.0,48324.727642655234,2014,0.002460536325599087,0.030917173830353747,0.1511981742107265
591,132934.0,115421.0,899.0,6857.0,16693.0,53714.0,52386.90447555572,2014,0.006762754449576481,0.05158198805422239,0.12557359291076775
592,37646.0,28331.0,73.0,801.0,5867.0,14474.0,50354.81204152249,2014,0.0019391170376666844,0.02127716092015088,0.1558465706848005
593,35241.0,32741.0,142.0,879.0,4078.0,14572.0,49272.80455668405,2014,0.004029397576686246,0.024942538520473314,0.1157174881530036
594,130813.0,107553.0,1175.0,4125.0,20378.0,52224.0,44960.51469884133,2014,0.008982287693119186,0.03153356317797161,0.15577962434926193
595,31252.0,21193.0,70.0,770.0,6602.0,11539.0,41121.49250368316,2014,0.002239856649174453,0.02463842314091898,0.21125047996928198
596,79126.0,73080.0,345.0,1994.0,8386.0,32161.0,56907.388172009574,2014,0.00436013446907464,0.025200313424158936,0.1059828627758259
597,164231.0,151921.0,635.0,5123.0,24371.0,68114.0,48014.56492057433,2014,0.0038665051056134348,0.031193867174893898,0.14839463925811813
598,195562.0,171841.0,641.0,5788.0,34622.0,81099.0,43288.41177486188,2014,0.0032777328928933025,0.029596751925220648,0.17703848395905136
599,116028.0,108172.0,239.0,2964.0,16390.0,47915.0,44939.96255869769,2014,0.002059847622987555,0.02554555796876616,0.14125900644671976
600,1645369.0,1134457.0,64433.0,266309.0,137580.0,590168.0,81301.34560159141,2014,0.03916021269393066,0.16185366322083375,0.08361650183028853
601,1438004.0,892536.0,99361.0,306568.0,131494.0,500469.0,72803.97531515438,2014,0.06909646982901299,0.21318994940208788,0.09144202658685233
602,79742.0,48840.0,13351.0,7895.0,9626.0,30523.0,70906.04128034596,2014,0.16742745353765895,0.09900679692006721,0.12071430362920418
603,63199.0,41921.0,11354.0,4270.0,4991.0,25553.0,82650.91370876218,2014,0.17965474137249007,0.06756436019557271,0.0789727685564645
604,1453898.0,828798.0,324002.0,240964.0,178065.0,509696.0,62965.237741712706,2014,0.22285057136057687,0.16573652347000958,0.12247420382997982
605,1027843.0,685216.0,57943.0,187595.0,82663.0,356059.0,83598.47996562165,2014,0.05637339554776362,0.1825132826706024,0.08042376121645037
606,2696882.0,870020.0,846150.0,780396.0,598776.0,1022946.0,51695.52489183202,2014,0.3137512134383336,0.2893697239997894,0.2220252869795564
607,108961.0,71167.0,4360.0,20093.0,10982.0,40615.0,55931.57040502277,2014,0.04001431704921945,0.1844054294655886,0.10078835546663485
608,156168.0,35247.0,36454.0,82609.0,32110.0,47610.0,45224.23007771477,2014,0.23342810306849035,0.5289752061882076,0.20561190512781108
609,167714.0,132761.0,17042.0,13587.0,25068.0,63560.0,50695.22817123072,2014,0.10161346101100684,0.0810129148431258,0.1494687384475953
610,308633.0,265347.0,9125.0,26973.0,33441.0,119617.0,55041.8317557737,2014,0.029565859775202263,0.08739506144838692,0.10835199087589467
611,234353.0,155305.0,34766.0,32177.0,46379.0,91471.0,44704.94627805534,2014,0.1483488583461701,0.137301421360085,0.19790230976347647
612,212229.0,171280.0,13904.0,19363.0,26482.0,86781.0,51040.383471036286,2014,0.06551413803014668,0.0912363531845318,0.12478030806345976
613,149560.0,132314.0,1858.0,12599.0,19118.0,60110.0,49800.621333377705,2014,0.012423107782829634,0.08424043861995185,0.1278282963359187
614,147267.0,129027.0,7180.0,7313.0,23468.0,59420.0,41575.302473914504,2014,0.04875498244684824,0.0496581039879946,0.15935681449340314
615,205995.0,192863.0,2609.0,4747.0,18018.0,80159.0,61923.297979860996,2014,0.012665355955241632,0.023044248646811816,0.08746814243064152
616,173694.0,123115.0,32590.0,7189.0,32119.0,72144.0,48872.20279187114,2014,0.18762881849689683,0.04138887929347013,0.18491715315439797
617,237742.0,200170.0,14578.0,9867.0,30362.0,89621.0,61259.039031030676,2014,0.061318572233766015,0.041502973811947404,0.12770987036367154
618,294338.0,216619.0,36081.0,14252.0,57654.0,114882.0,48307.462961995785,2014,0.1225835603965509,0.04842052334391074,0.19587684906468075
619,108749.0,101523.0,2153.0,2891.0,18922.0,43081.0,42075.165625653055,2014,0.019797883198925968,0.026584152497954004,0.17399700227128526
620,307240.0,270935.0,22033.0,6288.0,42490.0,122566.0,51949.86149351656,2014,0.07171266762140346,0.02046608514516339,0.13829579481838303
622,463845.0,346112.0,88064.0,15621.0,64573.0,175803.0,55906.216418377386,2014,0.18985652534790717,0.03367719820198558,0.13921245243561967
623,111172.0,103113.0,3742.0,1764.0,14856.0,44585.0,45575.11100145789,2014,0.03365955456409887,0.015867304717015075,0.13363077033785487
624,149511.0,139064.0,5032.0,2922.0,17642.0,56826.0,48500.99313694436,2014,0.033656386486613024,0.019543712502758995,0.11799800683561745
625,182161.0,154824.0,17368.0,3093.0,27898.0,74466.0,49666.62913275857,2014,0.09534422845724387,0.016979485180691804,0.15315023523147106
626,165105.0,148979.0,6736.0,5301.0,18562.0,63867.0,54625.299043324405,2014,0.04079827988249902,0.03210684110111747,0.11242542624390539
627,142082.0,108309.0,24193.0,3075.0,24986.0,61609.0,52331.37301368306,2014,0.17027491167072537,0.021642431835137456,0.17585619571796568
628,211131.0,196329.0,6483.0,3511.0,34662.0,85567.0,42333.67844118197,2014,0.03070605453486224,0.016629485958954394,0.16417295423220654
629,226151.0,192430.0,19359.0,6263.0,47483.0,88854.0,38833.26210412587,2014,0.08560209771347463,0.027693885943462553,0.2099614859098567
630,721133.0,599057.0,71954.0,15420.0,67233.0,275136.0,65146.366467122454,2014,0.09977909761444838,0.021383018111776883,0.09323245503950034
631,928403.0,534011.0,316147.0,27869.0,162734.0,391435.0,51404.05282613972,2014,0.340527766497954,0.03001821407298339,0.17528379378351858
633,492247.0,440292.0,19876.0,13713.0,40130.0,181612.0,66976.72228830079,2014,0.04037810286299358,0.02785796561482345,0.08152411289454278
634,67850.0,63233.0,2266.0,850.0,9941.0,26947.0,43536.40247976836,2014,0.03339719970523213,0.012527634487840826,0.14651436993367722
635,61815.0,57258.0,1102.0,2073.0,12470.0,24286.0,36366.40039528946,2014,0.017827388174391327,0.0335355496238777,0.2017309714470598
636,133698.0,125445.0,3863.0,1506.0,24784.0,50799.0,38157.19901966574,2014,0.028893476342204072,0.011264192433693847,0.18537300483178507
637,127988.0,115875.0,6035.0,2552.0,21420.0,49557.0,44446.14821316867,2014,0.04715285808044504,0.019939369315873364,0.16735943994749508
638,122187.0,97504.0,18969.0,3425.0,27507.0,48050.0,34399.80689583333,2014,0.155245648064033,0.028030805241146768,0.2251221488374377
639,85182.0,79044.0,2396.0,1237.0,17501.0,33584.0,34899.00798212956,2014,0.02812800826465685,0.014521847338639619,0.2054542039397995
640,613025.0,518791.0,38500.0,30857.0,67221.0,230975.0,60480.25554713714,2014,0.06280331144733085,0.05033563068390359,0.10965458178703968
641,555297.0,326381.0,145360.0,52234.0,97589.0,229411.0,50188.1708707897,2014,0.26176982767780127,0.09406497784068706,0.175741990322296
644,104534.0,97830.0,2682.0,1520.0,13778.0,39802.0,46110.07162956635,2014,0.025656724128034897,0.014540723592324029,0.13180400635200032
645,87884.0,74494.0,4303.0,5219.0,15215.0,32778.0,44688.635731283175,2014,0.0489622684447681,0.0593850985389832,0.1731259387374266
646,72438.0,69077.0,724.0,1021.0,11427.0,28310.0,41139.570752384316,2014,0.009994754134570254,0.014094812115188161,0.15774869543609707
647,115167.0,109101.0,796.0,2340.0,20849.0,46745.0,41673.99317574072,2014,0.0069117021368968546,0.02031832035218422,0.18103276112080718
648,196679.0,167366.0,3381.0,13798.0,33723.0,75026.0,41329.88490052803,2014,0.017190447378723706,0.07015492248791177,0.17146212864616964
650,154732.0,146803.0,1551.0,2902.0,23360.0,60157.0,46310.91972732563,2014,0.01002378305715689,0.018755008660134943,0.1509707106480883
651,69209.0,55646.0,8640.0,1952.0,8923.0,26635.0,52955.737225455225,2014,0.12483925501018654,0.02820442428007918,0.1289283185712841
652,268237.0,224394.0,20161.0,7402.0,48529.0,102529.0,46131.417520896524,2014,0.0751611448085089,0.027594999944079303,0.18091836696652588
653,103835.0,90419.0,3170.0,6494.0,18548.0,40633.0,38957.040065956244,2014,0.03052920498868397,0.06254153223864785,0.17862955650792123
654,95372.0,81275.0,3935.0,4932.0,15830.0,31768.0,40578.87842098625,2014,0.04125948915824351,0.05171329111269555,0.16598162982846118
655,123880.0,111102.0,3726.0,3555.0,21261.0,46327.0,41367.157099371776,2014,0.03007749434937036,0.02869712625121085,0.17162576687116565
656,212366.0,198550.0,1297.0,6257.0,38028.0,83133.0,39569.72550010224,2014,0.006107380654153678,0.029463285083299588,0.17906821242571785
657,290970.0,272504.0,1154.0,9441.0,48852.0,111237.0,42939.14419566586,2014,0.003966044609409905,0.03244664398391587,0.1678935972780699
658,224073.0,195957.0,8105.0,7819.0,45435.0,94497.0,40685.49116903182,2014,0.03617124776300581,0.03489487800850616,0.20276874054437616
660,492638.0,407500.0,20571.0,32425.0,53621.0,179691.0,61933.23356762442,2014,0.04175682752853008,0.06581912073368275,0.10884462830719514
661,152043.0,62786.0,38472.0,41814.0,37679.0,55267.0,40887.59255975537,2014,0.25303368126122217,0.2750143051636708,0.24781805147228086
662,380150.0,312130.0,16738.0,23689.0,23649.0,155457.0,79084.98651717196,2014,0.04402998816256741,0.06231487570695778,0.06220965408391425
664,86180.0,64896.0,7428.0,7559.0,10296.0,31109.0,48616.75814073098,2014,0.08619169180784404,0.08771176607101416,0.11947087491297284
665,133063.0,113878.0,4018.0,6731.0,20006.0,50377.0,51659.71633880541,2014,0.030196222841811775,0.05058506121160653,0.150349834289021
666,163858.0,120447.0,13442.0,19404.0,27834.0,66468.0,50118.27835951134,2014,0.08203444445800633,0.11841960722088637,0.16986659180509953
667,117274.0,105591.0,1887.0,4154.0,21314.0,46357.0,40071.40292226011,2014,0.01609052304858707,0.03542132100891928,0.18174531439193684
668,59841.0,49005.0,753.0,7696.0,10169.0,24212.0,43486.384809185525,2014,0.012583345866546348,0.1286074764793369,0.16993365752577663
669,25041.0,23835.0,86.0,624.0,3688.0,11005.0,41053.87251249432,2014,0.0034343676370751967,0.0249191326224991,0.14727846332015496
670,184674.0,164867.0,2475.0,9866.0,18457.0,68578.0,57289.42145023918,2014,0.013401994866629845,0.05342387125421012,0.09994368454682305
671,113592.0,99600.0,1209.0,8363.0,12196.0,43311.0,54231.13839440327,2014,0.01064335516585675,0.07362314247482217,0.10736671596591309
672,412520.0,267946.0,44648.0,62800.0,69603.0,159696.0,50370.31843627893,2014,0.10823232812954524,0.15223504314942307,0.1687263647823136
673,61670.0,51166.0,2581.0,3068.0,10492.0,24852.0,41014.4479884016,2014,0.041851791795038104,0.049748662234473814,0.17013134425166207
674,137841.0,121438.0,2324.0,8672.0,17398.0,56016.0,49604.34020636961,2014,0.01686000536850429,0.06291306650416059,0.12621788872686646
675,122737.0,104467.0,2658.0,12253.0,15545.0,49391.0,45678.766698386346,2014,0.02165606133439794,0.09983134670066891,0.12665292454598043
676,59348.0,54656.0,767.0,2269.0,8260.0,25214.0,43983.0712302689,2014,0.012923771651951204,0.03823212239671093,0.13917907932870527
677,31144.0,28559.0,314.0,1728.0,3396.0,13690.0,44521.524032140245,2014,0.010082198818391985,0.05548420241459029,0.10904187002311842
678,117979.0,64889.0,1670.0,47323.0,17305.0,41344.0,50784.85199787152,2014,0.014155061493994694,0.4011137575331203,0.1466786461997474
679,31410.0,13547.0,907.0,15739.0,5185.0,10298.0,50076.54835890464,2014,0.028876154091053804,0.5010824578159822,0.16507481693728113
680,201981.0,178808.0,3573.0,10340.0,18227.0,76450.0,65258.58973185088,2014,0.017689782702333387,0.05119293398884053,0.09024116129734976
681,601247.0,431781.0,62778.0,69999.0,80464.0,232564.0,58251.47060594073,2014,0.1044129949920748,0.1164230341274052,0.1338285263793416
683,81425.0,74706.0,267.0,4505.0,8832.0,32834.0,51353.38746421393,2014,0.0032790911882100092,0.055326988025790606,0.1084679152594412
684,71800.0,66687.0,524.0,2879.0,6102.0,28192.0,56671.56104568672,2014,0.007298050139275766,0.0400974930362117,0.08498607242339833
685,273915.0,226483.0,10810.0,17893.0,41021.0,109424.0,53131.418067994884,2014,0.039464797473668836,0.06532318419947794,0.1497581366482303
686,73858.0,62464.0,366.0,10115.0,7154.0,29301.0,52805.64847616122,2014,0.004955455062417071,0.13695198895177232,0.09686154512713585
687,128736.0,107346.0,1646.0,15694.0,16616.0,51304.0,48129.550405426475,2014,0.012785856326124782,0.12190840169028089,0.12907034551329855
688,166610.0,133281.0,2697.0,27123.0,21996.0,63801.0,49976.322957320415,2014,0.016187503751275433,0.16279334973891124,0.13202088710161455
689,73015.0,66668.0,305.0,4462.0,7605.0,30178.0,49089.85317118431,2014,0.004177223858111347,0.06111073067177977,0.104156680134219
690,25479.0,23680.0,150.0,1297.0,2834.0,11044.0,45166.34407823253,2014,0.005887201224537854,0.05090466658817065,0.11122885513560186
691,79327.0,71810.0,483.0,5289.0,9497.0,33847.0,48590.75423303094,2014,0.006088721368512612,0.0666733898924704,0.11971964148398402
692,8409.0,7610.0,4.0,166.0,962.0,3922.0,43277.813615502295,2014,0.00047568081817100726,0.0197407539540968,0.11440123677012724
693,70023.0,55687.0,329.0,10660.0,10469.0,28564.0,45003.03858960429,2014,0.0046984562215272125,0.15223569398626166,0.1495080187938249
700,573007.0,310242.0,167211.0,65006.0,95405.0,212731.0,49088.0709043811,2014,0.2918131890186333,0.11344713066332524,0.16649883858312375
701,407356.0,142563.0,223164.0,22854.0,103052.0,167866.0,40677.76213765742,2014,0.5478353086734944,0.056103261029664474,0.2529777393729318
703,279202.0,193826.0,56378.0,12123.0,48325.0,100996.0,49284.403516244056,2014,0.20192548763977336,0.043420176073237296,0.1730825710417547
704,433020.0,316823.0,85704.0,17924.0,68993.0,159382.0,51963.175290529856,2014,0.19792157406124428,0.04139300725139716,0.15932982310285898
705,631166.0,418593.0,171951.0,19548.0,122015.0,233948.0,45497.74393194546,2014,0.2724338763494865,0.03097125003564831,0.19331681364332046
706,265435.0,191949.0,56913.0,7441.0,44346.0,99829.0,46002.12498372216,2014,0.21441407500894757,0.028033228474014352,0.16706915063951627
707,409492.0,287150.0,101039.0,13032.0,55170.0,142741.0,59355.00293643563,2014,0.24674230509997752,0.03182479755404257,0.1347279067722935
708,379233.0,168269.0,175369.0,15633.0,76235.0,146618.0,50562.55004263156,2014,0.4624307483789649,0.04122267840615136,0.20102417247444182
710,180545.0,117281.0,54520.0,4454.0,34517.0,68421.0,43217.069817746014,2014,0.3019745769752693,0.024669749923841702,0.19118225373175662
711,306900.0,150648.0,134244.0,11865.0,60291.0,118084.0,45279.477253480574,2014,0.4374193548387097,0.03866080156402737,0.1964516129032258
712,338402.0,195815.0,128798.0,7100.0,86181.0,124835.0,36584.04878771854,2014,0.38060649759753196,0.02098096346948304,0.254670480670918
713,203106.0,122373.0,71456.0,3742.0,44763.0,74449.0,37329.69246586389,2014,0.3518162929701732,0.01842387718728152,0.2203923074650675
714,193749.0,132734.0,41318.0,9783.0,35244.0,68789.0,39975.150184695034,2014,0.2132552942208734,0.050493163835684314,0.18190545499589675
716,164684.0,85585.0,70591.0,5817.0,40093.0,63618.0,34894.17746549719,2014,0.42864516285735105,0.035322192805615604,0.24345413033445873
717,107023.0,63535.0,38196.0,3058.0,23061.0,43335.0,36188.49089650398,2014,0.35689524681610496,0.028573297328611608,0.21547704698989936
718,127087.0,83209.0,29183.0,11655.0,27379.0,48111.0,37195.48508657064,2014,0.229630095918544,0.0917088293845948,0.2154350956431421
719,170863.0,144491.0,12672.0,8215.0,35176.0,69090.0,38258.96989041849,2014,0.07416468164552888,0.04807945547017201,0.2058725411587061
720,393339.0,320943.0,43459.0,16845.0,59170.0,146979.0,48671.208692279426,2014,0.11048739128334592,0.04282565420667668,0.1504300361774449
721,316254.0,236240.0,58231.0,13671.0,49089.0,120528.0,46534.5455661755,2014,0.18412731538573426,0.043227911741827774,0.1552201711282703
722,216460.0,108215.0,85882.0,11898.0,36353.0,86272.0,50955.28033429154,2014,0.39675690658782226,0.0549662755243463,0.1679432689642428
723,171085.0,84427.0,78946.0,4470.0,44258.0,63419.0,34603.409496906956,2014,0.4614431422976883,0.02612736359119736,0.25869012479177017
724,224326.0,196400.0,15155.0,7319.0,46026.0,87422.0,38629.59016037153,2014,0.067557929085349,0.032626623752931,0.20517461194868183
725,105854.0,98912.0,1238.0,3380.0,22730.0,43196.0,35011.55055113005,2014,0.011695353978120809,0.031930772573544694,0.21472972207002097
726,138115.0,127701.0,424.0,5974.0,23552.0,57218.0,36384.85463764315,2014,0.003069905513521341,0.04325381023060493,0.17052456286427978
727,458174.0,341971.0,10067.0,71251.0,71973.0,168871.0,49955.49827383032,2014,0.02197200190320708,0.1555107884777399,0.15708660901753482
728,124408.0,105056.0,2750.0,12595.0,23542.0,45894.0,38465.94988451649,2014,0.02210468780142756,0.10123947013053823,0.18923220371680277
729,229289.0,181267.0,8751.0,21980.0,47002.0,88436.0,40804.889422859465,2014,0.038165808215832424,0.09586155463192739,0.20499020886305055
730,701632.0,543823.0,33231.0,42909.0,85340.0,255980.0,58300.205344167516,2014,0.047362435008665514,0.06115599060476147,0.1216307123962419
731,658272.0,361376.0,98432.0,117893.0,124853.0,256861.0,46796.53307041551,2014,0.14953089300471537,0.17909465995819357,0.1896677968985465
734,93280.0,67075.0,3906.0,7460.0,14827.0,34170.0,42554.08917178812,2014,0.04187392795883362,0.07997427101200687,0.15895154373927958
735,213765.0,137431.0,24722.0,27961.0,35553.0,79283.0,44436.87518131251,2014,0.11565036371716604,0.130802516782448,0.1663181531120623
736,59878.0,45480.0,1477.0,8065.0,8724.0,21717.0,47437.09582354837,2014,0.024666822539162966,0.13469053742609974,0.1456962490397141
737,107611.0,85469.0,3095.0,10541.0,12886.0,41237.0,50130.66245482987,2014,0.02876100026948918,0.09795467006161081,0.11974612260828355
738,33137.0,27409.0,287.0,3703.0,4674.0,12324.0,52086.76752677702,2014,0.00866101336874189,0.11174819687962097,0.1410507891480822
739,29112.0,16277.0,398.0,11230.0,3512.0,10106.0,50324.6837522264,2014,0.013671338279747184,0.3857515801044243,0.1206375377851058
740,604386.0,458129.0,14687.0,27686.0,73406.0,226138.0,54475.07941168667,2014,0.024300695251048172,0.045808473392831735,0.12145549367457222
741,417534.0,241391.0,60521.0,59731.0,80529.0,171531.0,45118.09481085052,2014,0.14494867483845628,0.14305661335364306,0.19286812570952305
743,130235.0,86075.0,1031.0,4567.0,26649.0,50064.0,38685.94600263694,2014,0.007916458709256344,0.035067378200944445,0.20462241332975006
744,224319.0,136423.0,14031.0,10530.0,44320.0,84523.0,39443.683719224355,2014,0.06254931592954677,0.04694207802281572,0.19757577378643806
745,85609.0,60169.0,2402.0,3509.0,16629.0,33914.0,39141.103939376066,2014,0.028057797661460826,0.040988681096613674,0.19424359588361037
746,55742.0,42560.0,945.0,3441.0,9983.0,22177.0,42488.04730125806,2014,0.016953105378350257,0.06173083133005633,0.17909296401277314
747,89659.0,61352.0,5186.0,4382.0,19436.0,34659.0,35150.25888398141,2014,0.05784137677199166,0.048874067299434526,0.21677689914007517
748,199890.0,144370.0,6335.0,8200.0,37185.0,73788.0,42422.56052474657,2014,0.03169243083696033,0.04102256240932513,0.1860273150232628
749,114409.0,72925.0,1955.0,6135.0,27004.0,41744.0,35707.02500958221,2014,0.01708781651793128,0.05362340375320124,0.23603038222517458
750,2192326.0,1133476.0,223271.0,535678.0,221923.0,763705.0,76038.58409202506,2014,0.1018420618101505,0.24434231040456575,0.10122718975188909
751,765914.0,373372.0,177180.0,188687.0,113846.0,259203.0,54244.41454381315,2014,0.231331454967529,0.24635533493316483,0.14864070900910545
752,1309561.0,408501.0,303066.0,535880.0,301595.0,490507.0,49880.79889787506,2014,0.23142564569348048,0.4092058330997945,0.23030236850364358
753,0.0,0.0,0.0,0.0,0.0,0.0,,2014,,,
754,340785.0,250179.0,27825.0,51877.0,59236.0,123095.0,45977.09100068251,2014,0.08164972049826137,0.15222794430506037,0.1738222046158135
755,126765.0,87154.0,27575.0,8007.0,23257.0,47033.0,42326.016647885524,2014,0.21752849761369464,0.06316412258904272,0.18346546759752297
756,338737.0,220278.0,63670.0,46985.0,57060.0,121994.0,45756.829826834146,2014,0.18796293289484173,0.1387064300622607,0.1684492689018324
757,353708.0,234552.0,50523.0,59463.0,61293.0,128842.0,46266.42265720805,2014,0.14283816029040905,0.16811324595428997,0.1732870051002522
758,127735.0,81602.0,24845.0,19013.0,19437.0,40168.0,41566.62863690713,2014,0.19450424707402042,0.1488472227658825,0.15216659490351117
759,258845.0,166205.0,46236.0,40519.0,53047.0,92820.0,38868.1547726783,2014,0.1786242732136993,0.15653769630473835,0.2049373176997817
760,1180908.0,761927.0,112620.0,228723.0,147718.0,426833.0,65758.58634636023,2014,0.0953672936418417,0.19368401264112023,0.12508849122878327
761,944382.0,419001.0,153588.0,320274.0,173325.0,332418.0,52029.38441961627,2014,0.16263334116914555,0.3391360699378006,0.18353272298709633
762,465567.0,337777.0,24642.0,74088.0,48596.0,160774.0,71403.3454414271,2014,0.05292900914368931,0.15913499023771013,0.10438025031842893
763,173315.0,121363.0,14738.0,29723.0,26585.0,64698.0,45484.32189557637,2014,0.08503591726047947,0.17149698525805615,0.15339122407177683
764,144675.0,113224.0,2158.0,26561.0,26770.0,53749.0,43497.95389681668,2014,0.014916191463625368,0.18359080698116467,0.18503542422671504
765,487491.0,264798.0,82660.0,107774.0,67959.0,160308.0,50321.59260206628,2014,0.16956210473629257,0.2210789532524703,0.1394056505658566
766,160760.0,116096.0,14378.0,26466.0,24347.0,57857.0,48544.18379023058,2014,0.08943767106245334,0.16463050510077135,0.15144936551380941
767,175699.0,88869.0,31077.0,50291.0,43102.0,63064.0,38703.87249460865,2014,0.17687636241526702,0.28623384310667677,0.2453172755678746
768,88196.0,62752.0,2027.0,21946.0,15632.0,31829.0,40809.76886420298,2014,0.022982901718898816,0.24883214658261146,0.17724159825842442
769,133205.0,73376.0,4690.0,51907.0,20169.0,49660.0,46359.1269565919,2014,0.035208888555234415,0.38967756465598136,0.15141323523891745
770,3014722.0,738866.0,663149.0,1345183.0,634013.0,1052359.0,53910.10170863745,2014,0.2199701995739574,0.44620465833997297,0.21030562685381934
772,0.0,0.0,0.0,0.0,0.0,0.0,,2014,,,
773,1139483.0,721995.0,110208.0,248582.0,131727.0,384815.0,71478.2586927877,2014,0.09671754646624829,0.21815332040934354,0.11560242671457144
774,1084445.0,486077.0,164377.0,282041.0,103153.0,347969.0,83763.22155674848,2014,0.15157707398715473,0.2600786577465893,0.09512054553250741
775,1181729.0,572858.0,142365.0,405374.0,166799.0,400661.0,63765.3161525579,2014,0.12047178329380086,0.34303465515359277,0.14114826664996796
776,272461.0,194153.0,33005.0,34404.0,44033.0,103589.0,48361.31890451689,2014,0.12113660303676489,0.12627128286250142,0.16161212063377878
777,143821.0,54437.0,61992.0,21224.0,27951.0,51138.0,42854.33566036998,2014,0.4310358014476328,0.14757232949291132,0.19434574922994555
778,305047.0,182948.0,37563.0,67272.0,71817.0,108979.0,45274.57330996127,2014,0.1231384016233564,0.22052995112228607,0.2354292945021587
779,167005.0,87029.0,10100.0,65767.0,26577.0,60962.0,50519.02712783437,2014,0.06047723122062214,0.39380258076105507,0.15913894793569056
780,557627.0,165001.0,4835.0,378567.0,123800.0,171347.0,51640.79600354929,2014,0.008670670537832638,0.6788892933807007,0.22201220529135066
781,403560.0,214195.0,26220.0,149865.0,46703.0,137989.0,61847.98769467131,2014,0.06497175141242938,0.3713574189711567,0.1157275250272574
782,1663404.0,479275.0,112087.0,999777.0,298581.0,572892.0,53412.71741445159,2014,0.06738411113595975,0.6010428013879971,0.17949998917881646
783,234119.0,76530.0,3792.0,149621.0,46002.0,81193.0,43876.1539352137,2014,0.01619689132449737,0.6390809801852904,0.19648981927993883
784,313917.0,100495.0,12624.0,190871.0,54162.0,113780.0,52062.79927052206,2014,0.0402144515907071,0.6080301480964714,0.17253605252343773
785,1305759.0,107112.0,5222.0,1178815.0,450047.0,362442.0,34920.62833176977,2014,0.00399920659172175,0.9027814474187044,0.3446631422797009
786,913294.0,538084.0,57445.0,272068.0,109193.0,312625.0,65979.84581378015,2014,0.06289869417734048,0.2978975006952854,0.11955952847604386
787,1002133.0,513787.0,71404.0,328055.0,172249.0,393843.0,64112.812161191134,2014,0.07125201944252908,0.3273567480563957,0.17188237489435035
788,179760.0,31988.0,1570.0,143997.0,43633.0,55060.0,37884.84739203895,2014,0.008733867378727191,0.8010514018691589,0.24272919448153094
789,68808.0,46910.0,6210.0,14928.0,9262.0,25977.0,47997.435616121955,2014,0.09025113358911754,0.21695151726543424,0.13460644111149866
790,226850.0,121448.0,5794.0,92491.0,37796.0,78000.0,48108.66880459741,2014,0.025541106458011904,0.40771875688781134,0.1666122988759092
791,223547.0,134372.0,13722.0,63135.0,35794.0,83428.0,51288.37820635758,2014,0.061383064858844004,0.2824238303354552,0.16011845383744805
792,32614.0,20349.0,1921.0,9714.0,6171.0,12345.0,40846.76083076424,2014,0.05890108542343779,0.2978475501318452,0.18921322131599927
793,145514.0,71216.0,5172.0,67024.0,22179.0,48356.0,47478.39059816681,2014,0.03554297181027255,0.4606017290432536,0.1524183240100609
794,262780.0,146081.0,18708.0,87115.0,52154.0,98337.0,46794.95886594059,2014,0.07119263262044295,0.33151305274374,0.19847020321181216
795,94966.0,64704.0,3504.0,24878.0,13650.0,35251.0,45571.65010921676,2014,0.036897415917275654,0.26196744097887664,0.14373565275993513
796,130284.0,81124.0,11848.0,32075.0,22215.0,45902.0,44865.55228530347,2014,0.09093979306745265,0.24619293236314513,0.1705121120014737
797,406980.0,178130.0,19369.0,199412.0,50929.0,138838.0,58687.024297126554,2014,0.04759201926384589,0.4899798515897587,0.12513882746080887
798,74223.0,9447.0,1042.0,63083.0,24638.0,21869.0,30731.663967796532,2014,0.014038775042776497,0.8499117524217561,0.3319456233243065
799,772994.0,108377.0,23590.0,622987.0,169832.0,244811.0,43706.175542583565,2014,0.030517701301691864,0.8059402789672365,0.21970675063454567
800,810232.0,495432.0,60754.0,185488.0,98727.0,298340.0,66768.34195548703,2014,0.07498346152706879,0.22893196022867524,0.12185028485668302
801,667964.0,557975.0,7494.0,60602.0,37521.0,249915.0,89070.70087429725,2014,0.011219167500044912,0.09072644633543125,0.05617218892036098
802,1038108.0,574196.0,71705.0,328238.0,169119.0,426021.0,54911.687001345,2014,0.06907277470166881,0.31618868171712383,0.1629107954085702
803,125990.0,105224.0,1080.0,10903.0,23605.0,52034.0,63548.973363569974,2014,0.008572108897531551,0.08653861417572824,0.18735613937614096
804,213249.0,185962.0,1185.0,18608.0,19104.0,86010.0,72356.12979045401,2014,0.0055568842057876,0.08725949476902588,0.08958541423406441
805,511229.0,412608.0,4051.0,70859.0,60129.0,196046.0,64398.958691726104,2014,0.00792404186773442,0.1386052043213511,0.11761656713527598
806,263629.0,162040.0,3398.0,88138.0,35728.0,89408.0,58700.545924302074,2014,0.0128893255294372,0.3343258897920942,0.135523785319521
807,69326.0,49568.0,1122.0,16945.0,9522.0,25416.0,44528.58506452628,2014,0.016184404119666502,0.24442489109425036,0.1373510659781323
808,117293.0,91492.0,5754.0,13474.0,10845.0,41816.0,59481.35452936675,2014,0.049056635945879126,0.11487471545616533,0.09246076065920387
809,546279.0,381817.0,31674.0,90287.0,70843.0,206856.0,59896.75838445956,2014,0.057981361172587634,0.1652763514614327,0.1296828177542977
810,230180.0,126943.0,4329.0,92095.0,43578.0,89169.0,41867.64622493383,2014,0.01880702059257972,0.40009992180033016,0.18932140064297506
811,72244.0,42372.0,383.0,26034.0,13053.0,28916.0,42730.0644971642,2014,0.005301478323459388,0.3603621061956702,0.18067936437628038
812,85164.0,69530.0,3242.0,9385.0,11030.0,33000.0,44355.02216293242,2014,0.038067728148043774,0.11019914517871401,0.12951481846789722
813,66730.0,52986.0,169.0,7540.0,9442.0,27282.0,52045.58902300327,2014,0.002532594035666117,0.11299265697587292,0.14149557919976022
814,83980.0,67698.0,550.0,13680.0,12858.0,34934.0,46574.06253579201,2014,0.006549178375803763,0.16289592760180996,0.15310788282924506
815,144366.0,118819.0,952.0,19968.0,22250.0,57771.0,50367.65412583538,2014,0.00659435047033235,0.13831511574747515,0.15412216172783066
816,151690.0,110610.0,1110.0,36358.0,16531.0,55453.0,64958.09621385667,2014,0.007317555540905795,0.23968620212275035,0.10897883842046278
820,131628.0,106371.0,3120.0,16357.0,19343.0,52775.0,55239.184144676976,2014,0.023703163460661866,0.12426687330963017,0.1469520162883277
821,787.0,676.0,5.0,44.0,113.0,194.0,84096.0,2014,0.0063532401524777635,0.05590851334180432,0.14358322744599747
822,24947.0,22226.0,54.0,2103.0,4019.0,10139.0,42659.39020053344,2014,0.0021645889285284805,0.08429871327213694,0.16110153525474005
823,16163.0,12719.0,181.0,2775.0,2242.0,6303.0,57474.905216284984,2014,0.011198416135618387,0.1716884241786797,0.13871187279589184
824,53399.0,47753.0,282.0,3885.0,5244.0,21593.0,52498.89617005511,2014,0.005280997771493848,0.0727541714264312,0.09820408621884305
825,39577.0,27849.0,170.0,2445.0,5487.0,14771.0,51830.59197075351,2014,0.004295424109962857,0.061778305581524626,0.13864112994921293
826,94515.0,83172.0,863.0,7141.0,9133.0,38356.0,58236.74382796597,2014,0.00913082579484738,0.07555414484473363,0.0966301645241496
827,61716.0,55414.0,391.0,4246.0,4445.0,23284.0,73964.62637079087,2014,0.006335472162810292,0.0687990148421803,0.07202346231123209
828,37451.0,34434.0,231.0,1516.0,3055.0,16038.0,56803.87728639439,2014,0.006168059597874556,0.040479559958345575,0.08157325572080852
829,70933.0,58649.0,414.0,9514.0,8556.0,26187.0,66919.19347684778,2014,0.005836493592545078,0.1341265701436567,0.12062086757926493
830,21127.0,17121.0,37.0,3305.0,1737.0,7640.0,74491.41562376499,2014,0.0017513134851138354,0.15643489373787098,0.08221706820656033
831,22643.0,21095.0,22.0,945.0,1921.0,8109.0,67559.74225786551,2014,0.0009716027028220642,0.04173475246212958,0.08483858146005388
832,173530.0,144796.0,780.0,18365.0,25345.0,61391.0,45743.07194654934,2014,0.004494900017288077,0.10583184463781478,0.1460554371002132
833,187992.0,140534.0,560.0,41879.0,29334.0,67915.0,45969.03663278833,2014,0.002978850163836759,0.22277011787735648,0.1560385548321205
834,203423.0,175061.0,836.0,22002.0,34515.0,67467.0,47015.963234857925,2014,0.004109663115773536,0.10815886109240351,0.169671079474789
835,69441.0,62150.0,159.0,2232.0,8847.0,28374.0,43682.070240360896,2014,0.0022897135697930618,0.03214239426275543,0.12740311919471206
836,448584.0,357309.0,2247.0,72027.0,71227.0,153000.0,50250.45514098734,2014,0.005009095286501525,0.16056524530522712,0.15878185579512422
837,263392.0,221867.0,3360.0,20415.0,38116.0,105868.0,51646.88903162428,2014,0.012756651682663102,0.07750804883975215,0.1447120641477342
838,253051.0,231590.0,753.0,9409.0,37183.0,101285.0,45254.53665984761,2014,0.0029756847433916483,0.037182228088409056,0.14693875938052015
840,1299595.0,1087039.0,10097.0,136555.0,113268.0,384038.0,71930.29079414016,2014,0.0077693435262524094,0.10507504260942832,0.08715638333480816
841,603930.0,405132.0,12613.0,129291.0,99217.0,212252.0,54291.096107457175,2014,0.020884870763167918,0.21408275793552234,0.16428559601278295
843,181616.0,155994.0,1054.0,16971.0,23049.0,56516.0,55387.946856141716,2014,0.005803453440225531,0.09344441018412475,0.1269106246145714
844,190136.0,145523.0,2044.0,34694.0,26114.0,64388.0,53871.06249611729,2014,0.010750199856944503,0.1824693903311314,0.13734379601969116
845,55794.0,42373.0,242.0,4999.0,9429.0,19232.0,46190.15961047753,2014,0.004337383948094777,0.08959744775423881,0.16899666630820517
846,294982.0,243286.0,1499.0,36598.0,49240.0,82824.0,52764.244820341926,2014,0.005081665999959319,0.12406858723583133,0.1669254395183435
847,231018.0,200294.0,1169.0,20176.0,37953.0,76692.0,47704.29280730355,2014,0.005060211758391121,0.0873351860028223,0.1642858998000156
850,1360358.0,612752.0,86073.0,567136.0,328482.0,476893.0,47959.87646495126,2014,0.06327231508176524,0.41690202137966625,0.24146731963203805
851,407865.0,240916.0,18200.0,115784.0,62616.0,129245.0,52001.27912878642,2014,0.04462260797077464,0.2838782440268226,0.15352138575263874
852,1475725.0,1005666.0,47632.0,291223.0,185988.0,558886.0,65193.4694696235,2014,0.03227701638177845,0.19734232326483592,0.12603161158074844
853,1304676.0,720630.0,61773.0,444707.0,195010.0,460619.0,54714.2534601231,2014,0.04734738739733083,0.34085627389482137,0.14947005999957078
855,95012.0,56986.0,1040.0,24246.0,18893.0,34250.0,43367.68397080292,2014,0.010945985770218498,0.25518881825453626,0.19884856649686355
856,300497.0,164684.0,7684.0,109952.0,44304.0,111896.0,52024.27164643413,2014,0.02557097075844351,0.36590049151905013,0.14743574811063007
857,889120.0,469806.0,29521.0,328791.0,173557.0,346053.0,47974.673066030104,2014,0.03320249235198848,0.36979372863055604,0.195200872773079
859,77969.0,50998.0,278.0,9329.0,18020.0,26770.0,42394.67998354094,2014,0.003565519629596378,0.11965011735433313,0.23111749541484436
860,182230.0,85484.0,2052.0,24185.0,48602.0,57321.0,45385.24306890886,2014,0.011260494978872854,0.13271689623003896,0.2667069088514515
863,212301.0,172848.0,1151.0,29443.0,33593.0,91085.0,45202.393346873796,2014,0.005421547708206744,0.13868516869915828,0.15823288632648927
864,195206.0,152333.0,1890.0,31060.0,35426.0,79407.0,38439.882592214795,2014,0.009682079444279377,0.15911396166101452,0.18148007745663555
865,62951.0,1776.0,326.0,1338.0,25716.0,15424.0,26982.080199688797,2014,0.005178630998713285,0.021254626614350843,0.408508204794205
870,199456.0,78511.0,1486.0,83372.0,44180.0,69494.0,48394.11275921659,2014,0.007450264720038504,0.41799695170864754,0.22150248676399809
871,743052.0,308682.0,19448.0,356971.0,131646.0,288736.0,50353.00700986368,2014,0.026173134585466426,0.48041186888669973,0.17716929636149287
873,73811.0,7658.0,447.0,10454.0,26597.0,18387.0,33218.63957096967,2014,0.006056007912099822,0.14163200606955603,0.36033924482800667
874,123436.0,52521.0,615.0,24630.0,25354.0,39405.0,50531.293744448674,2014,0.00498233902589196,0.1995366019637707,0.20540198969506465
875,231546.0,85702.0,1353.0,127552.0,42175.0,94135.0,52209.28495778482,2014,0.005843331346687052,0.5508711012066717,0.18214523248080294
877,40773.0,12332.0,421.0,27030.0,9915.0,15565.0,32476.18710052295,2014,0.010325460476295588,0.6629387094400706,0.24317563093223457
878,18636.0,8247.0,164.0,7758.0,4542.0,5841.0,36723.54819380243,2014,0.008800171710667526,0.41629104958145524,0.24372182871860915
879,16273.0,8470.0,26.0,7319.0,3993.0,6009.0,27692.114661341322,2014,0.0015977385853868371,0.4497634117863946,0.24537577582498618
880,276112.0,87264.0,3568.0,177923.0,73408.0,98413.0,39291.86264283681,2014,0.012922292403082807,0.644387060323347,0.2658631280060265
881,72453.0,37696.0,3392.0,28633.0,15388.0,26107.0,39235.52344827586,2014,0.04681655694036134,0.3951941258471009,0.2123859605537383
882,187463.0,82746.0,3917.0,95801.0,31598.0,64965.0,49430.85550380903,2014,0.02089478990520796,0.5110395117969946,0.168555928369865
883,77679.0,46410.0,2419.0,22014.0,13706.0,31008.0,41816.04563940353,2014,0.031140977612997077,0.2833970571196849,0.17644408398666306
884,16851.0,7876.0,263.0,8355.0,2786.0,5846.0,30919.66117279667,2014,0.015607382351195775,0.49581627203133344,0.16533143433624117
890,599790.0,332288.0,62046.0,144151.0,80302.0,213328.0,57507.07604252606,2014,0.10344620617216026,0.24033578419113355,0.13388352590073194
891,1452295.0,637924.0,145831.0,459059.0,240139.0,521933.0,52210.40580282208,2014,0.10041417205182143,0.31609211627114325,0.1653513921069755
893,12234.0,9084.0,372.0,1484.0,1381.0,4377.0,53929.41809458533,2014,0.030407062285434036,0.12130129148275298,0.11288213176393656
894,289728.0,201255.0,4087.0,59443.0,38969.0,110717.0,55716.269182799195,2014,0.014106334216920698,0.20516829578087034,0.13450201568367573
895,283949.0,188162.0,6817.0,60755.0,46756.0,110422.0,54918.92991432867,2014,0.02400783239243667,0.21396447953681824,0.1646633726479051
897,66427.0,47470.0,824.0,13694.0,10388.0,25543.0,53500.257252476214,2014,0.012404594517289657,0.20615111325214144,0.15638219398738465
898,57365.0,39024.0,500.0,13464.0,5790.0,19758.0,73498.5545182404,2014,0.008716116098666434,0.23470757430488975,0.10093262442255731
900,2430980.0,501788.0,317469.0,1285051.0,632142.0,844980.0,47216.13912636985,2014,0.13059301187175543,0.528614385967799,0.260035870307448
902,1254864.0,332786.0,107225.0,690295.0,215382.0,399224.0,72982.0709050558,2014,0.08544750666207653,0.5500954685129226,0.17163772329112956
903,135823.0,4319.0,47749.0,78883.0,32807.0,42391.0,42423.63690405982,2014,0.35155312428675556,0.5807779242101854,0.2415423013775281
904,93830.0,64124.0,3580.0,13450.0,10366.0,47537.0,77984.81454446011,2014,0.03815410849408505,0.14334434615794522,0.11047639347756581
905,176218.0,60339.0,7264.0,40976.0,16041.0,62736.0,72693.10351313441,2014,0.041221668615010955,0.23253016150450012,0.09102929326175532
906,740410.0,155781.0,15339.0,452458.0,92933.0,213695.0,65065.03576124851,2014,0.020716900095892814,0.6110911521994571,0.12551559271214596
907,631085.0,152091.0,55936.0,291824.0,96303.0,197408.0,62870.94192737883,2014,0.08863465301821466,0.4624163147595015,0.15259909520904474
908,477844.0,133238.0,59565.0,200709.0,96883.0,166009.0,56565.7680788391,2014,0.12465365265651551,0.42003038648596613,0.20275026996258194
910,288457.0,118631.0,15906.0,73589.0,30760.0,100089.0,79622.17723226329,2014,0.05514166756223631,0.25511254710407444,0.10663634441181874
911,168878.0,66174.0,15118.0,52171.0,22314.0,64651.0,76820.17517130439,2014,0.08952024538424187,0.30892715451390945,0.1321308873861604
912,206442.0,129314.0,2102.0,35257.0,28796.0,74779.0,59465.11924470774,2014,0.010182036601079237,0.1707840458821364,0.1394871198690189
913,1396947.0,587041.0,46592.0,565929.0,180152.0,438790.0,76737.33312746417,2014,0.033352732780842796,0.4051184475860573,0.12896122759131162
914,313410.0,114811.0,12513.0,149256.0,64257.0,108407.0,55827.79006890699,2014,0.039925337417440414,0.47623241121853166,0.20502536613381833
915,107539.0,60816.0,1923.0,27943.0,10763.0,42517.0,67671.01150128184,2014,0.017881884711593004,0.259840615962581,0.1000846204632738
916,217286.0,94770.0,11783.0,89077.0,39166.0,83469.0,55484.47313373828,2014,0.0542280680761761,0.409952781127178,0.18025091354251999
917,1960408.0,406696.0,71780.0,1002321.0,267981.0,556984.0,65262.8278855407,2014,0.036614827117620416,0.5112818352098135,0.13669654480087817
918,84378.0,8492.0,1120.0,29801.0,12275.0,29051.0,53045.44910674331,2014,0.01327360212377634,0.35318447936665953,0.14547630899049516
919,561800.0,176105.0,29590.0,273712.0,77307.0,177920.0,62396.09240386075,2014,0.05266998932004272,0.4872054111783553,0.1376059095763617
920,1275134.0,755683.0,33060.0,365283.0,174857.0,432266.0,67586.10506262348,2014,0.025926686920747153,0.2864663635351265,0.13712833317910117
921,1341673.0,577396.0,87131.0,399025.0,203733.0,473615.0,69645.10610763423,2014,0.06494205368968445,0.2974085339721378,0.15184996642251875
922,787299.0,289873.0,25775.0,432452.0,159501.0,267126.0,47756.62252396944,2014,0.03273851484632903,0.5492855954345173,0.20259266174604565
923,1149355.0,391823.0,99740.0,574852.0,223452.0,333213.0,54065.467980768655,2014,0.08677910654236506,0.500151824284055,0.19441512848510686
924,241441.0,40061.0,30198.0,153873.0,77028.0,64046.0,38395.885972582204,2014,0.12507403465028724,0.6373109786655953,0.319034463906296
925,1415645.0,533040.0,98982.0,650111.0,237962.0,409485.0,59269.370687570976,2014,0.06992007176940547,0.45923307043785694,0.16809440219829125
926,1316707.0,781000.0,17062.0,237394.0,127040.0,485996.0,89489.49097523437,2014,0.012958084068817132,0.18029371758485374,0.0964831203904893
927,496404.0,102585.0,5934.0,306156.0,86991.0,129287.0,65673.02031140022,2014,0.01195397297362632,0.6167476490922716,0.17524234293035512
928,1258109.0,439134.0,31709.0,514719.0,170553.0,369154.0,73830.27723930933,2014,0.025203698566658373,0.4091211492803883,0.13556297586298166
930,697847.0,297509.0,11940.0,326643.0,82611.0,219429.0,73821.399196066,2014,0.01710976761381793,0.46807251446233916,0.11837981677932269
931,191187.0,109183.0,2259.0,62148.0,30138.0,66336.0,74097.19782621803,2014,0.01181565692228028,0.3250639426320827,0.1576362409578057
932,788078.0,242546.0,22457.0,476540.0,196355.0,219770.0,43630.68513183227,2014,0.02849591030329485,0.6046863381543451,0.24915680935135862
933,536599.0,201388.0,32696.0,261584.0,121116.0,165879.0,54831.243677620434,2014,0.060931906321107565,0.4874850679930451,0.22571044672092194
934,498886.0,277142.0,9978.0,178575.0,75800.0,172011.0,59019.96025835557,2014,0.020000561250466037,0.35794750704569783,0.1519385190203774
935,530993.0,216468.0,64802.0,212169.0,102434.0,165793.0,55526.61382722008,2014,0.12203927358741076,0.39957023915569506,0.19291026435376737
936,596013.0,194011.0,10188.0,353578.0,142540.0,173321.0,50052.163534170846,2014,0.017093586884849826,0.5932387380812163,0.23915585733868222
937,577640.0,174162.0,39700.0,274716.0,168152.0,182530.0,46785.4919958363,2014,0.06872792742884842,0.4755834083512222,0.2911017242573229
939,393092.0,128381.0,10806.0,217155.0,64235.0,117212.0,61546.6787359656,2014,0.027489747947045475,0.55242793035727,0.1634095835071688
940,840622.0,354490.0,16228.0,185327.0,61274.0,302438.0,103433.2898114655,2014,0.019304752909155364,0.22046413251140226,0.07289126384986355
941,829130.0,343363.0,45673.0,126567.0,108345.0,348807.0,80487.69159162517,2014,0.055085451014919254,0.1526503684585047,0.13067311519303365
943,108406.0,45864.0,5783.0,24848.0,9519.0,36332.0,102691.47148519212,2014,0.053345755769975835,0.2292124052174234,0.08780879287124328
944,136221.0,62817.0,2643.0,28224.0,8796.0,51697.0,98535.65288121167,2014,0.019402294800361177,0.20719272358887397,0.06457154183275707
945,2343582.0,970915.0,176130.0,546429.0,229706.0,805264.0,85927.37651751476,2014,0.0751541870521279,0.23315975289108723,0.09801491904273031
946,421194.0,117435.0,104701.0,105527.0,84901.0,164795.0,60102.711663329086,2014,0.2485814137903199,0.25054250535382744,0.20157219713481198
947,142692.0,79478.0,10603.0,15245.0,23410.0,55976.0,76481.10763950953,2014,0.07430689877498388,0.10683850531214084,0.16405965295882038
948,170638.0,33081.0,33156.0,71829.0,29113.0,57063.0,54613.081313635805,2014,0.1943060748485097,0.42094375227088926,0.17061264196720544
949,384994.0,272598.0,7974.0,68486.0,36956.0,150859.0,86515.56718664024,2014,0.020712011096276826,0.17788848657381673,0.09599110635490424
950,839257.0,373702.0,12693.0,243992.0,90467.0,284165.0,90791.85508057335,2014,0.015124091905101774,0.2907238188063966,0.10779415602133792
951,1009800.0,278762.0,28731.0,339697.0,117100.0,317121.0,87450.94299652183,2014,0.028452168746286394,0.3364002772826302,0.11596355714002773
952,506312.0,179541.0,35342.0,197700.0,113360.0,163842.0,49206.1768514277,2014,0.06980280933495552,0.3904706979095893,0.22389356760258497
953,1044546.0,464366.0,33883.0,430661.0,192469.0,331225.0,53247.85417610496,2014,0.03243801613332491,0.41229491089908915,0.18426091335374412
954,513985.0,338549.0,7139.0,129077.0,77270.0,199045.0,56556.150779129384,2014,0.013889510394272206,0.2511298967868712,0.15033512651147407
955,165556.0,122969.0,2573.0,19388.0,33272.0,63839.0,42015.42149783048,2014,0.015541569015922106,0.11710841044722027,0.2009712725603421
956,1186442.0,774886.0,44741.0,221566.0,153479.0,429891.0,65355.341490539875,2014,0.03771022940860152,0.18674827762334778,0.12936072728376102
957,326625.0,186502.0,17284.0,49582.0,26873.0,107490.0,87221.37492672852,2014,0.052916953693073095,0.15180099502487562,0.08227477994642174
958,818702.0,320674.0,98808.0,210688.0,179263.0,298536.0,50841.086518878794,2014,0.12068860220202222,0.25734394199598876,0.2189600123121722
959,519008.0,346643.0,7769.0,108281.0,98292.0,192324.0,47139.10483253962,2014,0.01496894074850484,0.20863069548060917,0.18938436401751033
960,299830.0,236961.0,2740.0,35715.0,55625.0,117417.0,42982.56178406875,2014,0.009138511823366575,0.11911749991661942,0.18552179568422106
961,111794.0,79561.0,3117.0,22776.0,14430.0,41667.0,54164.57464944295,2014,0.027881639443977316,0.20373186396407678,0.12907669463477467
967,976017.0,238235.0,16844.0,107962.0,110793.0,300121.0,70775.44815311082,2014,0.01725789612271098,0.11061487658514145,0.11351544081711691
968,416638.0,80123.0,8200.0,25523.0,42959.0,150129.0,67245.45034608185,2014,0.01968135407716051,0.061259414647727765,0.10310869387813881
970,789414.0,593650.0,9798.0,114601.0,101484.0,294080.0,61489.084387913004,2014,0.012411738327417553,0.1451722416881383,0.1285561188425845
971,325878.0,243528.0,2377.0,54991.0,45440.0,116567.0,59379.19037978158,2014,0.007294140752060587,0.16874719987234488,0.13943868564309342
972,868816.0,631604.0,42270.0,84223.0,139902.0,357775.0,58242.21514918594,2014,0.04865241892414504,0.09693997348115135,0.1610260400360951
973,603919.0,465311.0,4916.0,90041.0,111263.0,226592.0,47565.93566410112,2014,0.008140164492258068,0.14909449777205222,0.18423497190848442
974,558915.0,476705.0,3873.0,39065.0,108246.0,229799.0,43143.59757875361,2014,0.006929497329647621,0.06989434887236878,0.1936716674270685
975,287528.0,242270.0,1550.0,29151.0,51914.0,116435.0,42211.965285352344,2014,0.0053907793327954145,0.1013849086002059,0.18055285050499428
976,70702.0,56882.0,566.0,7795.0,12802.0,29416.0,40181.87959183673,2014,0.008005431246640831,0.11025147803456763,0.18106984243727192
977,217395.0,184940.0,875.0,18863.0,35405.0,86496.0,47919.33546185436,2014,0.0040249315761632055,0.08676832493847604,0.16286023137606662
978,146091.0,112602.0,775.0,25013.0,24306.0,55146.0,44951.828700511665,2014,0.005304912691404672,0.17121520148400654,0.16637575209971867
979,31575.0,20008.0,305.0,9986.0,7976.0,10643.0,35198.1764429404,2014,0.009659540775930325,0.31626286619160726,0.2526049089469517
980,1403109.0,910716.0,57005.0,129457.0,132344.0,531173.0,83333.88775973176,2014,0.04062763477391992,0.09226439285900098,0.09432196643311389
981,895316.0,563053.0,72267.0,77414.0,125124.0,388860.0,66467.22651596976,2014,0.08071675252089765,0.08646556076290382,0.13975400864052467
982,894192.0,697499.0,14322.0,91408.0,111418.0,338386.0,61738.72166462741,2014,0.016016694401202427,0.10222413083543579,0.12460187521248232
983,722671.0,574471.0,19779.0,49812.0,74407.0,274141.0,63393.65605481291,2014,0.027369300829838197,0.06892763096900249,0.10296109848049805
984,410662.0,245572.0,40680.0,49464.0,63916.0,156322.0,52417.285560744676,2014,0.09905956723534196,0.1204494206914689,0.15564137904164496
985,482238.0,385099.0,9043.0,40187.0,68881.0,186664.0,55262.266469039976,2014,0.01875215142730353,0.08333437016576876,0.14283610997059543
986,585546.0,480262.0,9127.0,47092.0,76320.0,218865.0,57010.6373700683,2014,0.01558716138441728,0.0804240828218449,0.13033988789949894
988,223269.0,149331.0,1207.0,62391.0,38158.0,81731.0,48312.02482594917,2014,0.005406034872731996,0.27944318288701075,0.17090594753414043
989,289017.0,149423.0,1974.0,118814.0,63779.0,96576.0,44776.85827741882,2014,0.00683004805945671,0.4110969250943716,0.22067560039720846
990,141983.0,124756.0,1706.0,6324.0,17018.0,51532.0,58710.97532159652,2014,0.01201552298514611,0.04454054358620398,0.11985941978969314
991,116765.0,98052.0,1209.0,4675.0,26368.0,46707.0,38446.13010897724,2014,0.010354130090352418,0.040037682524729154,0.22582109364963815
992,349014.0,297423.0,7029.0,17551.0,57171.0,141766.0,48774.96501276752,2014,0.0201395932541388,0.050287381021964735,0.16380718251989893
993,363394.0,226086.0,5096.0,114667.0,58139.0,123255.0,57537.59601278764,2014,0.014023346560482562,0.3155445604495396,0.1599888825902464
994,22027.0,20245.0,116.0,742.0,3321.0,9427.0,43130.700116686116,2014,0.005266264130385436,0.033685930902982705,0.15076951014663822
995,326358.0,193050.0,16972.0,25480.0,28435.0,113269.0,80159.04139702831,2014,0.05200424074176212,0.07807377174759007,0.0871282456688667
996,191505.0,133408.0,1647.0,8309.0,22061.0,63269.0,68095.47524063918,2014,0.008600297642359207,0.04338790109918801,0.11519803660478839
997,137358.0,84611.0,4470.0,7852.0,14909.0,46773.0,69077.92902660166,2014,0.032542698641506135,0.05716448987317812,0.10854118435038367
998,50653.0,33408.0,555.0,2744.0,3694.0,19628.0,76159.46566130019,2014,0.01095690284879474,0.05417250705782481,0.07292756598819418
999,21793.0,13402.0,75.0,830.0,2641.0,8618.0,56704.71415270019,2014,0.003441472032303951,0.03808562382416372,0.12118570183086312
