zip3,total_pop,white_nh,black_nh,hispanic,poverty_count,total_households,median_income_approx,year,share_black,share_hispanic,poverty_rate
006,1211700.0,13101.0,674.0,1194668.0,626196.0,382112.0,16056.64704327527,2012,0.0005562432945448543,0.9859437154411158,0.5167912849715276
007,1366061.0,5916.0,897.0,1358110.0,634895.0,433989.0,19140.37026975338,2012,0.0006566324637040366,0.9941796156979813,0.4647632865589458
009,1136872.0,10275.0,2063.0,1121055.0,396500.0,400923.0,27129.111432868656,2012,0.0018146282079249028,0.9860872640015762,0.34876397694727285
010,470242.0,396267.0,10098.0,43650.0,51535.0,181622.0,59144.092318111245,2012,0.021474049531943127,0.09282454565946896,0.10959250768753111
011,169081.0,69716.0,29847.0,61138.0,42762.0,61398.0,43040.38305808007,2012,0.17652486086550234,0.3615900071563334,0.2529083693614303
012,130447.0,118006.0,3438.0,4524.0,15453.0,55430.0,48875.524860184014,2012,0.02635553136522879,0.03468075156960298,0.11846190406831894
013,83344.0,76868.0,489.0,3006.0,9859.0,34874.0,53327.97981304123,2012,0.005867248992129008,0.03606738337492801,0.1182928585141102
014,212623.0,179398.0,5813.0,18371.0,20773.0,79325.0,69033.45459817207,2012,0.027339469389482795,0.08640175333806785,0.09769874378594978
015,373327.0,327970.0,5311.0,17615.0,21625.0,138052.0,80126.51828296584,2012,0.014226134193347922,0.047183836154363334,0.05792508980063055
016,189019.0,118299.0,18911.0,36934.0,34600.0,72499.0,48253.15794700616,2012,0.10004814330834466,0.19539834619800125,0.18305038117861167
017,380720.0,312319.0,9650.0,22520.0,20633.0,144133.0,96400.70162974476,2012,0.025346711494011347,0.05915108216011767,0.05419468375709183
018,714744.0,529321.0,16731.0,103619.0,68178.0,262552.0,77538.35821856241,2012,0.023408381182633223,0.14497358494789742,0.09538799905980323
019,478051.0,394029.0,15752.0,46673.0,43704.0,187135.0,72549.27047853154,2012,0.03295045926062282,0.09763184262766943,0.09142120819745174
020,401255.0,361552.0,10392.0,9575.0,16915.0,148401.0,96178.83586363973,2012,0.02589874269479508,0.023862630995252397,0.04215523794096024
021,1290378.0,748885.0,191789.0,181374.0,198207.0,519618.0,61655.35821314889,2012,0.14863009133757704,0.14055881299898168,0.1536038277155996
022,25624.0,18388.0,862.0,1728.0,4827.0,9083.0,40434.245623692615,2012,0.033640337183890104,0.06743677802060569,0.1883780830471433
023,441700.0,346230.0,54739.0,18259.0,34857.0,157222.0,73838.63641625851,2012,0.12392800543355219,0.04133801222549242,0.07891555354312882
024,408494.0,315756.0,10988.0,23479.0,26538.0,157003.0,104735.00989790005,2012,0.026898803899200477,0.057476976406018204,0.06496545848898637
025,116149.0,104544.0,2710.0,2641.0,10148.0,47206.0,65482.04501546414,2012,0.023332099286261614,0.0227380347656889,0.08737053267785344
026,148466.0,136530.0,3320.0,3481.0,14183.0,67003.0,58972.93209738331,2012,0.022362022281195694,0.023446445650856088,0.0955302897633128
027,526927.0,452321.0,16501.0,31819.0,63489.0,203138.0,57876.579217083956,2012,0.03131553327121214,0.060385973768662456,0.1204891759200041
028,672137.0,573286.0,22463.0,45968.0,69100.0,268556.0,63599.57449264999,2012,0.033420269974722416,0.06839081913359925,0.10280642190505805
029,380334.0,230516.0,32132.0,85348.0,64362.0,142083.0,48462.86415529935,2012,0.08448363806548981,0.22440276178306437,0.16922494439098265
030,378295.0,340950.0,3320.0,16614.0,19802.0,142438.0,80695.16162119659,2012,0.008776219616965595,0.04391810623983928,0.05234539182384118
031,148489.0,126161.0,5485.0,8961.0,16327.0,57540.0,66007.0204379562,2012,0.036938763140704024,0.06034790455858683,0.10995427270706921
032,187419.0,179017.0,811.0,2459.0,17237.0,74244.0,60251.589705941784,2012,0.004327202684893207,0.013120334651236,0.0919703978785502
033,61363.0,57159.0,1089.0,1047.0,5412.0,24644.0,61095.30607855868,2012,0.017746850708081418,0.017062399165620978,0.08819647018561674
034,83862.0,80160.0,481.0,1016.0,7770.0,33189.0,58356.98689324776,2012,0.005735613269418807,0.012115141542057188,0.09265221435214996
035,46174.0,44190.0,192.0,643.0,5647.0,20457.0,43604.3223835362,2012,0.004158184259540001,0.013925585827521982,0.12229826309178325
036,13658.0,12947.0,87.0,247.0,1134.0,5677.0,53104.908930773294,2012,0.00636989310294333,0.018084639039390834,0.08302826182457168
037,77741.0,71882.0,744.0,1426.0,7252.0,30549.0,62186.43107794036,2012,0.009570239641887806,0.018342959313618297,0.09328411005775589
038,320541.0,302473.0,2080.0,4942.0,27227.0,128143.0,65993.28377766679,2012,0.00648902948452772,0.015417684477180766,0.08494077200732511
039,48679.0,46547.0,282.0,859.0,2801.0,20110.0,66293.91233217304,2012,0.005793052445613098,0.017646212946034225,0.057540212411923
040,337463.0,320932.0,2796.0,3893.0,31930.0,135473.0,58625.54640484276,2012,0.008285352764599378,0.011536079510938976,0.09461778031962023
041,112930.0,98310.0,5026.0,3090.0,16039.0,50393.0,54768.300180580634,2012,0.04450544585141238,0.027362082706101125,0.14202603382626405
042,176471.0,165380.0,1974.0,2448.0,24596.0,71557.0,45313.56443587163,2012,0.011185973899394235,0.013871967632075525,0.1393770081203144
043,82431.0,79064.0,290.0,1061.0,9534.0,35323.0,50179.17334314752,2012,0.0035180939209763316,0.012871371207434097,0.11566037049168396
044,176794.0,167874.0,1148.0,1911.0,28303.0,72178.0,44128.38472941894,2012,0.006493433035057751,0.010809190357138817,0.16009027455682887
045,48446.0,46690.0,355.0,431.0,5989.0,21115.0,50273.857778830214,2012,0.007327746356768361,0.008896503323287784,0.12362217726953721
046,73653.0,69003.0,272.0,969.0,10985.0,32719.0,43518.23399248143,2012,0.0036929928176720568,0.013156286912956703,0.1491453165519395
047,72379.0,68741.0,416.0,695.0,11348.0,30650.0,37676.79755301795,2012,0.005747523452935244,0.00960223269180287,0.15678580803824313
048,40026.0,38745.0,208.0,309.0,4228.0,17188.0,49381.66779148243,2012,0.005196622195572878,0.0077199820116924,0.105631339629241
049,159717.0,153364.0,915.0,1575.0,25883.0,66447.0,40753.01145820769,2012,0.005728882961738575,0.009861191983320498,0.16205538546303774
050,61467.0,59013.0,244.0,558.0,6494.0,26390.0,56020.39401288367,2012,0.003969609709274896,0.009078041876128654,0.10565018627881627
051,29607.0,28012.0,118.0,660.0,3420.0,12794.0,47957.69430983273,2012,0.003985543959198838,0.022292025534501977,0.11551322322423752
052,33317.0,31742.0,163.0,510.0,4373.0,13975.0,49785.1030411449,2012,0.004892397274664586,0.015307500675330913,0.13125431461416093
053,37122.0,35122.0,367.0,571.0,3590.0,16115.0,52648.387961526525,2012,0.009886320780130381,0.015381714347287323,0.09670815150045795
054,234401.0,216226.0,3164.0,3971.0,24268.0,93043.0,62657.51279212263,2012,0.013498235929027607,0.016941054005742296,0.10353198151885018
056,85139.0,80921.0,679.0,1405.0,8181.0,35159.0,56422.12187491112,2012,0.007975193507088408,0.016502425445448034,0.09608992353680453
057,82212.0,78654.0,475.0,1070.0,10186.0,33976.0,50293.69404874029,2012,0.005777745341312704,0.013015131610957038,0.12389918746654989
058,58512.0,56035.0,395.0,685.0,8340.0,23729.0,42618.42041332771,2012,0.006750751982499316,0.011707000273448181,0.14253486464315013
059,3721.0,3625.0,17.0,22.0,559.0,1649.0,39869.24499696786,2012,0.004568664337543671,0.005912389142703574,0.15022843321687718
060,672288.0,518109.0,50480.0,64431.0,50428.0,264384.0,74515.83801213387,2012,0.07508686753296206,0.09583839068970441,0.07500951972963968
061,296444.0,137252.0,61423.0,76826.0,54114.0,115180.0,55072.478668171556,2012,0.20719933613093872,0.2591585594581101,0.18254375193965808
062,166352.0,140871.0,3336.0,13377.0,16488.0,57969.0,69022.7421330481,2012,0.020053861690872365,0.08041382129460421,0.09911512936423969
063,268590.0,210196.0,13511.0,22896.0,22204.0,104802.0,67159.89788769365,2012,0.05030343646449979,0.08524516921702223,0.08266875162887673
064,717856.0,606902.0,23234.0,54326.0,41769.0,276504.0,80814.54700112838,2012,0.03236582267195649,0.07567813043284446,0.05818576427584363
065,289558.0,152451.0,65736.0,50886.0,46205.0,110797.0,54575.25784994179,2012,0.2270218747193999,0.1757368126592945,0.15957079410688013
066,239395.0,105902.0,56081.0,64534.0,37210.0,85660.0,59883.16835162269,2012,0.23426136719647445,0.26957121076045865,0.15543348858581008
067,332868.0,248813.0,23196.0,47248.0,37252.0,129731.0,64327.087874139565,2012,0.0696852806517899,0.14194215124313542,0.11191222947234339
068,466397.0,360724.0,18922.0,53901.0,25767.0,170133.0,112927.67883949616,2012,0.04057058686055013,0.11556892518605394,0.055246924830133985
069,122772.0,61522.0,17975.0,31760.0,13198.0,45169.0,82349.95284376453,2012,0.1464096047958818,0.25869090672140227,0.10750008145179683
070,1686155.0,818849.0,229570.0,456710.0,173014.0,614508.0,75937.67554368699,2012,0.1361499980725378,0.27085884749622663,0.10260859766747422
071,394914.0,70378.0,186499.0,115805.0,89189.0,136841.0,42032.08859917715,2012,0.4722521865520088,0.29324106007890327,0.2258441078310721
072,180621.0,37902.0,46795.0,87147.0,29519.0,59419.0,47807.052895538465,2012,0.2590784017362322,0.48248542528277444,0.16343060884393287
073,248157.0,53435.0,59656.0,69091.0,43227.0,95386.0,63318.26839368461,2012,0.2403962007922404,0.2784164863372784,0.1741921444891742
074,461318.0,378803.0,7063.0,39374.0,17707.0,163104.0,102430.84958676672,2012,0.015310479972600245,0.08535110271006117,0.038383501185733054
075,197787.0,49962.0,44180.0,94627.0,43070.0,61022.0,47680.8516928321,2012,0.2233716068295692,0.4784288148361621,0.21775950896671672
076,492770.0,278001.0,37872.0,84274.0,33785.0,177859.0,86633.49331774046,2012,0.07685532804350914,0.17102096312681372,0.06856139781236682
077,601257.0,455480.0,43080.0,60357.0,40544.0,223155.0,86598.21695682373,2012,0.0716498934731737,0.10038469406593187,0.06743206316101101
078,361242.0,285143.0,10332.0,43832.0,17090.0,132906.0,91349.61980354523,2012,0.0286013254272759,0.12133694310185415,0.04730900615100127
079,256635.0,202460.0,7940.0,21320.0,11105.0,93306.0,117365.24788330868,2012,0.030938882069865763,0.08307518460069749,0.04327157246673291
080,1160734.0,869767.0,146442.0,70736.0,81926.0,434700.0,74244.11785315804,2012,0.12616327254995546,0.06094074956019208,0.07058120120544414
081,158992.0,54562.0,44898.0,51327.0,36646.0,56245.0,47595.94771090764,2012,0.28239156687128913,0.3228275636510013,0.2304895843816041
082,251640.0,180727.0,23795.0,29945.0,23361.0,98162.0,60625.69140808052,2012,0.09455968844380862,0.11899936417103799,0.09283500238435861
083,242827.0,142508.0,38343.0,50968.0,30431.0,81051.0,57725.1886713304,2012,0.15790253966815881,0.20989428687913617,0.12531967202988137
084,57984.0,23122.0,15428.0,11534.0,13720.0,24261.0,40457.4768558592,2012,0.2660733995584989,0.1989169426048565,0.23661699779249448
085,310772.0,217716.0,17154.0,23696.0,12115.0,110592.0,105862.49085828994,2012,0.05519802298791397,0.0762488255055153,0.038983563512800384
086,267794.0,135983.0,68501.0,45815.0,32485.0,93958.0,66775.30104940505,2012,0.25579736663256086,0.17108299663173931,0.12130592918437307
087,453296.0,388569.0,13467.0,38393.0,50057.0,176379.0,61416.309050397154,2012,0.029709064275881544,0.08469741625780947,0.11042894708976034
088,898562.0,526714.0,69155.0,124896.0,52965.0,319345.0,87529.59426638902,2012,0.07696185683347392,0.13899541712202385,0.05894417970045473
089,110416.0,38743.0,15095.0,37818.0,18603.0,34675.0,64050.73805335256,2012,0.13671025938269815,0.34250470946239675,0.1684810172438777
100,1512895.0,708023.0,203652.0,394173.0,264284.0,696286.0,74018.25152308104,2012,0.13461079585827174,0.2605422055066611,0.174687602246025
101,61036.0,45467.0,2224.0,5969.0,4428.0,32354.0,98625.44418000865,2012,0.03643751228783013,0.09779474408545777,0.07254734910544597
102,13117.0,8446.0,116.0,2015.0,486.0,6125.0,165840.60604081632,2012,0.008843485553099032,0.15361744301288405,0.03705115498970801
103,468374.0,300585.0,44665.0,80439.0,52237.0,163675.0,72786.11136703833,2012,0.09536182623288227,0.17174095914803128,0.11152839397575443
104,1386077.0,151311.0,416125.0,745661.0,398536.0,476647.0,36195.19529966621,2012,0.30021780896732286,0.5379650625470302,0.28752803776413577
105,646650.0,431839.0,67343.0,104698.0,43772.0,229690.0,102699.62287430886,2012,0.10414134384906827,0.16190829660558262,0.06769040439186577
106,81266.0,38727.0,12775.0,22269.0,6528.0,31152.0,84099.08583718541,2012,0.15719981295990942,0.27402603794944996,0.08032879679078582
107,227633.0,107225.0,33012.0,69822.0,31538.0,85469.0,64418.53195895588,2012,0.1450229096835696,0.3067305706993274,0.13854757438508478
108,85971.0,44132.0,15295.0,21047.0,8912.0,31082.0,84143.07499517406,2012,0.1779088297216503,0.24481511207267567,0.1036628630584732
109,537349.0,364816.0,52448.0,84857.0,65232.0,170956.0,82794.97403425442,2012,0.09760509464054087,0.15791785227105662,0.12139596426158791
110,248721.0,146413.0,27124.0,32164.0,12232.0,83161.0,100150.3306838542,2012,0.10905391985397292,0.12931758878422006,0.049179602848171244
111,198860.0,95931.0,10538.0,57225.0,31642.0,87092.0,53476.775386947134,2012,0.05299205471185759,0.28776526199336216,0.15911696671024841
112,2512740.0,896464.0,809821.0,497620.0,565764.0,911995.0,47933.153714658525,2012,0.32228603038913695,0.19803879430422566,0.2251581938441701
113,1157042.0,370634.0,45987.0,367325.0,166137.0,408404.0,56899.924743636206,2012,0.039745316073228114,0.31746902878201483,0.14358770036005608
114,751339.0,97851.0,300210.0,165339.0,94756.0,232394.0,62079.71585755226,2012,0.3995666403580807,0.22005912111576797,0.12611617392415408
115,716972.0,415019.0,111137.0,133978.0,53189.0,236119.0,94268.69709341477,2012,0.1550088427442076,0.18686643271982728,0.074185602785046
116,115352.0,41213.0,43646.0,25513.0,23856.0,39548.0,49649.58296247598,2012,0.3783722865663361,0.22117518551910673,0.2068104584229142
117,1569610.0,1152556.0,93898.0,236019.0,78712.0,512266.0,95668.25550202435,2012,0.059822503679257906,0.150367925790483,0.05014748886666114
118,71883.0,53873.0,639.0,5534.0,2762.0,24088.0,105727.00410993026,2012,0.008889445348691623,0.07698621370838724,0.03842354937885174
119,245735.0,186801.0,14045.0,35451.0,19997.0,92312.0,75257.90185391858,2012,0.05715506541599691,0.14426516369259568,0.08137627932528944
120,328889.0,296367.0,6637.0,13581.0,29405.0,130903.0,63544.66449966769,2012,0.020180060749979477,0.04129356713055164,0.08940706438950527
121,281175.0,244398.0,12235.0,10854.0,29722.0,112547.0,60782.30023012608,2012,0.043513825909131325,0.03860229394505201,0.10570641059838179
122,151954.0,97979.0,31593.0,9702.0,26033.0,61122.0,52366.71949543536,2012,0.20791160482777682,0.06384826987114521,0.17132158416362847
123,162450.0,125837.0,14475.0,9226.0,18244.0,61480.0,59304.10102472349,2012,0.08910433979686057,0.056792859341335794,0.11230532471529701
124,154456.0,129168.0,7213.0,11957.0,19348.0,62453.0,53941.31807479779,2012,0.0466993836432382,0.07741363236131973,0.1252654477650593
125,448403.0,335148.0,34241.0,57662.0,41349.0,161338.0,70970.3630367946,2012,0.07636211176107208,0.1285941441069752,0.0922139236356581
126,87189.0,55138.0,15014.0,11042.0,12150.0,31622.0,60330.79381443299,2012,0.17220062163805067,0.12664441615341385,0.1393524412483226
127,98794.0,74641.0,7009.0,12720.0,15853.0,37936.0,48011.1340990099,2012,0.07094560398404762,0.12875275826467195,0.16046521043788084
128,225193.0,212406.0,3698.0,4392.0,22327.0,92965.0,56436.24081105793,2012,0.01642146958386806,0.019503270527947137,0.09914606581909739
129,164047.0,147877.0,7440.0,4657.0,21152.0,63166.0,49206.21609169925,2012,0.04535285619365182,0.02838820581906405,0.12893865782367248
130,385315.0,355741.0,8304.0,8463.0,36103.0,152335.0,58946.55078058324,2012,0.02155119837016467,0.021963847760922882,0.09369736449398544
131,180875.0,169429.0,2263.0,4062.0,19843.0,68485.0,57656.335017744736,2012,0.012511402902557015,0.02245749827228749,0.109705597788528
132,229395.0,153736.0,43996.0,13588.0,51128.0,90413.0,41478.432327209586,2012,0.1917914514265786,0.05923407223348373,0.222881928551189
133,143427.0,136758.0,1526.0,2157.0,18488.0,55938.0,48811.0591011477,2012,0.010639558799947012,0.015039009391537158,0.12890181067720863
134,186852.0,172075.0,4653.0,5118.0,21059.0,72735.0,52166.94628445728,2012,0.024902061524629118,0.02739066212831546,0.11270417228608738
135,71663.0,49564.0,8035.0,6386.0,18546.0,28251.0,34821.28193692258,2012,0.11212201554498137,0.08911153593904804,0.2587946360046328
136,237257.0,208510.0,8150.0,8950.0,36796.0,90325.0,45298.443521042485,2012,0.03435093590494696,0.0377228069140215,0.15508920706238383
137,137798.0,126884.0,2942.0,3338.0,16947.0,56541.0,49474.418262853505,2012,0.021350092163892075,0.024223863916747704,0.12298436842334431
138,140130.0,129988.0,1997.0,3491.0,17708.0,55514.0,48941.741776849085,2012,0.014251052594019839,0.024912581174623565,0.12636837222579034
139,81789.0,65614.0,5943.0,3727.0,17544.0,31253.0,39046.54756343391,2012,0.07266258298793236,0.045568474978297815,0.21450317279829806
140,446841.0,406262.0,11370.0,14169.0,38754.0,174374.0,60674.440444102904,2012,0.02544529262086514,0.03170926571196466,0.08672883643175089
141,198686.0,186517.0,2873.0,4117.0,18288.0,81141.0,56019.66144080853,2012,0.014460002214549591,0.020721137875844297,0.0920447339017344
142,563894.0,383377.0,113444.0,33953.0,104548.0,239871.0,43978.93295146141,2012,0.2011796543321972,0.060211670987809766,0.18540363969114762
143,66389.0,50188.0,11399.0,1566.0,12898.0,28096.0,37517.11973234624,2012,0.17170013104580578,0.023588245040594074,0.19427917275452258
144,304239.0,277475.0,8496.0,9320.0,28377.0,117856.0,58802.27268870486,2012,0.027925413901570804,0.03063381091838982,0.09327206571149656
145,320254.0,290959.0,8467.0,8694.0,27480.0,123585.0,65062.857337055466,2012,0.0264383895283119,0.02714720190848514,0.08580689078044303
146,478169.0,301011.0,100746.0,47433.0,86362.0,192398.0,46113.6941508031,2012,0.2106911991367069,0.09919714577900282,0.1806097844067683
147,179320.0,164964.0,3029.0,5510.0,31022.0,72876.0,42114.9542889313,2012,0.01689159045282177,0.030727191612759313,0.172997992415793
148,284822.0,253846.0,6731.0,7308.0,41825.0,112854.0,48763.076011732286,2012,0.0236323036844064,0.025658130341055116,0.14684610037146006
149,49288.0,41036.0,4521.0,1451.0,9997.0,19563.0,39939.43265347851,2012,0.09172618081480279,0.029439214413244603,0.20282827463074177
150,446817.0,405718.0,21534.0,5428.0,48872.0,184710.0,53509.54902820638,2012,0.04819422716682669,0.01214815013752834,0.10937811229205693
151,368048.0,309840.0,39769.0,4604.0,41850.0,157466.0,52844.86953374062,2012,0.10805384080337348,0.012509237925487979,0.11370799460939877
152,687076.0,520919.0,112943.0,13036.0,96735.0,298990.0,49942.05403525202,2012,0.16438210620076965,0.0189731558080911,0.14079228498739585
153,183943.0,171669.0,6395.0,2139.0,18302.0,72322.0,55333.30826028041,2012,0.034766204748210044,0.011628602338767988,0.09949821412067869
154,145308.0,134966.0,6097.0,1222.0,27037.0,57720.0,38185.77105153638,2012,0.04195914884245878,0.008409722795716685,0.18606683733861865
155,89078.0,85021.0,1966.0,1065.0,11538.0,34466.0,42120.86125456972,2012,0.022070544915691867,0.011955814005702867,0.12952693145333302
156,311842.0,299389.0,4151.0,2621.0,27341.0,130020.0,52518.3184248794,2012,0.013311228121933543,0.008404897351864084,0.08767581018592749
157,111075.0,105444.0,2422.0,1096.0,18020.0,43873.0,42897.58035693935,2012,0.02180508665316228,0.009867206842223723,0.16223272563583163
158,89336.0,86846.0,307.0,1031.0,10840.0,37217.0,43217.198780127364,2012,0.003436464583146772,0.011540700277603653,0.12133966150264171
159,145718.0,136888.0,4210.0,1899.0,19810.0,60644.0,42663.90996636106,2012,0.02889142041477374,0.013032020752412193,0.13594751506334152
160,193751.0,185738.0,2176.0,2024.0,16996.0,76601.0,60203.43769663582,2012,0.011230909775949543,0.010446397696011892,0.0877208375698706
161,222469.0,205506.0,9950.0,2265.0,28773.0,89354.0,44193.722569813646,2012,0.04472533251823849,0.010181193784302532,0.12933487362284182
162,87941.0,83982.0,2139.0,805.0,12383.0,34266.0,43795.80461682134,2012,0.02432312573202488,0.009153864522805063,0.1408103160073231
163,150192.0,144340.0,1698.0,1449.0,22754.0,62368.0,41682.72335171883,2012,0.011305528922978588,0.00964765100671141,0.1514994140833067
164,129840.0,123262.0,2291.0,1858.0,15200.0,47900.0,49121.64363256785,2012,0.01764479359211337,0.01430991990141713,0.1170671595810228
165,187124.0,154953.0,17077.0,7933.0,32885.0,74606.0,45107.61480309895,2012,0.09126034073662384,0.04239434813278895,0.17573908210598319
166,208391.0,196408.0,6343.0,2542.0,25972.0,80841.0,43105.918927277,2012,0.030437974768584057,0.012198223531726417,0.1246311021109357
167,48636.0,46138.0,1021.0,825.0,7198.0,19466.0,41526.08008835919,2012,0.02099268031910519,0.01696274364668147,0.1479973682046221
168,196390.0,175698.0,4948.0,4762.0,32777.0,73970.0,47500.34443693389,2012,0.025194765517592546,0.024247670451652326,0.16689749987270228
169,65271.0,63058.0,526.0,685.0,9449.0,26182.0,42717.890497288216,2012,0.008058709074474115,0.010494706684438724,0.14476566928651316
170,614663.0,554986.0,12700.0,25681.0,54721.0,243347.0,57510.58149761631,2012,0.020661728459334627,0.04178061799717894,0.08902601913568899
171,164738.0,95141.0,43282.0,15110.0,23955.0,67853.0,53971.23251735369,2012,0.26273233862254003,0.09172140004127767,0.14541271594896138
172,205002.0,187781.0,5739.0,7197.0,22925.0,79354.0,51355.145184867804,2012,0.027994848830743116,0.035106974566101797,0.11182817728607526
173,336520.0,311700.0,5846.0,11588.0,24672.0,129249.0,60821.457813986955,2012,0.01737192440271009,0.03443480328063711,0.07331510757161536
174,174772.0,131428.0,16795.0,17906.0,23330.0,67524.0,53500.217256086726,2012,0.09609662875060078,0.1024534822511615,0.1334882017714508
175,323805.0,298095.0,4575.0,12487.0,26994.0,117414.0,59753.335496839914,2012,0.014128873859267152,0.03856333287009157,0.08336498818733497
176,165477.0,114071.0,11152.0,31716.0,22807.0,65019.0,50294.142589089344,2012,0.06739305160233748,0.19166409833390743,0.1378258005644289
177,170437.0,159127.0,5705.0,2102.0,23791.0,67351.0,43718.09990942971,2012,0.03347277879803094,0.012333002810422619,0.1395882349489841
178,238063.0,220511.0,6839.0,6534.0,29715.0,91423.0,44792.61056845651,2012,0.02872768972918933,0.027446516258301374,0.1248199006145432
179,124413.0,115651.0,3447.0,3253.0,14012.0,50102.0,45861.9754900004,2012,0.02770610788261677,0.02614678530378658,0.11262488646684832
180,532624.0,444931.0,18174.0,46478.0,43656.0,203665.0,63076.40786940636,2012,0.034121631770254436,0.08726230887079817,0.08196401213614107
181,166837.0,94573.0,12102.0,52541.0,31779.0,61612.0,46945.47898136727,2012,0.07253786630064074,0.3149241475212333,0.19047933012461266
182,138764.0,118760.0,2214.0,15536.0,18932.0,56187.0,45061.25299918123,2012,0.015955146868063763,0.11195987431898763,0.136433080626099
183,178851.0,134592.0,14971.0,21205.0,18479.0,64103.0,59675.75662011391,2012,0.08370654902684357,0.1185623787398449,0.10332064120413081
184,200045.0,177686.0,8276.0,9344.0,21429.0,76833.0,52862.60238439212,2012,0.04137069159439126,0.04670949036466795,0.10712089779799545
185,118342.0,101350.0,4135.0,8256.0,19240.0,47971.0,40322.81563861499,2012,0.03494110290513934,0.06976390461543662,0.16257964205438474
186,176476.0,166035.0,3112.0,4071.0,22131.0,71233.0,46015.49916471299,2012,0.01763412588680614,0.023068292572361114,0.12540515424193657
187,134674.0,117527.0,7139.0,6658.0,21007.0,55542.0,45476.456177307264,2012,0.05300948958225047,0.04943790189643138,0.1559840800748474
188,78654.0,75997.0,365.0,1075.0,10093.0,30962.0,46429.71829985143,2012,0.004640577720141379,0.013667454929183512,0.12832150939558065
189,365701.0,332214.0,4728.0,12240.0,16404.0,133202.0,88274.51051513263,2012,0.012928594671603304,0.033469965901105,0.044856317045892685
190,1121602.0,848204.0,154025.0,41853.0,85267.0,420880.0,75061.84661898878,2012,0.13732589635182532,0.03731537568584935,0.07602251065886116
191,1525974.0,561771.0,644976.0,188061.0,389332.0,580560.0,39123.18535724129,2012,0.4226651305985554,0.12323997656578684,0.2551367192363697
193,433085.0,350763.0,28700.0,30740.0,29049.0,156470.0,88143.81227388364,2012,0.06626874632000647,0.07097913804449472,0.06707459274738216
194,511542.0,402469.0,39747.0,23295.0,31355.0,197996.0,78605.31729933938,2012,0.0777003647794316,0.04553878273924722,0.06129506472586806
195,218664.0,202507.0,4224.0,7942.0,13116.0,79768.0,66460.13354979441,2012,0.019317308747667655,0.03632056488493762,0.059982438810229396
196,211618.0,130745.0,12524.0,59741.0,41541.0,81031.0,49242.66385704237,2012,0.05918211116256651,0.2823058529992723,0.1963018268767307
197,319240.0,197942.0,72001.0,24871.0,29347.0,113220.0,70739.4100512277,2012,0.2255387796015537,0.0779069038967548,0.0919277032953264
198,215465.0,132127.0,51692.0,21620.0,26498.0,86541.0,65456.516159970415,2012,0.23990903394982943,0.1003411226881396,0.12298053048058849
199,365426.0,258017.0,64749.0,26739.0,44810.0,134315.0,54624.49488888062,2012,0.17718772063290517,0.07317213334573895,0.12262400595469397
200,605044.0,208690.0,304937.0,56241.0,105537.0,260960.0,70689.96037323728,2012,0.5039914452502627,0.09295357031885285,0.1744286365950245
201,844298.0,505844.0,69099.0,124466.0,42082.0,284386.0,112556.19144185327,2012,0.08184195627610157,0.14741951301554665,0.049842591123039494
202,0.0,0.0,0.0,0.0,0.0,0.0,,2012,,,
203,715.0,493.0,204.0,18.0,69.0,232.0,21635.0,2012,0.2853146853146853,0.025174825174825177,0.0965034965034965
204,0.0,0.0,0.0,0.0,0.0,0.0,,2012,,,
205,0.0,0.0,0.0,0.0,0.0,0.0,,2012,,,
206,338149.0,205076.0,99451.0,13310.0,20787.0,117476.0,92611.08144326386,2012,0.2941040783796492,0.03936134662530423,0.06147290099926364
207,963815.0,208047.0,556288.0,132345.0,77139.0,336208.0,78274.0266115024,2012,0.5771730051929053,0.1373136960931299,0.08003506897070496
208,673711.0,374092.0,78367.0,95690.0,35423.0,247055.0,113713.7134767562,2012,0.1163213900322245,0.14203419567143774,0.05257892479119385
209,310786.0,106467.0,88706.0,74545.0,28941.0,113509.0,75117.3148560907,2012,0.2854246973801909,0.23985958183444556,0.09312195530043181
210,721749.0,516127.0,96565.0,35306.0,44510.0,272677.0,89459.10422954631,2012,0.13379304993841348,0.04891728287811968,0.06166963861397799
211,460625.0,325041.0,87091.0,19111.0,25955.0,168039.0,90402.00051777392,2012,0.18907137042062416,0.041489280868385346,0.05634735413839891
212,1197823.0,537120.0,541098.0,49276.0,194110.0,465634.0,51362.210588144335,2012,0.45173452171147155,0.04113796445718608,0.16205232325644106
214,93275.0,66627.0,13266.0,9423.0,5322.0,36903.0,87490.44340568518,2012,0.14222460466362905,0.1010238541945859,0.0570570892522112
215,104045.0,94518.0,5914.0,1316.0,14516.0,40571.0,40719.78553646694,2012,0.056840790042769956,0.012648373300014417,0.13951655533663318
216,169903.0,133485.0,24591.0,7266.0,17472.0,65540.0,63785.00032044924,2012,0.14473552556458685,0.04276557800627417,0.10283514711335291
217,472317.0,386292.0,36646.0,24294.0,33286.0,172434.0,78004.99635210058,2012,0.07758772180548233,0.05143579418060328,0.07047385548265254
218,178178.0,122386.0,41401.0,6967.0,25108.0,66818.0,51382.757595258765,2012,0.2323575301103391,0.039101348090112134,0.14091526451077013
219,101109.0,88006.0,6148.0,3436.0,9547.0,35942.0,65820.44964108842,2012,0.06080566517322889,0.03398312712023658,0.09442285058699028
220,479327.0,254684.0,44179.0,76103.0,27990.0,169303.0,108912.80578016928,2012,0.0921688116880543,0.15877052617524154,0.0583943737782349
221,444673.0,228640.0,64030.0,77753.0,23749.0,149757.0,112986.80055690218,2012,0.1439934513676342,0.17485433116020085,0.05340778504653982
222,209449.0,133605.0,17534.0,31548.0,14968.0,93220.0,107685.76317313881,2012,0.08371489002095976,0.15062377953582973,0.07146369760657725
223,318283.0,164973.0,60889.0,57797.0,23059.0,132809.0,90967.4652772026,2012,0.19130459371062858,0.18158996867567542,0.0724481043599564
224,214649.0,148423.0,40655.0,15883.0,17595.0,76288.0,71472.65134752517,2012,0.18940223341361945,0.07399522010351783,0.08197103177745994
225,186690.0,127676.0,38106.0,12196.0,14313.0,64466.0,77714.65548331031,2012,0.20411377149284912,0.06532754834217151,0.07666720231399647
226,183611.0,155789.0,9112.0,12636.0,18701.0,70582.0,61557.738120200615,2012,0.04962665635501141,0.0688194062447239,0.10185119627909003
227,77579.0,58495.0,10413.0,5625.0,6988.0,26853.0,63478.49096935165,2012,0.13422446796169066,0.07250673507005762,0.09007592260792224
228,163575.0,140660.0,4572.0,13506.0,27283.0,60144.0,46961.60768923773,2012,0.02795048143053645,0.08256762952773956,0.1667919914412349
229,252280.0,196677.0,30313.0,11053.0,30949.0,97750.0,58143.21204092071,2012,0.12015617567781829,0.04381243063263041,0.12267718408117964
230,220194.0,157943.0,42314.0,5947.0,16990.0,82655.0,68367.44038773386,2012,0.19216690736350672,0.027008002034569517,0.07715923231332371
231,363363.0,289036.0,47097.0,11117.0,21710.0,133446.0,78324.51703152987,2012,0.12961418746542713,0.030594749603014067,0.059747415119315944
232,537489.0,260208.0,204382.0,37594.0,89117.0,217061.0,51970.88032396423,2012,0.38025336332464477,0.06994375698851511,0.16580246293412515
233,254315.0,155158.0,72770.0,12736.0,22919.0,92083.0,68384.60457963833,2012,0.28614120283899885,0.050079625661089595,0.09012051982777264
234,570710.0,355602.0,132248.0,33307.0,48887.0,213808.0,65479.264026603305,2012,0.2317253946838149,0.058360638502917415,0.08565996740901684
235,243056.0,107835.0,102437.0,16202.0,40416.0,85247.0,44578.17807078255,2012,0.4214543150549668,0.06665953525113553,0.16628266736883682
236,383923.0,191804.0,145645.0,22456.0,47486.0,146164.0,56900.05021756383,2012,0.3793599237347072,0.058490895309736585,0.12368626000526148
237,95786.0,38606.0,50307.0,2940.0,16002.0,36788.0,46593.41135696423,2012,0.5252020128202451,0.030693420750422817,0.16705990437015847
238,337283.0,183679.0,130198.0,13889.0,39719.0,118196.0,54433.36760525247,2012,0.38602004844596377,0.04117906920894323,0.11776164230038276
239,107580.0,64295.0,38804.0,2666.0,19811.0,37973.0,36462.480077950124,2012,0.36069901468674476,0.024781557910392268,0.18415132924335378
240,354801.0,282357.0,42572.0,12303.0,57069.0,143554.0,46594.55942311712,2012,0.11998838785685496,0.034675775998376554,0.16084791192809492
241,230261.0,196145.0,23847.0,5430.0,33003.0,94604.0,45633.99474585589,2012,0.10356508483850935,0.023581935282136358,0.1433286574799901
242,196792.0,186727.0,5506.0,2095.0,37144.0,79631.0,36222.18931069558,2012,0.027978779625188015,0.010645757957640554,0.1887475100613846
243,151729.0,142221.0,3913.0,3518.0,26729.0,62187.0,35730.61233614797,2012,0.025789400839654912,0.02318607517350012,0.17616276387506674
244,142932.0,128358.0,8775.0,2867.0,17051.0,57373.0,46067.656982421875,2012,0.06139283015699774,0.02005848935157977,0.1192944896874038
245,379580.0,268757.0,92327.0,7589.0,63072.0,151677.0,43128.23230944705,2012,0.2432346277464566,0.019993150324042364,0.1661626007692713
246,70667.0,67472.0,1698.0,400.0,14261.0,28257.0,34630.27808660553,2012,0.024028188546280443,0.005660350658723308,0.20180565186013275
247,60947.0,55405.0,3579.0,447.0,12029.0,25141.0,34889.72248518356,2012,0.05872315290334225,0.007334241225983231,0.19736820516186196
248,38905.0,36303.0,2283.0,53.0,10330.0,14888.0,30110.033181085437,2012,0.05868140341858373,0.0013622927644261662,0.2655185708777792
249,53646.0,50668.0,1373.0,566.0,8534.0,22532.0,38569.04731049175,2012,0.025593706893337807,0.010550646832941879,0.1590798941207173
250,69065.0,63759.0,1553.0,483.0,11005.0,27716.0,42246.8814929791,2012,0.022486063852892202,0.006993412003185405,0.15934264822992833
251,76457.0,71901.0,2187.0,658.0,12466.0,30376.0,42122.77520911546,2012,0.028604313535712883,0.00860614463031508,0.1630458950782793
252,57781.0,56040.0,181.0,306.0,10554.0,21948.0,39540.92326281233,2012,0.0031325176095948495,0.005295858500199028,0.18265519807549194
253,117158.0,102192.0,5720.0,1183.0,16226.0,51519.0,47558.87400764766,2012,0.04882295703238362,0.010097475204424795,0.13849673091039452
254,177892.0,154408.0,10588.0,6664.0,21880.0,68560.0,54977.36776546091,2012,0.05951925887617206,0.037460931351606594,0.12299597508600724
255,141649.0,137993.0,613.0,887.0,23340.0,55392.0,45978.63521808203,2012,0.004327598500518888,0.006261957373507755,0.16477348939985456
256,51650.0,49298.0,1347.0,329.0,11275.0,21062.0,36663.201167980245,2012,0.026079380445304938,0.006369796708615682,0.21829622458857695
257,75311.0,67273.0,4342.0,853.0,17312.0,32240.0,34763.00555210918,2012,0.05765426033381578,0.011326366666224058,0.2298734580605755
258,90298.0,79399.0,7344.0,1209.0,16155.0,35757.0,37994.08098788966,2012,0.0813307049990033,0.013389000863806507,0.17890761700148397
259,44638.0,42677.0,1200.0,286.0,9203.0,18631.0,33293.272262026614,2012,0.02688292486222501,0.006407097092163627,0.20616963125588064
260,132153.0,125679.0,2833.0,1153.0,19996.0,55649.0,40325.00619957232,2012,0.021437273463334166,0.008724735722987749,0.15130946705712317
261,132355.0,127657.0,1130.0,879.0,21222.0,54320.0,40894.510790704524,2012,0.008537644969967133,0.006641230025310718,0.1603415057987987
262,84644.0,82323.0,548.0,515.0,14983.0,33305.0,36632.123170768355,2012,0.006474174188365389,0.006084306034686452,0.17701195595671282
263,90005.0,84763.0,1967.0,1243.0,16345.0,35039.0,41766.189417506204,2012,0.021854341425476362,0.013810343869785012,0.18160102216543525
264,58071.0,56302.0,361.0,456.0,12056.0,22527.0,35850.28281617614,2012,0.006216528043257391,0.007852456475693548,0.20760792822579258
265,176408.0,161107.0,6139.0,2686.0,32267.0,67532.0,41864.1999348457,2012,0.03480000906988345,0.01522606684504104,0.18291120584100495
266,32132.0,31288.0,89.0,141.0,5490.0,12916.0,40194.54080210591,2012,0.0027698244740445663,0.004388148885845886,0.1708577119382547
267,56291.0,53855.0,1213.0,406.0,8852.0,22664.0,33859.289313448644,2012,0.021548737808885967,0.007212520651613935,0.15725426800021317
268,32889.0,31313.0,641.0,623.0,4975.0,12893.0,36170.718606996044,2012,0.019489799020949255,0.018942503572623066,0.15126638085682143
270,287498.0,247121.0,17722.0,17026.0,42815.0,114388.0,47770.016811203976,2012,0.06164216794551614,0.059221281539349836,0.14892277511495733
271,251074.0,127692.0,79749.0,35071.0,50622.0,99547.0,42055.920961957665,2012,0.31763145526816794,0.13968391788874993,0.2016218326071198
272,578873.0,400299.0,98586.0,54710.0,93241.0,227730.0,45547.528037588374,2012,0.17030678577166322,0.09451123130634871,0.16107332696463647
273,384714.0,277943.0,60663.0,35396.0,59922.0,147590.0,48322.45264427638,2012,0.15768336998393612,0.0920060096591234,0.15575726383755206
274,302660.0,151725.0,109928.0,21408.0,52397.0,123402.0,45426.923469635825,2012,0.36320623802286395,0.07073283552501157,0.17312165466199697
275,1062106.0,693222.0,208397.0,92692.0,138322.0,389288.0,61075.771243911964,2012,0.19621111263847488,0.0872718918827311,0.13023370548702295
276,492412.0,281922.0,129409.0,52098.0,67962.0,191267.0,60183.48540521888,2012,0.26280634915477286,0.10580164577630115,0.13801856981552033
277,256817.0,105536.0,96589.0,35387.0,46068.0,104128.0,50830.72253380455,2012,0.3761004917898737,0.13779072257677646,0.17938064847732044
278,551769.0,281346.0,222824.0,30476.0,123893.0,215750.0,38616.303749710314,2012,0.40383566311264313,0.055233258845640114,0.22453780476974966
279,197819.0,127264.0,59283.0,7070.0,33257.0,76163.0,46385.49210246445,2012,0.2996830435903528,0.03573974188525875,0.16811833039293494
280,669870.0,515979.0,84862.0,46295.0,94084.0,253628.0,52109.46963997003,2012,0.1266842820248705,0.06911042441070656,0.14045113230925405
281,586124.0,440212.0,87138.0,39728.0,78035.0,213912.0,53884.582952701974,2012,0.14866819990309219,0.06778087913137834,0.13313735660030984
282,798534.0,368646.0,264743.0,103366.0,123235.0,312752.0,56382.35552130762,2012,0.3315362902518866,0.1294447074263588,0.1543265534091222
283,829028.0,399132.0,247579.0,78820.0,170707.0,305314.0,40646.04217163446,2012,0.29863768171883215,0.09507519649517265,0.2059122249188206
284,473069.0,346874.0,82314.0,28209.0,83251.0,193860.0,46191.27654492933,2012,0.17399998731686075,0.05962977916540716,0.17598067089578898
285,492940.0,329405.0,103653.0,39732.0,77148.0,184842.0,44809.167039958455,2012,0.21027508418874508,0.08060210167566033,0.15650586278248874
286,633915.0,528884.0,41924.0,40287.0,116755.0,247872.0,38630.28526290303,2012,0.0661350496517672,0.06355268450817539,0.18418084443497945
287,537427.0,473073.0,13883.0,30431.0,83183.0,223415.0,42354.15689820327,2012,0.02583234560228645,0.05662350421545624,0.1547800910635305
288,119709.0,96061.0,11485.0,7119.0,22170.0,52812.0,42889.34918200409,2012,0.09594099023465237,0.05946921284113976,0.18519910783650353
289,37699.0,35065.0,288.0,948.0,6397.0,15561.0,35998.17396054238,2012,0.007639459932624207,0.025146555611554683,0.16968619857290645
290,416825.0,273357.0,118949.0,13675.0,62378.0,155882.0,51124.340334355475,2012,0.28536915971930665,0.032807533137407786,0.14965033287350807
291,369915.0,184528.0,158290.0,18424.0,70649.0,140568.0,39722.99590945308,2012,0.4279091142559777,0.04980603652190368,0.19098711866239543
292,336340.0,149423.0,153114.0,16970.0,55066.0,127193.0,47197.015967859865,2012,0.455235773324612,0.0504548968305881,0.16372123446512457
293,390190.0,271765.0,86959.0,18277.0,69309.0,148270.0,41363.12465175891,2012,0.22286322048232912,0.0468412824521387,0.17762884748455882
294,736601.0,459608.0,211898.0,37171.0,115466.0,278411.0,51069.74778295398,2012,0.28766998687213297,0.05046286931459501,0.15675514966718754
295,634139.0,399251.0,193536.0,23843.0,129633.0,249681.0,39728.09308677873,2012,0.30519491783347186,0.03759901220394898,0.2044236358274763
296,960677.0,716930.0,156889.0,56237.0,156283.0,369681.0,45644.024788939656,2012,0.1633108734777662,0.058538926194756404,0.16268006832681536
297,352505.0,248386.0,76479.0,15163.0,56637.0,133448.0,49040.69295905521,2012,0.21695862470035887,0.04301499269513907,0.16067006141756854
298,222634.0,137703.0,70603.0,9684.0,43394.0,84799.0,44804.14700645055,2012,0.3171258657707268,0.043497399319061776,0.19491182838200813
299,210525.0,126639.0,54577.0,23482.0,28973.0,80322.0,53519.395906476435,2012,0.25924237026481417,0.11154019712623203,0.13762261014131338
300,2197836.0,1040694.0,673885.0,270308.0,288036.0,769666.0,65673.04325512625,2012,0.30661295929268606,0.12298824844073898,0.13105436438387577
301,1180000.0,819424.0,219352.0,99152.0,155209.0,416600.0,57713.02700944563,2012,0.1858915254237288,0.0840271186440678,0.13153305084745762
302,1003437.0,474131.0,407838.0,72676.0,151294.0,346923.0,54046.105363139766,2012,0.40644106206966657,0.07242706816671102,0.150775783631658
303,902907.0,345823.0,400454.0,98052.0,175271.0,371614.0,55293.98885940788,2012,0.44351633113930894,0.1085959019035183,0.19411855263055885
304,224689.0,133013.0,72437.0,13795.0,58538.0,78981.0,33590.24229878072,2012,0.32238783385034425,0.06139597399071606,0.26052899785926326
305,627992.0,486483.0,39242.0,81446.0,100614.0,226057.0,48964.41486439261,2012,0.06248805717270284,0.1296927349392986,0.16021541675690137
306,384102.0,263813.0,79558.0,25682.0,82088.0,136804.0,43202.24051197334,2012,0.2071272734846473,0.06686244799558451,0.21371406553467567
307,366804.0,295045.0,13578.0,49522.0,63104.0,131719.0,41350.46580220014,2012,0.03701704452514149,0.13500943283061254,0.1720373823622425
308,191335.0,109921.0,64189.0,9060.0,30973.0,66447.0,53715.5647057053,2012,0.33547965610055663,0.04735150390676039,0.16187838085034104
309,199056.0,93369.0,89453.0,6691.0,42365.0,74884.0,41857.30413706533,2012,0.44938610240334376,0.03361365645848405,0.2128295555019693
310,539512.0,311593.0,192482.0,21364.0,105864.0,193516.0,42889.951296016865,2012,0.3567705630273284,0.03959874849864322,0.19622177078545056
312,168570.0,75162.0,82473.0,4834.0,38131.0,61904.0,40401.511334809096,2012,0.48925075636234205,0.028676514207747524,0.22620276443020704
313,205296.0,132189.0,51836.0,12213.0,27255.0,72632.0,54768.54281859236,2012,0.25249395994076845,0.05948971241524433,0.13275952770633623
314,238018.0,114751.0,100537.0,12953.0,46236.0,91359.0,45130.329316214054,2012,0.4223924241023788,0.054420253930375015,0.19425421606769236
315,334574.0,232278.0,72470.0,21823.0,64628.0,122392.0,43284.598437806395,2012,0.21660380065396595,0.06522622797946045,0.19316503972215415
316,191675.0,115572.0,58918.0,11828.0,44101.0,69963.0,37631.21324128468,2012,0.3073848963088561,0.06170862136428851,0.23008217034041997
317,371951.0,190303.0,153273.0,20920.0,93871.0,134657.0,35525.069948090335,2012,0.41207847270204945,0.056243967619390725,0.2523746407456896
318,85633.0,53587.0,27236.0,2703.0,13654.0,30876.0,51421.10082264542,2012,0.31805495544941786,0.03156493407915173,0.15944787640278865
319,191659.0,83377.0,84462.0,13698.0,33651.0,70892.0,41241.500945099586,2012,0.4406889319051023,0.0714706849143531,0.17557745788092394
320,599508.0,473567.0,66638.0,36185.0,78484.0,216634.0,54707.6407766094,2012,0.11115448000693902,0.060357826751269376,0.1309140161599178
321,560300.0,448868.0,59196.0,33921.0,89533.0,235602.0,43235.53202129376,2012,0.10565054435124041,0.06054078172407639,0.15979475281099412
322,905039.0,523000.0,251278.0,67921.0,135742.0,343030.0,51469.91471591406,2012,0.2776432838805841,0.0750475946340434,0.14998469679207194
323,428210.0,252604.0,132849.0,24662.0,89929.0,162959.0,47976.653299296144,2012,0.31024263795801127,0.05759323696317228,0.21001144298358282
324,340513.0,266014.0,42727.0,15664.0,50617.0,129016.0,43715.48872232901,2012,0.12547832241353488,0.04600118057166687,0.1486492439348865
325,643853.0,475671.0,89517.0,34266.0,89062.0,245063.0,51077.99498904363,2012,0.13903328865439782,0.05322022262845712,0.13832660560718052
326,357963.0,248876.0,59334.0,26963.0,75164.0,137735.0,43392.11561751252,2012,0.16575456122560153,0.07532342728159055,0.20997700879699857
327,939203.0,641670.0,96730.0,153517.0,123114.0,344957.0,53211.487547723336,2012,0.10299157903030548,0.16345454603530865,0.13108348248461726
328,887347.0,363801.0,191673.0,262544.0,149473.0,315064.0,48323.133903803064,2012,0.2160068158228968,0.29587523257530596,0.16844932140414065
329,616836.0,477496.0,56268.0,56278.0,78278.0,252234.0,50884.281278495364,2012,0.09122035678851428,0.0912365685530676,0.12690245057032987
330,1629421.0,494047.0,340220.0,727573.0,266220.0,556201.0,49719.4249848526,2012,0.20879809453787573,0.44652241501735895,0.1633831894887816
331,1889055.0,340563.0,325337.0,1173705.0,331499.0,642441.0,48762.15055078988,2012,0.1722220898809193,0.6213185958058395,0.17548403831545403
333,773700.0,343226.0,217567.0,174650.0,109071.0,296711.0,55476.25886805679,2012,0.28120330877601135,0.22573348843220886,0.14097324544397052
334,1430693.0,862982.0,238982.0,271581.0,200836.0,567911.0,54239.14077910095,2012,0.16703932989117862,0.18982479120258505,0.14037672652344005
335,712151.0,477054.0,67236.0,132260.0,88794.0,260346.0,56285.9034193484,2012,0.09441256138094309,0.18571903992271302,0.12468423129364418
336,729118.0,338625.0,141254.0,204559.0,139991.0,282872.0,47951.76893789417,2012,0.19373270170260506,0.2805567823040989,0.19200047180291804
337,728657.0,541287.0,87467.0,60905.0,100846.0,320926.0,45254.0492605772,2012,0.12003864644132974,0.08358528086603162,0.13839982323644734
338,706558.0,465864.0,91290.0,125095.0,124098.0,260772.0,42903.82561626605,2012,0.12920383040033515,0.17704845179022813,0.17563738574894064
339,738313.0,534702.0,57755.0,123585.0,104764.0,289943.0,48069.52585942269,2012,0.07822563059298698,0.16738835697055313,0.14189645854806837
341,375186.0,250701.0,21504.0,94494.0,52501.0,142070.0,59083.64171887098,2012,0.05731557147654763,0.2518590778973629,0.13993325976982082
342,757880.0,597076.0,48690.0,89088.0,100710.0,320006.0,50426.951874933584,2012,0.06424499920831794,0.11754895234073996,0.1328838338523249
344,431947.0,337410.0,40773.0,40154.0,71449.0,176987.0,39745.04068095397,2012,0.0943935251315555,0.09296047894764867,0.16541149724387483
346,651807.0,548665.0,21281.0,58876.0,82772.0,267792.0,45923.00460814005,2012,0.03264923512634875,0.09032735150128796,0.1269885104026192
347,608848.0,318983.0,70721.0,186746.0,81836.0,212216.0,50896.48860594865,2012,0.11615542795574593,0.306720232307571,0.13441121593566868
349,442794.0,294323.0,60961.0,72182.0,72277.0,167452.0,45737.14436972983,2012,0.13767350054427116,0.1630148556665176,0.16322940238575953
350,441304.0,323799.0,91255.0,19008.0,67214.0,167423.0,45913.72645967631,2012,0.20678489204720554,0.04307234921958559,0.1523077062523793
351,323628.0,265833.0,41568.0,10500.0,43056.0,120188.0,53402.9741238726,2012,0.12844376877155253,0.032444658682190666,0.13304164040194297
352,495049.0,240116.0,216438.0,21121.0,85838.0,198409.0,52970.43672379032,2012,0.43720520594931006,0.042664463517752785,0.1733929368607956
354,223662.0,133847.0,78853.0,6208.0,45784.0,79543.0,42195.60981040925,2012,0.35255430068585636,0.027756167788895746,0.2047017374431061
355,156579.0,142192.0,8341.0,3254.0,31680.0,63041.0,35057.09842800717,2012,0.053270234194879265,0.020781841754002772,0.20232598241143449
356,378662.0,301152.0,45274.0,20541.0,59213.0,149617.0,43773.32771008642,2012,0.1195630932071346,0.05424626711948915,0.15637428630282416
357,222866.0,178492.0,24975.0,6560.0,22897.0,83422.0,64975.07469252715,2012,0.1120628539122163,0.02943472759415972,0.1027388655066273
358,189133.0,110408.0,58771.0,10472.0,29652.0,77965.0,51800.318245366514,2012,0.31073900376983393,0.055368444427995114,0.1567785632332803
359,287862.0,234960.0,20346.0,25372.0,55431.0,109373.0,37952.476103831985,2012,0.07067970068991392,0.08813945571141728,0.19256101882151863
360,287050.0,176336.0,95917.0,7162.0,49020.0,106338.0,45236.69134269969,2012,0.33414736108691867,0.02495035708064797,0.17077164257098065
361,215155.0,79306.0,120103.0,7764.0,43560.0,83148.0,45865.09263000914,2012,0.5582161697380958,0.0360856126978225,0.20245869257047244
362,184159.0,140690.0,33933.0,5641.0,37645.0,71267.0,39361.15469993124,2012,0.18425925423139786,0.030631139395848155,0.20441574943391308
363,237949.0,168772.0,50942.0,9910.0,40458.0,91869.0,43209.336522657264,2012,0.2140878927837478,0.04164757994360136,0.17002803121677335
364,106591.0,74329.0,28487.0,1306.0,25857.0,41702.0,31585.01481943312,2012,0.2672552091640007,0.012252441575742793,0.24258145622050642
365,360681.0,283165.0,49752.0,11819.0,54831.0,136533.0,48502.16215325098,2012,0.137939065268201,0.03276856834709896,0.15202076072762358
366,283934.0,141382.0,127467.0,6608.0,58030.0,110321.0,43323.27972008956,2012,0.4489317940084668,0.023273014151175976,0.20437848232335684
367,116850.0,41657.0,72813.0,1294.0,35856.0,43004.0,29932.94219007976,2012,0.6231322207958921,0.01107402652973898,0.30685494223363285
368,246209.0,157131.0,73391.0,7593.0,51175.0,96838.0,39635.62479605114,2012,0.29808414802058414,0.030839652490363877,0.20785186569134353
369,19910.0,8783.0,10776.0,135.0,5095.0,7533.0,30140.84894098841,2012,0.5412355600200904,0.006780512305374184,0.2559015570065294
370,902597.0,704885.0,107506.0,54085.0,110026.0,338594.0,57254.545904534636,2012,0.11910742003352548,0.05992153751895918,0.12189936372489606
371,610541.0,496779.0,55801.0,36824.0,84467.0,227136.0,51993.07124268484,2012,0.09139599142399937,0.060313721764795485,0.13834779318669835
372,429705.0,247960.0,119619.0,38174.0,83810.0,174688.0,49677.1185427734,2012,0.278374698921353,0.08883769097404033,0.19504078379353276
373,565042.0,510848.0,19126.0,16839.0,92656.0,217607.0,44066.59042677855,2012,0.03384881123881057,0.029801324503311258,0.16398073063595273
374,199186.0,117778.0,62429.0,11217.0,40879.0,82759.0,40551.004881644294,2012,0.31342062193126025,0.05631419878907152,0.20523028726918557
376,409740.0,383115.0,9202.0,8157.0,73153.0,172085.0,39495.51221198826,2012,0.0224581441889979,0.019907746375750476,0.17853516864353006
377,343586.0,321863.0,5966.0,9398.0,61623.0,138084.0,40196.83413719186,2012,0.017363920532268484,0.027352686081505068,0.17935247652698305
378,522914.0,480008.0,12111.0,19037.0,87728.0,207154.0,40643.502430664514,2012,0.02316059619746268,0.03640560398076931,0.16776754877475072
379,392339.0,324008.0,38449.0,14334.0,55445.0,166126.0,50120.19860226575,2012,0.09799943416280309,0.036534731443980846,0.141319114337346
380,415172.0,283737.0,100411.0,13747.0,51728.0,149811.0,58021.279007977566,2012,0.24185397859200525,0.03311157785207095,0.1245941441137649
381,743087.0,232798.0,440947.0,44196.0,172672.0,274679.0,44644.54604465576,2012,0.5933988886900188,0.059476212072072314,0.23237117591883588
382,115938.0,100884.0,9994.0,2523.0,20432.0,46669.0,37537.30829887077,2012,0.0862012454932809,0.02176163121668478,0.1762321240663113
383,287908.0,221117.0,53833.0,7256.0,53906.0,110417.0,38781.60535968193,2012,0.18697986856912624,0.02520249524153549,0.18723342178751545
384,178156.0,154490.0,14595.0,5430.0,31417.0,69120.0,39628.05007233797,2012,0.08192258470104852,0.03047890612721435,0.17634545005500796
385,231241.0,217697.0,2864.0,6439.0,47978.0,92459.0,35324.255784270244,2012,0.012385346889176228,0.027845408037502,0.20748050734947523
386,406677.0,250793.0,130062.0,14200.0,77285.0,144117.0,45688.086899499685,2012,0.31981646368002126,0.034917145547940995,0.1900402530755366
387,118228.0,33706.0,82216.0,1130.0,39838.0,40441.0,28198.493066561015,2012,0.6954021044084312,0.009557803565991136,0.33695909598403084
388,261588.0,202496.0,47868.0,7267.0,48500.0,98923.0,37295.695763371514,2012,0.18299004541492728,0.027780326314662752,0.18540605838188295
389,112891.0,52958.0,55990.0,2543.0,30780.0,40695.0,29873.65873211036,2012,0.49596513451027985,0.02252615354634116,0.27265238150073967
390,281034.0,148193.0,119384.0,7240.0,57123.0,100389.0,46471.81988066422,2012,0.4248026929126013,0.025762007443939167,0.20326010375968745
391,286861.0,153741.0,120558.0,7097.0,59127.0,105000.0,45174.263485714284,2012,0.42026626136003153,0.024740205186484045,0.20611724842345247
392,231811.0,69411.0,153908.0,4985.0,54491.0,83307.0,38639.483644831766,2012,0.6639374317871024,0.021504587789190333,0.23506649813856978
393,210469.0,114039.0,85598.0,3244.0,49864.0,78900.0,35092.39269099621,2012,0.40670122440834516,0.015413196242677068,0.23691850106191412
394,371894.0,259199.0,95695.0,10204.0,81223.0,136971.0,39788.345467288695,2012,0.2573179454360651,0.027437925860594684,0.21840363114220718
395,383729.0,270442.0,78065.0,17407.0,65217.0,143175.0,46426.09486292998,2012,0.2034378428526382,0.04536274297746587,0.1699558803217896
396,132425.0,72495.0,57610.0,1214.0,31681.0,49620.0,34990.4545949214,2012,0.43503870115159526,0.009167453275438928,0.2392373041344157
397,169918.0,93511.0,71188.0,2103.0,45003.0,66190.0,33728.50658709775,2012,0.41895502536517615,0.012376558104497464,0.26485128120622886
398,109035.0,54057.0,48461.0,4783.0,30388.0,40616.0,30280.751452629505,2012,0.4444536158114367,0.04386664832393268,0.27869950016049894
400,247903.0,221247.0,12112.0,9018.0,29077.0,89806.0,60323.527317475164,2012,0.048857819389035224,0.03637713137799865,0.11729184398736603
401,145384.0,123105.0,10335.0,5843.0,21739.0,52665.0,47987.732260882774,2012,0.07108760248720629,0.04019011720684532,0.14952814615088317
402,735326.0,520496.0,150676.0,31106.0,118809.0,301517.0,49569.28970837465,2012,0.20491047508180046,0.042302325771154566,0.16157323418456576
403,330498.0,303651.0,11658.0,9312.0,59754.0,126762.0,44849.52252515289,2012,0.03527404099268377,0.028175662182524555,0.18079988381170234
404,184131.0,169736.0,6401.0,3535.0,39169.0,70878.0,37820.30917738043,2012,0.03476329352471882,0.01919828817526652,0.2127235500811922
405,297704.0,217889.0,41973.0,20116.0,51724.0,123227.0,51681.46787635826,2012,0.1409890360895386,0.067570472684277,0.17374304678472577
406,50436.0,42108.0,5155.0,1367.0,7207.0,21315.0,47181.0,2012,0.10220873978903958,0.027103656118645413,0.14289396462844
407,105234.0,101595.0,604.0,1156.0,24042.0,40318.0,33183.31819534699,2012,0.005739589866392991,0.010985042856871354,0.2284622840526826
408,35728.0,34231.0,801.0,269.0,10782.0,13424.0,28032.985081306877,2012,0.022419390953873714,0.00752910882221227,0.30178011643528885
409,71179.0,67396.0,2186.0,537.0,24285.0,25436.0,24564.820991781038,2012,0.030711305300720717,0.007544359993818401,0.34118209022324
410,492558.0,450841.0,15471.0,12786.0,64728.0,186173.0,54001.82858278629,2012,0.031409498982860905,0.02595836429415419,0.1314119352441743
411,138159.0,132215.0,2099.0,1695.0,27621.0,52809.0,37910.35462242173,2012,0.015192640363638996,0.012268473280785182,0.199921829196795
412,49055.0,46909.0,980.0,586.0,12667.0,18424.0,31841.951584889273,2012,0.019977576189990826,0.011945775150341453,0.2582203648965447
413,34731.0,34016.0,191.0,126.0,11669.0,12828.0,22254.719937573158,2012,0.005499409749215398,0.003627882871210158,0.33598226368374073
414,25762.0,24697.0,548.0,193.0,7466.0,9134.0,28175.516969564265,2012,0.021271640400590017,0.007491654374660353,0.28980669202701653
415,68180.0,66524.0,370.0,466.0,15874.0,28085.0,33675.520028484956,2012,0.005426811381636844,0.006834848929304782,0.2328248753300088
416,39942.0,39019.0,351.0,242.0,11186.0,15746.0,29723.79804394767,2012,0.00878774222622803,0.006058785238595964,0.280056081317911
417,39887.0,38659.0,343.0,200.0,9428.0,15500.0,33425.18020173283,2012,0.00859929300273272,0.005014165016170682,0.23636773886228596
418,30980.0,30426.0,226.0,159.0,7374.0,11519.0,30753.28109517601,2012,0.007295029051000645,0.00513234344738541,0.2380245319561007
420,222459.0,198860.0,12505.0,5189.0,35850.0,89966.0,41088.34437454149,2012,0.05621260546887292,0.023325646523629073,0.16115329116826022
421,215847.0,186810.0,14471.0,7479.0,39908.0,84006.0,41239.69808669976,2012,0.0670428590622061,0.034649543426593835,0.1848902231673361
422,155686.0,122916.0,20443.0,7271.0,29709.0,58201.0,38373.37351591897,2012,0.1313091735930013,0.04670297907326285,0.1908264069987025
423,170592.0,156946.0,6615.0,3854.0,27466.0,65344.0,43008.6149455191,2012,0.0387767304445695,0.022591915212905645,0.16100403301444383
424,136101.0,120688.0,9504.0,2605.0,25573.0,53261.0,40757.80295150298,2012,0.06983049353053981,0.019140197353436052,0.18789722338557394
425,78812.0,75098.0,812.0,1665.0,18244.0,32629.0,32664.69067394036,2012,0.010302999543216769,0.021126224432827488,0.23148759072222505
426,65791.0,61587.0,1758.0,1578.0,17990.0,25347.0,26949.56239397167,2012,0.0267209800732623,0.02398504354698971,0.27344165615357724
427,178133.0,162266.0,7501.0,3598.0,33241.0,68873.0,38710.18182742149,2012,0.04210898598238395,0.020198391089803685,0.1866077593708072
430,788417.0,676509.0,45060.0,17571.0,68880.0,296534.0,70560.42735065793,2012,0.05715249671176548,0.02228642964319643,0.08736493505340448
431,413156.0,366654.0,23563.0,9054.0,49127.0,151702.0,55642.05373033974,2012,0.05703172651492414,0.021914240625816882,0.11890665995410934
432,756285.0,464810.0,202539.0,41025.0,168534.0,307920.0,44575.53412899454,2012,0.2678077708800254,0.05424542335230766,0.22284456256569943
433,183274.0,171399.0,4298.0,3084.0,28065.0,70427.0,44854.83390851121,2012,0.02345122603315255,0.016827264096380284,0.15313137706384974
434,164694.0,147144.0,4047.0,9994.0,23524.0,64818.0,48662.000308556264,2012,0.02457284418375897,0.060682234932663,0.14283459020972228
435,294151.0,264615.0,5699.0,15410.0,29560.0,115110.0,57158.53567022848,2012,0.019374402942706297,0.05238805919408739,0.10049260413869067
436,345325.0,228165.0,79057.0,24128.0,81155.0,141773.0,38040.73593702609,2012,0.22893506117425613,0.06987041193078984,0.23501049735756172
437,193657.0,181752.0,5248.0,1477.0,33084.0,75428.0,39659.02135811635,2012,0.027099459353392856,0.007626886712073408,0.17083813133529901
438,65059.0,62518.0,905.0,421.0,10452.0,24573.0,43366.52748952102,2012,0.013910450514148695,0.0064710493552006644,0.16065417544075378
439,180322.0,167346.0,7114.0,1506.0,29706.0,74138.0,39284.30386017006,2012,0.03945164760816761,0.008351726356185047,0.16473863422100465
440,851497.0,741355.0,44225.0,40161.0,95314.0,334778.0,56775.78822085083,2012,0.05193793988704599,0.047165169108053226,0.11193697687719394
441,1212073.0,725117.0,371867.0,59738.0,216816.0,508111.0,46235.11808837045,2012,0.3068024780685652,0.0492858103431064,0.17888031496452772
442,561588.0,523271.0,13545.0,8099.0,57800.0,217147.0,59761.08804174131,2012,0.02411910510908353,0.014421604450237541,0.10292242711738855
443,271768.0,186129.0,65481.0,5130.0,57176.0,113483.0,41339.66130609871,2012,0.24094448205822613,0.018876394571840687,0.21038532866268286
444,345958.0,313405.0,19533.0,6206.0,51362.0,140630.0,44758.20957623864,2012,0.05646061082559155,0.01793859370212569,0.1484631082385723
445,163676.0,114821.0,35516.0,8665.0,31641.0,68583.0,39324.809748771564,2012,0.21698966250397125,0.052939954544343706,0.1933148415161661
446,452622.0,428212.0,9653.0,6142.0,54796.0,171301.0,47496.916970270206,2012,0.021326846684429832,0.01356982205902497,0.12106349227390627
447,193853.0,160745.0,20522.0,3745.0,32072.0,79210.0,44736.98755207676,2012,0.1058637214796779,0.01931876215482866,0.1654449505553177
448,337262.0,310992.0,9332.0,10244.0,46177.0,132260.0,45929.1931993467,2012,0.027669882761769782,0.030374011895796145,0.13691729278720993
449,93196.0,76914.0,10826.0,1521.0,14089.0,36400.0,41775.5342032967,2012,0.11616378385338426,0.016320442937465127,0.15117601613803167
450,584870.0,506125.0,32578.0,17870.0,62611.0,211948.0,62626.81891357582,2012,0.05570126694821071,0.03055379827995965,0.10705113956947698
451,337180.0,319730.0,4402.0,4362.0,39690.0,125190.0,56094.31194184839,2012,0.01305534136069755,0.0129367103624177,0.11771160804318169
452,794239.0,533263.0,205875.0,21563.0,134105.0,325298.0,51116.87458269033,2012,0.2592103888124356,0.027149258598482322,0.16884716061538152
453,493511.0,450012.0,18903.0,7277.0,59745.0,194712.0,50783.73080755166,2012,0.03830309760066138,0.014745365351532185,0.12106113136282677
454,481414.0,339339.0,108259.0,12797.0,79023.0,199497.0,47337.58147240309,2012,0.22487713277968652,0.026582110200368082,0.1641476982389378
455,101388.0,84041.0,11489.0,2162.0,20228.0,40665.0,43046.36869543834,2012,0.11331715784905512,0.02132402256677319,0.1995107902315856
456,348711.0,327964.0,8255.0,3111.0,68751.0,131867.0,38960.48463539889,2012,0.023672898187897716,0.008921427772568115,0.19715753159493105
457,155505.0,146099.0,2694.0,1741.0,33222.0,58774.0,38403.50713957486,2012,0.017324201794154528,0.011195781486125848,0.21363943281566508
458,368910.0,334939.0,14707.0,10706.0,46780.0,143432.0,48799.005493892575,2012,0.039866092000758996,0.0290206283375349,0.12680599604239517
460,515621.0,449972.0,19320.0,20179.0,43881.0,192230.0,70297.45360803288,2012,0.03746938158065711,0.039135333898347814,0.08510320564911049
461,526409.0,489389.0,10542.0,12839.0,45551.0,193774.0,59851.32410222528,2012,0.020026253350531622,0.024389780569861078,0.0865315752580218
462,911264.0,543568.0,238602.0,83203.0,170926.0,362041.0,45624.668545827684,2012,0.26183630649295925,0.0913050444218141,0.18757023211714718
463,661414.0,495143.0,54959.0,91941.0,79877.0,244232.0,57166.32507206263,2012,0.08309319125388939,0.13900673405764014,0.12076702337718886
464,136690.0,35411.0,85719.0,12433.0,39209.0,51562.0,35093.91018579574,2012,0.6271051283927135,0.09095764137830127,0.28684614821859683
465,475461.0,401012.0,16996.0,42842.0,64190.0,172954.0,49014.7126923922,2012,0.03574635984865215,0.09010623373946548,0.13500581540862447
466,147071.0,97141.0,28610.0,14949.0,29396.0,57330.0,41711.04177568464,2012,0.19453189275927954,0.10164478381190037,0.1998762502464796
467,328914.0,309052.0,1558.0,12144.0,36537.0,123642.0,49342.789408548226,2012,0.0047368005010428255,0.03692150531749941,0.11108374833543115
468,304706.0,222925.0,41199.0,22052.0,46348.0,119270.0,51052.02575668651,2012,0.1352090211548181,0.07237140062880285,0.15210727717865746
469,311313.0,276774.0,13313.0,13117.0,47706.0,121881.0,42707.95848409514,2012,0.04276403491020291,0.04213444347007674,0.153241271646221
470,118220.0,114736.0,516.0,1391.0,12464.0,44174.0,53998.87227781048,2012,0.004364743698189816,0.01176619861275588,0.10543055320588733
471,290146.0,262896.0,11341.0,8594.0,37413.0,111680.0,49763.57534025788,2012,0.03908721815913368,0.029619570836751152,0.1289454274744439
472,207559.0,189655.0,2419.0,8850.0,25825.0,80574.0,49358.3613944945,2012,0.011654517510683709,0.04263847869762333,0.12442245337470309
473,322639.0,294729.0,8892.0,6404.0,58230.0,127546.0,39597.56716792373,2012,0.02756021435722278,0.019848809350388515,0.1804803511044852
474,262630.0,239112.0,4907.0,5394.0,50141.0,103586.0,40415.712547440395,2012,0.018684080265011612,0.020538400030461104,0.19091878307885618
475,164120.0,154862.0,2004.0,5199.0,18620.0,62413.0,47403.69658023781,2012,0.012210577626127223,0.031678040458201315,0.1134535705581282
476,126638.0,120240.0,1579.0,1669.0,13489.0,48647.0,57305.20422636545,2012,0.012468611317298125,0.013179298472812268,0.10651621156366967
477,182872.0,156382.0,16108.0,3874.0,27067.0,75473.0,45399.1021159885,2012,0.08808346821820727,0.021184216282427053,0.14801063038628112
478,186516.0,168958.0,8613.0,3333.0,30157.0,68997.0,43531.34309859972,2012,0.04617834394904458,0.01786978060863411,0.16168586073044672
479,304913.0,262449.0,7329.0,18596.0,49962.0,116840.0,45493.483421773366,2012,0.024036364471177026,0.06098788834847973,0.1638565754821867
480,1134642.0,913961.0,128594.0,26349.0,132577.0,457934.0,57425.61583765346,2012,0.11333442618905347,0.023222302717509136,0.11684478452234273
481,1548114.0,1236227.0,144287.0,61399.0,197322.0,591379.0,58676.46374321712,2012,0.09320179263284228,0.03966051595683522,0.12745960568795323
482,933495.0,186152.0,655982.0,55730.0,310660.0,339941.0,33698.801221388414,2012,0.7027161366691841,0.059700373328191364,0.3327923556098319
483,970179.0,769864.0,85646.0,36911.0,95587.0,377199.0,69817.10810474047,2012,0.08827855478215875,0.03804555654162788,0.09852511752985789
484,460473.0,418875.0,15273.0,13663.0,54263.0,174808.0,53787.376944991076,2012,0.03316806848610016,0.02967166370232348,0.11784187129321372
485,190245.0,102294.0,72521.0,6734.0,57079.0,75623.0,32891.16242413023,2012,0.3811979289863071,0.03539646245630634,0.3000289100896213
486,405106.0,336425.0,37788.0,18344.0,70720.0,163269.0,43464.41711531277,2012,0.09327928986487487,0.04528197558169961,0.174571593607599
487,212040.0,196514.0,2372.0,7784.0,33198.0,86174.0,42407.876629028324,2012,0.011186568571967554,0.03671005470665912,0.15656479909451046
488,626357.0,559332.0,16240.0,21771.0,94729.0,229307.0,51453.874330023245,2012,0.025927705765242507,0.03475813314132356,0.15123803198495428
489,162568.0,98873.0,29754.0,18310.0,36189.0,69380.0,42156.28603343903,2012,0.1830249495595689,0.1126297918409527,0.22260838541410363
490,744388.0,611270.0,66602.0,35995.0,127096.0,288244.0,45804.69728077601,2012,0.08947215699339592,0.04835515886876199,0.17073891572674466
491,109328.0,93712.0,5931.0,4716.0,14836.0,41660.0,47938.0172587614,2012,0.05424959754134348,0.04313625054880726,0.13570174154836823
492,351841.0,309520.0,18394.0,14619.0,53704.0,131187.0,47634.42824365219,2012,0.05227929661409557,0.04155001833214435,0.1526371287030221
493,325284.0,299489.0,4929.0,11289.0,36910.0,116892.0,59286.583033911644,2012,0.015152912531818349,0.03470505773416461,0.11347007538028307
494,559074.0,465607.0,28230.0,42586.0,78712.0,207023.0,49329.26279205692,2012,0.050494210068792324,0.07617238505099504,0.14078994909439538
495,405003.0,275733.0,53911.0,50805.0,76752.0,157016.0,46442.3916543537,2012,0.13311259422769708,0.1254435152332205,0.1895097073355012
496,267916.0,251384.0,2729.0,5498.0,38010.0,107412.0,45939.425408706666,2012,0.010186028456680452,0.020521357440391765,0.1418728258110751
497,227635.0,204732.0,2832.0,2858.0,33149.0,95140.0,42715.2506832037,2012,0.012440969095262152,0.012555187031871197,0.14562347617897073
498,181709.0,168514.0,2777.0,2109.0,25687.0,75418.0,42725.795672120716,2012,0.015282677247687237,0.01160646968504587,0.14136338871492332
499,81830.0,74890.0,2252.0,927.0,14842.0,33905.0,35296.08700781596,2012,0.027520469265550532,0.011328363680801663,0.18137602346327752
500,226135.0,207193.0,3268.0,5301.0,27664.0,88403.0,55609.65259097542,2012,0.014451544431423708,0.023441749397483804,0.12233400402414486
501,176553.0,160373.0,1593.0,9830.0,16647.0,68541.0,56954.02826045724,2012,0.009022786358770454,0.05567733201928033,0.09428896705238654
502,214923.0,195463.0,3110.0,9238.0,17781.0,84964.0,62262.14369615367,2012,0.014470298665103316,0.042982835713255445,0.08273195516533828
503,284484.0,215425.0,22837.0,27812.0,39488.0,113955.0,54798.29615198982,2012,0.08027516485988667,0.09776296733735465,0.13880569733271467
504,104558.0,97862.0,562.0,4147.0,11928.0,45541.0,47610.464526470656,2012,0.005375007173052278,0.03966219705809216,0.11408022341666826
505,124100.0,110124.0,2314.0,8239.0,14929.0,51972.0,44553.79544754868,2012,0.018646253021756647,0.06639000805801773,0.12029814665592264
506,172119.0,164121.0,1760.0,2901.0,18914.0,67608.0,51905.77248051122,2012,0.010225483531742574,0.016854618025900686,0.10988908836328354
507,77857.0,60388.0,10591.0,3936.0,13329.0,32539.0,41975.29816527859,2012,0.13603144225952707,0.05055422120040587,0.1711984792632647
508,33443.0,32084.0,296.0,629.0,4782.0,14231.0,43053.29920595882,2012,0.008850880602816733,0.01880812128098556,0.1429895643333433
510,88325.0,83214.0,227.0,3245.0,6535.0,35554.0,53231.501209427915,2012,0.002570053778658364,0.036739315029719784,0.07398811208604586
511,85787.0,63695.0,2347.0,13525.0,13863.0,32369.0,45043.603911149556,2012,0.027358457575157074,0.15765792019769895,0.16159791110541225
512,43946.0,40911.0,124.0,2390.0,3760.0,16465.0,52075.85672638931,2012,0.0028216447458244208,0.054384926955809404,0.08555955035725664
513,47413.0,44654.0,239.0,1837.0,4409.0,21054.0,48631.765602735824,2012,0.0050408115917575345,0.038744648092295365,0.0929913736738869
514,47695.0,42528.0,172.0,4488.0,5447.0,19407.0,47091.988766939765,2012,0.0036062480343851556,0.09409791382744523,0.11420484327497642
515,148149.0,136471.0,1300.0,7138.0,17695.0,58694.0,51673.608324530614,2012,0.008774949544040123,0.04818122295796799,0.1194405632167615
516,24228.0,22716.0,368.0,628.0,2569.0,9827.0,44221.94596519793,2012,0.015189037477298993,0.02592042265147763,0.10603434043255737
520,141435.0,132989.0,1539.0,2348.0,14003.0,57018.0,51408.38508891929,2012,0.010881323576201082,0.016601265599038427,0.09900661081061972
521,59250.0,56298.0,422.0,1532.0,6133.0,23828.0,48616.81664428404,2012,0.007122362869198312,0.025856540084388185,0.10351054852320675
522,167696.0,145767.0,5934.0,6212.0,25192.0,66803.0,51935.90410610302,2012,0.03538545940272875,0.03704322106669211,0.15022421524663676
523,155750.0,144188.0,1839.0,4422.0,12374.0,62062.0,61619.57869549805,2012,0.011807383627608347,0.028391653290529693,0.07944783306581059
524,134783.0,116429.0,7425.0,4524.0,15600.0,55602.0,55170.91021905687,2012,0.0550885497429201,0.03356506384336304,0.11574159945987253
525,111556.0,102422.0,976.0,4374.0,17607.0,45457.0,43026.43414655609,2012,0.008748969127613037,0.03920900713542974,0.1578310444978307
526,106209.0,96285.0,3498.0,3341.0,15291.0,42697.0,43695.61650701454,2012,0.03293506200039545,0.03145684452353379,0.1439708499279722
527,169062.0,149564.0,3640.0,11744.0,17669.0,66978.0,57665.09749469975,2012,0.021530562752126437,0.0694656398244431,0.10451195419431925
528,102811.0,80156.0,10197.0,7270.0,17102.0,42196.0,46316.1054602332,2012,0.09918199414459543,0.07071227786909962,0.1663440682417251
530,636138.0,586310.0,7080.0,20211.0,37664.0,250511.0,68231.3610819485,2012,0.011129660545353366,0.031771408090697305,0.05920727892375554
531,682451.0,582880.0,19347.0,54340.0,59412.0,262509.0,63775.95543390893,2012,0.028349288080755982,0.07962476426878999,0.08705679968232151
532,816601.0,405284.0,244053.0,115940.0,183316.0,328339.0,43445.48950322685,2012,0.29886443930389506,0.14197876319034633,0.2244866219855229
534,126544.0,81970.0,18765.0,20027.0,19663.0,50096.0,49181.32809006707,2012,0.14828834239474017,0.1582611581742319,0.15538468832975091
535,542965.0,489235.0,10356.0,25001.0,47639.0,214777.0,61084.764313683496,2012,0.019073052590866814,0.04604532520512372,0.08773862035306143
537,274291.0,205373.0,20457.0,21815.0,46917.0,119140.0,53865.95612901059,2012,0.0745813752547477,0.07953232151255418,0.171048266257369
538,59548.0,57077.0,860.0,756.0,8186.0,22755.0,46165.137244561636,2012,0.014442130718076174,0.012695640491704172,0.1374689326257809
539,198394.0,181915.0,4223.0,7654.0,20264.0,79322.0,50508.67447870704,2012,0.02128592598566489,0.03857979575995242,0.10214018569109953
540,146706.0,139746.0,978.0,2556.0,12789.0,55864.0,65287.06939148182,2012,0.006666394012514826,0.01742260030264611,0.0871743486973948
541,249988.0,229300.0,1089.0,4732.0,22855.0,100799.0,53908.77106915743,2012,0.004356209098036706,0.018928908587612207,0.09142438837064179
542,128615.0,120303.0,609.0,3607.0,12278.0,55362.0,50916.12887901449,2012,0.004735062006764375,0.028044940325778485,0.095463204136376
543,179468.0,144493.0,4536.0,16587.0,22099.0,72273.0,51580.370733192205,2012,0.025274700782312167,0.09242316178928835,0.12313615797802394
544,389106.0,360721.0,1723.0,8713.0,43890.0,159626.0,49575.97699622868,2012,0.004428099283999733,0.022392355810498938,0.11279702703119458
545,89432.0,82375.0,497.0,1053.0,12020.0,41597.0,41877.1339279275,2012,0.005557294927989981,0.01177430897217998,0.13440379282583415
546,245638.0,226992.0,2963.0,5732.0,33220.0,98247.0,48915.48361782039,2012,0.012062465905112401,0.023335151727338604,0.13523966161587375
547,261132.0,244639.0,2227.0,4509.0,35289.0,102958.0,48172.2053070184,2012,0.008528253909899974,0.017267129267956437,0.13513855061807822
548,180010.0,163462.0,1463.0,2743.0,26036.0,79501.0,42867.0462384121,2012,0.008127326259652241,0.015238042330981612,0.144636409088384
549,480207.0,435413.0,6026.0,19232.0,47295.0,192673.0,53442.469183538946,2012,0.012548755016065989,0.040049395364915544,0.09848877671504164
550,663341.0,594310.0,13535.0,26133.0,46521.0,243217.0,70384.00558769473,2012,0.0204042867846251,0.039396027081094034,0.07013135024067561
551,756995.0,538496.0,67062.0,49370.0,97277.0,299666.0,62647.16807045177,2012,0.08858975290457664,0.06521839642269764,0.12850415128237308
553,954454.0,839848.0,27214.0,34561.0,57073.0,356588.0,78430.35274883058,2012,0.0285126365440346,0.03621023118976923,0.05979649097808799
554,1027645.0,708762.0,131500.0,76283.0,142578.0,425867.0,60516.4311421399,2012,0.12796247731463686,0.07423088712541782,0.13874246456704406
556,15936.0,14861.0,43.0,125.0,1882.0,7631.0,48315.35250950072,2012,0.002698293172690763,0.007843875502008033,0.11809738955823293
557,169404.0,157535.0,1255.0,1929.0,21470.0,73537.0,46546.46824047758,2012,0.007408325659370499,0.011386980236594178,0.12673844773441004
558,116515.0,106523.0,2252.0,1527.0,19513.0,47518.0,49378.85384696348,2012,0.01932798352143501,0.013105608719907309,0.16747199931339313
559,327580.0,289760.0,8467.0,13706.0,34387.0,128913.0,58284.68927105878,2012,0.025847121313877525,0.041840161182001345,0.10497283106416753
560,260838.0,238504.0,3276.0,12783.0,30591.0,103581.0,51436.792674332166,2012,0.012559519701883928,0.04900742989901778,0.11727969084259196
561,91156.0,78817.0,1111.0,7115.0,11156.0,37222.0,47066.622320133254,2012,0.012187897669928473,0.07805300803019001,0.12238360612576243
562,144356.0,129369.0,1762.0,8884.0,16768.0,59546.0,48988.72555671246,2012,0.012205935326553797,0.06154229820720995,0.11615727784089334
563,308228.0,283962.0,6993.0,7327.0,39049.0,121351.0,50960.792239042115,2012,0.022687750626159856,0.023771364055179933,0.12668868499941602
564,144869.0,137953.0,731.0,1712.0,20469.0,62352.0,44644.044858224275,2012,0.005045938054380164,0.011817573117782271,0.14129316831068067
565,171022.0,154450.0,1525.0,4821.0,20616.0,69469.0,49178.62498380573,2012,0.008916981440984201,0.02818935575539989,0.12054589468021658
566,90932.0,72789.0,514.0,1299.0,15885.0,36974.0,43182.6316059934,2012,0.005652575550961158,0.014285400079180046,0.17469097787357585
567,69720.0,64285.0,505.0,2450.0,7176.0,28450.0,50604.72509932145,2012,0.007243258749282846,0.035140562248995984,0.10292598967297763
570,174183.0,162864.0,1358.0,3097.0,17876.0,65506.0,54021.1811824345,2012,0.007796398041140639,0.017780150760981266,0.10262769615863776
571,161386.0,137278.0,6369.0,7251.0,16966.0,64318.0,54921.912668304365,2012,0.03946438972401571,0.044929547792249634,0.10512683875924801
572,72149.0,64505.0,269.0,1398.0,9681.0,29167.0,46605.97048033737,2012,0.003728395403955703,0.019376567935799525,0.1341806539245173
573,81812.0,71167.0,185.0,2306.0,10993.0,33175.0,45183.90140165787,2012,0.002261281963526133,0.028186574096709528,0.13436904121644747
574,59845.0,56350.0,260.0,887.0,6475.0,24710.0,47777.978279369454,2012,0.004344556771660122,0.014821622524855877,0.1081961734480742
575,52676.0,34224.0,175.0,886.0,10944.0,20266.0,47176.52023092865,2012,0.0033221960665198572,0.016819804085351962,0.20776065001139038
576,21092.0,11109.0,45.0,332.0,5320.0,7603.0,38413.700249901354,2012,0.002133510335672293,0.01574056514318225,0.2522283330172577
577,192499.0,152168.0,1429.0,6597.0,30027.0,75565.0,47838.12562401515,2012,0.007423415186572398,0.03427030789770336,0.1559852258972774
580,79870.0,75252.0,1003.0,1186.0,6037.0,32650.0,58549.14958168613,2012,0.012557906598222111,0.014849129835983473,0.07558532615500188
581,108545.0,96962.0,2603.0,2621.0,16316.0,48107.0,45898.55650944769,2012,0.0239808374406928,0.02414666728085126,0.15031553733474595
582,96795.0,86910.0,1497.0,3310.0,13127.0,40284.0,47196.90887200874,2012,0.015465674879900821,0.0341959811973759,0.13561650911720646
583,49650.0,32314.0,203.0,560.0,10519.0,19975.0,40908.89256570713,2012,0.004088620342396778,0.011278952668680765,0.21186304128902317
584,47386.0,45377.0,185.0,744.0,4744.0,20489.0,47626.40435504345,2012,0.0039041066981808973,0.015700839910522096,0.10011395770902798
585,135524.0,122525.0,604.0,1658.0,13072.0,55974.0,58246.75193839997,2012,0.0044567751837312946,0.012233995454679614,0.09645524040022431
586,41703.0,39149.0,161.0,903.0,3453.0,17349.0,54701.71128018906,2012,0.0038606335275639643,0.02165311848068484,0.08279979857564204
587,87787.0,75658.0,1658.0,2579.0,9389.0,35748.0,53530.88667897505,2012,0.01888662330413387,0.02937792611662319,0.10695205440441068
588,28256.0,25648.0,54.0,634.0,2188.0,11775.0,68984.05834394904,2012,0.0019110985277463193,0.02243771234428086,0.07743488108720271
590,83643.0,68288.0,150.0,2345.0,11510.0,31908.0,46850.339162592456,2012,0.0017933359635594133,0.028035818896978825,0.13760864627045896
591,128949.0,112219.0,803.0,6353.0,15798.0,53141.0,51055.81074876273,2012,0.006227268144770413,0.04926753988010764,0.12251355186934369
592,36214.0,27401.0,63.0,601.0,5630.0,14563.0,48186.56142641198,2012,0.0017396586955321146,0.016595791682774617,0.15546473739437786
593,34725.0,32496.0,71.0,757.0,4435.0,14568.0,46655.415980230646,2012,0.002044636429085673,0.021799856011519077,0.1277177825773938
594,130112.0,107850.0,900.0,3648.0,20392.0,52039.0,43647.68459187792,2012,0.00691711756025578,0.028037383177570093,0.15672651254303985
595,30984.0,21258.0,41.0,573.0,6333.0,11545.0,41477.32213079255,2012,0.0013232636199328686,0.018493415956622773,0.2043958171959721
596,77414.0,71790.0,363.0,1810.0,7166.0,32122.0,56405.349168793975,2012,0.004689074327640995,0.023380783837548765,0.09256723590048312
597,160846.0,149478.0,529.0,4781.0,22332.0,67121.0,46887.448262502236,2012,0.0032888601519465823,0.0297240839063452,0.13884087885306443
598,193628.0,171140.0,745.0,5309.0,33707.0,80863.0,42201.217441846085,2012,0.003847584027103518,0.027418555167641044,0.1740812279215816
599,114784.0,107487.0,271.0,2807.0,15858.0,47872.0,43797.15466243315,2012,0.002360956230833566,0.02445462782269306,0.1381551435740173
600,1638436.0,1147840.0,63323.0,258215.0,126265.0,588063.0,81422.67515385256,2012,0.038648442783239624,0.15759846585402176,0.07706434673066266
601,1425568.0,896624.0,100678.0,296018.0,123924.0,497982.0,72488.15601166307,2012,0.07062307795910121,0.20764916159734226,0.08692956070843341
602,79379.0,48741.0,13806.0,7817.0,8989.0,30269.0,70583.09818626317,2012,0.17392509353859334,0.09847692714697842,0.11324153743433402
603,62955.0,42721.0,11434.0,3726.0,4705.0,25571.0,82767.65280982363,2012,0.1816217933444524,0.059185132237312366,0.0747359224843142
604,1444032.0,837017.0,317699.0,232258.0,160690.0,505239.0,63749.29488222406,2012,0.22000828236493375,0.16083992598501973,0.11127869742498782
605,1014848.0,691406.0,54819.0,178488.0,71584.0,355534.0,82493.6059061475,2012,0.054016956233839945,0.175876584473734,0.07053667150154506
606,2687301.0,862269.0,871400.0,763277.0,583059.0,1024469.0,50576.16850973529,2012,0.32426587122172024,0.2840310780221494,0.21696825178869059
607,107989.0,72767.0,3357.0,18222.0,9266.0,40176.0,55436.929385702904,2012,0.031086499550880182,0.16873940864347295,0.08580503569808036
608,154973.0,36346.0,35720.0,81016.0,27880.0,47187.0,47909.42047597855,2012,0.23049176308131095,0.5227749349886754,0.1799023055629045
609,168249.0,134231.0,17171.0,12924.0,24424.0,63187.0,50092.24516118822,2012,0.10205707017575141,0.07681472103846085,0.14516579593340823
610,312182.0,268765.0,8783.0,27450.0,32134.0,119688.0,54988.58536361206,2012,0.028134229391829125,0.08792947703583166,0.10293354517557066
611,235432.0,159466.0,34716.0,30041.0,45480.0,91643.0,44722.46968126316,2012,0.14745659043800333,0.1275994767066499,0.19317679839613985
612,214213.0,174626.0,13586.0,18753.0,22721.0,87503.0,50721.80310389358,2012,0.06342285482206962,0.08754370649773824,0.10606732551245723
613,151053.0,134332.0,1738.0,12044.0,17699.0,60918.0,49984.77945232466,2012,0.011505895281788511,0.07973360343720416,0.11717079435694756
614,147354.0,130156.0,6651.0,6896.0,21533.0,60089.0,41089.26935499984,2012,0.045136202614112955,0.046798865317534646,0.14613108568481345
615,205812.0,194526.0,2654.0,3798.0,17707.0,80036.0,59651.95314608426,2012,0.012895263638660524,0.01845373447612384,0.08603482790119138
616,173437.0,123883.0,32729.0,6879.0,31292.0,72240.0,48778.13869047619,2012,0.18870829177165196,0.03966281704595905,0.18042286248032427
617,234778.0,199475.0,13743.0,9294.0,27819.0,88975.0,60181.16639505479,2012,0.05853614904292566,0.03958633262060329,0.1184906592610892
618,292343.0,218139.0,35508.0,13367.0,55374.0,114781.0,47001.75289464284,2012,0.12146006574469032,0.04572368758615736,0.18941448914460068
619,109143.0,102224.0,2227.0,2761.0,17236.0,43242.0,42630.103024836964,2012,0.020404423554419432,0.025297087307477345,0.15792125926536746
620,308011.0,273807.0,20357.0,6043.0,41811.0,122568.0,50845.91576233294,2012,0.06609179542289075,0.019619429176230718,0.1357451519588586
622,464679.0,346955.0,89704.0,14338.0,61916.0,176783.0,55017.14298886205,2012,0.19304509134262576,0.030855708994811472,0.13324466997647838
623,111910.0,104249.0,3720.0,1644.0,14819.0,44484.0,45429.35648772593,2012,0.0332409972299169,0.014690376195156823,0.1324189080511125
624,150040.0,139513.0,4892.0,2612.0,17761.0,58494.0,46437.27199370875,2012,0.03260463876299653,0.017408691015729137,0.11837509997334045
625,183625.0,157174.0,18136.0,2946.0,26236.0,74789.0,48927.82998836727,2012,0.09876650782845472,0.01604356705241661,0.1428781484002723
626,165675.0,150886.0,6905.0,4896.0,18389.0,63783.0,53219.47600457802,2012,0.04167798400482873,0.029551833408782254,0.11099441677984005
627,141515.0,109301.0,23168.0,2688.0,22657.0,61149.0,52319.6612209521,2012,0.16371409391230612,0.018994452884853196,0.16010316927534185
628,212657.0,198659.0,6364.0,3165.0,32566.0,85716.0,40921.53293434131,2012,0.02992612516869889,0.014883121646595221,0.15313862228847394
629,226257.0,193377.0,19507.0,5808.0,44529.0,89705.0,37636.4660275347,2012,0.08621611707041107,0.02566992402445007,0.19680717060687625
630,718039.0,603355.0,67506.0,15891.0,63370.0,275474.0,64416.27488256605,2012,0.09401439197592332,0.022131109870076694,0.08825425916976655
631,928932.0,534603.0,320929.0,25075.0,160778.0,392220.0,50603.686816072615,2012,0.34548169295492026,0.026993364422799516,0.17307833081431148
633,482008.0,433792.0,18923.0,12667.0,35973.0,179240.0,66381.89960946217,2012,0.03925868450316177,0.026279646810841314,0.07463154138520522
634,67836.0,63517.0,2362.0,777.0,9862.0,26954.0,42704.35550194841,2012,0.0348192700041276,0.01145409517070582,0.14538003420012974
635,62085.0,57778.0,972.0,1966.0,11664.0,24620.0,35354.03111291633,2012,0.01565595554481759,0.03166626399291294,0.18787146653781106
636,134249.0,126665.0,3895.0,1498.0,23621.0,51238.0,38033.0843514579,2012,0.029013251495355646,0.011158369894747819,0.17594916908133393
637,126668.0,115651.0,5774.0,2171.0,19614.0,49476.0,44232.94263421733,2012,0.04558373069757161,0.017139293270597152,0.15484573846591088
638,122505.0,98093.0,19084.0,3308.0,26276.0,48219.0,34155.39741515227,2012,0.15578139667768662,0.027002979470225705,0.2144892045222644
639,84581.0,78660.0,2530.0,1151.0,18887.0,33912.0,32686.75359754659,2012,0.029912155212163487,0.013608257173596906,0.22330074130123787
640,604357.0,518052.0,35041.0,28208.0,61223.0,229389.0,60161.49645315859,2012,0.05798063065373612,0.046674399403001866,0.10130270684380259
641,548425.0,322379.0,146043.0,50071.0,93581.0,228456.0,49506.010794909846,2012,0.26629530017778186,0.09129963076081506,0.17063591192961663
644,104710.0,98683.0,2260.0,1529.0,13499.0,39886.0,46038.50544050544,2012,0.021583420876707095,0.0146022347435775,0.12891796390029606
645,87441.0,74969.0,3981.0,4777.0,14062.0,33008.0,44413.097915656814,2012,0.04552784163035647,0.05463112269987763,0.16081700803970678
646,72708.0,69729.0,842.0,962.0,10488.0,28319.0,41078.36565556694,2012,0.011580568850745447,0.013231006216647412,0.14424822577983165
647,116389.0,110575.0,632.0,2325.0,19564.0,47056.0,41932.68197466848,2012,0.00543006641521106,0.01997611458127486,0.16809148630884363
648,195546.0,168094.0,2835.0,13024.0,34926.0,74517.0,40081.02143135123,2012,0.01449786750943512,0.06660325447720741,0.17860759105274462
650,154697.0,146878.0,1712.0,2901.0,21730.0,61018.0,46011.7074809861,2012,0.011066795089756104,0.01875278770758321,0.1404681409464954
651,68467.0,55703.0,8419.0,1739.0,7715.0,26952.0,53105.39566636984,2012,0.12296434778798546,0.02539909737537792,0.11268202199599807
652,263560.0,221509.0,20351.0,6760.0,45086.0,101903.0,45950.78517806149,2012,0.07721581423584763,0.025648808620427985,0.171065412050387
653,103589.0,90764.0,3346.0,6021.0,17394.0,40250.0,38517.910583850935,2012,0.03230072691115852,0.05812393207773026,0.1679135815578874
654,94739.0,82202.0,3339.0,4206.0,15449.0,32358.0,39661.76064651709,2012,0.035244197215507866,0.04439565543229293,0.16306906342688862
655,121416.0,109021.0,4373.0,3243.0,19701.0,46612.0,41342.84867926958,2012,0.03601666996112539,0.026709824075904328,0.16226032812808855
656,212347.0,197626.0,993.0,5476.0,36411.0,83210.0,39674.72282177623,2012,0.004676308118315775,0.025787979109664842,0.1714693402779413
657,286760.0,267654.0,1224.0,9295.0,47235.0,110600.0,42821.39341772152,2012,0.004268377737480821,0.032413865253173385,0.1647196261682243
658,220509.0,194338.0,7390.0,7111.0,40919.0,93499.0,40784.27769280955,2012,0.033513371336317335,0.032248116856908336,0.18556612201769543
660,482371.0,402633.0,20591.0,29235.0,51302.0,177503.0,61334.315307346915,2012,0.04268706037469085,0.06060687727910675,0.10635382309467194
661,149950.0,62652.0,39237.0,40282.0,35564.0,54661.0,40722.093265765354,2012,0.26166722240746915,0.2686362120706902,0.2371723907969323
662,372367.0,308520.0,14962.0,23359.0,23185.0,153538.0,79003.59139105628,2012,0.04018078938251778,0.06273112279015058,0.06226384185494418
664,83974.0,63778.0,7336.0,6777.0,9450.0,30486.0,48427.63009250147,2012,0.08736037344892467,0.08070355109914974,0.11253483220996975
665,129618.0,112748.0,3777.0,5687.0,18794.0,49841.0,49767.495335165826,2012,0.02913947136971717,0.04387507907852305,0.14499529386350662
666,163264.0,121248.0,13999.0,18418.0,26954.0,67577.0,48814.68952454237,2012,0.08574456095648765,0.11281115248921991,0.16509457075656606
667,118333.0,107271.0,1757.0,3886.0,20832.0,46647.0,39141.557163376,2012,0.014847929149096195,0.032839529125434155,0.17604556632553894
668,60874.0,50110.0,789.0,7665.0,9810.0,24343.0,42151.90071067658,2012,0.012961198541249138,0.12591582613266747,0.16115254460032197
669,25346.0,24274.0,91.0,586.0,3156.0,11102.0,40937.86795172041,2012,0.003590310108103843,0.023120018937899472,0.1245166890239091
670,182546.0,162877.0,2561.0,10041.0,17163.0,68304.0,55399.45503923635,2012,0.014029340549779234,0.05500531372914225,0.09402013739002772
671,112804.0,99688.0,1237.0,7138.0,11772.0,43541.0,51555.339105670515,2012,0.010965923194212971,0.06327789794688132,0.10435800148930889
672,408546.0,270105.0,42478.0,59032.0,65355.0,160868.0,50217.39521843996,2012,0.10397360395157461,0.14449290899923142,0.15996974636882993
673,62700.0,52297.0,2814.0,2881.0,10411.0,25601.0,39948.658060232025,2012,0.04488038277511962,0.04594896331738437,0.1660446570972887
674,137545.0,122081.0,2489.0,8100.0,16331.0,55435.0,48434.06108054478,2012,0.01809589588861827,0.05888981787778545,0.11873205132865608
675,123187.0,105742.0,2734.0,11581.0,15061.0,49912.0,45225.70990622746,2012,0.022193900330392004,0.09401154342584851,0.12226127756987344
676,59124.0,54866.0,710.0,1951.0,7479.0,25234.0,43173.89902512483,2012,0.012008659765915702,0.03299844394831202,0.12649685406941344
677,30991.0,28688.0,229.0,1497.0,3711.0,13692.0,44164.501168565585,2012,0.007389242038011035,0.048304346423155106,0.11974444193475525
678,116520.0,65876.0,1410.0,45425.0,14583.0,40728.0,50386.88322529955,2012,0.012100926879505664,0.3898472365259183,0.12515447991761072
679,31230.0,14067.0,819.0,15135.0,4805.0,10389.0,49093.0402348638,2012,0.02622478386167147,0.4846301633045149,0.15385846942042908
680,197837.0,175313.0,3838.0,9227.0,16845.0,74982.0,63879.6180283268,2012,0.01939980893361707,0.046639405166879803,0.08514585239363719
681,585656.0,426032.0,60779.0,65242.0,74879.0,227762.0,57518.073085062475,2012,0.10377935170134003,0.11139986613302007,0.12785491824552297
683,80928.0,74708.0,374.0,4221.0,9022.0,32569.0,49311.813872086954,2012,0.0046213918544879395,0.05215747330960854,0.11148181099248715
684,71817.0,67205.0,513.0,2636.0,6081.0,28198.0,54355.99787218952,2012,0.0071431555202807135,0.03670440146483423,0.08467354526087138
685,267486.0,223714.0,9974.0,16299.0,38213.0,106834.0,52323.47561637681,2012,0.03728793282639092,0.06093403019223436,0.14285981322386965
686,73273.0,62802.0,221.0,9390.0,7524.0,28993.0,50186.79591625565,2012,0.003016117806013129,0.12815088777585196,0.10268448132327052
687,129033.0,109196.0,1448.0,14549.0,15786.0,50855.0,45809.00159276374,2012,0.011221935473871025,0.11275410166391543,0.12234079654041989
688,164500.0,133831.0,2356.0,25005.0,20493.0,62711.0,48752.01642455072,2012,0.014322188449848025,0.15200607902735563,0.12457750759878419
689,73163.0,67337.0,284.0,4051.0,8311.0,30229.0,46099.26481193556,2012,0.0038817435042302804,0.05536951737900305,0.11359566994245725
690,25526.0,23990.0,108.0,1150.0,2602.0,11198.0,45296.69708876585,2012,0.004230980177074356,0.045052103737365824,0.10193528167358772
691,79610.0,72710.0,328.0,5019.0,7996.0,33967.0,47559.359172137665,2012,0.004120085416404975,0.06304484361261148,0.10043964326089687
692,8470.0,7777.0,17.0,218.0,825.0,3831.0,41429.358914121636,2012,0.0020070838252656434,0.025737898465171192,0.09740259740259741
693,70255.0,56520.0,404.0,10148.0,11645.0,29000.0,41537.845137931035,2012,0.005750480392854601,0.14444523521457547,0.16575332716532631
700,568043.0,313889.0,164911.0,60031.0,86294.0,210324.0,49792.71071201012,2012,0.29031428958723193,0.10568037983040017,0.15191455576426433
701,379926.0,132773.0,209537.0,20582.0,94325.0,161209.0,40124.6183587765,2012,0.5515205592668045,0.054173707511462756,0.24827203192200586
703,277063.0,192852.0,55860.0,11408.0,45293.0,99924.0,48998.285527000524,2012,0.20161479519098544,0.04117475086893595,0.16347545504091127
704,425350.0,312843.0,84911.0,16154.0,68213.0,158360.0,51234.05206155945,2012,0.19962619019630892,0.03797813565299166,0.16036910779358177
705,626042.0,417663.0,171592.0,17246.0,118427.0,232665.0,44607.80307127473,2012,0.2740902367572783,0.02754767252037403,0.18916781941147717
706,262067.0,190838.0,55950.0,6681.0,40909.0,97711.0,45847.85917655126,2012,0.21349502226529857,0.025493480674789272,0.15610130233871491
707,399034.0,282036.0,97653.0,11285.0,49260.0,138942.0,58054.28478069986,2012,0.24472350727005718,0.028280798127477857,0.12344812722725382
708,376344.0,169434.0,174100.0,15164.0,73204.0,144828.0,50775.7400686374,2012,0.46260867716769766,0.04029292349552537,0.1945135301745212
710,180734.0,117124.0,54848.0,4315.0,31859.0,67844.0,42032.050807735395,2012,0.30347361315524474,0.023874865824913962,0.1762756315911782
711,302764.0,150831.0,132253.0,10611.0,55297.0,117383.0,44254.76269987988,2012,0.43681877634064814,0.03504709939094476,0.18264060456329023
712,335841.0,196002.0,127095.0,6481.0,80691.0,122586.0,37396.42790819116,2012,0.37843801084441747,0.019297822481471886,0.24026548277309798
713,202644.0,123131.0,70608.0,3785.0,43225.0,74615.0,38050.91722843932,2012,0.34843370640137383,0.018678075837429187,0.21330510649217346
714,193334.0,133145.0,41592.0,8827.0,34123.0,69949.0,39838.58275314872,2012,0.21513029265416325,0.04565673911469271,0.17649766724942328
716,168800.0,88489.0,71765.0,5885.0,38406.0,64371.0,35277.411505180906,2012,0.42514810426540284,0.034863744075829387,0.22752369668246444
717,109225.0,64991.0,39489.0,2831.0,22357.0,43608.0,35336.22216107136,2012,0.361538109407187,0.025918974593728543,0.20468757152666514
718,127199.0,83951.0,29502.0,10864.0,28044.0,48344.0,36511.92646450439,2012,0.23193578565869227,0.08540947648959504,0.22047343139490092
719,170399.0,145151.0,12355.0,7861.0,32325.0,68927.0,37597.83386771512,2012,0.07250629405102142,0.04613289984096151,0.18970181749892898
720,383367.0,315566.0,41606.0,14905.0,56257.0,146179.0,47265.36079053763,2012,0.10852785972710223,0.038879194088171386,0.14674450330883984
721,312470.0,237743.0,55825.0,11203.0,47753.0,120931.0,46456.30069635119,2012,0.17865715108650432,0.03585304189202163,0.15282427113002847
722,213920.0,106256.0,83693.0,13226.0,36209.0,87943.0,49446.332999783954,2012,0.3912350411368736,0.06182685115931189,0.16926421091997007
723,173876.0,86503.0,80389.0,4218.0,42577.0,63295.0,34559.73631408484,2012,0.4623352274034369,0.024258667096091466,0.24486990729025282
724,221840.0,195628.0,14214.0,6816.0,44378.0,86629.0,37668.881910214826,2012,0.06407320591417237,0.030724846736386584,0.20004507753335737
725,106229.0,99555.0,1294.0,3157.0,22337.0,43439.0,33714.57809802252,2012,0.01218123111391428,0.0297188150128496,0.21027214790688042
726,137820.0,128284.0,380.0,5444.0,24454.0,57832.0,35149.01931456633,2012,0.0027572195617472065,0.03950079814250471,0.1774343346393847
727,439243.0,332933.0,9088.0,66535.0,68211.0,164186.0,47983.39398608895,2012,0.020690141903228966,0.1514765175540646,0.15529217312512664
728,122975.0,104385.0,2775.0,11723.0,22654.0,45370.0,38060.82107119242,2012,0.022565562106119128,0.09532831876397642,0.18421630412685505
729,229064.0,183124.0,8338.0,20583.0,44451.0,87683.0,40324.08594596444,2012,0.03640030733768728,0.0898569832012014,0.194054936611602
730,675979.0,529237.0,31563.0,38343.0,83282.0,248523.0,56691.21636607998,2012,0.04669227890215524,0.0567221762806241,0.12320205213475567
731,641877.0,360183.0,95874.0,109654.0,116071.0,254125.0,45796.25533103787,2012,0.14936506526951426,0.17083335280746934,0.18083059526981027
734,92838.0,68069.0,3777.0,6651.0,15190.0,34510.0,40204.25459287163,2012,0.04068377173140309,0.07164092289795126,0.16361834593593141
735,211288.0,137667.0,24442.0,26296.0,32991.0,79212.0,44480.8278291168,2012,0.11568096626405665,0.1244557192079058,0.15614232706069442
736,59507.0,46031.0,1763.0,7331.0,8626.0,21983.0,46265.03980348451,2012,0.029626766598887525,0.12319559043473877,0.14495773606466467
737,106512.0,85964.0,2800.0,9829.0,13982.0,41844.0,46777.783436902486,2012,0.026288117770767613,0.09228068198888388,0.131271593811026
738,32282.0,27049.0,291.0,3320.0,3797.0,12389.0,49287.225522641056,2012,0.00901431138095533,0.10284368998203333,0.11761972616318692
739,28387.0,16656.0,233.0,10381.0,3671.0,10161.0,47613.5913788013,2012,0.008207982527213161,0.3656955648712439,0.1293197590446331
740,589088.0,450224.0,15245.0,25291.0,68715.0,221985.0,53511.65355767281,2012,0.025878985822152208,0.04293246509859308,0.11664640936498452
741,414079.0,245011.0,59407.0,55806.0,78391.0,172314.0,44059.213557807256,2012,0.14346779237778298,0.1347713842044634,0.18931411638841864
743,130520.0,86962.0,933.0,4276.0,25257.0,50644.0,38937.84752389227,2012,0.007148329757891511,0.03276126264174073,0.1935105730922464
744,222650.0,136479.0,14300.0,10219.0,45548.0,84703.0,37749.91850347685,2012,0.06422636424882101,0.04589714799011902,0.20457219851785313
745,86214.0,61176.0,2365.0,3146.0,16484.0,34386.0,38014.80169254929,2012,0.02743173962465493,0.03649059317512237,0.1911986452316329
746,56280.0,43089.0,893.0,3281.0,9604.0,22437.0,42425.03614565227,2012,0.015867093105899076,0.05829779673063255,0.17064676616915422
747,87967.0,60786.0,4996.0,3947.0,19526.0,34362.0,34716.04656306385,2012,0.056794025032114316,0.04486909863926245,0.22196960223720258
748,198320.0,145184.0,6298.0,7215.0,36402.0,73760.0,40575.07887744035,2012,0.03175675675675676,0.036380597014925374,0.18355183541750705
749,114904.0,73853.0,1875.0,6086.0,25015.0,42049.0,35155.66617517658,2012,0.01631796978347142,0.052965954187843764,0.21770347420455335
750,2093914.0,1116500.0,203598.0,502074.0,206413.0,735198.0,74280.71170487406,2012,0.09723321970243286,0.23977775591547695,0.09857759201189734
751,745155.0,379504.0,170614.0,170806.0,102940.0,256301.0,54802.30528558219,2012,0.22896444363924284,0.22922210815199523,0.13814575491005227
752,1273447.0,396852.0,295544.0,524728.0,287683.0,479318.0,48328.955920704,2012,0.23208190054238614,0.4120532695903324,0.225908891379068
753,0.0,0.0,0.0,0.0,0.0,0.0,,2012,,,
754,334744.0,249549.0,27639.0,48440.0,55562.0,121617.0,45606.75789568893,2012,0.08256757402671892,0.14470759744760175,0.16598355758430322
755,126818.0,87855.0,27305.0,7385.0,22465.0,47408.0,41939.95456463044,2012,0.2153085524136952,0.058233058398650034,0.17714362314497942
756,334619.0,220990.0,62739.0,43757.0,51908.0,121938.0,45706.52530794338,2012,0.18749383627349314,0.13076663309614817,0.15512568025127085
757,347136.0,232355.0,50773.0,55552.0,59428.0,126987.0,45799.35739091403,2012,0.14626255991887904,0.16002949852507375,0.171195151179941
758,126913.0,81953.0,24810.0,18161.0,20228.0,39193.0,40426.680868988056,2012,0.19548824785482968,0.14309802778281186,0.15938477539731943
759,257891.0,168304.0,46823.0,37681.0,53207.0,94570.0,37361.517341651685,2012,0.18156120221333819,0.1461121171347585,0.20631584661736935
760,1150297.0,752875.0,107647.0,216124.0,135343.0,417294.0,65660.24826860678,2012,0.09358191840889787,0.18788538959938172,0.11765917845565102
761,910918.0,416680.0,145869.0,302553.0,161134.0,325903.0,51240.48121987217,2012,0.16013406256106477,0.3321407634935307,0.17689188269416128
762,441868.0,326509.0,23259.0,67033.0,44149.0,153746.0,69676.23233775188,2012,0.05263789185910724,0.15170367621099515,0.09991445409036183
763,172918.0,122729.0,14683.0,28238.0,22858.0,65065.0,46209.27498655191,2012,0.08491308018829734,0.1633028371829422,0.13218982407846494
764,142835.0,113912.0,1883.0,24580.0,25054.0,53399.0,42736.014925373136,2012,0.013183043371722616,0.17208667343438233,0.17540518780410963
765,474948.0,264768.0,80458.0,99975.0,66286.0,156541.0,50121.707795401846,2012,0.16940380841692143,0.21049672806286163,0.1395647523518364
766,160403.0,117495.0,14291.0,25174.0,22309.0,57401.0,48921.49204717688,2012,0.08909434362200208,0.15694220182914284,0.13908093988267053
767,170968.0,87047.0,31038.0,47772.0,42200.0,61821.0,37023.427071707025,2012,0.18154274484113986,0.2794207103083618,0.24682981610593796
768,88268.0,63473.0,2131.0,21240.0,16133.0,31969.0,39448.503270019086,2012,0.02414238455612453,0.24063080618117552,0.18277291883808403
769,129912.0,73132.0,4448.0,49273.0,19262.0,48699.0,46485.36397814118,2012,0.03423856148777634,0.37927982018597206,0.14826959788164296
770,2913535.0,736827.0,646518.0,1282799.0,595068.0,1022068.0,52648.060360954456,2012,0.2219015731748546,0.4402895451745045,0.20424261249650338
772,0.0,0.0,0.0,0.0,0.0,0.0,,2012,,,
773,1084269.0,701328.0,103499.0,226241.0,119221.0,367886.0,70491.74519552253,2012,0.095455094630576,0.20865763016373243,0.10995518639747148
774,1010008.0,465174.0,153864.0,258795.0,91625.0,327215.0,81390.12746563471,2012,0.15233938741079278,0.2562306437176735,0.0907171032308655
775,1142676.0,571187.0,133107.0,380436.0,156474.0,389111.0,62869.8594565561,2012,0.11648708820348025,0.332934270081808,0.13693645442802685
776,271261.0,195441.0,33770.0,32075.0,41325.0,103427.0,49321.13079756737,2012,0.12449264730278219,0.11824405277573997,0.1523440524070913
777,142527.0,54693.0,61149.0,20154.0,25965.0,50571.0,44648.78707164185,2012,0.4290344987265571,0.14140478646151255,0.18217600875623566
778,297456.0,180992.0,38092.0,62744.0,69613.0,105528.0,43332.96979000834,2012,0.12805927599376044,0.2109353988489054,0.2340278898391695
779,164655.0,87291.0,10000.0,63534.0,24675.0,60869.0,48280.83348123315,2012,0.06073304788800826,0.3858613464516717,0.1498587956636604
780,539810.0,162407.0,4339.0,364910.0,116190.0,168672.0,50443.546960965665,2012,0.008038013375076416,0.6759971100942924,0.2152424001037402
781,387062.0,208095.0,25710.0,141631.0,43683.0,133544.0,60428.9314008866,2012,0.0664234670414559,0.36591295451374717,0.11285788840030796
782,1597583.0,469171.0,105336.0,957613.0,286311.0,556991.0,52031.816921637874,2012,0.06593460245883938,0.5994136141909372,0.17921510181317654
783,232694.0,77582.0,3295.0,147332.0,46029.0,81277.0,43154.566531737146,2012,0.014160227595038979,0.6331577092662467,0.19780913990047014
784,306735.0,101528.0,12357.0,183576.0,54348.0,110551.0,49178.58941122197,2012,0.04028558853733679,0.5984840334490684,0.17718225830113943
785,1263609.0,106622.0,4583.0,1138413.0,440307.0,352338.0,33639.67841045844,2012,0.0036269130720024945,0.9009218832724364,0.34845193410303343
786,856101.0,514385.0,52956.0,249207.0,94737.0,297286.0,64220.21205842186,2012,0.061857187411298434,0.29109532636920177,0.110661008455778
787,955215.0,493821.0,71382.0,310378.0,164742.0,383798.0,61281.89736006962,2012,0.07472872599362447,0.3249299895834969,0.1724658846437713
788,175787.0,31619.0,1782.0,140524.0,45347.0,54438.0,35759.622653293656,2012,0.010137268398687047,0.7993992729837816,0.25796560610284036
789,68347.0,47212.0,5952.0,14339.0,9187.0,26744.0,47105.98843649428,2012,0.08708502201998625,0.20979706497724845,0.13441701903521736
790,224964.0,123241.0,5478.0,89463.0,36354.0,77758.0,46658.10716398714,2012,0.02435056275670774,0.3976769616471969,0.16159918920360591
791,220289.0,135967.0,14040.0,59779.0,34665.0,81771.0,49745.88166954055,2012,0.06373445791664586,0.2713662506979468,0.15736146607411172
792,32910.0,20998.0,1942.0,9324.0,6123.0,12799.0,38105.29843627834,2012,0.05900941962929201,0.28331814038286235,0.18605287146763902
793,143977.0,72549.0,4485.0,64662.0,23600.0,48252.0,45240.40455562925,2012,0.031150808809740443,0.44911340005695355,0.16391506976808795
794,253979.0,143836.0,18240.0,81458.0,48848.0,96169.0,45476.66399775395,2012,0.07181696124482732,0.3207273042259399,0.19233086200040161
795,95169.0,65703.0,3639.0,23904.0,13784.0,36038.0,44143.53418613686,2012,0.03823724111843142,0.2511742269016171,0.1448370793010329
796,128199.0,81295.0,11187.0,30385.0,20664.0,45734.0,44418.64934184633,2012,0.08726277116046147,0.23701432928493982,0.1611869047340463
797,389084.0,177717.0,18717.0,183714.0,52256.0,135351.0,53141.71989863392,2012,0.048105293458481975,0.47217053386929303,0.13430518859680685
798,74160.0,9556.0,1155.0,62600.0,25146.0,21881.0,30744.959773267507,2012,0.01557443365695793,0.8441208198489751,0.3390776699029126
799,750716.0,104952.0,20887.0,608616.0,169256.0,239726.0,42488.63035298633,2012,0.027822771860463877,0.8107140383314063,0.22545942806600633
800,782184.0,483849.0,57488.0,177033.0,93150.0,293414.0,64850.766425596594,2012,0.07349677313777832,0.2263316559786444,0.11908962597035992
801,645201.0,542699.0,7903.0,58367.0,35203.0,244303.0,87614.73091611646,2012,0.012248896080446249,0.09046328198499383,0.054561291752492636
802,996427.0,552205.0,70385.0,312754.0,167746.0,413492.0,52484.922632118636,2012,0.07063738738512707,0.31387547707960545,0.1683475056376433
803,123062.0,103864.0,918.0,9949.0,21290.0,51613.0,61695.83112781664,2012,0.0074596544831060764,0.08084542750808535,0.17300222651996555
804,209500.0,184882.0,1029.0,17168.0,17108.0,86431.0,73314.133533939,2012,0.004911694510739857,0.0819474940334129,0.08166109785202864
805,491305.0,398935.0,3325.0,67068.0,56687.0,191234.0,63586.13581732027,2012,0.006767690131384781,0.13650990728773368,0.11538046630911551
806,254251.0,157828.0,2678.0,84459.0,36245.0,87423.0,57403.672283037646,2012,0.01053289859233592,0.3321874840216951,0.14255597814757856
807,69315.0,50630.0,1061.0,16349.0,9908.0,25936.0,42037.04615206663,2012,0.015306932121474428,0.2358652528312775,0.14294164322296762
808,113912.0,90636.0,4723.0,12358.0,10315.0,40085.0,58319.3662716727,2012,0.04146183018470398,0.108487253318351,0.09055235620478966
809,526866.0,372298.0,31513.0,83816.0,67927.0,202078.0,59111.92284584511,2012,0.05981217235502006,0.15908409348866695,0.12892652021576645
810,230028.0,128023.0,4106.0,90810.0,41746.0,89521.0,41198.95461400118,2012,0.01785000086945937,0.39477802702279724,0.18148225433425497
811,71069.0,41644.0,278.0,25869.0,11364.0,27442.0,43432.11227315793,2012,0.0039116914547833795,0.36399836778342176,0.159900941338699
812,84563.0,69456.0,3365.0,9012.0,9782.0,33449.0,43961.60477358378,2012,0.03979281718955099,0.10657143195014368,0.11567706916736634
813,66268.0,53035.0,156.0,7157.0,9497.0,27805.0,51147.8595891643,2012,0.0023540773827488383,0.10800084505341945,0.14331200579465203
814,84392.0,68820.0,493.0,13164.0,10887.0,35038.0,48661.22418517039,2012,0.005841785951275003,0.15598634941700634,0.12900511896862263
815,143487.0,118980.0,801.0,19294.0,18793.0,57421.0,52845.09071594016,2012,0.0055823872545944925,0.13446514318370306,0.13097353767240238
816,151070.0,110721.0,624.0,35851.0,16230.0,56115.0,63965.2694378097,2012,0.004130535513338187,0.23731382802674256,0.10743364003442113
820,127828.0,104408.0,2782.0,15341.0,18096.0,51727.0,52958.027927126444,2012,0.021763619864192507,0.12001282973996308,0.1415652282754952
821,781.0,685.0,14.0,22.0,94.0,262.0,82071.0,2012,0.01792573623559539,0.028169014084507043,0.1203585147247119
822,24715.0,22256.0,60.0,1943.0,3922.0,10058.0,43391.81413638626,2012,0.002427675500708072,0.0786162249645964,0.15868905522961765
823,16164.0,12808.0,128.0,2722.0,1751.0,6184.0,57230.71086675291,2012,0.007918831972284088,0.16839891116060382,0.10832714674585499
824,52552.0,47606.0,128.0,3620.0,5204.0,21914.0,48981.601487633474,2012,0.00243568275232151,0.0688841528390927,0.0990257268990714
825,38856.0,27505.0,143.0,2226.0,5832.0,14978.0,48318.3075844572,2012,0.0036802553016265184,0.057288449660284124,0.15009264978381717
826,91513.0,81529.0,668.0,6329.0,8011.0,36865.0,57936.5722621794,2012,0.007299509359325998,0.06915957295684766,0.08753947526580923
827,60006.0,54254.0,258.0,3855.0,4601.0,22832.0,72021.80155045551,2012,0.004299570042995701,0.06424357564243575,0.07667566576675666
828,37005.0,34332.0,101.0,1340.0,3080.0,15917.0,54590.20286846575,2012,0.002729360897176057,0.036211322794216995,0.08323199567625997
829,70012.0,58330.0,206.0,8912.0,6965.0,25620.0,69997.07706730206,2012,0.0029423527395303663,0.12729246414900303,0.09948294578072331
830,20665.0,17025.0,28.0,3088.0,1523.0,7142.0,69795.5245648512,2012,0.0013549479796757804,0.14943140575852892,0.07369949189450763
831,22327.0,20772.0,13.0,896.0,1527.0,7868.0,68694.15490270889,2012,0.0005822546692345591,0.04013078335647422,0.06839252922470551
832,172434.0,144972.0,715.0,17405.0,24069.0,61084.0,45759.05829677166,2012,0.0041465140285558534,0.10093717016365682,0.1395838407738613
833,185290.0,140596.0,541.0,39561.0,28326.0,66916.0,44799.08166193394,2012,0.0029197474229586055,0.21350855415834638,0.1528738733876626
834,199482.0,172861.0,756.0,20627.0,31788.0,66496.0,47910.256581520596,2012,0.003789815622462177,0.10340281328641181,0.15935272355400487
835,69008.0,62186.0,156.0,1991.0,9143.0,28519.0,42603.02952417686,2012,0.0022606074658010665,0.028851727335961048,0.1324918849988407
836,432209.0,344140.0,2171.0,69138.0,65282.0,147747.0,49657.085869763854,2012,0.005023032838279628,0.15996427654213585,0.15104266685793216
837,260172.0,222437.0,3012.0,18128.0,36370.0,105502.0,51615.64986445755,2012,0.011576956782436235,0.06967698291899205,0.1397921375090325
838,248816.0,228852.0,770.0,8625.0,36630.0,101326.0,44524.31032542714,2012,0.0030946562921998584,0.03466416950678413,0.14721722075750757
840,1241125.0,1043891.0,9329.0,126627.0,101941.0,371661.0,70379.44700412473,2012,0.0075165676301742375,0.10202598448987814,0.08213596535401349
841,594267.0,406940.0,11400.0,123773.0,88954.0,212180.0,53503.79184556436,2012,0.019183296397074043,0.20827843376798644,0.14968692523730914
843,176253.0,153259.0,727.0,15780.0,21987.0,56100.0,53878.70225890994,2012,0.0041247524864825,0.08953039097206857,0.12474681282020732
844,185813.0,142813.0,2715.0,33434.0,24650.0,64121.0,53551.086430342635,2012,0.014611464214021624,0.17993358914607696,0.13266025520281144
845,55675.0,42281.0,191.0,4849.0,8818.0,19196.0,45399.943061054386,2012,0.0034306241580601706,0.08709474629546475,0.1583834755276156
846,287934.0,238968.0,1505.0,34165.0,48873.0,81395.0,51809.32462681983,2012,0.005226892273923886,0.11865566414525551,0.16973681468669904
847,224363.0,195623.0,927.0,19160.0,34044.0,75978.0,47217.283595251254,2012,0.004131697294117122,0.0853973248708566,0.15173624884673498
850,1329761.0,609568.0,80950.0,552348.0,304689.0,471214.0,48267.152090133146,2012,0.060875600953855614,0.41537389049611173,0.22913064828942944
851,384456.0,227785.0,16620.0,108165.0,52096.0,125071.0,52088.69746783827,2012,0.043229914476559085,0.28134558961233536,0.13550575358428532
852,1440276.0,997650.0,46245.0,275092.0,169216.0,554415.0,64801.137130128154,2012,0.03210842921773327,0.19099950287306044,0.11748859246422214
853,1263194.0,707448.0,58490.0,426175.0,170281.0,450633.0,55395.19386536831,2012,0.04630325983182314,0.33737889825315825,0.1348019385779223
855,94788.0,57695.0,901.0,23274.0,18716.0,33646.0,40938.89078478002,2012,0.009505422627336793,0.2455374097987087,0.19745115415453432
856,292960.0,160112.0,7779.0,107304.0,43900.0,108585.0,51224.70655417603,2012,0.026553113052976515,0.36627525942108136,0.14984980884762425
857,883822.0,478522.0,29929.0,318109.0,167414.0,344776.0,48244.57511253683,2012,0.033863153440398634,0.3599242833964305,0.1894204941719034
859,78477.0,51092.0,639.0,9788.0,16688.0,27229.0,42461.66606644128,2012,0.008142513093008142,0.12472444155612472,0.21264829185621265
860,178740.0,85480.0,1990.0,22903.0,42988.0,56905.0,45966.02101098901,2012,0.011133489985453732,0.1281358397672597,0.24050576256014322
863,209576.0,171251.0,1046.0,28912.0,31784.0,90434.0,44658.236581374265,2012,0.00499102950719548,0.13795472764056954,0.15165858686109096
864,194706.0,153407.0,1795.0,29970.0,33452.0,79365.0,39298.63652743653,2012,0.009219027662218935,0.153924378293427,0.17180775117356425
865,62120.0,1811.0,90.0,912.0,24235.0,15430.0,26510.995593000647,2012,0.0014488087572440437,0.014681262073406311,0.39013200257566
870,199262.0,80083.0,1324.0,83465.0,39903.0,69500.0,49539.41249262558,2012,0.006644518272425249,0.41887063263442104,0.20025393702763197
871,729165.0,308771.0,18874.0,344659.0,119809.0,287421.0,50509.5974093751,2012,0.025884402021490335,0.47267628040292664,0.16430986127968292
873,74010.0,7817.0,364.0,10494.0,24496.0,18352.0,34066.42093504795,2012,0.004918254289960816,0.14179164977705716,0.3309822996892312
874,124316.0,54070.0,791.0,24468.0,24243.0,40431.0,49872.49046523707,2012,0.006362817336465138,0.19682100453682552,0.19501110074326716
875,229035.0,86900.0,1215.0,124366.0,39422.0,94681.0,52688.97985868337,2012,0.005304866068504814,0.5429999781692755,0.17212216473464753
877,41775.0,12508.0,281.0,28023.0,9253.0,16404.0,34401.20550627103,2012,0.0067265110712148414,0.6708078994614004,0.22149611011370438
878,18305.0,8205.0,156.0,7557.0,4221.0,6292.0,37124.50333757152,2012,0.008522261677137394,0.41283802239825185,0.2305927342256214
879,15625.0,8989.0,36.0,6418.0,4212.0,5385.0,29530.938954029407,2012,0.002304,0.410752,0.269568
880,272837.0,88091.0,3240.0,174251.0,68591.0,97365.0,39242.10601530796,2012,0.011875222202267288,0.6386633777676781,0.25139918706040604
881,70266.0,36785.0,3189.0,27799.0,13310.0,25410.0,40664.007595434865,2012,0.04538468106908035,0.39562519568496857,0.18942304955454986
882,183535.0,84177.0,3565.0,90812.0,29980.0,64427.0,45359.33910249445,2012,0.019424088048601084,0.4947939085188111,0.1633475903778571
883,77625.0,46890.0,2294.0,21856.0,12389.0,31235.0,41535.72699887839,2012,0.02955233494363929,0.2815587761674718,0.15960064412238326
884,17184.0,8106.0,257.0,8262.0,2825.0,6204.0,35239.16303118436,2012,0.014955772811918063,0.48079608938547486,0.16439711359404097
890,584272.0,328383.0,60120.0,137894.0,72542.0,208928.0,59093.65440725992,2012,0.10289728071856943,0.2360099405756223,0.1241579264452173
891,1419730.0,648240.0,138333.0,437847.0,211981.0,517550.0,53932.86953144624,2012,0.09743613222232396,0.3084015974868461,0.14931078444492968
893,12178.0,9166.0,238.0,1408.0,1653.0,4308.0,47037.6474001857,2012,0.01954343898833963,0.1156183281326983,0.13573657415010676
894,287385.0,203102.0,4025.0,56216.0,36189.0,108187.0,56034.88919603565,2012,0.014005602240896359,0.1956121579066409,0.12592515266976356
895,278535.0,186499.0,7102.0,58957.0,42549.0,108925.0,55786.65881110856,2012,0.02549769328809665,0.2116681925072253,0.15275997630459368
897,66947.0,49013.0,515.0,12761.0,9787.0,25393.0,56129.60863230024,2012,0.007692652396671994,0.19061347035714818,0.1461902699150074
898,55247.0,37894.0,439.0,12775.0,4573.0,19599.0,70952.27893796272,2012,0.007946132821691676,0.23123427516426232,0.08277372527015042
900,2404333.0,493236.0,325324.0,1270788.0,595141.0,838474.0,47222.41888239826,2012,0.13530738046684881,0.5285407636962102,0.24752852454298135
902,1240753.0,338494.0,107828.0,675894.0,199969.0,400001.0,71960.57774105565,2012,0.08690529057757668,0.5447450056538248,0.16116745234547086
903,135431.0,4688.0,49588.0,76304.0,29291.0,42868.0,44219.52395726416,2012,0.36614955217047795,0.5634160568850558,0.21627987683765165
904,92256.0,63465.0,3536.0,12437.0,10220.0,47318.0,77000.9879327106,2012,0.0383281304197017,0.1348096600763094,0.11077870274020118
905,173246.0,58300.0,6924.0,42185.0,16415.0,62561.0,70640.64623327632,2012,0.039966290708010575,0.24349768537224525,0.0947496623298662
906,731073.0,160295.0,15826.0,442460.0,81106.0,211084.0,65031.02996437437,2012,0.02164763299971412,0.6052199985500764,0.11094104145550444
907,622511.0,155982.0,55306.0,283271.0,84057.0,196907.0,63167.86839980295,2012,0.08884340999596795,0.45504577429153864,0.13502893924765988
908,473168.0,136094.0,61417.0,194604.0,93092.0,164435.0,55981.586772888986,2012,0.12979956379129612,0.4112788692388327,0.19674196057214352
910,285668.0,120783.0,16150.0,72097.0,27706.0,100302.0,79546.20154134514,2012,0.05653415853368245,0.25238038562247084,0.09698671184731926
911,166052.0,68444.0,15014.0,49437.0,18938.0,64836.0,75892.9557807391,2012,0.0904174595909715,0.29771999132801774,0.11404861127839472
912,204616.0,127625.0,3047.0,34787.0,25260.0,74466.0,60490.27540085408,2012,0.014891308597568128,0.1700111428236306,0.12345075653907808
913,1363608.0,589123.0,47002.0,537181.0,159867.0,431543.0,77161.37229624823,2012,0.03446885028541927,0.39394092730462127,0.11723823855536195
914,310687.0,112436.0,13128.0,150508.0,62190.0,107776.0,54894.99820924881,2012,0.042254745129342394,0.48443610450388974,0.2001693022237815
915,106882.0,61933.0,1632.0,27594.0,9096.0,42179.0,68026.67597619668,2012,0.01526917535225763,0.25817256413615014,0.08510319791920061
916,213542.0,94575.0,9725.0,88334.0,33784.0,82374.0,57198.396763541896,2012,0.045541392325631494,0.41366101282183365,0.15820775304155624
917,1937077.0,423142.0,72434.0,980934.0,236939.0,550847.0,65941.7605905088,2012,0.037393454157991654,0.5063990744818094,0.12231780151227856
918,83535.0,8821.0,1338.0,28197.0,11065.0,29106.0,53631.57304335876,2012,0.016017238283354284,0.33754713593104685,0.13245944813551205
919,543135.0,176819.0,30580.0,255793.0,68900.0,175346.0,61258.54854626455,2012,0.056302760823736274,0.47095657617351117,0.12685612232686164
920,1250001.0,748270.0,30359.0,355127.0,156373.0,424601.0,67772.9774447069,2012,0.024287180570255543,0.28410137271890185,0.12509829992136007
921,1304388.0,576489.0,86708.0,380051.0,193316.0,467519.0,67921.01016643173,2012,0.06647408593148664,0.2913634593387857,0.14820436863877925
922,764392.0,296280.0,24121.0,405388.0,143868.0,264533.0,48224.17136192831,2012,0.03155579859548504,0.5303404535892579,0.18821233084595337
923,1125027.0,397745.0,99884.0,547411.0,203136.0,327419.0,54820.36078361901,2012,0.08878364697025048,0.4865758777344899,0.18056099986933646
924,236618.0,42644.0,30281.0,147105.0,71777.0,65395.0,39017.05096719933,2012,0.12797420314599903,0.621698264713589,0.3033454766754854
925,1363644.0,527849.0,96958.0,612948.0,214390.0,401612.0,59449.851274364315,2012,0.07110213516137642,0.4494926828409761,0.15721845290999703
926,1280263.0,780887.0,13627.0,225638.0,112131.0,478137.0,88311.51824058795,2012,0.010643906759782952,0.17624347497350154,0.0875843479035167
927,487824.0,103051.0,6422.0,300955.0,79986.0,126156.0,66705.90313580012,2012,0.013164583948309227,0.6169335662042048,0.163964872576995
928,1238741.0,443908.0,30954.0,502873.0,150084.0,366384.0,74252.94787982007,2012,0.02498827438504094,0.40595491712956944,0.1211584988306676
930,686070.0,300002.0,11513.0,313379.0,75250.0,218010.0,73239.99250034401,2012,0.016781086478056175,0.4567740901074234,0.1096826854402612
931,187119.0,108596.0,2801.0,58773.0,27614.0,66841.0,70727.0292036325,2012,0.014969083845039787,0.31409423949465315,0.14757453812814306
932,774635.0,246100.0,22962.0,460589.0,178183.0,215078.0,44216.761891477196,2012,0.02964234768632969,0.5945884190618808,0.23002188127311574
933,523728.0,203895.0,31982.0,248606.0,111895.0,163260.0,53868.31887173833,2012,0.06106604955243943,0.47468533284452996,0.21365097913420708
934,491223.0,279312.0,9816.0,171072.0,68272.0,170133.0,58970.79824020031,2012,0.019982777679383903,0.3482573087986515,0.1389837202248266
935,523317.0,223633.0,60535.0,201033.0,93161.0,162558.0,55819.416583619386,2012,0.11567558477939757,0.38415147988695186,0.17802020572616598
936,585168.0,193679.0,10578.0,340825.0,130200.0,168844.0,51083.24150677385,2012,0.018076859978672793,0.5824395729089765,0.22250020506931342
937,566305.0,179679.0,38102.0,263279.0,147449.0,180125.0,47631.18645385149,2012,0.06728176512656607,0.46490671987709803,0.2603702951589691
939,385765.0,130276.0,11323.0,208264.0,58807.0,117216.0,63260.149476180726,2012,0.029352066672715255,0.539872720438609,0.15244254922038028
940,818373.0,353816.0,16269.0,180461.0,57335.0,300787.0,97102.21888578961,2012,0.019879688112877623,0.22051191815956783,0.07005974048508443
941,807803.0,337467.0,46317.0,121628.0,104808.0,340839.0,75760.471515877,2012,0.05733699924362747,0.1505664128506579,0.12974450453885414
943,106313.0,47173.0,7171.0,24219.0,9553.0,36490.0,98459.24316251028,2012,0.06745176977415744,0.2278084523999887,0.08985730813729272
944,132446.0,61871.0,2528.0,27087.0,7798.0,50606.0,96377.70501521559,2012,0.019087024145689566,0.2045135375926793,0.0588768252721864
945,2278809.0,974533.0,172706.0,522788.0,207676.0,786682.0,83960.7631406337,2012,0.07578783478562705,0.22941282046893793,0.09113357021145695
946,411869.0,112372.0,107692.0,101049.0,80039.0,162889.0,57986.6271058448,2012,0.26147148729328984,0.24534257251698963,0.19433120725279154
947,138055.0,77376.0,10099.0,14580.0,20663.0,55296.0,73265.5486291956,2012,0.07315200463583355,0.10561008293795951,0.14967223208141683
948,167771.0,34270.0,34913.0,68288.0,27990.0,56186.0,54798.162780763894,2012,0.20809913513062447,0.40703101251110146,0.166834554243582
949,378749.0,272381.0,8810.0,63957.0,30854.0,150839.0,85202.2684223787,2012,0.02326078748722769,0.16886381218168234,0.0814629213542478
950,819681.0,374956.0,12093.0,235100.0,85121.0,280309.0,88554.18159861579,2012,0.014753300369290004,0.2868188966195386,0.10384649638090916
951,978508.0,281280.0,26712.0,328739.0,113353.0,310852.0,84275.6560453206,2012,0.027298703740797212,0.33595944029072833,0.11584269111749725
952,501407.0,183915.0,36353.0,189033.0,101637.0,162693.0,50537.011346375,2012,0.0725019794298843,0.37700510762713724,0.2027035920918535
953,1025037.0,469325.0,33176.0,413408.0,177292.0,325037.0,53320.65455317395,2012,0.03236566094687314,0.4033103195299292,0.17296156138754015
954,508180.0,339794.0,7123.0,124630.0,73892.0,196615.0,56237.26043823546,2012,0.014016687000669055,0.24524774686134834,0.14540517139596207
955,165245.0,124338.0,2664.0,18482.0,31547.0,64144.0,41516.973855699674,2012,0.016121516536052528,0.11184604677902509,0.19091046627734576
956,1168146.0,773830.0,44465.0,212832.0,132441.0,424904.0,65588.74840118914,2012,0.03806459124116335,0.18219640353175032,0.11337709498641436
957,312555.0,183770.0,16128.0,48187.0,24472.0,104612.0,86575.76255031119,2012,0.051600518308777654,0.15417126585720914,0.07829661979491609
958,805888.0,323357.0,98395.0,200320.0,162668.0,296810.0,51143.83792661972,2012,0.12209512984434562,0.24857052096569252,0.20184938850063533
959,516242.0,350534.0,7386.0,103630.0,93357.0,192230.0,47336.71484462388,2012,0.014307243502078482,0.2007391882101805,0.18083960623118614
960,300669.0,240668.0,2622.0,34125.0,54532.0,118131.0,42891.75612667293,2012,0.00872055316643884,0.11349690190874351,0.18136888072930699
961,112339.0,80283.0,2730.0,22147.0,13902.0,42642.0,52990.552229344226,2012,0.02430144473424189,0.19714435770302388,0.12375043395437026
967,951409.0,231153.0,14172.0,99299.0,100652.0,297712.0,69790.77253856076,2012,0.014895801910639904,0.1043704652783398,0.10579256660384756
968,411321.0,79214.0,6654.0,23583.0,42349.0,149741.0,65432.32377238031,2012,0.016177146316380637,0.05733478232329495,0.10295851658437084
970,773380.0,588175.0,9107.0,107655.0,92202.0,289179.0,60805.41562146629,2012,0.011775582507952107,0.13920065168481213,0.11921952985595696
971,318967.0,239881.0,2646.0,53392.0,41023.0,115361.0,58013.38213954456,2012,0.00829552900456787,0.1673903569961783,0.1286120507764126
972,845399.0,620823.0,41897.0,80732.0,127889.0,352468.0,56632.51670222545,2012,0.049558847360831985,0.09549573633278488,0.15127649784303032
973,596772.0,465110.0,4700.0,85536.0,101633.0,226157.0,47608.70016846704,2012,0.007875704624211591,0.14333112143331123,0.17030457193031845
974,556239.0,478579.0,3765.0,36567.0,99155.0,230481.0,42230.046520103606,2012,0.00676867317825611,0.06573972698785953,0.17825970491101847
975,284206.0,241587.0,1351.0,27063.0,48956.0,117087.0,42028.09266613715,2012,0.00475359422390801,0.09522318318402849,0.17225533591831277
976,71113.0,57677.0,432.0,7424.0,12892.0,29937.0,40496.95759965251,2012,0.006074838637098702,0.10439722694865917,0.181288934512677
977,213337.0,182303.0,675.0,18212.0,30528.0,86153.0,49055.14615884661,2012,0.0031640081186104616,0.08536728274982774,0.14309754051102247
978,145099.0,113421.0,731.0,23542.0,22505.0,55315.0,44876.95896230679,2012,0.005037939613643099,0.1622478445750832,0.15510100000689184
979,31911.0,20562.0,293.0,9812.0,7180.0,10514.0,37112.818337454824,2012,0.009181786844661715,0.307480179248535,0.22500078342891167
980,1357000.0,901292.0,53062.0,120568.0,116247.0,523771.0,82132.27198909447,2012,0.03910243183492999,0.08884893146647016,0.08566470154753132
981,862177.0,551376.0,70818.0,72360.0,113851.0,382157.0,63503.05519982625,2012,0.08213858639235332,0.08392708225805143,0.13205061141737717
982,878557.0,694069.0,12455.0,84367.0,102324.0,337163.0,61138.46731106319,2012,0.014176655584099836,0.09602905673735455,0.11646825419409326
983,712862.0,572392.0,18263.0,46233.0,68417.0,273435.0,62435.200142629874,2012,0.025619264317637915,0.06485546992264983,0.0959750975644655
984,405478.0,247313.0,40904.0,45624.0,61084.0,156098.0,52065.53173341878,2012,0.10087846936208623,0.11251905158849555,0.15064689083008204
985,474205.0,383550.0,8420.0,37023.0,63354.0,186381.0,55140.78300363234,2012,0.017756033782857623,0.07807382882930378,0.13360044706403348
986,574362.0,476497.0,8696.0,43261.0,75887.0,217033.0,56101.279307755045,2012,0.01514027738603877,0.07532009429593184,0.13212399148968768
988,219968.0,149436.0,1156.0,59520.0,36585.0,80535.0,47818.245837110255,2012,0.005255309863252837,0.27058481233633985,0.1663196464940355
989,284321.0,151287.0,1842.0,112752.0,62024.0,96139.0,44386.59949656227,2012,0.00647859285807239,0.3965658533840272,0.21814779773565793
990,141025.0,125203.0,1419.0,5247.0,15057.0,50970.0,60718.41420443398,2012,0.01006204573657153,0.03720616911895054,0.10676830349228861
991,116508.0,98431.0,1196.0,4196.0,25730.0,45921.0,37804.041179416825,2012,0.010265389501150135,0.03601469426992138,0.22084320390016135
992,342762.0,293509.0,6547.0,16625.0,54159.0,141436.0,47594.189534489095,2012,0.019100717115666264,0.048503042927745786,0.15800759710819753
993,347878.0,220959.0,4723.0,105925.0,56344.0,119920.0,55792.90037525017,2012,0.013576598692645122,0.30448893002719346,0.16196482674960763
994,21730.0,20048.0,104.0,665.0,2915.0,9064.0,42832.27703000882,2012,0.004786010124252186,0.030602853198343303,0.13414634146341464
995,319426.0,192694.0,15909.0,23107.0,26185.0,113856.0,77604.64474423834,2012,0.04980496265175659,0.07233913332039346,0.08197516795752381
996,184538.0,130323.0,1707.0,7485.0,20446.0,63258.0,65886.11257074204,2012,0.009250127345045465,0.04056075171509391,0.1107956084925598
997,135020.0,84328.0,4597.0,6670.0,14099.0,46795.0,67732.07443102896,2012,0.03404680788031403,0.049400088875722115,0.10442156717523329
998,50042.0,33474.0,348.0,2366.0,3563.0,20142.0,71977.91872703804,2012,0.006954158506854243,0.047280284560968784,0.07120019183885536
999,21496.0,13404.0,79.0,715.0,2245.0,8818.0,54801.92751814882,2012,0.003675102344622255,0.03326200223297358,0.1044380349832527
