zip3,total_pop,white_nh,black_nh,hispanic,poverty_count,total_households,median_income_approx,year,share_black,share_hispanic,poverty_rate
006,1201024.0,12061.0,548.0,1184489.0,614519.0,386779.0,16372.512574364171,2013,0.00045627731002877543,0.9862325815304274,0.511662547959075
007,1356592.0,5617.0,817.0,1348809.0,633771.0,440989.0,19168.51707412203,2013,0.0006022444478516754,0.9942628292073077,0.4671787833040443
009,1123118.0,10084.0,1867.0,1107803.0,395185.0,402574.0,27008.810096488265,2013,0.001662336459748664,0.9863638549110602,0.3518641852414439
010,471373.0,394742.0,10389.0,45398.0,54906.0,181557.0,58541.50117072795,2013,0.022039870760522984,0.096310140801446,0.11648100336676051
011,169263.0,68167.0,29641.0,62791.0,44120.0,61614.0,43024.60551173435,2013,0.17511801161506058,0.37096707490709724,0.26065944713256883
012,130218.0,117417.0,3404.0,4707.0,15952.0,55156.0,49435.60140329248,2013,0.026140779308544134,0.03614707644104502,0.12250226543181435
013,83271.0,76647.0,513.0,3197.0,10320.0,35032.0,53718.0730189541,2013,0.006160608134884894,0.038392717752879155,0.1239327016608423
014,213663.0,179322.0,5884.0,19200.0,22780.0,80490.0,67771.64965834265,2013,0.027538694111755427,0.0898611364625602,0.1066164941988084
015,375575.0,330192.0,5260.0,17643.0,24222.0,138542.0,79524.09567495777,2013,0.014005192038873727,0.046975970179058774,0.06449311056380216
016,189580.0,115812.0,20402.0,37956.0,36962.0,71473.0,49054.93803254376,2013,0.10761683721911594,0.20021099272075113,0.19496782361008544
017,384812.0,312575.0,9595.0,24009.0,22330.0,145173.0,97060.2485035096,2013,0.024934253609554795,0.06239150546240762,0.058028335914680415
018,721714.0,527884.0,17494.0,107757.0,70625.0,263354.0,77813.04665962924,2013,0.024239518701313818,0.14930706623399298,0.09785732298389667
019,481414.0,394824.0,16412.0,49092.0,45936.0,187931.0,71888.76935151732,2013,0.034091239556805576,0.10197459982468313,0.09541891178902151
020,404250.0,360299.0,10923.0,11215.0,17519.0,148179.0,97318.47474733836,2013,0.027020408163265307,0.02774273345701917,0.043337043908472477
021,1305345.0,750463.0,193923.0,189491.0,203114.0,519541.0,62534.14303779683,2013,0.14856072532548867,0.14516545434348774,0.15560177577575277
022,26107.0,18241.0,860.0,2038.0,4755.0,8919.0,44316.1270321785,2013,0.0329413567242502,0.07806335465583943,0.18213505956256942
023,443739.0,344700.0,56222.0,18507.0,36237.0,157131.0,73900.50817898288,2013,0.12670060553613724,0.0417069493553643,0.08166286938943838
024,412342.0,317478.0,10630.0,23214.0,24865.0,158110.0,107478.8326059456,2013,0.025779571326714233,0.056297927448574245,0.06030188532819844
025,116425.0,104667.0,2952.0,3087.0,10465.0,47404.0,66073.87112901865,2013,0.025355378999355808,0.026514923770667814,0.08988619282800085
026,147983.0,136184.0,3430.0,3378.0,14220.0,67054.0,59103.172807069925,2013,0.02317833805234385,0.022826946338430767,0.0960921186893089
027,527979.0,450899.0,15992.0,33183.0,66023.0,203487.0,56966.258969860486,2013,0.030289083467334874,0.06284909058883023,0.1250485341273043
028,671340.0,567271.0,22929.0,48972.0,70482.0,268619.0,63550.773786559614,2013,0.03415407989990169,0.07294664402538208,0.10498704084368576
029,380355.0,229245.0,32336.0,86345.0,66762.0,141439.0,48782.899738386484,2013,0.08501531464027028,0.2270116075771319,0.17552549591828687
030,379138.0,341646.0,3399.0,16477.0,22674.0,142738.0,79692.59654051479,2013,0.008965073403351814,0.04345910987555982,0.059804081891026484
031,148843.0,125396.0,5584.0,9681.0,16517.0,58302.0,65215.357620664814,2013,0.03751604039155352,0.06504168822181762,0.11096927635159194
032,187128.0,178779.0,943.0,2581.0,17246.0,74060.0,61082.42647058824,2013,0.005039331366764995,0.013792698046257107,0.09216151511265017
033,61224.0,56690.0,1101.0,1079.0,5313.0,24017.0,60620.708414872795,2013,0.01798314386515092,0.017623807657127923,0.0867796942375539
034,83745.0,79742.0,548.0,1114.0,8518.0,33333.0,57613.80658806588,2013,0.006543674249208908,0.013302286703683802,0.10171353513642606
035,45742.0,43675.0,231.0,689.0,5464.0,20288.0,44676.16418572555,2013,0.005050063399064318,0.015062743211927769,0.11945258187223995
036,13838.0,13166.0,89.0,204.0,1123.0,5845.0,51808.042771599656,2013,0.006431565255094667,0.014742014742014743,0.08115334585922822
037,77905.0,71679.0,473.0,1446.0,7501.0,30543.0,63335.26719706643,2013,0.006071497336499583,0.018561067967396188,0.09628393556254412
038,321678.0,302215.0,2166.0,5546.0,26512.0,129158.0,66805.07958962447,2013,0.006733441516050212,0.01724084332779985,0.08241782154825633
039,48717.0,46559.0,386.0,712.0,3075.0,20089.0,68446.66011249938,2013,0.007923312190816347,0.01461502145041772,0.06311965022476754
040,338197.0,321232.0,2865.0,4170.0,31928.0,136146.0,59154.00340076095,2013,0.00847139389172583,0.012330091632983143,0.09440651454625558
041,113034.0,97947.0,5245.0,3176.0,17041.0,49867.0,55951.04189143121,2013,0.04640196754958685,0.028097740502857547,0.15075994833412956
042,176628.0,165141.0,1998.0,2567.0,25742.0,71272.0,45295.19607843137,2013,0.011311909776479381,0.014533369567678964,0.14574133206513123
043,82105.0,78572.0,327.0,1126.0,10080.0,35086.0,49760.20777590781,2013,0.003982705072772669,0.013714146519700383,0.12276962426161622
044,176449.0,167464.0,1142.0,1899.0,28439.0,72456.0,44008.564977365575,2013,0.00647212508996934,0.01076231659006285,0.1611740502921524
045,48347.0,46702.0,260.0,411.0,6207.0,21187.0,50448.732288667576,2013,0.005377789728421619,0.008501044532235713,0.12838438786274226
046,73665.0,68734.0,322.0,1064.0,11377.0,33119.0,43063.02351660974,2013,0.004371139618543406,0.014443765696056472,0.15444240819928054
047,71761.0,68111.0,399.0,717.0,11486.0,30782.0,37838.27743486453,2013,0.005560123186689149,0.009991499561042906,0.16005908501832472
048,39991.0,38559.0,227.0,386.0,3937.0,17253.0,51186.07407407407,2013,0.005676277162361532,0.009652171738641194,0.098447150608887
049,159331.0,152852.0,963.0,1718.0,26303.0,66510.0,40648.77015739959,2013,0.0060440215651693645,0.010782584682202459,0.16508400750638608
050,61012.0,58586.0,279.0,524.0,6592.0,26454.0,57351.338171921074,2013,0.00457287091064053,0.008588474398478988,0.10804431915033108
051,29305.0,27681.0,170.0,698.0,3597.0,12792.0,46280.37687617261,2013,0.005801057839959051,0.02381846101347893,0.12274355911960416
052,33285.0,31644.0,176.0,510.0,4555.0,13838.0,48916.68297441827,2013,0.005287667117320114,0.015322217214961695,0.13684843022382454
053,37403.0,35302.0,343.0,608.0,4219.0,16432.0,52357.30306718598,2013,0.009170387402080047,0.016255380584445096,0.11279843862791755
054,235247.0,216674.0,3462.0,4123.0,24164.0,93162.0,62793.23212636643,2013,0.014716446968505444,0.017526259633491605,0.10271756919323094
056,85437.0,81082.0,647.0,1483.0,8656.0,35235.0,56181.92480540878,2013,0.007572831443051605,0.017357819211816894,0.10131441881152194
057,81953.0,78282.0,450.0,1111.0,10114.0,33737.0,50693.147968106234,2013,0.005490952131099533,0.013556550705892402,0.12341219967542372
058,58573.0,55997.0,388.0,720.0,8414.0,23726.0,43573.06215189873,2013,0.006624212521127482,0.012292353131989142,0.14364980451743978
059,3689.0,3572.0,49.0,26.0,562.0,1628.0,38147.33415233415,2013,0.013282732447817837,0.007047980482515587,0.15234480889129845
060,673977.0,513663.0,51252.0,67150.0,52200.0,263641.0,74674.14255749296,2013,0.07604413800470936,0.09963248004012007,0.07745071419351106
061,296964.0,135867.0,61899.0,78709.0,53598.0,114650.0,55908.380252943745,2013,0.20843940679678344,0.26504559475222583,0.18048652361902454
062,166421.0,140848.0,3323.0,13848.0,15573.0,57860.0,69277.33214637604,2013,0.019967431994760275,0.08321065250178764,0.09357593092217929
063,268902.0,208113.0,14134.0,24090.0,23557.0,105227.0,66032.27556375253,2013,0.05256189987430365,0.08958654082156324,0.0876044060661505
064,719353.0,605636.0,23114.0,56382.0,44841.0,275672.0,81108.53775501321,2013,0.0321316516369571,0.07837876536276349,0.062335181753603586
065,290676.0,151286.0,66602.0,51156.0,46123.0,110363.0,53813.50374672671,2013,0.22912796378097952,0.17598976179663955,0.15867495080433197
066,241082.0,104801.0,57380.0,65462.0,37122.0,85274.0,60539.49034875812,2013,0.23801030354817032,0.27153416679801895,0.15398080321218507
067,332362.0,245677.0,23431.0,49867.0,39681.0,128493.0,64111.53766353031,2013,0.07049843243210716,0.15003821134786768,0.11939090509745398
068,470267.0,358629.0,19349.0,57425.0,27958.0,169370.0,112478.01993859597,2013,0.041144711408625315,0.12211148134995652,0.05945133296616603
069,123848.0,62172.0,17274.0,32850.0,13695.0,45420.0,82271.49933949801,2013,0.13947742393902202,0.26524449324979005,0.11057909695756088
070,1699362.0,812014.0,229264.0,469801.0,184083.0,614264.0,76061.62188081998,2013,0.13491180807856124,0.2764572822035564,0.10832477129652188
071,395937.0,67192.0,187132.0,118938.0,93282.0,136675.0,41705.857289189684,2013,0.47263074681073,0.30039627516498835,0.23559808757453837
072,182022.0,36711.0,46397.0,89702.0,29456.0,60109.0,47889.28591392304,2013,0.25489775961147554,0.4928085616024437,0.16182659238993088
073,251384.0,54561.0,60360.0,68636.0,45806.0,96158.0,63674.863329104184,2013,0.24011074690513318,0.27303249212360375,0.1822152563408968
074,463172.0,379614.0,6877.0,40353.0,19195.0,164684.0,102461.78557115445,2013,0.014847616004421683,0.08712314215885243,0.04144248788786887
075,198292.0,48458.0,44216.0,96229.0,45531.0,61441.0,46562.16747774288,2013,0.2229842858007383,0.4852893712303068,0.22961591995642788
076,495445.0,273707.0,38979.0,89662.0,36645.0,177831.0,85775.98479455213,2013,0.0786747267607908,0.1809726609411741,0.07396381031194178
077,600658.0,452558.0,42480.0,62098.0,42187.0,222993.0,86504.61375020741,2013,0.07072244105630825,0.10338328965900728,0.07023464267519954
078,360871.0,283403.0,10436.0,44732.0,17672.0,132325.0,91677.90127133377,2013,0.028918921165735124,0.12395565174258946,0.04897040770801755
079,258053.0,200501.0,7450.0,23012.0,12213.0,93464.0,118414.08894333646,2013,0.028870038325460274,0.08917547945577071,0.04732748698910689
080,1162450.0,866244.0,146210.0,75272.0,85965.0,433085.0,74877.90113488115,2013,0.12577745279366853,0.06475289259753107,0.07395156780936815
081,158720.0,53741.0,45386.0,51079.0,37866.0,56174.0,46578.385142592655,2013,0.2859501008064516,0.32181829637096776,0.23857106854838708
082,251942.0,179500.0,22796.0,31848.0,26641.0,97040.0,60194.76924900778,2013,0.09048114248517516,0.12641004675679324,0.10574259154884855
083,243536.0,140188.0,39268.0,52638.0,32925.0,81178.0,56876.716043755696,2013,0.16124104855134355,0.21614052953156823,0.13519561789632745
084,57723.0,22531.0,15381.0,11494.0,15655.0,24141.0,39482.66513400439,2013,0.2664622420872096,0.19912339968470108,0.2712090501186702
085,311741.0,215267.0,16238.0,24616.0,12633.0,111121.0,107740.62710918728,2013,0.052088111605467356,0.07896298529869347,0.040524024751315994
086,268881.0,134763.0,69270.0,47591.0,33816.0,93881.0,66041.39708780264,2013,0.2576232608477356,0.1769965151870158,0.12576567329041471
087,455546.0,390378.0,13231.0,39030.0,51060.0,175191.0,61517.01182709158,2013,0.029044267757811507,0.08567740689194944,0.11208527788631664
088,905272.0,521756.0,70578.0,128728.0,57879.0,320209.0,88095.96394230018,2013,0.07796330826536113,0.1421981459715975,0.06393548016507745
089,111386.0,37737.0,16523.0,38038.0,20073.0,34450.0,63321.38751814223,2013,0.1483400068231196,0.3414971360853249,0.18021115759610723
100,1519657.0,709790.0,202433.0,395268.0,267908.0,694072.0,75434.40697939119,2013,0.13320966507573748,0.26010343123481156,0.17629504552672084
101,61450.0,45461.0,2257.0,6612.0,4561.0,32045.0,97876.89249492901,2013,0.036729048006509356,0.10759967453213995,0.07422294548413344
102,14902.0,9403.0,122.0,1982.0,560.0,6764.0,168152.79538734475,2013,0.008186820560998523,0.13300228157294322,0.037578848476714534
103,470223.0,299612.0,45570.0,82024.0,54956.0,164609.0,72405.14837584822,2013,0.09691146541109219,0.17443638443887263,0.11687220744200093
104,1397228.0,149955.0,415963.0,757108.0,408533.0,478153.0,36577.91693662907,2013,0.29770588622615635,0.5418643199248798,0.2923882143787557
105,649559.0,430514.0,68915.0,105245.0,44683.0,229410.0,102355.52542173401,2013,0.10609505833958116,0.16202531255821256,0.06878974812141776
106,82695.0,38031.0,12646.0,24144.0,6863.0,30568.0,88939.15984035593,2013,0.15292339319184955,0.29196444766914564,0.08299171654876353
107,228575.0,105658.0,32643.0,72647.0,31621.0,84526.0,66056.55781652982,2013,0.14281089357978782,0.31782565897407855,0.13833971344197746
108,86766.0,43844.0,14794.0,22631.0,9611.0,30982.0,83277.72906849138,2013,0.17050457552497522,0.26082797409123387,0.11076919530691745
109,541026.0,363489.0,53415.0,88001.0,69609.0,171075.0,82285.44850743213,2013,0.0987290814119839,0.16265576885399222,0.12866109946656906
110,250040.0,143642.0,27183.0,33203.0,13046.0,83149.0,99857.63013385609,2013,0.1087146056630939,0.1327907534794433,0.05217565189569669
111,200123.0,97268.0,11109.0,54584.0,32827.0,87166.0,54235.83773489663,2013,0.05551086082059534,0.27275225736172254,0.16403411901680467
112,2539789.0,908829.0,809177.0,500701.0,583378.0,916025.0,48692.990203324145,2013,0.318600088432543,0.1971427547721484,0.22969545895347998
113,1162867.0,363840.0,45258.0,375507.0,177422.0,408908.0,56637.337467107514,2013,0.03891932611382041,0.32291483032883384,0.15257290816576616
114,764144.0,97330.0,302009.0,169811.0,99007.0,234354.0,62861.97915119861,2013,0.39522524550346533,0.2222238216880588,0.12956589333947527
115,718205.0,410981.0,111920.0,137486.0,54506.0,235493.0,94586.8486621683,2013,0.1558329446327998,0.19143002346126803,0.07589198070188874
116,116048.0,42409.0,42389.0,25631.0,23361.0,39325.0,51193.83420216147,2013,0.36527126706190544,0.2208655039294085,0.20130463256583483
117,1572713.0,1144350.0,94621.0,244106.0,83822.0,513074.0,96258.65424090871,2013,0.060164187617193984,0.15521331609772412,0.05329770911793824
118,73022.0,53239.0,786.0,6920.0,2766.0,24136.0,105043.94112529002,2013,0.010763879378817343,0.09476596094327737,0.037878995371257974
119,247706.0,188065.0,15462.0,34612.0,20882.0,92206.0,76109.71128204571,2013,0.06242077301316884,0.13973016398472382,0.08430155103227213
120,329123.0,295545.0,6785.0,14032.0,29105.0,130618.0,64805.48232609428,2013,0.02061539302935377,0.04263451657890819,0.08843198439489187
121,283280.0,246104.0,12269.0,10839.0,32075.0,113910.0,61755.791923448334,2013,0.04331050550691895,0.03826249646992375,0.11322719570742729
122,151848.0,96370.0,31861.0,10403.0,25965.0,61175.0,53030.91970576216,2013,0.2098216637690322,0.06850929877245666,0.17099336178283547
123,162320.0,124381.0,14714.0,9651.0,19263.0,61273.0,59417.37775202781,2013,0.09064810251355347,0.05945662888122228,0.11867299162148842
124,154040.0,128479.0,7324.0,11529.0,19032.0,62385.0,54312.60909163794,2013,0.04754609192417554,0.07484419631264606,0.1235523240716697
125,448655.0,333954.0,32735.0,59860.0,42136.0,161309.0,71445.92370501255,2013,0.07296252131370429,0.13342100277496072,0.09391626082401845
126,87098.0,53718.0,15748.0,11513.0,11877.0,31344.0,61254.44534839204,2013,0.18080782566763876,0.13218443592275367,0.13636363636363635
127,98425.0,74368.0,7240.0,12534.0,16721.0,37846.0,46697.450034349735,2013,0.07355854711709424,0.12734569469138937,0.16988569977139956
128,225110.0,210865.0,4109.0,4808.0,22839.0,91809.0,57794.3269220291,2013,0.01825329838745502,0.021358446981475723,0.10145706543467638
129,164163.0,146564.0,7349.0,4767.0,21665.0,63252.0,49181.55293243307,2013,0.04476648209401631,0.02903821202097915,0.1319724907561387
130,385944.0,355859.0,8575.0,8637.0,37533.0,152546.0,59547.80592396399,2013,0.022218249279688244,0.02237889434736646,0.09724986008332816
131,180796.0,169191.0,2324.0,4038.0,21396.0,68523.0,57904.457975710866,2013,0.01285426668731609,0.022334564924002744,0.11834332617978274
132,229864.0,152337.0,43960.0,14257.0,52322.0,89831.0,41573.51146040899,2013,0.19124351790624022,0.062023631364633,0.22762155013399227
133,143435.0,136246.0,1666.0,2196.0,19090.0,55938.0,49248.98487611284,2013,0.011615017255202705,0.015310070763760588,0.13309164429881132
134,186143.0,171223.0,4604.0,5254.0,21853.0,72600.0,51807.749655647385,2013,0.024733672499100155,0.028225611492239837,0.11739898894935615
135,71378.0,48037.0,8313.0,6744.0,18182.0,27809.0,34794.32424754576,2013,0.11646445683543949,0.09448289388887332,0.25472834767015046
136,238018.0,208082.0,7741.0,9540.0,38712.0,89841.0,45476.93552451139,2013,0.03252275038022334,0.040081002277138705,0.16264316144157165
137,138441.0,127337.0,2995.0,3418.0,17713.0,56463.0,49455.26945079078,2013,0.021633764563965877,0.02468921778952767,0.12794620090869036
138,138710.0,128174.0,2113.0,3614.0,17789.0,54816.0,49157.29059953966,2013,0.015233220387859563,0.0260543580131209,0.1282459808233004
139,81218.0,64688.0,5901.0,4066.0,18364.0,30975.0,39620.62040355125,2013,0.07265630771503853,0.05006279396192962,0.22610751311285676
140,445948.0,405657.0,11411.0,13714.0,39712.0,174123.0,60787.3551971882,2013,0.02558818516957134,0.03075246441289119,0.08905074134203989
141,199341.0,187070.0,2594.0,4454.0,18144.0,81414.0,56386.7279081194,2013,0.013012877431135592,0.0223436222352652,0.09101991060544494
142,562899.0,378556.0,113406.0,35911.0,107336.0,239745.0,44317.30021481157,2013,0.2014677588697084,0.06379652477620319,0.19068429682767246
143,65682.0,49775.0,11629.0,1462.0,13727.0,27941.0,37116.67914534197,2013,0.17705002892725558,0.022258761913461832,0.2089918090192138
144,305749.0,278196.0,8295.0,9877.0,30152.0,118004.0,58663.388885122535,2013,0.02713009690955653,0.0323042757294382,0.09861683930282683
145,321206.0,291832.0,8288.0,8973.0,28557.0,123930.0,65765.08901478468,2013,0.02580275586383816,0.027935343673530382,0.0889055621625997
146,477471.0,297111.0,101561.0,49090.0,88903.0,193764.0,45909.43057533907,2013,0.2127061119942363,0.10281252683409045,0.18619560140825306
147,178655.0,163901.0,3232.0,5594.0,31437.0,72599.0,42553.904571523104,2013,0.01809073353670482,0.031311746102823876,0.17596484845092497
148,285656.0,253895.0,6966.0,7423.0,42463.0,113244.0,49639.828509860374,2013,0.024385974738846725,0.025985801103425098,0.14865082476825273
149,49212.0,40600.0,4594.0,1578.0,9946.0,19555.0,40132.008182050624,2013,0.09335121515077624,0.03206534991465496,0.2021051775989596
150,447124.0,405193.0,22073.0,5356.0,49312.0,185158.0,54978.10319834952,2013,0.04936661865612224,0.011978779935767259,0.11028707919950617
151,368608.0,308854.0,40316.0,5175.0,43256.0,157848.0,53692.57366580508,2013,0.10937364354544665,0.014039304627137773,0.11734959631912492
152,686800.0,519303.0,111965.0,13308.0,97095.0,299095.0,50721.140517226966,2013,0.16302417006406522,0.01937682003494467,0.14137303436225976
153,184361.0,171927.0,6133.0,2208.0,17520.0,72979.0,56205.788971586,2013,0.033266254793584325,0.011976502622572018,0.09503094472258232
154,144391.0,133884.0,6003.0,1274.0,26296.0,57449.0,38131.033415884755,2013,0.04157461337617996,0.008823264607904925,0.18211661391637984
155,88691.0,84551.0,1923.0,1127.0,10800.0,34406.0,43500.189530895776,2013,0.021682019596125875,0.012707039045675435,0.12177109289555874
156,311849.0,299131.0,3880.0,2894.0,27920.0,129459.0,53416.5261793876,2013,0.012441919005672618,0.009280132371756844,0.08953050995834523
157,111197.0,105427.0,2431.0,1187.0,17885.0,43847.0,43306.29302240679,2013,0.021862100596239106,0.010674748419471749,0.1608406701619648
158,88897.0,86490.0,344.0,983.0,11135.0,37051.0,43824.41224258455,2013,0.003869646894720857,0.011057740981135471,0.1252573202695254
159,144175.0,135049.0,4262.0,1938.0,19687.0,59990.0,43314.64297382897,2013,0.029561297034853478,0.01344199757239466,0.1365493324085313
160,194652.0,186305.0,2160.0,2189.0,17720.0,77054.0,60935.21089106341,2013,0.011096726465692621,0.011245710293241272,0.09103425600558947
161,221898.0,204408.0,10264.0,2450.0,29213.0,89247.0,44159.94769044578,2013,0.0462554867551758,0.0110411089779989,0.13165057819358444
162,87765.0,83574.0,2225.0,927.0,13463.0,34169.0,43825.834850302905,2013,0.025351791716515696,0.010562297043240472,0.15339827949638238
163,149316.0,143423.0,1682.0,1478.0,21992.0,62125.0,42284.7644634751,2013,0.011264700367006884,0.009898470358166572,0.14728495271772615
164,129718.0,123504.0,2355.0,1746.0,16120.0,47927.0,48509.993719615246,2013,0.01815476649347045,0.013459967005350067,0.12426956937356419
165,187184.0,153757.0,17114.0,8428.0,34491.0,74995.0,45566.98855923728,2013,0.09142875459440977,0.04502521583041286,0.184262543807163
166,208588.0,196302.0,6404.0,2590.0,27017.0,81171.0,43509.87656921807,2013,0.030701670278251866,0.012416821677181812,0.12952327075383052
167,48344.0,45757.0,1070.0,834.0,7551.0,19519.0,41986.34018136175,2013,0.02213304650008274,0.01725136521595234,0.15619311600198577
168,197106.0,175675.0,5132.0,5081.0,33564.0,74567.0,48198.58242922473,2013,0.026036751798524653,0.025778007772467606,0.17028400961918969
169,65614.0,63289.0,492.0,748.0,9452.0,26014.0,44495.76566464212,2013,0.007498399731764562,0.011400006096259945,0.14405462248910295
170,617787.0,555193.0,13566.0,26855.0,55922.0,244264.0,57812.595488826475,2013,0.021959024712400875,0.043469674823199585,0.09051987173572769
171,166394.0,95551.0,42709.0,16213.0,24591.0,68181.0,54683.806515011514,2013,0.25667391853071625,0.09743740759883168,0.1477877808094042
172,206103.0,188059.0,5811.0,7674.0,24353.0,79503.0,52044.11196517757,2013,0.028194640543805768,0.03723381027932635,0.1181593669184825
173,336669.0,311629.0,4996.0,12392.0,26136.0,128372.0,61309.54889326924,2013,0.014839501112368527,0.03680766568944572,0.07763114513067731
174,175527.0,130661.0,17934.0,18443.0,24284.0,67425.0,53421.35219873934,2013,0.10217231537028491,0.10507215414152808,0.1383490858956172
175,327816.0,301327.0,5058.0,12616.0,27353.0,118525.0,60132.64602740651,2013,0.015429387217219415,0.03848500378260976,0.08344010054420772
176,164823.0,111212.0,11553.0,33597.0,23762.0,64639.0,49928.40226488652,2013,0.07009337289091935,0.20383684315902514,0.14416677284116902
177,171402.0,159609.0,6132.0,2254.0,23642.0,66904.0,44769.3124925266,2013,0.03577554520950747,0.013150371640937679,0.13793304628884143
178,237828.0,219647.0,6999.0,6771.0,30701.0,91267.0,45066.697579629,2013,0.02942883091982441,0.02847015490186185,0.1290890895941605
179,124209.0,114954.0,3514.0,3522.0,14524.0,49924.0,45425.73135435249,2013,0.02829102561006046,0.028355433181170446,0.11693194535017591
180,535126.0,444747.0,18674.0,48387.0,44558.0,204334.0,63173.772090245584,2013,0.034896454293007625,0.09042169507742102,0.08326637091077616
181,167591.0,92515.0,12423.0,54560.0,33821.0,60915.0,47360.16621521793,2013,0.07412689225555072,0.32555447488230277,0.20180677960033652
182,140000.0,117509.0,2468.0,17968.0,20602.0,55530.0,45072.3007746352,2013,0.017628571428571427,0.12834285714285715,0.14715714285714285
183,177451.0,131944.0,16023.0,21830.0,18980.0,63242.0,59116.50526548812,2013,0.09029534913863546,0.12301987590940598,0.1069591042034139
184,200246.0,178683.0,8006.0,8968.0,20928.0,77169.0,52442.309502520446,2013,0.039980823586988005,0.04478491455509723,0.10451145091537409
185,117936.0,99291.0,4765.0,9013.0,18975.0,47329.0,41501.22939424032,2013,0.040403269569936236,0.07642280558947226,0.1608923483923484
186,176251.0,165538.0,3067.0,4490.0,22719.0,71627.0,46918.036997221716,2013,0.01740131970882435,0.02547503276577154,0.12890139630413444
187,134885.0,116957.0,7359.0,6933.0,21593.0,55359.0,46349.02061092144,2013,0.05455758609185603,0.05139934017867072,0.16008451643993032
188,78162.0,75343.0,443.0,1198.0,9554.0,30880.0,48344.84640544042,2013,0.005667715769811417,0.015327141065991147,0.12223331030423991
189,366247.0,332285.0,4932.0,11991.0,17221.0,133874.0,88082.00308556657,2013,0.01346632190843884,0.03274019991972631,0.047020180370078116
190,1122423.0,840650.0,156324.0,45256.0,88679.0,417453.0,75080.03540039239,2013,0.13927369628027936,0.04031991504094268,0.07900675592000521
191,1536920.0,562393.0,645747.0,194714.0,395789.0,580079.0,39630.36423487146,2013,0.4201565468599537,0.12669104442651538,0.25752088592769956
193,436275.0,352191.0,28395.0,31204.0,30557.0,157627.0,88161.14097601219,2013,0.06508509541000515,0.07152369491719672,0.07004068534754455
194,515364.0,402431.0,41328.0,24467.0,31900.0,198892.0,79113.62018053356,2013,0.08019186439099354,0.04747518258939313,0.06189799830799202
195,219201.0,202378.0,4000.0,8509.0,14092.0,80705.0,66735.65936996155,2013,0.018248091933887163,0.03881825356636147,0.06428802788308448
196,212467.0,129086.0,12768.0,61955.0,42095.0,80338.0,49728.06007119919,2013,0.06009403813298065,0.29159822466547747,0.19812488527630173
197,322682.0,198192.0,72635.0,26217.0,29743.0,114020.0,71517.95771768504,2013,0.22509777427932143,0.08124717213851408,0.0921743388227419
198,215289.0,130123.0,52795.0,21816.0,26608.0,85858.0,64806.76680099699,2013,0.2452285067978392,0.10133355628945279,0.12359200888108543
199,370475.0,260246.0,64923.0,28074.0,47282.0,135829.0,54355.72305619566,2013,0.17524259396720426,0.07577839260408935,0.12762534583980026
200,618484.0,216690.0,305703.0,59407.0,109141.0,263403.0,72867.87336110236,2013,0.49427794413436726,0.09605260604963103,0.17646535722831957
201,869545.0,512155.0,72343.0,131390.0,44573.0,289039.0,113840.32809640288,2013,0.08319638431593535,0.15110201312180507,0.05126014179829681
202,0.0,0.0,0.0,0.0,0.0,0.0,,2013,,,
203,887.0,641.0,174.0,72.0,59.0,246.0,21591.0,2013,0.19616685456595265,0.08117249154453213,0.0665163472378805
204,0.0,0.0,0.0,0.0,0.0,0.0,,2013,,,
205,0.0,0.0,0.0,0.0,0.0,0.0,,2013,,,
206,342444.0,205443.0,102221.0,14153.0,21271.0,118079.0,93495.06925207756,2013,0.2985042809919286,0.04132938524255061,0.06211526556166848
207,973015.0,207198.0,560801.0,137339.0,84350.0,337822.0,77937.36375961306,2013,0.5763539102685982,0.141147875418159,0.08668931105892509
208,683256.0,373975.0,79810.0,99101.0,36583.0,248908.0,115370.93275025311,2013,0.11680834123666678,0.14504226819815705,0.053542156966056645
209,315692.0,105305.0,90751.0,78002.0,30667.0,114568.0,76416.39923887997,2013,0.2874668981158851,0.24708259949571101,0.0971421512106737
210,731052.0,515500.0,99487.0,37340.0,46268.0,274315.0,90198.01792100322,2013,0.13608744658382715,0.05107707796435821,0.06328961551298676
211,463632.0,324689.0,89929.0,18515.0,27737.0,168778.0,89385.99684183707,2013,0.19396633536943092,0.03993468958139214,0.05982546502398454
212,1200386.0,534604.0,540508.0,52985.0,198440.0,465436.0,52052.89999699207,2013,0.4502784937511767,0.04413996831019355,0.16531349082711727
214,94382.0,67399.0,12545.0,10442.0,5800.0,36720.0,89143.46922657952,2013,0.13291729355173657,0.11063550253226251,0.06145239558390371
215,103879.0,94157.0,6111.0,1365.0,15622.0,40136.0,40969.073176200916,2013,0.0588280595693066,0.013140288219948209,0.15038650737877723
216,170406.0,133608.0,24766.0,7563.0,19345.0,65449.0,63776.702356573034,2013,0.14533525814818726,0.04438224006196965,0.11352299801650177
217,475959.0,386673.0,36754.0,25523.0,35375.0,173735.0,79631.39229648904,2013,0.0772209370975231,0.05362436680470377,0.07432362871591881
218,178746.0,121975.0,41870.0,7318.0,26467.0,65900.0,51333.51580880679,2013,0.23424300403925122,0.04094077629709196,0.14807044633166616
219,101435.0,87913.0,6551.0,3664.0,10404.0,36394.0,66375.43130735836,2013,0.06458323064031153,0.03612165426134963,0.102568147089269
220,487608.0,257154.0,45113.0,78440.0,30215.0,170023.0,109331.93439711098,2013,0.09251899066463225,0.16086692589128973,0.061965759380485964
221,451695.0,229139.0,65959.0,79341.0,24691.0,151339.0,112764.69465901057,2013,0.14602552607401012,0.1756517118852323,0.05466299162045185
222,215347.0,136984.0,17800.0,32850.0,16936.0,94749.0,109192.8656661284,2013,0.082657292648609,0.15254449794982053,0.07864516338746302
223,325616.0,166260.0,61954.0,61212.0,25318.0,133900.0,93410.17857356236,2013,0.1902670630435851,0.1879883052429856,0.07775416441452508
224,219130.0,149580.0,42146.0,16393.0,19172.0,77398.0,71450.4705547947,2013,0.19233331812166293,0.0748094738283211,0.08749144343540365
225,186823.0,128155.0,36783.0,13242.0,14557.0,64653.0,78418.07065873827,2013,0.19688689294144726,0.07087992377812154,0.07791867168389331
226,184865.0,156398.0,9358.0,12998.0,18384.0,70527.0,61447.29625533483,2013,0.05062072323046547,0.07031076731669056,0.09944554134097855
227,78990.0,59456.0,10092.0,5980.0,7314.0,27212.0,64421.61034788389,2013,0.12776300797569312,0.07570578554247373,0.09259399924041017
228,164676.0,140561.0,4618.0,14188.0,26878.0,60514.0,46343.19973890339,2013,0.02804294493429522,0.08615705992372902,0.16321746945517257
229,254272.0,198037.0,30282.0,10992.0,33865.0,98357.0,58138.91986941532,2013,0.11909293984394664,0.04322929775987919,0.13318414925748803
230,222947.0,159957.0,42569.0,6387.0,17530.0,83638.0,67071.25964286996,2013,0.19093775650715192,0.028648064338161087,0.07862855297447376
231,368281.0,290881.0,48241.0,11823.0,23703.0,134625.0,77182.47215598886,2013,0.13098965192339546,0.03210320380361734,0.06436118072884564
232,542732.0,261454.0,205017.0,39073.0,88831.0,218257.0,52341.840907737205,2013,0.3777499760471098,0.07199317526882514,0.16367378374593722
233,256377.0,155209.0,73534.0,13219.0,23587.0,92123.0,67831.4602073868,2013,0.2868198005281285,0.05156078743413021,0.09200123255986302
234,574050.0,355811.0,132309.0,35128.0,51886.0,214607.0,64772.21365055693,2013,0.2304834073686961,0.06119327584705165,0.09038585489068897
235,244090.0,108102.0,101530.0,16811.0,42580.0,85557.0,45052.13617822037,2013,0.4159531320414601,0.06887213732639601,0.17444385267729115
236,384083.0,190387.0,145298.0,23766.0,49020.0,145909.0,56824.489332392106,2013,0.37829844070161917,0.06187725049012843,0.1276286635961498
237,95901.0,38397.0,50081.0,3130.0,16988.0,36690.0,46071.72330335241,2013,0.5222156181895914,0.03263782442310299,0.17714100999989574
238,338651.0,183455.0,129656.0,14473.0,41613.0,119356.0,54335.87013933691,2013,0.3828602307390204,0.042737213237226526,0.12287871584610706
239,107240.0,64476.0,38263.0,2581.0,19494.0,38300.0,36965.81371780808,2013,0.3567978366281238,0.02406751212234241,0.18177918687057068
240,355401.0,281212.0,43071.0,13033.0,59174.0,143245.0,47250.91226147004,2013,0.12118986722040737,0.03667125303530378,0.16649925014279646
241,230206.0,196086.0,23620.0,5338.0,32801.0,94623.0,45850.79772537496,2013,0.1026037548977872,0.023187927334648098,0.1424854260966265
242,196077.0,186081.0,5268.0,2200.0,36124.0,78977.0,36825.1298352685,2013,0.026866996129071744,0.011220081906597918,0.18423374490633782
243,152050.0,141870.0,4180.0,3770.0,25722.0,62087.0,37185.15214099301,2013,0.02749095692206511,0.024794475501479778,0.16916803682999013
244,142884.0,127739.0,8861.0,3148.0,18497.0,56900.0,45951.24305262417,2013,0.06201534111587022,0.02203185801069399,0.1294546625234456
245,380163.0,269335.0,90760.0,8206.0,63816.0,151581.0,43129.489388511756,2013,0.23873969849774965,0.021585477808203322,0.16786483692521365
246,70952.0,67584.0,1659.0,458.0,14369.0,28622.0,34413.454199007065,2013,0.023382004735595895,0.006455068215131357,0.20251719472319316
247,60911.0,55249.0,3634.0,476.0,13159.0,24958.0,35060.61294975559,2013,0.059660816601270705,0.007814680435389338,0.2160365122884208
248,38116.0,35482.0,2200.0,180.0,11179.0,14654.0,28805.369208692086,2013,0.05771854339385035,0.004722426277678665,0.2932889075453878
249,53713.0,50408.0,1246.0,926.0,8967.0,22532.0,39877.52440972839,2013,0.023197363766685904,0.017239774356301082,0.16694282575912722
250,68833.0,63345.0,1419.0,466.0,10495.0,27628.0,42423.99360975964,2013,0.020615111937588075,0.00677000857147008,0.152470472011971
251,76073.0,72075.0,1621.0,591.0,12848.0,30233.0,43292.265490533566,2013,0.02130848001261946,0.007768853601146267,0.16889040789767723
252,57965.0,56015.0,257.0,152.0,11490.0,22343.0,39431.38971740785,2013,0.004433709997412232,0.0026222720607263004,0.19822306564306047
253,117350.0,102279.0,5453.0,1311.0,16446.0,51445.0,48955.550996209546,2013,0.04646783127396677,0.011171708564124415,0.14014486578610993
254,179555.0,155251.0,11238.0,6939.0,22587.0,68978.0,54658.03849053321,2013,0.06258806493831974,0.038645540363676865,0.1257943248586784
255,140418.0,136307.0,994.0,1103.0,23430.0,54898.0,45490.06047579147,2013,0.007078864533037075,0.007855118289677962,0.16685894970730247
256,51181.0,48722.0,1251.0,305.0,11247.0,20767.0,38188.001542466016,2013,0.024442664269943924,0.0059592426877161445,0.21974951642210977
257,76651.0,68471.0,4235.0,794.0,18487.0,32132.0,36197.34498319432,2013,0.05525042073815084,0.010358638504390028,0.24118406804868822
258,91164.0,80296.0,7205.0,1144.0,16203.0,35852.0,39648.31641924572,2013,0.079033390373393,0.012548813127989118,0.1777346320916151
259,44390.0,42110.0,1210.0,421.0,8750.0,18413.0,34387.783156860605,2013,0.02725839152962379,0.009484118044604641,0.1971164676728993
260,131697.0,125054.0,3128.0,1217.0,19782.0,55620.0,40725.370100683205,2013,0.023751490163025732,0.009240909056394603,0.15020843299391787
261,132430.0,127571.0,1032.0,957.0,21773.0,54308.0,41226.04780157004,2013,0.007792796194215812,0.00722645926149664,0.16441138714792722
262,84793.0,82224.0,742.0,517.0,15126.0,32854.0,36603.809961241495,2013,0.00875072234736358,0.006097201419928532,0.17838736688170015
263,89677.0,84471.0,2042.0,1277.0,15963.0,34958.0,41976.09865727619,2013,0.022770610078392452,0.014239994647456984,0.17800550865885345
264,58823.0,56765.0,517.0,446.0,11809.0,22434.0,37512.47619684407,2013,0.008789079101711915,0.0075820682386141475,0.20075480679326113
265,178810.0,163079.0,6494.0,2816.0,31983.0,67899.0,43614.504911707096,2013,0.03631787931323752,0.015748559923941613,0.17886583524411387
266,32185.0,31372.0,86.0,124.0,5573.0,12930.0,40741.867033222334,2013,0.0026720521982289886,0.0038527264253534256,0.17315519652011807
267,55755.0,53321.0,1180.0,452.0,8915.0,22569.0,32807.60348651526,2013,0.021164021164021163,0.008106896242489463,0.1598959734552955
268,32973.0,31461.0,605.0,671.0,5291.0,12916.0,35865.698590895016,2013,0.01834834561611015,0.020349983319685804,0.1604646225699815
270,289153.0,246675.0,17955.0,18328.0,44037.0,114414.0,48017.73287359939,2013,0.062095153776720285,0.06338512828848396,0.1522965350523771
271,253647.0,127880.0,80315.0,36259.0,54027.0,101108.0,41510.26862364996,2013,0.31664084337681897,0.1429506361202774,0.21300074513004294
272,580638.0,400937.0,99022.0,54832.0,99214.0,226942.0,44434.47571626231,2013,0.17053999221545954,0.09443405357554965,0.17087066296039874
273,385981.0,278265.0,60429.0,36226.0,63320.0,148259.0,47713.875440206175,2013,0.1565595197691078,0.09385436070687417,0.16404952575385834
274,308221.0,153419.0,111589.0,22326.0,57711.0,125273.0,44457.533882001706,2013,0.36204217103961117,0.07243503849510578,0.1872390265426431
275,1084993.0,706378.0,211702.0,95011.0,145753.0,395972.0,61417.20740355379,2013,0.1951183095190476,0.08756830689230254,0.13433542889216796
276,500928.0,284617.0,129789.0,54595.0,69631.0,193663.0,61005.93935341289,2013,0.25909711575316213,0.10898771879391848,0.13900400856011244
277,263916.0,107634.0,99400.0,37036.0,48922.0,106230.0,51555.827195707425,2013,0.3766349899210355,0.14033253004743934,0.18536958729292655
278,552102.0,280046.0,223040.0,30969.0,125556.0,215204.0,38617.32874388952,2013,0.4039833219223984,0.056092895877935596,0.22741449949465858
279,198260.0,127117.0,57745.0,7801.0,33283.0,75403.0,45587.29982891928,2013,0.29125895289014425,0.03934732169877938,0.16787551699788156
280,676470.0,519386.0,85897.0,47113.0,101198.0,254401.0,51628.29850904674,2013,0.1269782843289429,0.06964536490901296,0.14959717356275962
281,592847.0,443510.0,87377.0,42430.0,78611.0,215236.0,54089.183052517124,2013,0.14738541309983857,0.07156989914767216,0.13259913603341167
282,816085.0,371055.0,273802.0,107330.0,133891.0,316431.0,56174.57304752063,2013,0.3355067180502031,0.13151816293645882,0.16406501773712298
283,837231.0,399288.0,248135.0,84083.0,177074.0,308567.0,40691.74335531753,2013,0.2963757911496349,0.10042986941477322,0.2114995741915911
284,480072.0,351748.0,82891.0,28975.0,89522.0,195572.0,45973.39459125028,2013,0.17266368378076621,0.06035553000383276,0.18647619523738107
285,498295.0,332013.0,103053.0,41539.0,80732.0,185952.0,44672.785052056446,2013,0.20681122628162033,0.08336226532475742,0.1620164761837867
286,633041.0,525577.0,42413.0,40268.0,120719.0,246057.0,38515.89166114429,2013,0.06699881998164416,0.06361041385944986,0.1906969690746729
287,541416.0,474011.0,13871.0,31763.0,90687.0,223411.0,42240.504091206145,2013,0.025619856081091064,0.058666533682048556,0.16749966753845472
288,120232.0,97161.0,11524.0,6962.0,22157.0,52376.0,43129.93724224836,2013,0.09584802714751481,0.05790471754607758,0.1842853815955819
289,37691.0,34970.0,461.0,999.0,7344.0,15094.0,35667.25553199947,2013,0.01223103658698363,0.02650500119391897,0.19484757634448543
290,423316.0,276251.0,120109.0,14550.0,65963.0,157835.0,51058.94475533783,2013,0.28373366468548317,0.034371486076595265,0.15582449045157754
291,369378.0,183346.0,157899.0,19214.0,71319.0,140327.0,39873.527482237914,2013,0.4274726702727287,0.052017174818207904,0.19307863489433588
292,338131.0,149834.0,154429.0,17182.0,57902.0,126823.0,47231.375491827195,2013,0.4567135222739116,0.050814625100922425,0.17124132362900768
293,393839.0,274082.0,86975.0,19175.0,72990.0,148843.0,41009.57970245135,2013,0.22083897227039476,0.048687407798618215,0.18532953821231518
294,749275.0,468821.0,213012.0,38541.0,120000.0,284241.0,51599.25156469334,2013,0.2842908144539722,0.05143772313236128,0.16015481632244502
295,641761.0,403873.0,194799.0,24765.0,135947.0,250545.0,39520.40637410445,2013,0.30353823308053934,0.03858913209123022,0.21183431215047346
296,968317.0,719170.0,159904.0,58264.0,162777.0,370925.0,45904.38027625963,2013,0.16513600401521403,0.06017037808899359,0.16810300758945676
297,357294.0,251852.0,77170.0,15771.0,58189.0,133957.0,49906.60958766042,2013,0.2159845953192609,0.04414011990125779,0.16286027753054907
298,224376.0,138848.0,70563.0,9990.0,44175.0,85477.0,44633.75615662693,2013,0.3144855064712804,0.044523478446892716,0.1968793453845331
299,213915.0,129300.0,55022.0,23996.0,31046.0,81278.0,54286.51120844509,2013,0.2572143140967207,0.11217539676974499,0.14513241240679708
300,2232864.0,1041682.0,688765.0,274767.0,302833.0,774370.0,64833.939682580676,2013,0.3084670629290454,0.1230558600971667,0.1356253672413546
301,1191509.0,821412.0,225296.0,101339.0,171491.0,417524.0,56653.14147585745,2013,0.18908459776636183,0.08505097317770995,0.14392757419373248
302,1009062.0,472255.0,411895.0,73926.0,164130.0,347886.0,53349.89018191854,2013,0.40819592849596953,0.07326209886012951,0.16265601122626755
303,917430.0,348779.0,408456.0,100597.0,185234.0,373659.0,55355.74978790823,2013,0.44521761878290445,0.10965087254613431,0.20190532247691922
304,226055.0,133912.0,72509.0,14254.0,60903.0,79377.0,33877.27041838316,2013,0.3207582225564575,0.06305545110703148,0.26941673486540885
305,631049.0,488216.0,38395.0,83895.0,107266.0,225850.0,48679.262811600616,2013,0.06084313579452626,0.13294530218731035,0.16998046110523907
306,388056.0,265282.0,80267.0,26778.0,85385.0,137874.0,43117.379819375434,2013,0.20684385758756468,0.06900550436019544,0.22003267569629126
307,366979.0,294052.0,13958.0,50363.0,67378.0,131369.0,41248.46023034354,2013,0.03803487393011589,0.1372367356170244,0.18360178647824535
308,194457.0,110096.0,66290.0,10056.0,33136.0,66817.0,53488.0291692234,2013,0.3408979877299351,0.05171323223129021,0.1704027111392236
309,199603.0,93649.0,88721.0,6896.0,43315.0,73587.0,41415.01129275552,2013,0.4444873073050004,0.034548578929174414,0.2170057564265066
310,542022.0,312351.0,192238.0,22699.0,108255.0,194216.0,42423.80440558576,2013,0.35466826069790525,0.04187837394054116,0.19972436543166144
312,168098.0,73794.0,83478.0,4970.0,40348.0,61150.0,40218.3923630417,2013,0.4966031719592143,0.029566086449571084,0.2400266511201799
313,209606.0,134020.0,52296.0,13047.0,29325.0,73294.0,55109.93686151325,2013,0.2494966747135101,0.06224535557188248,0.13990534622100512
314,241218.0,115976.0,101256.0,13688.0,46748.0,91634.0,45993.08286225637,2013,0.41976966893017936,0.05674535067863924,0.19379979935162384
315,336146.0,232512.0,73407.0,22367.0,67233.0,122262.0,41531.90035333955,2013,0.21837832370458074,0.06653953936682275,0.2000113046116866
316,193403.0,116802.0,58671.0,11955.0,46189.0,70391.0,36542.36797317839,2013,0.30336137495281873,0.06181393256567892,0.23882256221465023
317,370695.0,187783.0,153626.0,21529.0,96821.0,134061.0,35398.5680623,2013,0.4144269547741405,0.058077395163139506,0.26118776892054113
318,87951.0,54987.0,27473.0,3081.0,13982.0,31490.0,50819.62334074309,2013,0.31236711350638424,0.03503086946140464,0.15897488374208366
319,195316.0,84568.0,85650.0,14525.0,36089.0,70995.0,40976.745996196914,2013,0.4385201417190604,0.0743666673493211,0.1847723688791497
320,606766.0,477903.0,66198.0,38209.0,79910.0,218013.0,55132.96025007683,2013,0.10909971883724533,0.06297155740433709,0.13169821644587865
321,566430.0,452941.0,58588.0,35812.0,96002.0,237343.0,42877.594894725305,2013,0.10343378705223946,0.0632240523983546,0.16948607948025352
322,913290.0,524529.0,253363.0,70745.0,146275.0,344149.0,50965.2433161218,2013,0.2774179066890035,0.07746170438743444,0.16016270844967098
323,430568.0,252347.0,134843.0,25153.0,89490.0,163205.0,47969.65744309304,2013,0.3131746901766968,0.058418182493822114,0.2078417346388956
324,343347.0,267456.0,42721.0,16469.0,55631.0,127688.0,43545.702241997904,2013,0.12442514424183115,0.047966051836771544,0.16202558927266003
325,650547.0,478366.0,90460.0,36205.0,94415.0,246517.0,51395.14354412606,2013,0.13905221298384282,0.05565316572053979,0.14513171223601062
326,359758.0,248344.0,60535.0,27504.0,79133.0,137434.0,42641.60560457802,2013,0.16826588984817573,0.07645139232484059,0.21996175206666704
327,946344.0,639600.0,100416.0,160020.0,129499.0,344034.0,52607.29272688164,2013,0.10610940630468413,0.1690928457305166,0.13684136001284944
328,900548.0,364238.0,194011.0,271007.0,159454.0,318021.0,47357.497935657935,2013,0.21543660082527527,0.3009356525138027,0.17706329923557657
329,619954.0,478104.0,56930.0,58139.0,83597.0,251696.0,49888.241664547706,2013,0.09182939379373309,0.09377953848188736,0.13484387551334454
330,1653126.0,486005.0,346481.0,751319.0,286565.0,554330.0,48931.60014973031,2013,0.20959140440595575,0.4544838082517606,0.17334734315472625
331,1917072.0,343288.0,329038.0,1192355.0,348106.0,644106.0,48590.96451670998,2013,0.17163570278007295,0.6219667284275187,0.18158212106796198
333,782720.0,341614.0,223999.0,179027.0,116431.0,296497.0,55478.202315706396,2013,0.2861802432542927,0.22872419255928045,0.1487517886345053
334,1447015.0,860698.0,243842.0,282130.0,210240.0,570405.0,54104.3976297543,2013,0.16851380255215045,0.19497379087293498,0.14529220498750878
335,722788.0,477718.0,69372.0,137932.0,92461.0,261459.0,56275.19075067127,2013,0.09597835049834806,0.19083327338029962,0.1279227103936424
336,736340.0,337959.0,143317.0,208775.0,143416.0,285389.0,48335.1219563473,2013,0.19463427221120677,0.28353070592389384,0.19476872097129044
337,731905.0,539894.0,88389.0,63580.0,109661.0,321062.0,45129.84792968336,2013,0.12076567314063984,0.08686919750514069,0.14982955438205778
338,712152.0,466402.0,92837.0,128282.0,129878.0,258782.0,42878.67923748135,2013,0.13036121502151227,0.18013289297790358,0.1823739875756861
339,747376.0,539679.0,59740.0,125546.0,112183.0,288743.0,47382.74058386122,2013,0.0799329922288112,0.16798238102374174,0.1501024919183918
341,380387.0,252555.0,22331.0,97135.0,53663.0,144088.0,58083.86445737134,2013,0.058706002045285456,0.2553583587241415,0.14107474755972207
342,765115.0,599491.0,49947.0,91856.0,107217.0,321034.0,50295.749933020554,2013,0.06528038268756985,0.12005515510740215,0.14013187560039994
344,431496.0,335154.0,41290.0,41295.0,74384.0,176705.0,39649.27576469257,2013,0.09569034243654634,0.09570193002947884,0.17238630253814635
346,655144.0,548111.0,21519.0,61494.0,86253.0,267869.0,46004.14936310964,2013,0.032846213962121305,0.0938633338624791,0.13165502546005153
347,624585.0,319784.0,73034.0,196049.0,90517.0,211695.0,50244.74089610052,2013,0.11693204287646998,0.3138868208490438,0.14492342915696022
349,446296.0,294119.0,62775.0,73856.0,78421.0,168701.0,45588.12793048056,2013,0.1406577697312994,0.16548658289565668,0.17571522039184756
350,442895.0,325568.0,89691.0,19229.0,71161.0,167299.0,45825.91217735569,2013,0.20251075311304034,0.04341661116065885,0.16067239413404982
351,327302.0,266458.0,42327.0,12217.0,45070.0,120577.0,53709.329710896345,2013,0.12932093296099625,0.03732638358457938,0.13770157224826002
352,494829.0,238309.0,218447.0,20839.0,89065.0,199142.0,52415.84219300801,2013,0.44145957492386256,0.04211353821219047,0.17999147180136976
354,224912.0,133593.0,79429.0,6571.0,45122.0,79375.0,43518.02790697674,2013,0.3531559009746034,0.029215871096250977,0.2006206872021057
355,156201.0,141756.0,8238.0,3306.0,32698.0,62538.0,35554.988934727684,2013,0.05273973918220754,0.02116503735571475,0.20933284678075045
356,380478.0,301275.0,45518.0,21439.0,62664.0,150083.0,43334.34947995443,2013,0.11963372389467986,0.05634754177639706,0.16469809029694227
357,226177.0,180522.0,25928.0,6830.0,23488.0,84325.0,66488.60437592647,2013,0.11463588251678995,0.03019758861422691,0.10384787135738824
358,191240.0,111405.0,59034.0,10859.0,30694.0,78842.0,52544.53692194515,2013,0.308690650491529,0.05678205396360594,0.16049989541936832
359,286994.0,232590.0,20481.0,26159.0,56466.0,107631.0,38220.93986024383,2013,0.0713638612653923,0.09114824700167948,0.19674975783465856
360,287831.0,176876.0,95792.0,7432.0,50936.0,106647.0,45503.79802308897,2013,0.3328064037577606,0.025820707290041725,0.17696495512992
361,214177.0,77139.0,121251.0,7773.0,45413.0,83033.0,46206.680608914525,2013,0.5661252141920001,0.0362924123505325,0.2120349057088296
362,183972.0,140373.0,33814.0,5628.0,38079.0,71056.0,38878.19476388205,2013,0.1837997086513165,0.030591611767008024,0.20698258430630748
363,239553.0,169379.0,50880.0,10388.0,42400.0,92095.0,43054.779249687825,2013,0.21239558678037845,0.0433640989676606,0.17699632231698204
364,106189.0,73484.0,28829.0,1426.0,26642.0,41218.0,31617.737037756935,2013,0.2714876305455367,0.013428886231153885,0.2508922769778414
365,363194.0,284512.0,50457.0,12335.0,57014.0,136857.0,47990.47744440626,2013,0.13892575317874195,0.033962565460883165,0.15697946551980485
366,286255.0,142594.0,127628.0,6906.0,60009.0,109240.0,43232.072299523985,2013,0.4458542208869714,0.02412534278877225,0.2096347662049571
367,115479.0,41322.0,71900.0,991.0,34811.0,42919.0,29480.475613450468,2013,0.622624026879346,0.00858164687951922,0.30144874825725887
368,252005.0,159570.0,75494.0,7860.0,53847.0,98049.0,40418.74295156881,2013,0.29957342116227853,0.031189857344100316,0.21367433185849488
369,19537.0,8701.0,10525.0,106.0,5052.0,7726.0,32023.962207792207,2013,0.5387214004197164,0.005425602702564365,0.2585862722014639
370,918385.0,713799.0,109871.0,57074.0,112301.0,341582.0,57087.23938615032,2013,0.11963501146033527,0.062146049859263815,0.12228096059931293
371,620968.0,503269.0,57530.0,37810.0,87520.0,229426.0,52366.066234864404,2013,0.09264567578361525,0.06088880586439237,0.1409412401283158
372,434891.0,249927.0,120752.0,39512.0,85033.0,174759.0,49783.051713085384,2013,0.27766037926744863,0.09085494986099965,0.1955271550802385
373,569986.0,513972.0,19688.0,17862.0,93795.0,219096.0,44980.16264628394,2013,0.03454119925752562,0.0313376118009916,0.16455667332180088
374,199460.0,117097.0,62268.0,11748.0,42740.0,82538.0,40424.53144006397,2013,0.3121828938132959,0.058899027373909556,0.21427855209064475
376,410104.0,382197.0,9694.0,8570.0,75902.0,171903.0,38784.53486992135,2013,0.023637906482258157,0.020897138286873573,0.18507988217622848
377,343667.0,321854.0,6290.0,8904.0,62933.0,137478.0,40556.82938574796,2013,0.01830260106440246,0.02590880125237512,0.18312203382925915
378,525817.0,480541.0,12135.0,20867.0,92434.0,206480.0,40658.93606943247,2013,0.023078371372549766,0.0396849093886276,0.175791197317698
379,396419.0,326516.0,39118.0,14735.0,57443.0,166181.0,50521.21339382962,2013,0.09867841854199723,0.0371702668136492,0.14490475986267057
380,417945.0,284187.0,101663.0,14217.0,52784.0,151182.0,58588.31931816678,2013,0.2432449245714149,0.034016437569536664,0.12629412961035544
381,743916.0,229579.0,443900.0,45521.0,177386.0,275036.0,44832.981816925785,2013,0.5967071551089101,0.06119104845170691,0.23844896466805393
382,115604.0,100542.0,10354.0,2480.0,21335.0,46564.0,36775.40228502706,2013,0.08956437493512336,0.021452544894640324,0.18455243763191584
383,288372.0,220583.0,54653.0,7614.0,56926.0,109140.0,38913.344685724755,2013,0.18952256113631005,0.026403395613998584,0.19740474109830358
384,178051.0,154163.0,14236.0,5484.0,31923.0,69098.0,39582.7208746997,2013,0.07995461974378128,0.03080016399795564,0.17929132664236652
385,232349.0,218171.0,3011.0,6701.0,50347.0,93200.0,35414.94144284319,2013,0.012958953987320797,0.028840236024256612,0.21668696658905354
386,409622.0,251417.0,132575.0,14083.0,77357.0,144995.0,46038.1102925453,2013,0.323652049938724,0.03438047761106581,0.18884971998574296
387,117146.0,33257.0,80928.0,1698.0,39828.0,40061.0,28395.05287149047,2013,0.6908302460177898,0.014494733068137197,0.3399860003755997
388,262424.0,202328.0,48514.0,7347.0,48753.0,99039.0,37532.25400094912,2013,0.1848687620034753,0.027996677133189037,0.18577950187482853
389,112591.0,53024.0,55297.0,2857.0,30972.0,40300.0,30553.710805979044,2013,0.4911316179801227,0.025375029975752948,0.2750841541508646
390,282396.0,148530.0,119306.0,7729.0,58227.0,100110.0,46497.17572402215,2013,0.42247765549087096,0.02736936783807136,0.20618918114987464
391,286888.0,154170.0,119688.0,7495.0,59072.0,104892.0,45427.80391259581,2013,0.41719416636457435,0.026125177769721983,0.20590613758679346
392,232285.0,68242.0,155717.0,4848.0,57854.0,83679.0,37994.42408489585,2013,0.6703704500936349,0.020870912887186,0.24906472652129927
393,210408.0,113325.0,85696.0,3330.0,51690.0,79051.0,34795.04460975949,2013,0.40728489411049007,0.015826394433671724,0.2456655640469944
394,373891.0,259321.0,97357.0,10242.0,82652.0,137170.0,39671.11323904644,2013,0.26038872291657195,0.027393010262349186,0.2210590787154545
395,387699.0,271235.0,79659.0,18347.0,69394.0,144298.0,46003.809664721615,2013,0.2054660961209598,0.04732279422954405,0.1789893706199913
396,131698.0,72226.0,57124.0,1262.0,32311.0,49212.0,34685.491169169414,2013,0.433749943051527,0.009582529727102917,0.2453416149068323
397,169729.0,93385.0,70830.0,2195.0,45211.0,65200.0,33952.981862820314,2013,0.4173123037312422,0.012932380441763047,0.2663716866298629
398,108352.0,53515.0,48084.0,4991.0,30616.0,40306.0,30064.39999007592,2013,0.4437758417011223,0.046062832250443,0.2825605434140579
400,249624.0,222493.0,12087.0,9374.0,28916.0,90351.0,60785.33005689491,2013,0.048420824920680706,0.037552478928308174,0.1158382206839086
401,146813.0,124604.0,10158.0,6124.0,22080.0,52975.0,48450.7443116373,2013,0.06919005810112183,0.0417129273293237,0.15039540095223175
402,741069.0,520881.0,152324.0,32631.0,121901.0,303326.0,49643.73879917976,2013,0.20554631215176994,0.0440323370698275,0.1644934547255384
403,331904.0,304288.0,11387.0,9844.0,58938.0,127211.0,45755.27293246092,2013,0.034308113189355956,0.029659178557655225,0.17757544350173543
404,184905.0,170151.0,6439.0,3635.0,40409.0,71126.0,38655.063952260985,2013,0.03482328763419053,0.01965874367918661,0.21853924988507611
405,301651.0,219896.0,42753.0,20590.0,54500.0,123597.0,51949.31974886122,2013,0.14173001249788664,0.06825768852084031,0.18067236641018924
406,50421.0,41848.0,5127.0,1398.0,8054.0,21443.0,46063.0,2013,0.10168382221693342,0.027726542512048553,0.15973503103865452
407,105818.0,102082.0,662.0,1151.0,24957.0,40611.0,32923.59163773362,2013,0.0062560244948874485,0.010877166455612467,0.2358483433820333
408,35991.0,34439.0,773.0,294.0,10575.0,13796.0,28010.75570909091,2013,0.021477591620127252,0.008168708843877636,0.29382345586396597
409,70035.0,66101.0,1970.0,850.0,24112.0,25773.0,24320.688967363887,2013,0.028128792746483902,0.012136788748482901,0.34428500035696435
410,496110.0,452970.0,15474.0,13050.0,68619.0,185987.0,54455.78831064766,2013,0.031190663360948178,0.02630465017838786,0.13831408357017597
411,137971.0,132203.0,1981.0,1481.0,27816.0,52946.0,38933.06077379378,2013,0.014358089743496822,0.010734139782997877,0.20160758420247732
412,49194.0,47413.0,695.0,429.0,13022.0,18393.0,32002.31604414723,2013,0.014127739155181526,0.00872057567996097,0.26470707809895516
413,34396.0,33552.0,258.0,161.0,11673.0,13112.0,23381.643194995424,2013,0.0075008721944412144,0.004680776834515642,0.33937085707640424
414,25147.0,24304.0,457.0,173.0,6655.0,9005.0,29541.556246529704,2013,0.018173141925478187,0.006879548256253231,0.2646438939038454
415,67690.0,65941.0,403.0,508.0,15711.0,27607.0,33603.52531989705,2013,0.005953612054956419,0.007504801300044319,0.23210223075786673
416,40093.0,39081.0,370.0,250.0,11579.0,15621.0,30353.119390563985,2013,0.009228543636046192,0.006235502456787968,0.2888035317885915
417,40002.0,38723.0,370.0,227.0,9278.0,15373.0,34234.52130570758,2013,0.009249537523123843,0.00567471626418679,0.231938403079846
418,30520.0,29963.0,220.0,209.0,7217.0,11554.0,32114.728973581638,2013,0.007208387942332897,0.006847968545216252,0.23646788990825687
420,222542.0,198466.0,12707.0,5484.0,36252.0,88715.0,41177.22621235526,2013,0.05709933405829012,0.024642539385823798,0.1628995874935967
421,218190.0,188364.0,14800.0,7731.0,41554.0,84335.0,42176.84063045207,2013,0.06783078967872039,0.03543242128420184,0.19044869150740182
422,156176.0,122618.0,20180.0,7772.0,29820.0,57791.0,39434.86286792061,2013,0.1292131953693269,0.04976436840487655,0.19093842843970904
423,171012.0,156899.0,6626.0,3998.0,28120.0,65440.0,43954.69090770171,2013,0.03874581900685332,0.02337847636423175,0.1644329052931958
424,136100.0,120243.0,9633.0,2815.0,25470.0,53802.0,41537.78300063195,2013,0.07077883908890521,0.02068332108743571,0.18714180749448936
425,79072.0,75261.0,748.0,1746.0,18191.0,32185.0,33923.98278701258,2013,0.009459732901659247,0.022081141238365035,0.23005615135572643
426,65342.0,60979.0,1539.0,1744.0,16755.0,25039.0,27202.764126780854,2013,0.02355299807168437,0.02669033699611276,0.2564200667258425
427,180009.0,163199.0,7906.0,3717.0,34958.0,69462.0,38870.06664075322,2013,0.04392002622091118,0.02064896755162242,0.19420140104105907
430,798285.0,683176.0,44880.0,18987.0,68942.0,299555.0,70689.55706777613,2013,0.05622052274563596,0.023784738533230612,0.08636263990930558
431,414305.0,366825.0,24811.0,8720.0,49926.0,152045.0,55419.675214574636,2013,0.0598858329008822,0.02104729607414827,0.12050542474746866
432,765950.0,466158.0,205714.0,42515.0,173478.0,310006.0,44573.52776397876,2013,0.26857366668842614,0.05550623408838697,0.22648736862719498
433,182563.0,170324.0,4464.0,3296.0,27862.0,69809.0,45307.13440960334,2013,0.024451833065845762,0.018054041618509774,0.15261580933705077
434,165383.0,147002.0,4122.0,10605.0,24421.0,64973.0,47891.984063192904,2013,0.02492396437360551,0.06412388214024416,0.1476633027578409
435,294550.0,264258.0,6026.0,15634.0,30871.0,114492.0,57596.436283757816,2013,0.020458326260397217,0.0530775759633339,0.10480733322016636
436,343035.0,225291.0,78199.0,24549.0,81667.0,141460.0,37948.245546444225,2013,0.22796216129549463,0.07156412610958066,0.23807191685979565
437,192887.0,180917.0,5030.0,1542.0,35429.0,75253.0,39368.989295924475,2013,0.026077444306770284,0.00799431791670771,0.18367748992933686
438,65203.0,62585.0,899.0,416.0,10623.0,24620.0,42502.807229894395,2013,0.013787709154486757,0.0063800745364477095,0.16292195144395197
439,179325.0,166196.0,7469.0,1640.0,29667.0,73553.0,39584.93083730429,2013,0.04165063432315628,0.009145406385055068,0.1654370556252614
440,852102.0,738145.0,45290.0,41737.0,97605.0,335019.0,56775.00927410087,2013,0.053150913857730644,0.04898122525237589,0.11454614588394348
441,1206581.0,718829.0,369945.0,60769.0,223642.0,507709.0,46248.04328660709,2013,0.3066060214772154,0.05036462533389802,0.18535183298924812
442,565138.0,525075.0,14058.0,8586.0,60231.0,216778.0,60044.011648452026,2013,0.024875340182397926,0.01519274938156698,0.1065775085023481
443,271099.0,185565.0,64489.0,5117.0,58693.0,113067.0,41961.68015424483,2013,0.23787988889667613,0.018875023515394745,0.21650024529784323
444,344449.0,311508.0,19408.0,6587.0,52720.0,139637.0,45430.97670503793,2013,0.0563450612427384,0.019123295466092222,0.15305604022656474
445,162580.0,113883.0,34961.0,8829.0,31800.0,68420.0,39210.74596609179,2013,0.21503875015377044,0.05430557264116127,0.1955960142698979
446,453112.0,427954.0,9379.0,6761.0,57660.0,171087.0,47586.32664967498,2013,0.02069907660799096,0.014921255671886862,0.12725330602588322
447,193364.0,159645.0,20621.0,3800.0,32947.0,78904.0,45438.654770353845,2013,0.10664342897333526,0.019652055191245528,0.1703884901015701
448,334907.0,308069.0,8970.0,10525.0,46870.0,131615.0,45987.684664619315,2013,0.026783554837611634,0.03142663485684086,0.13994929935773215
449,92590.0,76524.0,10582.0,1571.0,15050.0,36438.0,40781.73582523739,2013,0.11428880008640242,0.016967275083702344,0.16254455124743492
450,588229.0,507012.0,33090.0,18244.0,63195.0,212311.0,63016.38481248764,2013,0.05625360191354047,0.031015131861910922,0.10743264952934996
451,337928.0,319583.0,4806.0,4939.0,41674.0,125830.0,55271.60796312485,2013,0.014221964442129684,0.014615539404843635,0.12332212779053527
452,795722.0,531812.0,205447.0,22670.0,140271.0,326421.0,50819.6371985871,2013,0.25818941791228595,0.028489849470041045,0.1762814148659959
453,494079.0,450219.0,18922.0,7513.0,63415.0,194645.0,50210.73069947854,2013,0.038297519222634434,0.01520607028430676,0.12834991974967566
454,482583.0,339271.0,107289.0,13426.0,83670.0,199334.0,47398.55056337604,2013,0.2223223777049751,0.02782112092634842,0.17337950155724507
455,100670.0,83061.0,11746.0,2305.0,20623.0,40638.0,42759.58925143954,2013,0.11667825568689778,0.02289659282805205,0.20485745505115724
456,348419.0,327404.0,7866.0,3266.0,70403.0,131485.0,39742.7910488638,2013,0.022576265932684497,0.009373771235208184,0.202064181344875
457,155746.0,146062.0,2329.0,1785.0,32758.0,58886.0,38318.035940552014,2013,0.014953835090467812,0.01146096849999358,0.210329639284476
458,368806.0,334186.0,14322.0,11060.0,47740.0,143665.0,49131.41163240864,2013,0.038833424618905335,0.02998866612799141,0.12944474872968445
460,523133.0,454305.0,19961.0,21018.0,46939.0,194451.0,69785.7571080297,2013,0.03815664467735738,0.04017716335998685,0.08972670429890678
461,529191.0,489212.0,11954.0,13632.0,48564.0,194174.0,59050.91697617515,2013,0.02258919747312407,0.025760075284727065,0.09177026820184017
462,920374.0,544475.0,243333.0,86066.0,181579.0,363219.0,45292.632849603135,2013,0.26438491308967876,0.09351198534508798,0.19728827628768306
463,663239.0,493776.0,55722.0,94751.0,83026.0,244341.0,57006.26461379793,2013,0.08401496293191443,0.1428610199339906,0.12518262647401615
464,135003.0,34884.0,84425.0,12239.0,40346.0,51655.0,34822.970728874265,2013,0.6253564735598468,0.09065724465382251,0.2988526180899684
465,475790.0,399479.0,17013.0,43943.0,68015.0,172725.0,48670.59393834129,2013,0.03575737194980979,0.09235797305533953,0.14295172239853718
466,146862.0,96774.0,28915.0,15065.0,30830.0,57626.0,41468.66086488738,2013,0.19688551156868353,0.10257929212457954,0.20992496357124374
467,329818.0,309411.0,1463.0,12567.0,39411.0,123556.0,49700.234420020075,2013,0.004435779733064902,0.038102832471241715,0.11949317502380101
468,306254.0,222802.0,41721.0,22538.0,49540.0,119638.0,50423.75043046524,2013,0.13623005740333188,0.073592508179485,0.1617611525073958
469,311018.0,275817.0,13376.0,13521.0,49174.0,121968.0,43008.03631280336,2013,0.043007157142030364,0.04347336810088162,0.15810660476242533
470,118121.0,114483.0,566.0,1465.0,13085.0,44379.0,53055.912638860726,2013,0.004791696650045293,0.01240253638218437,0.11077623792551705
471,292004.0,263801.0,11459.0,9008.0,39604.0,111164.0,49878.319051131664,2013,0.03924261311488884,0.030848892480924917,0.13562827906467034
472,209299.0,190522.0,2771.0,8979.0,27068.0,80442.0,49215.284615002114,2013,0.013239432582095471,0.042900348305534186,0.12932694375032847
473,322594.0,294222.0,9937.0,6620.0,61432.0,127341.0,39385.00082455768,2013,0.03080342473821584,0.02052115042437243,0.19043131614351166
474,263623.0,239418.0,4982.0,5673.0,49883.0,103022.0,41441.85401204585,2013,0.018898199322517382,0.021519366671345064,0.18922097085610892
475,163742.0,154090.0,2204.0,5234.0,18084.0,61857.0,48040.658130850185,2013,0.013460199582269667,0.03196492042359322,0.11044203686286963
476,127491.0,120976.0,1613.0,1738.0,12961.0,48847.0,57582.91444715131,2013,0.012651873465577963,0.0136323348314783,0.10166207810747425
477,183612.0,156533.0,16427.0,4083.0,27992.0,75092.0,45575.91666222767,2013,0.08946583012003573,0.022237108685706816,0.15245190946125525
478,186794.0,168727.0,8600.0,3543.0,31534.0,68808.0,43330.922470242425,2013,0.04604002269880189,0.01896741865370408,0.16881698555628125
479,306557.0,262567.0,7987.0,19035.0,50727.0,117488.0,46096.116369331336,2013,0.02605388231226167,0.062092857119556887,0.16547330512759453
480,1137373.0,906705.0,136365.0,26629.0,138972.0,460620.0,57159.943161391166,2013,0.11989470472747286,0.023412723882138928,0.12218682877121226
481,1548735.0,1233675.0,144232.0,62719.0,206171.0,592735.0,58516.9196824888,2013,0.09312890843172009,0.04049692168124308,0.13312219327386546
482,917493.0,182173.0,641396.0,56583.0,315366.0,336977.0,32995.27109268585,2013,0.6990745433480147,0.06167131520349474,0.3437257831939862
483,976108.0,771340.0,87230.0,37949.0,99634.0,380331.0,69666.86895362198,2013,0.0893651112376909,0.038877870071754354,0.10207272146114979
484,458341.0,415431.0,15834.0,14105.0,55581.0,174284.0,53944.15193788663,2013,0.034546331225004966,0.030774030688941204,0.12126560792074023
485,187250.0,100499.0,71186.0,6716.0,59255.0,75165.0,31720.8996075301,2013,0.3801655540720961,0.03586648865153538,0.31644859813084114
486,403163.0,333782.0,37645.0,18822.0,74027.0,163310.0,43076.20406588697,2013,0.09337414395666269,0.04668583178515886,0.1836155599596193
487,210270.0,194856.0,2384.0,7847.0,33803.0,86724.0,41969.2270976521,2013,0.011337803776097399,0.03731868549959576,0.16075997526989108
488,626511.0,558147.0,16243.0,22465.0,95239.0,229023.0,51904.19784730258,2013,0.025926121009846596,0.03585731136404628,0.15201488880482544
489,162142.0,97911.0,29822.0,18284.0,37644.0,69618.0,41181.690654715734,2013,0.18392520136670326,0.11276535382565898,0.2321668660803493
490,744244.0,610036.0,66017.0,36238.0,130470.0,287679.0,45766.33877230366,2013,0.08870343596992385,0.048691020686764015,0.1753054105911502
491,109383.0,92814.0,5941.0,5324.0,14981.0,41365.0,47888.31548410492,2013,0.05431374162346982,0.048673011345455874,0.13695912527540843
492,351125.0,308331.0,18451.0,14864.0,55100.0,132008.0,46465.00029546126,2013,0.05254823780704877,0.04233250266998932,0.1569241723033108
493,328416.0,301509.0,5193.0,11295.0,37690.0,117598.0,59994.243525959944,2013,0.015812262496346097,0.03439235603624671,0.11476298353308
494,560937.0,465508.0,27971.0,44383.0,81058.0,206881.0,49597.586344410876,2013,0.04986477982375918,0.07912296746336933,0.1445046413411845
495,406789.0,277022.0,53617.0,51486.0,76849.0,157431.0,47089.86280338688,2013,0.13180543230028344,0.12656684423620107,0.1889161211340523
496,268213.0,251097.0,2788.0,5716.0,39669.0,107676.0,46200.41753923053,2013,0.010394723596544538,0.02131142040094999,0.14790110844739068
497,226720.0,203446.0,2817.0,2958.0,33130.0,94838.0,42732.14771505093,2013,0.012425017642907552,0.013046930134086098,0.1461273817925194
498,181421.0,167916.0,2691.0,2236.0,26821.0,75340.0,42670.206172020175,2013,0.014832902475457637,0.012324923796032432,0.14783845310079868
499,81418.0,74340.0,2422.0,974.0,14519.0,33656.0,35669.96395887806,2013,0.0297477216340367,0.011962956594364882,0.1783266599523447
500,227519.0,208573.0,2973.0,4971.0,28363.0,89556.0,55815.77587323566,2013,0.01306704055485476,0.02184872472189136,0.1246621161309605
501,177785.0,160445.0,1751.0,10643.0,17186.0,68993.0,57965.8101691476,2013,0.009848974885395281,0.05986444300700284,0.0966673228900076
502,219209.0,197456.0,3214.0,10327.0,17912.0,85955.0,64145.479146064805,2013,0.014661806768882665,0.047110292004434125,0.08171197350473748
503,286906.0,215433.0,23310.0,28673.0,41545.0,114013.0,55110.97640619929,2013,0.08124612242337212,0.09993865586638133,0.14480352449931336
504,104103.0,97240.0,664.0,4204.0,11466.0,45265.0,47635.23720313708,2013,0.006378298415991854,0.04038308213980385,0.11014091812916055
505,123772.0,109354.0,2199.0,8421.0,15161.0,51215.0,44960.86611344333,2013,0.017766538473968266,0.06803638949035323,0.12249135507222958
506,172290.0,164014.0,2034.0,3027.0,18553.0,67411.0,53109.6878022728,2013,0.01180567647570956,0.017569214696151837,0.10768471762725637
507,77980.0,60181.0,10832.0,4053.0,13841.0,32745.0,42058.57068254695,2013,0.1389074121569633,0.051974865350089765,0.17749422928956143
508,33571.0,32219.0,229.0,786.0,4501.0,14388.0,44687.27800945232,2013,0.006821363676983111,0.023413064847636354,0.13407405200917458
510,87758.0,82395.0,290.0,3332.0,7561.0,35130.0,54001.97019641332,2013,0.003304542036053693,0.03796804849700312,0.08615738736069646
511,85739.0,62998.0,2512.0,14230.0,13667.0,32299.0,45364.70413944704,2013,0.02929821901351777,0.1659688123257794,0.15940237231598223
512,44705.0,41437.0,136.0,2573.0,3724.0,16698.0,55036.38381842137,2013,0.0030421653058941953,0.057555083324012976,0.08330164411139694
513,47138.0,44330.0,216.0,1851.0,4344.0,20735.0,50735.85049433325,2013,0.004582290296576011,0.03926768212482498,0.09215494929780645
514,48046.0,42320.0,363.0,4940.0,5799.0,19450.0,47150.48740359897,2013,0.007555259542938017,0.10281813262290306,0.12069683220247263
515,148308.0,136248.0,1244.0,7420.0,18051.0,58666.0,52794.05580745236,2013,0.0083879494025946,0.05003101653316072,0.12171292175742374
516,23968.0,22416.0,311.0,646.0,2860.0,9740.0,45446.99250513347,2013,0.012975634178905206,0.02695260347129506,0.11932576769025367
520,142228.0,134009.0,1381.0,2474.0,14497.0,57229.0,52286.057034021214,2013,0.009709761790927243,0.017394605844137583,0.1019278904294513
521,59167.0,56037.0,446.0,1602.0,6292.0,23785.0,49261.22690771495,2013,0.007537985701489005,0.027075903797725082,0.10634306285598391
522,170998.0,147896.0,6379.0,6509.0,25852.0,68438.0,51847.78567462521,2013,0.03730452987754243,0.038064772687399856,0.15118305477257044
523,156094.0,144319.0,1805.0,4575.0,12386.0,61715.0,63995.11306870674,2013,0.011563545043371301,0.02930926236754776,0.079349622663267
524,135283.0,116256.0,7714.0,4795.0,15074.0,55756.0,55405.58562307196,2013,0.05702120739486854,0.03544421693782663,0.11142567802310711
525,111608.0,102093.0,1170.0,4616.0,17936.0,45661.0,43422.93425461554,2013,0.010483119489642319,0.04135904236255466,0.16070532578309799
526,106092.0,95921.0,3759.0,3367.0,15390.0,42637.0,44275.50833782864,2013,0.03543151227236738,0.03173660596463447,0.14506277570410586
527,169307.0,149753.0,3246.0,11743.0,17459.0,67410.0,57711.126672600505,2013,0.019172272853455557,0.06935921137342224,0.10312036714370935
528,103585.0,79390.0,11307.0,7960.0,18042.0,41911.0,45634.54787525948,2013,0.10915673118694792,0.0768451030554617,0.1741757976541005
530,636669.0,585392.0,7154.0,20813.0,41719.0,250671.0,68070.69397867222,2013,0.0112366080333737,0.03269045610827604,0.0655269849796362
531,685746.0,582704.0,19937.0,56359.0,66398.0,264096.0,63056.59895644008,2013,0.029073447019742002,0.08218640721199978,0.09682593846701257
532,819643.0,403292.0,244785.0,118743.0,189144.0,327446.0,43111.11140768249,2013,0.29864831396107816,0.14487160873697452,0.2307638813483431
534,126407.0,81894.0,18826.0,20334.0,20610.0,49911.0,49224.29302157841,2013,0.14893162562199877,0.16086134470401164,0.16304476809037474
535,545876.0,490590.0,10535.0,24707.0,50939.0,215984.0,60952.07557967257,2013,0.01929925477580989,0.04526119485011248,0.09331606445419839
537,277508.0,206390.0,20273.0,23543.0,49999.0,120815.0,53361.73701115931,2013,0.07305374980180751,0.08483719388269888,0.18017138244663217
538,59347.0,56780.0,897.0,762.0,8643.0,22652.0,46991.81295249867,2013,0.015114496099213103,0.012839739161204441,0.14563499418673226
539,198720.0,182299.0,4324.0,7681.0,21466.0,78085.0,50201.56046615868,2013,0.02175925925925926,0.038652375201288246,0.10802133655394525
540,147117.0,139956.0,980.0,2670.0,12891.0,55985.0,64738.30170981401,2013,0.006661364764099322,0.018148820326678767,0.08762413589184119
541,250875.0,229011.0,1032.0,5552.0,22824.0,100301.0,54053.39164116011,2013,0.004113602391629298,0.022130543099152966,0.09097757847533633
542,128142.0,119635.0,627.0,3690.0,12562.0,54885.0,50938.566457137655,2013,0.004893009317788079,0.028796179238657113,0.09803187089322783
543,180783.0,145163.0,4893.0,16718.0,23586.0,72767.0,51243.53825222972,2013,0.02706559798211115,0.0924755093122694,0.13046580707256766
544,389352.0,359918.0,1979.0,9238.0,46173.0,159387.0,49651.71040925546,2013,0.005082804249111344,0.023726602149212024,0.11858934845589596
545,89130.0,81931.0,454.0,1039.0,12077.0,40957.0,42396.05308005957,2013,0.005093683383821384,0.011657130034780657,0.13549870974980366
546,247187.0,227635.0,3092.0,6065.0,33271.0,98256.0,49341.1534202518,2013,0.012508748437417826,0.02453607997184318,0.13459850234842446
547,262547.0,245403.0,2027.0,4807.0,35652.0,103149.0,48385.1076500984,2013,0.007720522420747523,0.018309102751126464,0.13579282947434174
548,179258.0,162362.0,1465.0,2911.0,26592.0,79068.0,42712.651197207146,2013,0.00817257807182943,0.016239163663546396,0.1483448437447701
549,482586.0,435738.0,6165.0,20234.0,49186.0,193931.0,53648.3244452924,2013,0.012774925091071851,0.04192827806857223,0.1019217300128889
550,667958.0,596461.0,14083.0,26895.0,50873.0,244282.0,70495.32389413138,2013,0.021083660948742287,0.0402645076486845,0.07616197425586639
551,763598.0,538000.0,68530.0,50492.0,99865.0,300797.0,63768.13164692467,2013,0.08974617534357084,0.06612379812414386,0.1307821654849803
553,964029.0,846715.0,26931.0,35895.0,61082.0,359457.0,78842.80333391755,2013,0.027935881596922913,0.03723435705772337,0.06336116444629777
554,1037631.0,708931.0,135165.0,77792.0,145562.0,427557.0,61270.98911429059,2013,0.1302630703978582,0.0749707747744622,0.14028301004885166
556,15884.0,14759.0,50.0,147.0,1845.0,7500.0,48634.568666666666,2013,0.003147821707378494,0.009254595819692773,0.11615462100226644
557,169239.0,157188.0,1138.0,1912.0,22014.0,73364.0,46291.852229976554,2013,0.006724218413013549,0.011297632342426983,0.130076400829596
558,116986.0,106389.0,2510.0,1670.0,19834.0,47272.0,50576.24333474397,2013,0.021455558784811857,0.014275212418580001,0.16954165455695552
559,329294.0,289948.0,9078.0,14205.0,33895.0,128978.0,58627.46656018856,2013,0.02756806987069306,0.04313774317175533,0.10293233402369918
560,261130.0,237934.0,3510.0,13206.0,30329.0,103549.0,52283.48684197819,2013,0.01344158082181289,0.05057251177574388,0.11614521502699805
561,91145.0,78282.0,1097.0,7299.0,11394.0,37184.0,48129.02062715146,2013,0.012035767184157112,0.08008118931373087,0.12500960008777223
562,143806.0,128178.0,2020.0,9141.0,17231.0,59037.0,50260.33104663177,2013,0.014046701806600559,0.0635648025812553,0.11982114793541299
563,309385.0,284094.0,7338.0,7612.0,40160.0,121084.0,51785.34151498134,2013,0.02371802123567723,0.024603649174976164,0.12980590526366825
564,144655.0,137535.0,761.0,1826.0,19839.0,62254.0,45754.460532656536,2013,0.005260792921088106,0.012623137810652933,0.13714700494279491
565,172141.0,154701.0,1686.0,5166.0,21053.0,69512.0,49707.08802497734,2013,0.009794296535979225,0.030010282268605387,0.1223009044910858
566,91046.0,72804.0,585.0,1440.0,16300.0,36845.0,42920.14677703895,2013,0.006425323462864925,0.01581618083166751,0.1790303802473475
567,69685.0,64083.0,644.0,2446.0,7100.0,28557.0,50749.568861646236,2013,0.009241587142139629,0.035100810791418524,0.10188706321303007
570,176277.0,164010.0,1732.0,3414.0,19211.0,66299.0,54352.45186649365,2013,0.009825445180029159,0.019367245868717985,0.108981886462783
571,164455.0,139182.0,6753.0,7586.0,17234.0,65231.0,55587.52435191857,2013,0.041062904745979144,0.046128120154449545,0.10479462466936244
572,72262.0,64105.0,217.0,1589.0,9088.0,29225.0,48183.62159110351,2013,0.0030029614458498242,0.021989427361545487,0.12576457889347098
573,82542.0,71200.0,288.0,2562.0,12405.0,33303.0,45590.32243341441,2013,0.003489132805117395,0.031038743912190157,0.15028712655375445
574,60263.0,56276.0,366.0,1036.0,6275.0,25017.0,49507.9949969982,2013,0.006073378358196571,0.017191311418283194,0.10412691037618439
575,52886.0,34371.0,188.0,1020.0,10991.0,20348.0,47462.79889915471,2013,0.003554816019362402,0.0192867677646258,0.2078243769617668
576,21209.0,11070.0,41.0,531.0,5651.0,7690.0,37709.6466840052,2013,0.0019331415908340798,0.025036541091046253,0.26644349097081427
577,195102.0,153365.0,1694.0,6833.0,31234.0,75882.0,48394.85492398771,2013,0.008682637799715022,0.03502270607169583,0.16009061926581994
580,81301.0,76284.0,1176.0,1164.0,6140.0,33142.0,61177.02239864763,2013,0.014464766731036518,0.014317167070515738,0.0755218262997995
581,110856.0,98487.0,2822.0,2918.0,16987.0,48819.0,47442.357791023984,2013,0.025456448004618604,0.02632243631377643,0.15323482716316664
582,97249.0,86673.0,1626.0,3558.0,12782.0,40665.0,47749.48565735092,2013,0.016719966272146756,0.036586494462668,0.13143579882569487
583,50134.0,32455.0,174.0,577.0,10550.0,20037.0,42905.4111972007,2013,0.0034706985279451073,0.0115091554633582,0.21043603143575218
584,47290.0,45110.0,226.0,779.0,4856.0,20697.0,49457.69526984587,2013,0.004779023049270459,0.016472827236202157,0.10268555720025375
585,138118.0,124386.0,647.0,1942.0,12965.0,57086.0,60732.168062221914,2013,0.004684400295399586,0.014060441072126732,0.09386901055619108
586,42833.0,39804.0,246.0,1134.0,3588.0,17659.0,59266.78226400136,2013,0.005743235355917167,0.02647491420166694,0.08376718884971868
587,90605.0,77365.0,1802.0,3078.0,8984.0,36314.0,56820.82384204439,2013,0.019888527123227195,0.033971635119474645,0.0991556757353347
588,30578.0,27602.0,182.0,904.0,2506.0,12536.0,75472.39302807914,2013,0.00595199162796782,0.029563738635620382,0.08195434626201845
590,84128.0,68356.0,142.0,2404.0,11301.0,32000.0,47629.0815,2013,0.0016879041460631419,0.028575503993914037,0.13433101939901104
591,130769.0,113694.0,737.0,6673.0,16671.0,53305.0,51882.31719350905,2013,0.005635892298633468,0.05102891358043573,0.12748434261942815
592,36953.0,27856.0,49.0,799.0,6098.0,14643.0,48944.8240778829,2013,0.0013260087137715476,0.021622060455172787,0.16502043135875302
593,35047.0,32667.0,66.0,809.0,4180.0,14545.0,47566.466437414034,2013,0.0018831854366992895,0.02308328815590493,0.119268410990955
594,130371.0,107621.0,1051.0,3789.0,21207.0,51795.0,44406.969742025176,2013,0.008061608793366624,0.029063211910624297,0.16266654393998664
595,31238.0,21264.0,67.0,644.0,6747.0,11550.0,41852.56372294372,2013,0.0021448236122671104,0.020615916511940585,0.21598693898457008
596,78292.0,72405.0,331.0,1915.0,7755.0,32066.0,57203.80802095678,2013,0.004227762734378991,0.024459714913401112,0.09905226587646247
597,162468.0,150602.0,613.0,5021.0,23569.0,67428.0,47291.469878982025,2013,0.0037730506930595564,0.030904547357017996,0.14506856734864712
598,194441.0,171366.0,643.0,5541.0,34180.0,80671.0,42707.607993850885,2013,0.0033069157225070842,0.028497076233921857,0.17578597106577318
599,115441.0,107856.0,242.0,2895.0,16856.0,47756.0,44181.9654703074,2013,0.00209630893703277,0.025077745341776318,0.1460139811678693
600,1641891.0,1143402.0,62630.0,263459.0,132280.0,587927.0,80987.77215538664,2013,0.03814504129689486,0.1604607126782472,0.08056564047187055
601,1431857.0,897892.0,100295.0,298416.0,130281.0,499793.0,72257.09757732433,2013,0.07004540257860946,0.2084118735320636,0.09098743799136366
602,79686.0,48623.0,13847.0,7581.0,9112.0,30646.0,69345.11707890099,2013,0.17376954546595386,0.09513590844062947,0.11434881911502648
603,63085.0,42724.0,11456.0,3707.0,5075.0,25424.0,83995.84172435493,2013,0.18159625901561385,0.05876198779424586,0.08044701593088689
604,1450332.0,830487.0,322198.0,239531.0,167792.0,506308.0,63456.49950227924,2013,0.22215465148669408,0.1651559780795018,0.11569213118099855
605,1021111.0,687046.0,56511.0,183628.0,76801.0,355170.0,82433.19318917701,2013,0.05534266108190001,0.17983157560735316,0.0752131746695511
606,2690705.0,867642.0,855903.0,771165.0,596245.0,1023125.0,50870.35446792914,2013,0.3180961866871322,0.28660332515084336,0.22159434051670474
607,108718.0,73434.0,3714.0,18156.0,10168.0,40402.0,55835.365798722836,2013,0.03416177633878475,0.16700086462223368,0.0935263709781269
608,155437.0,36506.0,35928.0,81106.0,29848.0,47112.0,46221.78650874512,2013,0.2311418774165739,0.5217933953949189,0.19202635151218822
609,167860.0,133526.0,17014.0,13232.0,25032.0,63253.0,50063.94341770351,2013,0.10135827475277016,0.0788275944239247,0.14912427022518765
610,310890.0,267924.0,8702.0,27026.0,34071.0,119589.0,54041.97072473221,2013,0.027990607610408825,0.08693106886680177,0.10959181704139728
611,234952.0,157116.0,34605.0,31346.0,46770.0,91601.0,44454.77977314658,2013,0.147285402975927,0.13341448466069666,0.199061936055024
612,213528.0,172937.0,13830.0,19314.0,24749.0,86954.0,51534.1872139292,2013,0.06476902326626953,0.09045183769810049,0.1159051740286988
613,150114.0,133047.0,1768.0,12319.0,18630.0,60353.0,50381.78362068965,2013,0.011777715602808532,0.08206429780033841,0.12410567968344058
614,147296.0,129645.0,7070.0,6981.0,22322.0,59842.0,41351.90894355135,2013,0.047998587877471216,0.04739436237236585,0.15154518792092114
615,207007.0,194814.0,2519.0,4312.0,17871.0,80477.0,60237.41804419697,2013,0.012168670624664866,0.020830213471042042,0.08633041394735444
616,173455.0,123190.0,32786.0,7032.0,32251.0,72043.0,48545.13119420185,2013,0.18901732437808078,0.040540774264218385,0.18593295090945777
617,236334.0,200100.0,14050.0,9659.0,29210.0,89361.0,61297.82154407404,2013,0.059449761777822914,0.04087012448483925,0.12359626630108236
618,293008.0,217131.0,35551.0,13917.0,56772.0,114463.0,47224.68947170702,2013,0.12133115819363294,0.047496996669032926,0.1937558018893682
619,109226.0,102190.0,2173.0,2772.0,18166.0,43102.0,41879.83430003248,2013,0.019894530606265906,0.025378572867266035,0.16631571237617418
620,308049.0,272806.0,21069.0,6271.0,42585.0,122678.0,51371.96910620811,2013,0.06839496313898114,0.020357150972734855,0.13824099412755764
622,464678.0,346631.0,88549.0,15178.0,64225.0,176470.0,55348.02770174156,2013,0.1905599146075347,0.03266347879606954,0.13821398904187415
623,111713.0,104148.0,3712.0,1633.0,15539.0,44793.0,44772.00674212488,2013,0.03322800390285822,0.014617815294549426,0.13909750879485824
624,149559.0,138944.0,4690.0,2805.0,17340.0,57028.0,47839.154485515886,2013,0.03135886172012383,0.01875514011192907,0.11594086614647062
625,182682.0,155652.0,18198.0,3053.0,27311.0,74650.0,49276.06427327528,2013,0.09961572568725983,0.016712100809056173,0.1495002244337154
626,165507.0,150155.0,6897.0,5057.0,18505.0,63854.0,53742.826761048644,2013,0.04167195345211985,0.030554598899140216,0.11180795978417832
627,141904.0,108762.0,23660.0,2865.0,23883.0,61462.0,52223.3244118317,2013,0.16673243883188635,0.02018970571654076,0.16830392377945652
628,211569.0,197196.0,6421.0,3291.0,34474.0,85443.0,41285.39629928725,2013,0.030349436826756282,0.015555208938927726,0.16294447674281204
629,226391.0,193124.0,19355.0,5894.0,45025.0,89395.0,38358.764628894234,2013,0.08549368128591685,0.02603460384909294,0.19888158098157613
630,720785.0,601457.0,70504.0,15468.0,66540.0,274584.0,64323.439861604296,2013,0.09781557607330896,0.02145993604195426,0.09231601656527258
631,928247.0,535067.0,317345.0,26610.0,163751.0,392872.0,50793.76678663789,2013,0.3418755999211417,0.028666938864332445,0.17640886531278852
633,486901.0,436846.0,19505.0,13208.0,37445.0,180519.0,66199.3208923803,2013,0.0400594782101495,0.027126664352712358,0.07690475065773124
634,67716.0,63310.0,2272.0,788.0,10186.0,26881.0,41978.549044443615,2013,0.03355189320101601,0.011636836198239707,0.15042235217673813
635,62016.0,57416.0,1139.0,2040.0,11686.0,24523.0,36519.45989479264,2013,0.01836622807017544,0.03289473684210526,0.18843524251805985
636,133264.0,125440.0,3809.0,1552.0,24249.0,50554.0,38215.1636270127,2013,0.02858236282867091,0.011646055949093528,0.18196212030255732
637,127949.0,116476.0,5922.0,2349.0,20213.0,49524.0,44709.746228263284,2013,0.046284066307669465,0.018358877365200196,0.15797700646351281
638,122159.0,97557.0,19098.0,3387.0,26460.0,48176.0,34414.12753851904,2013,0.15633723262305685,0.02772616016830524,0.21660295189056886
639,84909.0,78833.0,2286.0,1274.0,18296.0,33967.0,33935.19986445872,2013,0.026922941030986115,0.01500429871980591,0.21547774676418283
640,608261.0,516965.0,37868.0,29541.0,64602.0,230266.0,59999.05335835321,2013,0.06225616963770487,0.048566322680559826,0.10620769702479692
641,551819.0,325422.0,144325.0,51236.0,95790.0,229083.0,49288.124479951104,2013,0.2615440932624647,0.0928492857259355,0.17358952845045206
644,104439.0,97990.0,2563.0,1545.0,14075.0,39716.0,45282.186977540536,2013,0.024540640948304753,0.01479332433286416,0.13476766342075278
645,87875.0,74858.0,3944.0,5056.0,14524.0,32741.0,44510.09336917015,2013,0.044881934566145094,0.057536273115220485,0.16528022759601707
646,72974.0,69752.0,749.0,982.0,11144.0,28485.0,41210.964367210814,2013,0.010263929618768328,0.013456847644366486,0.15271192479513251
647,116207.0,110317.0,796.0,2309.0,20284.0,47123.0,41844.075419646455,2013,0.006849845534262136,0.019869715249511647,0.17455058645348387
648,196714.0,168242.0,3048.0,13500.0,34668.0,74621.0,40413.97370538228,2013,0.015494575881736939,0.06862755065729943,0.17623555008794495
650,155970.0,148366.0,1507.0,2883.0,23987.0,60699.0,45675.33990245189,2013,0.009662114509200487,0.01848432390844393,0.15379239597358466
651,68863.0,55764.0,8564.0,1882.0,8580.0,26731.0,52756.73266993379,2013,0.12436286539941623,0.02732962548828834,0.1245952107808257
652,265692.0,222892.0,20032.0,7165.0,47409.0,102588.0,46105.17881233672,2013,0.07539557081131536,0.026967315538292458,0.17843593333634433
653,103782.0,90635.0,3321.0,6238.0,18369.0,40434.0,38332.819582529555,2013,0.03199976874602532,0.06010676225164287,0.17699601086893682
654,94746.0,81345.0,3727.0,4479.0,16014.0,31513.0,40296.44341449478,2013,0.03933675300276529,0.047273763536191504,0.16902032803495662
655,123072.0,110311.0,3901.0,3564.0,20409.0,46714.0,41638.21883698026,2013,0.031696892875715026,0.028958658346333852,0.1658297581903276
656,212122.0,197597.0,1043.0,5967.0,38108.0,83387.0,39966.025435619464,2013,0.004916981736924977,0.02813003837414318,0.1796513327236213
657,288959.0,270262.0,1282.0,9205.0,50546.0,110811.0,42555.67368810719,2013,0.004436615575220014,0.031855730397738084,0.1749244702535654
658,221823.0,194890.0,7358.0,7477.0,43583.0,93702.0,40051.85151864421,2013,0.033170590966671624,0.03370705472381133,0.19647646997831605
660,487569.0,405028.0,20179.0,30893.0,52954.0,178822.0,61817.51729963471,2013,0.04138696266579705,0.06336128835098212,0.10860821750357386
661,151021.0,62535.0,38768.0,41337.0,36739.0,54523.0,40856.605487592395,2013,0.2567060210169447,0.273716900298634,0.2432708033982029
662,375724.0,310049.0,15932.0,23304.0,23775.0,154244.0,77995.32589274137,2013,0.04240346637425344,0.062024251844439,0.06327783159979133
664,85330.0,64558.0,7228.0,6985.0,9908.0,30780.0,48100.39337231969,2013,0.08470643384507208,0.08185866635415445,0.11611391069963671
665,131292.0,113354.0,3813.0,6388.0,19725.0,49951.0,50435.1761726492,2013,0.029042135088200347,0.04865490662035767,0.150237638241477
666,164153.0,121144.0,13709.0,19184.0,28636.0,67095.0,49128.245098770036,2013,0.08351355138194246,0.11686658178650405,0.17444700980183123
667,117697.0,106320.0,1691.0,4047.0,21706.0,46161.0,39603.63201577601,2013,0.014367401038259259,0.03438490360841823,0.18442271255851891
668,60369.0,49655.0,592.0,7676.0,9947.0,24344.0,42326.50501150181,2013,0.009806357567625767,0.12715135251536386,0.1647699978465769
669,25204.0,24051.0,108.0,608.0,3240.0,11108.0,40911.58777457688,2013,0.004285034121568005,0.024123155054753213,0.12855102364704016
670,184315.0,164973.0,2539.0,9635.0,18021.0,68976.0,55488.00556788029,2013,0.01377533027697149,0.05227463852643572,0.09777283454954833
671,112305.0,98712.0,1253.0,7818.0,11992.0,43242.0,52154.16352157624,2013,0.011157116780196786,0.06961399759583278,0.10678064200169182
672,410932.0,268910.0,43574.0,61334.0,69904.0,160220.0,50153.06281987268,2013,0.10603700855616015,0.14925583794885772,0.17011086992495109
673,62293.0,51821.0,2790.0,2997.0,10886.0,25398.0,39849.38779450004,2013,0.044788338978697446,0.048111344773891125,0.17475478785738366
674,137782.0,121854.0,2393.0,8390.0,17451.0,55381.0,48388.14228706596,2013,0.017368016141440828,0.06089329520546951,0.1266566024589569
675,123071.0,105170.0,2680.0,11985.0,14905.0,49844.0,45431.27295160902,2013,0.021776047972308667,0.09738281154780574,0.12110895336838086
676,59231.0,54829.0,681.0,2028.0,8083.0,25259.0,42885.618789342414,2013,0.011497357802502068,0.034238827640931266,0.1364657020816802
677,31170.0,28610.0,267.0,1627.0,3762.0,13750.0,43688.052654545456,2013,0.008565928777670838,0.05219762592236125,0.1206929740134745
678,117460.0,65434.0,1459.0,46452.0,15730.0,41044.0,50617.264667186435,2013,0.012421249787161586,0.3954707985697259,0.1339179295079176
679,31284.0,13767.0,773.0,15459.0,5508.0,10308.0,50602.882615444316,2013,0.02470911648126838,0.49415036440352894,0.1760644418872267
680,200426.0,177567.0,3648.0,9656.0,17175.0,75523.0,64932.89584629848,2013,0.018201231377166636,0.04817738217596519,0.08569247502818995
681,593086.0,428653.0,61739.0,67553.0,77273.0,229890.0,58024.443455565706,2013,0.10409788799600732,0.11390085080409924,0.13028970503434578
683,81253.0,74926.0,269.0,4319.0,9318.0,32716.0,49705.98178261401,2013,0.0033106469914956985,0.0531549604322302,0.11467884262734915
684,71732.0,66582.0,541.0,2895.0,6281.0,28171.0,54791.752653437936,2013,0.007541961746500864,0.04035855685049908,0.08756203646907935
685,270508.0,225029.0,10438.0,17043.0,41187.0,108159.0,52340.109260406745,2013,0.03858665917459003,0.0630036819613468,0.1522579738861697
686,73600.0,62607.0,285.0,9811.0,7679.0,29020.0,50763.96364576154,2013,0.0038722826086956524,0.1333016304347826,0.10433423913043478
687,128979.0,108212.0,1617.0,15259.0,16102.0,51176.0,47004.82044317649,2013,0.012536924615635103,0.11830608083486459,0.1248420285472829
688,165452.0,133509.0,2376.0,26198.0,21670.0,63117.0,49263.59600424608,2013,0.014360660493677924,0.15834199647027536,0.13097454246548848
689,73063.0,66966.0,332.0,4259.0,8065.0,30332.0,47133.27202294606,2013,0.004544023650821893,0.058292158821838684,0.11038418898758606
690,25523.0,23812.0,85.0,1239.0,2996.0,11121.0,44787.7803255103,2013,0.0033303295067194294,0.04854445010382792,0.11738432002507543
691,79523.0,72276.0,469.0,5095.0,8941.0,33918.0,47496.80431705591,2013,0.005897664826528174,0.06406951448008752,0.11243288105328018
692,8545.0,7763.0,10.0,147.0,1085.0,4023.0,41395.69301516281,2013,0.0011702750146284377,0.017203042715038034,0.1269748390871855
693,70193.0,56149.0,399.0,10429.0,11022.0,28728.0,43097.71404676447,2013,0.005684327497043865,0.14857606883877308,0.15702420469277564
700,570897.0,312179.0,166899.0,62460.0,92727.0,211681.0,49118.75495944101,2013,0.29234520412613835,0.10940677565305125,0.16242334431605002
701,395474.0,138209.0,217098.0,22072.0,98941.0,165799.0,40377.45043094349,2013,0.5489564421428463,0.055811507204013414,0.2501833243146199
703,278481.0,194048.0,55347.0,11693.0,46349.0,100228.0,49272.189318401855,2013,0.19874605448845703,0.04198850190856827,0.16643505301977513
704,428939.0,314701.0,85135.0,16997.0,66785.0,158182.0,51334.22289522268,2013,0.19847810527837292,0.03962568104089393,0.1556981295708714
705,627686.0,417418.0,170510.0,18738.0,119301.0,233095.0,45377.51966603389,2013,0.27164856313507074,0.02985250587076978,0.1900647776117358
706,263630.0,191352.0,56136.0,7061.0,43062.0,98585.0,45382.724197393116,2013,0.21293479497780982,0.026783749952585062,0.1633425634411865
707,404402.0,284638.0,99171.0,12487.0,51260.0,140778.0,58789.36994088222,2013,0.24522875752345438,0.030877691010430214,0.12675506055855312
708,377861.0,168641.0,175048.0,15247.0,76279.0,145278.0,50987.38706390946,2013,0.4632602994222743,0.040350816834761986,0.2018705291099108
710,180950.0,117558.0,55005.0,4267.0,32848.0,68192.0,43293.02127815579,2013,0.3039789997236806,0.023581099751312517,0.181530809615916
711,304817.0,150645.0,133177.0,11373.0,57305.0,117915.0,44988.594419709116,2013,0.4369080464672246,0.037310911136846044,0.18799804472847642
712,337251.0,196124.0,127902.0,6798.0,83613.0,123868.0,37008.97819048003,2013,0.379248690144729,0.020157093678002436,0.24792513587802556
713,202366.0,122470.0,71393.0,3296.0,43691.0,74555.0,37369.86959496626,2013,0.3527914768291116,0.01628732099265687,0.21590089244240634
714,194834.0,133979.0,41378.0,9642.0,34545.0,69527.0,39996.58352870108,2013,0.21237566338524078,0.049488282332652414,0.1773047825328228
716,167084.0,87244.0,71177.0,5853.0,40123.0,64214.0,34491.371959385804,2013,0.42599530774939554,0.03503028416844222,0.24013669770893684
717,108390.0,64527.0,38900.0,2965.0,23769.0,43409.0,34709.77361837407,2013,0.35888919642033396,0.02735492204077867,0.21929144755051205
718,127409.0,83862.0,28746.0,11457.0,27403.0,48210.0,37321.00228315241,2013,0.22561985417042751,0.08992300386942838,0.21507899755904214
719,170262.0,144384.0,12622.0,8036.0,34508.0,69179.0,37714.757366762096,2013,0.0741328070855505,0.04719784802245951,0.20267587600286618
720,388087.0,318091.0,42373.0,15787.0,56036.0,145663.0,48215.016320281225,2013,0.10918428084424368,0.040679023002574165,0.14439030423590588
721,314559.0,237231.0,56544.0,12780.0,49077.0,120390.0,46207.91481850652,2013,0.17975642089401353,0.04062830820291265,0.15601842579611455
722,215671.0,107650.0,85210.0,12408.0,37276.0,86861.0,49532.45824938695,2013,0.39509252518882926,0.05753207431689935,0.172837330934618
723,172278.0,85295.0,79189.0,4408.0,44299.0,63112.0,34682.537793002826,2013,0.459658226819443,0.025586551968330255,0.2571367208813662
724,223561.0,196337.0,14917.0,7139.0,45284.0,87391.0,37799.89425684567,2013,0.06672451814046278,0.03193311892503612,0.2025576911894293
725,106376.0,99419.0,1345.0,3258.0,22652.0,43151.0,34220.198418220614,2013,0.01264382943521095,0.03062720914491991,0.2129427690456494
726,138067.0,127991.0,392.0,5681.0,24569.0,57668.0,35955.40012834076,2013,0.002839201257360557,0.041146689650676846,0.17794983594921307
727,448640.0,337273.0,9566.0,68926.0,71967.0,166530.0,48575.784663424005,2013,0.0213222182596291,0.15363320256776034,0.16041146576319543
728,123641.0,104510.0,2939.0,12252.0,23971.0,45614.0,36745.11644947567,2013,0.023770432138206583,0.09909334282317354,0.19387581789212316
729,229398.0,182151.0,8311.0,21328.0,46468.0,88291.0,40570.71463682595,2013,0.03622960967401634,0.09297378355521844,0.20256497441128518
730,689776.0,537794.0,33163.0,39977.0,84115.0,252346.0,57140.66790438525,2013,0.048077926747233886,0.05795649602189697,0.12194538516851848
731,649550.0,360101.0,96107.0,114616.0,122704.0,254749.0,45951.27080381081,2013,0.1479593564775614,0.1764544684781772,0.1889061658070972
734,93053.0,67727.0,3911.0,7090.0,15424.0,34350.0,41099.33688500728,2013,0.042029810967943,0.07619313724436612,0.16575499983880154
735,212698.0,137759.0,24647.0,27234.0,33882.0,79092.0,44087.56345774541,2013,0.11587791140490272,0.12804069619836575,0.15929627923158657
736,59810.0,45592.0,1649.0,7753.0,9348.0,21894.0,46523.017447702565,2013,0.027570640361143622,0.12962715265005853,0.1562949339575322
737,107144.0,85895.0,2818.0,10117.0,13096.0,41205.0,47908.11295842334,2013,0.026301052788770252,0.09442432614052117,0.12222802956768461
738,32807.0,27303.0,264.0,3584.0,4733.0,12377.0,50148.47555950553,2013,0.008047063126771725,0.1092449782058707,0.14426799158716128
739,28899.0,16529.0,304.0,10876.0,3608.0,10208.0,49245.75646551724,2013,0.01051939513477975,0.37634520225613344,0.1248486106785702
740,596509.0,454322.0,14860.0,26772.0,71925.0,223778.0,53839.68395910232,2013,0.02491161072171585,0.0448811333944668,0.12057655458677069
741,416278.0,243077.0,60291.0,57544.0,80507.0,171849.0,44242.50301136463,2013,0.14483350068944312,0.1382345451837474,0.19339720090900792
743,130206.0,86580.0,940.0,4405.0,26024.0,50352.0,39163.50285986654,2013,0.007219329370382317,0.03383100625163203,0.19986790163279727
744,223926.0,136650.0,14090.0,10443.0,44948.0,84795.0,38646.20287752816,2013,0.06292257263560283,0.04663594223091557,0.20072702589248234
745,86099.0,60856.0,2368.0,3348.0,16465.0,34150.0,38429.12749633968,2013,0.02750322303394929,0.03888546905306682,0.19123334765792865
746,55868.0,42787.0,868.0,3368.0,9855.0,22234.0,42530.7844292525,2013,0.0155366220376602,0.060284957399584733,0.17639793799670653
747,88681.0,60967.0,5157.0,4104.0,19686.0,34595.0,34664.47206154558,2013,0.0581522535830674,0.046278233217938454,0.22198667132756736
748,199356.0,144851.0,6285.0,7771.0,36804.0,74046.0,41076.77996110526,2013,0.03152651537952206,0.03898051726559522,0.1846144585565521
749,114746.0,73343.0,1882.0,6135.0,25518.0,42139.0,35438.33916324545,2013,0.016401443187562093,0.05346591602321649,0.22238683701392642
750,2141823.0,1126076.0,215872.0,516387.0,217274.0,747983.0,74879.8463949047,2013,0.1007889073933747,0.24109695338970588,0.10144348996158879
751,755330.0,375400.0,174198.0,180597.0,108344.0,257161.0,54755.029845116485,2013,0.23062502482358704,0.23909681860908477,0.1434392914355315
752,1290136.0,402696.0,297688.0,530337.0,293528.0,484790.0,48822.51883495947,2013,0.23074156523033232,0.41107061581104626,0.22751709897251143
753,0.0,0.0,0.0,0.0,0.0,0.0,,2013,,,
754,337274.0,249828.0,27695.0,49783.0,58353.0,122985.0,45514.05788510794,2013,0.08211424539098774,0.14760402521392102,0.1730136328326524
755,126607.0,87465.0,27118.0,7587.0,23091.0,47143.0,42217.460524360475,2013,0.21419036862100832,0.059925596530997494,0.1823832805453095
756,337281.0,221004.0,63626.0,45751.0,55742.0,121975.0,45457.02375855989,2013,0.18864389040592267,0.13564653804987534,0.16526872251920505
757,350263.0,233322.0,50626.0,57581.0,60597.0,127548.0,46515.49789099006,2013,0.1445371049754042,0.16439361279952494,0.17300428535129317
758,127358.0,81765.0,24986.0,18539.0,20616.0,39795.0,40362.870521684476,2013,0.19618712605411517,0.14556604218031063,0.16187440129399017
759,259101.0,167924.0,46043.0,39450.0,53394.0,93945.0,38152.06836979083,2013,0.17770290350095136,0.15225722787638798,0.20607407922007248
760,1165566.0,757418.0,109211.0,222050.0,143402.0,421893.0,65638.0414286053,2013,0.09369782577734766,0.19050830240415387,0.12303207197190034
761,927028.0,419963.0,148340.0,310481.0,168868.0,328966.0,51405.34648261523,2013,0.16001674167339067,0.3349208438148578,0.1821606251375363
762,454642.0,330336.0,25589.0,72310.0,47261.0,156868.0,70436.37844557207,2013,0.05628384531125589,0.15904821815846315,0.10395212056959102
763,172966.0,121987.0,14626.0,28866.0,25128.0,65142.0,45821.48484848485,2013,0.08455997132384399,0.16688829018419804,0.14527710648335512
764,143043.0,112684.0,1950.0,25844.0,25744.0,53109.0,43088.97408984699,2013,0.013632264423984396,0.18067294449920654,0.17997385401592528
765,482748.0,265730.0,81584.0,104378.0,69776.0,157486.0,50041.71906394869,2013,0.16899914655265272,0.21621632818779157,0.14453917986195697
766,160849.0,116759.0,14041.0,26339.0,23318.0,57741.0,47990.9724786532,2013,0.08729305124682156,0.1637498523459891,0.14496826215891923
767,173019.0,88017.0,31046.0,48647.0,43659.0,62280.0,38450.213969171484,2013,0.1794369404516267,0.28116565232720103,0.2523364485981308
768,88496.0,63382.0,2130.0,21667.0,15961.0,31696.0,39811.13477558519,2013,0.024068884469354547,0.24483592478756103,0.18035843427951545
769,131583.0,73299.0,4660.0,50433.0,19788.0,49422.0,46761.654056462394,2013,0.035414909220796,0.3832789950069538,0.15038416816762043
770,2961756.0,736675.0,654238.0,1313830.0,625852.0,1034792.0,53009.12740821344,2013,0.22089530670318555,0.44359832477759814,0.2113111275878229
772,0.0,0.0,0.0,0.0,0.0,0.0,,2013,,,
773,1111010.0,711038.0,106723.0,237470.0,128320.0,375736.0,70706.46420823717,2013,0.09605944140916824,0.21374245056300123,0.11549851036444317
774,1047288.0,474004.0,161052.0,270687.0,98390.0,338014.0,81773.76316583896,2013,0.1537800490409515,0.2584647203061622,0.0939474146557585
775,1159790.0,573901.0,135980.0,391257.0,164392.0,393786.0,63240.02953634715,2013,0.11724536338475068,0.33735158951189437,0.14174290173221013
776,271222.0,194230.0,33422.0,32767.0,43254.0,103166.0,49027.89744683326,2013,0.12322746679841606,0.12081247096474475,0.1594782134192654
777,143146.0,54358.0,61378.0,21236.0,27218.0,50694.0,43405.96587367341,2013,0.4287790088441172,0.14835203219090998,0.19014153381861876
778,300461.0,181755.0,37631.0,64466.0,71909.0,106935.0,43575.999653885374,2013,0.12524420806693715,0.21455696413178416,0.2393288979268524
779,165475.0,86987.0,9954.0,64458.0,24485.0,60797.0,49479.80645851859,2013,0.060154101828070704,0.3895331621090799,0.14796797099259706
780,547930.0,162834.0,4404.0,372518.0,120827.0,169472.0,51220.478727422975,2013,0.008037523041264394,0.6798642162320004,0.22051539430219189
781,395307.0,211789.0,26132.0,145024.0,45824.0,135293.0,60914.00249842924,2013,0.06610558376148158,0.3668642346328297,0.11592003177277407
782,1629591.0,474001.0,108648.0,977727.0,288946.0,564295.0,52826.19228949397,2013,0.06667194406449226,0.5999830632348854,0.17731197582706335
783,233515.0,76888.0,3609.0,148863.0,46412.0,81704.0,43065.580142955056,2013,0.015455109950110272,0.6374879558058368,0.19875382737725628
784,310344.0,101311.0,12588.0,186942.0,55201.0,112160.0,49822.3387660485,2013,0.040561441497177324,0.6023702729873947,0.17787036320985744
785,1284771.0,106419.0,4855.0,1159480.0,445105.0,356985.0,34099.55263939312,2013,0.0037788835520104363,0.902479897195687,0.34644695435995987
786,887489.0,526165.0,54812.0,262533.0,102235.0,305589.0,65217.27458520143,2013,0.061760765485544045,0.29581549743151747,0.11519579397603802
787,974657.0,504425.0,70682.0,316889.0,167129.0,387110.0,62618.07204928832,2013,0.07251987109311275,0.32512873759691874,0.17147468288844178
788,177032.0,31721.0,1724.0,141584.0,45378.0,54695.0,36187.2238079555,2013,0.009738352388268787,0.7997650142347146,0.2563265398346062
789,68343.0,46933.0,6313.0,14334.0,8560.0,26386.0,48259.56123184283,2013,0.09237229855288764,0.20973618366182345,0.1252505743090002
790,226423.0,122127.0,5672.0,91560.0,37226.0,77938.0,46846.231622603715,2013,0.025050458654818634,0.40437588054217105,0.164409092715846
791,221870.0,135593.0,13928.0,61196.0,36112.0,82472.0,50267.371653409646,2013,0.06277549916617839,0.27581917338982287,0.16276197773470952
792,32789.0,20666.0,1822.0,9560.0,6076.0,12382.0,40029.91384192218,2013,0.05556741590167434,0.29156119430296745,0.1853060477599195
793,145264.0,72379.0,4606.0,66001.0,23310.0,48381.0,46816.343131782945,2013,0.031707787201233614,0.454352076219848,0.16046646106399384
794,257986.0,144549.0,18829.0,84080.0,51421.0,96486.0,45788.28591867626,2013,0.07298458055863496,0.3259091578612793,0.19931701720248385
795,94805.0,65118.0,3249.0,24524.0,13568.0,35369.0,44327.76329554129,2013,0.03427034439111861,0.2586783397500132,0.14311481461948208
796,129544.0,81571.0,11180.0,31309.0,21441.0,45741.0,44653.69174263789,2013,0.08630272339899957,0.24168622244179583,0.1655113320570617
797,397893.0,177766.0,18794.0,191378.0,53048.0,137080.0,55153.42475196965,2013,0.047233804062901334,0.48097855453601845,0.133322275084005
798,72870.0,9542.0,1037.0,61599.0,23630.0,21567.0,31573.808646843252,2013,0.01423082201180184,0.8453272951832029,0.32427610813777963
799,763640.0,107133.0,22093.0,616948.0,167681.0,243150.0,42888.28447460415,2013,0.02893117175632497,0.8079042480750092,0.21958121627992247
800,794227.0,489883.0,59066.0,180152.0,98525.0,294909.0,65077.52720330678,2013,0.07436916649773931,0.22682683917821983,0.12405143617630728
801,657702.0,550996.0,7483.0,59426.0,35687.0,248090.0,87953.77272763917,2013,0.011377493150393339,0.09035399010494115,0.05426013604945705
802,1016483.0,564699.0,70521.0,319489.0,171793.0,418778.0,53492.50321650135,2013,0.06937745146746183,0.31430825699987114,0.16900725344152337
803,124390.0,104793.0,933.0,10433.0,22816.0,51552.0,61233.72668373681,2013,0.0075006029423587105,0.0838733017123563,0.18342310475118578
804,211231.0,184186.0,1036.0,18656.0,18650.0,86294.0,72340.9823000638,2013,0.004904583134104369,0.08832036964271343,0.08829196472108734
805,500909.0,404816.0,3528.0,69135.0,60382.0,193410.0,64316.46235385976,2013,0.007043195470634387,0.1380190813101781,0.12054484946367504
806,259162.0,159165.0,3367.0,86759.0,37105.0,87715.0,57973.31946645385,2013,0.01299187380866022,0.33476744275781173,0.14317299604108627
807,69289.0,50304.0,1068.0,16460.0,9975.0,25603.0,42193.08432605554,2013,0.015413702030625353,0.23755574477911356,0.14396224508940814
808,115567.0,91785.0,4846.0,12624.0,10290.0,40933.0,58980.35562993184,2013,0.04193238554258569,0.10923533534659548,0.08903925861188748
809,536801.0,376621.0,31231.0,87392.0,69165.0,204575.0,58992.66602137291,2013,0.05817984690788579,0.16280148509410378,0.1288466303155173
810,230327.0,127554.0,4213.0,91534.0,43646.0,89240.0,41300.03967097743,2013,0.01829138572551199,0.397408901257777,0.18949580379200007
811,71168.0,41739.0,309.0,25725.0,12501.0,28121.0,42477.59511865371,2013,0.004341839028776978,0.36146863758992803,0.17565478866906475
812,84840.0,69225.0,3418.0,9225.0,10692.0,33241.0,43887.22469002046,2013,0.04028760018859029,0.10873408769448373,0.12602545968882603
813,66983.0,53268.0,180.0,7566.0,9562.0,27466.0,51793.26866486998,2013,0.0026872490034784945,0.11295403311287938,0.1427526387292298
814,84294.0,68355.0,546.0,13466.0,12199.0,34754.0,47753.456688154714,2013,0.0064773293472845045,0.15975039741855884,0.14471967162550123
815,144388.0,119227.0,895.0,19683.0,20742.0,57403.0,51655.6478058638,2013,0.0061985760589522675,0.13632019281380725,0.14365459733495858
816,151639.0,110790.0,616.0,36284.0,17165.0,55578.0,64243.50070209549,2013,0.0040622794927426325,0.23927881349784685,0.11319647320280403
820,129804.0,105470.0,3011.0,15818.0,18730.0,52091.0,53706.00184530217,2013,0.023196511663739178,0.12186065144371513,0.14429447474654095
821,781.0,688.0,3.0,43.0,100.0,225.0,83778.0,2013,0.0038412291933418692,0.05505761843790013,0.12804097311139565
822,24818.0,22213.0,37.0,2031.0,4171.0,10011.0,44040.39311449159,2013,0.0014908534128455153,0.0818357643645741,0.16806350229672012
823,16271.0,12864.0,132.0,2767.0,2065.0,6250.0,55398.25598970896,2013,0.008112592956794297,0.17005715690492287,0.12691291254378956
824,53105.0,47821.0,269.0,3759.0,5005.0,21736.0,51348.65596245859,2013,0.005065436399585726,0.07078429526409942,0.09424724602203183
825,39277.0,27733.0,145.0,2329.0,5890.0,14855.0,49989.44294850219,2013,0.003691727983298113,0.05929678946966418,0.1499605367008682
826,93170.0,82485.0,667.0,6744.0,8618.0,37693.0,59121.78663443916,2013,0.007158956745733605,0.07238381453257486,0.09249758505956852
827,61141.0,55130.0,351.0,4124.0,4866.0,23087.0,73012.2529807067,2013,0.005740828576568914,0.06745064686544218,0.07958652949739127
828,37285.0,34397.0,198.0,1456.0,3109.0,15803.0,53136.51779811848,2013,0.0053104465602789325,0.03905055652407134,0.08338473917124849
829,71041.0,58739.0,204.0,9377.0,7994.0,25863.0,69328.47504742732,2013,0.0028715811995889697,0.1319942005320871,0.11252656916428541
830,20846.0,16998.0,28.0,3186.0,1658.0,7369.0,68756.6641074856,2013,0.001343183344526528,0.15283507627362564,0.07953564232946368
831,22263.0,20730.0,15.0,896.0,1521.0,7712.0,64462.57931753061,2013,0.0006737636437137853,0.040246148317836766,0.06831963347257781
832,173212.0,145061.0,749.0,17884.0,25164.0,61140.0,45175.952906139544,2013,0.004324180772694732,0.1032491975151837,0.1452786181095998
833,186780.0,140644.0,544.0,40774.0,27857.0,67366.0,45254.18387288387,2013,0.002912517400149909,0.2182996038119713,0.14914337723525004
834,201721.0,174208.0,841.0,21406.0,32998.0,66922.0,46773.90066542056,2013,0.00416912468211044,0.10611686438199296,0.16358237367453066
835,69298.0,62225.0,161.0,2094.0,8811.0,28224.0,43322.67116638322,2013,0.0023232993737192995,0.030217322289243558,0.12714652659528414
836,440372.0,350975.0,2036.0,70433.0,70327.0,149560.0,49414.83603191482,2013,0.004623363883262332,0.15993977818753236,0.15969907260225447
837,261149.0,221606.0,3106.0,19255.0,38262.0,105428.0,51275.213842622456,2013,0.011893593312629954,0.0737318542288119,0.1465140590237757
838,250573.0,229924.0,827.0,8998.0,36866.0,101169.0,44898.54218238303,2013,0.003300435402058482,0.035909694979107884,0.1471267854078452
840,1270998.0,1066445.0,9659.0,132088.0,109746.0,378039.0,70532.52730538383,2013,0.007599539889126497,0.10392463245418168,0.08634631997847361
841,599181.0,406687.0,12027.0,126200.0,95154.0,210975.0,53989.10588932338,2013,0.0200723988243953,0.21062083076733074,0.15880677124274634
843,179047.0,155337.0,905.0,16151.0,23221.0,56259.0,54638.18599690716,2013,0.005054538752394622,0.09020536507174094,0.1296922037230448
844,188164.0,144342.0,2698.0,33900.0,25898.0,64213.0,53306.44858517746,2013,0.014338555727981973,0.18016198635233094,0.13763525435258603
845,55960.0,42491.0,209.0,4935.0,9079.0,19150.0,46088.01794402302,2013,0.003734810578984989,0.0881879914224446,0.162240886347391
846,292072.0,240994.0,1613.0,35328.0,50402.0,81786.0,52110.832929841294,2013,0.005522610863074858,0.12095647648525021,0.1725670382645375
847,227359.0,197431.0,1018.0,19764.0,36378.0,76122.0,47233.65117073555,2013,0.004477500340870606,0.08692860190271773,0.16000246306502053
850,1342270.0,610133.0,84142.0,558190.0,319848.0,473182.0,47851.48577502948,2013,0.06268634477415125,0.4158552303187883,0.23828886885648937
851,395049.0,233745.0,17877.0,111492.0,56024.0,126208.0,51825.530521044624,2013,0.04525261423266481,0.28222321787930105,0.14181531911231265
852,1454262.0,1000896.0,47972.0,279249.0,178333.0,554862.0,64449.194410502074,2013,0.032987178376386095,0.19202110761334615,0.12262783459926753
853,1285013.0,713699.0,59149.0,437213.0,183042.0,456880.0,54534.78223811796,2013,0.04602988452256903,0.3402401376484129,0.14244369512215052
855,95069.0,57448.0,957.0,23726.0,18761.0,34099.0,42391.10930900985,2013,0.010066372844986272,0.2495661046187506,0.19734087873018544
856,297619.0,162827.0,7542.0,109302.0,43839.0,111250.0,51325.735771699845,2013,0.025341124054579847,0.3672547787607646,0.14729906356785016
857,886014.0,474208.0,29726.0,323027.0,174574.0,344744.0,47689.02002355371,2013,0.03355025992817269,0.3645845325243168,0.1970330039931649
859,78799.0,51404.0,192.0,9519.0,18418.0,27136.0,42272.90576709797,2013,0.002436579144405386,0.12080102539372327,0.23373393063363748
860,179537.0,85042.0,1884.0,23567.0,46313.0,56832.0,45931.79799848477,2013,0.010493658688738255,0.1312654216122582,0.25795796966641976
863,210740.0,172012.0,1114.0,29084.0,32995.0,90898.0,44387.71080771854,2013,0.005286134573407991,0.1380089209452406,0.15656733415583182
864,194749.0,152720.0,2000.0,30417.0,34541.0,79260.0,39208.631781478674,2013,0.010269629112344608,0.15618565435509296,0.17736162958474755
865,62919.0,1871.0,197.0,1389.0,25829.0,15529.0,26741.470989761092,2013,0.0031310097108981387,0.02207600247937825,0.410511928034457
870,199286.0,79429.0,1481.0,83617.0,41939.0,68762.0,49638.70957935769,2013,0.007431530564113886,0.4195829109922423,0.21044629326696307
871,736624.0,309187.0,19352.0,350936.0,126546.0,287638.0,50765.262371453005,2013,0.026271204848063598,0.4764113034601099,0.17179185038771477
873,74046.0,7671.0,329.0,10343.0,25632.0,18122.0,33307.825822840736,2013,0.004443183966723388,0.139683440023769,0.3461631958512276
874,124069.0,53444.0,802.0,24638.0,26563.0,39528.0,49635.87548067193,2013,0.006464144951599513,0.1985830465305596,0.21409860642062079
875,230686.0,86156.0,1217.0,126582.0,42378.0,94727.0,52135.08347590985,2013,0.005275569388692856,0.5487199049790624,0.1837042560016646
877,41519.0,12539.0,369.0,27563.0,9687.0,15910.0,32259.85775644265,2013,0.008887497290397168,0.6638647366266047,0.23331486789180858
878,18327.0,8359.0,170.0,7375.0,4165.0,6083.0,37268.0920598389,2013,0.009275931685491352,0.40241174223822773,0.2272603262945381
879,16069.0,8837.0,39.0,6750.0,4498.0,5635.0,27101.805693950177,2013,0.0024270334183832225,0.42006347625863466,0.27991785425353166
880,274522.0,87325.0,3432.0,176423.0,71742.0,97460.0,38999.40256007555,2013,0.012501730280268977,0.6426552334603419,0.26133424643562264
881,71483.0,37252.0,3307.0,28314.0,14339.0,25846.0,39351.212489360056,2013,0.04626274778618693,0.3960941762377069,0.20059314802120784
882,185482.0,83470.0,3552.0,93236.0,29741.0,64423.0,46969.62006839733,2013,0.019150106209766985,0.5026687225714624,0.16034439999568692
883,77778.0,46887.0,2366.0,21720.0,12978.0,31008.0,41537.45893813302,2013,0.030419913085962612,0.27925634498187146,0.16685952325850498
884,17012.0,7818.0,294.0,8356.0,2937.0,5995.0,32908.756027651325,2013,0.017281918645661885,0.49118269456853986,0.17264284034798966
890,593538.0,330312.0,59946.0,142816.0,77140.0,211490.0,58025.788023074376,2013,0.10099774572141969,0.24061812386064582,0.12996640484686742
891,1432372.0,642370.0,143308.0,445778.0,227626.0,518769.0,52744.98700051859,2013,0.1000494285004175,0.3112166392529315,0.15891542141287318
893,12091.0,9127.0,271.0,1452.0,1501.0,4228.0,48924.651371807,2013,0.02241336531304276,0.12008932263667191,0.12414192374493425
894,288887.0,203680.0,4316.0,56510.0,37719.0,109860.0,55296.16237969935,2013,0.014940097685254096,0.1956128174684219,0.1305666229356115
895,280270.0,185726.0,6855.0,61089.0,44190.0,109492.0,54928.35492090746,2013,0.024458557819245726,0.21796481963820602,0.15766939023084883
897,66700.0,48018.0,932.0,13279.0,10286.0,25488.0,54447.37880571249,2013,0.013973013493253373,0.1990854572713643,0.1542128935532234
898,56344.0,38477.0,456.0,13197.0,4964.0,19739.0,71048.77727641452,2013,0.008093142126934546,0.2342219224762175,0.08810166122391026
900,2414080.0,498020.0,323362.0,1276395.0,615943.0,839808.0,46875.33085181375,2013,0.13394833642629905,0.5287293710233298,0.2551460597826087
902,1245660.0,335213.0,105079.0,683961.0,207603.0,398529.0,72405.78781217929,2013,0.08435608432477562,0.5490751890564038,0.1666610471557247
903,136554.0,4532.0,48094.0,79157.0,32428.0,42721.0,43526.691627068656,2013,0.35219766539244546,0.5796754397527718,0.23747381988077976
904,92801.0,63475.0,3436.0,13241.0,10104.0,47458.0,77306.03567364828,2013,0.037025463087682245,0.14268165213736922,0.10887813708903998
905,174039.0,59162.0,7278.0,40503.0,16672.0,63132.0,70787.70400114046,2013,0.04181821315911951,0.2327236998603761,0.09579462074592476
906,734820.0,157631.0,15537.0,448718.0,86135.0,212224.0,64778.71326051719,2013,0.021143953621295012,0.6106502272665415,0.11721918292915272
907,626231.0,153633.0,56292.0,286963.0,90824.0,197693.0,62814.52006393752,2013,0.08989015235591978,0.4582382539350495,0.14503274350838588
908,474530.0,135776.0,61340.0,195836.0,93592.0,166690.0,56123.09859019737,2013,0.12926474616989442,0.41269466630139295,0.19723094430278382
910,285701.0,118978.0,15512.0,72506.0,28426.0,100030.0,79528.21382585225,2013,0.05429452469539833,0.25378280090024186,0.09949562654663442
911,167663.0,67592.0,15600.0,50456.0,20286.0,65610.0,75639.94477975919,2013,0.09304378425770743,0.3009369986222363,0.120992705605888
912,205238.0,129126.0,2621.0,34582.0,27838.0,74495.0,59742.65674206323,2013,0.012770539568695855,0.16849706194759256,0.1356376499478654
913,1381515.0,586693.0,45607.0,555819.0,172216.0,434878.0,76815.54505881136,2013,0.033012308950680955,0.4023257076470397,0.12465735080690402
914,311900.0,114127.0,12113.0,150455.0,63507.0,107819.0,55171.69139020024,2013,0.03883616543764027,0.4823821737736454,0.20361333760820777
915,106942.0,60983.0,1726.0,27749.0,9997.0,42228.0,67425.1991332765,2013,0.016139589684127844,0.25947709973630567,0.09348057825737316
916,214620.0,93213.0,10404.0,89101.0,36751.0,82869.0,56462.84232945975,2013,0.04847637685211071,0.4151570217127947,0.17123753611033454
917,1943290.0,414671.0,70609.0,985982.0,253605.0,553495.0,65607.59403788652,2013,0.03633477247348569,0.5073776945283514,0.13050291001343084
918,83767.0,8860.0,1148.0,29214.0,11565.0,29349.0,53914.287744045796,2013,0.013704680840903935,0.3487530889252331,0.1380615278092805
919,552239.0,174584.0,30317.0,267037.0,76231.0,176733.0,60876.30142181168,2013,0.0548983320627482,0.4835533165893752,0.13803987041842392
920,1260542.0,754056.0,32859.0,356785.0,167092.0,428748.0,67076.39256482685,2013,0.026067358326814973,0.28304094587883627,0.13255567843038946
921,1321370.0,575477.0,86441.0,389865.0,198377.0,470940.0,68304.79142928128,2013,0.06541771040662343,0.2950460506898144,0.1501297895366173
922,773703.0,292951.0,24562.0,417483.0,153695.0,265090.0,47807.11121214293,2013,0.031746031746031744,0.5395907732036712,0.19864857703795902
923,1134554.0,393927.0,102097.0,557401.0,214577.0,331105.0,53823.571086418786,2013,0.08998866514947725,0.4912952578722564,0.189128944060838
924,239798.0,41823.0,29792.0,151652.0,76165.0,64698.0,38000.63369810504,2013,0.12423790023269585,0.6324156164772017,0.3176214980942293
925,1387033.0,529002.0,97426.0,631049.0,224293.0,405506.0,59132.945847903604,2013,0.07024057827030791,0.45496322005316386,0.16170703941434703
926,1297375.0,780629.0,15565.0,231005.0,121545.0,482319.0,87660.69993303188,2013,0.011997302244917622,0.17805568937277194,0.09368532613931978
927,491821.0,103402.0,6338.0,302154.0,83464.0,126806.0,65735.49846221787,2013,0.012886802312223349,0.614357662645556,0.16970401833187276
928,1250956.0,442630.0,31131.0,510423.0,161541.0,368198.0,73884.2573615283,2013,0.024885767365119157,0.4080263414540559,0.1291340382875177
930,691569.0,299551.0,11931.0,318997.0,81293.0,219119.0,72514.73052085853,2013,0.017252074630297192,0.4612656148554953,0.11754864662817449
931,188534.0,108319.0,2550.0,60463.0,27856.0,66164.0,73118.54268182092,2013,0.013525411862051407,0.32070077545694675,0.14775053836443294
932,781889.0,245181.0,22963.0,467527.0,185038.0,217969.0,43460.87977367218,2013,0.02936861881929532,0.5979454884261065,0.23665507508098976
933,529169.0,202294.0,32275.0,254580.0,117327.0,163719.0,54340.98463831321,2013,0.06099185704377996,0.4810939416330133,0.22171933730055993
934,495135.0,277958.0,10050.0,175099.0,73474.0,171543.0,58134.41643203162,2013,0.020297494622678665,0.35363890656083696,0.14839185272703403
935,528797.0,221046.0,62161.0,207113.0,98513.0,165671.0,54931.86177600116,2013,0.11755172589859625,0.39166825832975605,0.1862964426802724
936,589031.0,192749.0,10095.0,348051.0,136428.0,170292.0,50477.45742844055,2013,0.017138316998595998,0.5908874066050853,0.23161429534268993
937,572960.0,177196.0,39475.0,268949.0,158323.0,181905.0,46742.84125230202,2013,0.06889660709299078,0.4694027506283161,0.2763246998045239
939,389601.0,129556.0,11141.0,212655.0,63038.0,117601.0,62290.559127898574,2013,0.028595922495065464,0.5458276544464722,0.16180143274786254
940,828004.0,352690.0,15860.0,183080.0,59928.0,300830.0,99917.17309111459,2013,0.019154496838179526,0.22111004294665243,0.07237646194945918
941,817539.0,341093.0,45931.0,124190.0,108322.0,345316.0,77531.23832953005,2013,0.05618202923652572,0.15190712614321764,0.13249765454614398
943,107325.0,47538.0,6733.0,24420.0,10072.0,36415.0,97533.52055471647,2013,0.0627346843699045,0.2275331935709294,0.09384579548101561
944,134131.0,61679.0,2653.0,27491.0,8556.0,51569.0,94802.48277065679,2013,0.019779171108841358,0.20495634864423587,0.06378838598086944
945,2307880.0,970951.0,173529.0,536257.0,221335.0,795410.0,84562.17463195082,2013,0.07518978456418877,0.23235913479037038,0.09590403313863806
946,415466.0,113856.0,107258.0,103078.0,81603.0,163440.0,58738.44515422411,2013,0.25816312285481846,0.2481021311009806,0.19641318423168203
947,140669.0,79079.0,10448.0,14264.0,21730.0,55733.0,75076.78669728886,2013,0.07427364948922648,0.1014011615921063,0.15447611058584337
948,169896.0,34601.0,34641.0,69683.0,29823.0,56742.0,54749.42104613866,2013,0.2038953241983331,0.41015091585440505,0.1755367989829072
949,381100.0,272180.0,8429.0,66391.0,32337.0,150370.0,85334.43002043248,2013,0.022117554447651535,0.174208869063238,0.08485174494883232
950,829070.0,376035.0,12629.0,239798.0,86648.0,282316.0,88865.107160695,2013,0.015232730650005428,0.28923733822234554,0.10451228484928896
951,992394.0,278969.0,27379.0,334804.0,119771.0,313663.0,85001.37158032665,2013,0.027588840722535604,0.3373700364976008,0.12068896023152095
952,502578.0,180997.0,35407.0,193429.0,106197.0,162724.0,49958.34765898833,2013,0.07045075590256637,0.3848735917608809,0.21130451392619654
953,1034570.0,467809.0,34150.0,421351.0,187253.0,328460.0,52722.867991472514,2013,0.03300888291754062,0.40727162009337214,0.180995969339919
954,511264.0,339222.0,7198.0,126565.0,76737.0,198007.0,56167.11442705623,2013,0.014078832071102209,0.247553123239657,0.1500927113976341
955,165498.0,123816.0,2442.0,18990.0,32371.0,64088.0,41487.964006186434,2013,0.01475546532284378,0.11474458905847805,0.19559752987951515
956,1177180.0,776189.0,43673.0,213378.0,143920.0,427243.0,64915.519003493064,2013,0.03709967889362714,0.1812619990145942,0.1222582782582103
957,320388.0,185270.0,17064.0,49714.0,25679.0,106568.0,86018.68014340146,2013,0.0532604217386419,0.15516810866823977,0.08014969349663532
958,810067.0,321277.0,98424.0,207513.0,174373.0,298367.0,50428.33663910553,2013,0.12150106102334746,0.2561676997087895,0.21525750339169475
959,517313.0,348560.0,7456.0,105865.0,93321.0,191601.0,47373.59091454977,2013,0.014412937621903954,0.20464399696122076,0.18039562121964844
960,299824.0,238711.0,2787.0,34721.0,54681.0,117668.0,43116.00975626338,2013,0.009295453332621805,0.11580460536848285,0.18237699450344202
961,112388.0,79533.0,2857.0,23270.0,14750.0,42313.0,52385.10231116789,2013,0.025420863437377657,0.20705057479446204,0.13124176958394135
967,965296.0,234081.0,15574.0,103083.0,106878.0,300387.0,70035.57934930606,2013,0.01613391125623643,0.1067890056521523,0.11072044222704745
968,410954.0,80048.0,7121.0,25088.0,42653.0,149336.0,66280.31184451975,2013,0.017327973447149803,0.06104819517512909,0.10379020522978241
970,780714.0,590700.0,9420.0,111839.0,96327.0,291764.0,60990.896305182345,2013,0.012065878157686425,0.14325220247107134,0.12338321075323358
971,321869.0,242538.0,2322.0,53549.0,42427.0,115584.0,58360.764500276855,2013,0.007214115059232172,0.16636892648872678,0.13181449595953634
972,858170.0,625889.0,42158.0,82571.0,134485.0,354832.0,57720.92644406367,2013,0.049125464651525924,0.09621753265669972,0.15671137420324643
973,600929.0,465865.0,4874.0,87637.0,106604.0,226319.0,47862.848841679224,2013,0.008110775149809712,0.14583586413702784,0.17739866107310515
974,557949.0,477801.0,3689.0,37873.0,105516.0,229589.0,42355.49063761766,2013,0.00661171540768063,0.06787896384795027,0.18911405881182689
975,285948.0,241915.0,1560.0,28108.0,50990.0,116859.0,42435.1867464209,2013,0.005455537370430988,0.09829759256927834,0.17831913494761284
976,70855.0,57202.0,484.0,7615.0,13189.0,29514.0,39449.209475717624,2013,0.006830851739467928,0.10747300825629807,0.18614070990050102
977,214567.0,182925.0,728.0,18433.0,33507.0,86227.0,48495.57018856977,2013,0.003392879613360862,0.0859078982322538,0.15616101264406923
978,145621.0,112957.0,707.0,24353.0,23776.0,55122.0,45248.66189543195,2013,0.004855068980435514,0.16723549488054607,0.16327315428406616
979,31805.0,20340.0,266.0,9923.0,7837.0,10540.0,35343.856681852696,2013,0.008363464864015091,0.3119949693444427,0.24640779751611383
980,1379113.0,904037.0,55412.0,125730.0,126401.0,525665.0,82363.19869498635,2013,0.040179448674619124,0.0911672937605548,0.0916538383729252
981,879135.0,558855.0,71376.0,75009.0,120678.0,386644.0,64537.33382905205,2013,0.08118889590335955,0.08532136702554215,0.13726902011636438
982,886619.0,696420.0,13533.0,87739.0,107868.0,337093.0,61299.44744555865,2013,0.015263602516977417,0.0989590793790794,0.1216621795833385
983,716270.0,572826.0,19930.0,47099.0,71306.0,272968.0,62837.58545870232,2013,0.027824702975135073,0.0657559300263867,0.0995518449746604
984,408787.0,246493.0,40057.0,48670.0,64004.0,156611.0,51765.83153874647,2013,0.09798990672403966,0.1190595591347083,0.1565705367342895
985,478840.0,385060.0,8594.0,38660.0,67012.0,186198.0,54705.76629754402,2013,0.01794753988806282,0.0807367805530031,0.13994653746554173
986,580201.0,478771.0,9003.0,45320.0,78016.0,217394.0,56051.118048336204,2013,0.01551703633740721,0.07811086158072805,0.13446374618451193
988,222074.0,148969.0,1262.0,61844.0,37125.0,80815.0,48266.77935480678,2013,0.005682790421210948,0.27848374866035647,0.16717400506137595
989,287058.0,150517.0,2015.0,116088.0,63746.0,96370.0,44308.71425754903,2013,0.007019487350988302,0.4044060782141588,0.22206662068292818
990,141504.0,125256.0,1576.0,5723.0,15566.0,51274.0,58549.000995938135,2013,0.01113749434644957,0.04044408638625056,0.11000395748530077
991,117274.0,98791.0,1233.0,4498.0,25807.0,46340.0,38398.06361674579,2013,0.010513839384688849,0.03835462250797278,0.22005730170370244
992,345603.0,295036.0,6830.0,17077.0,56579.0,141185.0,47778.768913128166,2013,0.019762559931482078,0.04941218681550797,0.16371096315714853
993,355360.0,223838.0,4802.0,109525.0,56196.0,121514.0,57313.46496411641,2013,0.013513057181449798,0.3082085772174696,0.15813822602431338
994,21875.0,20159.0,111.0,711.0,2924.0,9081.0,43572.32936901222,2013,0.005074285714285714,0.032502857142857146,0.13366857142857144
995,323466.0,193167.0,16776.0,24255.0,27238.0,113415.0,79154.84370674074,2013,0.05186325610728794,0.07498469700061212,0.08420668632870225
996,187843.0,132110.0,1738.0,7806.0,20768.0,63227.0,66970.66836952568,2013,0.009252407595704924,0.041555980260110835,0.11056041481449934
997,136459.0,84800.0,4666.0,7395.0,15096.0,46596.0,67148.17585200447,2013,0.03419342073443305,0.05419210165690794,0.1106266351065155
998,50399.0,33519.0,508.0,2536.0,3876.0,19883.0,74272.04315244178,2013,0.01007956507073553,0.05031845869957737,0.07690628782317109
999,21638.0,13231.0,45.0,817.0,2436.0,8684.0,56174.91557093426,2013,0.00207967464645531,0.03775764858119974,0.11257972086144745
