zip3,total_pop,white_nh,black_nh,hispanic,poverty_count,total_households,median_income_approx,year,share_black,share_hispanic,poverty_rate
006,1219302.0,14643.0,859.0,1201175.0,633746.0,388337.0,15635.996907325338,2011,0.000704501427866107,0.9851332975751701,0.5197613060587123
007,1372589.0,7090.0,1037.0,1363148.0,640366.0,436994.0,18646.845288493663,2011,0.0007555065646016397,0.9931217574962352,0.466538781820341
009,1148444.0,11396.0,2386.0,1131444.0,401066.0,404159.0,26922.54791249632,2011,0.002077593683279289,0.9851973626924778,0.3492255608458053
010,468019.0,395624.0,9265.0,43435.0,51737.0,181490.0,57738.417419287296,2011,0.019796204854931103,0.09280606129238343,0.1105446573750211
011,168764.0,72064.0,30760.0,57868.0,39898.0,61816.0,43162.45281156982,2011,0.1822663601241971,0.34289303405939653,0.23641297907136594
012,130780.0,118797.0,3487.0,4336.0,14819.0,55607.0,49950.09000665384,2011,0.026663098333078453,0.03315491665392262,0.11331243309374522
013,83263.0,77035.0,692.0,2753.0,9462.0,34840.0,52872.49382893226,2011,0.008311014496234823,0.0330639059366105,0.11363991208580042
014,211238.0,177215.0,6066.0,19099.0,20154.0,77794.0,68237.92651104198,2011,0.028716424128234504,0.09041460343309442,0.09540896997699277
015,371121.0,328705.0,5158.0,16146.0,20556.0,138376.0,79213.99555558768,2011,0.013898432047768788,0.04350602633642397,0.05538894322875827
016,187928.0,120440.0,17649.0,35083.0,32542.0,72887.0,47813.14249454635,2011,0.0939136264952535,0.18668319782044188,0.17316206206632329
017,376140.0,310287.0,8640.0,21857.0,19128.0,142566.0,95094.83444860626,2011,0.022970170681129366,0.05810868293720423,0.050853405646833626
018,707497.0,528203.0,15492.0,100242.0,65204.0,262608.0,76522.56835283007,2011,0.021896912637085385,0.14168540643988597,0.0921615215329535
019,474628.0,394623.0,15583.0,44070.0,41599.0,186389.0,71331.35525165111,2011,0.0328320284517559,0.09285166488281349,0.08764548235670884
020,398037.0,358618.0,10630.0,9329.0,16348.0,146970.0,94399.54607062666,2011,0.02670605998939797,0.02343751962757231,0.041071558674193605
021,1275247.0,747588.0,188118.0,175229.0,196534.0,519700.0,60497.94617664037,2011,0.1475149520053762,0.1374078903929984,0.15411445782660144
022,25591.0,18524.0,704.0,1783.0,4670.0,8997.0,41638.06468822941,2011,0.027509671368840607,0.06967293189011763,0.182486030245008
023,439210.0,346297.0,53267.0,17236.0,32385.0,157042.0,74107.90909959307,2011,0.12127911477425378,0.0392431866305412,0.07373465995765124
024,404478.0,316176.0,10032.0,22285.0,25659.0,156300.0,101957.97360204735,2011,0.02480233782801537,0.05509570359821795,0.06343731921142806
025,116047.0,105037.0,3133.0,2096.0,9666.0,47250.0,65739.8424973545,2011,0.026997681973683078,0.018061647435952673,0.08329383784156419
026,148632.0,136964.0,2979.0,3558.0,13239.0,67997.0,58800.01792784704,2011,0.020042790247053126,0.023938317455191344,0.08907233973841434
027,525605.0,453119.0,16165.0,30517.0,59867.0,203780.0,58091.258636174025,2011,0.03075503467432768,0.058060710990192256,0.11390112346724252
028,673454.0,577769.0,22317.0,44046.0,66229.0,268013.0,63081.492131669984,2011,0.03313812079221447,0.0654031307260778,0.09834227727506259
029,380505.0,232968.0,32119.0,83770.0,63225.0,142462.0,48591.206654733076,2011,0.08441150576207934,0.22015479428654025,0.166160760042575
030,377503.0,341280.0,3477.0,15427.0,18229.0,141206.0,80206.37459456397,2011,0.009210522830282144,0.0408659004034405,0.04828835797331412
031,148048.0,125967.0,5124.0,9365.0,16021.0,57790.0,64867.332721924206,2011,0.03461039662812061,0.06325651140170756,0.10821490327461364
032,187446.0,179116.0,672.0,2630.0,15915.0,73612.0,60300.74585597826,2011,0.003585032489356935,0.01403070751042967,0.0849044524823149
033,61479.0,57574.0,1012.0,1058.0,5040.0,24612.0,62319.570128392654,2011,0.01646090534979424,0.017209128320239433,0.08197921241399503
034,83958.0,80367.0,444.0,1132.0,7349.0,33275.0,57738.93262208866,2011,0.005288358464946759,0.013482931942161557,0.08753186116867957
035,46505.0,44570.0,190.0,602.0,5339.0,20527.0,43970.41438105909,2011,0.004085582195462853,0.01294484464036125,0.11480485969250619
036,13695.0,13077.0,52.0,213.0,886.0,5578.0,56053.342416636784,2011,0.0037970062066447607,0.015553121577217962,0.0646951442132165
037,77945.0,72185.0,763.0,1412.0,7171.0,30760.0,60314.742242893386,2011,0.009788953749438707,0.018115337738148694,0.09200076977355828
038,319416.0,302301.0,1934.0,4613.0,25700.0,127550.0,66212.07109368875,2011,0.006054800010018283,0.01444198161645002,0.0804593382923836
039,48633.0,46634.0,294.0,807.0,2613.0,20249.0,65105.13788335226,2011,0.006045277897723768,0.01659367096416014,0.053728949478749
040,336583.0,320587.0,2934.0,3929.0,30799.0,134500.0,58060.67716845745,2011,0.008717017793530868,0.011673197992768499,0.09150491854906516
041,112596.0,98822.0,4673.0,2924.0,14956.0,50341.0,54069.730795971474,2011,0.041502362428505454,0.025968950939642615,0.13282887491562756
042,176218.0,165566.0,1961.0,2472.0,23094.0,71435.0,45849.4781134877,2011,0.011128261585082113,0.014028078856870468,0.1310535813594525
043,82659.0,79364.0,238.0,945.0,8729.0,35396.0,49796.772262402534,2011,0.0028792992898534946,0.011432511886182993,0.10560253571903847
044,176228.0,167638.0,1002.0,1928.0,26631.0,72132.0,43743.48219930128,2011,0.005685816101868035,0.010940372699003564,0.1511167351385705
045,48510.0,46745.0,399.0,481.0,5400.0,21159.0,49196.00108700789,2011,0.008225108225108226,0.009915481344052773,0.11131725417439703
046,73543.0,69125.0,210.0,932.0,11055.0,32385.0,42543.67580670063,2011,0.002855472308717349,0.012672858055831283,0.15032022082319188
047,72739.0,69161.0,406.0,749.0,11280.0,30677.0,37175.45692212407,2011,0.00558159996700532,0.010297089594302918,0.15507499415719214
048,40041.0,38823.0,123.0,324.0,4202.0,17128.0,47712.27895843064,2011,0.003071851352363827,0.008091706001348618,0.10494243400514473
049,160440.0,154093.0,989.0,1763.0,26233.0,66135.0,40428.36045596294,2011,0.006164298180004986,0.010988531538269758,0.16350660683121415
050,61516.0,59123.0,244.0,497.0,5781.0,26205.0,55818.301392863956,2011,0.003966447753430002,0.008079198907601275,0.09397555107614279
051,29826.0,28335.0,92.0,762.0,3864.0,12814.0,47662.402840643044,2011,0.0030845570978341045,0.025548179440756387,0.12955139810903238
052,33395.0,31911.0,142.0,493.0,3980.0,13891.0,49194.86595637463,2011,0.004252133552927085,0.014762689025303189,0.11917951789189998
053,37067.0,35018.0,334.0,540.0,3528.0,16340.0,50723.11285189718,2011,0.009010710335338712,0.014568214314619472,0.09517900018884723
054,233128.0,215901.0,2887.0,3865.0,23323.0,92779.0,61370.17327196887,2011,0.01238375484712261,0.01657887512439518,0.10004375278816788
056,84979.0,80833.0,640.0,1455.0,8335.0,35345.0,55749.285613240914,2011,0.007531272432012615,0.01712187716965368,0.09808305581378929
057,82632.0,79014.0,478.0,1152.0,9865.0,34110.0,49263.55557184751,2011,0.005784683899699874,0.013941330235259947,0.11938474198857585
058,58746.0,56330.0,382.0,680.0,8460.0,23617.0,41993.8667485286,2011,0.006502570387771083,0.01157525618765533,0.14400980492288837
059,3669.0,3606.0,16.0,7.0,625.0,1610.0,38925.154947106406,2011,0.004360861270100845,0.0019078768056691197,0.17034614336331425
060,669860.0,520757.0,50115.0,60718.0,47427.0,263475.0,74198.73686687542,2011,0.07481414026811573,0.09064282088794673,0.0708013614785179
061,296205.0,138536.0,60787.0,76382.0,52844.0,115050.0,53704.20753585397,2011,0.20521935821474993,0.25786870579497306,0.1784034705693692
062,166190.0,141894.0,3174.0,13130.0,15475.0,58909.0,68367.87627553186,2011,0.019098622059088993,0.07900595703712618,0.09311631265419099
063,267811.0,211058.0,13331.0,21672.0,21167.0,104944.0,66525.06412896338,2011,0.04977764169507601,0.08092274029072742,0.07903708212134677
064,715397.0,606363.0,23044.0,52965.0,39229.0,276572.0,80599.0164474517,2011,0.03221148537105971,0.07403581507890025,0.054835287260080766
065,288470.0,154800.0,64317.0,49579.0,44120.0,110695.0,54441.084809611995,2011,0.22295905986757722,0.17186882518112803,0.1529448469511561
066,237732.0,106790.0,54889.0,62774.0,34180.0,85636.0,59478.37429352142,2011,0.23088603974223074,0.2640536402335403,0.14377534366429426
067,332864.0,251547.0,23236.0,44403.0,35258.0,130183.0,64322.671078405016,2011,0.06980628725245146,0.13339682272639877,0.10592313978081139
068,462223.0,360256.0,19617.0,52019.0,23876.0,169331.0,112878.78963095948,2011,0.04244055358560695,0.11254091639749644,0.05165472077330639
069,121700.0,62338.0,17515.0,29765.0,13213.0,45451.0,82712.63028316209,2011,0.14391947411668035,0.24457682826622842,0.10857025472473295
070,1673353.0,826112.0,227570.0,442249.0,164247.0,611992.0,74813.6775431705,2011,0.13599640960395087,0.2642891248887712,0.09815442408146996
071,393883.0,71678.0,188084.0,113143.0,82282.0,136367.0,42734.01129305477,2011,0.47751235773059514,0.2872502748278042,0.20889959708847552
072,179338.0,38190.0,46499.0,85447.0,27287.0,59494.0,48813.62848354456,2011,0.25928135699071025,0.4764578616913315,0.15215403316642317
073,244999.0,53811.0,59283.0,68568.0,39859.0,94549.0,61808.92417688183,2011,0.24197241621394372,0.27987053008379625,0.16269045996106107
074,458613.0,380071.0,6959.0,36727.0,15981.0,162023.0,102048.73709288187,2011,0.015174013819930965,0.08008277131263178,0.03484637373995068
075,197657.0,50732.0,45145.0,93686.0,42099.0,60912.0,47045.44462503283,2011,0.22840071436883086,0.4739827074173948,0.21299017995821043
076,489877.0,280740.0,37663.0,81850.0,30537.0,177183.0,86609.65608438733,2011,0.07688256439881848,0.16708275750851745,0.06233605578543185
077,601013.0,457316.0,44230.0,58389.0,39604.0,222587.0,86118.45296445885,2011,0.07359241813405035,0.09715097676755743,0.06589541324397309
078,361370.0,287914.0,9724.0,42755.0,17182.0,132826.0,91162.78641836789,2011,0.026908708525887594,0.11831363975980297,0.04754683565320862
079,254706.0,200414.0,8414.0,21254.0,10830.0,92990.0,117379.92643816612,2011,0.03303416488029336,0.08344522704608451,0.04251961084544534
080,1158113.0,873894.0,144530.0,67652.0,77071.0,435509.0,73723.69359797752,2011,0.1247978392436662,0.058415715910278186,0.06654877373796858
081,159218.0,55697.0,46898.0,49013.0,36088.0,56892.0,46727.46129508543,2011,0.294552123503624,0.30783579746008616,0.22665778994837268
082,251475.0,181117.0,24570.0,28536.0,22747.0,99554.0,60902.723175362116,2011,0.0977035490605428,0.11347450044736057,0.09045431951486231
083,241479.0,144371.0,37642.0,49697.0,29939.0,80974.0,57852.168757872896,2011,0.15588104969790334,0.20580257496511084,0.12398179551845089
084,58556.0,23140.0,15239.0,12003.0,13530.0,24612.0,40284.065902811635,2011,0.2602466015438213,0.2049832638841451,0.23106086481317029
085,310209.0,220645.0,17581.0,23019.0,12294.0,110259.0,105545.35525205318,2011,0.056674693513083116,0.07420481030531029,0.03963134531880119
086,266093.0,136218.0,68106.0,44728.0,31458.0,93209.0,66409.61761203317,2011,0.2559481083681269,0.16809160706970872,0.11822182470038671
087,451835.0,388877.0,13183.0,36873.0,46900.0,176968.0,60888.327550743634,2011,0.029176579946219305,0.08160722387597243,0.10379895315767924
088,891991.0,532921.0,67335.0,121270.0,48122.0,316992.0,86998.14475444175,2011,0.0754884298159959,0.13595428653428118,0.053948974821494834
089,109273.0,39287.0,16080.0,35379.0,17113.0,34959.0,62994.36248176435,2011,0.14715437482269178,0.32376707878432914,0.15660776221024406
100,1506425.0,704870.0,203676.0,393798.0,264759.0,692251.0,72886.5697124309,2011,0.13520487246295038,0.2614122840499859,0.17575319050068872
101,60405.0,45526.0,2033.0,5939.0,4241.0,31891.0,99227.82656548869,2011,0.033656154291863256,0.09831967552354938,0.0702094197500207
102,12768.0,8219.0,153.0,1592.0,645.0,6031.0,168161.3770518985,2011,0.011983082706766917,0.12468671679197994,0.050516917293233085
103,466034.0,301599.0,44302.0,78238.0,50626.0,163747.0,72259.44505242845,2011,0.09506173369324984,0.1678804550740933,0.10863155907079741
104,1372499.0,153863.0,413869.0,731026.0,383453.0,475130.0,36644.53958916507,2011,0.3015441177006322,0.5326240674856594,0.2793830815177279
105,641906.0,432552.0,66691.0,100566.0,40845.0,229180.0,101570.2465616546,2011,0.10389527438596928,0.15666779871196093,0.0636308119880481
106,81373.0,40308.0,12576.0,21493.0,6670.0,31340.0,84607.2712507977,2011,0.1545475772061986,0.26412937952392074,0.08196822041709166
107,226650.0,107554.0,33128.0,67926.0,29911.0,86089.0,64885.60280639803,2011,0.14616368850650782,0.29969556585043017,0.13196999779395543
108,85359.0,44864.0,14897.0,20163.0,8843.0,31634.0,82727.09888095087,2011,0.17452172588713552,0.23621410747548588,0.1035977459904638
109,533954.0,364260.0,52269.0,82564.0,60600.0,170462.0,81593.25267722495,2011,0.09789045498301352,0.15462755218614338,0.11349292261131108
110,248162.0,148552.0,25818.0,32392.0,11602.0,83793.0,99684.55855501056,2011,0.10403687913540349,0.13052763920342356,0.046751718635407516
111,197292.0,94568.0,10074.0,56087.0,31343.0,85813.0,51985.04931653712,2011,0.05106137096283681,0.2842842081787401,0.1588660462664477
112,2486119.0,886855.0,807108.0,492496.0,545963.0,907785.0,47055.280649052365,2011,0.3246457631352321,0.19809832111817657,0.2196045322046129
113,1148768.0,374263.0,47773.0,362618.0,155954.0,406825.0,57091.164842376944,2011,0.04158629070447645,0.3156581659656258,0.135757611632636
114,743214.0,101747.0,301340.0,161501.0,88556.0,232246.0,61536.94703460985,2011,0.4054552255474197,0.21730080434437457,0.11915276084680859
115,711202.0,417153.0,110229.0,128019.0,47202.0,235693.0,93535.45840139504,2011,0.15498972162620464,0.18000371202555673,0.06636932967005155
116,113026.0,41832.0,42786.0,24568.0,22559.0,39454.0,48962.60488163431,2011,0.3785500681259179,0.21736591580698247,0.19959124449241766
117,1566240.0,1159330.0,94744.0,227440.0,74425.0,512518.0,94907.97197952072,2011,0.06049136786188579,0.145214015731944,0.047518260292164674
118,71376.0,54010.0,725.0,5495.0,2432.0,24039.0,104403.04750613586,2011,0.010157475902264066,0.07698666218336696,0.03407307778524994
119,244994.0,188431.0,12850.0,34587.0,18021.0,92610.0,75795.0560090703,2011,0.052450264088100114,0.14117488591557345,0.07355690343436982
120,328350.0,296532.0,7481.0,13345.0,28394.0,131505.0,62660.389346880416,2011,0.022783615044921577,0.040642606974265263,0.0864747982335922
121,282310.0,247297.0,11903.0,9989.0,30328.0,112943.0,58903.84352283896,2011,0.042162870603237576,0.03538308951152988,0.10742800467571109
122,151958.0,98433.0,31010.0,9478.0,25458.0,61781.0,51260.56509282789,2011,0.20406954553231815,0.062372497663828165,0.16753313415549034
123,161129.0,125231.0,14039.0,8819.0,18104.0,61187.0,59190.53570202821,2011,0.08712894637216144,0.054732543489998696,0.11235717965108702
124,154256.0,129375.0,7552.0,11656.0,18666.0,62889.0,53306.865247549955,2011,0.048957577014832485,0.07556270096463022,0.12100663831552744
125,447231.0,338368.0,33506.0,55191.0,39797.0,160803.0,70084.68027147408,2011,0.07491877799168663,0.12340602507429047,0.08898533420089394
126,87209.0,55034.0,15269.0,10811.0,12358.0,31554.0,60718.153989985425,2011,0.175085140295153,0.12396656308408535,0.14170555791260075
127,98819.0,75371.0,6959.0,12156.0,15387.0,37607.0,48365.31810567182,2011,0.07042168004128761,0.12301278094293608,0.1557089223732278
128,224600.0,211960.0,3776.0,4541.0,21397.0,92805.0,55166.4442756317,2011,0.016812110418521816,0.020218165627782725,0.09526714158504007
129,164064.0,146835.0,7367.0,4768.0,20719.0,62498.0,47526.09592306954,2011,0.04490320850399844,0.029061829529939538,0.1262860834796177
130,383873.0,355903.0,7759.0,7835.0,35058.0,152312.0,58420.873614685646,2011,0.020212414001505707,0.020410396146642248,0.0913270795289067
131,181368.0,169713.0,2539.0,4261.0,19216.0,67204.0,56126.471669469705,2011,0.013999161924926118,0.023493670327731465,0.10595033302456883
132,229541.0,155104.0,43219.0,13234.0,49626.0,90181.0,40907.819718122446,2011,0.18828444591598015,0.05765418814068075,0.21619667074727392
133,144383.0,137657.0,1607.0,2185.0,18212.0,55983.0,48178.62311773217,2011,0.011130119196858355,0.015133360575691044,0.12613673354896351
134,186165.0,171429.0,4622.0,4929.0,20231.0,72861.0,50980.844075243716,2011,0.02482743802540757,0.026476512770929016,0.10867241425617061
135,71420.0,50230.0,8072.0,6151.0,17813.0,28146.0,35774.04704043203,2011,0.1130215625875105,0.08612433492019042,0.2494119294315318
136,236355.0,208476.0,8124.0,8621.0,35568.0,89770.0,44535.756670271716,2011,0.0343720251316875,0.036474794271329145,0.15048549850859935
137,138778.0,128679.0,2715.0,3168.0,17284.0,57085.0,48971.74110536918,2011,0.019563619593883756,0.022827825736067675,0.1245442361181167
138,139392.0,129498.0,1911.0,3487.0,17099.0,55450.0,48287.3506777122,2011,0.013709538567493114,0.025015782828282828,0.12266844582185492
139,82356.0,65873.0,6026.0,3798.0,17072.0,31624.0,38649.8759486466,2011,0.07317013939482248,0.046116858516683665,0.20729515760843167
140,443108.0,404600.0,11142.0,12811.0,37669.0,173022.0,59279.56577198275,2011,0.025145111349828934,0.028911687444144542,0.08501087770927178
141,199672.0,187339.0,2686.0,4403.0,18456.0,80856.0,54529.305058750775,2011,0.01345206138066429,0.02205116390881045,0.09243158780399856
142,566808.0,388015.0,113406.0,33527.0,104985.0,240813.0,43301.594913895846,2011,0.20007833340390396,0.05915054127676391,0.18522145064995554
143,66888.0,50760.0,11226.0,1790.0,12135.0,28779.0,36683.21595607908,2011,0.16783279512020094,0.02676115297213252,0.1814226767133118
144,303655.0,276035.0,9278.0,9182.0,28457.0,117059.0,58306.82701031104,2011,0.030554412079498116,0.03023826381913685,0.09371490671979714
145,318951.0,291388.0,8294.0,8067.0,25874.0,122628.0,65917.62070512245,2011,0.02600399434395879,0.025292286275948345,0.08112217864186035
146,478293.0,304672.0,99296.0,45884.0,85917.0,192146.0,45300.24409584106,2011,0.207604961812111,0.09593282778547878,0.1796325683210919
147,179799.0,165513.0,2963.0,5376.0,29692.0,73142.0,42043.56255386678,2011,0.01647951323422266,0.029900055061485326,0.1651399618462839
148,283857.0,253139.0,6943.0,7028.0,42054.0,112763.0,47464.644641732666,2011,0.02445949897307447,0.024758945525387783,0.1481520624821653
149,49514.0,41578.0,4190.0,1584.0,10291.0,19616.0,37987.00545473083,2011,0.08462253100133296,0.03199095205396454,0.2078402068101951
150,444938.0,405612.0,20865.0,5397.0,47430.0,183438.0,52777.347698313606,2011,0.046894174019751066,0.012129779879443877,0.1065991216753795
151,367326.0,310344.0,38675.0,4488.0,40192.0,156541.0,52056.75133671051,2011,0.10528794585735832,0.012218029761029712,0.10941779236972063
152,688344.0,523988.0,113165.0,12307.0,95016.0,299220.0,49317.58227057015,2011,0.1644018107225457,0.017879141824436617,0.13803563334611763
153,184625.0,173181.0,6216.0,1878.0,18153.0,72066.0,54278.28218577415,2011,0.03366824644549763,0.010171970209884902,0.09832362897765741
154,145913.0,135476.0,5907.0,1217.0,27585.0,57595.0,37277.42443964917,2011,0.04048302755751715,0.00834058651388156,0.18905100984833428
155,89443.0,85473.0,1907.0,1050.0,11354.0,34572.0,40972.190211732035,2011,0.02132084120613128,0.011739320013863578,0.12694118041657815
156,312455.0,300440.0,4010.0,2552.0,27350.0,130097.0,51639.219617761926,2011,0.012833848074122673,0.008167576130962858,0.0875326046950761
157,111674.0,106071.0,2433.0,1108.0,18396.0,44023.0,41551.18365399905,2011,0.0217866289378011,0.009921736482977237,0.16472948045203
158,89875.0,87270.0,423.0,1137.0,11115.0,36922.0,43009.26342018309,2011,0.00470653685674548,0.012650904033379694,0.12367176634214186
159,146839.0,138333.0,4334.0,1810.0,19494.0,60613.0,42369.0493458499,2011,0.029515319499587984,0.012326425540898535,0.13275764612943428
160,192935.0,185219.0,2150.0,1970.0,16521.0,76201.0,59391.62588417475,2011,0.011143649415606293,0.010210692720346231,0.08562987534661932
161,223798.0,207056.0,9828.0,2298.0,28134.0,89356.0,43992.6514056135,2011,0.04391460156033566,0.0102681882769283,0.1257115791919499
162,88099.0,84367.0,1927.0,849.0,11751.0,34506.0,43411.026082420445,2011,0.02187312001271297,0.009636885776229015,0.13338403387098605
163,150832.0,145363.0,1783.0,1371.0,21945.0,62460.0,40814.08251681076,2011,0.011821098971040628,0.009089583112336905,0.14549299883313885
164,129649.0,122466.0,2577.0,1946.0,15595.0,47533.0,48168.608482527925,2011,0.019876744132233955,0.01500975711343705,0.12028631150259547
165,187099.0,156249.0,16519.0,7562.0,31587.0,74330.0,44086.521646710615,2011,0.08829015654813761,0.04041710538271183,0.16882506052945231
166,209136.0,197056.0,6329.0,2617.0,26738.0,81257.0,43000.26408801703,2011,0.03026260423839033,0.012513388417106572,0.12784982021268457
167,48645.0,46219.0,1029.0,800.0,6956.0,19290.0,40439.19599896077,2011,0.021153253160653716,0.016445677870284715,0.14299516908212562
168,194947.0,174761.0,4930.0,4572.0,31174.0,73693.0,45854.7036760615,2011,0.02528892468209308,0.02345252812302831,0.15991012941979102
169,65367.0,63176.0,511.0,705.0,9411.0,26471.0,42471.85742888444,2011,0.007817400217234996,0.010785258616733214,0.1439717288540089
170,610966.0,554286.0,12226.0,24284.0,50228.0,242488.0,57056.289119854824,2011,0.02001093350530144,0.03974689262577623,0.08221079405400628
171,164046.0,95470.0,43056.0,14081.0,23344.0,68132.0,53333.79756942406,2011,0.26246296770418054,0.08583568023603136,0.1423015495653658
172,203199.0,186659.0,5636.0,6881.0,20108.0,79015.0,50166.798443333544,2011,0.02773635697026068,0.03386335562675013,0.09895717990738144
173,335702.0,312299.0,5725.0,11089.0,23253.0,129193.0,60675.027811104315,2011,0.017053815586442738,0.03303227267040411,0.06926679018891756
174,173047.0,130666.0,16895.0,17040.0,23134.0,67262.0,53079.32764413785,2011,0.09763243511878276,0.09847035776407566,0.1336862239738337
175,322088.0,296707.0,4577.0,11865.0,25007.0,117387.0,59111.760025900774,2011,0.01421040212612702,0.03683775862497206,0.07764027222374009
176,163877.0,114695.0,11023.0,30416.0,22117.0,64625.0,50025.585005802706,2011,0.06726386253104462,0.1856026165965938,0.13496097683018363
177,170179.0,159209.0,5612.0,1987.0,23573.0,67464.0,42794.57777481323,2011,0.032977041820671175,0.011675941214838493,0.13851885367759828
178,238116.0,221040.0,6773.0,6272.0,28807.0,91493.0,43531.88337905632,2011,0.028444119672764535,0.02634010314300593,0.12097885064422383
179,124840.0,116429.0,3420.0,3149.0,13499.0,49890.0,45036.36895169372,2011,0.027395065684075615,0.025224287087471965,0.1081304069208587
180,529627.0,446304.0,17106.0,44200.0,40690.0,203331.0,63209.26477516955,2011,0.032298202319745783,0.08345495981133892,0.076827654179262
181,165807.0,96250.0,12168.0,49940.0,30695.0,61966.0,46297.358922634994,2011,0.0733865277099278,0.3011935563637241,0.18512487410061096
182,137876.0,120207.0,2127.0,13170.0,17775.0,55903.0,44603.45694096601,2011,0.015426905335228756,0.09552061272447707,0.12892018915547304
183,176818.0,133271.0,15930.0,20034.0,17552.0,64120.0,58722.29136830939,2011,0.09009263762739088,0.11330294427037971,0.09926591184155459
184,200372.0,179307.0,7318.0,8965.0,20105.0,77448.0,52316.59217119537,2011,0.036522068951749746,0.04474178028866309,0.10033837063062703
185,118601.0,103049.0,3989.0,7611.0,18930.0,48184.0,40445.689876307486,2011,0.03363378049088962,0.06417315199703207,0.15961079586175497
186,177506.0,166409.0,3201.0,4871.0,21560.0,71794.0,45985.110078836675,2011,0.01803319324417203,0.02744132592701092,0.12146068301916554
187,134555.0,118355.0,6690.0,6039.0,19681.0,55512.0,44274.40992938464,2011,0.0497194455798744,0.04488127531492698,0.14626732562892497
188,78178.0,75789.0,305.0,924.0,9672.0,31129.0,44679.025924379195,2011,0.003901353321906419,0.011819181867021413,0.12371766993271764
189,363400.0,331274.0,4534.0,12163.0,14981.0,132327.0,87916.81756072491,2011,0.012476609796367638,0.03347000550357732,0.04122454595487066
190,1120328.0,854709.0,150344.0,39563.0,82805.0,422837.0,74105.6085749355,2011,0.1341964139073557,0.03531376525446119,0.07391139023571669
191,1514620.0,561560.0,645312.0,181480.0,376556.0,578174.0,38899.80632128045,2011,0.42605538022738376,0.1198188324464222,0.24861417385218734
193,429483.0,349006.0,28823.0,29597.0,26877.0,154938.0,88151.01403787322,2011,0.06711092173613391,0.06891308852736895,0.06257989256850678
194,507802.0,402777.0,39790.0,22067.0,29415.0,197473.0,77964.00083555726,2011,0.0783573124958153,0.04345591391920473,0.057926120810867225
195,216955.0,200651.0,4506.0,7762.0,12394.0,79396.0,65259.39622047244,2011,0.020769283952893458,0.03577700444792699,0.05712705399737273
196,210812.0,133449.0,12046.0,57044.0,40214.0,80901.0,49726.89279489747,2011,0.05714095971766313,0.27059180691801227,0.19075764187996888
197,315508.0,198742.0,69508.0,24426.0,29561.0,111870.0,70403.92056308805,2011,0.2203050318850869,0.07741800524867833,0.09369334533514205
198,215881.0,132835.0,52373.0,20521.0,25935.0,87233.0,64044.324200703864,2011,0.24260124790972803,0.0950569989948166,0.12013563027779194
199,359467.0,255376.0,63364.0,25249.0,41309.0,133734.0,54203.29889930758,2011,0.17627209173581998,0.07024010548951642,0.11491736376357217
200,593336.0,201852.0,304560.0,53339.0,101794.0,259898.0,68286.04692225411,2011,0.5133010638154435,0.08989678698073267,0.17156215028247063
201,820954.0,497277.0,67880.0,118031.0,38866.0,277117.0,111585.92225971167,2011,0.08268429168991198,0.14377297631779612,0.04734248203918855
202,0.0,0.0,0.0,0.0,0.0,0.0,,2011,,,
203,619.0,377.0,209.0,33.0,39.0,238.0,22368.0,2011,0.3376413570274637,0.05331179321486268,0.0630048465266559
204,0.0,0.0,0.0,0.0,0.0,0.0,,2011,,,
205,0.0,0.0,0.0,0.0,0.0,0.0,,2011,,,
206,333452.0,204428.0,97401.0,12974.0,18864.0,115435.0,90870.05123229523,2011,0.2920990127514605,0.03890814869906313,0.0565718604176913
207,958601.0,210954.0,553904.0,127524.0,72055.0,335556.0,77596.71791891666,2011,0.5778253934640168,0.13303136550034894,0.07516683166406044
208,662757.0,373576.0,78295.0,89794.0,32445.0,245481.0,111485.75328436824,2011,0.11813530449320038,0.13548555503751752,0.04895459421779023
209,306557.0,107546.0,86796.0,72682.0,28499.0,112989.0,74209.16583915248,2011,0.2831316851352277,0.2370913076524105,0.09296476674810883
210,714594.0,518351.0,92492.0,33007.0,41165.0,270825.0,88316.17376534663,2011,0.12943293674450107,0.04618986445450144,0.05760613719118828
211,456288.0,326841.0,83679.0,17535.0,24676.0,167739.0,88587.4956390583,2011,0.1833907532084999,0.038429675994108986,0.054079879374430186
212,1193329.0,536439.0,542570.0,46856.0,184542.0,463855.0,51114.17764818747,2011,0.45466924879894816,0.03926494705148371,0.15464469563716293
214,91538.0,65326.0,12769.0,9684.0,5289.0,36253.0,88613.55769177723,2011,0.1394939806419192,0.10579213004435316,0.057779282920754224
215,104226.0,94948.0,5757.0,1317.0,13668.0,40699.0,40689.36836285904,2011,0.055235737723792526,0.012636002532957227,0.1311381037361119
216,169165.0,133289.0,24674.0,6982.0,16565.0,65071.0,63883.56011126308,2011,0.14585759465610498,0.04127331303756687,0.09792214701622676
217,468275.0,385329.0,35874.0,23514.0,31757.0,171135.0,77106.63786342519,2011,0.07660883028135176,0.05021408360471945,0.0678169878810528
218,177033.0,122203.0,41060.0,6715.0,23721.0,67396.0,52688.38208016145,2011,0.2319341591680647,0.03793078126676947,0.13399196759926116
219,100716.0,88294.0,6027.0,3275.0,9364.0,35943.0,66557.65111426426,2011,0.05984153461217681,0.032517177012589854,0.09297430398347829
220,472758.0,255180.0,43303.0,74277.0,27035.0,168324.0,106894.43699650673,2011,0.09159654622449541,0.1571142106532306,0.057185706006032684
221,431427.0,225627.0,61274.0,72552.0,21995.0,148071.0,110903.41094474948,2011,0.14202634512907167,0.1681674999478475,0.05098197377540117
222,203422.0,129776.0,16816.0,30329.0,14288.0,92684.0,103527.558068275,2011,0.0826655917255754,0.1490940016320752,0.07023822398757264
223,312310.0,163661.0,60416.0,56084.0,22976.0,132093.0,89147.23826395039,2011,0.19344881688066345,0.17957798341391565,0.07356792930101502
224,212060.0,146866.0,39782.0,15331.0,16636.0,75702.0,70618.69489577554,2011,0.1875978496651891,0.0722955767235688,0.07844949542582288
225,183729.0,126844.0,37007.0,11885.0,12568.0,64350.0,77312.49924601632,2011,0.2014216590739622,0.06468766498484181,0.06840509663689456
226,181990.0,155339.0,9100.0,11961.0,17834.0,69679.0,61619.71694484708,2011,0.0500027474037035,0.0657233913951316,0.09799439529644485
227,75681.0,57378.0,10291.0,5169.0,6061.0,26721.0,65916.28298494044,2011,0.13597864721660655,0.06829983747572047,0.0800861510815132
228,162155.0,139911.0,4624.0,12838.0,24803.0,60065.0,47432.528057146665,2011,0.0285159261200703,0.07917116339304986,0.1529585890043477
229,249976.0,195386.0,30253.0,11000.0,30047.0,97670.0,57509.215818572746,2011,0.12102361826735367,0.044004224405542934,0.12019953915575896
230,216112.0,156050.0,41542.0,4957.0,16890.0,82361.0,67627.91007906338,2011,0.192224402161842,0.022937180721107574,0.07815392018953135
231,360868.0,287329.0,47117.0,11469.0,19727.0,132456.0,78451.31917576527,2011,0.13056574703215582,0.03178170411341543,0.05466541782590864
232,531407.0,258867.0,200624.0,36826.0,84525.0,216657.0,52073.24442321273,2011,0.3775336041866216,0.0692990495044288,0.15905887577694686
233,252302.0,155087.0,71805.0,12194.0,20303.0,91581.0,68211.28069887891,2011,0.28459940864519506,0.04833096844258072,0.08047102282185635
234,567364.0,355821.0,131747.0,32006.0,46884.0,213022.0,65234.14993521492,2011,0.2322089522775502,0.05641175682630551,0.08263478119866612
235,241943.0,107596.0,102607.0,15608.0,37685.0,85076.0,44442.44881047534,2011,0.42409575809178196,0.06451106252299095,0.15575982772801858
236,385096.0,194254.0,145890.0,21634.0,46288.0,147091.0,56909.49829697262,2011,0.3788406007852587,0.05617819972162785,0.12019859982965286
237,96066.0,39148.0,49739.0,2911.0,15173.0,36899.0,46161.737093146156,2011,0.5177586242791414,0.030302083983927718,0.15794349717902276
238,336668.0,185248.0,129053.0,12505.0,38388.0,118487.0,53888.05190168307,2011,0.383324224458517,0.037143417253793054,0.11402331079876911
239,107626.0,63791.0,40072.0,2195.0,19082.0,37755.0,36503.0953251225,2011,0.37232638953412744,0.020394700165387546,0.17729916562912307
240,354550.0,283512.0,42368.0,12003.0,54898.0,144693.0,46536.75497778054,2011,0.1194979551544211,0.03385418135664928,0.1548385277111832
241,228427.0,194777.0,24237.0,4908.0,31515.0,93481.0,45458.81221852569,2011,0.10610391941407978,0.021486076514597663,0.13796530182509073
242,197104.0,187223.0,5449.0,1723.0,36477.0,79964.0,35285.05301135511,2011,0.02764530400194821,0.008741578050166409,0.18506473739751603
243,152262.0,143024.0,4196.0,3348.0,26030.0,62718.0,36318.09027268378,2011,0.027557762278178403,0.02198841470623005,0.17095532700214106
244,143641.0,129023.0,8686.0,2976.0,17010.0,57196.0,45413.178147143735,2011,0.06047020001253124,0.020718318585919063,0.11842022820782368
245,377901.0,268005.0,91863.0,7952.0,60997.0,151428.0,42600.301093589034,2011,0.2430874752911477,0.021042548180608148,0.16140999891505978
246,70391.0,67112.0,1827.0,210.0,13477.0,27700.0,35244.795812274366,2011,0.025955022659146766,0.0029833359378329616,0.19145913540083248
247,61134.0,55771.0,3618.0,479.0,12674.0,25049.0,33543.15178250629,2011,0.05918147021297478,0.00783524716197206,0.20731507835247162
248,39298.0,36618.0,2274.0,78.0,10445.0,14726.0,29464.92027706098,2011,0.057865540231055015,0.0019848338337828896,0.26578960761361903
249,53073.0,49887.0,1556.0,671.0,8418.0,22236.0,37961.41374347905,2011,0.029318109019652178,0.01264296346541556,0.15861172347521338
250,68038.0,63269.0,1430.0,601.0,10633.0,27245.0,41170.78797003525,2011,0.021017666598077543,0.00883329903877245,0.15628031394220876
251,76093.0,71636.0,2330.0,591.0,12682.0,30123.0,39978.70676891412,2011,0.03062042500624236,0.007766811664673492,0.16666447636444875
252,58240.0,56270.0,89.0,325.0,10043.0,22332.0,39056.94731182796,2011,0.0015281593406593407,0.005580357142857143,0.17244162087912088
253,117349.0,102292.0,6632.0,1168.0,16114.0,51372.0,46886.56102546134,2011,0.05651518121159959,0.009953216473936719,0.1373168923467605
254,175653.0,152978.0,10299.0,6453.0,19317.0,67225.0,54868.03440684269,2011,0.05863264504449113,0.036737203463647075,0.10997250260456695
255,140546.0,137371.0,596.0,749.0,23684.0,55239.0,44804.548489291985,2011,0.004240604499594439,0.005329216057376233,0.16851422310133338
256,52609.0,50322.0,1293.0,277.0,11597.0,21217.0,34593.75585615308,2011,0.02457754376627573,0.005265258796023494,0.2204375677165504
257,76100.0,67981.0,4409.0,959.0,17964.0,32419.0,33238.43314105926,2011,0.05793692509855453,0.012601839684625494,0.23605781865965833
258,90607.0,79805.0,7285.0,1214.0,15474.0,35551.0,38164.925546005354,2011,0.08040217643228448,0.013398523292902314,0.17078150694758684
259,45185.0,43042.0,1170.0,322.0,9052.0,18756.0,31903.08243517234,2011,0.02589354874405223,0.007126258714175058,0.2003319685736417
260,132677.0,126283.0,2762.0,1232.0,19707.0,55612.0,39607.23004027908,2011,0.020817474015842986,0.009285708902070441,0.1485336569262193
261,132496.0,127991.0,1068.0,946.0,21823.0,54520.0,41033.71241746148,2011,0.008060620697983335,0.007139838183794228,0.16470685907499094
262,84650.0,82426.0,683.0,523.0,15857.0,33436.0,34582.756458670505,2011,0.0080685174246899,0.006178381571175428,0.18732427643236857
263,89211.0,84061.0,2032.0,1268.0,15536.0,34815.0,40939.41471965974,2011,0.022777460178677517,0.014213493851655065,0.1741489278228021
264,59457.0,57670.0,351.0,394.0,12009.0,22943.0,35605.06154382601,2011,0.005903426005348403,0.0066266377381973525,0.20197789999495433
265,173453.0,158684.0,5886.0,2630.0,30607.0,66933.0,40562.67300277952,2011,0.03393426461346878,0.015162608891169365,0.17645702293993185
266,31003.0,30538.0,167.0,97.0,5398.0,12401.0,40194.361449673095,2011,0.005386575492694255,0.0031287294777924716,0.17411218269199755
267,56083.0,53713.0,957.0,439.0,9200.0,22651.0,35525.50743896516,2011,0.01706399443681686,0.007827683968403974,0.16404257974787367
268,33279.0,31896.0,565.0,591.0,5093.0,13214.0,34466.11624035114,2011,0.016977673607981008,0.017758947083746507,0.15303945431052615
270,286774.0,247254.0,17664.0,16407.0,39490.0,113592.0,48000.957787520245,2011,0.06159554213422416,0.05721229958085461,0.13770425491850727
271,247619.0,127803.0,78656.0,32762.0,46653.0,98783.0,43178.33271919257,2011,0.31764929185563306,0.13230810236694276,0.18840638238584276
272,575739.0,400135.0,97748.0,53661.0,88337.0,227043.0,45779.20627370146,2011,0.16977831968999843,0.09320369125593368,0.15343237126545187
273,381386.0,275290.0,60336.0,34862.0,59019.0,146622.0,48048.51756898692,2011,0.15820192665698268,0.09140870404262348,0.15474873225551017
274,298712.0,152122.0,107583.0,20776.0,50081.0,122247.0,45736.48307115921,2011,0.36015627092316344,0.06955194300865047,0.16765647178553256
275,1035744.0,680360.0,206310.0,87102.0,128568.0,383251.0,60366.13173351146,2011,0.19919014737232366,0.08409607007136899,0.12413105941236445
276,481736.0,278074.0,124673.0,49786.0,61960.0,189581.0,59603.7702248643,2011,0.25879942541142864,0.1033470614610492,0.12861816430576084
277,251416.0,104521.0,94131.0,33738.0,43093.0,101980.0,49549.223269268485,2011,0.3744033792598721,0.13419193686957076,0.1714011836955484
278,549636.0,281867.0,222158.0,29660.0,117253.0,216361.0,39001.47958273441,2011,0.4041911374073023,0.053962986412825945,0.21332845737906542
279,196526.0,127263.0,58854.0,6294.0,33081.0,76159.0,45389.015454509645,2011,0.29947182561086066,0.03202629677498143,0.1683288725155959
280,661033.0,510498.0,84254.0,44955.0,90733.0,252119.0,51769.74389561754,2011,0.1274580845434343,0.06800719479965447,0.13725941064969524
281,579159.0,436100.0,85542.0,39219.0,71334.0,211282.0,54244.79790990241,2011,0.14770037243658476,0.0677171553925606,0.12316824913365759
282,780138.0,368232.0,257315.0,97367.0,113145.0,308419.0,56545.25924472876,2011,0.329832670630068,0.12480740586921801,0.14503203279419796
283,819254.0,397668.0,245026.0,76181.0,163775.0,300073.0,40412.138753732535,2011,0.29908428887744215,0.09298825516872668,0.19990747680206628
284,464172.0,339604.0,82749.0,27345.0,79137.0,192471.0,45099.59113320968,2011,0.1782722783795662,0.058911351826478116,0.1704906801788992
285,487933.0,327176.0,102821.0,38280.0,74245.0,183956.0,44317.12044184479,2011,0.21072770236897279,0.07845339421600916,0.15216228457595612
286,631287.0,527888.0,41664.0,39166.0,108512.0,247192.0,38963.36890442494,2011,0.06599850781023528,0.06204151202226563,0.17189012287596608
287,534545.0,471391.0,13484.0,29351.0,77984.0,224596.0,43008.28542295602,2011,0.02522519151802,0.054908380024132675,0.14588855942904713
288,118063.0,95165.0,11664.0,6882.0,21260.0,52558.0,42301.75155066783,2011,0.09879471129820519,0.05829091247893074,0.18007335066871077
289,37741.0,35243.0,289.0,913.0,5868.0,15804.0,37573.773854720326,2011,0.007657454757425611,0.024191197901486446,0.1554807768739567
290,411809.0,271818.0,117275.0,12907.0,59701.0,155320.0,50572.93463816636,2011,0.2847800800856708,0.031342199903353254,0.14497254795305592
291,368149.0,184255.0,158164.0,17837.0,69009.0,139999.0,39286.343373881245,2011,0.42961952904937944,0.048450491512947204,0.18744856022968961
292,331065.0,148006.0,150660.0,16465.0,52110.0,127244.0,46629.4716686052,2011,0.4550767976077205,0.04973343603219912,0.15740111458474923
293,388497.0,271944.0,86305.0,17527.0,65122.0,147421.0,41576.1484426413,2011,0.2221510076010883,0.04511489149208359,0.16762549002952404
294,722687.0,451317.0,209571.0,35710.0,111710.0,275310.0,50889.001158693834,2011,0.28998861194403663,0.04941281633680971,0.15457590907266908
295,629389.0,395629.0,194741.0,22407.0,123663.0,247981.0,39872.72086974405,2011,0.3094127796958638,0.03560119417403228,0.19648103160366642
296,949467.0,712394.0,154769.0,53407.0,148327.0,367526.0,45878.631485704645,2011,0.16300619189503163,0.05624945364083217,0.15622133260029047
297,345701.0,243632.0,75994.0,14513.0,55066.0,131982.0,48627.38307496477,2011,0.21982580322301642,0.041981365399579404,0.1592879395778433
298,222200.0,136881.0,71631.0,9217.0,42807.0,85678.0,43897.9205393101,2011,0.32237173717371737,0.04148064806480648,0.19265076507650766
299,206900.0,124188.0,54464.0,22560.0,26190.0,80271.0,53440.537167843926,2011,0.2632382793620106,0.10903818269695505,0.12658289028516193
300,2163748.0,1039110.0,658951.0,261991.0,261523.0,765221.0,66244.41766626896,2011,0.304541471557686,0.12108202988518071,0.12086573852407952
301,1166692.0,814573.0,215149.0,95280.0,145623.0,414969.0,57392.8974140237,2011,0.18440942425250195,0.08166679809238428,0.12481700397362801
302,988206.0,474856.0,397000.0,69633.0,136233.0,343359.0,54713.00996094262,2011,0.4017380991412722,0.0704640530415723,0.13785890796048597
303,892185.0,343913.0,395975.0,95607.0,163131.0,370762.0,55312.17152243218,2011,0.4438261122973374,0.1071605104322534,0.18284436523815129
304,221825.0,131080.0,71533.0,13809.0,55694.0,77207.0,33351.03748364786,2011,0.32247492392651866,0.06225177504789812,0.25107179082610165
305,621416.0,485168.0,36763.0,79937.0,95404.0,225855.0,48962.598998348294,2011,0.05916004737567105,0.1286368551823577,0.1535267839901129
306,379796.0,260902.0,79647.0,23968.0,79631.0,136102.0,42864.534635787866,2011,0.20970994955186467,0.06310756300750929,0.20966782167268744
307,364605.0,294211.0,13900.0,48401.0,60908.0,131425.0,41913.830808445884,2011,0.03812344866362228,0.13274913947971093,0.1670520151945256
308,184334.0,106075.0,63067.0,8161.0,28351.0,64988.0,53232.704591616915,2011,0.3421343864940814,0.04427289593889353,0.1538023370620721
309,201166.0,95772.0,88829.0,6552.0,41284.0,75502.0,42163.73960954677,2011,0.441570643150433,0.03257011622242327,0.2052235467226072
310,535040.0,310729.0,190180.0,20397.0,99615.0,191906.0,42259.27700019802,2011,0.35545005980861244,0.03812238337320574,0.18618234150717702
312,168416.0,75782.0,81787.0,4614.0,37198.0,61926.0,40118.031381226174,2011,0.4856248812464374,0.0273964468934068,0.22086975109253276
313,202526.0,129926.0,52335.0,11505.0,26301.0,72452.0,54154.31389057583,2011,0.2584112657140318,0.05680752100964814,0.12986480748150855
314,234176.0,114353.0,99177.0,12214.0,43582.0,90807.0,45581.4876276058,2011,0.4235147922929762,0.05215735173544684,0.18610788466794206
315,332307.0,231429.0,73080.0,20747.0,61428.0,121975.0,42848.2075343308,2011,0.21991712482734338,0.06243323192108502,0.1848531628885338
316,188711.0,113677.0,58558.0,11575.0,42128.0,68999.0,38515.21419151002,2011,0.31030517563893995,0.06133717695311879,0.2232408285685519
317,372368.0,192579.0,153131.0,19672.0,88101.0,134980.0,36568.61820269669,2011,0.41123565934774203,0.052829459029776996,0.23659659261805527
318,84947.0,53783.0,26284.0,2542.0,12720.0,31573.0,50365.58214297026,2011,0.3094164596748561,0.02992454118450328,0.1497404263835097
319,189206.0,83319.0,83470.0,12930.0,33067.0,70835.0,41177.000155290465,2011,0.441159371267296,0.06833821337589717,0.1747671849729924
320,590979.0,469250.0,65294.0,34031.0,71278.0,214844.0,55176.501568579995,2011,0.11048446729917645,0.057584110433704074,0.12061003859697214
321,556933.0,446988.0,57172.0,34222.0,85154.0,234436.0,43363.265242042486,2011,0.10265507700208104,0.06144724769406733,0.15289810443985183
322,898606.0,524109.0,249711.0,65204.0,126759.0,343251.0,52137.637414020646,2011,0.2778870828817079,0.07256127824652851,0.14106182242273033
323,424028.0,252125.0,130597.0,23653.0,86354.0,162492.0,48018.73237035487,2011,0.30799145339458717,0.055781693661739316,0.20365164564604224
324,337657.0,265761.0,41261.0,15070.0,47689.0,129036.0,44624.58034966986,2011,0.1221979701294509,0.04463109012992474,0.1412350402923677
325,638480.0,474455.0,89209.0,32615.0,84103.0,243839.0,50905.61404861404,2011,0.139720899636637,0.05108225786242326,0.1317237814810174
326,354439.0,247547.0,58040.0,26393.0,73264.0,138308.0,42614.16509529456,2011,0.1637517316096705,0.07446415321113083,0.20670411551776188
327,930907.0,642236.0,96547.0,146544.0,109393.0,347989.0,54203.98443054235,2011,0.10371283060499062,0.1574206660815742,0.11751227566233792
328,872167.0,364087.0,187057.0,252333.0,136013.0,313226.0,49426.93300364593,2011,0.21447383356627803,0.28931729817798657,0.15594834475507557
329,614222.0,478192.0,55788.0,54172.0,70229.0,250838.0,51639.02347331744,2011,0.09082709508939764,0.08819612452826503,0.11433813832783586
330,1607294.0,499978.0,332216.0,710183.0,247427.0,554509.0,49974.71007127296,2011,0.20669273947392325,0.4418500908981182,0.15394010056654228
331,1862499.0,334853.0,324834.0,1152827.0,306749.0,641289.0,49374.69196571281,2011,0.1744076104201935,0.6189678491102546,0.1646975380926379
333,765167.0,348222.0,213107.0,167627.0,103002.0,297276.0,55601.92346842665,2011,0.2785104428183651,0.2190724377815562,0.13461375098507908
334,1416648.0,866596.0,232955.0,261624.0,188291.0,568306.0,55066.87574123799,2011,0.1644409902812837,0.18467819811272806,0.13291304544248111
335,702156.0,472088.0,63284.0,132079.0,83695.0,258848.0,56234.467749163596,2011,0.09012811967710879,0.18810492255282302,0.11919715846620979
336,719688.0,341861.0,142465.0,193758.0,125073.0,281572.0,48714.27828406233,2011,0.19795383555096097,0.2692249974989162,0.17378780805015506
337,729382.0,546159.0,86533.0,58451.0,96985.0,321271.0,45166.42535118327,2011,0.11863879284106271,0.08013770561927769,0.13296873243375898
338,703042.0,467153.0,90165.0,121550.0,116408.0,261782.0,43583.35722471369,2011,0.1282498058437476,0.17289151999453803,0.1655775899590636
339,729597.0,532047.0,56417.0,119901.0,97085.0,290182.0,48788.82139964779,2011,0.07732624997087433,0.164338669155712,0.1330666107453841
341,371228.0,249585.0,21372.0,92297.0,49385.0,140798.0,59202.627501811105,2011,0.057571088387729376,0.24862618121477906,0.13303145236889458
342,752652.0,596552.0,48158.0,86093.0,93888.0,319975.0,50603.89658104163,2011,0.06398441776544804,0.11438619707381366,0.12474290907351605
344,430266.0,338029.0,39936.0,39122.0,67199.0,176594.0,39792.73026345596,2011,0.09281700157576941,0.09092514862898765,0.15618013043094273
346,647624.0,549062.0,20791.0,55928.0,77799.0,269883.0,46907.784806749594,2011,0.03210350450261263,0.0863587513742542,0.12012989018319271
347,595187.0,317427.0,69313.0,176829.0,71482.0,212493.0,52286.84268658262,2011,0.11645583656901108,0.2970982229114547,0.12010006938995643
349,437679.0,292853.0,59517.0,70204.0,64609.0,166992.0,47192.73916714573,2011,0.13598322057946577,0.16040065893040334,0.14761731771458078
350,439705.0,325252.0,88770.0,18172.0,64064.0,167170.0,45802.69167559415,2011,0.20188535495388954,0.04132770834991642,0.14569768367428163
351,320542.0,263772.0,41958.0,9446.0,38603.0,119237.0,53285.03279183475,2011,0.13089704313319314,0.02946883715706522,0.12043039601674664
352,493847.0,240648.0,215744.0,20991.0,80962.0,198703.0,53900.70028637144,2011,0.43686404898683195,0.042505067358918854,0.1639414636516978
354,221620.0,133090.0,78089.0,5850.0,46803.0,80306.0,42084.32308918387,2011,0.35235538308816894,0.02639653460878982,0.21118581355473331
355,156360.0,141917.0,8349.0,3317.0,30634.0,62749.0,34889.55510047969,2011,0.0533960092095165,0.021213865438731133,0.19591967255052442
356,376459.0,300163.0,45491.0,19294.0,58029.0,149349.0,42982.33628614855,2011,0.12083918833126582,0.051251265078003184,0.15414427600349573
357,217338.0,175235.0,23915.0,6203.0,23662.0,81542.0,63374.4402761767,2011,0.11003598082249767,0.02854079820371955,0.10887189538874932
358,188547.0,111794.0,57143.0,10036.0,28819.0,77707.0,51542.96625786609,2011,0.3030703219886819,0.05322810758060324,0.15284783104477928
359,286070.0,234346.0,20338.0,24075.0,54276.0,110623.0,37953.070374153656,2011,0.07109448736323278,0.08415772363407557,0.18972978641591218
360,286711.0,176443.0,95801.0,7041.0,48728.0,106499.0,44961.5568409093,2011,0.3341378600751279,0.02455783001001008,0.1699551115932071
361,214674.0,80745.0,119007.0,7492.0,41504.0,82600.0,45886.02078692494,2011,0.5543614969674949,0.03489942890149715,0.19333501029467937
362,184800.0,141571.0,33704.0,5550.0,36467.0,71836.0,39882.34844646139,2011,0.1823809523809524,0.030032467532467532,0.19733225108225108
363,235491.0,167643.0,50516.0,9420.0,39132.0,91046.0,42688.48556773499,2011,0.21451350582400178,0.04000152872084283,0.1661719556161382
364,107376.0,75612.0,27816.0,1258.0,25821.0,41641.0,31234.257942892822,2011,0.2590523021904336,0.011715839666219639,0.24047273133661154
365,355090.0,278804.0,49537.0,11162.0,52662.0,133375.0,48129.89845636879,2011,0.13950547748458136,0.03143428426596074,0.14830606325157003
366,283840.0,142312.0,126517.0,6403.0,56616.0,110020.0,42860.69418287584,2011,0.445733511837655,0.02255848365276212,0.19946448703494926
367,117391.0,42342.0,72842.0,1085.0,34265.0,43429.0,29641.09032064867,2011,0.6205075346491639,0.00924261655493181,0.2918877937831691
368,241303.0,154571.0,71725.0,7083.0,46856.0,95962.0,39235.65740518796,2011,0.29724039900042687,0.029353136927431488,0.19417910262201465
369,20142.0,8770.0,10934.0,112.0,5482.0,7416.0,27985.13384656942,2011,0.5428457948565187,0.005560520305828617,0.27216760996921857
370,883532.0,694300.0,102798.0,51165.0,102577.0,334037.0,57079.83680550358,2011,0.11634892680740483,0.05790961730871095,0.11609879438435733
371,602123.0,492959.0,53568.0,35580.0,80956.0,226152.0,51460.23226779412,2011,0.08896521142690114,0.059090916639955623,0.13445093444362696
372,425371.0,245730.0,120919.0,37030.0,79545.0,173843.0,49087.73801648614,2011,0.2842671456211166,0.08705341925048957,0.18700146460383993
373,560477.0,508708.0,18682.0,16415.0,88791.0,215935.0,44402.38306434807,2011,0.0333323222897639,0.02928755328050928,0.1584204168948949
374,197359.0,117169.0,62224.0,10447.0,39268.0,83141.0,40046.793916358954,2011,0.3152833161902928,0.052933993382617464,0.19896736404217694
376,409268.0,383375.0,9287.0,7856.0,71335.0,171539.0,39242.39577005812,2011,0.02269173255666214,0.019195246146779126,0.17429899234731278
377,342386.0,321179.0,5707.0,9215.0,59920.0,138293.0,40443.49199655704,2011,0.016668321718761866,0.026914067748097178,0.1750071556664116
378,518060.0,476682.0,11941.0,17921.0,86659.0,207619.0,40345.76156621341,2011,0.023049453731228044,0.03459251824113037,0.16727599119793074
379,389103.0,322850.0,37938.0,13743.0,53790.0,164899.0,50069.23211177751,2011,0.09750117578121988,0.03531969684119629,0.13824103129505555
380,410972.0,283142.0,98219.0,13764.0,51400.0,148233.0,57680.32107485967,2011,0.23899195078983482,0.03349133274286326,0.12506934779011708
381,742894.0,236842.0,439252.0,41932.0,170574.0,274294.0,44521.19669770393,2011,0.5912714330712053,0.05644412258007199,0.22960745409170083
382,116271.0,101624.0,9583.0,2491.0,19470.0,46805.0,36830.78983014635,2011,0.08241951991468208,0.021424086831626114,0.1674536212813169
383,286918.0,220847.0,53288.0,7055.0,54057.0,110778.0,37962.14929859719,2011,0.18572553830711214,0.024588906935082498,0.18840574658961795
384,178159.0,154670.0,14816.0,5518.0,29679.0,68974.0,39723.146605967464,2011,0.08316167019347886,0.03097233370191795,0.16658714968090302
385,229288.0,216209.0,3146.0,6102.0,47222.0,92145.0,34879.94412067936,2011,0.013720735494225603,0.026612818813021178,0.20595059488503542
386,402675.0,249703.0,128699.0,13322.0,75037.0,143076.0,45651.51337051637,2011,0.3196101074067176,0.0330837524057863,0.18634630905817345
387,120313.0,34624.0,83143.0,1134.0,39009.0,40951.0,28282.98636996507,2011,0.6910558293783714,0.009425415374897144,0.32422930190419985
388,260865.0,202839.0,47244.0,6971.0,47717.0,98842.0,36712.29997369539,2011,0.18110516934046345,0.02672263431276714,0.18291836773810208
389,113494.0,53510.0,56305.0,2416.0,31395.0,41165.0,30081.931777858794,2011,0.4961055209967047,0.021287468941089398,0.2766225527340652
390,278721.0,147646.0,117625.0,7237.0,52512.0,99728.0,46229.88925878389,2011,0.422016999077931,0.025965033133491914,0.1884034572206615
391,284173.0,154225.0,118695.0,6158.0,57205.0,104916.0,44553.39172290213,2011,0.4176857055385276,0.021669898266197,0.20130343136047407
392,232885.0,70568.0,154451.0,4827.0,53154.0,83678.0,39539.98870670905,2011,0.6632071623333405,0.020726968246130063,0.2282414067028791
393,211102.0,114643.0,86058.0,3097.0,48085.0,79171.0,34778.49744827064,2011,0.40766075167454596,0.014670633153641368,0.22778088317495807
394,369508.0,258310.0,94569.0,9910.0,78859.0,136747.0,39397.123095936295,2011,0.2559322125637334,0.02681944639899542,0.21341621832274268
395,380049.0,269223.0,76527.0,16963.0,60746.0,141235.0,46966.338660567606,2011,0.20136087715005171,0.044633718283694994,0.15983728413967674
396,133580.0,73472.0,57608.0,1398.0,30219.0,49563.0,34761.35952222424,2011,0.43126216499475967,0.010465638568648001,0.2262239856265908
397,169201.0,93311.0,70165.0,2193.0,43867.0,65904.0,33848.4371813547,2011,0.41468431037641623,0.012960916306641214,0.25925969704670776
398,108964.0,54021.0,48761.0,4502.0,29538.0,39954.0,30604.277994693897,2011,0.4474964208362395,0.04131639807642891,0.2710803568150949
400,244669.0,218576.0,12342.0,8340.0,26759.0,88638.0,60084.17871125704,2011,0.05044366061904042,0.03408686838136421,0.1093681667886001
401,143291.0,121726.0,10661.0,5397.0,20611.0,51834.0,47340.41867062956,2011,0.07440104402928306,0.03766461257161999,0.1438401574418491
402,730992.0,521056.0,148729.0,29643.0,113352.0,299366.0,49328.39804787451,2011,0.2034618709917482,0.040551743384332525,0.15506599251428196
403,327860.0,301674.0,11717.0,9053.0,58408.0,126130.0,44982.429172944256,2011,0.035737814921002864,0.027612395534679438,0.17814921002867076
404,183824.0,169684.0,5934.0,3481.0,39457.0,70507.0,37209.623427461105,2011,0.032280877360953954,0.018936591522325703,0.2146455305074419
405,293435.0,216007.0,41758.0,19226.0,50235.0,122560.0,50942.25488740209,2011,0.14230749569751394,0.06552047301787449,0.17119634672073883
406,50351.0,42284.0,4968.0,1340.0,7040.0,21303.0,47101.0,2011,0.09866735516672956,0.0266131755079343,0.1398184743103414
407,105078.0,101442.0,678.0,1195.0,24454.0,39640.0,32731.13468718466,2011,0.0064523496830925595,0.011372504234949276,0.23272235862882812
408,35925.0,34369.0,919.0,285.0,10822.0,12957.0,28283.775874044917,2011,0.02558107167710508,0.007933194154488519,0.30123869171885875
409,71191.0,67472.0,2270.0,582.0,24149.0,25100.0,23296.50784860558,2011,0.03188605301231897,0.008175190684215702,0.33921422651739686
410,488870.0,448647.0,15515.0,12109.0,60734.0,184761.0,53803.166732523205,2011,0.03173645345388344,0.024769366089144353,0.12423343629185674
411,138411.0,132788.0,2050.0,1371.0,26478.0,52788.0,37377.530518299616,2011,0.014810961556523687,0.009905282094631207,0.1912998244359191
412,49048.0,46872.0,955.0,532.0,12521.0,18572.0,31072.887357312084,2011,0.0194707225574947,0.010846517696949927,0.25528054151035723
413,35125.0,34568.0,238.0,142.0,11488.0,12765.0,22517.27081699859,2011,0.006775800711743773,0.004042704626334519,0.3270604982206406
414,25866.0,24908.0,617.0,124.0,6606.0,8868.0,28673.305593143887,2011,0.023853707569782726,0.004793937988092477,0.255393180236604
415,68620.0,66980.0,353.0,495.0,15273.0,28244.0,32773.00736439598,2011,0.005144272806761877,0.00721364033809385,0.22257359370445934
416,40043.0,39113.0,387.0,244.0,10837.0,15659.0,29059.910913851458,2011,0.00966461054366556,0.006093449541742626,0.2706340683764953
417,40372.0,39157.0,324.0,207.0,10066.0,15384.0,33814.05229226361,2011,0.008025364113742198,0.005127315961557515,0.24933121965718816
418,30963.0,30429.0,216.0,163.0,7227.0,11544.0,32166.87681912682,2011,0.006976068210444724,0.005264347769918936,0.23340761554112974
420,222477.0,199253.0,12495.0,5085.0,34441.0,90067.0,40672.811599191635,2011,0.056163108995536615,0.02285629525748729,0.15480701375872563
421,213734.0,185750.0,14218.0,7041.0,39164.0,83081.0,40846.244761136724,2011,0.0665219384842842,0.03294281677224962,0.18323710780690017
422,154268.0,121932.0,20728.0,6751.0,29017.0,57929.0,38169.98789897979,2011,0.13436357507713848,0.043761505950683226,0.18809474421137243
423,170008.0,156747.0,6469.0,3641.0,27170.0,65279.0,42382.55770409414,2011,0.03805115053409251,0.021416639216978024,0.15981600865841608
424,135904.0,120877.0,9595.0,2513.0,24593.0,53132.0,40383.552510728,2011,0.0706013068048034,0.018490993642571226,0.18095861784789263
425,78341.0,74611.0,709.0,1724.0,18026.0,32339.0,32061.726924147315,2011,0.009050178067678483,0.022006356824651203,0.23009662884058155
426,65958.0,61917.0,1666.0,1475.0,17233.0,25806.0,27605.22795974667,2011,0.025258497831953667,0.022362715667546013,0.26127232481275964
427,177183.0,162042.0,7225.0,3197.0,31742.0,68170.0,38467.17198181018,2011,0.0407770497169593,0.01804349175710988,0.17914811240356016
430,776859.0,669978.0,42731.0,18317.0,63619.0,293286.0,69939.78338777764,2011,0.05500483356696646,0.023578281258246347,0.08189259569625891
431,409664.0,364323.0,23522.0,8444.0,46308.0,151587.0,55420.99680020056,2011,0.05741778628339322,0.020612013747851897,0.11303897828464303
432,750714.0,465831.0,200663.0,38333.0,165525.0,306704.0,44404.73697441181,2011,0.26729620068361587,0.05106205558974523,0.22049009343105364
433,182865.0,171190.0,3853.0,3112.0,26459.0,70106.0,45187.482972622085,2011,0.021070188390342602,0.017018018757006533,0.14469143903972875
434,163998.0,146880.0,4211.0,9624.0,22832.0,65031.0,49149.14696068029,2011,0.02567714240417566,0.05868364248344492,0.13922121001475626
435,294268.0,266269.0,5291.0,14752.0,27129.0,114821.0,57818.774727619515,2011,0.0179802085174059,0.050131172944390824,0.09219147171965691
436,347670.0,230996.0,78628.0,23789.0,77726.0,142247.0,38650.14048099433,2011,0.22615698794834183,0.06842408030603733,0.22356257370495008
437,194367.0,182553.0,5028.0,1469.0,32860.0,76003.0,39386.734681525726,2011,0.025868588803654943,0.0075578673334465215,0.1690616205425818
438,64637.0,62171.0,1022.0,446.0,10343.0,24375.0,41798.06268717949,2011,0.015811377384470197,0.00690007271377075,0.16001670869625756
439,180767.0,167934.0,7191.0,1724.0,30005.0,74287.0,38755.44260042568,2011,0.039780490908185674,0.009537138968948979,0.16598715473510098
440,851152.0,742688.0,43687.0,39595.0,90628.0,333480.0,56652.11944644357,2011,0.051326907532379645,0.046519305599939845,0.10647686899637197
441,1219346.0,735156.0,372862.0,57882.0,211136.0,510502.0,46348.1942793564,2011,0.30578851285853237,0.047469709171965954,0.17315511757942373
442,559249.0,522875.0,13203.0,7696.0,55236.0,217104.0,59474.956203707115,2011,0.023608446327127986,0.013761312045260697,0.0987681694558238
443,273379.0,187738.0,66609.0,5056.0,55379.0,113805.0,41172.887105135975,2011,0.24365075591029303,0.018494471045691147,0.20257225317233585
444,347199.0,314997.0,19618.0,6272.0,49467.0,139622.0,44755.56078535307,2011,0.05650361896203618,0.018064568158318427,0.14247448869380383
445,165514.0,116360.0,36422.0,8292.0,31627.0,69481.0,38373.88320548063,2011,0.2200538927220658,0.050098481095254783,0.191083533719202
446,453469.0,429911.0,9493.0,5768.0,52239.0,171219.0,47219.21494109883,2011,0.020934176316352384,0.0127197228476478,0.11519861335615003
447,193724.0,161175.0,20641.0,3711.0,30266.0,79524.0,44693.043282531056,2011,0.1065484916685594,0.01915611901468068,0.15623257830728252
448,339346.0,313525.0,9035.0,10065.0,45507.0,132328.0,45967.06969396933,2011,0.026624742887790043,0.02965999304544624,0.134102066916952
449,94264.0,78061.0,11365.0,1491.0,12204.0,36955.0,42481.5484778785,2011,0.12056564542136977,0.01581727913095137,0.1294661800899601
450,581349.0,505218.0,31247.0,17466.0,59741.0,211426.0,61921.19595563019,2011,0.05374912488023545,0.030043915100911846,0.10276271224342004
451,336168.0,319374.0,4235.0,4187.0,37245.0,124483.0,56391.22234361318,2011,0.012597867732800267,0.012455081982818115,0.1107928178767759
452,793762.0,535758.0,204854.0,20477.0,124922.0,325239.0,51255.34831308668,2011,0.258079877847516,0.025797405267573906,0.1573796679609253
453,493002.0,449774.0,18641.0,7637.0,56649.0,194685.0,50914.30700362124,2011,0.037811205634054226,0.015490809367913316,0.11490622756094296
454,482567.0,341743.0,107700.0,12272.0,75713.0,199903.0,48059.584093285244,2011,0.22318144423468658,0.025430665586333088,0.15689634807187397
455,102086.0,84932.0,11733.0,1979.0,19313.0,40718.0,43505.830934721744,2011,0.1149325078855083,0.01938561604921341,0.18918362948886233
456,349765.0,329328.0,8481.0,3281.0,67676.0,132878.0,38292.45678696421,2011,0.024247709176161137,0.009380584106471489,0.19348991465698398
457,155011.0,145762.0,2718.0,1826.0,32443.0,59152.0,37958.21367463565,2011,0.017534239505583474,0.011779809174832755,0.20929482423827986
458,369375.0,335709.0,14508.0,10407.0,43996.0,143056.0,48460.40281428252,2011,0.039277157360406094,0.028174619289340102,0.1191093062605753
460,507434.0,444823.0,18099.0,19250.0,43342.0,189789.0,70322.85427019166,2011,0.03566769274427807,0.03793596802736908,0.08541406370089509
461,521571.0,486595.0,9917.0,12276.0,42894.0,192571.0,60233.1985709167,2011,0.019013710501542457,0.023536584664408104,0.08224000184059313
462,904300.0,545624.0,235153.0,79647.0,160363.0,360165.0,45829.57039134841,2011,0.26003870396992146,0.08807585978104611,0.17733384938626562
463,659532.0,496993.0,54204.0,89725.0,77753.0,243649.0,56844.62679510279,2011,0.08218554975346154,0.13604343686128953,0.1178911713154176
464,137909.0,36350.0,86597.0,11640.0,37140.0,53124.0,34632.412130110686,2011,0.6279285615877136,0.08440348345648217,0.26930802195650755
465,475054.0,401571.0,16569.0,42022.0,61050.0,173332.0,49403.903643173304,2011,0.034878140169328116,0.08845731222134746,0.1285117060376294
466,147075.0,97868.0,28470.0,14453.0,29006.0,57461.0,41624.51198203999,2011,0.19357470678225394,0.09826959034506204,0.19721910589835118
467,327453.0,307009.0,1417.0,12206.0,33441.0,123234.0,50148.72965253096,2011,0.004327338579887801,0.037275578479965064,0.10212457971067604
468,303209.0,223891.0,40761.0,21147.0,43314.0,118589.0,51127.87969373213,2011,0.13443202543460123,0.06974397197972355,0.14285196019907062
469,311707.0,277969.0,13379.0,12782.0,46138.0,122144.0,43026.85444229762,2011,0.04292171815198247,0.04100645798778982,0.14801720846820893
470,118248.0,114881.0,513.0,1365.0,11404.0,44408.0,53644.57370293641,2011,0.004338339760503349,0.01154353562005277,0.09644137744401597
471,288439.0,261840.0,11314.0,8246.0,36300.0,111874.0,48993.081073350375,2011,0.039224931441309945,0.02858836703774455,0.12584983306695696
472,206485.0,189237.0,2234.0,8611.0,24414.0,81002.0,48732.94859386188,2011,0.010819187834467395,0.04170278712739424,0.11823619149090733
473,322576.0,295061.0,9778.0,6379.0,55506.0,127660.0,40232.6596506345,2011,0.030312236496205545,0.01977518476266058,0.17207107782352066
474,260903.0,238079.0,5260.0,5304.0,48620.0,102457.0,40817.19077424836,2011,0.02016074939728558,0.020329394449278084,0.18635278245171577
475,163759.0,154610.0,1857.0,5100.0,19159.0,62276.0,47014.667159193115,2011,0.011339834757173652,0.03114332647365946,0.11699509645271405
476,125956.0,119553.0,1546.0,1762.0,11993.0,48436.0,57581.39016434057,2011,0.012274127473085839,0.013989012035949062,0.09521578964082696
477,182448.0,156453.0,16041.0,3735.0,27196.0,75113.0,44596.83128087015,2011,0.08792094185740594,0.0204715864246251,0.1490616504428659
478,187168.0,169796.0,8264.0,3517.0,28518.0,69317.0,43557.84796410123,2011,0.04415284664045136,0.01879060523166353,0.15236578902376474
479,302655.0,261367.0,7153.0,17939.0,47391.0,116269.0,45429.376041765216,2011,0.023634170920685267,0.05927210850638516,0.15658422956832035
480,1134100.0,921676.0,123407.0,25102.0,123241.0,459101.0,57792.29844413321,2011,0.10881491931928401,0.022133850630455868,0.10866854774711225
481,1550439.0,1241641.0,143096.0,60422.0,185972.0,592260.0,58979.22436092257,2011,0.09229385999707179,0.03897089791987947,0.11994796312528258
482,951935.0,191342.0,670317.0,54916.0,303220.0,345962.0,34332.99626837629,2011,0.7041625741253342,0.05768881278658732,0.3185301517435539
483,966002.0,771305.0,81763.0,37524.0,90637.0,374120.0,70429.83237196621,2011,0.0846406115101211,0.03884464007320896,0.09382692789455922
484,462599.0,421964.0,15319.0,13239.0,51692.0,175219.0,54334.703399745464,2011,0.03311507374637645,0.02861873890777974,0.11174256753689481
485,193477.0,104974.0,72795.0,6813.0,55118.0,75866.0,33448.28153586587,2011,0.37624627216671747,0.035213487908123446,0.2848814070923159
486,406849.0,338174.0,38430.0,18227.0,69293.0,162894.0,43367.843775706904,2011,0.0944576489065968,0.04480040506428675,0.17031625984087462
487,212951.0,197463.0,2597.0,7828.0,32282.0,86110.0,42284.56344505609,2011,0.012195293753022996,0.03675963014965884,0.15159355908166666
488,625709.0,560253.0,15301.0,21314.0,93248.0,229014.0,51674.09772712386,2011,0.024453859541735855,0.03406375807284217,0.149027742928422
489,163254.0,99753.0,30156.0,18266.0,33946.0,69562.0,42262.537879876945,2011,0.18471829174170312,0.1118869981746236,0.2079336494052213
490,745622.0,613443.0,66995.0,35606.0,125304.0,289431.0,45722.38540101095,2011,0.08985115782527876,0.04775341929288567,0.1680529812693295
491,109490.0,94396.0,5949.0,4292.0,13802.0,42106.0,47486.7781313827,2011,0.05433372910768107,0.039199926933966574,0.1260571741711572
492,353029.0,311666.0,18016.0,14310.0,50896.0,131755.0,47824.33886957446,2011,0.05103263471272898,0.0405349135623419,0.14416945916624413
493,322377.0,297489.0,4991.0,11089.0,35137.0,116669.0,58377.19697606048,2011,0.015481873706871149,0.0343976152144849,0.10899350760134874
494,558392.0,465946.0,28211.0,41908.0,74455.0,206575.0,48973.8562943241,2011,0.050521855613977276,0.07505121849883237,0.13333822834138026
495,403522.0,275977.0,54016.0,49611.0,72983.0,156444.0,46759.69231801795,2011,0.13386135080615183,0.12294496954317237,0.18086498381748703
496,267757.0,251605.0,2811.0,5422.0,37119.0,107706.0,45667.901648933206,2011,0.010498324973763525,0.020249704022677277,0.13862942892249316
497,228960.0,206231.0,2742.0,2918.0,32362.0,95419.0,42419.04828178874,2011,0.011975890985324948,0.012744584206848358,0.14134346610761706
498,182036.0,168990.0,2861.0,2244.0,23941.0,75033.0,42947.84478829315,2011,0.0157166714276297,0.012327231976092642,0.1315179415060757
499,82075.0,75290.0,2124.0,991.0,13810.0,33911.0,35104.232638376925,2011,0.02587876941821505,0.012074322266219921,0.16826073713067316
500,222042.0,204056.0,3441.0,5157.0,25746.0,87223.0,55037.401889409906,2011,0.015497068122247142,0.02322533574729105,0.11595103629043153
501,175150.0,159975.0,1592.0,9235.0,16678.0,68013.0,56529.05215869655,2011,0.009089351984013703,0.05272623465600913,0.0952212389380531
502,212050.0,193164.0,2685.0,8842.0,16817.0,83384.0,61322.739266525954,2011,0.012662107993397783,0.04169771280358406,0.07930676727186985
503,282799.0,216116.0,22712.0,26673.0,37021.0,113764.0,55372.61714602159,2011,0.0803114579613082,0.09431787241114714,0.13090923235230675
504,105104.0,98432.0,588.0,3938.0,11487.0,45598.0,47549.01693056713,2011,0.005594458821738468,0.03746765108844573,0.10929174912467651
505,124053.0,110821.0,2162.0,7701.0,13832.0,51657.0,44736.40935400817,2011,0.017428034791581018,0.06207830524050204,0.11150072952689576
506,171333.0,163668.0,1779.0,2622.0,19197.0,67510.0,50915.40497777778,2011,0.010383288683441018,0.015303531718933306,0.11204496506802543
507,78051.0,60918.0,10510.0,3886.0,13781.0,32688.0,40758.88344346549,2011,0.1346555457329182,0.049787959154911535,0.176564041460071
508,33593.0,32223.0,262.0,755.0,4633.0,14261.0,42502.80569385036,2011,0.007799243890096151,0.022474920370315243,0.13791563718631858
510,88523.0,83606.0,300.0,2984.0,6403.0,35467.0,51675.57876335749,2011,0.0033889497644679916,0.03370875365724162,0.07233148447296182
511,85547.0,64051.0,2332.0,13079.0,13556.0,32363.0,45174.457435960816,2011,0.02725986884402726,0.1528867172431529,0.1584625995067039
512,43686.0,40712.0,168.0,2211.0,3281.0,16554.0,50878.69747493053,2011,0.0038456256008790003,0.05061117978299684,0.07510415236002381
513,47646.0,45020.0,372.0,1592.0,4846.0,21244.0,47506.00663716814,2011,0.0078075809092053895,0.03341308819208328,0.10170843302690677
514,48096.0,43352.0,136.0,4038.0,4915.0,19656.0,46532.497964997965,2011,0.0028276779773785763,0.08395708582834331,0.1021914504324684
515,148055.0,136806.0,1316.0,6838.0,17124.0,58636.0,51265.47791459172,2011,0.008888588700145215,0.04618553915774543,0.11565972104960995
516,24464.0,22948.0,400.0,596.0,2429.0,9835.0,44349.588103711234,2011,0.016350555918901243,0.02436232831916285,0.09928875081752779
520,141231.0,133675.0,1471.0,2402.0,12596.0,56760.0,50019.15315362932,2011,0.010415560323158513,0.01700759748213919,0.08918721810367412
521,59257.0,56451.0,391.0,1456.0,6079.0,23859.0,48075.32067563603,2011,0.006598376563106468,0.02457093676696424,0.10258703613075248
522,167160.0,145924.0,5631.0,6040.0,24698.0,66459.0,51021.80496245806,2011,0.033686288585786074,0.03613304618329744,0.14775065805216558
523,152922.0,141617.0,1526.0,4056.0,11182.0,61402.0,60269.90467737207,2011,0.009978943513686717,0.026523325616981206,0.0731222453276834
524,134051.0,116781.0,7038.0,4235.0,15819.0,56141.0,53882.40522968953,2011,0.052502405800777315,0.03159245361839897,0.11800732557011884
525,111455.0,102669.0,856.0,4198.0,16823.0,45722.0,41525.654455185686,2011,0.007680229689112198,0.037665425508052575,0.15093984119151227
526,106732.0,97002.0,3250.0,3360.0,14957.0,42697.0,43428.65294985596,2011,0.03045009931417007,0.03148071806018814,0.14013604167447438
527,167652.0,149586.0,2872.0,11224.0,16136.0,66527.0,57021.74610308596,2011,0.017130723164650585,0.06694820222842555,0.09624698780807864
528,102338.0,79674.0,10277.0,7040.0,17564.0,42018.0,44354.48326907516,2011,0.10042213058687878,0.0687916511950595,0.17162735249858313
530,633806.0,585184.0,7399.0,19199.0,36322.0,249857.0,68302.1077096099,2011,0.011673919148761609,0.030291603424391692,0.05730775663215558
531,679140.0,583361.0,19082.0,52743.0,55741.0,260689.0,63565.276808764465,2011,0.028097299525870954,0.07766145419206644,0.08207586064728922
532,813347.0,407872.0,242549.0,112701.0,173702.0,327674.0,43044.39701349512,2011,0.2982109726844754,0.13856447494119975,0.21356444420401133
534,126624.0,82557.0,19042.0,19448.0,18336.0,50495.0,48915.080344588576,2011,0.15038223401566844,0.15358857720495325,0.14480667172100076
535,539059.0,486992.0,11460.0,24607.0,45469.0,213012.0,60884.75205152761,2011,0.021259268465974968,0.04564806449757819,0.08434883751129282
537,271443.0,204742.0,20098.0,20765.0,45343.0,116965.0,54542.407574915575,2011,0.07404132727681317,0.07649856507627753,0.16704427817258136
538,59691.0,57254.0,757.0,771.0,8124.0,22535.0,44904.725360550256,2011,0.012681978857784255,0.012916520078403779,0.1361009197366437
539,198192.0,182445.0,4050.0,6961.0,20128.0,79862.0,49883.28833487767,2011,0.020434729958827804,0.03512250746750625,0.10155808508920643
540,145813.0,139110.0,1092.0,2545.0,11590.0,55788.0,65669.2420233742,2011,0.007489044186732322,0.017453862138492454,0.07948536824562967
541,248831.0,229058.0,1096.0,4838.0,22731.0,101148.0,53085.95817020603,2011,0.004404595890383433,0.019442915070871394,0.09135115801487757
542,128351.0,120491.0,818.0,3408.0,11469.0,55136.0,50835.71922156123,2011,0.006373148631487094,0.026552188919447453,0.0893565301400067
543,179254.0,144973.0,4483.0,15955.0,21756.0,72250.0,51564.05569550173,2011,0.02500920481551318,0.08900777667443963,0.12136967654836155
544,388727.0,361150.0,1697.0,8217.0,41089.0,159946.0,49484.63061283183,2011,0.004365531594152194,0.021138228113817666,0.10570143056695316
545,90035.0,83011.0,453.0,1078.0,11867.0,42369.0,41952.13918194907,2011,0.005031376686844005,0.011973121563836286,0.13180429832842783
546,243962.0,225841.0,2943.0,5447.0,32744.0,97770.0,48400.45697978889,2011,0.012063354128921717,0.02232724768611505,0.13421762405620546
547,259778.0,243838.0,2333.0,4310.0,33819.0,102359.0,47918.39010736721,2011,0.0089807450977373,0.01659108931472257,0.13018423423076628
548,180501.0,164322.0,1447.0,2738.0,25026.0,79903.0,42696.44480182221,2011,0.00801657608545105,0.01516889103107462,0.13864743131617
549,478362.0,435240.0,5967.0,18507.0,46399.0,191991.0,53008.761301311,2011,0.012473816900171837,0.03868827373411768,0.09699558075265176
550,657706.0,591202.0,13018.0,25707.0,45214.0,240575.0,70295.5639488725,2011,0.019793038226806507,0.039085852949494154,0.06874500156604926
551,751098.0,539813.0,64702.0,47820.0,93408.0,298832.0,62717.504055790545,2011,0.08614321965975145,0.06366679181678023,0.12436193412843596
553,943797.0,834289.0,26452.0,33575.0,53371.0,351875.0,77839.74110408526,2011,0.02802721347916978,0.035574387288791975,0.056549236753242485
554,1018938.0,708312.0,129186.0,73970.0,138126.0,425669.0,59472.492504457856,2011,0.12678494667977835,0.07259519224918494,0.1355587876789363
556,15998.0,14910.0,57.0,124.0,1639.0,7718.0,48326.61583311739,2011,0.0035629453681710215,0.007750968871108889,0.10245030628828604
557,169523.0,158185.0,1184.0,1926.0,20811.0,73936.0,46420.01386334127,2011,0.006984303014930127,0.011361290208408299,0.12276210307745851
558,116084.0,105907.0,2277.0,1598.0,19262.0,48016.0,48261.63697345944,2011,0.019615106302332794,0.0137658936632094,0.16593156679645774
559,325793.0,289474.0,8152.0,13175.0,33046.0,128539.0,57621.531052832215,2011,0.02502202318650186,0.04043978845463224,0.10143250468855991
560,260564.0,239065.0,2984.0,12242.0,30103.0,103115.0,50990.19971876061,2011,0.011452080870726578,0.04698269906817519,0.11553015765800341
561,90736.0,79253.0,998.0,6587.0,11382.0,37307.0,45348.50288149677,2011,0.010998941985540469,0.07259522130135779,0.1254408393581379
562,145381.0,130609.0,1837.0,8762.0,16927.0,59885.0,47653.14405944727,2011,0.01263576395815134,0.060269223626195995,0.11643199592794107
563,307579.0,284268.0,6355.0,7096.0,38953.0,121788.0,50246.79162150622,2011,0.0206613585452843,0.023070495710045224,0.1266438866112446
564,144352.0,137850.0,753.0,1730.0,19107.0,62346.0,44345.4699900555,2011,0.005216415428951452,0.01198459321658169,0.1323639436931944
565,170103.0,154102.0,1522.0,4758.0,21248.0,69182.0,47688.443308953196,2011,0.008947520031980623,0.0279712879843389,0.12491255298260466
566,90678.0,72629.0,575.0,1467.0,15307.0,37045.0,42657.79712218563,2011,0.006341119124815281,0.016178124793224377,0.16880610511921304
567,69893.0,64658.0,524.0,2419.0,7312.0,28467.0,49587.4899328859,2011,0.007497174252071023,0.03461004678580115,0.1046170575021819
570,172209.0,161484.0,1140.0,2989.0,17101.0,65233.0,52717.11184704782,2011,0.0066198630733585355,0.017356816426551458,0.0993037529978108
571,158623.0,135903.0,5665.0,6930.0,16465.0,63440.0,54587.216266086296,2011,0.035713610258285365,0.04368849410236851,0.10379957509314539
572,71881.0,64468.0,154.0,1383.0,9716.0,29024.0,45379.51543550166,2011,0.0021424298493343164,0.019240132997593244,0.13516784685800143
573,81248.0,71164.0,370.0,2056.0,10761.0,33050.0,43210.66222840889,2011,0.004553958251280032,0.025305238282788498,0.13244633714060655
574,59646.0,56298.0,207.0,880.0,6437.0,24633.0,46193.29829268293,2011,0.003470475807262851,0.014753713576769608,0.10792006169734769
575,52782.0,34611.0,184.0,858.0,11058.0,20166.0,46310.98928305631,2011,0.0034860369065211625,0.016255541661930203,0.20950323974082075
576,21019.0,11150.0,60.0,302.0,5393.0,7470.0,36437.87068273092,2011,0.002854560159855369,0.014367952804605358,0.25657738236833344
577,189871.0,151029.0,1368.0,6141.0,30255.0,75226.0,46496.76938829787,2011,0.0072048917422881855,0.03234301183435069,0.1593450289933692
580,78872.0,74406.0,809.0,1162.0,6009.0,32143.0,57016.92798232237,2011,0.010257125469114515,0.014732731514352369,0.07618673293437468
581,106598.0,95855.0,2318.0,2485.0,16217.0,47599.0,44207.263135780166,2011,0.021745248503724272,0.023311882024052984,0.15213231017467493
582,96934.0,87505.0,1405.0,3246.0,13012.0,39836.0,47347.93530977006,2011,0.014494398250355912,0.033486702292281345,0.1342356655043638
583,49475.0,32479.0,144.0,450.0,10608.0,19678.0,38210.03562353898,2011,0.0029105608893380494,0.009095502779181405,0.214411318847903
584,47772.0,45959.0,126.0,773.0,5017.0,20310.0,45061.88391449961,2011,0.0026375282592313487,0.016181026542744704,0.10501967679812442
585,133485.0,121075.0,504.0,1531.0,13160.0,55341.0,55518.71044975696,2011,0.003775705135408473,0.011469453496647563,0.09858785631344345
586,40700.0,38287.0,221.0,813.0,3596.0,16854.0,51417.32271270915,2011,0.00542997542997543,0.019975429975429976,0.08835380835380835
587,85561.0,74088.0,1412.0,2199.0,9190.0,35291.0,50413.20991187555,2011,0.016502845922791925,0.025700961886840967,0.10740874931335538
588,26854.0,24415.0,8.0,551.0,2107.0,11357.0,62218.482962049835,2011,0.0002979072019066061,0.020518358531317494,0.07846130930215238
590,83275.0,67860.0,166.0,2336.0,11854.0,32430.0,45950.3247301881,2011,0.0019933953767637346,0.02805163614530171,0.14234764335034525
591,127308.0,111369.0,776.0,6106.0,14569.0,52688.0,51812.735385666565,2011,0.006095453545731612,0.0479624218430892,0.11443899833474723
592,35597.0,27043.0,46.0,581.0,5389.0,14441.0,47329.54018847007,2011,0.001292243728404079,0.016321600134842823,0.15138916200803437
593,34244.0,32197.0,109.0,669.0,3746.0,14493.0,45548.310080728625,2011,0.003183039364560215,0.019536269127438385,0.10939142623525289
594,129717.0,107863.0,1022.0,3574.0,19607.0,51806.0,43439.225409756946,2011,0.007878689763099671,0.02755228690148554,0.15115212346878204
595,30861.0,21297.0,76.0,655.0,6439.0,11391.0,43258.94636116232,2011,0.002462655131071579,0.021224198826998476,0.20864521564434074
596,76269.0,70756.0,378.0,1821.0,7192.0,31574.0,54584.76106923418,2011,0.004956142076072847,0.023876017779176337,0.09429781431512148
597,159590.0,148463.0,621.0,4621.0,21453.0,67005.0,46508.455404457316,2011,0.0038912212544645656,0.028955448336361926,0.13442571589698601
598,191886.0,170092.0,704.0,5218.0,33512.0,80094.0,42637.104964167105,2011,0.003668845043411192,0.027193229313238067,0.1746453623505623
599,114521.0,107331.0,219.0,2787.0,16181.0,47762.0,43713.54344457937,2011,0.001912313025558631,0.024336147955396827,0.1412928633176448
600,1634384.0,1152915.0,62794.0,252042.0,117930.0,586596.0,81457.89374970167,2011,0.03842059148890346,0.15421222919460786,0.0721556256057328
601,1416624.0,897921.0,99515.0,288455.0,116298.0,496372.0,71900.10225596931,2011,0.07024799805735325,0.2036214267159105,0.0820951783959611
602,78701.0,48886.0,14533.0,7159.0,8347.0,30592.0,70757.2601333682,2011,0.18466093188142463,0.09096453666408305,0.106059643460693
603,62796.0,43705.0,10907.0,3680.0,4495.0,25818.0,82098.9811371911,2011,0.17368940696859672,0.058602458755334735,0.07158099241989936
604,1436029.0,844076.0,311876.0,226646.0,150404.0,506185.0,63764.219747720694,2011,0.21717945807501102,0.15782828898302192,0.10473604641688991
605,1005096.0,688299.0,54128.0,174402.0,66214.0,353855.0,81332.45674358141,2011,0.05385356224679036,0.1735177535280212,0.06587828426339375
606,2686081.0,861959.0,884831.0,754494.0,562925.0,1025452.0,50371.435580602505,2011,0.32941337212094496,0.28089026354752517,0.2095711186669352
607,107323.0,72706.0,3626.0,18109.0,7954.0,40542.0,55703.01265354447,2011,0.03378586137174697,0.16873363584692935,0.07411272513813441
608,154211.0,37299.0,35124.0,79314.0,25923.0,47268.0,47461.78909621731,2011,0.22776585327894897,0.514321287067719,0.1681008488369831
609,168500.0,134949.0,17316.0,12600.0,23058.0,63106.0,50012.70318071602,2011,0.10276557863501484,0.07477744807121661,0.1368427299703264
610,312710.0,269310.0,8943.0,27510.0,32200.0,119589.0,54236.8602597446,2011,0.028598381887371686,0.08797288222314605,0.10297080361996738
611,236255.0,161766.0,34792.0,28892.0,44966.0,91877.0,44619.61088193998,2011,0.14726460815644113,0.12229159171234472,0.19032824702122705
612,214378.0,175914.0,13639.0,18028.0,22951.0,87637.0,49805.96770770337,2011,0.06362126710763231,0.08409444999020421,0.10705856011344447
613,152510.0,136229.0,1697.0,11646.0,16477.0,61566.0,49510.03595567687,2011,0.011127139203986624,0.07636220575699953,0.10803881712674579
614,148064.0,130995.0,6434.0,6654.0,22483.0,59872.0,40244.16033416876,2011,0.04345418197536201,0.044940025934730926,0.15184649881132484
615,205261.0,194007.0,2617.0,3937.0,16327.0,80031.0,58303.91684472267,2011,0.01274962121396661,0.019180458050969254,0.07954263108919862
616,172771.0,124389.0,32516.0,6360.0,28815.0,71769.0,48762.52051721495,2011,0.1882028812705836,0.03681173345063697,0.16678146216668308
617,233589.0,199405.0,13701.0,9176.0,26347.0,88397.0,58787.4059187529,2011,0.05865430307077816,0.03928267170115031,0.11279212634156574
618,290766.0,218098.0,35318.0,12824.0,54171.0,114698.0,46399.40161118764,2011,0.12146537077925204,0.04410419375030093,0.18630445100183654
619,109350.0,102323.0,2309.0,2653.0,17099.0,43139.0,42527.81944412249,2011,0.021115683584819387,0.024261545496113396,0.15636945587562873
620,307465.0,274673.0,19738.0,6018.0,40733.0,122401.0,51059.37706391288,2011,0.06419592473940124,0.019572959523848243,0.13248011968841983
622,463425.0,346863.0,89701.0,13918.0,59578.0,177199.0,54643.206952016524,2011,0.19356098613583644,0.030032907158655663,0.1285601769434105
623,111846.0,104300.0,3867.0,1561.0,14219.0,44513.0,44999.71693662526,2011,0.034574325411726836,0.01395669044936788,0.12713016111438943
624,150509.0,142410.0,3541.0,2208.0,18530.0,58463.0,46025.77238595351,2011,0.02352683228245487,0.014670219056667707,0.123115561195676
625,185062.0,158971.0,18120.0,2972.0,24881.0,74534.0,48923.21481471543,2011,0.09791313181528352,0.01605948276793723,0.13444683403399943
626,165359.0,151970.0,6173.0,4563.0,18067.0,63544.0,52273.61192080081,2011,0.03733089822749291,0.027594506497983177,0.10925924806028096
627,141184.0,109701.0,22249.0,2658.0,22264.0,61396.0,51253.873770278195,2011,0.1575886786038078,0.01882649592021759,0.15769492293744333
628,213453.0,199724.0,6472.0,2944.0,32991.0,86480.0,40816.156452358926,2011,0.030320492098963238,0.013792263402247802,0.1545586147770235
629,226474.0,193642.0,19487.0,5788.0,43781.0,90105.0,37262.8908017271,2011,0.08604519724118442,0.025557017582592264,0.19331578900889285
630,716128.0,604712.0,67186.0,15621.0,58839.0,274587.0,65181.70707280388,2011,0.09381842352205193,0.021813139550471424,0.0821626860002681
631,928527.0,535960.0,320899.0,24285.0,151045.0,392051.0,50576.13747701192,2011,0.3456000740958529,0.02615432830709285,0.1626716293656512
633,476801.0,430266.0,18185.0,12240.0,32687.0,177196.0,66493.74690588123,2011,0.03813960121727933,0.025671087099230078,0.06855480588337692
634,67821.0,63596.0,2168.0,688.0,9438.0,27001.0,41390.32506019633,2011,0.031966500051606436,0.010144350569882485,0.13916043703277745
635,61908.0,57543.0,970.0,2015.0,11715.0,24671.0,35089.506019212844,2011,0.01566841119079925,0.03254829747367061,0.1892324093816631
636,134029.0,126584.0,3785.0,1533.0,22711.0,51220.0,38558.13777821164,2011,0.028240156980951885,0.011437823157674831,0.16944840295756888
637,126319.0,115465.0,5661.0,2075.0,18428.0,49444.0,43964.99336462211,2011,0.044815110949263375,0.016426665822243686,0.14588462543243694
638,122566.0,98554.0,18823.0,3296.0,26629.0,48315.0,33576.78493933496,2011,0.1535744007310347,0.02689163389520748,0.21726253610299756
639,84234.0,78606.0,2370.0,1191.0,17854.0,34379.0,32000.793333139416,2011,0.028135907115891444,0.014139183702542916,0.21195716693971556
640,598829.0,514936.0,35408.0,26371.0,58561.0,228117.0,59715.77122704577,2011,0.05912873291039679,0.044037613408836246,0.09779252507811077
641,546043.0,323070.0,144394.0,49917.0,89940.0,228941.0,49294.52349732027,2011,0.264437049829409,0.0914158775041526,0.16471230287724592
644,104869.0,98936.0,2112.0,1556.0,13378.0,39968.0,45738.30339271417,2011,0.02013941202834012,0.014837559240576339,0.12756868092572637
645,86773.0,74858.0,3799.0,4500.0,13490.0,32947.0,43425.41912768993,2011,0.0437808995885817,0.051859449367890935,0.15546310488285528
646,72977.0,70114.0,899.0,868.0,10630.0,28546.0,40218.30957051776,2011,0.012318949806103293,0.011894158433479041,0.14566233196760622
647,116172.0,110273.0,763.0,2042.0,19085.0,46637.0,41173.32165448035,2011,0.006567847674138347,0.01757738525634404,0.1642822711152429
648,194937.0,168205.0,2850.0,12853.0,33964.0,74035.0,40109.979941919366,2011,0.014620108034903585,0.06593412230618097,0.17423064887630363
650,153354.0,145584.0,1879.0,2821.0,19745.0,61272.0,45950.06986878182,2011,0.012252696375705883,0.01839534671413853,0.12875438527850594
651,68293.0,55897.0,8182.0,1734.0,7261.0,26816.0,54023.00824134845,2011,0.11980730089467442,0.025390596400802424,0.10632129207971534
652,262127.0,220992.0,20347.0,6734.0,43479.0,101694.0,45958.50699156292,2011,0.0776226790830399,0.025689837368908962,0.1658699790559538
653,103842.0,91471.0,3296.0,5944.0,17288.0,40558.0,38643.84363134277,2011,0.031740528880414474,0.05724080815084455,0.16648369638489244
654,94680.0,82540.0,3571.0,4020.0,14676.0,32867.0,39176.42915386254,2011,0.03771651880016899,0.042458808618504436,0.1550063371356147
655,119855.0,108034.0,4318.0,3148.0,19203.0,46554.0,40454.04054228257,2011,0.03602686579617037,0.026265070293271037,0.16021859747194528
656,209297.0,193342.0,908.0,5086.0,34528.0,82847.0,39452.99523217497,2011,0.004338332608685266,0.024300396087856013,0.16497130871441062
657,286722.0,266860.0,1383.0,9186.0,45829.0,110967.0,43073.34510578076,2011,0.004823487559378074,0.03203800196706217,0.15983775224782193
658,218800.0,193345.0,7249.0,7053.0,38200.0,92559.0,40630.39491567541,2011,0.03313071297989031,0.03223491773308958,0.1745886654478976
660,476949.0,399568.0,19738.0,27926.0,46783.0,176013.0,61213.4566310443,2011,0.04138387961815624,0.05855133358073924,0.09808805553633616
661,149161.0,62853.0,39644.0,39312.0,33117.0,54421.0,40876.784311203395,2011,0.26577992906993114,0.26355414619102846,0.22202184217054055
662,368673.0,307291.0,14835.0,22441.0,21493.0,152492.0,78373.56538047898,2011,0.04023891090478554,0.0608696595628104,0.05829827516525485
664,82530.0,63046.0,7351.0,6385.0,9964.0,30212.0,47361.93548920959,2011,0.08907064097903793,0.07736580637343995,0.12073185508300012
665,127347.0,111417.0,3425.0,5149.0,18313.0,49466.0,49298.69486074874,2011,0.026895019120984395,0.040432833125240486,0.1438039372737481
666,162122.0,121107.0,14687.0,17816.0,24711.0,67620.0,48601.552868973675,2011,0.09059227001887467,0.10989255005489693,0.1524222499105612
667,118570.0,107681.0,1684.0,3850.0,18973.0,46880.0,38714.054394197956,2011,0.014202580753984988,0.03247027072615333,0.16001518090579406
668,61363.0,50497.0,885.0,7639.0,9846.0,24681.0,41260.832300149916,2011,0.014422371787559278,0.12448869840131675,0.16045499731108323
669,25572.0,24548.0,74.0,477.0,3129.0,11185.0,40386.283057666515,2011,0.0028937900829031755,0.018653214453308305,0.12236039418113562
670,180926.0,161910.0,2429.0,9739.0,17127.0,67819.0,54445.06554210472,2011,0.013425378331472535,0.05382863712235942,0.0946630113969247
671,112335.0,99669.0,1488.0,6681.0,10981.0,43166.0,51049.00289579762,2011,0.013246094271598344,0.059473895046067565,0.09775225886856279
672,405314.0,269823.0,41919.0,56975.0,62105.0,160423.0,50076.94731428785,2011,0.10342351855598375,0.14057002718879683,0.15322688088741074
673,63053.0,52815.0,2895.0,2831.0,9672.0,25560.0,40319.854929577465,2011,0.04591375509492015,0.04489873598401345,0.15339476313577466
674,137632.0,122363.0,2493.0,7854.0,15439.0,55250.0,47297.72076018099,2011,0.018113520111601954,0.057065217391304345,0.11217594745408045
675,123027.0,106086.0,2818.0,10959.0,14647.0,49739.0,44219.17503569489,2011,0.0229055410600925,0.08907800726669755,0.11905516675201379
676,59110.0,55185.0,570.0,1823.0,7975.0,25212.0,41667.71672219578,2011,0.0096430384029775,0.030840805278294706,0.13491794958551853
677,30857.0,28588.0,154.0,1445.0,3695.0,13536.0,42329.35992907801,2011,0.004990763846128917,0.046828920504261594,0.11974592474965162
678,115472.0,66593.0,1433.0,43552.0,14853.0,40309.0,51153.846337046314,2011,0.012409934875987252,0.3771650270195372,0.12862858528474436
679,31073.0,14149.0,928.0,14798.0,4425.0,10520.0,46596.47414448669,2011,0.02986515624497152,0.47623338589772474,0.14240659093103336
680,193218.0,171690.0,3835.0,8844.0,15777.0,73259.0,62613.903220082175,2011,0.019848047283379397,0.04577213303108406,0.08165388317858585
681,579682.0,424555.0,59694.0,62447.0,70500.0,225264.0,57145.159697066556,2011,0.1029771495406102,0.10772630511211319,0.12161840457354205
683,81466.0,75731.0,171.0,3816.0,8491.0,32770.0,48404.716631065,2011,0.0020990351803206247,0.04684162718189183,0.10422753050352294
684,71625.0,66924.0,591.0,2728.0,5965.0,28162.0,54408.609402741284,2011,0.00825130890052356,0.038087260034904015,0.08328097731239092
685,264250.0,222233.0,9405.0,15450.0,37751.0,105963.0,51968.96804544983,2011,0.035591296121097446,0.05846736045411542,0.14286092715231788
686,73115.0,63257.0,215.0,8669.0,6914.0,28942.0,49109.83287264183,2011,0.002940573069821514,0.11856664159201258,0.09456335909184162
687,129324.0,110225.0,1222.0,14131.0,15619.0,50839.0,44736.89464780975,2011,0.009449135504624045,0.10926819461198231,0.12077417957996969
688,163257.0,133973.0,2269.0,23914.0,19171.0,62531.0,48245.39162975164,2011,0.013898332077644451,0.1464807022057247,0.11742834916726388
689,73213.0,67723.0,385.0,3704.0,8762.0,30090.0,44905.08584247258,2011,0.0052586289320202696,0.05059210795896903,0.11967819922691325
690,25508.0,23970.0,77.0,1107.0,2824.0,11090.0,43281.006672678086,2011,0.0030186608122941823,0.04339814960012545,0.11071036537556844
691,79711.0,73100.0,315.0,4759.0,7917.0,34211.0,46779.732892929176,2011,0.003951775790041525,0.059703177729547995,0.09932129818971033
692,8382.0,7788.0,16.0,164.0,786.0,3691.0,38959.84827959903,2011,0.00190885230255309,0.01956573610116917,0.09377236936292055
693,70426.0,56963.0,367.0,9817.0,11254.0,28974.0,40357.918582177124,2011,0.005211143611734303,0.139394541788544,0.1597989378922557
700,564324.0,314653.0,163962.0,57489.0,82673.0,208378.0,50241.91377233439,2011,0.29054585663554977,0.10187232866225786,0.1464991742332419
701,359686.0,127288.0,197340.0,18939.0,84592.0,151566.0,40420.69944446644,2011,0.5486452072085096,0.05265425954860629,0.2351829095377635
703,276653.0,192953.0,56391.0,10948.0,46877.0,99122.0,47881.92546558786,2011,0.20383296042334623,0.03957303915012669,0.1694433098502456
704,420643.0,310768.0,83531.0,15444.0,66106.0,155836.0,51036.86102269227,2011,0.19857931785385707,0.03671521931899497,0.15715464182216274
705,622125.0,416404.0,171031.0,16639.0,117973.0,231195.0,43570.02783533249,2011,0.2749142053445851,0.026745428973277075,0.1896290938316255
706,260565.0,190025.0,55617.0,6590.0,40491.0,96810.0,45365.726484867264,2011,0.21344770018997178,0.025291194135820236,0.1553969259110011
707,393838.0,277878.0,96821.0,10797.0,45332.0,136805.0,56794.26230766419,2011,0.24583965996171014,0.0274148253850568,0.11510316424519726
708,375499.0,171519.0,172083.0,14487.0,71988.0,144886.0,49920.05891853836,2011,0.45827818449583085,0.03858066199909987,0.19171289404232766
710,180781.0,118104.0,55059.0,3758.0,32322.0,68055.0,40980.11916831974,2011,0.30456187320570194,0.020787582765888008,0.17879091276184997
711,299599.0,149368.0,130773.0,10377.0,56614.0,116311.0,43314.004659920385,2011,0.4364934462398072,0.03463629718390248,0.1889659177767616
712,335496.0,196437.0,126729.0,6251.0,77601.0,121784.0,37359.370294948436,2011,0.3777362472279848,0.018632114838925053,0.2313023106087703
713,202031.0,123213.0,70030.0,3793.0,42928.0,74610.0,37671.9041013269,2011,0.346629972627963,0.01877434651117898,0.21248224282412104
714,192923.0,133813.0,41860.0,8186.0,35097.0,69595.0,38677.2807672965,2011,0.21697775796561322,0.042431436376170806,0.1819223213406385
716,170303.0,89891.0,72083.0,5568.0,37620.0,64148.0,34694.481901228406,2011,0.4232632425735307,0.03269466773926472,0.22090039517800625
717,109443.0,65267.0,39446.0,2720.0,22999.0,43729.0,35186.131674632394,2011,0.36042506144751146,0.024853119888891936,0.21014592070758295
718,127392.0,84522.0,29006.0,10736.0,25947.0,48253.0,37558.18919030941,2011,0.22769090680733484,0.08427530771163025,0.20367840994724942
719,170651.0,145663.0,12438.0,7680.0,30896.0,68497.0,37306.541352176006,2011,0.07288559692002977,0.045004131238609794,0.18104786962865732
720,376304.0,310546.0,40831.0,14246.0,55279.0,143631.0,46178.630762161374,2011,0.1085053573706365,0.03785768952761597,0.14689984693226754
721,309421.0,238042.0,53465.0,10126.0,46462.0,120548.0,46152.15034057063,2011,0.17279046994224698,0.03272563917768995,0.1501578755158829
722,213460.0,105853.0,84597.0,12941.0,35568.0,87314.0,48760.76102343267,2011,0.39631312658109247,0.060624941441019396,0.16662606577344702
723,175152.0,87499.0,80380.0,4381.0,45228.0,63205.0,33571.46385389631,2011,0.45891568466246463,0.025012560518863615,0.25822143052891205
724,219374.0,194372.0,13597.0,6474.0,42483.0,86065.0,37195.46260384593,2011,0.06198090931468633,0.02951124563530774,0.19365558361519597
725,106494.0,100007.0,1243.0,2916.0,22181.0,43653.0,33794.08773055333,2011,0.011672019080887186,0.027381824328131164,0.20828403478130222
726,137725.0,128535.0,326.0,5207.0,22724.0,58010.0,35403.39744871574,2011,0.002367035759666001,0.0378072245416591,0.16499546197131965
727,429623.0,328277.0,8669.0,63710.0,64307.0,161783.0,47163.34306925797,2011,0.02017815619741029,0.14829280555277535,0.14968239596111008
728,122516.0,104433.0,2765.0,11322.0,22229.0,45344.0,37680.84628616796,2011,0.022568480851480624,0.09241241960233765,0.18143752652714748
729,228103.0,183028.0,8389.0,19850.0,42916.0,87175.0,40800.53441927158,2011,0.03677724536722445,0.08702209089753313,0.18814307571579506
730,663516.0,521076.0,31458.0,36907.0,80516.0,245896.0,55769.959743143445,2011,0.04741106469173313,0.05562337607533202,0.12134748822937201
731,634490.0,360996.0,93830.0,104421.0,110474.0,252624.0,45068.16827379821,2011,0.14788255134044664,0.16457469778877523,0.1741146432567889
734,92738.0,68190.0,3883.0,6422.0,14600.0,35134.0,39888.98260943815,2011,0.04187064633699239,0.06924885160344195,0.15743276758178956
735,210259.0,137756.0,24442.0,25380.0,33103.0,78861.0,43738.33938195052,2011,0.11624710476127062,0.12070826932497539,0.157439158371342
736,59586.0,46421.0,1790.0,6823.0,8804.0,22125.0,43500.31679096045,2011,0.030040613566945255,0.11450676333366898,0.14775282784546706
737,106772.0,86581.0,2931.0,9121.0,14766.0,42189.0,45131.626134774466,2011,0.027451017120593415,0.0854250177949275,0.13829468399955044
738,31985.0,27176.0,275.0,2961.0,3821.0,12582.0,47940.38292799237,2011,0.00859778020947319,0.09257464436454588,0.11946224792871658
739,28048.0,16910.0,257.0,9829.0,4099.0,10232.0,45907.7771696638,2011,0.009162863662293212,0.3504349686252139,0.14614232743867656
740,580136.0,446156.0,14759.0,24174.0,66221.0,218854.0,53115.952283257335,2011,0.025440586345270765,0.04166953955624198,0.11414737234027883
741,413272.0,247543.0,59972.0,53985.0,76751.0,172903.0,43886.009803184446,2011,0.14511508159275247,0.13062825451518612,0.1857154610038909
743,130435.0,87444.0,1087.0,4372.0,23654.0,50091.0,38741.6430696133,2011,0.008333652777245371,0.03351861080231533,0.1813470310882815
744,221409.0,136072.0,14839.0,9996.0,44547.0,84208.0,38124.92019760593,2011,0.06702076248029665,0.04514721623782231,0.20119778328794222
745,86572.0,62021.0,2200.0,3131.0,16029.0,34486.0,37880.783883314965,2011,0.025412373515686364,0.03616642794437001,0.1851522432195167
746,56550.0,43632.0,922.0,3256.0,9769.0,22578.0,42524.14558419701,2011,0.01630415561450044,0.05757736516357206,0.1727497789566755
747,86861.0,60376.0,5188.0,3859.0,20142.0,34249.0,33460.63875905585,2011,0.059727610780442315,0.044427303392776965,0.23188772866994392
748,197133.0,145058.0,6366.0,7367.0,35064.0,73676.0,39883.62755849938,2011,0.032292918993775774,0.03737070911516591,0.17786976305337007
749,114987.0,74052.0,1837.0,6063.0,23635.0,42132.0,36160.62147536314,2011,0.015975718994321098,0.05272769965300425,0.20554497464930818
750,2041979.0,1105802.0,199008.0,481404.0,195396.0,720046.0,73499.80765534424,2011,0.09745839697665842,0.23575364878874855,0.09568952472087128
751,733217.0,382702.0,162889.0,163173.0,95596.0,253169.0,54834.68567636638,2011,0.222156605752458,0.22254393992501537,0.13037886464716447
752,1262483.0,395531.0,293533.0,519372.0,276952.0,474793.0,48152.85003991213,2011,0.2325045168925047,0.411389301875748,0.21937087469692662
753,0.0,0.0,0.0,0.0,0.0,0.0,,2011,,,
754,333370.0,249843.0,27122.0,47924.0,52390.0,121104.0,45349.468151340996,2011,0.08135705072442032,0.14375618681944985,0.15715271320154783
755,125771.0,86930.0,27579.0,7206.0,21599.0,47035.0,41838.060593175294,2011,0.2192794841418133,0.05729460686485756,0.1717327523832998
756,333408.0,222267.0,62886.0,41750.0,48830.0,122851.0,45299.47424115392,2011,0.18861575007198386,0.12522195028313657,0.14645719358863615
757,342695.0,230121.0,50780.0,53648.0,54861.0,126618.0,45559.95212371069,2011,0.14817840937276586,0.1565473671924014,0.16008695779045506
758,125342.0,82093.0,23768.0,17090.0,20103.0,38801.0,39860.989221526004,2011,0.18962518549249255,0.13634695473185365,0.1603851861307463
759,256655.0,168129.0,45960.0,37113.0,51999.0,94963.0,37088.09382601645,2011,0.17907307475015097,0.14460267674504684,0.20260271570785685
760,1134492.0,748008.0,104570.0,208808.0,128076.0,414016.0,65004.19896815582,2011,0.09217341329863939,0.18405418460421052,0.11289281898858697
761,895136.0,418219.0,142262.0,290275.0,153128.0,322863.0,51085.96912932111,2011,0.15892780538376292,0.3242803328209345,0.17106674293068316
762,428543.0,318323.0,22519.0,65353.0,41545.0,149088.0,68719.17696930672,2011,0.05254781900532735,0.15250044919646336,0.09694476400267885
763,173509.0,123716.0,15187.0,27628.0,23436.0,64833.0,45376.44978637422,2011,0.08752860082185938,0.15923093326570956,0.13507080324363577
764,142358.0,113554.0,2009.0,24036.0,23675.0,53477.0,42398.44848689013,2011,0.014112308405569058,0.16884193371640513,0.16630607342053133
765,465056.0,261396.0,78481.0,96330.0,64975.0,154752.0,49475.66171870961,2011,0.16875602078029311,0.2071363448702952,0.1397143569806647
766,160178.0,117781.0,14924.0,24464.0,23020.0,57095.0,48602.59101497504,2011,0.09317134687659978,0.1527300877773477,0.14371511693241268
767,169791.0,87858.0,31095.0,45799.0,41509.0,61764.0,37361.06995984716,2011,0.18313691538420765,0.2697375008098191,0.24447114393577987
768,88628.0,63938.0,2452.0,20766.0,16392.0,32257.0,38940.525884543764,2011,0.027666200297874262,0.23430518572008846,0.18495283657534864
769,128716.0,73205.0,4400.0,47906.0,19212.0,48290.0,45835.30584847418,2011,0.03418378445570092,0.37218372230336555,0.14925883340066504
770,2873899.0,747466.0,639341.0,1250919.0,567198.0,1012847.0,52392.399920224874,2011,0.22246467255808225,0.43526894995266013,0.19736184187405334
772,0.0,0.0,0.0,0.0,0.0,0.0,,2011,,,
773,1051768.0,688094.0,99381.0,212817.0,110742.0,356472.0,70390.78231950896,2011,0.09448946916049927,0.2023421515010915,0.10529128096690525
774,974957.0,454880.0,150714.0,243791.0,88371.0,317142.0,80326.03258511296,2011,0.15458527914564438,0.25005307926400855,0.090640920573933
775,1124644.0,569249.0,128896.0,371611.0,153364.0,383025.0,62182.01906925136,2011,0.11461049007508153,0.3304254501869036,0.13636670804272286
776,269515.0,195080.0,34599.0,30633.0,38957.0,102451.0,48224.09494294834,2011,0.1283750440606274,0.11365972209338998,0.14454483052891304
777,142179.0,55877.0,60872.0,18913.0,25087.0,49973.0,45138.270826246175,2011,0.4281363633166642,0.1330224576062569,0.17644659197209153
778,292765.0,179476.0,37697.0,60375.0,67519.0,104606.0,42349.85461637,2011,0.12876197632913772,0.20622342151555,0.23062524550407323
779,163867.0,87956.0,10106.0,62030.0,24787.0,61267.0,48274.182610540745,2011,0.06167196567948397,0.3785386929644163,0.1512629144367078
780,530694.0,160110.0,5133.0,358000.0,115543.0,166138.0,49106.892731376975,2011,0.009672240500175242,0.6745883691920391,0.2177205696691502
781,374935.0,203205.0,24708.0,135948.0,40846.0,130760.0,59459.401719535235,2011,0.0658994225665782,0.36259084908050726,0.10894154986864389
782,1568811.0,467730.0,104622.0,934414.0,269535.0,551723.0,51230.09473050788,2011,0.06668872158596542,0.5956192301048373,0.17180845876271902
783,232358.0,77984.0,3634.0,146216.0,46778.0,82051.0,41242.650120047285,2011,0.015639659490957917,0.6292703500632645,0.20131865483435044
784,303569.0,102602.0,12330.0,179700.0,55186.0,110258.0,48171.403589762194,2011,0.040616795522599475,0.5919576768378852,0.1817906307956346
785,1240525.0,107652.0,4501.0,1114629.0,433459.0,345650.0,33046.57877043252,2011,0.0036283025332016685,0.8985139356320913,0.34941577154833636
786,831731.0,504972.0,51215.0,236567.0,87447.0,290129.0,64212.05227674586,2011,0.061576399100189846,0.28442729680629913,0.10513856042398323
787,930095.0,482514.0,70248.0,301548.0,153286.0,379436.0,60951.80477076503,2011,0.07552776866879189,0.3242120428558373,0.16480682080862707
788,174591.0,32006.0,1945.0,138479.0,46861.0,53867.0,34250.189615163275,2011,0.01114032223883247,0.7931623050443608,0.2684044423824825
789,67333.0,46891.0,5771.0,13678.0,8697.0,26907.0,46554.206405296834,2011,0.08570834509081728,0.20313961950306686,0.12916400576240478
790,222925.0,124441.0,5847.0,86145.0,34728.0,76874.0,45831.81637859225,2011,0.026228552203655938,0.38643041381630594,0.15578333520242235
791,218624.0,136469.0,14075.0,57980.0,34554.0,80730.0,49718.19072216029,2011,0.0643799399882904,0.2652041861826698,0.15805218091334894
792,33239.0,20916.0,2053.0,9622.0,5849.0,12388.0,39240.2691314175,2011,0.061764794368061614,0.2894792262101748,0.1759679894100304
793,143328.0,73557.0,4677.0,62695.0,25290.0,48172.0,43521.12180032801,2011,0.03263144675150703,0.43742325295824963,0.17644842598794375
794,250106.0,142618.0,18066.0,78929.0,46076.0,94275.0,45645.01488199417,2011,0.07223337304982687,0.31558219315010433,0.18422588822339328
795,94680.0,65486.0,3751.0,23452.0,13491.0,36056.0,42957.2769303306,2011,0.03961765948457964,0.24769750739332488,0.14249049429657795
796,127330.0,81767.0,11049.0,29259.0,19274.0,45917.0,43793.69007121545,2011,0.08677452289326945,0.22978873792507656,0.15137045472394564
797,381669.0,176529.0,18529.0,177324.0,55244.0,134087.0,52001.05514330248,2011,0.048547301457545676,0.4646015264535501,0.14474321991044597
798,74263.0,9602.0,967.0,62501.0,25315.0,21466.0,30375.951954890723,2011,0.013021289201890577,0.8416169559538398,0.34088307771029985
799,736874.0,103616.0,20146.0,597627.0,173730.0,234893.0,40925.65703958824,2011,0.027339816576511047,0.8110301082681707,0.23576622326205024
800,769048.0,478669.0,56816.0,172169.0,93223.0,288937.0,63724.82934342088,2011,0.07387835349679084,0.22387289219918652,0.12121870156349149
801,635279.0,533825.0,7663.0,58150.0,33483.0,241287.0,87248.75436306142,2011,0.01206241667047077,0.0915345855915275,0.05270597642925392
802,975873.0,544494.0,68811.0,303699.0,161273.0,410245.0,51504.588657997054,2011,0.07051224903240483,0.31120750343538556,0.16526023365745338
803,121376.0,102911.0,896.0,9437.0,20616.0,51559.0,60376.55904885665,2011,0.00738201950962299,0.07775013182177695,0.16985235960980755
804,207354.0,183596.0,833.0,16483.0,16170.0,85079.0,72527.58748280443,2011,0.0040172844507460675,0.07949207635251791,0.07798258051448248
805,481957.0,392542.0,2947.0,64931.0,53932.0,187292.0,62669.66089630978,2011,0.006114653381940713,0.13472363717095093,0.11190209914992416
806,250135.0,155961.0,2662.0,82338.0,34002.0,86822.0,57486.456048006265,2011,0.010642253183281028,0.3291742459072101,0.135934595318528
807,69102.0,51427.0,1021.0,15505.0,9406.0,26396.0,42533.33277769359,2011,0.014775259760933114,0.22437845503748083,0.1361176232236404
808,112098.0,90106.0,4198.0,11623.0,10288.0,39461.0,58775.30848179215,2011,0.03744937465432033,0.10368606041142572,0.09177683812378455
809,517844.0,367727.0,30906.0,80882.0,61683.0,199506.0,58811.23898516651,2011,0.05968206641382347,0.15618989502630135,0.11911502305713689
810,229921.0,129382.0,4077.0,89167.0,40954.0,89554.0,40702.71432719151,2011,0.0177321775740363,0.38781581499732515,0.17812205061738598
811,70909.0,41907.0,248.0,25344.0,10826.0,26178.0,43649.16196698762,2011,0.0034974403813338223,0.35741584284082417,0.15267455471096758
812,83879.0,68547.0,3228.0,8792.0,9594.0,33200.0,42974.23769775501,2011,0.03848400672397143,0.10481765400159754,0.11437904600674781
813,65604.0,52813.0,196.0,6810.0,8502.0,27618.0,51964.4597364038,2011,0.002987622705932565,0.10380464605816718,0.12959575635631973
814,84193.0,68641.0,550.0,12905.0,10276.0,34846.0,48403.815760775986,2011,0.00653260959937287,0.15327877614528523,0.12205290226028292
815,141638.0,117871.0,819.0,18642.0,17674.0,57055.0,54662.087039601705,2011,0.0057823465454186025,0.13161722136714724,0.12478289724508959
816,149890.0,110639.0,335.0,34668.0,15825.0,56197.0,65298.32163638628,2011,0.002234972313029555,0.23128961238241377,0.10557742344385883
820,125814.0,103272.0,2647.0,14751.0,15972.0,51232.0,52880.94200859711,2011,0.021038994070612174,0.11724450379131099,0.12694930611855595
821,642.0,572.0,22.0,19.0,59.0,264.0,72500.0,2011,0.03426791277258567,0.029595015576323987,0.09190031152647975
822,24560.0,22218.0,95.0,1762.0,3446.0,10068.0,44091.95164179104,2011,0.0038680781758957655,0.07174267100977198,0.14030944625407166
823,16302.0,13087.0,118.0,2579.0,1364.0,6371.0,61149.83488115851,2011,0.007238375659428291,0.1582014476751319,0.08367071524966262
824,52199.0,47429.0,100.0,3426.0,4998.0,21860.0,49872.55773101556,2011,0.0019157455123661373,0.06563344125366387,0.09574896070805954
825,38223.0,27120.0,160.0,2172.0,5265.0,15044.0,48690.49042807764,2011,0.004185961332182194,0.056824425084373284,0.13774429008712033
826,89846.0,80505.0,574.0,5916.0,7313.0,36320.0,54820.392374703646,2011,0.006388709569708167,0.06584600316096431,0.0813948311555328
827,58686.0,53325.0,233.0,3568.0,4109.0,22323.0,72950.80699081335,2011,0.003970282520533006,0.060798146065501144,0.07001669904236105
828,36510.0,33985.0,50.0,1230.0,2782.0,15685.0,53697.09436493739,2011,0.001369487811558477,0.03368940016433854,0.07619830183511367
829,69265.0,58127.0,161.0,8305.0,6269.0,25676.0,70214.56231500233,2011,0.0023244062657908036,0.11990182631920883,0.09050747130585433
830,20721.0,18756.0,10.0,1746.0,1547.0,7114.0,74442.27838827838,2011,0.0004826021910139472,0.08426234255103518,0.07465855894985764
831,21552.0,20011.0,18.0,897.0,1776.0,7623.0,66022.85285601474,2011,0.0008351893095768374,0.04162026726057907,0.08240534521158129
832,171246.0,144114.0,801.0,16855.0,24243.0,60785.0,45351.37191266548,2011,0.004677481517816474,0.09842565665767375,0.14156827020777127
833,183329.0,140169.0,523.0,37734.0,26230.0,66362.0,44912.26746236267,2011,0.0028527947024202392,0.2058266831761478,0.14307610907166896
834,196354.0,170890.0,734.0,19558.0,29806.0,66233.0,47976.5702117377,2011,0.0037381464090367397,0.09960581398901983,0.15179726412499872
835,68720.0,62003.0,203.0,1914.0,8630.0,28560.0,42144.536169467785,2011,0.0029540162980209545,0.027852153667054715,0.12558207217694994
836,425753.0,340744.0,2096.0,66182.0,58332.0,147344.0,50081.93117466609,2011,0.004923042233407633,0.15544693754359923,0.1370090169652357
837,257305.0,220558.0,3018.0,18328.0,33665.0,104235.0,52104.64283589965,2011,0.01172927070985795,0.07123064067934941,0.13083694448222927
838,246658.0,227250.0,791.0,8348.0,35792.0,101830.0,44250.462902353924,2011,0.0032068694305475596,0.0338444323719482,0.14510780108490298
840,1209871.0,1022186.0,9035.0,120022.0,91633.0,365111.0,69889.1253454429,2011,0.007467738296066275,0.09920231165140747,0.07573782659473613
841,590159.0,407187.0,11110.0,120823.0,80452.0,212130.0,53041.654188469336,2011,0.018825435179333026,0.20472957287781768,0.13632258425271834
843,172548.0,150382.0,778.0,15134.0,21503.0,54792.0,52932.8512739086,2011,0.004508890279806199,0.08770892737093447,0.12462039548415513
844,183318.0,141831.0,2667.0,32269.0,23494.0,63887.0,53879.42335686446,2011,0.014548489510031747,0.17602744956850935,0.12815980972954102
845,55111.0,41994.0,141.0,4581.0,8706.0,19409.0,43690.2009485514,2011,0.002558472900146976,0.08312315145796664,0.15797209268567075
846,282663.0,235360.0,1542.0,32742.0,47523.0,80427.0,50844.05946073676,2011,0.0054552594432239095,0.1158340497341357,0.16812600163445515
847,220761.0,192934.0,877.0,18336.0,30386.0,75296.0,47758.228742196836,2011,0.0039726219758018854,0.08305814885781455,0.13764206540104457
850,1323624.0,608289.0,80871.0,550810.0,282141.0,470790.0,49123.40158032244,2011,0.06109816685100905,0.4161378155730026,0.21315796631067432
851,366492.0,216406.0,15607.0,104209.0,47080.0,123005.0,52186.766367220844,2011,0.04258483131964681,0.2843418137367255,0.12846119424162056
852,1425804.0,995627.0,45032.0,267389.0,155698.0,552101.0,65191.63735258585,2011,0.03158358371837924,0.187535593952605,0.10920014251608215
853,1239940.0,706475.0,53553.0,411125.0,162268.0,445650.0,55956.5245259733,2011,0.043189993064180525,0.3315684629901447,0.1308676226269013
855,94310.0,57530.0,944.0,22581.0,18396.0,33402.0,40704.67096832146,2011,0.0100095429965009,0.2394337822076132,0.19505884847842223
856,287592.0,157284.0,6998.0,105125.0,42632.0,105930.0,50827.474681393374,2011,0.024333082978664218,0.36553520264819606,0.14823778130128792
857,881182.0,482422.0,29900.0,311993.0,155280.0,345951.0,48400.76614607271,2011,0.03393169628975626,0.35406193045250584,0.17621785283857364
859,77978.0,51095.0,652.0,9519.0,16311.0,27275.0,43005.24992660012,2011,0.00836133268357742,0.12207289235425377,0.20917438251814616
860,178031.0,84842.0,1987.0,22944.0,39286.0,56642.0,46635.96559523599,2011,0.011160977582555846,0.1288764316326932,0.2206694339749819
863,208754.0,170991.0,1073.0,28358.0,30653.0,89407.0,45236.02668694845,2011,0.0051400212690535275,0.13584410358603907,0.14683790490242102
864,194371.0,153709.0,1767.0,29377.0,30500.0,79394.0,41125.31295815805,2011,0.009090862319996295,0.15113880157019308,0.15691641242777987
865,61249.0,1826.0,115.0,915.0,23815.0,15191.0,25941.354288723585,2011,0.001877581674802854,0.014939019412561838,0.38882267465591275
870,197990.0,80317.0,1424.0,81923.0,38029.0,69653.0,49247.32094332577,2011,0.007192282438506995,0.41377342290014646,0.19207535734127987
871,719729.0,307790.0,18510.0,336980.0,113379.0,284655.0,50754.79630137083,2011,0.02571801330778668,0.4682040045628285,0.1575301259223958
873,72971.0,7958.0,468.0,10279.0,22434.0,18073.0,34757.00542245338,2011,0.006413506735552479,0.14086417892039305,0.30743720107988104
874,123700.0,54271.0,834.0,24115.0,23124.0,40783.0,50378.70269475026,2011,0.006742118027485853,0.19494745351657236,0.18693613581244947
875,228711.0,87027.0,1248.0,123746.0,37638.0,94165.0,52933.6997205962,2011,0.005456668022089012,0.5410583662351177,0.16456576203155948
877,41843.0,12573.0,238.0,27918.0,9468.0,16837.0,34344.59215312146,2011,0.005687928685801687,0.6672083741605526,0.2262744067107999
878,18377.0,8275.0,170.0,7460.0,4251.0,6391.0,37531.36207166328,2011,0.009250693802035153,0.40594221037166023,0.23132176089677314
879,15423.0,8756.0,25.0,6193.0,3672.0,5452.0,27316.68863929295,2011,0.0016209557154898528,0.40154314984114636,0.23808597549114957
880,270434.0,88510.0,3425.0,171446.0,67575.0,97083.0,38028.87956065243,2011,0.012664827647411198,0.6339661433103826,0.24987612504344867
881,69368.0,36665.0,3109.0,26976.0,14118.0,25335.0,39049.07538977699,2011,0.0448189366855034,0.3888824818360051,0.2035232383808096
882,181622.0,84773.0,3761.0,88222.0,29576.0,64423.0,44094.858021050015,2011,0.02070784376342073,0.4857451189833831,0.16284370836132186
883,76816.0,46889.0,2154.0,21110.0,11404.0,31866.0,41380.39768945815,2011,0.028041033118100397,0.27481253905436365,0.14845865444699022
884,17033.0,8254.0,236.0,7812.0,3072.0,6452.0,33164.27620684268,2011,0.01385545705395409,0.45863911231139554,0.1803557799565549
890,575290.0,325700.0,57935.0,135018.0,65646.0,207078.0,60390.04872077188,2011,0.10070573102261468,0.23469554485563804,0.11410940569104278
891,1402815.0,654322.0,135547.0,425456.0,189956.0,515138.0,55772.17020822252,2011,0.09662500044553274,0.3032873187127312,0.13541058514486942
893,11949.0,9049.0,187.0,1353.0,1504.0,4362.0,49594.35006877579,2011,0.01564984517532848,0.11323123273914135,0.12586827349569002
894,286113.0,203880.0,3904.0,55277.0,31717.0,106804.0,56847.05280701097,2011,0.013644958460468416,0.1931998895541272,0.11085480212363646
895,275580.0,185570.0,7523.0,57008.0,37379.0,108439.0,57291.341417755604,2011,0.027298788010740982,0.20686551999419406,0.13563756440960884
897,67308.0,49898.0,1109.0,12306.0,9913.0,25593.0,56371.25846911265,2011,0.016476496107446365,0.18283116420039222,0.14727818387115946
898,54499.0,37707.0,381.0,12309.0,4876.0,19367.0,69661.57924401469,2011,0.006990953962458027,0.225857355180829,0.08946953155103764
900,2393455.0,488938.0,332569.0,1261616.0,570465.0,836410.0,47346.735019906504,2011,0.13894934310442436,0.5271108084338331,0.23834373322247546
902,1237839.0,341152.0,106917.0,673972.0,186835.0,400735.0,71979.59473966586,2011,0.08637391453977455,0.5444746853185268,0.1509364303435261
903,134893.0,4767.0,48776.0,76536.0,29646.0,42921.0,43798.68029635843,2011,0.3615902974950516,0.5673830369255632,0.2197741913961436
904,91389.0,64742.0,3387.0,10863.0,9573.0,47988.0,75814.19029757439,2011,0.03706135311689591,0.11886550897810459,0.10475002462003086
905,171614.0,59835.0,6624.0,40722.0,15586.0,62665.0,70005.69913029602,2011,0.0385982495600592,0.23728833311967554,0.09082009626254268
906,727996.0,163800.0,15590.0,441604.0,74473.0,211394.0,65455.92566960273,2011,0.021414952829411152,0.6066022340782092,0.10229863900351101
907,622426.0,160816.0,56841.0,278870.0,77528.0,198124.0,62668.51559124589,2011,0.09132169928634086,0.448037196389611,0.12455777875602883
908,471424.0,137249.0,61696.0,190313.0,88681.0,164871.0,56314.15396279516,2011,0.13087157208797176,0.4036981570730383,0.1881130362476242
910,284444.0,121740.0,16273.0,71576.0,24867.0,100260.0,78978.28287452624,2011,0.057209855015398464,0.2516347681793253,0.08742318347372417
911,166040.0,67512.0,15608.0,50371.0,18724.0,64892.0,76103.11989151205,2011,0.09400144543483498,0.30336665863647316,0.11276800770898579
912,203748.0,128265.0,3083.0,34406.0,26139.0,74931.0,59410.14689514353,2011,0.015131436872999981,0.16886546125606142,0.12829082984863655
913,1351636.0,593614.0,45787.0,526420.0,147878.0,429030.0,77254.05678035636,2011,0.03387524451849462,0.3894687622999091,0.10940667457806688
914,307259.0,112308.0,13004.0,147538.0,55827.0,107209.0,56377.702198509454,2011,0.04232260080258023,0.4801747060297664,0.18169362004042192
915,106238.0,62460.0,1891.0,27107.0,8562.0,42287.0,67022.09948683993,2011,0.017799657373068017,0.2551535232214462,0.0805926316383968
916,208574.0,92893.0,8982.0,85856.0,31869.0,81731.0,56515.72362995681,2011,0.04306385263743324,0.41163328123351905,0.1527946915722957
917,1927494.0,434345.0,73655.0,967619.0,219046.0,551528.0,66440.37562916116,2011,0.03821282971568264,0.502008825967811,0.11364289590525314
918,83332.0,8517.0,1217.0,27891.0,10610.0,28832.0,52541.88901220866,2011,0.014604233667738683,0.3346973551576825,0.12732203715259444
919,533913.0,179075.0,29517.0,247308.0,64571.0,175136.0,61435.39704824025,2011,0.05528428788959999,0.4631990605210961,0.12093917922957485
920,1237060.0,739007.0,29391.0,352870.0,141911.0,421829.0,69003.01715624104,2011,0.023758750586066964,0.2852488965773689,0.11471634358883158
921,1287713.0,581347.0,87091.0,366741.0,181083.0,467070.0,67606.06984392062,2011,0.06763230626700203,0.2848002621702196,0.14062372593893205
922,754017.0,297899.0,23875.0,396337.0,133320.0,263431.0,48794.75973350543,2011,0.031663742329416975,0.5256340374288644,0.17681298962755482
923,1112050.0,398921.0,97367.0,534360.0,184157.0,326669.0,55529.91427294407,2011,0.08755631491389776,0.480517962321838,0.16560136684501597
924,235926.0,44596.0,30708.0,144661.0,64241.0,66734.0,40234.25764977373,2011,0.1301594567788205,0.613162601832778,0.2722930071293541
925,1342458.0,528466.0,94710.0,593907.0,193556.0,399613.0,60338.68784048567,2011,0.07054969317475854,0.4424026673460175,0.14418030210256114
926,1262328.0,779931.0,14496.0,214427.0,101590.0,474682.0,88293.12869668537,2011,0.011483544688860581,0.1698663104993314,0.08047829090379045
927,484532.0,105370.0,5630.0,296201.0,74402.0,127378.0,66731.83977609948,2011,0.011619459602255373,0.611313597450736,0.15355435760692793
928,1222665.0,445585.0,32837.0,495062.0,137156.0,365550.0,74917.32234441253,2011,0.02685690683874978,0.4049040415812999,0.11217790645843301
930,680240.0,301557.0,11503.0,307267.0,72345.0,217702.0,72941.66624560178,2011,0.016910208161825237,0.4517038104198518,0.10635216982241562
931,185746.0,109970.0,2573.0,56035.0,26472.0,67214.0,69793.86047549617,2011,0.013852249846564664,0.3016754061998643,0.14251720090876788
932,765975.0,248912.0,23667.0,448357.0,167075.0,212981.0,44225.07198301973,2011,0.03089787525702536,0.5853415581448481,0.21812069584516466
933,513648.0,204258.0,31570.0,240878.0,103838.0,160775.0,53901.4395024102,2011,0.06146232439335888,0.4689553935769243,0.20215789801576176
934,486341.0,277762.0,9963.0,168148.0,62544.0,169983.0,58777.884800244734,2011,0.02048562634036612,0.3457409513078272,0.1286011255477124
935,518331.0,223978.0,62005.0,194528.0,88870.0,162005.0,55594.651776179744,2011,0.11962433271403794,0.37529686628814407,0.17145414802510364
936,578949.0,195445.0,10905.0,332472.0,120442.0,167423.0,52219.20241004164,2011,0.01883585600804216,0.5742681997896187,0.20803559553604895
937,563959.0,182395.0,37430.0,260988.0,138077.0,180336.0,48268.55647790791,2011,0.06637007300176076,0.4627783225376313,0.24483517418819453
939,382124.0,130943.0,11743.0,203559.0,55101.0,117378.0,63087.42721804768,2011,0.03073086223320179,0.532704043713559,0.14419664820843495
940,806981.0,356031.0,16278.0,175693.0,53010.0,298720.0,96621.12775843599,2011,0.020171478634565126,0.21771640224491035,0.06568927892973936
941,798014.0,334808.0,47376.0,119029.0,96801.0,338366.0,74751.277675653,2011,0.05936737951965755,0.14915653108842702,0.12130238316621011
943,104869.0,47271.0,7452.0,23885.0,9275.0,36081.0,97899.88351209777,2011,0.07106008448635917,0.2277603486254279,0.08844367734983646
944,130341.0,61148.0,2554.0,26130.0,7075.0,50472.0,94691.32233713742,2011,0.01959475529572429,0.20047414090731236,0.054280694486002104
945,2249353.0,977634.0,170440.0,512561.0,197578.0,781652.0,83694.06611917059,2011,0.07577290002947515,0.22787041429246543,0.08783770266383267
946,408024.0,113297.0,109281.0,98470.0,76811.0,162831.0,57648.85687525718,2011,0.2678298335392036,0.2413338431072682,0.1882511813030606
947,136093.0,75883.0,10466.0,13715.0,20441.0,55325.0,71435.32442837777,2011,0.07690329407096617,0.10077667477386787,0.1501987611412784
948,165687.0,34377.0,35579.0,65608.0,26855.0,55997.0,54546.79125667446,2011,0.21473621949821048,0.3959755442490962,0.16208272224133458
949,375220.0,272282.0,8466.0,62107.0,29146.0,150668.0,84015.45206015876,2011,0.022562763178935026,0.1655215606843985,0.07767709610361921
950,809008.0,374609.0,11802.0,228253.0,78477.0,280170.0,86545.78353566036,2011,0.014588236457488678,0.282139360797421,0.09700398512746475
951,964601.0,283217.0,26239.0,323480.0,106014.0,308312.0,83381.1103492566,2011,0.02720192079419366,0.33535109335362495,0.10990450974029677
952,499591.0,186837.0,36775.0,186007.0,95133.0,162861.0,50590.96184280045,2011,0.07361021315436027,0.37231855657928187,0.19042176500377309
953,1016388.0,471727.0,32984.0,403596.0,166355.0,323453.0,53287.86884455204,2011,0.03245217377615635,0.39708851344171714,0.16367273127978685
954,504690.0,340060.0,7441.0,120967.0,67499.0,195618.0,57444.57907062361,2011,0.014743704055955141,0.23968574768669876,0.13374348610037845
955,164627.0,124366.0,2461.0,17908.0,29775.0,64628.0,40885.83327659311,2011,0.014948945191250524,0.10877924034332156,0.18086340636712084
956,1160348.0,773617.0,46179.0,206126.0,123387.0,424577.0,66186.72954733363,2011,0.03979754349557202,0.1776415351256692,0.10633620258749961
957,302722.0,179969.0,15384.0,47041.0,21193.0,101907.0,86630.75401646826,2011,0.05081890315206691,0.15539339724235438,0.07000812626766473
958,800802.0,326069.0,99491.0,196039.0,144304.0,297174.0,52052.83812850384,2011,0.1242392002017977,0.24480333465700635,0.18019935015147315
959,513856.0,352051.0,7597.0,100523.0,87970.0,192008.0,47147.47983999083,2011,0.01478429754639432,0.19562484431436045,0.1711958213974343
960,299647.0,240887.0,2628.0,33189.0,53010.0,118802.0,42273.22837157624,2011,0.008770319742897477,0.11076032798593011,0.1769081619372128
961,112046.0,80376.0,2752.0,21841.0,14005.0,43223.0,53224.70040063917,2011,0.02456134087785374,0.1949288685004373,0.12499330632061832
967,941953.0,228533.0,13753.0,98267.0,94269.0,295402.0,70125.6991421859,2011,0.01460051616163439,0.10432261482260792,0.10007824169571093
968,404601.0,79534.0,6370.0,20792.0,40118.0,150111.0,64089.1785345511,2011,0.01574390572440503,0.05138889918710038,0.09915447564390598
970,763577.0,583184.0,9576.0,103757.0,86976.0,287729.0,60710.63433647634,2011,0.012540974911502049,0.13588282517676673,0.11390599769243966
971,316264.0,239636.0,2410.0,52619.0,38830.0,115366.0,57698.99845708441,2011,0.007620216022057522,0.1663768244251638,0.12277717350061973
972,832962.0,615017.0,40647.0,79045.0,121682.0,350978.0,55530.25372530472,2011,0.04879814445316833,0.09489628578494577,0.14608349480528524
973,592712.0,464810.0,4654.0,82385.0,96238.0,226133.0,47277.86825894496,2011,0.007852042813373105,0.1389966796690467,0.16236890766510548
974,554248.0,478497.0,3737.0,35459.0,91387.0,230319.0,42199.50463487598,2011,0.006742469075215427,0.06397677573938021,0.1648846725653498
975,282540.0,241225.0,1365.0,26139.0,46169.0,117727.0,42310.45636090277,2011,0.0048311743469951155,0.09251433425355701,0.1634069512281447
976,71625.0,58308.0,370.0,7400.0,12824.0,29577.0,41345.48579641528,2011,0.005165794066317626,0.10331588132635253,0.179043630017452
977,211365.0,181310.0,753.0,17636.0,27560.0,85571.0,50019.18064531208,2011,0.0035625576609183167,0.08343860147138836,0.13039055662006482
978,144322.0,113538.0,694.0,22788.0,21878.0,55436.0,43863.87600115449,2011,0.00480869167555882,0.15789692493174984,0.1515915799393024
979,32290.0,21012.0,290.0,9682.0,6736.0,10703.0,38542.26571989162,2011,0.00898110870238464,0.29984515329823475,0.20860947661814802
980,1328070.0,895460.0,51609.0,113702.0,108365.0,516757.0,81152.67382928533,2011,0.0388601504438772,0.08561446309305985,0.08159584961636059
981,854910.0,549315.0,69289.0,71330.0,110472.0,382170.0,62439.89151686422,2011,0.08104829748160625,0.08343568328829935,0.1292206197143559
982,868495.0,690830.0,12427.0,80924.0,97095.0,334920.0,61091.201764600504,2011,0.01430866038376732,0.09317727793481828,0.1117968439657108
983,705567.0,567957.0,18645.0,45073.0,65158.0,271604.0,62213.55539844906,2011,0.026425555616971883,0.0638819559304786,0.09234842332478702
984,403058.0,250044.0,39893.0,43399.0,59450.0,156176.0,51514.55858752105,2011,0.0989758297813218,0.10767432974906838,0.14749738251070565
985,470367.0,382424.0,8282.0,35698.0,59067.0,185233.0,55193.87774856532,2011,0.017607527738978286,0.07589392963366903,0.1255764116105084
986,568273.0,473522.0,8340.0,41744.0,73668.0,215988.0,55944.11738615108,2011,0.014676044788332369,0.0734576515160847,0.12963487619506822
988,216911.0,148369.0,1375.0,57626.0,36152.0,79757.0,46897.32993956416,2011,0.006339005398527507,0.26566656370585173,0.1666674350309574
989,281144.0,151337.0,1872.0,109512.0,59384.0,96368.0,44771.55472771044,2011,0.006658509518253991,0.38952280681785845,0.21122271860683492
990,138770.0,124167.0,1552.0,4332.0,13975.0,50053.0,60603.0032965057,2011,0.011183973481299993,0.031217121856309,0.10070620451106146
991,115650.0,97906.0,1225.0,4015.0,23878.0,45999.0,38315.762103523986,2011,0.010592304366623433,0.03471681798530048,0.20646779074794638
992,340993.0,292434.0,5948.0,16797.0,52829.0,140805.0,47128.68174425624,2011,0.017443173320273436,0.049259075699501165,0.15492693398398208
993,339192.0,218270.0,4821.0,100574.0,53941.0,117870.0,55002.067332496095,2011,0.014213188990306375,0.29651053090874785,0.15902792518691478
994,21590.0,19987.0,92.0,647.0,3091.0,8896.0,41975.317333633095,2011,0.004261232051875868,0.029967577582213988,0.14316813339509032
995,315084.0,192201.0,15341.0,22289.0,25772.0,113513.0,76493.32477337397,2011,0.048688603673940914,0.07073986619441165,0.08179406126620203
996,180993.0,128258.0,1837.0,7207.0,20228.0,63682.0,64744.4100373732,2011,0.0101495637952849,0.03981921952782704,0.11176122833479747
997,133178.0,83610.0,4523.0,6518.0,13461.0,46651.0,67190.74229920044,2011,0.03396206580666476,0.04894201745032963,0.10107525266935981
998,49600.0,33501.0,369.0,2416.0,3410.0,20141.0,72179.21885705774,2011,0.007439516129032258,0.048709677419354835,0.06875
999,21311.0,13299.0,83.0,766.0,2230.0,8834.0,53536.885112168595,2011,0.003894702266435174,0.03594387874806438,0.10464079583313782
