zip3,poverty_rate,unemployment_rate,share_bachelor_plus,homeownership_rate,uninsured_rate,median_income_approx,median_home_value_approx,D_poverty_rate,D_unemployment_rate,D_share_bachelor_plus,D_homeownership_rate,D_uninsured_rate,D_median_income_approx,D_median_home_value_approx,SESDisadvantage
007,0.4689,0.1801,0.2009,0.7364,0.0707,19140,112653,1.0,0.9939686369119421,0.6477683956574185,0.3027744270205066,0.045838359469240045,0.9987937273823885,0.7539203860072377,0.6775805617783904
010,0.1176,0.0851,0.3119,0.6762,0.0339,59144,238859,0.24185765983112184,0.4632086851628468,0.21954161640530756,0.6097708082026538,0.008443908323281062,0.24125452352231602,0.22557297949336552,0.2870928829915561
011,0.2641,0.1376,0.214,0.5355,0.057,43040,182770,0.9662243667068757,0.9589867310012062,0.5784077201447527,0.9191797346200241,0.025331724969843185,0.7418576598311218,0.37394451145958985,0.6519903498190592
012,0.1237,0.0914,0.2983,0.6848,0.0366,48876,226368,0.2852834740651387,0.5542822677925211,0.2593486127864898,0.5796139927623642,0.010856453558504222,0.5090470446320868,0.25090470446320867,0.34990522143718766
013,0.1204,0.0877,0.2867,0.6991,0.0445,53328,214037,0.26839565741857657,0.5042219541616405,0.30036188178528345,0.5186972255729795,0.018094089264173704,0.36550060313630883,0.28468033775633295,0.32285024987075644
014,0.1013,0.089,0.3005,0.7012,0.0369,69033,274703,0.16043425814234016,0.5223160434258143,0.25693606755126663,0.503015681544029,0.012062726176115802,0.12545235223160434,0.17008443908323279,0.2500430811649147
015,0.0592,0.0745,0.3803,0.7453,0.0263,80127,301219,0.022919179734620022,0.2822677925211098,0.11459589867310016,0.23884197828709286,0.0048250904704463205,0.06272617611580222,0.14113389626055484,0.12390143029467517
016,0.195,0.1059,0.3017,0.4665,0.0484,48253,231329,0.7949336550060314,0.7720144752714113,0.25090470446320867,0.9565741857659831,0.020506634499396863,0.5331724969843185,0.2400482509047045,0.509736343270722
017,0.0553,0.061,0.5536,0.7269,0.035,96401,442079,0.019300361881785282,0.11519903498190591,0.0193003618817853,0.36550060313630883,0.009650180940892641,0.020506634499396825,0.07478890229191792,0.08917801137342753
018,0.0969,0.0803,0.3598,0.6854,0.0395,77538,358728,0.14475271411338964,0.38781664656212306,0.13872135102533167,0.5747889022919179,0.014475271411338963,0.07478890229191792,0.11338962605548852,0.2069619162502154
019,0.0937,0.0821,0.3833,0.6562,0.0379,72549,390606,0.12907117008443908,0.41978287092882993,0.1085645355850422,0.6767189384800965,0.013268998793727383,0.09770808202653802,0.10494571773220751,0.22143718766155435
020,0.043,0.0661,0.4932,0.7876,0.0237,96179,436982,0.006031363088057901,0.16887816646562123,0.03739445114595896,0.0579010856453559,0.0036188178528347406,0.022919179734619988,0.07720144752714109,0.053420644494227114
021,0.1597,0.092,0.4181,0.4276,0.0526,61655,396632,0.5494571773220748,0.5651387213510254,0.07237635705669476,0.9674306393244874,0.021712907117008445,0.19903498190591074,0.10132689987937271,0.3537825262795106
022,0.341,0.0779,0.7947,0.1366,0.0338,40434,412371,0.9927623642943305,0.3474065138721351,0.0012062726176115257,0.9963811821471653,0.007237635705669481,0.8359469240048251,0.09408926417370322,0.46786145097363424
023,0.0814,0.0977,0.2929,0.7576,0.0404,73839,324605,0.07237635705669482,0.6670687575392038,0.2798552472858866,0.16043425814234014,0.015681544028950542,0.09167671893848006,0.12907117008443914,0.2023091504394279
024,0.0695,0.054,0.6864,0.6312,0.0222,104735,632244,0.04523522316043426,0.06272617611580217,0.008443908323281013,0.7478890229191797,0.0024125452352231603,0.012062726176115812,0.0193003618817853,0.1282957091159745
025,0.0894,0.0761,0.3758,0.7949,0.0456,65482,436801,0.1097708082026538,0.3112183353437877,0.11700844390832332,0.03739445114595896,0.019300361881785282,0.15319662243667065,0.07840772014475272,0.11804239186627606
026,0.0965,0.0753,0.3915,0.7947,0.0604,58973,397728,0.1411338962605549,0.2973462002412545,0.09650180940892639,0.0386007237635706,0.027744270205066344,0.24607961399276235,0.10012062726176119,0.13536102016198517
027,0.1233,0.1047,0.242,0.6338,0.0437,57877,294551,0.2810615199034982,0.758745476477684,0.46381182147165256,0.729794933655006,0.016887816646562123,0.2629674306393245,0.14837153196622432,0.3802343615371359
028,0.1055,0.0826,0.3248,0.6617,0.0905,63600,290332,0.1773220747889023,0.42581423401688784,0.18817852834740656,0.6562123039806996,0.15440289505428226,0.17732207478890227,0.15440289505428229,0.2762364294330519
029,0.1807,0.1189,0.275,0.5175,0.1481,48463,240180,0.715319662243667,0.8902291917973462,0.33594692400482506,0.9276236429433051,0.5524728588661038,0.5211097708082026,0.22316043425814236,0.5951232121316561
030,0.0529,0.0687,0.3597,0.7648,0.0883,80695,274824,0.014475271411338963,0.20627261761158022,0.1399276236429433,0.1314837153196623,0.13630880579010857,0.06151990349819059,0.16887816646562126,0.12269515767706361
031,0.1141,0.0714,0.319,0.5795,0.1134,66007,257725,0.22677925211097708,0.2376357056694813,0.1942098914354644,0.8612786489746682,0.3148371531966224,0.143546441495778,0.1978287092882992,0.3108736860244701
032,0.0946,0.062,0.3073,0.783,0.1153,60252,233540,0.13208685162846803,0.12364294330518698,0.23039806996381185,0.0699638118214716,0.330518697225573,0.22436670687575389,0.23522316043425817,0.19231432017921765
033,0.0935,0.0645,0.3465,0.6239,0.0887,61095,237224,0.1278648974668275,0.14535585042219543,0.16405307599517494,0.7708082026537998,0.13932448733413752,0.20747889022919175,0.22798552472858868,0.25469584697570224
034,0.0988,0.0838,0.325,0.7152,0.1067,58357,210661,0.1519903498190591,0.4390832328106152,0.18697225572979492,0.42822677925211095,0.2635705669481303,0.2521109770808203,0.29674306393244876,0.2883853179389971
035,0.1257,0.0737,0.1987,0.7073,0.144,43604,148915,0.3027744270205066,0.27020506634499397,0.6616405307599518,0.47527141133896256,0.5168878166465621,0.7165259348612787,0.517490952955368,0.49439944856108914
036,0.0839,0.0477,0.2174,0.7809,0.1312,53105,173322,0.08262967430639324,0.033775633293124246,0.5645355850422196,0.07599517490952956,0.4330518697225573,0.3721351025331725,0.4041013268998793,0.28088919524383943
037,0.1,0.0531,0.364,0.6849,0.1139,62186,236122,0.15560916767189384,0.05850422195416164,0.13329312424607964,0.5778045838359469,0.31845597104945716,0.19541616405307605,0.23160434258142337,0.23866965362743411
038,0.0877,0.0599,0.3466,0.7234,0.1067,65993,276597,0.10012062726176116,0.10494571773220748,0.1628468033775633,0.38540410132689984,0.2635705669481303,0.14475271411338964,0.1664656212303981,0.1897294502843357
044,0.1674,0.0736,0.237,0.6963,0.1084,44128,136456,0.6212303980699638,0.267189384800965,0.48612786489746684,0.5367913148371533,0.2780458383594692,0.7032569360675512,0.5838359469240049,0.4966396691366534
049,0.1675,0.0935,0.2028,0.7458,0.1096,40753,129424,0.6230398069963812,0.6013268998793727,0.6369119420989143,0.2364294330518697,0.2870928829915561,0.8238841978287093,0.6272617611580218,0.5479924177149751
050,0.1076,0.0598,0.3576,0.7485,0.0834,56020,230047,0.18938480096501809,0.1037394451145959,0.14595898673100116,0.2165259348612787,0.1158021712907117,0.29975874547647774,0.24246079613992766,0.18766155436843013
051,0.1182,0.0682,0.2533,0.7146,0.0775,47958,189603,0.24668275030156817,0.19903498190591074,0.4041013268998793,0.4372738238841978,0.08443908323281062,0.5452352231604343,0.34620024125452353,0.3232810615199035
052,0.1372,0.0712,0.3219,0.7051,0.0708,49785,228872,0.38721351025331724,0.23401688781664656,0.19059107358262972,0.4849215922798552,0.047044632086851626,0.4607961399276237,0.24366706875753918,0.2926072721006376
053,0.1002,0.0644,0.364,0.7043,0.0829,52648,220346,0.1574185765983112,0.14173703256936068,0.13329312424607964,0.48974668275030153,0.1097708082026538,0.3829915560916767,0.2665862484921593,0.24022057556436324
054,0.1081,0.0601,0.393,0.6914,0.0634,62658,254495,0.19601930036188178,0.109167671893848,0.09408926417370322,0.5506634499396863,0.028950542822677925,0.18938480096501809,0.20386007237635706,0.19601930036188175
056,0.1002,0.0567,0.3585,0.7321,0.0772,56422,213956,0.1574185765983112,0.07720144752714113,0.143546441495778,0.32448733413751507,0.08202653799758745,0.28829915560916763,0.28588661037394447,0.194123729105635
057,0.1317,0.0807,0.2926,0.6965,0.0824,50294,194641,0.34439083232810613,0.3956574185765983,0.28166465621230397,0.5337756332931243,0.10615199034981906,0.4493365500603136,0.3329312424607962,0.34912976046872307
058,0.1475,0.0803,0.2353,0.7392,0.0992,42618,156996,0.4571773220747889,0.38781664656212306,0.4951749095295537,0.2870928829915561,0.21230398069963813,0.7635705669481303,0.47165259348612787,0.439255557470274
059,0.1506,0.0992,0.1496,0.8284,0.1287,39869,124940,0.47828709288299154,0.6942098914354644,0.8968636911942098,0.0024125452352231624,0.4191797346200241,0.8528347406513872,0.6550060313630881,0.5712562467689127
060,0.077,0.0815,0.3581,0.7191,0.0654,74516,261398,0.06393244873341375,0.4071170084439083,0.14475271411338964,0.4028950542822678,0.03498190591073583,0.08564535585042221,0.19179734620024125,0.1901602619334827
061,0.1896,0.1263,0.3036,0.5253,0.1112,55072,245386,0.7683956574185766,0.9294330518697226,0.2484921592279855,0.9252110977080821,0.2997587454764777,0.31604342581423406,0.21471652593486124,0.5288643804928486
062,0.1094,0.0851,0.3055,0.7368,0.0733,69023,245036,0.20446320868516285,0.4632086851628468,0.2364294330518697,0.2991556091676719,0.06272617611580217,0.12665862484921597,0.21592279855247287,0.22979493365500606
063,0.0866,0.0839,0.2902,0.6737,0.0794,67160,265538,0.09288299155609167,0.44209891435464416,0.2907117008443908,0.6176115802171291,0.09408926417370325,0.13751507840772015,0.1821471652593486,0.2652938135447182
064,0.0594,0.0767,0.3842,0.7802,0.0636,80815,317108,0.025934861278648975,0.31966224366706875,0.10615199034981904,0.07720144752714109,0.030156815440289506,0.06031363088057906,0.13268998793727382,0.10744442529726003
065,0.1692,0.1147,0.3294,0.5042,0.1066,54575,251018,0.6357056694813028,0.8673100120627262,0.18335343787696023,0.9408926417370326,0.2617611580217129,0.3329312424607962,0.20747889022919175,0.48991900740996036
066,0.159,0.1282,0.262,0.6032,0.1542,59883,298759,0.5410132689987938,0.9384800965018094,0.3769601930036188,0.8190591073582629,0.5922798552472859,0.23039806996381185,0.14595898673100116,0.5205927968292262
067,0.1136,0.0964,0.2691,0.6939,0.0855,64327,259399,0.2249698431845597,0.6447527141133896,0.3570566948130277,0.5428226779252111,0.12665862484921592,0.16767189384800962,0.19662243667068757,0.32293641220058594
068,0.0565,0.0749,0.5412,0.7489,0.0823,112928,643186,0.020506634499396863,0.2913148371531966,0.022919179734619988,0.2135102533172497,0.10494571773220748,0.004825090470446325,0.016887816646562137,0.09641564707909703
069,0.1084,0.1065,0.4352,0.5531,0.1916,82350,534943,0.19782870928829915,0.7828709288299156,0.06031363088057906,0.9034981905910736,0.8455971049457177,0.0542822677925211,0.04221954161640529,0.4123729105635016
070,0.104,0.0925,0.3733,0.5534,0.1564,75938,419407,0.17189384800965019,0.5759951749095296,0.11942098914354649,0.902291917973462,0.6067551266586249,0.07840772014475272,0.09167671893848006,0.36377735653972076
071,0.2335,0.1616,0.165,0.3197,0.2348,42032,288643,0.9240048250904704,0.9891435464414958,0.8287092882991556,0.9843184559710495,0.9613992762364294,0.784680337756333,0.15802171290711697,0.8043253489574358
072,0.1657,0.1295,0.1559,0.3981,0.2554,47807,289552,0.6007237635705669,0.9433051869722557,0.879372738238842,0.97708082026538,0.9782870928829915,0.5548854041013269,0.1556091676718938,0.7270377391004654
073,0.1761,0.1061,0.4145,0.3039,0.1878,63318,352613,0.6821471652593486,0.7756332931242461,0.07720144752714109,0.985524728588661,0.8323281061519904,0.18335343787696023,0.11821471652593485,0.522057556436326
074,0.0391,0.0804,0.4521,0.8206,0.0737,102431,463512,0.0036188178528347406,0.3914354644149578,0.0542822677925211,0.00965018094089265,0.06393244873341375,0.014475271411338975,0.06875753920386007,0.08659314147854558
075,0.2201,0.1113,0.1623,0.4036,0.2199,47681,342437,0.8896260554885405,0.8371531966224367,0.8407720144752714,0.9758745476477684,0.9360675512665863,0.5585042219541616,0.12183353437876965,0.737118731690505
076,0.0694,0.0703,0.447,0.6636,0.1236,86633,490568,0.0428226779252111,0.2249698431845597,0.05669481302774426,0.6537997587454765,0.3823884197828709,0.04101326899879376,0.0542822677925211,0.2079958642081682
077,0.0682,0.0845,0.3943,0.7502,0.1002,86598,422204,0.039806996381182146,0.4499396863691194,0.0892641737032569,0.1978287092882992,0.2195416164053076,0.04221954161640529,0.08805790108564537,0.16095123212131654
078,0.0478,0.0765,0.3847,0.7821,0.0887,91350,356204,0.009650180940892641,0.31544028950542824,0.10434258142340169,0.0735826296743064,0.13932448733413752,0.027744270205066313,0.11459589867310016,0.11209719110804757
079,0.0445,0.0609,0.6056,0.7902,0.0586,117365,600620,0.007237635705669481,0.11338962605548854,0.0156815440289505,0.049457177322074775,0.026537997587454766,0.0012062726176115257,0.024125452352231624,0.03394795795278303
080,0.0715,0.0962,0.3124,0.7757,0.0891,74244,256795,0.04945717732207479,0.6417370325693607,0.21773220747889022,0.08624849215922803,0.14354644149577805,0.0892641737032569,0.20024125452352226,0.20403239703601583
081,0.2352,0.158,0.1917,0.5686,0.1658,47596,174053,0.9270205066344994,0.9867310012062727,0.7008443908323281,0.8805790108564535,0.6851628468033776,0.5645355850422196,0.3992762364294331,0.7348785111149405
082,0.0958,0.1084,0.2673,0.76,0.1093,60626,307927,0.13510253317249699,0.8027744270205066,0.35946924004825087,0.14837153196622432,0.2858866103739445,0.2171290711700844,0.13751507840772015,0.2980354988798897
083,0.1325,0.1217,0.1648,0.7325,0.1373,57725,193668,0.35524728588661036,0.9047044632086851,0.8317249698431846,0.3220747889022919,0.4686369119420989,0.2641737032569361,0.3365500603136309,0.4975874547647768
084,0.2383,0.1475,0.2249,0.4614,0.1719,40457,332276,0.9360675512665863,0.9764776839565742,0.5446320868516284,0.9577804583835947,0.7243667068757539,0.8347406513872135,0.12665862484921597,0.7286748233672239
085,0.0403,0.0743,0.5232,0.7708,0.0657,105862,429074,0.0048250904704463205,0.27744270205066346,0.024125452352231624,0.1085645355850422,0.03618817852834741,0.00965018094089265,0.08202653799758741,0.07754609684645873
086,0.1302,0.1147,0.2688,0.6318,0.1264,66775,256670,0.33775633293124246,0.8673100120627262,0.35826296743063935,0.7460796139927623,0.4016887816646562,0.13872135102533167,0.2014475271411339,0.4358952266069274
087,0.1121,0.0977,0.2544,0.8042,0.09,61416,286760,0.21531966224366708,0.6670687575392038,0.3992762364294331,0.024125452352231624,0.15078407720144751,0.2014475271411339,0.16164053075995177,0.25995174909529556
088,0.0601,0.0809,0.4172,0.7354,0.104,87530,359290,0.028347406513872134,0.3986731001206273,0.0735826296743064,0.30820265379975875,0.24607961399276237,0.0386007237635706,0.112183353437877,0.17223849732896776
089,0.1831,0.0897,0.3822,0.4161,0.2172,64051,311410,0.7322074788902292,0.5325693606755126,0.112183353437877,0.9722557297949337,0.9276236429433052,0.17008443908323279,0.1363088057901085,0.511890401516457
100,0.1801,0.0873,0.5721,0.2238,0.111,74018,818552,0.7092882991556092,0.5,0.016887816646562137,0.991556091676719,0.29674306393244876,0.09047044632086854,0.004825090470446325,0.37282440117180765
101,0.0727,0.065,0.7831,0.2971,0.0673,98625,1000001,0.05548854041013269,0.15078407720144751,0.0024125452352231624,0.9891435464414958,0.03739445114595899,0.016887816646562137,0.0,0.17887299672583148
102,0.0371,0.0327,0.8202,0.152,0.0282,165841,689522,0.0012062726176115801,0.007237635705669481,0.0,0.9951749095295537,0.006031363088057901,0.0,0.013268998793727338,0.14613131139066
103,0.1133,0.0736,0.2903,0.691,0.0766,72786,451877,0.22195416164053075,0.267189384800965,0.28890229191797345,0.5554885404101326,0.07840772014475271,0.09650180940892639,0.07237635705669476,0.22583146648285363
104,0.2932,0.1421,0.1816,0.1978,0.1594,36195,354316,0.9819059107358263,0.9674306393244874,0.7575392038600723,0.9927623642943305,0.6296743063932448,0.9312424607961399,0.11700844390832332,0.7682233327589179
105,0.0695,0.0801,0.4822,0.7102,0.094,102700,572079,0.04523522316043426,0.38178528347406515,0.04101326899879376,0.46260554885404104,0.17249698431845598,0.013268998793727338,0.033775633293124274,0.16431156298466312
106,0.0816,0.0588,0.4557,0.5892,0.1531,84099,532105,0.0735826296743064,0.09288299155609167,0.053075995174909574,0.8383594692400482,0.5820265379975874,0.04825090470446325,0.043425814234016924,0.24737204894020334
107,0.1401,0.0791,0.3389,0.5085,0.1267,64419,458998,0.41133896260554886,0.364897466827503,0.17249698431845595,0.9372738238841978,0.40651387213510254,0.16525934861278646,0.0699638118214716,0.3611063243150095
108,0.1069,0.0745,0.4149,0.5217,0.1227,84143,568803,0.18455971049457176,0.2822677925211098,0.07478890229191792,0.9264173703256936,0.3769601930036188,0.04704463208685161,0.0349819059107358,0.2752886438049285
109,0.1249,0.077,0.365,0.704,0.0966,82795,392385,0.2937273823884198,0.3311218335343788,0.1278648974668275,0.49095295536791317,0.1887816646562123,0.05066344993968641,0.10373944511459587,0.2266930897811477
110,0.0497,0.0772,0.4519,0.7992,0.0831,100150,595157,0.010856453558504222,0.33775633293124246,0.055488540410132736,0.030156815440289475,0.11158021712907117,0.0156815440289505,0.026537997587454787,0.08400827158366363
111,0.1599,0.0912,0.3972,0.1848,0.1859,53477,583026,0.5518697225572979,0.5524728588661038,0.08685162846803374,0.9939686369119421,0.8202653799758746,0.36188178528347403,0.02895054282267795,0.48518007926934353
112,0.227,0.1031,0.2977,0.2977,0.1379,47933,580530,0.9095295536791315,0.7334137515078407,0.26176115802171296,0.9879372738238842,0.47285886610373945,0.548854041013269,0.030156815440289475,0.5635016370842667
113,0.146,0.0846,0.3105,0.4292,0.2006,56900,486447,0.4499396863691194,0.4517490952955368,0.22195416164053072,0.9662243667068757,0.8781664656212304,0.28166465621230397,0.0579010856453559,0.47251421678442185
114,0.1276,0.1124,0.2507,0.5679,0.1489,62080,428707,0.3118214716525935,0.8468033775633294,0.41978287092882993,0.8817852834740652,0.5560916767189384,0.19662243667068757,0.08323281061519905,0.4708771325176633
115,0.0759,0.0716,0.404,0.7699,0.1084,94269,503926,0.06031363088057901,0.24246079613992763,0.08202653799758741,0.10977080820265384,0.2780458383594692,0.02533172496984315,0.04704463208685161,0.12071342409098741
116,0.214,0.1133,0.2492,0.3855,0.1053,49650,495151,0.8775633293124246,0.8570566948130277,0.43546441495778043,0.9794933655006032,0.25331724969843183,0.4692400482509047,0.053075995174909574,0.5607444425297261
117,0.0509,0.0676,0.3458,0.824,0.0864,95668,434058,0.013268998793727383,0.19119420989143546,0.16525934861278646,0.004825090470446325,0.13148371531966224,0.024125452352231624,0.07961399276236425,0.08711011545752198
118,0.0385,0.0616,0.4367,0.8889,0.071,105727,465847,0.0024125452352231603,0.11942098914354644,0.059107358262967424,0.0,0.04825090470446321,0.010856453558504175,0.06755126658624844,0.04394278821299326
119,0.0834,0.0691,0.3104,0.7903,0.1266,75258,470292,0.07840772014475271,0.21712907117008443,0.22316043425814236,0.04825090470446325,0.40470446320868514,0.08202653799758741,0.06513872135102539,0.15983112183353437
120,0.0921,0.0732,0.3147,0.7167,0.0729,63545,193564,0.11942098914354644,0.26115802171290714,0.2098914354644149,0.4221954161640531,0.05790108564535585,0.17973462002412544,0.3377563329312424,0.22686541444080646
121,0.1092,0.0758,0.2903,0.6794,0.0715,60782,192253,0.20265379975874548,0.30217129071170085,0.28890229191797345,0.6013268998793727,0.05126658624849216,0.2135102533172497,0.34016887816646557,0.2857142857142857
122,0.1866,0.085,0.3676,0.5123,0.0861,52367,196695,0.7569360675512666,0.4589867310012063,0.12424607961399281,0.9348612786489747,0.13027744270205066,0.3872135102533173,0.32810615199034987,0.44580389453730834
123,0.1152,0.0705,0.3051,0.6854,0.0832,59304,177465,0.2316043425814234,0.22677925211097708,0.24366706875753918,0.5747889022919179,0.11338962605548854,0.23884197828709286,0.38962605548854046,0.2883853179389971
124,0.1286,0.0922,0.2651,0.7044,0.1081,53941,216628,0.32750301568154405,0.5699638118214716,0.3691194209891435,0.4879372738238842,0.2750301568154403,0.34258142340168873,0.278648974668275,0.37868343960020673
125,0.096,0.0838,0.3053,0.7132,0.105,70970,291483,0.13872135102533173,0.4390832328106152,0.23884197828709286,0.44390832328106156,0.2503015681544029,0.10494571773220751,0.1507840772014475,0.25236946407030847
126,0.151,0.0943,0.3015,0.5888,0.1088,60331,265378,0.48492159227985526,0.6139927623642943,0.2521109770808203,0.8395657418576599,0.28287092882991555,0.22195416164053072,0.18335343787696023,0.4112528002757195
127,0.1652,0.1063,0.202,0.6653,0.1399,48011,194777,0.5983112183353438,0.7792521109770808,0.6387213510253318,0.6453558504221955,0.48914354644149577,0.5404101326899879,0.33172496984318456,0.5747027399620885
128,0.1028,0.0765,0.2659,0.7173,0.0927,56436,190765,0.1652593486127865,0.31544028950542824,0.36308805790108567,0.4185765983112183,0.16164053075995174,0.2870928829915561,0.34378769601930037,0.29355505772876095
129,0.1436,0.0827,0.214,0.7011,0.0852,49206,124016,0.4324487334137515,0.4270205066344994,0.5784077201447527,0.505428226779252,0.12545235223160434,0.48612786489746684,0.6682750301568154,0.46045149060830604
130,0.0962,0.0662,0.2856,0.7354,0.0759,58947,130330,0.1399276236429433,0.1700844390832328,0.3027744270205066,0.30820265379975875,0.07478890229191798,0.2484921592279855,0.623642943305187,0.26684473548164744
131,0.1149,0.0771,0.2501,0.7657,0.087,57656,122202,0.22919179734620024,0.3347406513872135,0.4270205066344994,0.12605548854041015,0.1344993968636912,0.2677925211097708,0.6779252110977081,0.3138893675684991
132,0.239,0.093,0.2748,0.5359,0.1115,41478,110614,0.9384800965018094,0.5916767189384801,0.3383594692400482,0.9179734620024126,0.3039806996381182,0.8021712907117009,0.7635705669481303,0.6651731862829572
133,0.1354,0.0807,0.2118,0.74,0.0972,48811,114833,0.37394451145958985,0.3956574185765983,0.5910735826296742,0.2828709288299156,0.19662243667068757,0.51145958986731,0.7406513872135103,0.44175426503532655
134,0.1194,0.0651,0.223,0.7367,0.084,52167,113490,0.25934861278648974,0.1519903498190591,0.5512665862484922,0.30036188178528345,0.11942098914354644,0.38962605548854046,0.7466827503015682,0.3598138893675685
135,0.27,0.1136,0.1779,0.5401,0.0942,34821,93376,0.971049457177322,0.8588661037394452,0.7696019300361882,0.9155609167671894,0.17370325693606756,0.9529553679131484,0.8733413751507841,0.7878683439600207
136,0.1681,0.1041,0.1994,0.6407,0.1074,45298,108604,0.6284680337756333,0.7490952955367913,0.6580217129071171,0.7141133896260554,0.2689987937273824,0.6574185765983112,0.7780458383594693,0.6363088057901086
137,0.1256,0.0797,0.2322,0.7306,0.089,49474,112389,0.30096501809408926,0.3781664656212304,0.5138721351025332,0.33956574185765986,0.14173703256936068,0.47527141133896256,0.7551266586248492,0.4149577804583836
138,0.1318,0.0831,0.2499,0.7462,0.0936,48942,114294,0.3468033775633293,0.43184559710494574,0.4294330518697226,0.23401688781664653,0.1706875753920386,0.5042219541616405,0.7430639324487334,0.40858176805100804
139,0.2372,0.0955,0.2453,0.5768,0.0961,39047,97867,0.9312424607961399,0.6314837153196623,0.45114595898673104,0.8673100120627262,0.18516284680337755,0.879372738238842,0.8528347406513872,0.6855074961226952
140,0.0901,0.0682,0.2782,0.7782,0.0639,60674,142381,0.11700844390832328,0.19903498190591074,0.32328106151990355,0.07840772014475272,0.032569360675512665,0.21592279855247287,0.5524728588661038,0.21695674651042562
141,0.0933,0.0685,0.2626,0.7573,0.0682,56020,124076,0.12605548854041013,0.20386007237635706,0.3727382388419783,0.16164053075995177,0.04101326899879373,0.29975874547647774,0.6670687575392038,0.26744787179045326
142,0.1917,0.0964,0.289,0.5736,0.08,43979,110789,0.7792521109770808,0.6447527141133896,0.2949336550060314,0.8709288299155609,0.0971049457177322,0.706875753920386,0.7623642943305187,0.5937446148543856
143,0.1978,0.0995,0.1539,0.607,0.0995,37517,75260,0.8106151990349819,0.6996381182147166,0.8841978287092883,0.8039806996381182,0.21592279855247287,0.9179734620024126,0.9662243667068757,0.7569360675512666
144,0.0985,0.0676,0.3065,0.7493,0.0675,58802,135229,0.15078407720144751,0.19119420989143546,0.23401688781664653,0.2056694813027744,0.038600723763570564,0.24969843184559715,0.594692400482509,0.23780803032914014
145,0.0873,0.0593,0.3387,0.7942,0.0706,65063,149705,0.0971049457177322,0.0971049457177322,0.17370325693606758,0.04101326899879376,0.04463208685162847,0.1592279855247286,0.5102533172496984,0.16043425814234016
146,0.189,0.0928,0.3082,0.5879,0.086,46114,116529,0.7647768395657418,0.5880579010856454,0.22798552472858868,0.8443908323281062,0.12907117008443908,0.6164053075995175,0.7237635705669481,0.5563501637084267
147,0.1798,0.0864,0.1889,0.7105,0.1063,42115,81083,0.7074788902291917,0.48854041013269,0.7273823884197829,0.45898673100120624,0.25995174909529556,0.7804583835946924,0.9420989143546441,0.6235567809753576
148,0.1585,0.0716,0.2917,0.6787,0.0896,48763,112265,0.537394451145959,0.24246079613992763,0.28588661037394447,0.6031363088057902,0.1471652593486128,0.5150784077201447,0.7563329312424608,0.4410649663966914
149,0.2217,0.0922,0.1817,0.5841,0.0947,39939,83584,0.8962605548854041,0.5699638118214716,0.7563329312424608,0.8528347406513872,0.1773220747889023,0.8516284680337756,0.9300361881785284,0.7191969670859899
150,0.1108,0.072,0.2602,0.75,0.0776,53510,128384,0.20868516284680338,0.24607961399276237,0.38480096501809413,0.19903498190591074,0.08624849215922799,0.35826296743063935,0.6369119420989143,0.30286058935033605
151,0.1152,0.0768,0.3052,0.6974,0.0758,52845,128443,0.2316043425814234,0.3232810615199035,0.2406513872135102,0.5271411338962606,0.0735826296743064,0.379372738238842,0.6344993968636912,0.34430466999827675
152,0.1464,0.0759,0.3754,0.6075,0.0831,49942,129741,0.451145958986731,0.3057901085645356,0.11821471652593485,0.8021712907117009,0.11158021712907117,0.4571773220747889,0.6248492159227985,0.4101326899879373
153,0.1036,0.0688,0.2487,0.768,0.0779,55333,149830,0.1700844390832328,0.20868516284680338,0.4378769601930036,0.11700844390832332,0.08926417370325694,0.31242460796139926,0.5090470446320868,0.26348440461830086
154,0.1929,0.0966,0.148,0.7207,0.1148,38186,85798,0.7852834740651388,0.6483715319662243,0.9047044632086851,0.39806996381182147,0.3232810615199035,0.8962605548854041,0.9215922798552473,0.6967947613303463
155,0.1363,0.0773,0.1291,0.7825,0.1192,42121,113466,0.3781664656212304,0.3401688781664656,0.9517490952955368,0.07117008443908324,0.35524728588661036,0.7792521109770808,0.7478890229191797,0.5176632776150267
156,0.0898,0.0654,0.2506,0.7717,0.0747,52518,135711,0.11459589867310012,0.1574185765983112,0.42098914354644146,0.10253317249698435,0.06996381182147166,0.38480096501809413,0.5910735826296742,0.26305359296915387
157,0.1709,0.0823,0.196,0.721,0.1004,42898,102074,0.6453558504221955,0.4221954161640531,0.672496984318456,0.39686369119420994,0.22074788902291917,0.7454764776839566,0.8202653799758746,0.5604859555402378
158,0.1234,0.0794,0.1578,0.7692,0.0895,43217,93451,0.2822677925211098,0.37273823884197826,0.8661037394451145,0.11097708082026536,0.14595898673100122,0.7310012062726177,0.8721351025331725,0.4830260210236085
159,0.1419,0.0797,0.1811,0.7463,0.0833,42664,90497,0.42279855247285886,0.3781664656212304,0.758745476477684,0.2322074788902292,0.11459589867310012,0.7611580217129071,0.893848009650181,0.5087885576425987
160,0.09,0.0679,0.2891,0.7691,0.076,60203,170753,0.1158021712907117,0.19360675512665862,0.29312424607961396,0.1127864897466827,0.07659831121833534,0.22557297949336552,0.41737032569360677,0.20498018266413925
161,0.1352,0.0863,0.1942,0.7618,0.0991,44194,104048,0.3721351025331725,0.4867310012062726,0.6881785283474064,0.13510253317249699,0.21109770808202655,0.6996381182147166,0.8094089264173703,0.4860417025676374
162,0.1496,0.0863,0.1584,0.74,0.1021,43796,101026,0.47165259348612787,0.4867310012062726,0.8606755126658625,0.2828709288299156,0.22919179734620024,0.7104945717732207,0.827503015681544,0.5527313458555919
163,0.1564,0.084,0.1748,0.729,0.0994,41683,90685,0.5241254523522316,0.4451145958986731,0.7828709288299156,0.34740651387213506,0.2147165259348613,0.7973462002412546,0.8926417370325693,0.5720317077373772
164,0.1227,0.0785,0.202,0.7935,0.1035,49122,121290,0.2750301568154403,0.3540410132689988,0.6387213510253318,0.042822677925211106,0.24125452352231605,0.49095295536791317,0.683956574185766,0.389539893158711
165,0.1835,0.0971,0.2522,0.6327,0.0931,45108,113878,0.7346200241254524,0.6537997587454765,0.40952955367913146,0.7394451145958987,0.1652593486127865,0.6670687575392038,0.7454764776839566,0.5878855764259866
166,0.133,0.0768,0.1576,0.7483,0.0974,43106,106247,0.3594692400482509,0.3232810615199035,0.8685162846803378,0.2207478890229192,0.19903498190591074,0.7394451145958987,0.7925211097708083,0.500430811649147
167,0.1581,0.1035,0.1451,0.7405,0.0958,41526,73700,0.5337756332931243,0.7430639324487334,0.9095295536791315,0.2762364294330518,0.18335343787696018,0.7997587454764776,0.971049457177322,0.6309667413406859
168,0.1852,0.0645,0.3237,0.6334,0.078,47500,162486,0.7490952955367913,0.14535585042219543,0.18938480096501809,0.7310012062726177,0.09047044632086852,0.5681544028950543,0.4499396863691194,0.417628812683095
169,0.1507,0.0789,0.1712,0.7478,0.1249,42718,113279,0.48009650180940894,0.3618817852834741,0.7949336550060313,0.22436670687575389,0.390832328106152,0.7563329312424608,0.7490952955367913,0.5367913148371531
170,0.0922,0.0634,0.253,0.7308,0.093,57511,168119,0.12062726176115803,0.1344993968636912,0.4065138721351025,0.33474065138721354,0.16344993968636912,0.27020506634499397,0.4270205066344994,0.26529381354471826
171,0.1487,0.0872,0.2771,0.608,0.1071,53971,154744,0.4680337756332931,0.4969843184559711,0.3256936067551267,0.8009650180940893,0.2677925211097708,0.3413751507840772,0.4800965018094089,0.45442012752024813
172,0.1152,0.0772,0.1799,0.7299,0.1307,51355,173149,0.2316043425814234,0.33775633293124246,0.767189384800965,0.34258142340168873,0.428226779252111,0.4113389626055488,0.40530759951749096,0.4177149750129243
173,0.0746,0.0691,0.1887,0.7869,0.0867,60821,192599,0.05910735826296743,0.21712907117008443,0.7285886610373944,0.06151990349819059,0.13268998793727382,0.21109770808202655,0.33896260554885405,0.24987075650525595
174,0.139,0.0948,0.2373,0.6863,0.0961,53500,161226,0.3986731001206273,0.6212303980699638,0.4849215922798552,0.5717732207478889,0.18516284680337755,0.3606755126658625,0.4571773220747889,0.43994485610890915
175,0.0848,0.0582,0.2077,0.7495,0.1531,59753,196805,0.08685162846803378,0.0856453558504222,0.6115802171290712,0.20205066344993972,0.5820265379975874,0.23401688781664653,0.32689987937273823,0.304153024297777
176,0.1433,0.0883,0.285,0.6191,0.0967,50294,178586,0.43063932448733416,0.5138721351025332,0.30880579010856457,0.7804583835946924,0.19119420989143546,0.4493365500603136,0.3835946924004825,0.43684301223505084
177,0.1467,0.0805,0.1772,0.7009,0.1054,43718,124114,0.45416164053075997,0.39324487334137515,0.773220747889023,0.5078407720144753,0.2545235223160434,0.7129071170084439,0.6634499396863691,0.5370498018266414
178,0.1366,0.0748,0.183,0.7309,0.1039,44793,126188,0.3835946924004825,0.28890229191797345,0.7484921592279855,0.3329312424607962,0.2436670687575392,0.6755126658624849,0.6489746682750301,0.4745821127003274
179,0.1192,0.0859,0.1364,0.7609,0.0933,45862,99223,0.255729794933655,0.4776839565741858,0.9306393244873341,0.14113389626055484,0.16646562123039807,0.6320868516284681,0.8395657418576599,0.4919007409960366
180,0.0844,0.0776,0.2762,0.7528,0.0812,63076,221667,0.0856453558504222,0.3425814234016888,0.33172496984318456,0.18335343787696023,0.09891435464414958,0.18697225572979492,0.26537997587454765,0.2135102533172497
181,0.1979,0.1173,0.2312,0.5926,0.1408,46945,180658,0.8118214716525934,0.8854041013268998,0.5205066344993969,0.8323281061519904,0.4945717732207479,0.5874547647768396,0.37876960193003617,0.6444080647940719
182,0.1391,0.0981,0.158,0.7284,0.112,45061,128764,0.4010856453558504,0.6743063932448733,0.864897466827503,0.3528347406513872,0.3057901085645356,0.6682750301568154,0.6308805790108565,0.5568671376874031
183,0.1058,0.1258,0.2357,0.7989,0.1161,59676,207494,0.17973462002412546,0.9264173703256936,0.49336550060313633,0.03136308805790111,0.3341375150784077,0.23522316043425817,0.3027744270205066,0.3575736687920041
184,0.1104,0.0822,0.2461,0.7988,0.0956,52863,174517,0.20627261761158022,0.4209891435464415,0.4487334137515079,0.03256936067551264,0.18214716525934863,0.37756332931242464,0.39806996381182147,0.2951921419955196
185,0.1711,0.0854,0.2139,0.5794,0.1092,40323,123461,0.6477683956574186,0.4674306393244873,0.5808202653799759,0.8630880579010857,0.28468033775633295,0.8431845597104946,0.6694813027744271,0.622350508357746
186,0.1293,0.0788,0.1847,0.7355,0.087,46015,132526,0.33172496984318456,0.3588661037394451,0.744270205066345,0.3057901085645356,0.1344993968636912,0.6200241254523522,0.609167671893848,0.44347751163191446
187,0.1628,0.0715,0.2297,0.6373,0.0925,45476,118263,0.5784077201447527,0.23944511459589868,0.5295536791314837,0.7219541616405307,0.15922798552472858,0.6501809408926418,0.715319662243667,0.5134413234533862
188,0.1301,0.073,0.1673,0.7658,0.1178,46430,124169,0.3365500603136309,0.255729794933655,0.8142340168878166,0.12364294330518699,0.34378769601930037,0.6055488540410132,0.661037394451146,0.4486472514216784
189,0.0456,0.0693,0.4099,0.8215,0.0535,88275,365555,0.008443908323281062,0.22195416164053075,0.07961399276236425,0.007237635705669487,0.022919179734620022,0.0349819059107358,0.1085645355850422,0.06910218852317766
190,0.078,0.0778,0.3828,0.7252,0.0741,75062,296518,0.06574185765983112,0.34499396863691195,0.10977080820265384,0.3715319662243667,0.06755126658624849,0.08443908323281057,0.1471652593486128,0.1701706014130622
191,0.2624,0.1445,0.232,0.5411,0.1421,39123,157938,0.9650180940892642,0.9722557297949337,0.5156815440289506,0.9131483715319663,0.5048250904704463,0.8781664656212304,0.46803377563329307,0.7453041530242979
193,0.0694,0.0614,0.4758,0.7611,0.0825,88144,348142,0.0428226779252111,0.11821471652593486,0.04221954161640529,0.1399276236429433,0.10796139927623644,0.03618817852834744,0.12062726176115801,0.08685162846803378
194,0.0629,0.0667,0.4234,0.7147,0.0716,78605,288392,0.038600723763570564,0.18395657418576597,0.06755126658624844,0.4348612786489746,0.05367913148371532,0.06634499396863691,0.16043425814234014,0.14363260382560744
195,0.0621,0.076,0.2335,0.8154,0.0771,66460,206684,0.033172496984318456,0.3088057901085645,0.505428226779252,0.012062726176115812,0.08082026537997587,0.14113389626055484,0.30398069963811825,0.1979148716181285
196,0.201,0.1123,0.2285,0.6391,0.1112,49243,150946,0.8214716525934861,0.8443908323281062,0.5355850422195416,0.7177322074788902,0.2997587454764777,0.4849215922798552,0.4957780458383595,0.5999483026021025
197,0.0946,0.0781,0.3302,0.7179,0.089,70739,263497,0.13208685162846803,0.34921592279855246,0.1821471652593486,0.4143546441495778,0.14173703256936068,0.10735826296743067,0.18817852834740656,0.21643977253144925
198,0.1255,0.086,0.349,0.6777,0.0903,65457,271065,0.2985524728588661,0.4806996381182147,0.1592279855247286,0.6055488540410132,0.15259348612786489,0.1556091676718938,0.1749095295536791,0.28959159055660866
199,0.1267,0.0879,0.211,0.7658,0.1043,54624,236709,0.3088057901085645,0.5078407720144753,0.5958986731001206,0.12364294330518699,0.24849215922798554,0.33051869722557303,0.23039806996381185,0.3350853007065311
200,0.1845,0.1051,0.5124,0.4248,0.0679,70690,499110,0.7448733413751508,0.7647768395657418,0.02895054282267795,0.9686369119420989,0.039806996381182146,0.10977080820265384,0.049457177322074775,0.3866103739445114
201,0.0501,0.0485,0.521,0.7488,0.1105,112556,430175,0.012062726176115802,0.03739445114595899,0.02533172496984315,0.21471652593486124,0.29493365500603136,0.006031363088057851,0.08082026537997589,0.09589867310012061
203,0.2974,0.0,0.2105,0.0,0.0,21635,150729,0.9831121833534379,0.0018094089264173703,0.5983112183353438,0.9981905910735827,0.0012062726176115801,0.9975874547647768,0.4993968636911942,0.582801998966052
206,0.0624,0.0634,0.2788,0.7878,0.076,92611,329835,0.03618817852834741,0.1344993968636912,0.3214716525934861,0.056091676718938444,0.07659831121833534,0.026537997587454787,0.1278648974668275,0.11132173013958298
207,0.0826,0.0886,0.3054,0.6387,0.1436,78274,306177,0.07478890229191798,0.5168878166465621,0.23763570566948133,0.7189384800965017,0.514475271411339,0.0699638118214716,0.1399276236429433,0.3246596587971739
208,0.053,0.0542,0.6138,0.7234,0.0917,113714,544580,0.015681544028950542,0.06513872135102533,0.014475271411338975,0.38540410132689984,0.15681544028950542,0.0024125452352231624,0.04101326899879376,0.097277270377391
209,0.0941,0.0815,0.4637,0.5817,0.1821,75117,393789,0.13027744270205066,0.4071170084439083,0.049457177322074775,0.8588661037394452,0.7973462002412546,0.08323281061519905,0.10253317249698435,0.3469757022229882
210,0.0621,0.06,0.4283,0.7503,0.0724,89459,359749,0.033172496984318456,0.10675512665862485,0.06634499396863691,0.19601930036188175,0.05548854041013269,0.03136308805790111,0.11097708082026536,0.0857315181802516
211,0.057,0.0593,0.4024,0.775,0.0705,90402,350232,0.021712907117008445,0.0971049457177322,0.08443908323281057,0.08805790108564537,0.04342581423401689,0.030156815440289475,0.11942098914354649,0.06918835085300706
212,0.1677,0.1089,0.2767,0.5676,0.1224,51362,210874,0.6254523522316043,0.8094089264173703,0.3287092882991556,0.8829915560916767,0.3721351025331725,0.4101326899879373,0.2955367913148371,0.5320523866965362
214,0.0615,0.0554,0.5032,0.6739,0.092,87490,425267,0.031363088057901084,0.0669481302774427,0.03136308805790111,0.6158021712907117,0.158021712907117,0.039806996381182125,0.08564535585042221,0.146992934688954
215,0.1523,0.0814,0.1665,0.7166,0.1133,40720,138847,0.49215922798552475,0.4041013268998794,0.8190591073582629,0.42400482509047044,0.31242460796139926,0.8262967430639324,0.5681544028950543,0.5494571773220748
216,0.105,0.0859,0.2598,0.751,0.1023,63785,300809,0.17611580217129072,0.4776839565741858,0.387816646562123,0.19179734620024125,0.23039806996381182,0.17370325693606758,0.143546441495778,0.254437359986214
217,0.0725,0.0621,0.3143,0.7492,0.0788,78005,307866,0.05307599517490953,0.12545235223160434,0.21109770808202655,0.2092882991556092,0.09167671893848009,0.07117008443908324,0.13872135102533167,0.12864035843529206
218,0.1508,0.0947,0.2512,0.6938,0.1224,51383,218129,0.4819059107358263,0.6188178528347407,0.4155609167671894,0.5440289505428226,0.3721351025331725,0.40892641737032565,0.2714113389626055,0.44468378424952604
219,0.0959,0.0834,0.2127,0.7404,0.0985,65820,262539,0.13691194209891436,0.43486127864897467,0.5862484921592279,0.2780458383594693,0.2074788902291918,0.14837153196622432,0.19059107358262972,0.28321557814923315
220,0.0593,0.0529,0.5615,0.6829,0.1253,108913,496185,0.024125452352231604,0.05669481302774427,0.018094089264173663,0.5898673100120627,0.39384800965018096,0.007237635705669487,0.05066344993968641,0.16293296570739274
221,0.0542,0.0557,0.5092,0.7291,0.1238,112987,474925,0.016887816646562123,0.07117008443908324,0.030156815440289475,0.34620024125452353,0.3841978287092883,0.003618817852834688,0.06151990349819059,0.13053592969153885
222,0.0725,0.0369,0.7129,0.4597,0.1018,107686,580315,0.05307599517490953,0.013872135102533172,0.003618817852834688,0.9601930036188179,0.22677925211097708,0.008443908323281013,0.03136308805790111,0.18533517146303632
223,0.073,0.0481,0.5509,0.5475,0.1429,90967,446204,0.05669481302774427,0.03618817852834741,0.021712907117008462,0.9107358262967431,0.5078407720144753,0.02895054282267795,0.0735826296743064,0.23367223849732902
224,0.084,0.0803,0.2883,0.7166,0.1097,71473,263049,0.08443908323281062,0.38781664656212306,0.29674306393244876,0.42400482509047044,0.28890229191797345,0.10373944511459587,0.18938480096501809,0.25357573668792005
225,0.0781,0.0761,0.2767,0.8086,0.1133,77715,264703,0.06755126658624849,0.3112183353437877,0.3287092882991556,0.017490952955367955,0.31242460796139926,0.07237635705669476,0.18455971049457176,0.18490435981388936
226,0.104,0.0644,0.2482,0.718,0.1285,61558,244185,0.17189384800965019,0.14173703256936068,0.4414957780458384,0.4119420989143546,0.4161640530759952,0.20024125452352226,0.21954161640530756,0.2861450973634327
227,0.0927,0.0663,0.2058,0.7547,0.1308,63478,272704,0.12424607961399277,0.17189384800965019,0.6224366706875755,0.17732207478890227,0.43063932448733416,0.1821471652593486,0.17370325693606758,0.268912631397553
228,0.1774,0.0652,0.2366,0.6593,0.1491,46962,197634,0.6930036188178529,0.15379975874547647,0.48974668275030153,0.6628468033775634,0.5597104945717732,0.5862484921592279,0.32328106151990355,0.49551955884887133
229,0.1286,0.0572,0.3879,0.6578,0.1111,58143,267208,0.32750301568154405,0.08082026537997587,0.10132689987937271,0.6706875753920386,0.29794933655006034,0.255729794933655,0.18094089264173707,0.2735653972083405
230,0.0791,0.0619,0.3051,0.804,0.1029,68367,246567,0.06996381182147166,0.12123039806996382,0.24366706875753918,0.02533172496984315,0.23341375150784077,0.13027744270205066,0.21109770808202655,0.14785455798724798
231,0.0622,0.0565,0.3847,0.8086,0.0698,78325,288436,0.03498190591073583,0.07599517490952955,0.10434258142340169,0.017490952955367955,0.04221954161640531,0.06875753920386007,0.1592279855247286,0.07185938307771843
232,0.1695,0.0928,0.3482,0.5731,0.1496,51971,215637,0.6399276236429433,0.5880579010856454,0.16164053075995177,0.8721351025331725,0.5627261761158022,0.39686369119420994,0.2822677925211098,0.5005169739789764
233,0.0924,0.0666,0.2766,0.7327,0.1101,68385,260366,0.1224366706875754,0.18033775633293125,0.33051869722557303,0.3208685162846804,0.293124246079614,0.12907117008443914,0.1942098914354644,0.22436670687575397
234,0.0876,0.0652,0.3032,0.6703,0.1029,65479,273101,0.09891435464414958,0.15379975874547647,0.24969843184559715,0.6260554885404102,0.23341375150784077,0.15440289505428229,0.17249698431845595,0.241254523522316
235,0.1822,0.1157,0.2541,0.4562,0.1751,44578,223778,0.7237635705669482,0.8721351025331725,0.40108564535585045,0.9613992762364294,0.7484921592279855,0.6863691194209891,0.26176115802171296,0.6650008616232983
236,0.1283,0.086,0.264,0.588,0.1167,56900,232292,0.3232810615199035,0.4806996381182147,0.3715319662243667,0.8431845597104946,0.33775633293124246,0.28166465621230397,0.23763570566948133,0.41082198862657243
237,0.1749,0.0983,0.1897,0.5895,0.1266,46593,187180,0.6718938480096501,0.6767189384800965,0.7201447527141134,0.8371531966224367,0.40470446320868514,0.5971049457177322,0.35464414957780455,0.6089091849043599
238,0.1259,0.1003,0.1927,0.6882,0.146,54433,186933,0.3039806996381182,0.706875753920386,0.695416164053076,0.5633293124246079,0.5307599517490953,0.3341375150784077,0.3558504221954162,0.49862140272272965
239,0.2096,0.1005,0.1435,0.7273,0.156,36462,124354,0.864897466827503,0.7086851628468034,0.9155609167671894,0.3612786489746683,0.6019300361881785,0.9288299155609168,0.6586248492159228,0.7199724280544546
240,0.1685,0.0723,0.2706,0.6589,0.1223,46595,165972,0.6308805790108565,0.24728588661037396,0.35102533172496986,0.6658624849215923,0.3703256936067551,0.5958986731001206,0.4378769601930036,0.47130794416681027
241,0.1485,0.085,0.1913,0.7401,0.1291,45634,156327,0.4662243667068758,0.4589867310012063,0.706875753920386,0.28045838359469244,0.4221954161640531,0.6429433051869722,0.47406513872135103,0.49310701361364817
242,0.1951,0.0858,0.1497,0.727,0.1386,36222,100269,0.7961399276236429,0.4752714113389626,0.8950542822677925,0.3642943305186972,0.4776839565741858,0.9300361881785284,0.8311218335343787,0.681371704290884
243,0.1808,0.0844,0.1342,0.7411,0.1463,35731,105287,0.7165259348612787,0.4487334137515078,0.9342581423401689,0.2714113389626055,0.5355850422195416,0.9372738238841978,0.7985524728588661,0.6631914526968808
244,0.1277,0.0491,0.2072,0.7335,0.1151,46068,170627,0.31363088057901084,0.040410132689987936,0.6139927623642943,0.3172496984318456,0.32569360675512665,0.6176115802171291,0.41978287092882993,0.3783387902808892
245,0.1728,0.0899,0.2007,0.7032,0.1263,43128,139917,0.6598311218335344,0.537394451145959,0.6489746682750301,0.4957780458383595,0.39987937273823887,0.738238841978287,0.5645355850422196,0.5778045838359469
246,0.2086,0.0878,0.1085,0.7388,0.1447,34630,80774,0.8576598311218335,0.5060313630880579,0.9843184559710495,0.2913148371531966,0.5223160434258143,0.9565741857659831,0.9457177322074789,0.7234189212476305
247,0.2023,0.0601,0.1709,0.7246,0.1548,34890,77237,0.8311218335343787,0.109167671893848,0.7961399276236429,0.37454764776839566,0.5934861278648975,0.9517490952955368,0.9613992762364294,0.6596587971738757
248,0.2702,0.0781,0.0724,0.7945,0.1601,30110,45981,0.9722557297949337,0.34921592279855246,0.9987937273823885,0.039806996381182125,0.638118214716526,0.985524728588661,0.9987937273823885,0.7117870067206616
249,0.1656,0.0706,0.1607,0.785,0.155,38569,110312,0.5995174909529554,0.22798552472858866,0.8474065138721352,0.06755126658624844,0.5971049457177322,0.8902291917973462,0.7659831121833535,0.5708254351197657
250,0.163,0.0861,0.1234,0.7762,0.1492,42247,84942,0.5838359469240049,0.4837153196622437,0.9571773220747889,0.08443908323281057,0.5609167671893848,0.7708082026537998,0.9276236429433051,0.6240737549543339
251,0.167,0.0799,0.1496,0.7718,0.1351,42123,87956,0.6188178528347407,0.37997587454764775,0.8968636911942098,0.10132689987937271,0.45476477683956573,0.7780458383594693,0.9071170084439083,0.5909874202998449
252,0.1867,0.0932,0.1296,0.8141,0.1361,39541,100600,0.758745476477684,0.597708082026538,0.9481302774427021,0.013268998793727338,0.4620024125452352,0.8673100120627262,0.8299155609167672,0.6395829743236258
253,0.1406,0.067,0.289,0.6848,0.1245,47559,120979,0.4143546441495778,0.1881785283474065,0.2949336550060314,0.5796139927623642,0.3884197828709288,0.5669481302774426,0.6851628468033776,0.4453730828881613
254,0.1251,0.1035,0.2113,0.7348,0.1436,54977,189339,0.2955367913148372,0.7430639324487334,0.594692400482509,0.31242460796139926,0.514475271411339,0.31966224366706875,0.3486127864897467,0.44692400482509054
255,0.1662,0.0659,0.1707,0.793,0.1262,45979,109101,0.6067551266586249,0.1646562123039807,0.7973462002412546,0.04463208685162845,0.39806996381182147,0.6224366706875755,0.7756332931242461,0.4870756505255902
256,0.2224,0.0968,0.09,0.7519,0.1599,36663,64192,0.8992762364294331,0.6507840772014475,0.9951749095295537,0.18697225572979492,0.6357056694813028,0.9252110977080821,0.985524728588661,0.7540927106668965
257,0.2392,0.0794,0.262,0.5778,0.1591,34763,97021,0.9396863691194209,0.37273823884197826,0.3769601930036188,0.8661037394451145,0.6284680337756333,0.9541616405307599,0.8624849215922799,0.7143718766155437
258,0.1869,0.0665,0.1577,0.7556,0.1452,37994,91819,0.7599517490952955,0.1779252110977081,0.8673100120627262,0.1743063932448733,0.525934861278649,0.9047044632086851,0.8817852834740652,0.6131311390660004
259,0.2082,0.0667,0.1136,0.7657,0.1596,33293,76534,0.8552472858866104,0.18395657418576597,0.9819059107358263,0.12605548854041015,0.6308805790108565,0.9722557297949337,0.9650180940892642,0.6736170946062382
260,0.1564,0.0857,0.1924,0.7469,0.1234,40325,89886,0.5241254523522316,0.47406513872135103,0.6978287092882991,0.23039806996381185,0.379372738238842,0.8407720144752714,0.8986731001206273,0.5778907461657763
261,0.1635,0.0905,0.1647,0.7568,0.1349,40895,99121,0.5874547647768396,0.5446320868516284,0.8335343787696019,0.16344993968636912,0.4529553679131484,0.8202653799758746,0.841978287092883,0.6063243150094778
262,0.1855,0.0802,0.1445,0.7757,0.1621,36632,90197,0.7503015681544029,0.3841978287092883,0.9107358262967431,0.08624849215922803,0.6531966224366706,0.9264173703256936,0.8962605548854041,0.6581940375667757
263,0.1891,0.0729,0.1688,0.7412,0.16,41766,97940,0.7665862484921593,0.25331724969843183,0.8057901085645356,0.27020506634499397,0.6369119420989143,0.7949336550060313,0.8516284680337756,0.6256246768912632
264,0.2131,0.0787,0.1266,0.7655,0.1798,35850,87051,0.8745476477683957,0.3558504221954162,0.9541616405307599,0.1278648974668275,0.7810615199034981,0.9348612786489747,0.916767189384801,0.7064449422712391
265,0.1949,0.0583,0.2761,0.6596,0.1287,41864,124331,0.793124246079614,0.08685162846803378,0.3329312424607962,0.6598311218335344,0.4191797346200241,0.7913148371531966,0.6598311218335344,0.5347234189212476
266,0.1754,0.0873,0.1301,0.8047,0.1616,40195,79841,0.6767189384800965,0.5,0.9457177322074789,0.022919179734619988,0.6453558504221955,0.8468033775633294,0.9505428226779252,0.655436843012235
267,0.1612,0.0969,0.1178,0.6601,0.1753,33859,118817,0.5639324487334137,0.6525934861278649,0.9746682750301568,0.6586248492159228,0.7503015681544029,0.962605548854041,0.706875753920386,0.7528002757194555
268,0.1532,0.0682,0.1058,0.7606,0.1371,36171,119648,0.49758745476477684,0.19903498190591074,0.9867310012062727,0.14234016887816647,0.46562123039806996,0.9324487334137515,0.698431845597105,0.5603136308805791
270,0.1503,0.0895,0.1967,0.7935,0.134,47770,138059,0.4752714113389626,0.5295536791314838,0.6682750301568154,0.042822677925211106,0.4451145958986731,0.5572979493365501,0.5741857659831122,0.4703601585386869
271,0.2093,0.1102,0.3099,0.5952,0.1763,42056,150142,0.8630880579010857,0.8232810615199035,0.22436670687575389,0.8299155609167672,0.761761158021713,0.781664656212304,0.5066344993968637,0.6843873858349129
272,0.1646,0.1034,0.2175,0.6893,0.1706,45548,140003,0.5934861278648975,0.7400482509047045,0.5633293124246079,0.5597104945717732,0.7189384800965019,0.646562123039807,0.5633293124246079,0.6264863001895572
273,0.1577,0.1104,0.2076,0.7568,0.1528,48322,146516,0.5295536791314838,0.8256936067551267,0.6127864897466828,0.16344993968636912,0.5790108564535585,0.5271411338962606,0.5355850422195416,0.5390315354127175
274,0.1794,0.1043,0.3487,0.5791,0.165,45427,154038,0.7032569360675512,0.752714113389626,0.16043425814234014,0.864897466827503,0.6755126658624849,0.6525934861278648,0.48612786489746684,0.6136481130449768
275,0.134,0.084,0.3424,0.6997,0.1356,61076,197378,0.36670687575392036,0.4451145958986731,0.16767189384800962,0.5150784077201447,0.4583835946924005,0.2098914354644149,0.32448733413751507,0.35533344821643975
276,0.1438,0.0838,0.4694,0.5932,0.1532,60183,241795,0.43425814234016885,0.4390832328106152,0.045838359469240086,0.8311218335343787,0.5838359469240049,0.22677925211097705,0.2207478890229192,0.39738066517318626
277,0.1865,0.0861,0.4434,0.5507,0.1704,50831,185337,0.7551266586248492,0.4837153196622437,0.0579010856453559,0.9071170084439083,0.7171290711700844,0.43305186972255727,0.36308805790108567,0.5310184387385835
278,0.2314,0.1344,0.1765,0.6171,0.1704,38616,110592,0.9203860072376358,0.9553679131483716,0.7762364294330519,0.7840772014475271,0.7171290711700844,0.8890229191797346,0.7647768395657418,0.8295709115974496
279,0.1744,0.1199,0.1915,0.7288,0.1636,46385,189232,0.6700844390832328,0.8986731001206273,0.7026537997587454,0.3486127864897467,0.661037394451146,0.6079613992762365,0.3498190591073582,0.6055488540410133
280,0.1427,0.1159,0.2394,0.7148,0.1598,52109,161910,0.428226779252111,0.8757539203860072,0.4794933655006032,0.43305186972255727,0.6344993968636912,0.390832328106152,0.45114595898673104,0.5275719455454075
281,0.1365,0.1107,0.2479,0.7493,0.1463,53885,179351,0.38178528347406515,0.8281061519903499,0.4427020506634499,0.2056694813027744,0.5355850422195416,0.34620024125452353,0.38118214716525933,0.44589005686713773
282,0.1568,0.1033,0.3872,0.5887,0.1761,56382,205677,0.5271411338962606,0.738238841978287,0.10253317249698435,0.8407720144752714,0.7593486127864898,0.2907117008443908,0.30880579010856457,0.5096501809408928
283,0.2123,0.1241,0.1856,0.6308,0.1736,40646,116207,0.873341375150784,0.9179734620024126,0.7406513872135103,0.7490952955367913,0.7370325693606755,0.8287092882991556,0.7273823884197829,0.7963122522833018
284,0.1796,0.1116,0.2625,0.6846,0.1757,46191,182937,0.7044632086851629,0.8395657418576599,0.37394451145958985,0.5814234016887816,0.7539203860072377,0.6139927623642943,0.3727382388419783,0.6057211787006721
285,0.1648,0.1114,0.1941,0.6382,0.1573,44809,149542,0.5965018094089264,0.8383594692400482,0.6899879372738239,0.7201447527141134,0.6139927623642943,0.6731001206272618,0.51145958986731,0.6633637773565397
286,0.1891,0.1112,0.1749,0.7114,0.1669,38630,132435,0.7665862484921593,0.8347406513872135,0.781664656212304,0.45597104945717737,0.6966224366706876,0.887816646562123,0.6103739445114595,0.7191108047561606
287,0.159,0.0893,0.2353,0.7451,0.1733,42354,169533,0.5410132689987938,0.5271411338962606,0.4951749095295537,0.2406513872135102,0.7334137515078407,0.7696019300361882,0.42098914354644146,0.5325693606755126
288,0.1911,0.0887,0.3936,0.5848,0.1696,42889,210185,0.7756332931242461,0.5186972255729795,0.09047044632086854,0.8510253317249699,0.7110977080820265,0.7490952955367913,0.2991556091676719,0.5707392727899362
289,0.172,0.0959,0.1687,0.8156,0.196,35998,147205,0.6537997587454765,0.6375150784077201,0.8075995174909529,0.010856453558504175,0.8667068757539204,0.9336550060313631,0.5319662243667069,0.6345855591935206
290,0.1524,0.1018,0.2408,0.7866,0.1407,51124,134038,0.49336550060313633,0.7201447527141134,0.47165259348612787,0.06393244873341375,0.49336550060313633,0.4185765983112183,0.6007237635705669,0.46596587971738757
291,0.1963,0.1293,0.1781,0.6822,0.1813,39723,102296,0.8033775633293124,0.9420989143546441,0.7683956574185766,0.5922798552472859,0.7943305186972256,0.8588661037394452,0.8178528347406514,0.7967430639324486
292,0.179,0.1097,0.3671,0.5661,0.1432,47197,155193,0.7020506634499397,0.8178528347406514,0.12665862484921597,0.8890229191797346,0.5102533172496985,0.5778045838359469,0.4776839565741857,0.5859038428399105
293,0.1828,0.1156,0.1902,0.6911,0.1742,41363,109754,0.7291917973462002,0.8709288299155609,0.718335343787696,0.5530759951749096,0.7430639324487334,0.804583835946924,0.7708082026537998,0.7414268481819749
294,0.1607,0.1063,0.2933,0.6667,0.1719,51070,211475,0.5585042219541616,0.7792521109770808,0.27744270205066346,0.6393244873341375,0.7243667068757539,0.4234016887816646,0.2943305186972256,0.528088919524384
295,0.2093,0.1178,0.1951,0.6928,0.2009,39728,135931,0.8630880579010857,0.887816646562123,0.6809408926417371,0.5464414957780459,0.879372738238842,0.8576598311218335,0.5886610373944512,0.7577115285197312
296,0.1675,0.1066,0.2501,0.7005,0.1634,45644,136312,0.6230398069963812,0.7840772014475271,0.4270205066344994,0.5102533172496984,0.6586248492159228,0.6417370325693607,0.5862484921592279,0.6044287437532311
297,0.1635,0.1163,0.2341,0.7283,0.1562,49041,148794,0.5874547647768396,0.8769601930036188,0.5018094089264173,0.35524728588661036,0.6049457177322075,0.49457177322074786,0.519903498190591,0.5629846631052903
298,0.2025,0.1089,0.2162,0.7349,0.1566,44804,120437,0.8335343787696019,0.8094089264173703,0.5669481302774426,0.31121833534378773,0.609167671893848,0.6743063932448734,0.6911942098914354,0.642254006548337
299,0.1445,0.0993,0.3136,0.7238,0.1847,53519,260527,0.4378769601930036,0.6960193003618818,0.21230398069963807,0.38118214716525933,0.8082026537997588,0.3558504221954162,0.19300361881785288,0.44063415474754436
300,0.1325,0.108,0.3884,0.6859,0.1936,65673,212080,0.35524728588661036,0.7991556091676719,0.10012062726176119,0.5729794933655006,0.8540410132689988,0.14957780458383596,0.2907117008443908,0.4459762191969671
301,0.1335,0.1044,0.2669,0.7388,0.1667,57713,158737,0.3606755126658625,0.7545235223160435,0.3606755126658625,0.2913148371531966,0.6930036188178529,0.26537997587454765,0.46562123039807,0.4558848871273479
302,0.1534,0.1231,0.23,0.7031,0.1788,54046,152171,0.503015681544029,0.9131483715319663,0.525934861278649,0.496984318455971,0.7768395657418576,0.3365500603136309,0.4921592279855247,0.5778045838359469
303,0.2019,0.1074,0.4689,0.4761,0.2075,55294,290751,0.8281061519903499,0.793124246079614,0.04704463208685161,0.9553679131483716,0.8998793727382388,0.3136308805790109,0.15199034981905912,0.5698776494916423
304,0.2821,0.0955,0.1573,0.624,0.2144,33590,91770,0.9758745476477684,0.6314837153196623,0.8709288299155609,0.7696019300361882,0.9227985524728589,0.9698431845597105,0.8829915560916767,0.8605031880062037
305,0.1641,0.0945,0.2136,0.7443,0.1924,48964,168104,0.5910735826296744,0.6151990349819059,0.5826296743063932,0.24668275030156817,0.8498190591073582,0.503015681544029,0.42822677925211095,0.5452352231604343
306,0.2224,0.0903,0.2508,0.6594,0.1756,43202,147867,0.8992762364294331,0.5422195416164053,0.4185765983112183,0.661037394451146,0.7521109770808203,0.7334137515078407,0.5247285886610373,0.6473375840082716
307,0.1757,0.1129,0.1395,0.7081,0.2063,41350,116708,0.6779252110977081,0.8540410132689988,0.9227985524728589,0.47406513872135103,0.8956574185765983,0.8057901085645356,0.7225572979493365,0.7646906772359124
308,0.1647,0.0927,0.2202,0.7552,0.1549,53716,137636,0.594692400482509,0.5826296743063932,0.5572979493365501,0.17611580217129075,0.5952955367913149,0.3522316043425814,0.5778045838359469,0.4908667930380838
309,0.2201,0.1127,0.242,0.5688,0.1712,41857,120414,0.8896260554885405,0.850422195416164,0.46381182147165256,0.879372738238842,0.721351025331725,0.7925211097708083,0.6924004825090471,0.7556436326038256
310,0.2089,0.1019,0.1704,0.6922,0.1667,42890,109188,0.8600723763570567,0.7225572979493365,0.7985524728588661,0.5476477683956574,0.6930036188178529,0.7478890229191797,0.7744270205066345,0.7348785111149406
312,0.2358,0.1064,0.2276,0.5725,0.171,40402,127903,0.9288299155609168,0.781664656212304,0.5379975874547648,0.8733413751507841,0.7201447527141134,0.8395657418576599,0.6429433051869722,0.7606410477339308
313,0.1352,0.0941,0.2122,0.6638,0.1582,54769,156246,0.3721351025331725,0.6097708082026538,0.5886610373944512,0.6525934861278648,0.6212303980699638,0.32810615199034987,0.47527141133896256,0.5211097708082026
314,0.2017,0.0914,0.2982,0.5659,0.1952,45130,194106,0.8250904704463209,0.5542822677925211,0.2605548854041013,0.8902291917973462,0.8588661037394452,0.6658624849215923,0.3341375150784077,0.6270032741685335
315,0.2018,0.1035,0.1568,0.6852,0.2178,43285,119527,0.8262967430639324,0.7430639324487334,0.8757539203860072,0.5765983112183353,0.9288299155609168,0.7285886610373944,0.7008443908323281,0.7685679820782354
316,0.2377,0.1202,0.176,0.6152,0.2225,37631,111326,0.9336550060313631,0.8998793727382388,0.7780458383594693,0.7876960193003619,0.9420989143546441,0.9143546441495778,0.7599517490952955,0.8593830777184214
317,0.2621,0.1205,0.1542,0.6027,0.2133,35525,103054,0.9638118214716526,0.902291917973462,0.8817852834740652,0.8214716525934861,0.9155609167671894,0.9384800965018094,0.8130277442702051,0.8909184904359815
318,0.1624,0.1102,0.2047,0.7868,0.1675,51421,152433,0.5747889022919179,0.8232810615199035,0.6290711700844391,0.06272617611580222,0.7020506634499397,0.4077201447527141,0.49095295536791317,0.52722729622609
319,0.1904,0.1059,0.216,0.5158,0.1506,41242,128664,0.7720144752714113,0.7720144752714113,0.5687575392038601,0.9288299155609168,0.5669481302774427,0.8094089264173703,0.6332931242460796,0.7216095123212131
320,0.1367,0.1076,0.2334,0.7476,0.1576,54708,187217,0.3854041013268999,0.7955367913148371,0.5072376357056695,0.22677925211097705,0.6164053075995175,0.3293124246079614,0.353437876960193,0.45915905566086507
321,0.1633,0.1112,0.2203,0.7721,0.1728,43236,167507,0.5850422195416164,0.8347406513872135,0.5560916767189386,0.10012062726176119,0.7310012062726177,0.729794933655006,0.4306393244873341,0.566775805617784
322,0.1528,0.1071,0.2657,0.6333,0.1668,51470,174947,0.4945717732207479,0.7901085645355851,0.364897466827503,0.7322074788902292,0.6948130277442702,0.4041013268998793,0.3956574185765983,0.5537652938135447
323,0.2259,0.1107,0.3156,0.6138,0.1471,47977,164140,0.9071170084439083,0.8281061519903499,0.20627261761158022,0.7913148371531966,0.5470446320868516,0.5440289505428226,0.4451145958986731,0.6098569705324833
324,0.1596,0.1018,0.1806,0.6933,0.1848,43715,140947,0.5476477683956574,0.7201447527141134,0.7611580217129071,0.5452352231604343,0.8094089264173703,0.7141133896260554,0.5609167671893849,0.6655178356022747
325,0.145,0.1032,0.2516,0.6807,0.1651,51078,165332,0.4408926417370326,0.7358262967430639,0.4113389626055488,0.5958986731001206,0.6767189384800965,0.4221954161640531,0.44028950542822676,0.5318800620368774
326,0.2212,0.0921,0.3151,0.6293,0.1733,43392,154053,0.8950542822677925,0.5675512665862484,0.20868516284680338,0.7539203860072377,0.7334137515078407,0.7231604342581424,0.4849215922798552,0.6238152679648457
327,0.1328,0.1045,0.2748,0.7268,0.1793,53211,184992,0.3576598311218335,0.7563329312424608,0.3383594692400482,0.36670687575392036,0.7780458383594693,0.3691194209891435,0.36550060313630883,0.4759607099775978
328,0.1725,0.1166,0.2821,0.5468,0.2366,48323,184243,0.6562123039806996,0.879372738238842,0.31604342581423406,0.9119420989143546,0.9662243667068757,0.525934861278649,0.3715319662243667,0.6610373944511458
329,0.1288,0.1223,0.2699,0.7491,0.1722,50884,176860,0.330518697225573,0.9071170084439083,0.3528347406513872,0.21109770808202655,0.7285886610373945,0.4306393244873341,0.3920386007237636,0.4789763915216267
330,0.1658,0.1158,0.2423,0.6419,0.2771,49719,211686,0.6019300361881785,0.8739445114595898,0.4607961399276237,0.7092882991556091,0.985524728588661,0.46562123039807,0.29312424607961396,0.6271755988281924
331,0.1786,0.1096,0.2961,0.5651,0.283,48762,268623,0.7002412545235223,0.8148371531966224,0.2665862484921593,0.8914354644149578,0.9891435464414958,0.5162846803377563,0.1785283474065139,0.6224366706875755
333,0.1424,0.1121,0.3109,0.6639,0.2163,55476,227281,0.42581423401688784,0.841978287092883,0.2207478890229192,0.6513872135102533,0.9240048250904704,0.30759951749095293,0.2484921592279855,0.5171463036360503
334,0.1424,0.1123,0.3188,0.719,0.2024,54239,223369,0.42581423401688784,0.8443908323281062,0.1978287092882992,0.4041013268998793,0.887816646562123,0.33534378769601925,0.2629674306393245,0.4797518524900913
335,0.1262,0.0937,0.2483,0.7443,0.1652,56286,163991,0.30639324487334135,0.6055488540410132,0.44028950542822676,0.24668275030156817,0.6791314837153196,0.29191797346200243,0.44752714113389624,0.4310701361364811
336,0.1961,0.1193,0.3072,0.5326,0.2045,47952,187578,0.8009650180940893,0.8926417370325693,0.23160434258142337,0.9215922798552473,0.8902291917973462,0.5464414957780459,0.3522316043425814,0.6622436670687575
337,0.1411,0.1027,0.2624,0.6641,0.1852,45254,164574,0.41676718938480095,0.7273823884197829,0.3751507840772015,0.649577804583836,0.8130277442702051,0.6586248492159228,0.44390832328106156,0.5834912976046872
338,0.1802,0.123,0.1722,0.7169,0.1864,42904,117844,0.7104945717732207,0.9119420989143546,0.7889022919179735,0.42098914354644146,0.8232810615199035,0.744270205066345,0.7177322074788902,0.7310873686024469
339,0.1442,0.1371,0.2309,0.732,0.2038,48070,166020,0.43546441495778043,0.9577804583835947,0.5223160434258143,0.3256936067551267,0.8890229191797346,0.5392038600723763,0.43667068757539207,0.5865931414785456
341,0.1419,0.0987,0.3126,0.7597,0.2276,59084,323044,0.42279855247285886,0.6827503015681544,0.21471652593486124,0.1513872135102533,0.9541616405307599,0.24487334137515082,0.13027744270205066,0.40013785972772703
342,0.1351,0.1171,0.2725,0.7385,0.1844,50427,204078,0.3703256936067551,0.8829915560916767,0.34620024125452353,0.2943305186972256,0.8051869722557298,0.4463208685162847,0.3100120627261761,0.4936239875926245
344,0.1695,0.1397,0.1696,0.7843,0.1786,39745,130405,0.6399276236429433,0.962605548854041,0.8027744270205066,0.06875753920386007,0.7756332931242461,0.8564535585042219,0.6224366706875755,0.6755126658624849
346,0.1286,0.1254,0.2139,0.7746,0.1604,45923,150729,0.32750301568154405,0.9246079613992763,0.5808202653799759,0.0892641737032569,0.6405307599517491,0.6284680337756333,0.4993968636911942,0.52722729622609
347,0.1373,0.113,0.2235,0.7116,0.1937,50896,175152,0.3884197828709288,0.8552472858866104,0.5494571773220748,0.4541616405307599,0.8552472858866104,0.4294330518697226,0.3944511459589868,0.5609167671893848
349,0.1663,0.1468,0.2104,0.7503,0.2134,45737,157972,0.6079613992762364,0.9746682750301568,0.5995174909529554,0.19601930036188175,0.916767189384801,0.6381182147165259,0.46682750301568154,0.6285541961054627
350,0.1557,0.0988,0.1755,0.7622,0.1356,45914,120685,0.5223160434258143,0.6845597104945718,0.7804583835946924,0.13389626055488535,0.4583835946924005,0.6296743063932448,0.6875753920386007,0.5566948130277443
351,0.1356,0.0919,0.1953,0.8061,0.112,53403,139353,0.376357056694813,0.5615199034981906,0.6785283474065138,0.020506634499396825,0.3057901085645356,0.3642943305186972,0.5669481302774426,0.4105635016370842
352,0.1767,0.0977,0.3768,0.6035,0.1328,52970,201873,0.6863691194209891,0.6670687575392038,0.11580217129071169,0.8178528347406514,0.4408926417370326,0.3751507840772015,0.3148371531966224,0.4882819231432018
354,0.2145,0.0925,0.2423,0.6408,0.1251,42196,142726,0.879372738238842,0.5759951749095296,0.4607961399276237,0.7129071170084439,0.39203860072376356,0.7744270205066345,0.5464414957780459,0.6202826124418405
355,0.2061,0.1094,0.1048,0.7495,0.1415,35057,81938,0.8492159227985525,0.8118214716525934,0.9879372738238842,0.20205066344993972,0.5012062726176115,0.9505428226779252,0.9396863691194209,0.7489229708771326
356,0.1601,0.1014,0.1906,0.7243,0.1433,43773,114658,0.5560916767189384,0.7141133896260555,0.7165259348612787,0.37756332931242464,0.51145958986731,0.7117008443908324,0.7418576598311218,0.6184732035154231
357,0.1033,0.0738,0.3189,0.8071,0.1063,64975,157577,0.16887816646562123,0.2732207478890229,0.19601930036188175,0.0193003618817853,0.25995174909529556,0.16164053075995177,0.47044632086851623,0.22135102533172496
358,0.1628,0.1104,0.3645,0.6194,0.1519,51800,160827,0.5784077201447527,0.8256936067551267,0.13027744270205066,0.7792521109770808,0.5729794933655006,0.3992762364294331,0.4620024125452352,0.5354127175598828
359,0.1955,0.1046,0.1311,0.7336,0.1652,37952,98362,0.7973462002412546,0.7575392038600723,0.9420989143546441,0.31604342581423406,0.6791314837153196,0.9059107358262968,0.8492159227985525,0.7496122695157678
360,0.1797,0.1018,0.1956,0.7277,0.1178,45237,121769,0.7056694813027744,0.7201447527141134,0.6743063932448734,0.35946924004825087,0.34378769601930037,0.661037394451146,0.6815440289505428,0.5922798552472859
361,0.2109,0.0898,0.3051,0.6068,0.1375,45865,125790,0.8685162846803377,0.5349819059107358,0.24366706875753918,0.8057901085645356,0.4704463208685163,0.6308805790108565,0.6513872135102533,0.6008099259003963
362,0.2091,0.1278,0.1432,0.7177,0.1451,39361,101641,0.8612786489746683,0.9348612786489746,0.9179734620024126,0.41737032569360677,0.5247285886610374,0.8709288299155609,0.8226779252110977,0.7642598655867655
363,0.1732,0.0856,0.1869,0.6701,0.1348,43209,113269,0.661037394451146,0.47225572979493363,0.7370325693606755,0.6272617611580218,0.4505428226779252,0.7322074788902292,0.7503015681544029,0.632948474926762
364,0.2456,0.1436,0.1187,0.7474,0.1759,31585,81003,0.9475271411338962,0.9698431845597105,0.9734620024125452,0.2285886610373945,0.7569360675512666,0.9794933655006032,0.9433051869722557,0.8284508013096674
365,0.1544,0.0979,0.2013,0.7581,0.1586,48502,146816,0.5126658624849216,0.6712907117008444,0.6429433051869722,0.15741857659831127,0.6242460796139928,0.519903498190591,0.53437876960193,0.5232638290539376
366,0.2106,0.1179,0.2401,0.6273,0.1597,43323,128077,0.8661037394451147,0.8890229191797346,0.4764776839565742,0.758745476477684,0.6326899879372738,0.7273823884197829,0.6393244873341375,0.7128209546786145
367,0.3124,0.1753,0.1298,0.6872,0.1586,29933,78452,0.9879372738238842,0.991556091676719,0.9469240048250904,0.5669481302774426,0.6242460796139928,0.9867310012062727,0.9565741857659831,0.8658452524556263
368,0.2137,0.1099,0.2313,0.6476,0.1414,39636,122521,0.8757539203860072,0.8214716525934861,0.5186972255729795,0.6972255729794934,0.4969843184559711,0.8636911942098915,0.6755126658624849,0.7070480785800447
369,0.2595,0.1837,0.1195,0.7895,0.1466,30141,60763,0.962605548854041,0.9951749095295537,0.971049457177322,0.05066344993968641,0.5392038600723763,0.9843184559710495,0.9879372738238842,0.7844218507668447
370,0.1232,0.0818,0.2756,0.7121,0.1247,57255,189849,0.2798552472858866,0.4131483715319662,0.3341375150784077,0.45235223160434257,0.3896260554885404,0.2750301568154403,0.3449939686369119,0.35559193520592797
371,0.1411,0.0867,0.2292,0.71,0.1323,51993,154948,0.41676718938480095,0.4957780458383595,0.5319662243667069,0.4644149577804584,0.4390832328106152,0.3956574185765983,0.47889022919179736,0.46036532827847665
372,0.2055,0.0884,0.3824,0.5404,0.1589,49677,217664,0.8431845597104946,0.5150784077201448,0.11097708082026536,0.9143546441495778,0.6272617611580217,0.46682750301568154,0.27261761158021713,0.5357573668792004
373,0.1681,0.1028,0.1866,0.7442,0.1308,44067,135078,0.6284680337756333,0.729794933655006,0.738238841978287,0.2484921592279855,0.43063932448733416,0.7044632086851628,0.5958986731001206,0.5822850249870756
374,0.212,0.1096,0.2617,0.5592,0.1529,40551,137652,0.8709288299155609,0.8148371531966224,0.3799758745476478,0.8962605548854041,0.5802171290711701,0.8323281061519904,0.5765983112183353,0.7073065655695331
376,0.1836,0.0848,0.209,0.7244,0.1316,39496,122694,0.7370325693606755,0.45476477683956573,0.6049457177322075,0.376357056694813,0.4378769601930036,0.8685162846803378,0.6743063932448734,0.593399965535068
377,0.183,0.1078,0.1552,0.7437,0.1346,40197,129001,0.7310012062726177,0.7973462002412546,0.8805790108564535,0.2521109770808203,0.4487334137515078,0.8455971049457177,0.6296743063932448,0.6550060313630881
378,0.1713,0.104,0.1597,0.7312,0.1508,40644,128723,0.6489746682750301,0.7466827503015682,0.853437876960193,0.33172496984318456,0.5681544028950543,0.8299155609167672,0.6320868516284681,0.6587110115457522
379,0.1458,0.0636,0.3575,0.6431,0.1087,50120,172539,0.44752714113389624,0.13630880579010857,0.1471652593486128,0.7080820265379976,0.2804583835946924,0.4535585042219542,0.40892641737032565,0.3688609339996553
380,0.1285,0.0928,0.2613,0.7232,0.115,58021,160977,0.32448733413751507,0.5880579010856454,0.38238841978287097,0.38962605548854046,0.32448733413751507,0.25814234016887816,0.45958986731001206,0.38953989315871107
381,0.2381,0.1272,0.2562,0.5671,0.1733,44645,132068,0.9348612786489746,0.9324487334137516,0.39686369119420994,0.8860072376357057,0.7334137515078407,0.6827503015681544,0.6139927623642943,0.7400482509047043
382,0.1828,0.122,0.1687,0.7046,0.138,37537,89775,0.7291917973462002,0.9059107358262968,0.8075995174909529,0.48612786489746684,0.47406513872135103,0.916767189384801,0.8998793727382388,0.7456488023436154
383,0.1926,0.1278,0.1653,0.7267,0.1397,38782,97760,0.7840772014475271,0.9348612786489746,0.8244873341375151,0.367913148371532,0.4873341375150784,0.8841978287092883,0.8540410132689988,0.7338445631569879
384,0.1815,0.1095,0.1292,0.7415,0.1463,39628,107223,0.7195416164053076,0.8130277442702051,0.9505428226779252,0.2665862484921593,0.5355850422195416,0.864897466827503,0.7864897466827503,0.7052386696536274
385,0.2122,0.0996,0.1591,0.742,0.1517,35324,119156,0.8721351025331725,0.7008443908323281,0.8552472858866104,0.26236429433051867,0.5711700844390832,0.9420989143546441,0.7020506634499397,0.7008443908323281
386,0.1961,0.1056,0.1932,0.7233,0.1649,45688,118973,0.8009650180940893,0.7683956574185766,0.6924004825090471,0.3872135102533173,0.672496984318456,0.6405307599517491,0.7032569360675512,0.6664656212303981
390,0.2074,0.0927,0.2368,0.7564,0.1621,46472,113911,0.8528347406513872,0.5826296743063932,0.48854041013269,0.16887816646562126,0.6531966224366706,0.6007237635705669,0.744270205066345,0.5844390832328106
391,0.2149,0.0972,0.2603,0.7232,0.1671,45174,117815,0.8805790108564535,0.6556091676718938,0.3835946924004825,0.38962605548854046,0.6996381182147166,0.6646562123039808,0.7189384800965017,0.62752024814751
392,0.2443,0.1049,0.2513,0.56,0.1798,38639,109534,0.9457177322074789,0.761761158021713,0.41314837153196626,0.8950542822677925,0.7810615199034981,0.8866103739445115,0.7720144752714113,0.7793382733069102
394,0.2263,0.093,0.1893,0.7235,0.1877,39788,105755,0.9083232810615199,0.5916767189384801,0.7231604342581424,0.3835946924004825,0.8311218335343787,0.8552472858866104,0.7949336550060313,0.7268654144408064
395,0.1738,0.0974,0.2039,0.6831,0.1995,46426,136051,0.6658624849215923,0.6586248492159228,0.6332931242460796,0.5886610373944512,0.8769601930036188,0.6067551266586249,0.5874547647768396,0.6596587971738755
397,0.2749,0.1385,0.2339,0.633,0.1649,33729,99550,0.9746682750301568,0.9613992762364294,0.5042219541616405,0.7340168878166465,0.672496984318456,0.9638118214716526,0.8371531966224367,0.8068240565224883
398,0.2907,0.1073,0.115,0.6585,0.2189,30281,87847,0.9806996381182147,0.7913148371531966,0.9794933655006032,0.6670687575392038,0.9324487334137516,0.9831121833534379,0.9119420989143546,0.8922970877132518
400,0.1215,0.082,0.243,0.7925,0.1061,60324,177708,0.27141133896260555,0.41737032569360677,0.45536791314837155,0.045838359469240086,0.25814234016887816,0.22316043425814236,0.38600723763570566,0.29389970704807855
401,0.1532,0.1147,0.1223,0.7003,0.1304,47988,122852,0.49758745476477684,0.8673100120627262,0.9644149577804584,0.51145958986731,0.42581423401688784,0.5416164053075996,0.6731001206272618,0.6401861106324315
402,0.1648,0.1,0.2925,0.6306,0.1275,49569,161792,0.5965018094089264,0.7044632086851629,0.2834740651387213,0.7509047044632087,0.4101326899879373,0.47165259348612787,0.4535585042219542,0.5243839393417199
403,0.1862,0.0947,0.2043,0.6895,0.14,44850,130805,0.7539203860072377,0.6188178528347407,0.6320868516284681,0.5585042219541616,0.49095295536791317,0.6718938480096501,0.6176115802171291,0.6205410994313288
404,0.224,0.0998,0.1938,0.6838,0.1559,37820,115176,0.902291917973462,0.7032569360675512,0.6911942098914354,0.5850422195416164,0.6007237635705669,0.9083232810615199,0.7394451145958987,0.7328967775288645
405,0.1815,0.0772,0.3981,0.5634,0.137,51681,181809,0.7195416164053076,0.33775633293124246,0.08564535585042221,0.8926417370325693,0.4644149577804584,0.40048250904704463,0.376357056694813,0.4681199379631225
406,0.1483,0.0892,0.2709,0.6324,0.1281,47181,142100,0.4644149577804584,0.5253317249698432,0.3498190591073582,0.7436670687575392,0.41133896260554886,0.5790108564535585,0.5560916767189386,0.5185249009133207
407,0.2336,0.1164,0.1232,0.709,0.1819,33183,87696,0.9252110977080821,0.8781664656212304,0.9589867310012062,0.47044632086851623,0.7961399276236429,0.9734620024125452,0.9143546441495778,0.8452524556264001
408,0.3057,0.0959,0.1019,0.713,0.1959,28033,55747,0.985524728588661,0.6375150784077201,0.9903498190591074,0.44752714113389624,0.864897466827503,0.991556091676719,0.9951749095295537,0.8446493193175942
409,0.3595,0.193,0.0918,0.6729,0.184,24565,65534,0.9975874547647768,0.9963811821471653,0.9939686369119421,0.6188178528347407,0.8021712907117008,0.9951749095295537,0.9831121833534379,0.9124590728933308
410,0.1337,0.0807,0.243,0.7135,0.1216,54002,143674,0.364897466827503,0.3956574185765983,0.45536791314837155,0.4414957780458384,0.36670687575392036,0.33896260554885405,0.5440289505428226,0.4153024297777012
411,0.2079,0.1042,0.1342,0.7431,0.1619,37910,85328,0.8540410132689988,0.7515078407720145,0.9342581423401689,0.25693606755126663,0.6477683956574186,0.9071170084439083,0.9252110977080821,0.7538342236774083
412,0.2698,0.1002,0.0976,0.7391,0.1658,31842,77425,0.9698431845597105,0.7056694813027744,0.991556091676719,0.28829915560916763,0.6851628468033776,0.9782870928829915,0.9601930036188179,0.797001550921937
413,0.3517,0.1138,0.0943,0.7417,0.1698,22255,53404,0.9945717732207479,0.8600723763570567,0.9927623642943305,0.2641737032569361,0.7129071170084439,0.9963811821471653,0.9963811821471653,0.8310356712045494
414,0.314,0.1197,0.1034,0.76,0.1812,28176,58666,0.9891435464414958,0.8962605548854041,0.9891435464414958,0.14837153196622432,0.7919179734620024,0.9903498190591074,0.991556091676719,0.8281061519903499
415,0.2374,0.0897,0.1219,0.7355,0.1471,33676,67944,0.9324487334137516,0.5325693606755126,0.9662243667068757,0.3057901085645356,0.5470446320868516,0.9674306393244874,0.9806996381182147,0.7474582112700326
416,0.2863,0.0968,0.116,0.7044,0.1856,29724,73383,0.9782870928829915,0.6507840772014475,0.97708082026538,0.4879372738238842,0.8154402895054282,0.9879372738238842,0.9722557297949337,0.8385317938997071
417,0.2417,0.1025,0.1225,0.7451,0.1868,33425,60683,0.9445114595898673,0.7261761158021713,0.962605548854041,0.2406513872135102,0.827503015681544,0.971049457177322,0.9891435464414958,0.8088057901085646
418,0.2456,0.0927,0.1279,0.76,0.1541,30753,56760,0.9475271411338962,0.5826296743063932,0.9529553679131484,0.14837153196622432,0.5910735826296744,0.9806996381182147,0.9939686369119421,0.7424607961399277
420,0.1677,0.0905,0.184,0.7284,0.1372,41088,102037,0.6254523522316043,0.5446320868516284,0.7454764776839566,0.3528347406513872,0.46682750301568154,0.8142340168878166,0.8214716525934861,0.6244184042736515
421,0.1921,0.0931,0.1994,0.6515,0.149,41240,118740,0.7828709288299156,0.594692400482509,0.6580217129071171,0.6899879372738239,0.5579010856453559,0.8106151990349819,0.7092882991556091,0.6861967947613304
422,0.2007,0.1145,0.1293,0.6328,0.1473,38373,97254,0.8202653799758746,0.8636911942098915,0.9493365500603136,0.7370325693606755,0.548854041013269,0.8950542822677925,0.8588661037394452,0.8104428743753231
423,0.166,0.0739,0.1517,0.7425,0.1313,43009,95739,0.6043425814234017,0.27563329312424606,0.8926417370325693,0.2593486127864898,0.43425814234016885,0.7430639324487334,0.864897466827503,0.5820265379975874
424,0.1919,0.0898,0.1433,0.7178,0.1568,40758,87920,0.7810615199034981,0.5349819059107358,0.916767189384801,0.41616405307599513,0.6103739445114595,0.8226779252110977,0.9095295536791315,0.7130794416681027
425,0.2361,0.0889,0.1304,0.7226,0.1692,32665,99409,0.9300361881785284,0.5211097708082026,0.9439083232810616,0.3926417370325693,0.7080820265379976,0.97708082026538,0.8383594692400482,0.7587454764776841
426,0.2849,0.1438,0.0888,0.7318,0.1842,26950,72474,0.97708082026538,0.971049457177322,0.9963811821471653,0.32750301568154405,0.8033775633293124,0.9927623642943305,0.9758745476477684,0.8634327072204033
427,0.1919,0.0994,0.1487,0.7232,0.1562,38710,106061,0.7810615199034981,0.6978287092882992,0.9010856453558505,0.38962605548854046,0.6049457177322075,0.8854041013268998,0.7937273823884198,0.7219541616405308
430,0.0894,0.0619,0.3814,0.7298,0.0837,70560,193947,0.1097708082026538,0.12123039806996382,0.11338962605548852,0.3443908323281062,0.11761158021712907,0.11338962605548852,0.33534378769601925,0.17930380837497845
431,0.123,0.0809,0.2163,0.7246,0.1079,55642,147606,0.27683956574185764,0.3986731001206273,0.5657418576598312,0.37454764776839566,0.2738238841978287,0.3063932448733414,0.5283474065138721,0.3891952438393934
432,0.2291,0.0992,0.3251,0.4952,0.1579,44576,148796,0.9149577804583836,0.6942098914354644,0.1857659831121834,0.9445114595898673,0.6182147165259348,0.6875753920386007,0.5186972255729795,0.651990349819059
433,0.16,0.095,0.1323,0.7179,0.1308,44855,112786,0.5542822677925211,0.623642943305187,0.9396863691194209,0.4143546441495778,0.43063932448733416,0.6706875753920386,0.7515078407720145,0.6264001378597277
434,0.1502,0.0951,0.2046,0.7287,0.097,48662,134282,0.47406513872135103,0.6254523522316043,0.6308805790108565,0.3498190591073582,0.1942098914354644,0.517490952955368,0.5995174909529554,0.4844907806307082
435,0.1022,0.0911,0.2495,0.7683,0.0846,57159,143659,0.16284680337756333,0.5506634499396864,0.43305186972255727,0.11459589867310016,0.1218335343787696,0.2798552472858866,0.5452352231604343,0.31544028950542824
436,0.2408,0.1538,0.1914,0.5923,0.1391,38041,102358,0.9420989143546441,0.9837153196622437,0.7044632086851628,0.8335343787696019,0.4825090470446321,0.9010856453558505,0.8166465621230399,0.8091504394278821
437,0.1771,0.1058,0.1159,0.7241,0.1265,39659,98529,0.6899879372738239,0.7696019300361882,0.9782870928829915,0.37876960193003617,0.4028950542822678,0.8624849215922799,0.8468033775633294,0.7041185593658453
438,0.1626,0.0982,0.1141,0.7522,0.178,43367,105585,0.5765983112183354,0.6755126658624849,0.9806996381182147,0.18455971049457176,0.7696019300361882,0.7249698431845597,0.7961399276236429,0.6725831466482853
439,0.1705,0.0947,0.1304,0.7307,0.1164,39284,87254,0.6429433051869723,0.6188178528347407,0.9439083232810616,0.3371531966224367,0.33594692400482506,0.8745476477683957,0.9155609167671894,0.6669825952093744
440,0.1146,0.0865,0.2512,0.7579,0.1019,56776,165309,0.22798552472858866,0.49095295536791317,0.4155609167671894,0.1592279855247286,0.22798552472858866,0.2834740651387213,0.4414957780458384,0.32095467861450977
441,0.1823,0.1197,0.2853,0.6037,0.1199,46235,139731,0.7249698431845597,0.8962605548854041,0.30518697225572977,0.8166465621230399,0.3606755126658625,0.6115802171290712,0.5657418576598312,0.6115802171290712
442,0.1049,0.0793,0.2914,0.7506,0.0903,59761,166603,0.17430639324487335,0.3691194209891435,0.2870928829915561,0.19300361881785288,0.15259348612786489,0.232810615199035,0.4342581423401689,0.2633120799586421
443,0.215,0.1319,0.241,0.6095,0.1445,41340,120273,0.8817852834740652,0.9529553679131484,0.47044632086851623,0.7985524728588661,0.5211097708082026,0.8082026537997588,0.6936067551266587,0.732379803549888
444,0.1522,0.1007,0.1699,0.7482,0.1152,44758,110289,0.49095295536791317,0.7129071170084439,0.8009650180940893,0.22195416164053072,0.32750301568154405,0.6767189384800965,0.7677925211097708,0.5712562467689126
445,0.2015,0.119,0.2086,0.6673,0.1187,39325,93602,0.8238841978287093,0.8914354644149578,0.6067551266586249,0.6369119420989143,0.35102533172496986,0.8721351025331725,0.8709288299155609,0.7218679993107013
446,0.1239,0.0817,0.1733,0.7399,0.1509,47497,128395,0.28769601930036187,0.41073582629674305,0.7852834740651387,0.28468033775633295,0.5693606755126659,0.5693606755126659,0.6357056694813028,0.5061175254178873
447,0.1693,0.1081,0.2325,0.6645,0.124,44737,125112,0.6369119420989143,0.8009650180940893,0.51145958986731,0.646562123039807,0.38600723763570566,0.6779252110977081,0.6537997587454765,0.6162329829398586
448,0.1406,0.0951,0.1572,0.7306,0.122,45929,115947,0.4143546441495778,0.6254523522316043,0.8721351025331725,0.33956574185765986,0.36791314837153194,0.6272617611580218,0.729794933655006,0.5680682405652249
449,0.1629,0.1074,0.1575,0.6823,0.1033,41776,104957,0.5814234016887817,0.793124246079614,0.8697225572979493,0.5910735826296742,0.2388419782870929,0.7937273823884198,0.8009650180940893,0.6669825952093744
450,0.1105,0.0854,0.296,0.7398,0.095,62627,172179,0.2074788902291918,0.4674306393244873,0.2677925211097708,0.28588661037394447,0.17852834740651388,0.19179734620024125,0.4113389626055488,0.28717904532138544
451,0.1194,0.0956,0.2128,0.7557,0.1226,56094,150677,0.25934861278648974,0.6338962605548853,0.5850422195416164,0.17249698431845595,0.3751507840772014,0.29674306393244876,0.503015681544029,0.40367051525073233
452,0.1725,0.0915,0.3319,0.5962,0.1175,51117,160975,0.6562123039806996,0.5560916767189384,0.18033775633293125,0.827503015681544,0.3413751507840772,0.41978287092882993,0.4607961399276237,0.4917284163363777
453,0.1243,0.0856,0.2003,0.7204,0.1059,50784,130594,0.29071170084439085,0.47225572979493363,0.6519903498190591,0.3992762364294331,0.2569360675512666,0.4342581423401689,0.6200241254523522,0.44649319317594344
454,0.1714,0.1143,0.2744,0.6145,0.1202,47338,126096,0.6507840772014475,0.8612786489746683,0.3413751507840772,0.7889022919179735,0.36248492159227985,0.5717732207478889,0.6501809408926418,0.6038256074444253
455,0.2058,0.112,0.1715,0.6552,0.1181,43046,110289,0.8443908323281062,0.8407720144752714,0.7937273823884198,0.6791314837153197,0.3480096501809409,0.7406513872135103,0.7677925211097708,0.7163536102016198
456,0.2045,0.1242,0.1371,0.718,0.1399,38960,99144,0.838962605548854,0.9191797346200241,0.9288299155609168,0.4119420989143546,0.48914354644149577,0.8817852834740652,0.8407720144752714,0.7586593141478545
457,0.2309,0.1062,0.1913,0.6989,0.1152,38404,108608,0.9191797346200241,0.7768395657418576,0.706875753920386,0.519903498190591,0.32750301568154405,0.893848009650181,0.7768395657418576,0.7029984490780631
458,0.1306,0.0881,0.1804,0.7455,0.097,48799,116071,0.3401688781664656,0.5120627261761158,0.7635705669481303,0.23763570566948133,0.1942098914354644,0.5126658624849216,0.7285886610373944,0.4698431845597106
460,0.0868,0.069,0.3885,0.7731,0.1032,70297,177671,0.09408926417370325,0.2141133896260555,0.09891435464414955,0.0928829915560917,0.23642943305186973,0.11821471652593485,0.3872135102533173,0.1774082371187317
461,0.0891,0.073,0.232,0.7735,0.1113,59851,144985,0.10554885404101327,0.255729794933655,0.5156815440289506,0.09167671893848006,0.30156815440289503,0.23160434258142337,0.5404101326899879,0.2917456488023436
462,0.1913,0.1109,0.2822,0.5721,0.1687,45625,127693,0.7768395657418576,0.8317249698431846,0.3148371531966224,0.8745476477683957,0.7044632086851629,0.6441495778045838,0.6453558504221955,0.6845597104945718
463,0.1239,0.0936,0.2146,0.7567,0.1282,57166,155507,0.28769601930036187,0.6037394451145959,0.5741857659831122,0.16525934861278646,0.4131483715319662,0.278648974668275,0.4764776839565742,0.3998793727382388
464,0.2897,0.1676,0.1377,0.5839,0.1873,35094,90924,0.9794933655006032,0.9903498190591074,0.9276236429433051,0.8546441495778045,0.8293124246079614,0.9493365500603136,0.8902291917973462,0.9172841633637773
465,0.1395,0.1006,0.2052,0.7428,0.1803,49015,133124,0.4041013268998794,0.7110977080820265,0.6272617611580218,0.25814234016887816,0.7828709288299156,0.4957780458383595,0.6055488540410132,0.5549715664311563
466,0.2053,0.1316,0.2406,0.687,0.1561,41711,104763,0.841978287092883,0.9517490952955368,0.4728588661037394,0.5681544028950543,0.6031363088057901,0.7961399276236429,0.8033775633293124,0.719627778735137
467,0.1134,0.0974,0.1657,0.7984,0.152,49343,118941,0.22316043425814233,0.6586248492159228,0.8214716525934861,0.033775633293124274,0.5741857659831122,0.4800965018094089,0.7050663449939687,0.4994830260210236
468,0.1551,0.0979,0.2712,0.6805,0.1448,51052,118789,0.517490952955368,0.6712907117008444,0.3486127864897467,0.5971049457177322,0.5235223160434258,0.4258142340168878,0.7080820265379976,0.5417025676374289
469,0.1597,0.1087,0.1604,0.7316,0.1442,42708,91927,0.5494571773220748,0.8051869722557298,0.8498190591073582,0.3293124246079614,0.5199034981905911,0.758745476477684,0.8805790108564535,0.6704290884025504
470,0.1069,0.0841,0.1615,0.7723,0.114,53999,147618,0.18455971049457176,0.44752714113389624,0.8431845597104946,0.09891435464414955,0.31966224366706875,0.34016887816646557,0.5271411338962606,0.3944511459589867
471,0.1309,0.0935,0.1736,0.749,0.1314,49764,128162,0.3413751507840772,0.6013268998793727,0.7840772014475271,0.21230398069963807,0.43546441495778043,0.46320868516284686,0.6381182147165259,0.49655350680682403
472,0.1276,0.0921,0.183,0.728,0.1382,49358,119804,0.3118214716525935,0.5675512665862484,0.7484921592279855,0.3570566948130277,0.4758745476477684,0.47889022919179736,0.6972255729794934,0.5195588488712735
473,0.1901,0.1233,0.1653,0.6967,0.154,39598,90275,0.7696019300361882,0.9143546441495778,0.8244873341375151,0.5319662243667069,0.5898673100120627,0.8661037394451145,0.8950542822677925,0.7702050663449939
474,0.204,0.0837,0.273,0.654,0.1392,40416,125342,0.8371531966224367,0.436670687575392,0.3449939686369119,0.6815440289505428,0.4837153196622437,0.8383594692400482,0.6525934861278648,0.6107185938307771
475,0.1182,0.0596,0.1442,0.768,0.1315,47404,105546,0.24668275030156817,0.10072376357056695,0.9119420989143546,0.11700844390832332,0.436670687575392,0.5705669481302774,0.7973462002412546,0.45442012752024813
476,0.1087,0.0684,0.2097,0.8137,0.104,57305,123027,0.19963811821471653,0.2020506634499397,0.6007237635705669,0.014475271411338975,0.24607961399276237,0.27382388419782866,0.6718938480096501,0.31552645183525757
477,0.1536,0.0645,0.2192,0.6452,0.1253,45399,116342,0.5042219541616405,0.14535585042219543,0.5597104945717732,0.7044632086851628,0.39384800965018096,0.6550060313630881,0.7261761158021713,0.5269688092366017
478,0.175,0.085,0.1773,0.7099,0.1539,43531,90129,0.6737032569360676,0.4589867310012063,0.7708082026537998,0.46562123039807,0.5874547647768396,0.7177322074788902,0.8974668275030157,0.6531104601068413
479,0.1737,0.0828,0.2569,0.6345,0.1258,45493,118637,0.6646562123039808,0.428226779252111,0.39384800965018096,0.7273823884197829,0.3956574185765983,0.6477683956574185,0.7104945717732207,0.5668619679476132
480,0.1179,0.1228,0.2747,0.7436,0.1098,57426,147709,0.2436670687575392,0.9107358262967431,0.34016887816646557,0.25452352231604347,0.29071170084439085,0.2714113389626055,0.525934861278649,0.405307599517491
481,0.13,0.1112,0.3097,0.722,0.1016,58676,156678,0.3353437876960193,0.8347406513872135,0.22557297949336552,0.3944511459589868,0.2255729794933655,0.25090470446320867,0.4728588661037394,0.3913493020851284
482,0.3375,0.2417,0.1667,0.5671,0.1784,33699,80059,0.991556091676719,1.0,0.8172496984318456,0.8860072376357057,0.773220747889023,0.9662243667068757,0.9493365500603136,0.9119420989143546
483,0.0994,0.1028,0.3931,0.7485,0.0978,69817,199307,0.15440289505428226,0.729794933655006,0.0928829915560917,0.2165259348612787,0.20386007237635706,0.12062726176115801,0.3208685162846804,0.2627089436498363
484,0.1191,0.1286,0.2054,0.8099,0.0974,53787,131406,0.25211097708082025,0.9408926417370326,0.6254523522316043,0.0156815440289505,0.19903498190591074,0.35102533172496986,0.6164053075995175,0.428657590901258
485,0.3048,0.211,0.1255,0.6106,0.1202,32891,64996,0.9843184559710495,0.9975874547647768,0.9553679131483716,0.7961399276236429,0.36248492159227985,0.9746682750301568,0.9843184559710495,0.8649836291573324
486,0.1785,0.1251,0.1912,0.7714,0.1135,43464,106969,0.6984318455971049,0.9215922798552473,0.709891435464415,0.10434258142340169,0.3166465621230398,0.7189384800965017,0.7913148371531966,0.608736860244701
487,0.1587,0.1268,0.1609,0.8059,0.1143,42408,101594,0.5392038600723763,0.9312424607961399,0.8443908323281062,0.021712907117008462,0.3208685162846803,0.7683956574185766,0.8238841978287093,0.6070997759779424
488,0.1616,0.0994,0.2598,0.735,0.0999,51454,140186,0.5681544028950543,0.6978287092882992,0.387816646562123,0.3100120627261761,0.218335343787696,0.40530759951749096,0.5621230398069964,0.4499396863691194
489,0.2243,0.1254,0.2731,0.5743,0.1179,42156,104546,0.9034981905910736,0.9246079613992763,0.34378769601930037,0.8685162846803378,0.34620024125452353,0.7756332931242461,0.804583835946924,0.7095467861450974
490,0.175,0.1203,0.2294,0.7201,0.1222,45805,126252,0.6737032569360676,0.9010856453558505,0.5307599517490953,0.40048250904704463,0.3691194209891435,0.6344993968636912,0.6477683956574185,0.5939169395140445
491,0.1391,0.102,0.2363,0.7875,0.1268,47938,142513,0.4010856453558504,0.7237635705669482,0.4921592279855247,0.059107358262967424,0.4077201447527141,0.5476477683956574,0.5500603136308806,0.4545062898500775
492,0.16,0.1236,0.1803,0.7691,0.1178,47634,121962,0.5542822677925211,0.9155609167671894,0.7647768395657418,0.1127864897466827,0.34378769601930037,0.5597104945717732,0.6803377563329313,0.56160606582802
493,0.1156,0.0989,0.2541,0.8425,0.097,59287,153840,0.23522316043425814,0.6881785283474066,0.40108564535585045,0.0012062726176115257,0.1942098914354644,0.2400482509047045,0.48854041013269,0.32121316560399793
494,0.145,0.1097,0.2392,0.7779,0.099,49329,136656,0.4408926417370326,0.8178528347406514,0.4813027744270205,0.08082026537997589,0.20928829915560918,0.4813027744270205,0.5826296743063932,0.44201275202481477
495,0.1938,0.1097,0.297,0.6328,0.1235,46442,132609,0.7889022919179735,0.8178528347406514,0.26477683956574183,0.7370325693606755,0.38118214716525933,0.6031363088057902,0.6079613992762365,0.6001206272617612
496,0.1452,0.117,0.2287,0.8008,0.1305,45939,146449,0.4427020506634499,0.8817852834740652,0.53437876960193,0.02895054282267795,0.4270205066344994,0.6260554885404102,0.5367913148371533,0.4968119937963122
497,0.151,0.1298,0.1964,0.796,0.1298,42715,124142,0.48492159227985526,0.9445114595898673,0.6700844390832328,0.0349819059107358,0.4234016887816647,0.7575392038600723,0.6622436670687575,0.5682405652248838
498,0.1481,0.0979,0.2063,0.7724,0.1155,42726,108235,0.46260554885404104,0.6712907117008444,0.6176115802171291,0.0971049457177322,0.33293124246079614,0.7551266586248492,0.781664656212304,0.5311907633982422
499,0.1969,0.0952,0.2108,0.7649,0.1242,35296,85437,0.8082026537997588,0.6284680337756333,0.5971049457177322,0.13027744270205066,0.38721351025331724,0.9433051869722557,0.9240048250904704,0.631225228330174
502,0.085,0.0439,0.3192,0.7298,0.0714,62262,150499,0.08805790108564536,0.024125452352231604,0.19300361881785288,0.3443908323281062,0.04945717732207479,0.1942098914354644,0.505428226779252,0.19981044287437535
527,0.1058,0.0556,0.2502,0.7667,0.0777,57665,138282,0.17973462002412546,0.06996381182147166,0.4234016887816646,0.12123039806996383,0.08805790108564536,0.2665862484921593,0.5705669481302774,0.24564880234361539
528,0.1709,0.0692,0.2597,0.6369,0.1284,46316,129661,0.6453558504221955,0.22014475271411338,0.38962605548854046,0.7237635705669481,0.4149577804583836,0.609167671893848,0.6260554885404102,0.5184387385834912
530,0.0601,0.0607,0.3157,0.7714,0.0565,68231,225927,0.028347406513872134,0.11218335343787696,0.20446320868516288,0.10434258142340169,0.024125452352231604,0.1314837153196623,0.25331724969843183,0.12260899534723421
531,0.0894,0.0754,0.2851,0.7094,0.0798,63776,217066,0.1097708082026538,0.2997587454764777,0.30759951749095293,0.46803377563329307,0.09529553679131483,0.1749095295536791,0.27744270205066346,0.24754437359986214
532,0.2296,0.1128,0.2741,0.4972,0.1303,43445,162583,0.916767189384801,0.8528347406513872,0.34258142340168873,0.9433051869722557,0.42460796139927626,0.7201447527141134,0.4487334137515079,0.6641392383250043
534,0.158,0.1054,0.2364,0.6543,0.1164,49181,154522,0.5319662243667069,0.767189384800965,0.49095295536791317,0.6803377563329313,0.33594692400482506,0.48733413751507837,0.4813027744270205,0.5392900224022057
535,0.0891,0.064,0.2795,0.737,0.0732,61085,189029,0.10554885404101327,0.13932448733413752,0.3184559710494572,0.2979493365500603,0.061519903498190594,0.20868516284680338,0.35102533172496986,0.21178700672066175
537,0.1786,0.0627,0.5134,0.5046,0.085,53866,224633,0.7002412545235223,0.12907117008443908,0.027744270205066313,0.9396863691194209,0.12424607961399277,0.3498190591073582,0.25814234016887816,0.3612786489746682
538,0.1493,0.0443,0.1884,0.7334,0.0926,46165,124101,0.4704463208685163,0.025331724969843185,0.7303980699638118,0.3184559710494572,0.16043425814234016,0.6151990349819059,0.6658624849215923,0.42658969498535243
539,0.1073,0.0737,0.1588,0.7439,0.0935,50509,149203,0.1881785283474065,0.27020506634499397,0.8576598311218335,0.25090470446320867,0.16827503015681544,0.44390832328106156,0.5150784077201447,0.38488712734792346
540,0.0895,0.0664,0.2936,0.7724,0.0818,65287,203506,0.11278648974668275,0.17490952955367914,0.2750301568154403,0.0971049457177322,0.1037394451145959,0.15802171290711697,0.31121833534378773,0.17611580217129072
541,0.0933,0.0667,0.1976,0.768,0.0774,53909,148016,0.12605548854041013,0.18395657418576597,0.6658624849215923,0.11700844390832332,0.08323281061519903,0.3449939686369119,0.5235223160434258,0.2920902981216612
542,0.097,0.0703,0.2003,0.7623,0.0715,50916,149454,0.14595898673100122,0.2249698431845597,0.6519903498190591,0.13268998793727382,0.05126658624849216,0.42822677925211095,0.5126658624849216,0.3068240565224884
543,0.127,0.0748,0.2429,0.6468,0.104,51580,151637,0.3100120627261761,0.28890229191797345,0.4571773220747889,0.6996381182147166,0.24607961399276237,0.40168878166465616,0.49336550060313633,0.4138376701706014
544,0.1154,0.0728,0.1974,0.7445,0.093,49576,132199,0.23401688781664656,0.25211097708082025,0.6670687575392038,0.24487334137515082,0.16344993968636912,0.47044632086851623,0.6127864897466828,0.37782181630191275
545,0.1375,0.0778,0.1948,0.7889,0.0944,41877,157583,0.390832328106152,0.34499396863691195,0.6827503015681544,0.053075995174909574,0.17490952955367914,0.790108564535585,0.4692400482509047,0.4151301051180424
546,0.14,0.0597,0.2247,0.7057,0.1014,48915,142593,0.40952955367913146,0.10253317249698432,0.5464414957780459,0.4813027744270205,0.2243667068757539,0.5078407720144753,0.548854041013269,0.40298121661209724
547,0.1412,0.0645,0.2328,0.6981,0.0977,48172,147079,0.41857659831121835,0.14535585042219543,0.5102533172496984,0.5235223160434258,0.20265379975874548,0.5379975874547648,0.5331724969843185,0.41021885231776667
548,0.1481,0.0849,0.201,0.7422,0.1078,42867,141390,0.46260554885404104,0.4559710494571773,0.6459589867310012,0.2605548854041013,0.27261761158021713,0.7503015681544029,0.5585042219541616,0.48664483887644316
549,0.1024,0.066,0.2403,0.713,0.08,53442,148198,0.1640530759951749,0.16706875753920386,0.47406513872135103,0.44752714113389624,0.0971049457177322,0.36308805790108567,0.5223160434258143,0.3193175943477512
550,0.072,0.0684,0.2841,0.8228,0.073,70384,222027,0.05066344993968637,0.2020506634499397,0.31121833534378773,0.006031363088057851,0.05910735826296743,0.11580217129071169,0.2641737032569361,0.14414957780458384
551,0.1311,0.077,0.4148,0.6568,0.0897,62647,227577,0.3425814234016888,0.3311218335343788,0.07599517490952956,0.6755126658624849,0.14837153196622438,0.19059107358262972,0.24607961399276235,0.2871790453213855
553,0.0603,0.0625,0.3614,0.8009,0.0716,78430,249335,0.030156815440289506,0.1278648974668275,0.13751507840772015,0.027744270205066313,0.05367913148371532,0.06755126658624844,0.20868516284680338,0.09331380320523865
554,0.1416,0.0816,0.4123,0.6252,0.1051,60516,231747,0.4209891435464415,0.4089264173703257,0.07840772014475272,0.7659831121833535,0.25211097708082025,0.21833534378769603,0.23884197828709286,0.34051352748578323
556,0.1206,0.0596,0.2423,0.7815,0.0936,48315,170707,0.27020506634499397,0.10072376357056695,0.4607961399276237,0.07478890229191792,0.1706875753920386,0.5295536791314837,0.4185765983112183,0.28933310356712044
557,0.1298,0.0899,0.2001,0.7893,0.0906,46546,138645,0.3335343787696019,0.537394451145959,0.6537997587454765,0.05186972255729794,0.15560916767189384,0.5983112183353438,0.5693606755126659,0.4142684818197484
558,0.1775,0.0847,0.3172,0.6593,0.0768,49379,168845,0.6948130277442702,0.45355850422195415,0.2014475271411339,0.6628468033775634,0.07961399276236429,0.4776839565741857,0.4227985524728589,0.4275374806134758
559,0.1078,0.0524,0.2975,0.7616,0.0793,58285,161907,0.19059107358262967,0.05307599517490953,0.2629674306393245,0.1363088057901085,0.09288299155609167,0.25452352231604347,0.45235223160434257,0.20610029295192142
560,0.1219,0.0575,0.2312,0.7556,0.0731,51437,145426,0.27261761158021713,0.08202653799758745,0.5205066344993969,0.1743063932448733,0.06031363088057901,0.4065138721351025,0.5392038600723763,0.29364122005859034
561,0.1249,0.046,0.1631,0.7824,0.0967,47067,92905,0.2937273823884198,0.031363088057901084,0.8371531966224367,0.07237635705669476,0.19119420989143546,0.5826296743063932,0.8757539203860072,0.412028261244184
562,0.1198,0.0532,0.1996,0.741,0.0848,48989,123120,0.26417370325693607,0.0609167671893848,0.6562123039806996,0.27261761158021713,0.12303980699638119,0.4993968636911942,0.6706875753920386,0.3638635188695502
563,0.1319,0.0727,0.2144,0.7383,0.0857,50961,167781,0.34921592279855246,0.2503015681544029,0.5759951749095296,0.2955367913148371,0.1278648974668275,0.4270205066344994,0.4294330518697226,0.35076684473548164
564,0.1432,0.0813,0.1943,0.7861,0.107,44644,174681,0.4294330518697226,0.4010856453558504,0.6863691194209891,0.06513872135102539,0.26658624849215923,0.683956574185766,0.39686369119420994,0.41849043598138896
565,0.1252,0.058,0.2386,0.7582,0.0898,49179,150600,0.29674306393244876,0.08443908323281062,0.4837153196622437,0.1556091676718938,0.14957780458383596,0.4891435464414958,0.5042219541616405,0.3090642770980528
566,0.1798,0.0975,0.216,0.7581,0.1382,43183,137924,0.7074788902291917,0.6616405307599518,0.5687575392038601,0.15741857659831127,0.4758745476477684,0.7346200241254524,0.5753920386007237,0.5544545924521799
567,0.1058,0.0519,0.1902,0.7592,0.0746,50605,105222,0.17973462002412546,0.05186972255729795,0.718335343787696,0.15319662243667065,0.06875753920386007,0.4378769601930036,0.7997587454764776,0.3442185076684473
570,0.1094,0.0369,0.2934,0.7247,0.0756,54021,133734,0.20446320868516285,0.013872135102533172,0.2762364294330518,0.3727382388419783,0.07237635705669482,0.3377563329312424,0.6043425814234017,0.2688264690677236
571,0.108,0.0423,0.3179,0.6269,0.1032,54922,159589,0.1942098914354644,0.022919179734620022,0.20024125452352226,0.7605548854041013,0.23642943305186973,0.3208685162846804,0.46320868516284686,0.3140616922281578
572,0.1367,0.0478,0.1953,0.7416,0.1153,46606,107138,0.3854041013268999,0.03498190591073583,0.6785283474065138,0.26537997587454765,0.330518697225573,0.594692400482509,0.7876960193003619,0.4396002067895916
573,0.1387,0.0375,0.206,0.7011,0.1197,45184,88416,0.3968636911942099,0.016887816646562123,0.6200241254523522,0.505428226779252,0.3594692400482509,0.6634499396863691,0.902291917973462,0.4949164225400655
574,0.1121,0.0243,0.2298,0.7344,0.0738,47778,107493,0.21531966224366708,0.0036188178528347406,0.5283474065138721,0.3136308805790109,0.06513872135102533,0.5560916767189386,0.7840772014475271,0.3523177666724108
575,0.214,0.0834,0.2413,0.6774,0.1696,47177,98494,0.8775633293124246,0.43486127864897467,0.4692400482509047,0.6067551266586249,0.7110977080820265,0.5802171290711701,0.8480096501809409,0.6468206100292951
576,0.2569,0.1278,0.1834,0.6405,0.2263,38414,62909,0.9589867310012062,0.9348612786489746,0.7466827503015682,0.715319662243667,0.9517490952955368,0.8926417370325693,0.9867310012062727,0.8838531793899708
577,0.161,0.0654,0.2559,0.6666,0.1583,47838,152986,0.5621230398069964,0.1574185765983112,0.39806996381182147,0.6405307599517491,0.6224366706875754,0.5524728588661038,0.48974668275030153,0.488971221781837
590,0.1394,0.073,0.2265,0.7493,0.1902,46850,165400,0.4028950542822678,0.255729794933655,0.5404101326899879,0.2056694813027744,0.841978287092883,0.5898673100120627,0.43908323281061523,0.46794761330346374
591,0.1256,0.0506,0.301,0.6786,0.1565,51056,186269,0.30096501809408926,0.04463208685162847,0.255729794933655,0.6043425814234017,0.6079613992762364,0.42460796139927626,0.35826296743063935,0.3709288299155609
592,0.1581,0.0366,0.1719,0.6874,0.1758,48187,100061,0.5337756332931243,0.012062726176115802,0.790108564535585,0.5645355850422196,0.7551266586248492,0.5367913148371533,0.8335343787696019,0.5751335516112356
593,0.1321,0.0374,0.1907,0.7088,0.1376,46655,108325,0.35102533172496986,0.015681544028950542,0.7147165259348613,0.47165259348612787,0.47165259348612787,0.5934861278648975,0.7804583835946924,0.48552472858866114
594,0.1612,0.0666,0.2272,0.6741,0.1809,43648,138179,0.5639324487334137,0.18033775633293125,0.5392038600723763,0.6139927623642943,0.7882991556091676,0.715319662243667,0.5729794933655006,0.5677235912459072
595,0.2087,0.0541,0.1918,0.6689,0.2429,41477,99878,0.8588661037394452,0.06393244873341375,0.6996381182147166,0.6284680337756333,0.971049457177322,0.8033775633293124,0.8359469240048251,0.6944683784249527
596,0.0949,0.0585,0.3563,0.7441,0.1087,56405,203325,0.1338962605548854,0.09047044632086852,0.14957780458383596,0.24969843184559715,0.2804583835946924,0.28950542822677927,0.31242460796139926,0.21514733758400828
597,0.1459,0.0646,0.3504,0.6447,0.1484,46887,218212,0.4487334137515078,0.14837153196622438,0.15621230398069963,0.7062726176115802,0.5536791314837153,0.5886610373944512,0.27020506634499397,0.41030501464759606
598,0.1768,0.0909,0.3165,0.6523,0.1944,42201,225023,0.6875753920386007,0.548854041013269,0.20265379975874542,0.6863691194209891,0.856453558504222,0.773220747889023,0.25693606755126663,0.5731518180251595
599,0.1398,0.0925,0.2717,0.7303,0.2132,43797,226976,0.4059107358262967,0.5759951749095296,0.34740651387213506,0.3413751507840772,0.9143546441495778,0.7092882991556091,0.24969843184559715,0.5062898500775461
600,0.0783,0.0831,0.432,0.7729,0.11,81423,332588,0.06875753920386007,0.43184559710494574,0.06393244873341375,0.09469240048250904,0.29191797346200243,0.0579010856453559,0.12424607961399281,0.16189901774943996
601,0.0883,0.0925,0.3504,0.7516,0.1181,72488,257302,0.10132689987937274,0.5759951749095296,0.15621230398069963,0.18938480096501809,0.3480096501809409,0.09891435464414955,0.19903498190591074,0.23841116663794587
602,0.1235,0.0769,0.6618,0.5848,0.0817,70583,389213,0.28347406513872137,0.32750301568154405,0.010856453558504175,0.8510253317249699,0.10253317249698432,0.112183353437877,0.10615199034981904,0.2562467689126314
603,0.0761,0.0712,0.6846,0.668,0.0641,82768,419850,0.061519903498190594,0.23401688781664656,0.00965018094089265,0.6320868516284681,0.033775633293124246,0.05186972255729794,0.09047044632086854,0.1590556608650698
604,0.1127,0.1172,0.2513,0.7743,0.1238,63749,208332,0.218335343787696,0.8841978287092883,0.41314837153196626,0.09047044632086854,0.3841978287092883,0.17611580217129075,0.3015681544028951,0.35257625366189904
605,0.0713,0.0813,0.4325,0.7729,0.0963,82494,300827,0.04825090470446321,0.4010856453558504,0.06272617611580222,0.09469240048250904,0.18697225572979492,0.053075995174909574,0.14234016887816647,0.1413062209202137
606,0.2209,0.1283,0.3363,0.461,0.1962,50576,269897,0.893848009650181,0.9396863691194209,0.1785283474065139,0.9589867310012062,0.8685162846803377,0.44028950542822676,0.17732207478890227,0.6367396174392556
607,0.0873,0.0902,0.2776,0.7401,0.1527,55437,285684,0.0971049457177322,0.5404101326899879,0.32448733413751507,0.28045838359469244,0.5778045838359469,0.30880579010856457,0.1628468033775633,0.3274168533517146
608,0.1812,0.1475,0.1316,0.5737,0.223,47909,172229,0.7177322074788902,0.9764776839565742,0.9408926417370326,0.8697225572979493,0.9433051869722557,0.5512665862484922,0.4101326899879373,0.772789936239876
609,0.1499,0.1063,0.1607,0.7143,0.1129,50092,130569,0.47285886610373945,0.7792521109770808,0.8474065138721352,0.43908323281061523,0.3088057901085645,0.45476477683956573,0.6212303980699638,0.5604859555402377
610,0.1049,0.0956,0.1942,0.7713,0.0982,54989,133768,0.17430639324487335,0.6338962605548853,0.6881785283474064,0.10615199034981904,0.20506634499396864,0.3184559710494572,0.6031363088057902,0.38988454247802856
611,0.1968,0.131,0.2014,0.6411,0.1428,44722,115368,0.8069963811821471,0.9493365500603136,0.6417370325693607,0.7117008443908324,0.5066344993968637,0.6791314837153197,0.735826296743064,0.7187661554368432
612,0.1091,0.069,0.2054,0.7406,0.0975,50722,118494,0.2014475271411339,0.2141133896260555,0.6254523522316043,0.2750301568154403,0.2014475271411339,0.43667068757539207,0.7117008443908324,0.3808374978459418
613,0.1191,0.0989,0.1581,0.7564,0.1105,49985,118260,0.25211097708082025,0.6881785283474066,0.8636911942098915,0.16887816646562126,0.29493365500603136,0.45597104945717737,0.7165259348612787,0.4914699293468896
614,0.1592,0.0876,0.1927,0.6971,0.1068,41089,81453,0.5434258142340169,0.503015681544029,0.695416164053076,0.5283474065138721,0.26537997587454765,0.8130277442702051,0.9408926417370326,0.6127864897466828
615,0.0887,0.0628,0.2472,0.7878,0.0739,59652,135717,0.1037394451145959,0.13027744270205066,0.4451145958986731,0.056091676718938444,0.06634499396863691,0.2364294330518697,0.5898673100120627,0.23255212820954677
616,0.187,0.0894,0.2652,0.6453,0.1189,48778,122393,0.7611580217129071,0.5283474065138721,0.367913148371532,0.7032569360675512,0.35223160434258144,0.5138721351025332,0.6767189384800965,0.5576425986558676
617,0.1255,0.0648,0.3428,0.7035,0.0749,60181,147473,0.2985524728588661,0.14957780458383596,0.1664656212303981,0.49336550060313633,0.07117008443908324,0.22798552472858868,0.5295536791314837,0.27666724108219887
618,0.2024,0.0792,0.3319,0.6026,0.1034,47002,127786,0.8323281061519904,0.36670687575392036,0.18033775633293125,0.8226779252110977,0.24004825090470447,0.5850422195416164,0.6441495778045838,0.5244701016715492
619,0.1665,0.0903,0.1915,0.7023,0.1274,42630,89328,0.6115802171290712,0.5422195416164053,0.7026537997587454,0.5018094089264173,0.4089264173703257,0.7623642943305187,0.9010856453558505,0.632948474926762
620,0.1415,0.0855,0.1992,0.7536,0.0993,50846,115725,0.41978287092882993,0.46984318455971047,0.6598311218335344,0.18094089264173707,0.2135102533172497,0.43184559710494574,0.7322074788902292,0.44399448561089094
622,0.1374,0.083,0.2334,0.7149,0.0998,55017,135544,0.3896260554885404,0.4294330518697226,0.5072376357056695,0.4312424607961399,0.21712907117008443,0.3172496984318456,0.5922798552472859,0.412028261244184
623,0.1382,0.0686,0.189,0.756,0.0952,45429,97174,0.39384800965018096,0.20506634499396864,0.7261761158021713,0.17129071170084442,0.17973462002412546,0.6513872135102533,0.8612786489746682,0.4555402378080303
624,0.126,0.0788,0.1597,0.7884,0.1032,46437,88190,0.30518697225572977,0.3588661037394451,0.853437876960193,0.0542822677925211,0.23642943305186973,0.6043425814234017,0.9047044632086851,0.4738928140616923
625,0.1477,0.0866,0.201,0.7279,0.1088,48928,98011,0.46079613992762364,0.4939686369119421,0.6459589867310012,0.35826296743063935,0.28287092882991555,0.505428226779252,0.850422195416164,0.5139582974323625
626,0.1196,0.067,0.2119,0.7504,0.0884,53219,104404,0.2623642943305187,0.1881785283474065,0.5898673100120627,0.1942098914354644,0.13751507840772015,0.367913148371532,0.8069963811821472,0.36386351886955026
627,0.1637,0.0831,0.3157,0.6715,0.1097,52320,124489,0.5898673100120627,0.43184559710494574,0.20446320868516288,0.6212303980699638,0.28890229191797345,0.3884197828709288,0.6574185765983112,0.454592452179907
628,0.1582,0.0952,0.1384,0.7653,0.1192,40922,73722,0.5355850422195416,0.6284680337756333,0.9252110977080821,0.12907117008443914,0.35524728588661036,0.8190591073582629,0.9698431845597105,0.6232121316560401
629,0.2085,0.0958,0.2157,0.6867,0.1193,37636,87925,0.856453558504222,0.6357056694813028,0.5705669481302774,0.5693606755126659,0.35705669481302776,0.9131483715319663,0.9083232810615199,0.6872307427192831
630,0.0895,0.0801,0.3038,0.7852,0.0953,64416,186591,0.11278648974668275,0.38178528347406515,0.24728588661037398,0.06634499396863691,0.18094089264173704,0.1664656212303981,0.3570566948130277,0.2160951232121317
631,0.1774,0.1087,0.3524,0.6015,0.1286,50604,184900,0.6930036188178529,0.8051869722557298,0.15440289505428229,0.8238841978287093,0.41737032569360677,0.43908323281061523,0.36670687575392036,0.5285197311735309
633,0.0763,0.0759,0.2937,0.8016,0.0843,66382,182453,0.06272617611580217,0.3057901085645356,0.27382388419782866,0.026537997587454787,0.12062726176115803,0.14234016887816647,0.3751507840772015,0.18671376874030673
634,0.1517,0.0622,0.1533,0.7322,0.1349,42704,91490,0.4873341375150784,0.12665862484921592,0.8860072376357057,0.32328106151990355,0.4529553679131484,0.7599517490952955,0.8854041013268998,0.5602274685507496
635,0.2019,0.064,0.1871,0.6965,0.1623,35354,86226,0.8281061519903499,0.13932448733413752,0.735826296743064,0.5337756332931243,0.6562123039806996,0.9396863691194209,0.9191797346200241,0.6788729967258315
636,0.1908,0.1053,0.1205,0.7375,0.139,38033,97339,0.7744270205066345,0.7659831121833535,0.9698431845597105,0.29674306393244876,0.4813027744270205,0.902291917973462,0.8576598311218335,0.7211787006720662
637,0.1605,0.067,0.2115,0.7141,0.1227,44233,124105,0.5572979493365501,0.1881785283474065,0.5922798552472859,0.44028950542822676,0.3769601930036188,0.6960193003618818,0.6646562123039808,0.5022402205755644
638,0.2206,0.0926,0.1226,0.625,0.1635,34155,78289,0.8926417370325693,0.5790108564535585,0.9613992762364294,0.767189384800965,0.6598311218335344,0.9601930036188179,0.9589867310012062,0.8256074444252973
639,0.2279,0.0989,0.1189,0.6992,0.1609,32687,82163,0.9131483715319663,0.6881785283474066,0.9722557297949337,0.517490952955368,0.6423401688781665,0.9758745476477684,0.9372738238841978,0.8066517318628296
640,0.1032,0.0731,0.2569,0.7273,0.1135,60161,148722,0.16767189384800965,0.25814234016887816,0.39384800965018096,0.3612786489746683,0.3166465621230398,0.2291917973462002,0.5211097708082026,0.32112700327416854
641,0.1735,0.094,0.3066,0.5861,0.1597,49506,142607,0.6634499396863691,0.6079613992762364,0.232810615199035,0.8480096501809409,0.6326899879372738,0.47406513872135103,0.5476477683956574,0.5723763570566949
644,0.1398,0.0665,0.1648,0.7036,0.1185,46039,107915,0.4059107358262967,0.1779252110977081,0.8317249698431846,0.4921592279855247,0.3498190591073583,0.6188178528347407,0.7828709288299156,0.5227468550749612
645,0.1688,0.0817,0.2094,0.6528,0.1431,44413,111501,0.6344993968636912,0.41073582629674305,0.6031363088057902,0.6851628468033776,0.5090470446320868,0.6924004825090471,0.758745476477684,0.6133896260554886
646,0.1491,0.0657,0.1571,0.7463,0.1414,41078,85004,0.4692400482509047,0.16103739445114595,0.8733413751507841,0.2322074788902292,0.4969843184559711,0.8154402895054282,0.9264173703256936,0.5678097535757367
647,0.1725,0.0724,0.1411,0.7436,0.1498,41933,102470,0.6562123039806996,0.24849215922798554,0.9203860072376358,0.25452352231604347,0.5645355850422196,0.7889022919179735,0.8142340168878166,0.6067551266586249
648,0.1826,0.0824,0.1802,0.6818,0.1813,40081,99117,0.7273823884197829,0.42400482509047044,0.7659831121833535,0.594692400482509,0.7943305186972256,0.8492159227985525,0.8431845597104946,0.7141133896260555
650,0.1436,0.0769,0.1895,0.7921,0.1388,46012,141348,0.4324487334137515,0.32750301568154405,0.721351025331725,0.04704463208685161,0.4794933655006031,0.6212303980699638,0.5597104945717732,0.4555402378080303
651,0.1194,0.0507,0.3204,0.6506,0.0966,53105,142364,0.25934861278648974,0.045838359469240045,0.19179734620024125,0.6924004825090471,0.1887816646562123,0.3721351025331725,0.5536791314837153,0.3291400999483026
652,0.184,0.068,0.3409,0.6326,0.1082,45951,134316,0.7418576598311218,0.195416164053076,0.16887816646562126,0.7406513872135103,0.2762364294330519,0.6248492159227985,0.5983112183353438,0.4780286058935034
653,0.1741,0.0738,0.1425,0.7214,0.1475,38518,97532,0.6682750301568154,0.2732207478890229,0.9191797346200241,0.3956574185765983,0.5500603136308806,0.8914354644149578,0.8552472858866104,0.65043942788213
654,0.188,0.0852,0.2018,0.6516,0.1359,39662,106971,0.7623642943305187,0.46562123039806996,0.6405307599517491,0.6887816646562124,0.46079613992762364,0.8612786489746682,0.790108564535585,0.6670687575392039
655,0.1669,0.1037,0.1475,0.7052,0.1572,41343,102142,0.6164053075995175,0.7454764776839565,0.9071170084439083,0.4837153196622437,0.6127864897466827,0.8069963811821472,0.8190591073582629,0.7130794416681027
656,0.1761,0.0976,0.162,0.7387,0.1694,39675,117448,0.6821471652593486,0.6640530759951749,0.841978287092883,0.29312424607961396,0.7092882991556092,0.8600723763570567,0.721351025331725,0.6817163536102017
657,0.1671,0.0886,0.185,0.742,0.1645,42821,120883,0.6200241254523522,0.5168878166465621,0.7418576598311218,0.26236429433051867,0.6652593486127865,0.752714113389626,0.6863691194209891,0.6064966396691366
658,0.1965,0.084,0.292,0.5625,0.1581,40784,131715,0.804583835946924,0.4451145958986731,0.28468033775633295,0.893848009650181,0.6200241254523522,0.8214716525934861,0.6151990349819059,0.6407030846114079
660,0.1113,0.0658,0.3593,0.6884,0.1076,61334,168834,0.21049457177322076,0.16284680337756333,0.14113389626055484,0.5621230398069964,0.27141133896260555,0.20265379975874542,0.42460796139927626,0.2821816301912804
661,0.2403,0.134,0.1489,0.6086,0.2411,40722,99053,0.9408926417370326,0.9541616405307599,0.8998793727382388,0.7997587454764776,0.9698431845597105,0.8250904704463209,0.8443908323281062,0.8905738411166636
662,0.0627,0.0518,0.5518,0.6919,0.0816,79004,239567,0.03739445114595899,0.05066344993968637,0.020506634499396825,0.548854041013269,0.10072376357056695,0.06513872135102539,0.22436670687575389,0.14966396691366532
664,0.1192,0.0562,0.196,0.6188,0.0946,48428,111539,0.255729794933655,0.07478890229191798,0.672496984318456,0.781664656212304,0.17611580217129072,0.5235223160434258,0.7575392038600723,0.4631225228330174
665,0.1542,0.0389,0.3381,0.6324,0.0837,49767,142274,0.51145958986731,0.019300361881785282,0.17611580217129075,0.7436670687575392,0.11761158021712907,0.4620024125452352,0.5548854041013269,0.36929174564880235
666,0.1694,0.0768,0.2839,0.633,0.1345,48815,118325,0.638118214716526,0.3232810615199035,0.31242460796139926,0.7340168878166465,0.44752714113389624,0.5102533172496984,0.7141133896260554,0.5256763742891607
667,0.1825,0.0752,0.1955,0.7162,0.1502,39142,74053,0.7261761158021713,0.29493365500603136,0.6755126658624849,0.4270205066344994,0.5657418576598311,0.8769601930036188,0.9674306393244874,0.6476822333275892
668,0.1669,0.0679,0.2131,0.6832,0.1459,42152,87848,0.6164053075995175,0.19360675512665862,0.5838359469240049,0.5868516284680338,0.5295536791314838,0.7768395657418576,0.9107358262967431,0.5996898156126143
669,0.1298,0.0413,0.1725,0.7874,0.1173,40938,56807,0.3335343787696019,0.021712907117008445,0.7870928829915561,0.06031363088057906,0.3401688781664656,0.8178528347406514,0.9927623642943305,0.4790625538514562
670,0.0968,0.061,0.2415,0.7601,0.1056,55399,115529,0.14354644149577805,0.11519903498190591,0.46682750301568154,0.14595898673100116,0.255729794933655,0.3100120627261761,0.7346200241254524,0.3102705497156643
671,0.1079,0.0559,0.2473,0.7564,0.0974,51555,104217,0.19240048250904704,0.07237635705669482,0.44390832328106156,0.16887816646562126,0.19903498190591074,0.4028950542822678,0.8082026537997588,0.3268137170429088
672,0.1621,0.0918,0.2853,0.6256,0.1539,50217,128039,0.5729794933655006,0.5585042219541616,0.30518697225572977,0.7647768395657418,0.5874547647768396,0.45114595898673104,0.6405307599517491,0.5543684301223506
673,0.1717,0.0979,0.1821,0.7186,0.149,39949,67721,0.6525934861278649,0.6712907117008444,0.7539203860072377,0.4077201447527141,0.5579010856453559,0.850422195416164,0.9819059107358263,0.6965362743408583
674,0.1231,0.0444,0.2263,0.7318,0.1146,48434,104408,0.27864897466827504,0.026537997587454766,0.5416164053075996,0.32750301568154405,0.3220747889022919,0.5223160434258143,0.8057901085645356,0.4034981905910736
675,0.1279,0.0571,0.1964,0.7164,0.1373,45226,82413,0.3172496984318456,0.07961399276236429,0.6700844390832328,0.4258142340168878,0.4686369119420989,0.6622436670687575,0.9360675512665863,0.5085300706531105
676,0.1328,0.0396,0.2444,0.7097,0.099,43174,92919,0.3576598311218335,0.020506634499396863,0.45235223160434257,0.46682750301568154,0.20928829915560918,0.735826296743064,0.8745476477683957,0.4452869205583319
677,0.1237,0.0301,0.2062,0.7084,0.1196,44165,74022,0.2852834740651387,0.0048250904704463205,0.6188178528347407,0.4728588661037394,0.35826296743063935,0.7008443908323281,0.9686369119420989,0.48707565052559015
678,0.1278,0.0449,0.1872,0.695,0.1654,50387,92017,0.31544028950542824,0.027744270205066344,0.7346200241254524,0.5392038600723763,0.6827503015681544,0.44752714113389624,0.879372738238842,0.5180940892641737
679,0.1578,0.077,0.1403,0.6768,0.2218,49093,83123,0.5307599517490953,0.3311218335343788,0.9215922798552473,0.6079613992762365,0.9396863691194209,0.4921592279855247,0.9312424607961399,0.6792176460451491
680,0.087,0.05,0.297,0.7447,0.0892,63880,154289,0.09529553679131483,0.04342581423401689,0.26477683956574183,0.24366706875753918,0.14475271411338964,0.17249698431845595,0.48250904704463204,0.2067034292607272
681,0.1304,0.0664,0.3566,0.6373,0.1225,57518,149938,0.33896260554885405,0.17490952955367914,0.14837153196622432,0.7219541616405307,0.37394451145958985,0.26899879372738233,0.5078407720144753,0.36214027227296225
700,0.1533,0.0803,0.2047,0.6794,0.1716,49793,171159,0.5006031363088058,0.38781664656212306,0.6290711700844391,0.6013268998793727,0.7225572979493365,0.45958986731001206,0.4149577804583836,0.5308461140789247
701,0.2559,0.1098,0.3281,0.4861,0.1893,40125,206565,0.9565741857659831,0.8202653799758746,0.18455971049457176,0.9493365500603136,0.8353437876960192,0.8480096501809409,0.30518697225572977,0.6998966052042048
703,0.1664,0.0689,0.134,0.7512,0.172,48998,122154,0.6097708082026538,0.21170084439083234,0.9360675512665863,0.19059107358262972,0.7261761158021713,0.496984318455971,0.6791314837153197,0.5500603136308807
704,0.1635,0.0928,0.2402,0.7499,0.1579,51234,166168,0.5874547647768396,0.5880579010856454,0.47527141133896256,0.20024125452352226,0.6182147165259348,0.41375150784077197,0.43546441495778043,0.474065138721351
705,0.1936,0.0754,0.1759,0.6993,0.1659,44608,115221,0.7876960193003619,0.2997587454764777,0.7792521109770808,0.5162846803377563,0.6875753920386007,0.6851628468033776,0.738238841978287,0.6419955195588488
706,0.1608,0.082,0.1822,0.7343,0.167,45848,112694,0.5603136308805791,0.41737032569360677,0.7515078407720145,0.3148371531966224,0.6984318455971049,0.6332931242460796,0.752714113389626,0.5897811476822333
707,0.128,0.0657,0.1892,0.7953,0.1415,58054,150986,0.319059107358263,0.16103739445114595,0.7249698431845597,0.03618817852834744,0.5012062726176115,0.25693606755126663,0.49457177322074786,0.35628123384456317
708,0.2003,0.079,0.3587,0.5873,0.1462,50776,173943,0.8190591073582629,0.36308805790108567,0.14234016887816647,0.8455971049457177,0.5331724969843185,0.43546441495778043,0.40048250904704463,0.5056005514389109
710,0.1819,0.0965,0.1389,0.7591,0.1766,42032,96160,0.7225572979493365,0.646562123039807,0.9240048250904704,0.15440289505428229,0.7635705669481303,0.784680337756333,0.8636911942098915,0.6942098914354645
711,0.1866,0.0802,0.24,0.6046,0.1761,44255,135259,0.7569360675512666,0.3841978287092883,0.4776839565741857,0.8142340168878166,0.7593486127864898,0.6948130277442702,0.5934861278648975,0.6400999483026021
712,0.2533,0.0989,0.1954,0.6339,0.2376,37396,101148,0.9529553679131484,0.6881785283474066,0.6767189384800965,0.7285886610373944,0.9674306393244874,0.9191797346200241,0.8262967430639324,0.822764087540927
713,0.2249,0.092,0.1526,0.6706,0.1873,38051,100267,0.905307599517491,0.5651387213510254,0.8890229191797346,0.6248492159227985,0.8293124246079614,0.8998793727382388,0.8323281061519904,0.79226262278132
714,0.1885,0.088,0.1485,0.68,0.1756,39839,87758,0.7635705669481303,0.5096501809408926,0.902291917973462,0.5983112183353438,0.7521109770808203,0.8540410132689988,0.9131483715319663,0.7561606065828022
716,0.241,0.1225,0.1585,0.6641,0.1721,35277,72952,0.9433051869722557,0.9083232810615199,0.8588661037394452,0.649577804583836,0.7273823884197829,0.9445114595898673,0.9746682750301568,0.8580906427709805
717,0.2107,0.1089,0.152,0.6999,0.157,35336,72131,0.8673100120627262,0.8094089264173703,0.8902291917973462,0.5126658624849216,0.6115802171290712,0.9408926417370326,0.97708082026538,0.8013096674134068
718,0.2249,0.0927,0.1227,0.6968,0.1888,36512,76566,0.905307599517491,0.5826296743063932,0.9601930036188179,0.5301568154402896,0.8335343787696019,0.9276236429433051,0.9638118214716526,0.814750990866793
719,0.1961,0.0932,0.1924,0.7261,0.1844,37598,118330,0.8009650180940893,0.597708082026538,0.6978287092882991,0.3691194209891435,0.8051869722557298,0.9155609167671894,0.7129071170084439,0.6998966052042048
720,0.1506,0.0759,0.1984,0.7007,0.1467,47265,116456,0.47828709288299154,0.3057901085645356,0.6634499396863691,0.5090470446320868,0.5410132689987938,0.5741857659831122,0.7249698431845597,0.5423918662760641
721,0.1585,0.0735,0.2085,0.6832,0.1557,46456,115572,0.537394451145959,0.26537997587454765,0.6079613992762365,0.5868516284680338,0.5989143546441495,0.6019300361881785,0.7334137515078407,0.5616922281578495
722,0.1726,0.0908,0.3643,0.5869,0.1469,49446,164034,0.6586248492159228,0.5476477683956574,0.1314837153196623,0.8468033775633294,0.5452352231604343,0.4764776839565742,0.4463208685162847,0.521799069446838
723,0.2562,0.1347,0.1223,0.5857,0.1784,34560,79427,0.9577804583835947,0.9565741857659831,0.9644149577804584,0.8492159227985525,0.773220747889023,0.9577804583835947,0.9517490952955368,0.9158194037566777
724,0.206,0.0931,0.1608,0.6489,0.1806,37669,92136,0.8474065138721351,0.594692400482509,0.8455971049457177,0.6948130277442702,0.7864897466827503,0.9119420989143546,0.8781664656212304,0.7941581940375668
725,0.2164,0.0966,0.1325,0.7517,0.177,33715,91160,0.8841978287092883,0.6483715319662243,0.9384800965018094,0.18817852834740656,0.7659831121833535,0.9650180940892642,0.8890229191797346,0.7541788729967259
726,0.1803,0.0866,0.1483,0.7566,0.1739,35149,107454,0.7117008443908324,0.4939686369119421,0.9034981905910736,0.1664656212303981,0.7400482509047045,0.9481302774427021,0.7852834740651387,0.6784421850766844
727,0.1592,0.0633,0.275,0.6325,0.1741,47983,149035,0.5434258142340169,0.13268998793727382,0.33594692400482506,0.7418576598311218,0.7418576598311218,0.5428226779252111,0.5162846803377563,0.5078407720144753
728,0.1902,0.0712,0.1604,0.6998,0.175,38061,95504,0.7708082026537998,0.23401688781664656,0.8498190591073582,0.5138721351025332,0.7466827503015682,0.8986731001206273,0.8685162846803378,0.6974840599689814
729,0.197,0.0749,0.16,0.6821,0.1835,40324,107046,0.8094089264173703,0.2913148371531966,0.8516284680337756,0.5934861278648975,0.8009650180940893,0.841978287092883,0.7889022919179735,0.7110977080820265
730,0.1278,0.0532,0.3011,0.7253,0.144,56691,138223,0.31544028950542824,0.0609167671893848,0.25392038600723765,0.37032569360675516,0.5168878166465621,0.28468033775633295,0.5717732207478889,0.3391349302085129
731,0.1839,0.0667,0.2486,0.5922,0.2127,45796,120593,0.7406513872135102,0.18395657418576597,0.43908323281061523,0.8347406513872135,0.9131483715319663,0.6369119420989143,0.6887816646562124,0.6338962605548853
734,0.1666,0.0604,0.1638,0.7271,0.199,40204,83929,0.6133896260554885,0.11097708082026538,0.8347406513872135,0.36308805790108567,0.8745476477683957,0.8443908323281062,0.9288299155609168,0.6528519731173531
735,0.1669,0.0814,0.1908,0.6225,0.169,44481,95735,0.6164053075995175,0.4041013268998794,0.7123039806996381,0.7744270205066345,0.7056694813027744,0.6899879372738239,0.8661037394451145,0.6812855419610546
736,0.1519,0.0339,0.1655,0.6914,0.1951,46265,82076,0.4897466827503016,0.009650180940892641,0.8226779252110977,0.5506634499396863,0.8576598311218335,0.6103739445114595,0.9384800965018094,0.6113217301395829
737,0.139,0.049,0.2069,0.6945,0.1621,46778,88025,0.3986731001206273,0.038600723763570564,0.6158021712907117,0.5416164053075996,0.6531966224366706,0.5910735826296742,0.9059107358262968,0.5349819059107358
738,0.122,0.0333,0.1877,0.7474,0.1461,49287,88342,0.2738238841978287,0.008443908323281062,0.7322074788902292,0.2285886610373945,0.5319662243667069,0.4837153196622437,0.9034981905910736,0.4517490952955368
739,0.1323,0.0594,0.1912,0.6577,0.2169,47614,80705,0.3528347406513872,0.09891435464414958,0.709891435464415,0.6718938480096501,0.9264173703256936,0.5621230398069964,0.9469240048250904,0.6098569705324832
740,0.1196,0.0592,0.251,0.7436,0.1453,53512,127907,0.2623642943305187,0.09529553679131483,0.41737032569360677,0.25452352231604347,0.5271411338962606,0.3570566948130277,0.6417370325693607,0.3650697914871618
741,0.1932,0.077,0.2926,0.5515,0.218,44059,134449,0.7864897466827503,0.3311218335343788,0.28166465621230397,0.9047044632086851,0.9300361881785284,0.7056694813027744,0.5971049457177322,0.6481130449767362
743,0.1987,0.0851,0.144,0.7534,0.2072,38938,92411,0.8142340168878166,0.4632086851628468,0.9131483715319663,0.1821471652593486,0.8986731001206273,0.8829915560916767,0.8769601930036188,0.7187661554368431
744,0.2117,0.0919,0.1772,0.7033,0.2184,37750,91317,0.8697225572979493,0.5615199034981906,0.773220747889023,0.49457177322074786,0.9312424607961399,0.9107358262967431,0.887816646562123,0.7755471307944167
745,0.2031,0.0761,0.1439,0.7133,0.2289,38015,79025,0.8359469240048251,0.3112183353437877,0.9143546441495778,0.4427020506634499,0.9565741857659831,0.9034981905910736,0.9541616405307599,0.7597794244356367
746,0.174,0.0771,0.1828,0.7102,0.1866,42425,78348,0.6670687575392038,0.3347406513872135,0.7503015681544029,0.46260554885404104,0.8262967430639324,0.767189384800965,0.9577804583835947,0.6808547303119076
747,0.2275,0.099,0.1662,0.6723,0.2321,34716,78686,0.9119420989143546,0.6911942098914354,0.8202653799758746,0.6200241254523522,0.9577804583835947,0.9553679131483716,0.9553679131483716,0.8445631569877651
748,0.1915,0.0727,0.1675,0.7314,0.1967,40575,91332,0.7780458383594693,0.2503015681544029,0.8124246079613993,0.33051869722557303,0.8697225572979493,0.8311218335343787,0.8866103739445115,0.6798207823539549
749,0.2221,0.1034,0.1206,0.7236,0.2473,35156,79226,0.8974668275030157,0.7400482509047045,0.9686369119420989,0.38238841978287097,0.9746682750301568,0.9469240048250904,0.9529553679131484,0.8375840082715836
750,0.0992,0.0689,0.3917,0.6584,0.1917,74281,184732,0.15319662243667068,0.21170084439083234,0.09529553679131486,0.6682750301568154,0.8468033775633294,0.08685162846803374,0.367913148371532,0.34714802688264695
751,0.1405,0.0796,0.1907,0.7105,0.22,54802,117712,0.41254523522316044,0.376357056694813,0.7147165259348613,0.45898673100120624,0.9372738238841978,0.3250904704463209,0.7201447527141134,0.5635877994140961
752,0.2299,0.0896,0.3011,0.4561,0.3098,48329,212255,0.9179734620024126,0.5307599517490953,0.25392038600723765,0.962605548854041,0.9963811821471653,0.5247285886610373,0.28950542822677927,0.639410649663967
753,0.1533,0.0873,0.235,0.7029,0.1415,48989,150729,0.5006031363088058,0.5,0.4993968636911942,0.4993968636911942,0.5012062726176115,0.4993968636911942,0.4993968636911942,0.4999138376701705
754,0.1709,0.085,0.1675,0.7366,0.2205,45607,97452,0.6453558504221955,0.4589867310012063,0.8124246079613993,0.3015681544028951,0.9384800965018094,0.6453558504221955,0.8564535585042219,0.6655178356022747
755,0.1849,0.0962,0.1718,0.684,0.2017,41940,91660,0.747285886610374,0.6417370325693607,0.7913148371531966,0.5826296743063932,0.8835946924004825,0.7876960193003619,0.8841978287092883,0.7597794244356367
756,0.1615,0.0746,0.1651,0.7116,0.2164,45707,99963,0.5669481302774427,0.28468033775633295,0.827503015681544,0.4541616405307599,0.9252110977080821,0.6393244873341375,0.8347406513872135,0.6475099086679305
757,0.1763,0.0759,0.2084,0.7011,0.2194,45799,108586,0.6845597104945718,0.3057901085645356,0.609167671893848,0.505428226779252,0.9336550060313631,0.6357056694813028,0.7792521109770808,0.6362226434602791
758,0.1849,0.0681,0.1124,0.7597,0.2118,40427,80071,0.747285886610374,0.19662243667068757,0.9831121833534379,0.1513872135102533,0.9095295536791315,0.8371531966224367,0.9481302774427021,0.6818886782698604
759,0.2181,0.0892,0.1583,0.6946,0.2196,37362,82868,0.8866103739445115,0.5253317249698432,0.8624849215922799,0.5404101326899879,0.9348612786489746,0.9203860072376358,0.9336550060313631,0.8005342064449422
760,0.1192,0.0764,0.2858,0.6739,0.196,65660,161025,0.255729794933655,0.31363088057901084,0.3015681544028951,0.6158021712907117,0.8667068757539204,0.1507840772014475,0.45838359469240053,0.4232293641220059
761,0.1804,0.0911,0.235,0.6059,0.2478,51240,121337,0.7135102533172497,0.5506634499396864,0.4993968636911942,0.8112183353437877,0.9758745476477684,0.41254523522316044,0.6827503015681544,0.6637084266758573
762,0.103,0.0715,0.3399,0.7071,0.1539,69676,166851,0.16646562123039807,0.23944511459589868,0.17129071170084442,0.4764776839565742,0.5874547647768396,0.12424607961399281,0.43305186972255727,0.3140616922281579
763,0.1424,0.0561,0.1946,0.6714,0.1812,46209,85815,0.42581423401688784,0.0735826296743064,0.6851628468033776,0.6230398069963812,0.7919179734620024,0.6127864897466828,0.9203860072376358,0.5903842839910391
764,0.1835,0.0568,0.1821,0.7149,0.2386,42736,95722,0.7346200241254524,0.07840772014475271,0.7539203860072377,0.4312424607961399,0.9686369119420989,0.7539203860072377,0.8673100120627262,0.655436843012235
765,0.1465,0.0878,0.1931,0.6061,0.1602,50122,115791,0.45235223160434257,0.5060313630880579,0.6936067551266587,0.8094089264173703,0.6393244873341375,0.45235223160434257,0.7310012062726177,0.6120110287782181
766,0.1454,0.0688,0.1821,0.752,0.1858,48921,101494,0.4457177322074789,0.20868516284680338,0.7539203860072377,0.1857659831121834,0.8184559710494572,0.5066344993968637,0.8250904704463209,0.5348957435809064
767,0.2593,0.0819,0.2057,0.5374,0.2077,37023,103766,0.9613992762364294,0.4149577804583836,0.623642943305187,0.916767189384801,0.9010856453558505,0.9240048250904704,0.8106151990349819,0.7932104084094433
768,0.1942,0.0457,0.1696,0.7389,0.2136,39449,86811,0.7901085645355851,0.028950542822677925,0.8027744270205066,0.28950542822677927,0.9179734620024126,0.8697225572979493,0.9179734620024126,0.6595726348440463
769,0.1555,0.0659,0.2012,0.6579,0.2063,46485,97175,0.5186972255729795,0.1646562123039807,0.6441495778045838,0.6694813027744271,0.8956574185765983,0.5995174909529554,0.8600723763570567,0.6217473720489402
770,0.2065,0.0846,0.2769,0.5122,0.2922,52648,166981,0.850422195416164,0.4517490952955368,0.32689987937273823,0.9360675512665863,0.9939686369119421,0.3829915560916767,0.43184559710494574,0.6248492159227986
772,0.1533,0.0873,0.235,0.7029,0.1415,48989,150729,0.5006031363088058,0.5,0.4993968636911942,0.4993968636911942,0.5012062726176115,0.4993968636911942,0.4993968636911942,0.4999138376701705
773,0.1136,0.071,0.2932,0.7492,0.1809,70492,154080,0.2249698431845597,0.23039806996381182,0.278648974668275,0.2092882991556092,0.7882991556091676,0.11459589867310016,0.4837153196622437,0.3328450801309667
774,0.0919,0.0591,0.3622,0.778,0.1777,81390,178497,0.11821471652593486,0.09408926417370325,0.13510253317249699,0.07961399276236425,0.7683956574185766,0.059107358262967424,0.38480096501809413,0.2341892124763054
775,0.14,0.0824,0.229,0.6909,0.2233,62870,133775,0.40952955367913146,0.42400482509047044,0.5331724969843185,0.5572979493365501,0.9445114595898673,0.18817852834740656,0.6019300361881785,0.5226606927451318
776,0.1539,0.0861,0.138,0.7477,0.2122,49321,94031,0.5096501809408926,0.4837153196622437,0.9264173703256936,0.22557297949336552,0.9119420989143546,0.48250904704463204,0.8697225572979493,0.6299327933827331
777,0.2048,0.1032,0.2059,0.607,0.2238,44649,104941,0.8407720144752714,0.7358262967430639,0.6212303980699638,0.8039806996381182,0.9457177322074789,0.6815440289505428,0.8021712907117009,0.7758917801137343
778,0.2513,0.0732,0.2942,0.5547,0.1653,43333,132793,0.9517490952955368,0.26115802171290714,0.27261761158021713,0.8998793727382388,0.6815440289505428,0.7261761158021713,0.6067551266586249,0.6285541961054626
779,0.1538,0.0739,0.1568,0.7067,0.2019,48281,98893,0.5072376357056695,0.27563329312424606,0.8757539203860072,0.47889022919179736,0.8854041013268998,0.5307599517490953,0.8455971049457177,0.6284680337756333
780,0.2203,0.0699,0.2211,0.7196,0.2686,50444,144485,0.8914354644149578,0.22316043425814233,0.5536791314837153,0.40168878166465616,0.9819059107358263,0.4451145958986731,0.5416164053075996,0.5769429605376529
781,0.1181,0.066,0.2324,0.746,0.1618,60429,147315,0.2448733413751508,0.16706875753920386,0.5126658624849216,0.23522316043425817,0.646562123039807,0.2207478890229192,0.5307599517490953,0.3654144408064794
782,0.1835,0.0791,0.2567,0.5987,0.2049,52032,137566,0.7346200241254524,0.364897466827503,0.3956574185765983,0.8250904704463209,0.8914354644149578,0.3944511459589868,0.5790108564535585,0.5978804066861968
783,0.2027,0.0839,0.1527,0.6978,0.2251,43155,85555,0.8347406513872135,0.44209891435464416,0.887816646562123,0.5247285886610373,0.9481302774427021,0.7370325693606755,0.9227985524728589,0.7567637428916077
784,0.1804,0.0793,0.2069,0.582,0.2141,49179,115365,0.7135102533172497,0.3691194209891435,0.6158021712907117,0.8576598311218335,0.9215922798552473,0.4891435464414958,0.7370325693606755,0.6719800103394796
785,0.3525,0.1028,0.149,0.691,0.3631,33640,76676,0.9963811821471653,0.729794933655006,0.8986731001206273,0.5554885404101326,0.9987937273823885,0.9686369119420989,0.962605548854041,0.8729105635016371
786,0.1132,0.075,0.3126,0.7283,0.1751,64220,171099,0.22074788902291917,0.293124246079614,0.21471652593486124,0.35524728588661036,0.7484921592279855,0.16887816646562126,0.41616405307599513,0.3453386179562295
787,0.1758,0.0717,0.4652,0.486,0.2053,61282,275887,0.6797346200241254,0.2448733413751508,0.04825090470446325,0.9505428226779252,0.8926417370325693,0.20386007237635706,0.16767189384800962,0.45536791314837155
788,0.2667,0.1041,0.1472,0.7103,0.2888,35760,80862,0.9686369119420989,0.7490952955367913,0.9083232810615199,0.4607961399276237,0.9903498190591074,0.9360675512665863,0.9445114595898673,0.8511114940547992
789,0.1382,0.0461,0.1725,0.777,0.1822,47106,124767,0.39384800965018096,0.032569360675512665,0.7870928829915561,0.08323281061519905,0.7985524728588661,0.5814234016887816,0.6562123039806996,0.4761330346372566
790,0.1696,0.0555,0.1716,0.7069,0.2246,46658,82824,0.6417370325693607,0.06875753920386007,0.7925211097708083,0.4776839565741857,0.9469240048250904,0.5922798552472859,0.9348612786489747,0.636394968119938
791,0.1613,0.0525,0.2154,0.6466,0.2139,49746,120462,0.5657418576598311,0.054282267792521106,0.5717732207478889,0.7020506634499397,0.9197828709288299,0.4644149577804584,0.6899879372738239,0.5668619679476133
792,0.1993,0.0554,0.1652,0.724,0.208,38105,52792,0.8154402895054282,0.0669481302774427,0.8262967430639324,0.3799758745476478,0.902291917973462,0.8974668275030157,0.9975874547647768,0.698001033947958
793,0.1734,0.0664,0.1518,0.7404,0.2508,45240,73298,0.6622436670687576,0.17490952955367914,0.8914354644149578,0.2780458383594693,0.97708082026538,0.6598311218335344,0.9734620024125452,0.6595726348440462
794,0.2021,0.0653,0.2814,0.5794,0.1865,45477,110006,0.8299155609167672,0.15560916767189384,0.3172496984318456,0.8630880579010857,0.8250904704463209,0.6489746682750301,0.7696019300361882,0.6299327933827331
795,0.1546,0.06,0.1499,0.7493,0.1971,44144,68818,0.5150784077201448,0.10675512665862485,0.893848009650181,0.2056694813027744,0.8709288299155609,0.7020506634499397,0.9794933655006032,0.6105462691711184
796,0.1779,0.0637,0.2303,0.6031,0.1805,44419,102399,0.6960193003618818,0.13751507840772015,0.5235223160434258,0.8202653799758746,0.7852834740651388,0.6911942098914354,0.8154402895054282,0.6384628640358435
797,0.1399,0.0516,0.1637,0.6911,0.2457,53142,100665,0.4077201447527141,0.04945717732207479,0.8359469240048251,0.5530759951749096,0.9722557297949337,0.37032569360675516,0.8287092882991556,0.5739272789936241
798,0.3517,0.0747,0.133,0.7091,0.3552,30745,71821,0.9945717732207479,0.2864897466827503,0.9372738238841978,0.4692400482509047,0.9975874547647768,0.9819059107358263,0.9782870928829915,0.8064794072031708
799,0.2291,0.082,0.2114,0.6207,0.2811,42489,119943,0.9149577804583836,0.41737032569360677,0.5934861278648975,0.7768395657418576,0.9879372738238842,0.7647768395657418,0.6960193003618818,0.7359124590728933
800,0.1199,0.0859,0.3407,0.6684,0.1648,64851,236873,0.26537997587454765,0.4776839565741858,0.17008443908323279,0.6296743063932448,0.669481302774427,0.1628468033775633,0.2291917973462002,0.37204894020334306
801,0.0549,0.062,0.5024,0.7776,0.0816,87615,316041,0.018094089264173704,0.12364294330518698,0.03256936067551264,0.08202653799758741,0.10072376357056695,0.03739445114595896,0.13389626055488535,0.07547820093055314
802,0.1714,0.088,0.3647,0.5319,0.1897,52485,246149,0.6507840772014475,0.5096501809408926,0.12907117008443914,0.9227985524728589,0.8401688781664656,0.38600723763570566,0.21230398069963807,0.5215405824573497
803,0.1858,0.0711,0.7066,0.5497,0.0935,61696,502031,0.752714113389626,0.2316043425814234,0.006031363088057851,0.9083232810615199,0.16827503015681544,0.1978287092882992,0.04825090470446325,0.3304325348957436
804,0.0831,0.0632,0.4571,0.7613,0.1394,73314,355107,0.07720144752714113,0.13148371531966224,0.05186972255729794,0.13872135102533167,0.48492159227985526,0.0928829915560917,0.11580217129071169,0.15612614165087021
805,0.1176,0.0733,0.4189,0.689,0.1282,63586,256464,0.24185765983112184,0.26417370325693607,0.07117008443908324,0.5609167671893849,0.4131483715319662,0.1785283474065139,0.20265379975874542,0.2760641047733931
806,0.1472,0.0758,0.23,0.6968,0.166,57404,196861,0.4559710494571773,0.30217129071170085,0.525934861278649,0.5301568154402896,0.6887816646562123,0.27261761158021713,0.3256936067551267,0.4430466999827675
807,0.1476,0.0745,0.1627,0.6762,0.1759,42037,126902,0.4589867310012063,0.2822677925211098,0.8395657418576599,0.6097708082026538,0.7569360675512666,0.7828709288299156,0.646562123039807,0.6252800275719456
808,0.0975,0.0785,0.2792,0.7678,0.1395,58319,211750,0.1471652593486128,0.3540410132689988,0.31966224366706875,0.11942098914354649,0.48612786489746684,0.25331724969843183,0.29191797346200243,0.281664656212304
809,0.1323,0.0927,0.3492,0.6231,0.1404,59112,230608,0.3528347406513872,0.5826296743063932,0.15802171290711697,0.7720144752714113,0.49215922798552475,0.24246079613992766,0.24125452352231602,0.4059107358262967
810,0.1905,0.1076,0.1951,0.6714,0.1609,41199,130775,0.773220747889023,0.7955367913148371,0.6809408926417371,0.6230398069963812,0.6423401688781665,0.8118214716525936,0.6188178528347407,0.7065311046010684
811,0.1643,0.0919,0.2463,0.7188,0.2062,43432,184312,0.5922798552472859,0.5615199034981906,0.44752714113389624,0.40530759951749096,0.893848009650181,0.721351025331725,0.37032569360675516,0.5703084611407893
812,0.1384,0.0782,0.2615,0.7146,0.1643,43962,224203,0.3956574185765983,0.35102533172496986,0.38118214716525933,0.4372738238841978,0.6634499396863691,0.7080820265379976,0.2605548854041013,0.45674651042564196
813,0.1485,0.0794,0.3841,0.6839,0.1924,51148,288983,0.4662243667068758,0.37273823884197826,0.10735826296743067,0.5838359469240049,0.8498190591073582,0.41616405307599513,0.15681544028950545,0.42185076684473544
814,0.1318,0.0975,0.2573,0.7308,0.2064,48661,245905,0.3468033775633293,0.6616405307599518,0.3920386007237636,0.33474065138721354,0.8974668275030157,0.5186972255729795,0.2135102533172497,0.4806996381182147
815,0.1336,0.0778,0.2531,0.7147,0.1672,52845,227964,0.36248492159227985,0.34499396863691195,0.40530759951749096,0.4348612786489746,0.7008443908323281,0.379372738238842,0.24487334137515082,0.41039117697742544
816,0.1087,0.0663,0.3547,0.6681,0.2256,63965,417122,0.19963811821471653,0.17189384800965019,0.15319662243667065,0.6308805790108565,0.9493365500603136,0.17129071170084442,0.0928829915560917,0.33844563156987767
820,0.1467,0.0492,0.2999,0.6347,0.1234,52958,186086,0.45416164053075997,0.04221954161640531,0.25814234016887816,0.7261761158021713,0.379372738238842,0.376357056694813,0.3606755126658625,0.37101499224539036
821,0.1204,0.0,0.7011,0.0,0.105,82071,150729,0.26839565741857657,0.0018094089264173703,0.007237635705669487,0.9981905910735827,0.2503015681544029,0.05669481302774426,0.4993968636911942,0.2974323625710839
822,0.1659,0.036,0.1884,0.7448,0.1414,43392,136419,0.6031363088057901,0.010856453558504222,0.7303980699638118,0.24246079613992766,0.4969843184559711,0.7231604342581424,0.5850422195416164,0.4845769429605377
823,0.1165,0.0508,0.1667,0.7414,0.1832,57231,146234,0.2376357056694813,0.047044632086851626,0.8172496984318456,0.2683956574185766,0.7997587454764777,0.2762364294330518,0.5379975874547648,0.4263312079958642
824,0.1014,0.0459,0.2418,0.7171,0.1441,48982,179016,0.16164053075995174,0.030156815440289506,0.46562123039807,0.41978287092882993,0.5186972255729795,0.5018094089264173,0.38238841978287097,0.35429950025848694
825,0.1537,0.0952,0.2216,0.713,0.2014,48318,181338,0.5054282267792521,0.6284680337756333,0.5524728588661038,0.44752714113389624,0.8811821471652593,0.5283474065138721,0.37756332931242464,0.5601413062209202
826,0.0893,0.0531,0.2096,0.7062,0.1388,57937,179377,0.10735826296743065,0.05850422195416164,0.6019300361881785,0.4800965018094089,0.4794933655006031,0.26176115802171296,0.3799758745476478,0.33844563156987767
827,0.078,0.0382,0.1849,0.7667,0.1646,72022,185302,0.06574185765983112,0.018094089264173704,0.7430639324487334,0.12123039806996383,0.6670687575392038,0.10012062726176119,0.3642943305186972,0.2970877132517663
828,0.0854,0.0322,0.2596,0.7151,0.1434,54590,225409,0.08926417370325694,0.006031363088057901,0.390832328106152,0.4294330518697226,0.5126658624849216,0.33172496984318456,0.25452352231604347,0.2877821816301913
829,0.1009,0.0579,0.1893,0.7226,0.1517,69997,191766,0.15922798552472858,0.08323281061519903,0.7231604342581424,0.3926417370325693,0.5711700844390832,0.11942098914354649,0.3413751507840772,0.34146131311390665
830,0.074,0.0527,0.4878,0.614,0.2264,69796,723392,0.05790108564535585,0.05548854041013269,0.039806996381182125,0.790108564535585,0.9529553679131484,0.12183353437876965,0.010856453558504175,0.2898500775460969
831,0.0688,0.0512,0.23,0.8275,0.1331,68694,217296,0.04101326899879373,0.04825090470446321,0.525934861278649,0.003618817852834688,0.4427020506634499,0.1278648974668275,0.2762364294330518,0.20937446148543856
834,0.1618,0.0692,0.26,0.7187,0.1457,47910,165003,0.5705669481302774,0.22014475271411338,0.38600723763570566,0.4065138721351025,0.5283474065138721,0.5500603136308806,0.4427020506634499,0.44347751163191457
836,0.1545,0.107,0.2189,0.7331,0.1747,49657,168703,0.5138721351025332,0.7889022919179735,0.5609167671893849,0.31966224366706875,0.7454764776839565,0.46803377563329307,0.4258142340168878,0.5460968464587282
838,0.151,0.0865,0.2436,0.6866,0.1702,44524,202197,0.48492159227985526,0.49095295536791317,0.4535585042219542,0.5705669481302774,0.715319662243667,0.6887816646562124,0.3136308805790109,0.531104601068413
840,0.0829,0.0612,0.3181,0.7712,0.1209,70379,253139,0.07599517490952955,0.11700844390832328,0.19903498190591074,0.10735826296743067,0.36550060313630883,0.11700844390832332,0.20506634499396859,0.16956746510425644
841,0.1518,0.0783,0.3126,0.6122,0.1897,53504,236067,0.48854041013269,0.35223160434258144,0.21471652593486124,0.7937273823884198,0.8401688781664656,0.35946924004825087,0.232810615199035,0.46880923660175766
843,0.128,0.0655,0.3052,0.7124,0.1169,53879,196407,0.319059107358263,0.15922798552472858,0.2406513872135102,0.45114595898673104,0.33896260554885405,0.34740651387213506,0.33051869722557303,0.3124246079613992
844,0.1346,0.0788,0.2319,0.6873,0.1669,53551,176142,0.3691194209891435,0.3588661037394451,0.517490952955368,0.5657418576598312,0.6966224366706876,0.35464414957780455,0.39324487334137515,0.46510425641909364
845,0.1624,0.0753,0.1676,0.7361,0.1954,45400,141711,0.5747889022919179,0.2973462002412545,0.8106151990349819,0.30398069963811825,0.8612786489746683,0.6537997587454765,0.5572979493365501,0.5798724797518525
846,0.1773,0.0716,0.2947,0.647,0.1468,51809,200700,0.6911942098914354,0.24246079613992763,0.2714113389626055,0.698431845597105,0.5434258142340169,0.39806996381182147,0.3172496984318456,0.4517490952955368
847,0.1548,0.1006,0.2455,0.6964,0.1849,47217,206316,0.5162846803377563,0.7110977080820265,0.4499396863691194,0.5355850422195416,0.8106151990349819,0.5765983112183353,0.3063932448733414,0.5580734103050147
850,0.2319,0.1005,0.2489,0.5513,0.2344,48267,186214,0.9215922798552473,0.7086851628468034,0.43667068757539207,0.9059107358262968,0.9601930036188179,0.5319662243667069,0.35946924004825087,0.6892124763053593
851,0.1454,0.1084,0.1805,0.7604,0.1488,52089,129046,0.4457177322074789,0.8027744270205066,0.7623642943305187,0.14475271411338964,0.5548854041013269,0.3920386007237636,0.6284680337756333,0.5330001723246596
852,0.1189,0.0788,0.3704,0.6576,0.1354,64801,270377,0.24969843184559712,0.3588661037394451,0.12183353437876965,0.6731001206272618,0.4559710494571773,0.16405307599517494,0.17611580217129075,0.31423401688781666
853,0.1376,0.0986,0.2249,0.7127,0.1575,55395,173328,0.39203860072376356,0.6809408926417371,0.5446320868516284,0.4499396863691194,0.6151990349819059,0.31121833534378773,0.4028950542822678,0.48526624159917287
855,0.2059,0.0997,0.1479,0.7307,0.1691,40939,137100,0.8455971049457177,0.7020506634499397,0.9059107358262968,0.3371531966224367,0.706875753920386,0.8166465621230399,0.5802171290711701,0.6992073065655696
856,0.1556,0.0991,0.2495,0.7414,0.1259,51225,171971,0.5205066344993968,0.6924004825090471,0.43305186972255727,0.2683956574185766,0.3968636911942099,0.4149577804583836,0.41254523522316044,0.4483887644321903
857,0.1946,0.1015,0.2957,0.617,0.1526,48245,201391,0.7913148371531966,0.715319662243667,0.26960193003618815,0.7852834740651387,0.5765983112183354,0.53437876960193,0.31604342581423406,0.5697914871618128
859,0.2158,0.1462,0.1772,0.7546,0.1637,42462,161774,0.8829915560916767,0.9734620024125452,0.773220747889023,0.1785283474065139,0.6622436670687576,0.7659831121833535,0.45476477683956573,0.6701706014130622
860,0.2543,0.1041,0.2497,0.6174,0.2117,45966,191121,0.9553679131483716,0.7490952955367913,0.4306393244873341,0.7828709288299156,0.9083232810615199,0.623642943305187,0.34258142340168873,0.6846458728244011
863,0.1538,0.1016,0.2501,0.7029,0.1645,44658,225266,0.5072376357056695,0.7171290711700844,0.4270205066344994,0.4993968636911942,0.6652593486127865,0.6803377563329313,0.255729794933655,0.5360158538686886
864,0.178,0.1418,0.1217,0.7054,0.1649,39299,144297,0.6972255729794934,0.9650180940892642,0.9674306393244874,0.48250904704463204,0.672496984318456,0.8733413751507841,0.5428226779252111,0.7429777701189041
865,0.3945,0.2269,0.0761,0.7484,0.3072,26511,59812,0.9987937273823885,0.9987937273823885,0.9975874547647768,0.21893848009650185,0.9951749095295537,0.9939686369119421,0.9903498190591074,0.8848009650180941
870,0.206,0.1158,0.2242,0.8207,0.1864,49539,168845,0.8474065138721351,0.8739445114595898,0.5476477683956574,0.008443908323281013,0.8232810615199035,0.4728588661037394,0.4227985524728589,0.5709115974495951
871,0.1664,0.0793,0.3095,0.6447,0.1647,50510,196499,0.6097708082026538,0.3691194209891435,0.22677925211097705,0.7062726176115802,0.6682750301568154,0.4427020506634499,0.3293124246079614,0.47889022919179736
873,0.3349,0.1194,0.1234,0.7183,0.3815,34066,90869,0.9903498190591074,0.893848009650181,0.9571773220747889,0.40892641737032565,1.0,0.9613992762364294,0.8914354644149578,0.8718766155436841
874,0.198,0.0688,0.1584,0.7407,0.2894,49872,153995,0.8130277442702051,0.20868516284680338,0.8606755126658625,0.27382388419782866,0.991556091676719,0.45838359469240053,0.48733413751507837,0.5847837325521282
875,0.1751,0.1016,0.3552,0.711,0.1993,52689,259412,0.6755126658624849,0.7171290711700844,0.1507840772014475,0.4571773220747889,0.8757539203860072,0.38118214716525933,0.19541616405307605,0.4932793382733069
877,0.2329,0.0855,0.2038,0.6961,0.162,34401,119640,0.9227985524728589,0.46984318455971047,0.6344993968636912,0.5379975874547648,0.649577804583836,0.9589867310012062,0.6996381182147166,0.6961916250215406
878,0.2385,0.09,0.1999,0.7605,0.1763,37125,118941,0.9372738238841978,0.5392038600723763,0.6550060313630881,0.143546441495778,0.761761158021713,0.9215922798552473,0.7050663449939687,0.6662071342409099
879,0.2747,0.0732,0.1913,0.7484,0.269,29531,109311,0.9734620024125452,0.26115802171290714,0.706875753920386,0.21893848009650185,0.9831121833534379,0.9891435464414958,0.773220747889023,0.7008443908323282
880,0.2581,0.1146,0.2387,0.6757,0.2105,39242,137001,0.9601930036188179,0.864897466827503,0.48250904704463204,0.6115802171290712,0.9071170084439083,0.8757539203860072,0.5814234016887816,0.7547820093055316
881,0.1956,0.0818,0.1982,0.6133,0.1797,40664,111167,0.7985524728588661,0.4131483715319662,0.6646562123039808,0.7925211097708083,0.7792521109770808,0.827503015681544,0.7611580217129071,0.7195416164053076
882,0.1681,0.0747,0.1561,0.6985,0.1908,45359,103257,0.6284680337756333,0.2864897466827503,0.8781664656212304,0.5211097708082026,0.8443908323281062,0.6562123039806996,0.8118214716525936,0.6609512321213166
883,0.1629,0.1049,0.208,0.6982,0.1724,41536,132420,0.5814234016887817,0.761761158021713,0.6103739445114595,0.5223160434258143,0.729794933655006,0.7985524728588661,0.6115802171290712,0.6594003101843874
884,0.177,0.0585,0.1362,0.7479,0.162,35239,82995,0.6887816646562123,0.09047044632086852,0.9324487334137515,0.22316043425814236,0.649577804583836,0.9457177322074789,0.9324487334137515,0.6375150784077201
890,0.1265,0.1126,0.2261,0.6404,0.1858,59094,200468,0.30759951749095293,0.8480096501809409,0.5428226779252111,0.7165259348612787,0.8184559710494572,0.24366706875753918,0.3184559710494572,0.5422195416164053
891,0.1508,0.1238,0.2152,0.5288,0.235,53933,185627,0.4819059107358263,0.916767189384801,0.5729794933655006,0.9240048250904704,0.962605548854041,0.34378769601930037,0.36188178528347403,0.6519903498190592
893,0.1444,0.0936,0.154,0.6625,0.1953,47038,119984,0.436670687575392,0.6037394451145959,0.8829915560916767,0.6550060313630881,0.8600723763570567,0.5838359469240049,0.6948130277442702,0.6738755815957264
894,0.1282,0.1243,0.1947,0.6756,0.2014,56035,212936,0.32147165259348615,0.9203860072376358,0.683956574185766,0.6127864897466828,0.8811821471652593,0.2979493365500603,0.28829915560916763,0.5722901947268654
895,0.1556,0.1022,0.2957,0.5577,0.2139,55787,263786,0.5205066344993968,0.7249698431845597,0.26960193003618815,0.8986731001206273,0.9197828709288299,0.30518697225572977,0.1857659831121834,0.5463553334482165
897,0.1504,0.1559,0.2188,0.6304,0.1956,56130,235889,0.4764776839565742,0.985524728588661,0.5621230398069964,0.752714113389626,0.8624849215922799,0.2943305186972256,0.23401688781664653,0.5953816991211444
898,0.0839,0.0584,0.1533,0.7181,0.1846,70952,173071,0.08262967430639324,0.08805790108564536,0.8860072376357057,0.4101326899879373,0.8069963811821471,0.10615199034981904,0.4065138721351025,0.3980699638118214
900,0.2534,0.1174,0.2869,0.2948,0.291,47222,551287,0.9541616405307599,0.8866103739445115,0.2991556091676719,0.9903498190591074,0.9927623642943305,0.5753920386007237,0.039806996381182125,0.6768912631397553
902,0.1629,0.105,0.3124,0.4832,0.2223,71961,617942,0.5814234016887817,0.7635705669481303,0.21773220747889022,0.9517490952955368,0.9408926417370326,0.10253317249698435,0.021712907117008462,0.5113734275374807
903,0.2184,0.1212,0.1568,0.349,0.2793,44220,338939,0.887816646562123,0.9034981905910736,0.8757539203860072,0.9819059107358263,0.9867310012062727,0.6972255729794934,0.12303980699638117,0.7794244356367396
904,0.1117,0.0923,0.6473,0.2983,0.1075,77001,916780,0.21230398069963813,0.5723763570566948,0.013268998793727338,0.9867310012062727,0.27020506634499397,0.07720144752714109,0.0024125452352231624,0.30492848526624167
905,0.0959,0.0931,0.4028,0.5539,0.1468,70641,574070,0.13691194209891436,0.594692400482509,0.08323281061519905,0.9010856453558505,0.5434258142340169,0.11097708082026536,0.03256936067551264,0.343270722040324
906,0.1123,0.0946,0.2125,0.6259,0.1985,65031,400340,0.21712907117008443,0.6164053075995175,0.5874547647768396,0.7635705669481303,0.873341375150784,0.16043425814234014,0.09891435464414955,0.47389281406169215
907,0.1363,0.1044,0.2502,0.5674,0.1894,63168,425034,0.3781664656212304,0.7545235223160435,0.4234016887816646,0.8841978287092883,0.8371531966224367,0.1857659831121834,0.08685162846803374,0.5071514733758401
908,0.1997,0.1169,0.2853,0.4131,0.1918,55982,455244,0.8166465621230398,0.8805790108564535,0.30518697225572977,0.9734620024125452,0.8480096501809409,0.3015681544028951,0.07117008443908324,0.5995174909529553
910,0.0979,0.0814,0.433,0.6276,0.1467,79546,629260,0.14897466827503017,0.4041013268998794,0.06151990349819059,0.7575392038600723,0.5410132689987938,0.06393244873341375,0.020506634499396825,0.2853696363949681
911,0.1158,0.0939,0.4989,0.4926,0.1549,75893,675161,0.23642943305186973,0.6067551266586249,0.033775633293124274,0.9469240048250904,0.5952955367913149,0.07961399276236425,0.014475271411338975,0.3590384283991038
912,0.1241,0.1048,0.3932,0.4197,0.1903,60490,607122,0.28950542822677927,0.7599517490952955,0.09167671893848006,0.9698431845597105,0.8431845597104946,0.21954161640530756,0.022919179734619988,0.4566603480958125
913,0.1191,0.0985,0.3379,0.6509,0.1735,77161,489208,0.25211097708082025,0.6785283474065139,0.17732207478890227,0.6911942098914354,0.7358262967430639,0.07599517490952956,0.055488540410132736,0.3809236601757711
914,0.2013,0.1127,0.3059,0.3917,0.2563,54895,556280,0.8226779252110977,0.850422195416164,0.23522316043425817,0.9782870928829915,0.9794933655006032,0.3220747889022919,0.0386007237635706,0.6038256074444253
915,0.0857,0.0865,0.3697,0.4481,0.1421,68027,563498,0.09047044632086852,0.49095295536791317,0.12303980699638117,0.9650180940892642,0.5048250904704463,0.13268998793727382,0.03618817852834744,0.33474065138721354
916,0.1593,0.1304,0.3551,0.3446,0.2614,57198,557553,0.5452352231604343,0.9481302774427021,0.15199034981905912,0.9831121833534379,0.9806996381182147,0.27744270205066346,0.03739445114595896,0.5605721178700672
917,0.1247,0.1088,0.247,0.6352,0.2017,65942,401814,0.29191797346200243,0.8069963811821471,0.4463208685162847,0.7249698431845597,0.8835946924004825,0.14595898673100116,0.09770808202653802,0.4853524039290022
918,0.1337,0.0768,0.3075,0.4127,0.1895,53632,484538,0.364897466827503,0.3232810615199035,0.2291917973462002,0.9746682750301568,0.8383594692400482,0.353437876960193,0.059107358262967424,0.448991900740996
919,0.1286,0.1149,0.2527,0.5703,0.1857,61259,375004,0.32750301568154405,0.8697225572979493,0.4077201447527141,0.8769601930036188,0.8166465621230398,0.20506634499396859,0.10735826296743067,0.5158538686886093
920,0.1282,0.0934,0.3189,0.6055,0.1649,67773,474890,0.32147165259348615,0.5995174909529554,0.19601930036188175,0.8130277442702051,0.672496984318456,0.13510253317249699,0.06272617611580222,0.40005169739789764
921,0.153,0.0916,0.4055,0.4812,0.1699,67921,489199,0.4957780458383595,0.5572979493365501,0.08082026537997589,0.9529553679131484,0.7141133896260555,0.13389626055488535,0.05669481302774426,0.42736515595381697
922,0.1949,0.151,0.2005,0.6417,0.212,48224,227318,0.793124246079614,0.9819059107358263,0.6501809408926418,0.7104945717732207,0.9107358262967431,0.5355850422195416,0.24728588661037398,0.6899017749439945
923,0.1838,0.1481,0.1672,0.6519,0.2091,54820,210366,0.7388419782870929,0.9788902291917974,0.8154402895054282,0.6875753920386007,0.9059107358262968,0.32328106151990355,0.2979493365500603,0.6782698604170257
924,0.311,0.1756,0.1081,0.4931,0.2471,39017,161773,0.9867310012062727,0.9927623642943305,0.985524728588661,0.9457177322074789,0.9734620024125452,0.8805790108564535,0.45597104945717737,0.888678269860417
925,0.1594,0.1486,0.1874,0.6655,0.2022,59450,233012,0.5464414957780458,0.9806996381182147,0.7334137515078407,0.6441495778045838,0.8866103739445115,0.23763570566948133,0.2364294330518697,0.6093399965535067
926,0.0886,0.0795,0.4757,0.6105,0.1153,88312,636645,0.10253317249698432,0.3751507840772014,0.043425814234016924,0.7973462002412546,0.330518697225573,0.033775633293124274,0.018094089264173663,0.242977770118904
927,0.1666,0.096,0.2235,0.549,0.2698,66706,483248,0.6133896260554885,0.6393244873341375,0.5494571773220748,0.9095295536791315,0.9843184559710495,0.1399276236429433,0.06031363088057906,0.5566086506979149
928,0.123,0.106,0.2848,0.6062,0.1893,74253,467951,0.27683956574185764,0.7744270205066345,0.3100120627261761,0.8082026537997588,0.8353437876960192,0.08805790108564537,0.06634499396863691,0.4513182836463899
930,0.1113,0.0942,0.2696,0.6269,0.1782,73240,441420,0.21049457177322076,0.612183353437877,0.35464414957780455,0.7605548854041013,0.7708082026537998,0.09529553679131486,0.07599517490952956,0.41142512493537825
931,0.1573,0.0766,0.4574,0.4866,0.1465,70727,824884,0.5283474065138721,0.3178528347406514,0.05066344993968641,0.9481302774427021,0.5379975874547648,0.1085645355850422,0.003618817852834688,0.35645355850422195
932,0.246,0.1383,0.1174,0.5694,0.2261,44217,172809,0.9493365500603136,0.9601930036188179,0.9758745476477684,0.8781664656212304,0.9505428226779252,0.698431845597105,0.4077201447527141,0.8314664828536963
933,0.2167,0.1301,0.1681,0.5839,0.1929,53868,184655,0.8854041013268998,0.9463208685162847,0.8094089264173703,0.8546441495778045,0.8516284680337757,0.3486127864897467,0.3691194209891435,0.7235912459072893
934,0.1453,0.0942,0.2619,0.5884,0.1737,58971,421332,0.4439083232810615,0.612183353437877,0.37876960193003617,0.841978287092883,0.738238841978287,0.24728588661037398,0.0892641737032569,0.478804066861968
935,0.1838,0.1262,0.1689,0.6539,0.1621,55819,199912,0.7388419782870929,0.9276236429433052,0.804583835946924,0.6827503015681544,0.6531966224366706,0.3027744270205066,0.31966224366706875,0.6327761502671032
936,0.2273,0.1315,0.1589,0.5955,0.2089,51083,216418,0.9107358262967431,0.9505428226779252,0.8564535585042219,0.8287092882991556,0.9047044632086851,0.42098914354644146,0.2798552472858866,0.7359986214027225
937,0.2644,0.1481,0.2037,0.5131,0.1979,47631,213144,0.9674306393244874,0.9788902291917974,0.6357056694813028,0.9324487334137515,0.8721351025331725,0.5609167671893849,0.2870928829915561,0.7478028605893503
939,0.1599,0.1068,0.2394,0.5034,0.2082,63260,474269,0.5518697225572979,0.7870928829915561,0.4794933655006032,0.9420989143546441,0.9034981905910736,0.18455971049457176,0.06393244873341375,0.5589350336033087
940,0.0707,0.0774,0.495,0.5799,0.1028,97102,774444,0.047044632086851626,0.3413751507840772,0.03618817852834744,0.8600723763570567,0.2316043425814234,0.0193003618817853,0.008443908323281013,0.22057556436326037
941,0.1317,0.0804,0.5197,0.3693,0.113,75760,779768,0.34439083232810613,0.3914354644149578,0.026537997587454787,0.9806996381182147,0.3100120627261761,0.08082026537997589,0.007237635705669487,0.30587627089436503
943,0.0966,0.0707,0.6499,0.5142,0.1007,98459,972658,0.14234016887816647,0.22919179734620024,0.012062726176115812,0.9300361881785284,0.22255729794933654,0.018094089264173663,0.0012062726176115257,0.22221264863001894
944,0.0594,0.0713,0.4881,0.5587,0.0983,96378,793488,0.025934861278648975,0.23642943305186973,0.0386007237635706,0.8974668275030157,0.20627261761158022,0.021712907117008462,0.006031363088057851,0.2046355333448217
945,0.0924,0.0986,0.3727,0.6467,0.1122,83961,495189,0.1224366706875754,0.6809408926417371,0.12062726176115801,0.7008443908323281,0.30759951749095293,0.049457177322074775,0.05186972255729794,0.290539376184732
946,0.1967,0.1133,0.3965,0.4179,0.1662,57987,510874,0.8057901085645356,0.8570566948130277,0.08805790108564537,0.971049457177322,0.6899879372738239,0.2605548854041013,0.04463208685162845,0.5310184387385835
947,0.162,0.0737,0.7082,0.4553,0.0825,73266,730810,0.571773220747889,0.27020506634499397,0.004825090470446325,0.9638118214716526,0.10796139927623644,0.09408926417370322,0.00965018094089265,0.2889022919179735
948,0.1686,0.1253,0.2329,0.5346,0.1957,54798,284687,0.6326899879372738,0.9227985524728589,0.5090470446320868,0.9203860072376358,0.8636911942098915,0.32689987937273823,0.16405307599517494,0.6199379631225227
949,0.0838,0.0768,0.4748,0.6225,0.1037,85202,690261,0.08082026537997587,0.3232810615199035,0.04463208685162845,0.7744270205066345,0.24246079613992763,0.04463208685162845,0.012062726176115812,0.21747372048940208
950,0.1061,0.0923,0.4315,0.6038,0.1191,88554,648765,0.18214716525934863,0.5723763570566948,0.06513872135102539,0.8154402895054282,0.353437876960193,0.03256936067551264,0.0156815440289505,0.290970187833879
951,0.117,0.1032,0.3674,0.592,0.1356,84276,584474,0.23944511459589868,0.7358262967430639,0.12545235223160434,0.8359469240048251,0.4583835946924005,0.045838359469240086,0.027744270205066313,0.3526624159917284
952,0.2069,0.1611,0.1765,0.5833,0.1768,50537,218239,0.8516284680337757,0.9879372738238842,0.7762364294330519,0.8564535585042219,0.7647768395657418,0.4414957780458384,0.26899879372738233,0.7067895915905565
953,0.1763,0.1538,0.1649,0.6059,0.1652,53321,214910,0.6845597104945718,0.9837153196622437,0.8299155609167672,0.8112183353437877,0.6791314837153196,0.36670687575392036,0.2834740651387213,0.6626744787179045
954,0.1476,0.1068,0.2827,0.6121,0.1588,56237,406199,0.4589867310012063,0.7870928829915561,0.3136308805790109,0.7949336550060313,0.6260554885404102,0.29312424607961396,0.09529553679131486,0.4813027744270205
955,0.2,0.1059,0.2414,0.5713,0.1862,41517,293317,0.8178528347406514,0.7720144752714113,0.46803377563329307,0.8757539203860072,0.8214716525934861,0.8009650180940893,0.14957780458383596,0.6722384973289677
956,0.117,0.1123,0.2901,0.657,0.1133,65589,315987,0.23944511459589868,0.8443908323281062,0.29191797346200243,0.6743063932448734,0.31242460796139926,0.15199034981905912,0.13510253317249699,0.37851111494054807
957,0.0794,0.0891,0.3887,0.7538,0.0776,86576,361463,0.07117008443908324,0.5235223160434258,0.09770808202653802,0.17973462002412544,0.08624849215922799,0.043425814234016924,0.10977080820265384,0.1587971738755816
958,0.2045,0.1403,0.265,0.5128,0.1557,51144,240524,0.838962605548854,0.9638118214716526,0.37032569360675516,0.9336550060313631,0.5989143546441495,0.41737032569360677,0.22195416164053072,0.6207134240909874
959,0.1844,0.142,0.2198,0.6282,0.1678,47337,248278,0.7430639324487334,0.9662243667068757,0.5585042219541616,0.7551266586248492,0.7032569360675512,0.5729794933655006,0.2098914354644149,0.6441495778045837
960,0.1845,0.1426,0.1858,0.6535,0.1666,42892,224568,0.7448733413751508,0.9686369119420989,0.7394451145958987,0.683956574185766,0.6911942098914354,0.7466827503015682,0.2593486127864898,0.6905910735826296
961,0.1344,0.1144,0.254,0.6277,0.1784,52991,332456,0.36791314837153194,0.8624849215922799,0.4028950542822678,0.7563329312424608,0.773220747889023,0.37394451145958985,0.12545235223160434,0.5231776667241081
967,0.1081,0.0752,0.2657,0.6328,0.0725,69791,504355,0.19601930036188178,0.29493365500603136,0.364897466827503,0.7370325693606755,0.05669481302774427,0.12303980699638117,0.045838359469240086,0.2597794244356368
968,0.1069,0.0491,0.3617,0.4801,0.0638,65432,596934,0.18455971049457176,0.040410132689987936,0.1363088057901085,0.9541616405307599,0.031363088057901084,0.15681544028950545,0.02533172496984315,0.21842150611752542
970,0.1203,0.1029,0.3041,0.6502,0.1479,60805,290469,0.26658624849215923,0.7322074788902292,0.24607961399276235,0.6936067551266587,0.5512665862484921,0.21230398069963807,0.15319662243667065,0.40789246941237284
971,0.1319,0.0962,0.2692,0.6678,0.1522,58013,263747,0.34921592279855246,0.6417370325693607,0.3558504221954162,0.6332931242460796,0.5753920386007237,0.2593486127864898,0.18697225572979492,0.42882991556091676
972,0.1539,0.0972,0.4199,0.567,0.1496,56633,317593,0.5096501809408926,0.6556091676718938,0.0699638118214716,0.887816646562123,0.5627261761158022,0.28588661037394447,0.1314837153196623,0.4433051869722558
973,0.1758,0.1109,0.2495,0.6225,0.1612,47609,217397,0.6797346200241254,0.8317249698431846,0.43305186972255727,0.7744270205066345,0.6441495778045838,0.5633293124246079,0.2750301568154403,0.6002067895915906
974,0.1816,0.1197,0.234,0.6306,0.1658,42230,218298,0.721351025331725,0.8962605548854041,0.503015681544029,0.7509047044632087,0.6851628468033776,0.7720144752714113,0.2677925211097708,0.6566431156298467
975,0.1744,0.1263,0.2207,0.6318,0.181,42028,244358,0.6700844390832328,0.9294330518697226,0.5548854041013269,0.7460796139927623,0.7901085645355851,0.7864897466827503,0.21833534378769603,0.670773737721868
976,0.1856,0.1226,0.1987,0.6592,0.1776,40497,158921,0.7515078407720145,0.9095295536791315,0.6616405307599518,0.6646562123039808,0.767189384800965,0.8335343787696019,0.4644149577804584,0.721781836980872
977,0.1447,0.1279,0.2655,0.6673,0.1739,49055,252056,0.4390832328106152,0.9372738238841978,0.36670687575392036,0.6369119420989143,0.7400482509047045,0.49336550060313633,0.20627261761158022,0.5456660348095812
978,0.1608,0.0974,0.1702,0.6656,0.1804,44877,149378,0.5603136308805791,0.6586248492159228,0.7997587454764776,0.6423401688781665,0.7840772014475271,0.6694813027744271,0.5138721351025332,0.6612097191108047
979,0.2489,0.1301,0.1364,0.6481,0.2278,37113,142383,0.9505428226779252,0.9463208685162847,0.9306393244873341,0.6960193003618818,0.9553679131483716,0.9227985524728589,0.5512665862484922,0.8504221954161642
980,0.0862,0.0744,0.4219,0.6675,0.1114,82132,402804,0.09167671893848009,0.2792521109770808,0.06875753920386007,0.6344993968636912,0.3027744270205066,0.055488540410132736,0.09650180940892639,0.21842150611752542
981,0.1355,0.0732,0.4979,0.5077,0.1263,63503,428436,0.3751507840772014,0.26115802171290714,0.0349819059107358,0.9384800965018094,0.39987937273823887,0.18094089264173707,0.08443908323281057,0.32500430811649145
982,0.1187,0.0906,0.2665,0.6673,0.1328,61138,299219,0.24849215922798554,0.5464414957780458,0.36188178528347403,0.6369119420989143,0.4408926417370326,0.20627261761158022,0.14475271411338964,0.3693779079786318
983,0.0979,0.0949,0.2502,0.7131,0.1208,62435,267294,0.14897466827503017,0.6224366706875754,0.4234016887816646,0.4451145958986731,0.36429433051869725,0.19300361881785288,0.17973462002412544,0.3395657418576598
984,0.1566,0.1127,0.2283,0.514,0.1534,52066,244723,0.525934861278649,0.850422195416164,0.5367913148371533,0.9312424607961399,0.5850422195416164,0.39324487334137515,0.2171290711700844,0.5771152851973118
985,0.1364,0.108,0.2426,0.6976,0.1348,55141,226232,0.37997587454764775,0.7991556091676719,0.45838359469240053,0.525934861278649,0.4505428226779252,0.3148371531966224,0.2521109770808203,0.45442012752024824
986,0.1336,0.1108,0.2351,0.6656,0.1337,56101,237726,0.36248492159227985,0.8299155609167672,0.496984318455971,0.6423401688781665,0.4439083232810615,0.2955367913148371,0.22677925211097705,0.4711356195071515
988,0.1686,0.0976,0.1908,0.6611,0.1935,47818,208793,0.6326899879372738,0.6640530759951749,0.7123039806996381,0.6574185765983112,0.8528347406513872,0.5536791314837153,0.30036188178528345,0.6247630535929691
989,0.2233,0.1067,0.1809,0.6168,0.2361,44387,171223,0.9010856453558505,0.7852834740651388,0.7599517490952955,0.7864897466827503,0.9638118214716526,0.6936067551266587,0.41375150784077197,0.7577115285197312
990,0.1119,0.0881,0.2788,0.7615,0.1007,60718,217549,0.2135102533172497,0.5120627261761158,0.3214716525934861,0.13751507840772015,0.22255729794933654,0.21471652593486124,0.27382388419782866,0.27080820265379973
991,0.2352,0.0919,0.2699,0.6553,0.129,37804,173562,0.9270205066344994,0.5615199034981906,0.3528347406513872,0.6779252110977081,0.4209891435464415,0.9095295536791315,0.40168878166465616,0.6073582629674306
992,0.1617,0.0985,0.287,0.6065,0.1344,47594,189472,0.5693606755126659,0.6785283474065139,0.2979493365500603,0.8069963811821472,0.44632086851628466,0.5657418576598312,0.34740651387213506,0.5303291400999482
993,0.1661,0.0744,0.2369,0.6644,0.1632,55793,177483,0.6055488540410132,0.2792521109770808,0.48733413751507837,0.6477683956574185,0.6574185765983113,0.30398069963811825,0.3884197828709288,0.48138893675684985
994,0.1365,0.0691,0.1629,0.6797,0.1366,42832,176913,0.38178528347406515,0.21712907117008443,0.8383594692400482,0.5995174909529554,0.4632086851628468,0.7515078407720145,0.390832328106152,0.520334309839738
995,0.0837,0.0766,0.3154,0.6203,0.1744,77605,273714,0.07961399276236429,0.3178528347406514,0.20747889022919175,0.7780458383594693,0.744270205066345,0.0735826296743064,0.17129071170084442,0.33887644321902466
996,0.113,0.0988,0.209,0.7286,0.2363,65886,205961,0.2195416164053076,0.6845597104945718,0.6049457177322075,0.35102533172496986,0.9650180940892642,0.1471652593486128,0.30759951749095293,0.4685507496122695
997,0.1079,0.0941,0.2522,0.5981,0.1853,67732,199098,0.19240048250904704,0.6097708082026538,0.40952955367913146,0.8262967430639324,0.8142340168878166,0.1363088057901085,0.3220747889022919,0.47294502843356884
998,0.0725,0.0585,0.3385,0.6263,0.1851,71978,284165,0.05307599517490953,0.09047044632086852,0.1749095295536791,0.7623642943305187,0.8118214716525934,0.10132689987937271,0.16525934861278646,0.3084611407892469
999,0.1071,0.0888,0.2144,0.6241,0.2327,54802,216031,0.18697225572979492,0.5199034981905911,0.5759951749095296,0.7683956574185766,0.9589867310012062,0.3250904704463209,0.28106151990349815,0.516629329657074
