representation,model,grouping,threshold,n_folds_used,n_folds_insufficient,metric,mean_value,n_sig_raw_p05,n_sig_BH_q05
finbert_768,Logistic,AsianConcentration,0.3,7,7,TPR,-0.0058,1.0,1.0
finbert_768,Logistic,AsianConcentration,0.3,7,7,FPR,-0.018,6.0,2.0
finbert_768,Logistic,AsianConcentration,0.3,7,7,PPR,-0.0177,5.0,4.0
finbert_768,Logistic,AsianConcentration,0.3,7,7,AUC,0.0037,,
finbert_768,Logistic,AsianConcentration,0.3,7,7,EO_diff,0.0498,,
finbert_768,Logistic,AsianConcentration,0.4,7,7,TPR,0.006,1.0,0.0
finbert_768,Logistic,AsianConcentration,0.4,7,7,FPR,-0.0351,4.0,3.0
finbert_768,Logistic,AsianConcentration,0.4,7,7,PPR,-0.0307,3.0,3.0
finbert_768,Logistic,AsianConcentration,0.4,7,7,AUC,0.0037,,
finbert_768,Logistic,AsianConcentration,0.4,7,7,EO_diff,0.0504,,
finbert_768,Logistic,AsianConcentration,0.5,7,7,TPR,-0.0231,1.0,1.0
finbert_768,Logistic,AsianConcentration,0.5,7,7,FPR,-0.0308,2.0,1.0
finbert_768,Logistic,AsianConcentration,0.5,7,7,PPR,-0.0315,2.0,2.0
finbert_768,Logistic,AsianConcentration,0.5,7,7,AUC,0.0037,,
finbert_768,Logistic,AsianConcentration,0.5,7,7,EO_diff,0.0504,,
finbert_768,Logistic,AsianConcentration,0.6,7,7,TPR,-0.0422,1.0,1.0
finbert_768,Logistic,AsianConcentration,0.6,7,7,FPR,-0.0251,2.0,2.0
finbert_768,Logistic,AsianConcentration,0.6,7,7,PPR,-0.0291,2.0,2.0
finbert_768,Logistic,AsianConcentration,0.6,7,7,AUC,0.0037,,
finbert_768,Logistic,AsianConcentration,0.6,7,7,EO_diff,0.0573,,
finbert_768,Logistic,BlackConcentration,0.3,12,2,TPR,0.0374,1.0,0.0
finbert_768,Logistic,BlackConcentration,0.3,12,2,FPR,0.0055,5.0,4.0
finbert_768,Logistic,BlackConcentration,0.3,12,2,PPR,0.0125,5.0,3.0
finbert_768,Logistic,BlackConcentration,0.3,12,2,AUC,0.0229,,
finbert_768,Logistic,BlackConcentration,0.3,12,2,EO_diff,0.0548,,
finbert_768,Logistic,BlackConcentration,0.4,12,2,TPR,0.0445,3.0,0.0
finbert_768,Logistic,BlackConcentration,0.4,12,2,FPR,0.0091,4.0,4.0
finbert_768,Logistic,BlackConcentration,0.4,12,2,PPR,0.0173,4.0,4.0
finbert_768,Logistic,BlackConcentration,0.4,12,2,AUC,0.0229,,
finbert_768,Logistic,BlackConcentration,0.4,12,2,EO_diff,0.0586,,
finbert_768,Logistic,BlackConcentration,0.5,12,2,TPR,0.0477,2.0,1.0
finbert_768,Logistic,BlackConcentration,0.5,12,2,FPR,0.0077,3.0,2.0
finbert_768,Logistic,BlackConcentration,0.5,12,2,PPR,0.017,3.0,3.0
finbert_768,Logistic,BlackConcentration,0.5,12,2,AUC,0.0229,,
finbert_768,Logistic,BlackConcentration,0.5,12,2,EO_diff,0.0644,,
finbert_768,Logistic,BlackConcentration,0.6,12,2,TPR,0.0241,2.0,0.0
finbert_768,Logistic,BlackConcentration,0.6,12,2,FPR,0.0085,3.0,2.0
finbert_768,Logistic,BlackConcentration,0.6,12,2,PPR,0.0134,3.0,3.0
finbert_768,Logistic,BlackConcentration,0.6,12,2,AUC,0.0229,,
finbert_768,Logistic,BlackConcentration,0.6,12,2,EO_diff,0.0503,,
finbert_768,Logistic,ForeignBornConcentration,0.3,9,5,TPR,0.0115,1.0,0.0
finbert_768,Logistic,ForeignBornConcentration,0.3,9,5,FPR,-0.0081,3.0,3.0
finbert_768,Logistic,ForeignBornConcentration,0.3,9,5,PPR,-0.0059,4.0,4.0
finbert_768,Logistic,ForeignBornConcentration,0.3,9,5,AUC,-0.0004,,
finbert_768,Logistic,ForeignBornConcentration,0.3,9,5,EO_diff,0.0498,,
finbert_768,Logistic,ForeignBornConcentration,0.4,9,5,TPR,0.013,0.0,0.0
finbert_768,Logistic,ForeignBornConcentration,0.4,9,5,FPR,-0.0161,3.0,2.0
finbert_768,Logistic,ForeignBornConcentration,0.4,9,5,PPR,-0.0129,3.0,2.0
finbert_768,Logistic,ForeignBornConcentration,0.4,9,5,AUC,-0.0004,,
finbert_768,Logistic,ForeignBornConcentration,0.4,9,5,EO_diff,0.0519,,
finbert_768,Logistic,ForeignBornConcentration,0.5,9,5,TPR,-0.0083,1.0,0.0
finbert_768,Logistic,ForeignBornConcentration,0.5,9,5,FPR,-0.012,1.0,1.0
finbert_768,Logistic,ForeignBornConcentration,0.5,9,5,PPR,-0.013,2.0,1.0
finbert_768,Logistic,ForeignBornConcentration,0.5,9,5,AUC,-0.0004,,
finbert_768,Logistic,ForeignBornConcentration,0.5,9,5,EO_diff,0.0426,,
finbert_768,Logistic,ForeignBornConcentration,0.6,9,5,TPR,-0.0421,2.0,0.0
finbert_768,Logistic,ForeignBornConcentration,0.6,9,5,FPR,-0.0103,2.0,1.0
finbert_768,Logistic,ForeignBornConcentration,0.6,9,5,PPR,-0.0166,3.0,2.0
finbert_768,Logistic,ForeignBornConcentration,0.6,9,5,AUC,-0.0004,,
finbert_768,Logistic,ForeignBornConcentration,0.6,9,5,EO_diff,0.0553,,
finbert_768,Logistic,HispanicConcentration,0.3,10,4,TPR,0.0097,1.0,0.0
finbert_768,Logistic,HispanicConcentration,0.3,10,4,FPR,-0.0034,2.0,0.0
finbert_768,Logistic,HispanicConcentration,0.3,10,4,PPR,-0.0022,2.0,0.0
finbert_768,Logistic,HispanicConcentration,0.3,10,4,AUC,-0.001,,
finbert_768,Logistic,HispanicConcentration,0.3,10,4,EO_diff,0.04,,
finbert_768,Logistic,HispanicConcentration,0.4,10,4,TPR,-0.0062,0.0,0.0
finbert_768,Logistic,HispanicConcentration,0.4,10,4,FPR,-0.0134,2.0,1.0
finbert_768,Logistic,HispanicConcentration,0.4,10,4,PPR,-0.0136,3.0,2.0
finbert_768,Logistic,HispanicConcentration,0.4,10,4,AUC,-0.001,,
finbert_768,Logistic,HispanicConcentration,0.4,10,4,EO_diff,0.0392,,
finbert_768,Logistic,HispanicConcentration,0.5,10,4,TPR,-0.0059,1.0,0.0
finbert_768,Logistic,HispanicConcentration,0.5,10,4,FPR,-0.0095,1.0,0.0
finbert_768,Logistic,HispanicConcentration,0.5,10,4,PPR,-0.0104,2.0,1.0
finbert_768,Logistic,HispanicConcentration,0.5,10,4,AUC,-0.001,,
finbert_768,Logistic,HispanicConcentration,0.5,10,4,EO_diff,0.0506,,
finbert_768,Logistic,HispanicConcentration,0.6,10,4,TPR,-0.0263,2.0,2.0
finbert_768,Logistic,HispanicConcentration,0.6,10,4,FPR,-0.007,2.0,1.0
finbert_768,Logistic,HispanicConcentration,0.6,10,4,PPR,-0.011,3.0,3.0
finbert_768,Logistic,HispanicConcentration,0.6,10,4,AUC,-0.001,,
finbert_768,Logistic,HispanicConcentration,0.6,10,4,EO_diff,0.0623,,
finbert_768,Logistic,LimitedEnglishConcentration,0.3,9,5,TPR,0.0023,0.0,0.0
finbert_768,Logistic,LimitedEnglishConcentration,0.3,9,5,FPR,-0.0018,2.0,0.0
finbert_768,Logistic,LimitedEnglishConcentration,0.3,9,5,PPR,-0.0014,3.0,1.0
finbert_768,Logistic,LimitedEnglishConcentration,0.3,9,5,AUC,-0.0049,,
finbert_768,Logistic,LimitedEnglishConcentration,0.3,9,5,EO_diff,0.0384,,
finbert_768,Logistic,LimitedEnglishConcentration,0.4,9,5,TPR,0.0058,0.0,0.0
finbert_768,Logistic,LimitedEnglishConcentration,0.4,9,5,FPR,-0.0078,2.0,1.0
finbert_768,Logistic,LimitedEnglishConcentration,0.4,9,5,PPR,-0.0063,2.0,2.0
finbert_768,Logistic,LimitedEnglishConcentration,0.4,9,5,AUC,-0.0049,,
finbert_768,Logistic,LimitedEnglishConcentration,0.4,9,5,EO_diff,0.0446,,
finbert_768,Logistic,LimitedEnglishConcentration,0.5,9,5,TPR,-0.0046,1.0,0.0
finbert_768,Logistic,LimitedEnglishConcentration,0.5,9,5,FPR,-0.0094,3.0,1.0
finbert_768,Logistic,LimitedEnglishConcentration,0.5,9,5,PPR,-0.0093,3.0,2.0
finbert_768,Logistic,LimitedEnglishConcentration,0.5,9,5,AUC,-0.0049,,
finbert_768,Logistic,LimitedEnglishConcentration,0.5,9,5,EO_diff,0.0437,,
finbert_768,Logistic,LimitedEnglishConcentration,0.6,9,5,TPR,-0.0318,2.0,0.0
finbert_768,Logistic,LimitedEnglishConcentration,0.6,9,5,FPR,-0.0073,2.0,1.0
finbert_768,Logistic,LimitedEnglishConcentration,0.6,9,5,PPR,-0.0118,3.0,3.0
finbert_768,Logistic,LimitedEnglishConcentration,0.6,9,5,AUC,-0.0049,,
finbert_768,Logistic,LimitedEnglishConcentration,0.6,9,5,EO_diff,0.0457,,
finbert_768,Logistic,SES_group,0.3,14,0,TPR,0.0175,2.0,1.0
finbert_768,Logistic,SES_group,0.3,14,0,FPR,0.0684,12.0,12.0
finbert_768,Logistic,SES_group,0.3,14,0,PPR,0.0655,12.0,12.0
finbert_768,Logistic,SES_group,0.3,14,0,AUC,-0.0039,,
finbert_768,Logistic,SES_group,0.3,14,0,EO_diff,0.0786,,
finbert_768,Logistic,SES_group,0.4,14,0,TPR,0.0371,3.0,0.0
finbert_768,Logistic,SES_group,0.4,14,0,FPR,0.0643,8.0,8.0
finbert_768,Logistic,SES_group,0.4,14,0,PPR,0.0664,12.0,10.0
finbert_768,Logistic,SES_group,0.4,14,0,AUC,-0.0039,,
finbert_768,Logistic,SES_group,0.4,14,0,EO_diff,0.0787,,
finbert_768,Logistic,SES_group,0.5,14,0,TPR,0.0561,4.0,2.0
finbert_768,Logistic,SES_group,0.5,14,0,FPR,0.0492,8.0,8.0
finbert_768,Logistic,SES_group,0.5,14,0,PPR,0.057,9.0,8.0
finbert_768,Logistic,SES_group,0.5,14,0,AUC,-0.0039,,
finbert_768,Logistic,SES_group,0.5,14,0,EO_diff,0.0822,,
finbert_768,Logistic,SES_group,0.6,14,0,TPR,0.0363,5.0,5.0
finbert_768,Logistic,SES_group,0.6,14,0,FPR,0.037,7.0,7.0
finbert_768,Logistic,SES_group,0.6,14,0,PPR,0.0428,8.0,6.0
finbert_768,Logistic,SES_group,0.6,14,0,AUC,-0.0039,,
finbert_768,Logistic,SES_group,0.6,14,0,EO_diff,0.0856,,
finbert_768,Logistic,WhiteConcentration,0.3,10,4,TPR,-0.0214,2.0,0.0
finbert_768,Logistic,WhiteConcentration,0.3,10,4,FPR,0.0002,0.0,0.0
finbert_768,Logistic,WhiteConcentration,0.3,10,4,PPR,-0.0043,0.0,0.0
finbert_768,Logistic,WhiteConcentration,0.3,10,4,AUC,-0.0245,,
finbert_768,Logistic,WhiteConcentration,0.3,10,4,EO_diff,0.0506,,
finbert_768,Logistic,WhiteConcentration,0.4,10,4,TPR,-0.0306,0.0,0.0
finbert_768,Logistic,WhiteConcentration,0.4,10,4,FPR,0.0072,1.0,0.0
finbert_768,Logistic,WhiteConcentration,0.4,10,4,PPR,0.0001,1.0,1.0
finbert_768,Logistic,WhiteConcentration,0.4,10,4,AUC,-0.0245,,
finbert_768,Logistic,WhiteConcentration,0.4,10,4,EO_diff,0.0518,,
finbert_768,Logistic,WhiteConcentration,0.5,10,4,TPR,-0.0466,1.0,0.0
finbert_768,Logistic,WhiteConcentration,0.5,10,4,FPR,0.0051,0.0,0.0
finbert_768,Logistic,WhiteConcentration,0.5,10,4,PPR,-0.0044,0.0,0.0
finbert_768,Logistic,WhiteConcentration,0.5,10,4,AUC,-0.0245,,
finbert_768,Logistic,WhiteConcentration,0.5,10,4,EO_diff,0.0694,,
finbert_768,Logistic,WhiteConcentration,0.6,10,4,TPR,-0.0182,1.0,0.0
finbert_768,Logistic,WhiteConcentration,0.6,10,4,FPR,0.0062,1.0,0.0
finbert_768,Logistic,WhiteConcentration,0.6,10,4,PPR,0.0014,2.0,0.0
finbert_768,Logistic,WhiteConcentration,0.6,10,4,AUC,-0.0245,,
finbert_768,Logistic,WhiteConcentration,0.6,10,4,EO_diff,0.0562,,
finbert_768,XGBoost,AsianConcentration,0.3,7,7,TPR,-0.0135,1.0,1.0
finbert_768,XGBoost,AsianConcentration,0.3,7,7,FPR,-0.0548,5.0,5.0
finbert_768,XGBoost,AsianConcentration,0.3,7,7,PPR,-0.0502,5.0,5.0
finbert_768,XGBoost,AsianConcentration,0.3,7,7,AUC,0.0082,,
finbert_768,XGBoost,AsianConcentration,0.3,7,7,EO_diff,0.0634,,
finbert_768,XGBoost,AsianConcentration,0.4,7,7,TPR,-0.0145,1.0,0.0
finbert_768,XGBoost,AsianConcentration,0.4,7,7,FPR,-0.0625,5.0,5.0
finbert_768,XGBoost,AsianConcentration,0.4,7,7,PPR,-0.0568,5.0,5.0
finbert_768,XGBoost,AsianConcentration,0.4,7,7,AUC,0.0082,,
finbert_768,XGBoost,AsianConcentration,0.4,7,7,EO_diff,0.072,,
finbert_768,XGBoost,AsianConcentration,0.5,7,7,TPR,-0.0348,1.0,1.0
finbert_768,XGBoost,AsianConcentration,0.5,7,7,FPR,-0.0622,6.0,6.0
finbert_768,XGBoost,AsianConcentration,0.5,7,7,PPR,-0.0597,6.0,6.0
finbert_768,XGBoost,AsianConcentration,0.5,7,7,AUC,0.0082,,
finbert_768,XGBoost,AsianConcentration,0.5,7,7,EO_diff,0.075,,
finbert_768,XGBoost,AsianConcentration,0.6,7,7,TPR,-0.0631,1.0,1.0
finbert_768,XGBoost,AsianConcentration,0.6,7,7,FPR,-0.046,7.0,7.0
finbert_768,XGBoost,AsianConcentration,0.6,7,7,PPR,-0.0499,6.0,5.0
finbert_768,XGBoost,AsianConcentration,0.6,7,7,AUC,0.0082,,
finbert_768,XGBoost,AsianConcentration,0.6,7,7,EO_diff,0.0781,,
finbert_768,XGBoost,BlackConcentration,0.3,12,2,TPR,0.0077,0.0,0.0
finbert_768,XGBoost,BlackConcentration,0.3,12,2,FPR,0.0013,1.0,0.0
finbert_768,XGBoost,BlackConcentration,0.3,12,2,PPR,0.0037,1.0,0.0
finbert_768,XGBoost,BlackConcentration,0.3,12,2,AUC,0.0123,,
finbert_768,XGBoost,BlackConcentration,0.3,12,2,EO_diff,0.0312,,
finbert_768,XGBoost,BlackConcentration,0.4,12,2,TPR,0.0153,1.0,0.0
finbert_768,XGBoost,BlackConcentration,0.4,12,2,FPR,-0.0042,0.0,0.0
finbert_768,XGBoost,BlackConcentration,0.4,12,2,PPR,0.0015,3.0,0.0
finbert_768,XGBoost,BlackConcentration,0.4,12,2,AUC,0.0123,,
finbert_768,XGBoost,BlackConcentration,0.4,12,2,EO_diff,0.0418,,
finbert_768,XGBoost,BlackConcentration,0.5,12,2,TPR,0.0078,1.0,0.0
finbert_768,XGBoost,BlackConcentration,0.5,12,2,FPR,-0.012,1.0,1.0
finbert_768,XGBoost,BlackConcentration,0.5,12,2,PPR,-0.006,3.0,3.0
finbert_768,XGBoost,BlackConcentration,0.5,12,2,AUC,0.0123,,
finbert_768,XGBoost,BlackConcentration,0.5,12,2,EO_diff,0.0499,,
finbert_768,XGBoost,BlackConcentration,0.6,12,2,TPR,0.0196,0.0,0.0
finbert_768,XGBoost,BlackConcentration,0.6,12,2,FPR,-0.0065,1.0,0.0
finbert_768,XGBoost,BlackConcentration,0.6,12,2,PPR,0.0003,3.0,0.0
finbert_768,XGBoost,BlackConcentration,0.6,12,2,AUC,0.0123,,
finbert_768,XGBoost,BlackConcentration,0.6,12,2,EO_diff,0.0515,,
finbert_768,XGBoost,ForeignBornConcentration,0.3,9,5,TPR,-0.0179,0.0,0.0
finbert_768,XGBoost,ForeignBornConcentration,0.3,9,5,FPR,-0.0449,6.0,5.0
finbert_768,XGBoost,ForeignBornConcentration,0.3,9,5,PPR,-0.0419,6.0,6.0
finbert_768,XGBoost,ForeignBornConcentration,0.3,9,5,AUC,-0.005,,
finbert_768,XGBoost,ForeignBornConcentration,0.3,9,5,EO_diff,0.0521,,
finbert_768,XGBoost,ForeignBornConcentration,0.4,9,5,TPR,-0.0428,1.0,0.0
finbert_768,XGBoost,ForeignBornConcentration,0.4,9,5,FPR,-0.0563,5.0,5.0
finbert_768,XGBoost,ForeignBornConcentration,0.4,9,5,PPR,-0.0556,5.0,5.0
finbert_768,XGBoost,ForeignBornConcentration,0.4,9,5,AUC,-0.005,,
finbert_768,XGBoost,ForeignBornConcentration,0.4,9,5,EO_diff,0.0703,,
finbert_768,XGBoost,ForeignBornConcentration,0.5,9,5,TPR,-0.0544,2.0,1.0
finbert_768,XGBoost,ForeignBornConcentration,0.5,9,5,FPR,-0.053,6.0,6.0
finbert_768,XGBoost,ForeignBornConcentration,0.5,9,5,PPR,-0.0546,6.0,6.0
finbert_768,XGBoost,ForeignBornConcentration,0.5,9,5,AUC,-0.005,,
finbert_768,XGBoost,ForeignBornConcentration,0.5,9,5,EO_diff,0.0776,,
finbert_768,XGBoost,ForeignBornConcentration,0.6,9,5,TPR,-0.0809,4.0,3.0
finbert_768,XGBoost,ForeignBornConcentration,0.6,9,5,FPR,-0.0446,6.0,4.0
finbert_768,XGBoost,ForeignBornConcentration,0.6,9,5,PPR,-0.0517,7.0,7.0
finbert_768,XGBoost,ForeignBornConcentration,0.6,9,5,AUC,-0.005,,
finbert_768,XGBoost,ForeignBornConcentration,0.6,9,5,EO_diff,0.0872,,
finbert_768,XGBoost,HispanicConcentration,0.3,10,4,TPR,-0.0209,0.0,0.0
finbert_768,XGBoost,HispanicConcentration,0.3,10,4,FPR,-0.0319,6.0,5.0
finbert_768,XGBoost,HispanicConcentration,0.3,10,4,PPR,-0.0309,6.0,5.0
finbert_768,XGBoost,HispanicConcentration,0.3,10,4,AUC,-0.0049,,
finbert_768,XGBoost,HispanicConcentration,0.3,10,4,EO_diff,0.0462,,
finbert_768,XGBoost,HispanicConcentration,0.4,10,4,TPR,-0.0397,2.0,0.0
finbert_768,XGBoost,HispanicConcentration,0.4,10,4,FPR,-0.0424,5.0,5.0
finbert_768,XGBoost,HispanicConcentration,0.4,10,4,PPR,-0.0434,6.0,6.0
finbert_768,XGBoost,HispanicConcentration,0.4,10,4,AUC,-0.0049,,
finbert_768,XGBoost,HispanicConcentration,0.4,10,4,EO_diff,0.0554,,
finbert_768,XGBoost,HispanicConcentration,0.5,10,4,TPR,-0.0368,4.0,0.0
finbert_768,XGBoost,HispanicConcentration,0.5,10,4,FPR,-0.0392,5.0,4.0
finbert_768,XGBoost,HispanicConcentration,0.5,10,4,PPR,-0.0402,5.0,5.0
finbert_768,XGBoost,HispanicConcentration,0.5,10,4,AUC,-0.0049,,
finbert_768,XGBoost,HispanicConcentration,0.5,10,4,EO_diff,0.0621,,
finbert_768,XGBoost,HispanicConcentration,0.6,10,4,TPR,-0.0493,2.0,1.0
finbert_768,XGBoost,HispanicConcentration,0.6,10,4,FPR,-0.0346,5.0,5.0
finbert_768,XGBoost,HispanicConcentration,0.6,10,4,PPR,-0.0378,5.0,5.0
finbert_768,XGBoost,HispanicConcentration,0.6,10,4,AUC,-0.0049,,
finbert_768,XGBoost,HispanicConcentration,0.6,10,4,EO_diff,0.067,,
finbert_768,XGBoost,LimitedEnglishConcentration,0.3,9,5,TPR,-0.0089,0.0,0.0
finbert_768,XGBoost,LimitedEnglishConcentration,0.3,9,5,FPR,-0.039,5.0,5.0
finbert_768,XGBoost,LimitedEnglishConcentration,0.3,9,5,PPR,-0.0351,5.0,5.0
finbert_768,XGBoost,LimitedEnglishConcentration,0.3,9,5,AUC,0.0043,,
finbert_768,XGBoost,LimitedEnglishConcentration,0.3,9,5,EO_diff,0.0547,,
finbert_768,XGBoost,LimitedEnglishConcentration,0.4,9,5,TPR,-0.0266,0.0,0.0
finbert_768,XGBoost,LimitedEnglishConcentration,0.4,9,5,FPR,-0.0511,6.0,6.0
finbert_768,XGBoost,LimitedEnglishConcentration,0.4,9,5,PPR,-0.0481,6.0,6.0
finbert_768,XGBoost,LimitedEnglishConcentration,0.4,9,5,AUC,0.0043,,
finbert_768,XGBoost,LimitedEnglishConcentration,0.4,9,5,EO_diff,0.0563,,
finbert_768,XGBoost,LimitedEnglishConcentration,0.5,9,5,TPR,-0.028,1.0,0.0
finbert_768,XGBoost,LimitedEnglishConcentration,0.5,9,5,FPR,-0.0481,6.0,5.0
finbert_768,XGBoost,LimitedEnglishConcentration,0.5,9,5,PPR,-0.0454,7.0,6.0
finbert_768,XGBoost,LimitedEnglishConcentration,0.5,9,5,AUC,0.0043,,
finbert_768,XGBoost,LimitedEnglishConcentration,0.5,9,5,EO_diff,0.0562,,
finbert_768,XGBoost,LimitedEnglishConcentration,0.6,9,5,TPR,-0.073,3.0,1.0
finbert_768,XGBoost,LimitedEnglishConcentration,0.6,9,5,FPR,-0.0446,5.0,5.0
finbert_768,XGBoost,LimitedEnglishConcentration,0.6,9,5,PPR,-0.0497,7.0,7.0
finbert_768,XGBoost,LimitedEnglishConcentration,0.6,9,5,AUC,0.0043,,
finbert_768,XGBoost,LimitedEnglishConcentration,0.6,9,5,EO_diff,0.0782,,
finbert_768,XGBoost,SES_group,0.3,14,0,TPR,-0.0116,3.0,1.0
finbert_768,XGBoost,SES_group,0.3,14,0,FPR,0.0545,10.0,10.0
finbert_768,XGBoost,SES_group,0.3,14,0,PPR,0.0497,10.0,9.0
finbert_768,XGBoost,SES_group,0.3,14,0,AUC,-0.0106,,
finbert_768,XGBoost,SES_group,0.3,14,0,EO_diff,0.0789,,
finbert_768,XGBoost,SES_group,0.4,14,0,TPR,0.0222,2.0,1.0
finbert_768,XGBoost,SES_group,0.4,14,0,FPR,0.0516,8.0,8.0
finbert_768,XGBoost,SES_group,0.4,14,0,PPR,0.0531,8.0,8.0
finbert_768,XGBoost,SES_group,0.4,14,0,AUC,-0.0106,,
finbert_768,XGBoost,SES_group,0.4,14,0,EO_diff,0.0776,,
finbert_768,XGBoost,SES_group,0.5,14,0,TPR,0.0522,5.0,2.0
finbert_768,XGBoost,SES_group,0.5,14,0,FPR,0.0421,9.0,9.0
finbert_768,XGBoost,SES_group,0.5,14,0,PPR,0.049,9.0,9.0
finbert_768,XGBoost,SES_group,0.5,14,0,AUC,-0.0106,,
finbert_768,XGBoost,SES_group,0.5,14,0,EO_diff,0.0881,,
finbert_768,XGBoost,SES_group,0.6,14,0,TPR,0.0519,3.0,3.0
finbert_768,XGBoost,SES_group,0.6,14,0,FPR,0.0282,8.0,6.0
finbert_768,XGBoost,SES_group,0.6,14,0,PPR,0.0356,8.0,8.0
finbert_768,XGBoost,SES_group,0.6,14,0,AUC,-0.0106,,
finbert_768,XGBoost,SES_group,0.6,14,0,EO_diff,0.0793,,
finbert_768,XGBoost,WhiteConcentration,0.3,10,4,TPR,0.0044,0.0,0.0
finbert_768,XGBoost,WhiteConcentration,0.3,10,4,FPR,0.0204,5.0,3.0
finbert_768,XGBoost,WhiteConcentration,0.3,10,4,PPR,0.0174,5.0,4.0
finbert_768,XGBoost,WhiteConcentration,0.3,10,4,AUC,-0.0138,,
finbert_768,XGBoost,WhiteConcentration,0.3,10,4,EO_diff,0.0362,,
finbert_768,XGBoost,WhiteConcentration,0.4,10,4,TPR,0.0133,0.0,0.0
finbert_768,XGBoost,WhiteConcentration,0.4,10,4,FPR,0.0333,5.0,2.0
finbert_768,XGBoost,WhiteConcentration,0.4,10,4,PPR,0.029,4.0,4.0
finbert_768,XGBoost,WhiteConcentration,0.4,10,4,AUC,-0.0138,,
finbert_768,XGBoost,WhiteConcentration,0.4,10,4,EO_diff,0.0421,,
finbert_768,XGBoost,WhiteConcentration,0.5,10,4,TPR,0.0051,0.0,0.0
finbert_768,XGBoost,WhiteConcentration,0.5,10,4,FPR,0.0364,3.0,3.0
finbert_768,XGBoost,WhiteConcentration,0.5,10,4,PPR,0.03,3.0,3.0
finbert_768,XGBoost,WhiteConcentration,0.5,10,4,AUC,-0.0138,,
finbert_768,XGBoost,WhiteConcentration,0.5,10,4,EO_diff,0.0414,,
finbert_768,XGBoost,WhiteConcentration,0.6,10,4,TPR,0.0093,1.0,0.0
finbert_768,XGBoost,WhiteConcentration,0.6,10,4,FPR,0.031,4.0,2.0
finbert_768,XGBoost,WhiteConcentration,0.6,10,4,PPR,0.0263,4.0,3.0
finbert_768,XGBoost,WhiteConcentration,0.6,10,4,AUC,-0.0138,,
finbert_768,XGBoost,WhiteConcentration,0.6,10,4,EO_diff,0.0527,,
finbert_pca50,Logistic,AsianConcentration,0.3,7,7,TPR,-0.0017,1.0,0.0
finbert_pca50,Logistic,AsianConcentration,0.3,7,7,FPR,-0.0208,5.0,5.0
finbert_pca50,Logistic,AsianConcentration,0.3,7,7,PPR,-0.0198,5.0,3.0
finbert_pca50,Logistic,AsianConcentration,0.3,7,7,AUC,0.0088,,
finbert_pca50,Logistic,AsianConcentration,0.3,7,7,EO_diff,0.048,,
finbert_pca50,Logistic,AsianConcentration,0.4,7,7,TPR,0.0028,2.0,0.0
finbert_pca50,Logistic,AsianConcentration,0.4,7,7,FPR,-0.0332,4.0,3.0
finbert_pca50,Logistic,AsianConcentration,0.4,7,7,PPR,-0.0304,4.0,2.0
finbert_pca50,Logistic,AsianConcentration,0.4,7,7,AUC,0.0088,,
finbert_pca50,Logistic,AsianConcentration,0.4,7,7,EO_diff,0.0614,,
finbert_pca50,Logistic,AsianConcentration,0.5,7,7,TPR,-0.006,1.0,0.0
finbert_pca50,Logistic,AsianConcentration,0.5,7,7,FPR,-0.026,3.0,2.0
finbert_pca50,Logistic,AsianConcentration,0.5,7,7,PPR,-0.0254,3.0,1.0
finbert_pca50,Logistic,AsianConcentration,0.5,7,7,AUC,0.0088,,
finbert_pca50,Logistic,AsianConcentration,0.5,7,7,EO_diff,0.0526,,
finbert_pca50,Logistic,AsianConcentration,0.6,7,7,TPR,-0.0448,1.0,1.0
finbert_pca50,Logistic,AsianConcentration,0.6,7,7,FPR,-0.0241,3.0,2.0
finbert_pca50,Logistic,AsianConcentration,0.6,7,7,PPR,-0.0294,3.0,3.0
finbert_pca50,Logistic,AsianConcentration,0.6,7,7,AUC,0.0088,,
finbert_pca50,Logistic,AsianConcentration,0.6,7,7,EO_diff,0.0596,,
finbert_pca50,Logistic,BlackConcentration,0.3,12,2,TPR,0.009,0.0,0.0
finbert_pca50,Logistic,BlackConcentration,0.3,12,2,FPR,0.0007,5.0,1.0
finbert_pca50,Logistic,BlackConcentration,0.3,12,2,PPR,0.0031,5.0,4.0
finbert_pca50,Logistic,BlackConcentration,0.3,12,2,AUC,0.0219,,
finbert_pca50,Logistic,BlackConcentration,0.3,12,2,EO_diff,0.0376,,
finbert_pca50,Logistic,BlackConcentration,0.4,12,2,TPR,0.031,1.0,0.0
finbert_pca50,Logistic,BlackConcentration,0.4,12,2,FPR,-0.0039,3.0,3.0
finbert_pca50,Logistic,BlackConcentration,0.4,12,2,PPR,0.0036,3.0,3.0
finbert_pca50,Logistic,BlackConcentration,0.4,12,2,AUC,0.0219,,
finbert_pca50,Logistic,BlackConcentration,0.4,12,2,EO_diff,0.0482,,
finbert_pca50,Logistic,BlackConcentration,0.5,12,2,TPR,0.0282,2.0,1.0
finbert_pca50,Logistic,BlackConcentration,0.5,12,2,FPR,0.0018,4.0,2.0
finbert_pca50,Logistic,BlackConcentration,0.5,12,2,PPR,0.0089,5.0,3.0
finbert_pca50,Logistic,BlackConcentration,0.5,12,2,AUC,0.0219,,
finbert_pca50,Logistic,BlackConcentration,0.5,12,2,EO_diff,0.0569,,
finbert_pca50,Logistic,BlackConcentration,0.6,12,2,TPR,0.0542,1.0,1.0
finbert_pca50,Logistic,BlackConcentration,0.6,12,2,FPR,0.0083,3.0,3.0
finbert_pca50,Logistic,BlackConcentration,0.6,12,2,PPR,0.0179,4.0,4.0
finbert_pca50,Logistic,BlackConcentration,0.6,12,2,AUC,0.0219,,
finbert_pca50,Logistic,BlackConcentration,0.6,12,2,EO_diff,0.0583,,
finbert_pca50,Logistic,ForeignBornConcentration,0.3,9,5,TPR,-0.0035,0.0,0.0
finbert_pca50,Logistic,ForeignBornConcentration,0.3,9,5,FPR,-0.0067,5.0,3.0
finbert_pca50,Logistic,ForeignBornConcentration,0.3,9,5,PPR,-0.0074,4.0,4.0
finbert_pca50,Logistic,ForeignBornConcentration,0.3,9,5,AUC,-0.0052,,
finbert_pca50,Logistic,ForeignBornConcentration,0.3,9,5,EO_diff,0.0435,,
finbert_pca50,Logistic,ForeignBornConcentration,0.4,9,5,TPR,-0.0001,0.0,0.0
finbert_pca50,Logistic,ForeignBornConcentration,0.4,9,5,FPR,-0.0064,4.0,2.0
finbert_pca50,Logistic,ForeignBornConcentration,0.4,9,5,PPR,-0.007,2.0,2.0
finbert_pca50,Logistic,ForeignBornConcentration,0.4,9,5,AUC,-0.0052,,
finbert_pca50,Logistic,ForeignBornConcentration,0.4,9,5,EO_diff,0.0514,,
finbert_pca50,Logistic,ForeignBornConcentration,0.5,9,5,TPR,-0.0144,1.0,0.0
finbert_pca50,Logistic,ForeignBornConcentration,0.5,9,5,FPR,-0.0136,1.0,1.0
finbert_pca50,Logistic,ForeignBornConcentration,0.5,9,5,PPR,-0.0155,1.0,1.0
finbert_pca50,Logistic,ForeignBornConcentration,0.5,9,5,AUC,-0.0052,,
finbert_pca50,Logistic,ForeignBornConcentration,0.5,9,5,EO_diff,0.0509,,
finbert_pca50,Logistic,ForeignBornConcentration,0.6,9,5,TPR,-0.05,2.0,1.0
finbert_pca50,Logistic,ForeignBornConcentration,0.6,9,5,FPR,-0.0085,2.0,1.0
finbert_pca50,Logistic,ForeignBornConcentration,0.6,9,5,PPR,-0.0169,3.0,2.0
finbert_pca50,Logistic,ForeignBornConcentration,0.6,9,5,AUC,-0.0052,,
finbert_pca50,Logistic,ForeignBornConcentration,0.6,9,5,EO_diff,0.0658,,
finbert_pca50,Logistic,HispanicConcentration,0.3,10,4,TPR,-0.0096,0.0,0.0
finbert_pca50,Logistic,HispanicConcentration,0.3,10,4,FPR,-0.0014,2.0,0.0
finbert_pca50,Logistic,HispanicConcentration,0.3,10,4,PPR,-0.0035,2.0,2.0
finbert_pca50,Logistic,HispanicConcentration,0.3,10,4,AUC,-0.0112,,
finbert_pca50,Logistic,HispanicConcentration,0.3,10,4,EO_diff,0.027,,
finbert_pca50,Logistic,HispanicConcentration,0.4,10,4,TPR,-0.0202,0.0,0.0
finbert_pca50,Logistic,HispanicConcentration,0.4,10,4,FPR,-0.0074,2.0,1.0
finbert_pca50,Logistic,HispanicConcentration,0.4,10,4,PPR,-0.0106,2.0,2.0
finbert_pca50,Logistic,HispanicConcentration,0.4,10,4,AUC,-0.0112,,
finbert_pca50,Logistic,HispanicConcentration,0.4,10,4,EO_diff,0.0377,,
finbert_pca50,Logistic,HispanicConcentration,0.5,10,4,TPR,-0.026,0.0,0.0
finbert_pca50,Logistic,HispanicConcentration,0.5,10,4,FPR,-0.0146,2.0,0.0
finbert_pca50,Logistic,HispanicConcentration,0.5,10,4,PPR,-0.0175,2.0,1.0
finbert_pca50,Logistic,HispanicConcentration,0.5,10,4,AUC,-0.0112,,
finbert_pca50,Logistic,HispanicConcentration,0.5,10,4,EO_diff,0.0408,,
finbert_pca50,Logistic,HispanicConcentration,0.6,10,4,TPR,-0.0331,2.0,2.0
finbert_pca50,Logistic,HispanicConcentration,0.6,10,4,FPR,-0.0121,2.0,1.0
finbert_pca50,Logistic,HispanicConcentration,0.6,10,4,PPR,-0.0167,3.0,3.0
finbert_pca50,Logistic,HispanicConcentration,0.6,10,4,AUC,-0.0112,,
finbert_pca50,Logistic,HispanicConcentration,0.6,10,4,EO_diff,0.0572,,
finbert_pca50,Logistic,LimitedEnglishConcentration,0.3,9,5,TPR,-0.0027,0.0,0.0
finbert_pca50,Logistic,LimitedEnglishConcentration,0.3,9,5,FPR,-0.0035,2.0,0.0
finbert_pca50,Logistic,LimitedEnglishConcentration,0.3,9,5,PPR,-0.0038,2.0,0.0
finbert_pca50,Logistic,LimitedEnglishConcentration,0.3,9,5,AUC,-0.0036,,
finbert_pca50,Logistic,LimitedEnglishConcentration,0.3,9,5,EO_diff,0.0272,,
finbert_pca50,Logistic,LimitedEnglishConcentration,0.4,9,5,TPR,-0.0065,0.0,0.0
finbert_pca50,Logistic,LimitedEnglishConcentration,0.4,9,5,FPR,-0.0071,1.0,1.0
finbert_pca50,Logistic,LimitedEnglishConcentration,0.4,9,5,PPR,-0.0075,1.0,1.0
finbert_pca50,Logistic,LimitedEnglishConcentration,0.4,9,5,AUC,-0.0036,,
finbert_pca50,Logistic,LimitedEnglishConcentration,0.4,9,5,EO_diff,0.0338,,
finbert_pca50,Logistic,LimitedEnglishConcentration,0.5,9,5,TPR,0.0006,0.0,0.0
finbert_pca50,Logistic,LimitedEnglishConcentration,0.5,9,5,FPR,-0.0165,2.0,0.0
finbert_pca50,Logistic,LimitedEnglishConcentration,0.5,9,5,PPR,-0.0144,2.0,2.0
finbert_pca50,Logistic,LimitedEnglishConcentration,0.5,9,5,AUC,-0.0036,,
finbert_pca50,Logistic,LimitedEnglishConcentration,0.5,9,5,EO_diff,0.0393,,
finbert_pca50,Logistic,LimitedEnglishConcentration,0.6,9,5,TPR,-0.0402,2.0,2.0
finbert_pca50,Logistic,LimitedEnglishConcentration,0.6,9,5,FPR,-0.0076,1.0,1.0
finbert_pca50,Logistic,LimitedEnglishConcentration,0.6,9,5,PPR,-0.0134,3.0,2.0
finbert_pca50,Logistic,LimitedEnglishConcentration,0.6,9,5,AUC,-0.0036,,
finbert_pca50,Logistic,LimitedEnglishConcentration,0.6,9,5,EO_diff,0.0516,,
finbert_pca50,Logistic,SES_group,0.3,14,0,TPR,0.0101,4.0,0.0
finbert_pca50,Logistic,SES_group,0.3,14,0,FPR,0.0673,10.0,10.0
finbert_pca50,Logistic,SES_group,0.3,14,0,PPR,0.0632,10.0,10.0
finbert_pca50,Logistic,SES_group,0.3,14,0,AUC,-0.0076,,
finbert_pca50,Logistic,SES_group,0.3,14,0,EO_diff,0.0749,,
finbert_pca50,Logistic,SES_group,0.4,14,0,TPR,0.0369,4.0,0.0
finbert_pca50,Logistic,SES_group,0.4,14,0,FPR,0.0629,10.0,10.0
finbert_pca50,Logistic,SES_group,0.4,14,0,PPR,0.0653,11.0,11.0
finbert_pca50,Logistic,SES_group,0.4,14,0,AUC,-0.0076,,
finbert_pca50,Logistic,SES_group,0.4,14,0,EO_diff,0.0775,,
finbert_pca50,Logistic,SES_group,0.5,14,0,TPR,0.0545,4.0,3.0
finbert_pca50,Logistic,SES_group,0.5,14,0,FPR,0.0536,10.0,8.0
finbert_pca50,Logistic,SES_group,0.5,14,0,PPR,0.0604,10.0,9.0
finbert_pca50,Logistic,SES_group,0.5,14,0,AUC,-0.0076,,
finbert_pca50,Logistic,SES_group,0.5,14,0,EO_diff,0.0824,,
finbert_pca50,Logistic,SES_group,0.6,14,0,TPR,0.0601,6.0,5.0
finbert_pca50,Logistic,SES_group,0.6,14,0,FPR,0.0476,9.0,9.0
finbert_pca50,Logistic,SES_group,0.6,14,0,PPR,0.056,10.0,10.0
finbert_pca50,Logistic,SES_group,0.6,14,0,AUC,-0.0076,,
finbert_pca50,Logistic,SES_group,0.6,14,0,EO_diff,0.0943,,
finbert_pca50,Logistic,WhiteConcentration,0.3,10,4,TPR,-0.0079,0.0,0.0
finbert_pca50,Logistic,WhiteConcentration,0.3,10,4,FPR,-0.0026,0.0,0.0
finbert_pca50,Logistic,WhiteConcentration,0.3,10,4,PPR,-0.0043,0.0,0.0
finbert_pca50,Logistic,WhiteConcentration,0.3,10,4,AUC,-0.0108,,
finbert_pca50,Logistic,WhiteConcentration,0.3,10,4,EO_diff,0.0354,,
finbert_pca50,Logistic,WhiteConcentration,0.4,10,4,TPR,-0.0096,0.0,0.0
finbert_pca50,Logistic,WhiteConcentration,0.4,10,4,FPR,0.0046,0.0,0.0
finbert_pca50,Logistic,WhiteConcentration,0.4,10,4,PPR,0.0013,1.0,0.0
finbert_pca50,Logistic,WhiteConcentration,0.4,10,4,AUC,-0.0108,,
finbert_pca50,Logistic,WhiteConcentration,0.4,10,4,EO_diff,0.0304,,
finbert_pca50,Logistic,WhiteConcentration,0.5,10,4,TPR,-0.0127,0.0,0.0
finbert_pca50,Logistic,WhiteConcentration,0.5,10,4,FPR,0.0077,0.0,0.0
finbert_pca50,Logistic,WhiteConcentration,0.5,10,4,PPR,0.0028,1.0,0.0
finbert_pca50,Logistic,WhiteConcentration,0.5,10,4,AUC,-0.0108,,
finbert_pca50,Logistic,WhiteConcentration,0.5,10,4,EO_diff,0.0349,,
finbert_pca50,Logistic,WhiteConcentration,0.6,10,4,TPR,-0.0062,0.0,0.0
finbert_pca50,Logistic,WhiteConcentration,0.6,10,4,FPR,0.0056,1.0,0.0
finbert_pca50,Logistic,WhiteConcentration,0.6,10,4,PPR,0.0023,2.0,0.0
finbert_pca50,Logistic,WhiteConcentration,0.6,10,4,AUC,-0.0108,,
finbert_pca50,Logistic,WhiteConcentration,0.6,10,4,EO_diff,0.0431,,
finbert_pca50,XGBoost,AsianConcentration,0.3,7,7,TPR,-0.0066,1.0,0.0
finbert_pca50,XGBoost,AsianConcentration,0.3,7,7,FPR,-0.0597,6.0,6.0
finbert_pca50,XGBoost,AsianConcentration,0.3,7,7,PPR,-0.0534,6.0,5.0
finbert_pca50,XGBoost,AsianConcentration,0.3,7,7,AUC,0.0148,,
finbert_pca50,XGBoost,AsianConcentration,0.3,7,7,EO_diff,0.0681,,
finbert_pca50,XGBoost,AsianConcentration,0.4,7,7,TPR,-0.0205,1.0,0.0
finbert_pca50,XGBoost,AsianConcentration,0.4,7,7,FPR,-0.0687,6.0,6.0
finbert_pca50,XGBoost,AsianConcentration,0.4,7,7,PPR,-0.0635,6.0,6.0
finbert_pca50,XGBoost,AsianConcentration,0.4,7,7,AUC,0.0148,,
finbert_pca50,XGBoost,AsianConcentration,0.4,7,7,EO_diff,0.0711,,
finbert_pca50,XGBoost,AsianConcentration,0.5,7,7,TPR,-0.0228,1.0,1.0
finbert_pca50,XGBoost,AsianConcentration,0.5,7,7,FPR,-0.0522,6.0,6.0
finbert_pca50,XGBoost,AsianConcentration,0.5,7,7,PPR,-0.0497,5.0,5.0
finbert_pca50,XGBoost,AsianConcentration,0.5,7,7,AUC,0.0148,,
finbert_pca50,XGBoost,AsianConcentration,0.5,7,7,EO_diff,0.0715,,
finbert_pca50,XGBoost,AsianConcentration,0.6,7,7,TPR,-0.0568,1.0,1.0
finbert_pca50,XGBoost,AsianConcentration,0.6,7,7,FPR,-0.0452,7.0,7.0
finbert_pca50,XGBoost,AsianConcentration,0.6,7,7,PPR,-0.0486,7.0,7.0
finbert_pca50,XGBoost,AsianConcentration,0.6,7,7,AUC,0.0148,,
finbert_pca50,XGBoost,AsianConcentration,0.6,7,7,EO_diff,0.0742,,
finbert_pca50,XGBoost,BlackConcentration,0.3,12,2,TPR,0.0066,0.0,0.0
finbert_pca50,XGBoost,BlackConcentration,0.3,12,2,FPR,-0.0051,1.0,0.0
finbert_pca50,XGBoost,BlackConcentration,0.3,12,2,PPR,-0.002,1.0,0.0
finbert_pca50,XGBoost,BlackConcentration,0.3,12,2,AUC,0.0149,,
finbert_pca50,XGBoost,BlackConcentration,0.3,12,2,EO_diff,0.0315,,
finbert_pca50,XGBoost,BlackConcentration,0.4,12,2,TPR,-0.0034,1.0,0.0
finbert_pca50,XGBoost,BlackConcentration,0.4,12,2,FPR,-0.0097,2.0,0.0
finbert_pca50,XGBoost,BlackConcentration,0.4,12,2,PPR,-0.0065,4.0,2.0
finbert_pca50,XGBoost,BlackConcentration,0.4,12,2,AUC,0.0149,,
finbert_pca50,XGBoost,BlackConcentration,0.4,12,2,EO_diff,0.0398,,
finbert_pca50,XGBoost,BlackConcentration,0.5,12,2,TPR,0.0206,1.0,1.0
finbert_pca50,XGBoost,BlackConcentration,0.5,12,2,FPR,-0.0047,1.0,0.0
finbert_pca50,XGBoost,BlackConcentration,0.5,12,2,PPR,0.0022,2.0,2.0
finbert_pca50,XGBoost,BlackConcentration,0.5,12,2,AUC,0.0149,,
finbert_pca50,XGBoost,BlackConcentration,0.5,12,2,EO_diff,0.0526,,
finbert_pca50,XGBoost,BlackConcentration,0.6,12,2,TPR,0.0311,0.0,0.0
finbert_pca50,XGBoost,BlackConcentration,0.6,12,2,FPR,-0.0038,0.0,0.0
finbert_pca50,XGBoost,BlackConcentration,0.6,12,2,PPR,0.0042,2.0,2.0
finbert_pca50,XGBoost,BlackConcentration,0.6,12,2,AUC,0.0149,,
finbert_pca50,XGBoost,BlackConcentration,0.6,12,2,EO_diff,0.0417,,
finbert_pca50,XGBoost,ForeignBornConcentration,0.3,9,5,TPR,-0.0142,0.0,0.0
finbert_pca50,XGBoost,ForeignBornConcentration,0.3,9,5,FPR,-0.0512,5.0,5.0
finbert_pca50,XGBoost,ForeignBornConcentration,0.3,9,5,PPR,-0.0467,5.0,5.0
finbert_pca50,XGBoost,ForeignBornConcentration,0.3,9,5,AUC,0.0006,,
finbert_pca50,XGBoost,ForeignBornConcentration,0.3,9,5,EO_diff,0.0569,,
finbert_pca50,XGBoost,ForeignBornConcentration,0.4,9,5,TPR,-0.0356,1.0,0.0
finbert_pca50,XGBoost,ForeignBornConcentration,0.4,9,5,FPR,-0.0565,5.0,5.0
finbert_pca50,XGBoost,ForeignBornConcentration,0.4,9,5,PPR,-0.0543,5.0,5.0
finbert_pca50,XGBoost,ForeignBornConcentration,0.4,9,5,AUC,0.0006,,
finbert_pca50,XGBoost,ForeignBornConcentration,0.4,9,5,EO_diff,0.0714,,
finbert_pca50,XGBoost,ForeignBornConcentration,0.5,9,5,TPR,-0.0503,1.0,1.0
finbert_pca50,XGBoost,ForeignBornConcentration,0.5,9,5,FPR,-0.0388,6.0,6.0
finbert_pca50,XGBoost,ForeignBornConcentration,0.5,9,5,PPR,-0.0422,6.0,6.0
finbert_pca50,XGBoost,ForeignBornConcentration,0.5,9,5,AUC,0.0006,,
finbert_pca50,XGBoost,ForeignBornConcentration,0.5,9,5,EO_diff,0.0725,,
finbert_pca50,XGBoost,ForeignBornConcentration,0.6,9,5,TPR,-0.0704,2.0,0.0
finbert_pca50,XGBoost,ForeignBornConcentration,0.6,9,5,FPR,-0.0406,5.0,4.0
finbert_pca50,XGBoost,ForeignBornConcentration,0.6,9,5,PPR,-0.0467,7.0,6.0
finbert_pca50,XGBoost,ForeignBornConcentration,0.6,9,5,AUC,0.0006,,
finbert_pca50,XGBoost,ForeignBornConcentration,0.6,9,5,EO_diff,0.0827,,
finbert_pca50,XGBoost,HispanicConcentration,0.3,10,4,TPR,-0.0176,0.0,0.0
finbert_pca50,XGBoost,HispanicConcentration,0.3,10,4,FPR,-0.0352,5.0,5.0
finbert_pca50,XGBoost,HispanicConcentration,0.3,10,4,PPR,-0.0334,5.0,5.0
finbert_pca50,XGBoost,HispanicConcentration,0.3,10,4,AUC,-0.0075,,
finbert_pca50,XGBoost,HispanicConcentration,0.3,10,4,EO_diff,0.0515,,
finbert_pca50,XGBoost,HispanicConcentration,0.4,10,4,TPR,-0.0442,2.0,0.0
finbert_pca50,XGBoost,HispanicConcentration,0.4,10,4,FPR,-0.037,5.0,5.0
finbert_pca50,XGBoost,HispanicConcentration,0.4,10,4,PPR,-0.0391,5.0,5.0
finbert_pca50,XGBoost,HispanicConcentration,0.4,10,4,AUC,-0.0075,,
finbert_pca50,XGBoost,HispanicConcentration,0.4,10,4,EO_diff,0.0582,,
finbert_pca50,XGBoost,HispanicConcentration,0.5,10,4,TPR,-0.0509,2.0,0.0
finbert_pca50,XGBoost,HispanicConcentration,0.5,10,4,FPR,-0.0299,5.0,4.0
finbert_pca50,XGBoost,HispanicConcentration,0.5,10,4,PPR,-0.0343,5.0,5.0
finbert_pca50,XGBoost,HispanicConcentration,0.5,10,4,AUC,-0.0075,,
finbert_pca50,XGBoost,HispanicConcentration,0.5,10,4,EO_diff,0.0598,,
finbert_pca50,XGBoost,HispanicConcentration,0.6,10,4,TPR,-0.0413,2.0,0.0
finbert_pca50,XGBoost,HispanicConcentration,0.6,10,4,FPR,-0.0302,4.0,4.0
finbert_pca50,XGBoost,HispanicConcentration,0.6,10,4,PPR,-0.033,5.0,5.0
finbert_pca50,XGBoost,HispanicConcentration,0.6,10,4,AUC,-0.0075,,
finbert_pca50,XGBoost,HispanicConcentration,0.6,10,4,EO_diff,0.0661,,
finbert_pca50,XGBoost,LimitedEnglishConcentration,0.3,9,5,TPR,-0.0048,0.0,0.0
finbert_pca50,XGBoost,LimitedEnglishConcentration,0.3,9,5,FPR,-0.0486,5.0,5.0
finbert_pca50,XGBoost,LimitedEnglishConcentration,0.3,9,5,PPR,-0.0425,5.0,5.0
finbert_pca50,XGBoost,LimitedEnglishConcentration,0.3,9,5,AUC,0.0039,,
finbert_pca50,XGBoost,LimitedEnglishConcentration,0.3,9,5,EO_diff,0.0585,,
finbert_pca50,XGBoost,LimitedEnglishConcentration,0.4,9,5,TPR,-0.022,0.0,0.0
finbert_pca50,XGBoost,LimitedEnglishConcentration,0.4,9,5,FPR,-0.0494,6.0,6.0
finbert_pca50,XGBoost,LimitedEnglishConcentration,0.4,9,5,PPR,-0.0457,6.0,5.0
finbert_pca50,XGBoost,LimitedEnglishConcentration,0.4,9,5,AUC,0.0039,,
finbert_pca50,XGBoost,LimitedEnglishConcentration,0.4,9,5,EO_diff,0.0543,,
finbert_pca50,XGBoost,LimitedEnglishConcentration,0.5,9,5,TPR,-0.0362,1.0,0.0
finbert_pca50,XGBoost,LimitedEnglishConcentration,0.5,9,5,FPR,-0.0359,5.0,1.0
finbert_pca50,XGBoost,LimitedEnglishConcentration,0.5,9,5,PPR,-0.0365,5.0,3.0
finbert_pca50,XGBoost,LimitedEnglishConcentration,0.5,9,5,AUC,0.0039,,
finbert_pca50,XGBoost,LimitedEnglishConcentration,0.5,9,5,EO_diff,0.0484,,
finbert_pca50,XGBoost,LimitedEnglishConcentration,0.6,9,5,TPR,-0.0682,3.0,1.0
finbert_pca50,XGBoost,LimitedEnglishConcentration,0.6,9,5,FPR,-0.0335,4.0,3.0
finbert_pca50,XGBoost,LimitedEnglishConcentration,0.6,9,5,PPR,-0.0396,5.0,4.0
finbert_pca50,XGBoost,LimitedEnglishConcentration,0.6,9,5,AUC,0.0039,,
finbert_pca50,XGBoost,LimitedEnglishConcentration,0.6,9,5,EO_diff,0.0689,,
finbert_pca50,XGBoost,SES_group,0.3,14,0,TPR,0.0047,3.0,1.0
finbert_pca50,XGBoost,SES_group,0.3,14,0,FPR,0.0634,9.0,9.0
finbert_pca50,XGBoost,SES_group,0.3,14,0,PPR,0.0598,12.0,11.0
finbert_pca50,XGBoost,SES_group,0.3,14,0,AUC,-0.0132,,
finbert_pca50,XGBoost,SES_group,0.3,14,0,EO_diff,0.0841,,
finbert_pca50,XGBoost,SES_group,0.4,14,0,TPR,0.0237,4.0,0.0
finbert_pca50,XGBoost,SES_group,0.4,14,0,FPR,0.0657,10.0,10.0
finbert_pca50,XGBoost,SES_group,0.4,14,0,PPR,0.0654,10.0,10.0
finbert_pca50,XGBoost,SES_group,0.4,14,0,AUC,-0.0132,,
finbert_pca50,XGBoost,SES_group,0.4,14,0,EO_diff,0.0894,,
finbert_pca50,XGBoost,SES_group,0.5,14,0,TPR,0.04,2.0,0.0
finbert_pca50,XGBoost,SES_group,0.5,14,0,FPR,0.0453,6.0,6.0
finbert_pca50,XGBoost,SES_group,0.5,14,0,PPR,0.0508,9.0,7.0
finbert_pca50,XGBoost,SES_group,0.5,14,0,AUC,-0.0132,,
finbert_pca50,XGBoost,SES_group,0.5,14,0,EO_diff,0.0743,,
finbert_pca50,XGBoost,SES_group,0.6,14,0,TPR,0.0417,3.0,1.0
finbert_pca50,XGBoost,SES_group,0.6,14,0,FPR,0.028,8.0,8.0
finbert_pca50,XGBoost,SES_group,0.6,14,0,PPR,0.0349,8.0,8.0
finbert_pca50,XGBoost,SES_group,0.6,14,0,AUC,-0.0132,,
finbert_pca50,XGBoost,SES_group,0.6,14,0,EO_diff,0.0789,,
finbert_pca50,XGBoost,WhiteConcentration,0.3,10,4,TPR,-0.0042,0.0,0.0
finbert_pca50,XGBoost,WhiteConcentration,0.3,10,4,FPR,0.0256,5.0,3.0
finbert_pca50,XGBoost,WhiteConcentration,0.3,10,4,PPR,0.0204,5.0,5.0
finbert_pca50,XGBoost,WhiteConcentration,0.3,10,4,AUC,-0.0165,,
finbert_pca50,XGBoost,WhiteConcentration,0.3,10,4,EO_diff,0.0327,,
finbert_pca50,XGBoost,WhiteConcentration,0.4,10,4,TPR,0.0043,0.0,0.0
finbert_pca50,XGBoost,WhiteConcentration,0.4,10,4,FPR,0.0289,4.0,2.0
finbert_pca50,XGBoost,WhiteConcentration,0.4,10,4,PPR,0.0237,4.0,3.0
finbert_pca50,XGBoost,WhiteConcentration,0.4,10,4,AUC,-0.0165,,
finbert_pca50,XGBoost,WhiteConcentration,0.4,10,4,EO_diff,0.0386,,
finbert_pca50,XGBoost,WhiteConcentration,0.5,10,4,TPR,0.0068,0.0,0.0
finbert_pca50,XGBoost,WhiteConcentration,0.5,10,4,FPR,0.0268,2.0,0.0
finbert_pca50,XGBoost,WhiteConcentration,0.5,10,4,PPR,0.022,2.0,0.0
finbert_pca50,XGBoost,WhiteConcentration,0.5,10,4,AUC,-0.0165,,
finbert_pca50,XGBoost,WhiteConcentration,0.5,10,4,EO_diff,0.0376,,
finbert_pca50,XGBoost,WhiteConcentration,0.6,10,4,TPR,0.0073,1.0,0.0
finbert_pca50,XGBoost,WhiteConcentration,0.6,10,4,FPR,0.024,3.0,1.0
finbert_pca50,XGBoost,WhiteConcentration,0.6,10,4,PPR,0.0201,3.0,2.0
finbert_pca50,XGBoost,WhiteConcentration,0.6,10,4,AUC,-0.0165,,
finbert_pca50,XGBoost,WhiteConcentration,0.6,10,4,EO_diff,0.0434,,
lexicon,Logistic,AsianConcentration,0.3,7,7,TPR,-0.0039,1.0,0.0
lexicon,Logistic,AsianConcentration,0.3,7,7,FPR,-0.0238,5.0,4.0
lexicon,Logistic,AsianConcentration,0.3,7,7,PPR,-0.0223,6.0,6.0
lexicon,Logistic,AsianConcentration,0.3,7,7,AUC,0.0085,,
lexicon,Logistic,AsianConcentration,0.3,7,7,EO_diff,0.0499,,
lexicon,Logistic,AsianConcentration,0.4,7,7,TPR,-0.0084,1.0,0.0
lexicon,Logistic,AsianConcentration,0.4,7,7,FPR,-0.0337,5.0,5.0
lexicon,Logistic,AsianConcentration,0.4,7,7,PPR,-0.0325,5.0,5.0
lexicon,Logistic,AsianConcentration,0.4,7,7,AUC,0.0085,,
lexicon,Logistic,AsianConcentration,0.4,7,7,EO_diff,0.0651,,
lexicon,Logistic,AsianConcentration,0.5,7,7,TPR,-0.0166,1.0,1.0
lexicon,Logistic,AsianConcentration,0.5,7,7,FPR,-0.0234,3.0,0.0
lexicon,Logistic,AsianConcentration,0.5,7,7,PPR,-0.0248,2.0,1.0
lexicon,Logistic,AsianConcentration,0.5,7,7,AUC,0.0085,,
lexicon,Logistic,AsianConcentration,0.5,7,7,EO_diff,0.0533,,
lexicon,Logistic,AsianConcentration,0.6,7,7,TPR,-0.0314,1.0,1.0
lexicon,Logistic,AsianConcentration,0.6,7,7,FPR,-0.0248,2.0,1.0
lexicon,Logistic,AsianConcentration,0.6,7,7,PPR,-0.0271,3.0,1.0
lexicon,Logistic,AsianConcentration,0.6,7,7,AUC,0.0085,,
lexicon,Logistic,AsianConcentration,0.6,7,7,EO_diff,0.0676,,
lexicon,Logistic,BlackConcentration,0.3,12,2,TPR,0.0134,0.0,0.0
lexicon,Logistic,BlackConcentration,0.3,12,2,FPR,0.0013,2.0,0.0
lexicon,Logistic,BlackConcentration,0.3,12,2,PPR,0.0045,5.0,1.0
lexicon,Logistic,BlackConcentration,0.3,12,2,AUC,0.0217,,
lexicon,Logistic,BlackConcentration,0.3,12,2,EO_diff,0.0377,,
lexicon,Logistic,BlackConcentration,0.4,12,2,TPR,0.0172,0.0,0.0
lexicon,Logistic,BlackConcentration,0.4,12,2,FPR,-0.0081,6.0,3.0
lexicon,Logistic,BlackConcentration,0.4,12,2,PPR,-0.0024,4.0,4.0
lexicon,Logistic,BlackConcentration,0.4,12,2,AUC,0.0217,,
lexicon,Logistic,BlackConcentration,0.4,12,2,EO_diff,0.0449,,
lexicon,Logistic,BlackConcentration,0.5,12,2,TPR,0.0403,3.0,1.0
lexicon,Logistic,BlackConcentration,0.5,12,2,FPR,0.0053,2.0,2.0
lexicon,Logistic,BlackConcentration,0.5,12,2,PPR,0.0137,4.0,2.0
lexicon,Logistic,BlackConcentration,0.5,12,2,AUC,0.0217,,
lexicon,Logistic,BlackConcentration,0.5,12,2,EO_diff,0.0584,,
lexicon,Logistic,BlackConcentration,0.6,12,2,TPR,0.0415,1.0,0.0
lexicon,Logistic,BlackConcentration,0.6,12,2,FPR,0.0078,3.0,0.0
lexicon,Logistic,BlackConcentration,0.6,12,2,PPR,0.0152,3.0,3.0
lexicon,Logistic,BlackConcentration,0.6,12,2,AUC,0.0217,,
lexicon,Logistic,BlackConcentration,0.6,12,2,EO_diff,0.0463,,
lexicon,Logistic,ForeignBornConcentration,0.3,9,5,TPR,-0.0017,0.0,0.0
lexicon,Logistic,ForeignBornConcentration,0.3,9,5,FPR,-0.0078,3.0,2.0
lexicon,Logistic,ForeignBornConcentration,0.3,9,5,PPR,-0.0079,3.0,3.0
lexicon,Logistic,ForeignBornConcentration,0.3,9,5,AUC,-0.0015,,
lexicon,Logistic,ForeignBornConcentration,0.3,9,5,EO_diff,0.0377,,
lexicon,Logistic,ForeignBornConcentration,0.4,9,5,TPR,-0.0051,1.0,0.0
lexicon,Logistic,ForeignBornConcentration,0.4,9,5,FPR,-0.0163,5.0,4.0
lexicon,Logistic,ForeignBornConcentration,0.4,9,5,PPR,-0.0162,4.0,3.0
lexicon,Logistic,ForeignBornConcentration,0.4,9,5,AUC,-0.0015,,
lexicon,Logistic,ForeignBornConcentration,0.4,9,5,EO_diff,0.0505,,
lexicon,Logistic,ForeignBornConcentration,0.5,9,5,TPR,-0.0176,1.0,0.0
lexicon,Logistic,ForeignBornConcentration,0.5,9,5,FPR,-0.0101,1.0,1.0
lexicon,Logistic,ForeignBornConcentration,0.5,9,5,PPR,-0.013,1.0,1.0
lexicon,Logistic,ForeignBornConcentration,0.5,9,5,AUC,-0.0015,,
lexicon,Logistic,ForeignBornConcentration,0.5,9,5,EO_diff,0.0574,,
lexicon,Logistic,ForeignBornConcentration,0.6,9,5,TPR,-0.0343,1.0,0.0
lexicon,Logistic,ForeignBornConcentration,0.6,9,5,FPR,-0.0068,1.0,1.0
lexicon,Logistic,ForeignBornConcentration,0.6,9,5,PPR,-0.0128,2.0,1.0
lexicon,Logistic,ForeignBornConcentration,0.6,9,5,AUC,-0.0015,,
lexicon,Logistic,ForeignBornConcentration,0.6,9,5,EO_diff,0.056,,
lexicon,Logistic,HispanicConcentration,0.3,10,4,TPR,-0.0137,1.0,0.0
lexicon,Logistic,HispanicConcentration,0.3,10,4,FPR,-0.0058,2.0,0.0
lexicon,Logistic,HispanicConcentration,0.3,10,4,PPR,-0.0078,3.0,1.0
lexicon,Logistic,HispanicConcentration,0.3,10,4,AUC,-0.0121,,
lexicon,Logistic,HispanicConcentration,0.3,10,4,EO_diff,0.0279,,
lexicon,Logistic,HispanicConcentration,0.4,10,4,TPR,-0.0201,1.0,0.0
lexicon,Logistic,HispanicConcentration,0.4,10,4,FPR,-0.0146,3.0,1.0
lexicon,Logistic,HispanicConcentration,0.4,10,4,PPR,-0.0168,3.0,2.0
lexicon,Logistic,HispanicConcentration,0.4,10,4,AUC,-0.0121,,
lexicon,Logistic,HispanicConcentration,0.4,10,4,EO_diff,0.0393,,
lexicon,Logistic,HispanicConcentration,0.5,10,4,TPR,-0.0363,0.0,0.0
lexicon,Logistic,HispanicConcentration,0.5,10,4,FPR,-0.0095,2.0,0.0
lexicon,Logistic,HispanicConcentration,0.5,10,4,PPR,-0.0147,2.0,2.0
lexicon,Logistic,HispanicConcentration,0.5,10,4,AUC,-0.0121,,
lexicon,Logistic,HispanicConcentration,0.5,10,4,EO_diff,0.0479,,
lexicon,Logistic,HispanicConcentration,0.6,10,4,TPR,-0.0287,2.0,2.0
lexicon,Logistic,HispanicConcentration,0.6,10,4,FPR,-0.0064,1.0,1.0
lexicon,Logistic,HispanicConcentration,0.6,10,4,PPR,-0.0113,3.0,1.0
lexicon,Logistic,HispanicConcentration,0.6,10,4,AUC,-0.0121,,
lexicon,Logistic,HispanicConcentration,0.6,10,4,EO_diff,0.0533,,
lexicon,Logistic,LimitedEnglishConcentration,0.3,9,5,TPR,-0.0003,0.0,0.0
lexicon,Logistic,LimitedEnglishConcentration,0.3,9,5,FPR,-0.0051,2.0,1.0
lexicon,Logistic,LimitedEnglishConcentration,0.3,9,5,PPR,-0.0047,2.0,1.0
lexicon,Logistic,LimitedEnglishConcentration,0.3,9,5,AUC,-0.0025,,
lexicon,Logistic,LimitedEnglishConcentration,0.3,9,5,EO_diff,0.0251,,
lexicon,Logistic,LimitedEnglishConcentration,0.4,9,5,TPR,-0.0166,0.0,0.0
lexicon,Logistic,LimitedEnglishConcentration,0.4,9,5,FPR,-0.0169,4.0,1.0
lexicon,Logistic,LimitedEnglishConcentration,0.4,9,5,PPR,-0.0172,4.0,1.0
lexicon,Logistic,LimitedEnglishConcentration,0.4,9,5,AUC,-0.0025,,
lexicon,Logistic,LimitedEnglishConcentration,0.4,9,5,EO_diff,0.0371,,
lexicon,Logistic,LimitedEnglishConcentration,0.5,9,5,TPR,-0.0232,0.0,0.0
lexicon,Logistic,LimitedEnglishConcentration,0.5,9,5,FPR,-0.0157,3.0,0.0
lexicon,Logistic,LimitedEnglishConcentration,0.5,9,5,PPR,-0.017,3.0,0.0
lexicon,Logistic,LimitedEnglishConcentration,0.5,9,5,AUC,-0.0025,,
lexicon,Logistic,LimitedEnglishConcentration,0.5,9,5,EO_diff,0.0455,,
lexicon,Logistic,LimitedEnglishConcentration,0.6,9,5,TPR,-0.0316,2.0,0.0
lexicon,Logistic,LimitedEnglishConcentration,0.6,9,5,FPR,-0.009,1.0,1.0
lexicon,Logistic,LimitedEnglishConcentration,0.6,9,5,PPR,-0.0132,2.0,1.0
lexicon,Logistic,LimitedEnglishConcentration,0.6,9,5,AUC,-0.0025,,
lexicon,Logistic,LimitedEnglishConcentration,0.6,9,5,EO_diff,0.0428,,
lexicon,Logistic,SES_group,0.3,14,0,TPR,0.0072,5.0,2.0
lexicon,Logistic,SES_group,0.3,14,0,FPR,0.0676,10.0,10.0
lexicon,Logistic,SES_group,0.3,14,0,PPR,0.0632,11.0,10.0
lexicon,Logistic,SES_group,0.3,14,0,AUC,-0.0069,,
lexicon,Logistic,SES_group,0.3,14,0,EO_diff,0.0805,,
lexicon,Logistic,SES_group,0.4,14,0,TPR,0.0232,3.0,2.0
lexicon,Logistic,SES_group,0.4,14,0,FPR,0.0661,10.0,10.0
lexicon,Logistic,SES_group,0.4,14,0,PPR,0.066,11.0,11.0
lexicon,Logistic,SES_group,0.4,14,0,AUC,-0.0069,,
lexicon,Logistic,SES_group,0.4,14,0,EO_diff,0.0831,,
lexicon,Logistic,SES_group,0.5,14,0,TPR,0.064,5.0,1.0
lexicon,Logistic,SES_group,0.5,14,0,FPR,0.0596,10.0,10.0
lexicon,Logistic,SES_group,0.5,14,0,PPR,0.067,11.0,11.0
lexicon,Logistic,SES_group,0.5,14,0,AUC,-0.0069,,
lexicon,Logistic,SES_group,0.5,14,0,EO_diff,0.0896,,
lexicon,Logistic,SES_group,0.6,14,0,TPR,0.0682,5.0,5.0
lexicon,Logistic,SES_group,0.6,14,0,FPR,0.0405,10.0,8.0
lexicon,Logistic,SES_group,0.6,14,0,PPR,0.0505,10.0,10.0
lexicon,Logistic,SES_group,0.6,14,0,AUC,-0.0069,,
lexicon,Logistic,SES_group,0.6,14,0,EO_diff,0.0958,,
lexicon,Logistic,WhiteConcentration,0.3,10,4,TPR,-0.0061,0.0,0.0
lexicon,Logistic,WhiteConcentration,0.3,10,4,FPR,-0.003,0.0,0.0
lexicon,Logistic,WhiteConcentration,0.3,10,4,PPR,-0.0042,0.0,0.0
lexicon,Logistic,WhiteConcentration,0.3,10,4,AUC,-0.0135,,
lexicon,Logistic,WhiteConcentration,0.3,10,4,EO_diff,0.0265,,
lexicon,Logistic,WhiteConcentration,0.4,10,4,TPR,-0.0068,0.0,0.0
lexicon,Logistic,WhiteConcentration,0.4,10,4,FPR,0.0111,1.0,0.0
lexicon,Logistic,WhiteConcentration,0.4,10,4,PPR,0.0073,1.0,0.0
lexicon,Logistic,WhiteConcentration,0.4,10,4,AUC,-0.0135,,
lexicon,Logistic,WhiteConcentration,0.4,10,4,EO_diff,0.0397,,
lexicon,Logistic,WhiteConcentration,0.5,10,4,TPR,-0.0112,0.0,0.0
lexicon,Logistic,WhiteConcentration,0.5,10,4,FPR,0.0049,0.0,0.0
lexicon,Logistic,WhiteConcentration,0.5,10,4,PPR,0.0003,0.0,0.0
lexicon,Logistic,WhiteConcentration,0.5,10,4,AUC,-0.0135,,
lexicon,Logistic,WhiteConcentration,0.5,10,4,EO_diff,0.0472,,
lexicon,Logistic,WhiteConcentration,0.6,10,4,TPR,-0.0167,0.0,0.0
lexicon,Logistic,WhiteConcentration,0.6,10,4,FPR,0.0072,2.0,0.0
lexicon,Logistic,WhiteConcentration,0.6,10,4,PPR,0.0021,3.0,0.0
lexicon,Logistic,WhiteConcentration,0.6,10,4,AUC,-0.0135,,
lexicon,Logistic,WhiteConcentration,0.6,10,4,EO_diff,0.054,,
lexicon,XGBoost,AsianConcentration,0.3,7,7,TPR,-0.0118,1.0,1.0
lexicon,XGBoost,AsianConcentration,0.3,7,7,FPR,-0.0546,6.0,6.0
lexicon,XGBoost,AsianConcentration,0.3,7,7,PPR,-0.0495,6.0,5.0
lexicon,XGBoost,AsianConcentration,0.3,7,7,AUC,0.0078,,
lexicon,XGBoost,AsianConcentration,0.3,7,7,EO_diff,0.0606,,
lexicon,XGBoost,AsianConcentration,0.4,7,7,TPR,-0.0226,1.0,0.0
lexicon,XGBoost,AsianConcentration,0.4,7,7,FPR,-0.0618,6.0,6.0
lexicon,XGBoost,AsianConcentration,0.4,7,7,PPR,-0.0581,6.0,6.0
lexicon,XGBoost,AsianConcentration,0.4,7,7,AUC,0.0078,,
lexicon,XGBoost,AsianConcentration,0.4,7,7,EO_diff,0.0703,,
lexicon,XGBoost,AsianConcentration,0.5,7,7,TPR,-0.0403,1.0,1.0
lexicon,XGBoost,AsianConcentration,0.5,7,7,FPR,-0.0475,5.0,5.0
lexicon,XGBoost,AsianConcentration,0.5,7,7,PPR,-0.0487,5.0,4.0
lexicon,XGBoost,AsianConcentration,0.5,7,7,AUC,0.0078,,
lexicon,XGBoost,AsianConcentration,0.5,7,7,EO_diff,0.0725,,
lexicon,XGBoost,AsianConcentration,0.6,7,7,TPR,-0.0561,1.0,1.0
lexicon,XGBoost,AsianConcentration,0.6,7,7,FPR,-0.0401,5.0,5.0
lexicon,XGBoost,AsianConcentration,0.6,7,7,PPR,-0.0441,6.0,6.0
lexicon,XGBoost,AsianConcentration,0.6,7,7,AUC,0.0078,,
lexicon,XGBoost,AsianConcentration,0.6,7,7,EO_diff,0.0693,,
lexicon,XGBoost,BlackConcentration,0.3,12,2,TPR,-0.0016,0.0,0.0
lexicon,XGBoost,BlackConcentration,0.3,12,2,FPR,-0.0112,2.0,0.0
lexicon,XGBoost,BlackConcentration,0.3,12,2,PPR,-0.0085,2.0,2.0
lexicon,XGBoost,BlackConcentration,0.3,12,2,AUC,0.0147,,
lexicon,XGBoost,BlackConcentration,0.3,12,2,EO_diff,0.0363,,
lexicon,XGBoost,BlackConcentration,0.4,12,2,TPR,0.0103,1.0,0.0
lexicon,XGBoost,BlackConcentration,0.4,12,2,FPR,-0.0098,1.0,0.0
lexicon,XGBoost,BlackConcentration,0.4,12,2,PPR,-0.0046,2.0,1.0
lexicon,XGBoost,BlackConcentration,0.4,12,2,AUC,0.0147,,
lexicon,XGBoost,BlackConcentration,0.4,12,2,EO_diff,0.0386,,
lexicon,XGBoost,BlackConcentration,0.5,12,2,TPR,0.0152,1.0,0.0
lexicon,XGBoost,BlackConcentration,0.5,12,2,FPR,-0.0085,3.0,0.0
lexicon,XGBoost,BlackConcentration,0.5,12,2,PPR,-0.0019,4.0,2.0
lexicon,XGBoost,BlackConcentration,0.5,12,2,AUC,0.0147,,
lexicon,XGBoost,BlackConcentration,0.5,12,2,EO_diff,0.0387,,
lexicon,XGBoost,BlackConcentration,0.6,12,2,TPR,0.0142,0.0,0.0
lexicon,XGBoost,BlackConcentration,0.6,12,2,FPR,-0.0086,2.0,0.0
lexicon,XGBoost,BlackConcentration,0.6,12,2,PPR,-0.0026,3.0,2.0
lexicon,XGBoost,BlackConcentration,0.6,12,2,AUC,0.0147,,
lexicon,XGBoost,BlackConcentration,0.6,12,2,EO_diff,0.0455,,
lexicon,XGBoost,ForeignBornConcentration,0.3,9,5,TPR,-0.0106,1.0,0.0
lexicon,XGBoost,ForeignBornConcentration,0.3,9,5,FPR,-0.0429,6.0,6.0
lexicon,XGBoost,ForeignBornConcentration,0.3,9,5,PPR,-0.0387,6.0,6.0
lexicon,XGBoost,ForeignBornConcentration,0.3,9,5,AUC,0.0025,,
lexicon,XGBoost,ForeignBornConcentration,0.3,9,5,EO_diff,0.0561,,
lexicon,XGBoost,ForeignBornConcentration,0.4,9,5,TPR,-0.0217,0.0,0.0
lexicon,XGBoost,ForeignBornConcentration,0.4,9,5,FPR,-0.0529,6.0,6.0
lexicon,XGBoost,ForeignBornConcentration,0.4,9,5,PPR,-0.0492,6.0,6.0
lexicon,XGBoost,ForeignBornConcentration,0.4,9,5,AUC,0.0025,,
lexicon,XGBoost,ForeignBornConcentration,0.4,9,5,EO_diff,0.0761,,
lexicon,XGBoost,ForeignBornConcentration,0.5,9,5,TPR,-0.0534,1.0,1.0
lexicon,XGBoost,ForeignBornConcentration,0.5,9,5,FPR,-0.0388,5.0,5.0
lexicon,XGBoost,ForeignBornConcentration,0.5,9,5,PPR,-0.0429,5.0,5.0
lexicon,XGBoost,ForeignBornConcentration,0.5,9,5,AUC,0.0025,,
lexicon,XGBoost,ForeignBornConcentration,0.5,9,5,EO_diff,0.0779,,
lexicon,XGBoost,ForeignBornConcentration,0.6,9,5,TPR,-0.0672,1.0,1.0
lexicon,XGBoost,ForeignBornConcentration,0.6,9,5,FPR,-0.0432,5.0,5.0
lexicon,XGBoost,ForeignBornConcentration,0.6,9,5,PPR,-0.0484,6.0,5.0
lexicon,XGBoost,ForeignBornConcentration,0.6,9,5,AUC,0.0025,,
lexicon,XGBoost,ForeignBornConcentration,0.6,9,5,EO_diff,0.0744,,
lexicon,XGBoost,HispanicConcentration,0.3,10,4,TPR,-0.0232,0.0,0.0
lexicon,XGBoost,HispanicConcentration,0.3,10,4,FPR,-0.0296,5.0,5.0
lexicon,XGBoost,HispanicConcentration,0.3,10,4,PPR,-0.0293,5.0,5.0
lexicon,XGBoost,HispanicConcentration,0.3,10,4,AUC,-0.0036,,
lexicon,XGBoost,HispanicConcentration,0.3,10,4,EO_diff,0.0473,,
lexicon,XGBoost,HispanicConcentration,0.4,10,4,TPR,-0.0295,1.0,0.0
lexicon,XGBoost,HispanicConcentration,0.4,10,4,FPR,-0.0353,6.0,6.0
lexicon,XGBoost,HispanicConcentration,0.4,10,4,PPR,-0.0354,6.0,6.0
lexicon,XGBoost,HispanicConcentration,0.4,10,4,AUC,-0.0036,,
lexicon,XGBoost,HispanicConcentration,0.4,10,4,EO_diff,0.0539,,
lexicon,XGBoost,HispanicConcentration,0.5,10,4,TPR,-0.0309,3.0,2.0
lexicon,XGBoost,HispanicConcentration,0.5,10,4,FPR,-0.0312,4.0,3.0
lexicon,XGBoost,HispanicConcentration,0.5,10,4,PPR,-0.0329,5.0,3.0
lexicon,XGBoost,HispanicConcentration,0.5,10,4,AUC,-0.0036,,
lexicon,XGBoost,HispanicConcentration,0.5,10,4,EO_diff,0.0671,,
lexicon,XGBoost,HispanicConcentration,0.6,10,4,TPR,-0.0415,1.0,0.0
lexicon,XGBoost,HispanicConcentration,0.6,10,4,FPR,-0.0341,5.0,5.0
lexicon,XGBoost,HispanicConcentration,0.6,10,4,PPR,-0.0369,6.0,5.0
lexicon,XGBoost,HispanicConcentration,0.6,10,4,AUC,-0.0036,,
lexicon,XGBoost,HispanicConcentration,0.6,10,4,EO_diff,0.0732,,
lexicon,XGBoost,LimitedEnglishConcentration,0.3,9,5,TPR,-0.0118,0.0,0.0
lexicon,XGBoost,LimitedEnglishConcentration,0.3,9,5,FPR,-0.0396,5.0,5.0
lexicon,XGBoost,LimitedEnglishConcentration,0.3,9,5,PPR,-0.0356,5.0,5.0
lexicon,XGBoost,LimitedEnglishConcentration,0.3,9,5,AUC,0.005,,
lexicon,XGBoost,LimitedEnglishConcentration,0.3,9,5,EO_diff,0.0457,,
lexicon,XGBoost,LimitedEnglishConcentration,0.4,9,5,TPR,-0.0224,0.0,0.0
lexicon,XGBoost,LimitedEnglishConcentration,0.4,9,5,FPR,-0.0499,6.0,6.0
lexicon,XGBoost,LimitedEnglishConcentration,0.4,9,5,PPR,-0.0459,6.0,6.0
lexicon,XGBoost,LimitedEnglishConcentration,0.4,9,5,AUC,0.005,,
lexicon,XGBoost,LimitedEnglishConcentration,0.4,9,5,EO_diff,0.0605,,
lexicon,XGBoost,LimitedEnglishConcentration,0.5,9,5,TPR,-0.0317,2.0,0.0
lexicon,XGBoost,LimitedEnglishConcentration,0.5,9,5,FPR,-0.0349,4.0,3.0
lexicon,XGBoost,LimitedEnglishConcentration,0.5,9,5,PPR,-0.0351,4.0,3.0
lexicon,XGBoost,LimitedEnglishConcentration,0.5,9,5,AUC,0.005,,
lexicon,XGBoost,LimitedEnglishConcentration,0.5,9,5,EO_diff,0.0622,,
lexicon,XGBoost,LimitedEnglishConcentration,0.6,9,5,TPR,-0.0534,1.0,0.0
lexicon,XGBoost,LimitedEnglishConcentration,0.6,9,5,FPR,-0.0395,6.0,6.0
lexicon,XGBoost,LimitedEnglishConcentration,0.6,9,5,PPR,-0.0421,6.0,6.0
lexicon,XGBoost,LimitedEnglishConcentration,0.6,9,5,AUC,0.005,,
lexicon,XGBoost,LimitedEnglishConcentration,0.6,9,5,EO_diff,0.0617,,
lexicon,XGBoost,SES_group,0.3,14,0,TPR,0.0021,3.0,3.0
lexicon,XGBoost,SES_group,0.3,14,0,FPR,0.0692,12.0,11.0
lexicon,XGBoost,SES_group,0.3,14,0,PPR,0.0641,12.0,12.0
lexicon,XGBoost,SES_group,0.3,14,0,AUC,-0.0073,,
lexicon,XGBoost,SES_group,0.3,14,0,EO_diff,0.0706,,
lexicon,XGBoost,SES_group,0.4,14,0,TPR,0.0488,3.0,3.0
lexicon,XGBoost,SES_group,0.4,14,0,FPR,0.066,10.0,10.0
lexicon,XGBoost,SES_group,0.4,14,0,PPR,0.0697,11.0,10.0
lexicon,XGBoost,SES_group,0.4,14,0,AUC,-0.0073,,
lexicon,XGBoost,SES_group,0.4,14,0,EO_diff,0.0926,,
lexicon,XGBoost,SES_group,0.5,14,0,TPR,0.0564,5.0,2.0
lexicon,XGBoost,SES_group,0.5,14,0,FPR,0.049,8.0,8.0
lexicon,XGBoost,SES_group,0.5,14,0,PPR,0.0568,9.0,9.0
lexicon,XGBoost,SES_group,0.5,14,0,AUC,-0.0073,,
lexicon,XGBoost,SES_group,0.5,14,0,EO_diff,0.0891,,
lexicon,XGBoost,SES_group,0.6,14,0,TPR,0.0647,6.0,5.0
lexicon,XGBoost,SES_group,0.6,14,0,FPR,0.032,5.0,5.0
lexicon,XGBoost,SES_group,0.6,14,0,PPR,0.0417,8.0,8.0
lexicon,XGBoost,SES_group,0.6,14,0,AUC,-0.0073,,
lexicon,XGBoost,SES_group,0.6,14,0,EO_diff,0.09,,
lexicon,XGBoost,WhiteConcentration,0.3,10,4,TPR,0.0082,0.0,0.0
lexicon,XGBoost,WhiteConcentration,0.3,10,4,FPR,0.0203,4.0,4.0
lexicon,XGBoost,WhiteConcentration,0.3,10,4,PPR,0.0178,5.0,4.0
lexicon,XGBoost,WhiteConcentration,0.3,10,4,AUC,-0.0154,,
lexicon,XGBoost,WhiteConcentration,0.3,10,4,EO_diff,0.0295,,
lexicon,XGBoost,WhiteConcentration,0.4,10,4,TPR,-0.0038,0.0,0.0
lexicon,XGBoost,WhiteConcentration,0.4,10,4,FPR,0.0292,4.0,3.0
lexicon,XGBoost,WhiteConcentration,0.4,10,4,PPR,0.0228,4.0,4.0
lexicon,XGBoost,WhiteConcentration,0.4,10,4,AUC,-0.0154,,
lexicon,XGBoost,WhiteConcentration,0.4,10,4,EO_diff,0.036,,
lexicon,XGBoost,WhiteConcentration,0.5,10,4,TPR,-0.0044,0.0,0.0
lexicon,XGBoost,WhiteConcentration,0.5,10,4,FPR,0.0266,3.0,0.0
lexicon,XGBoost,WhiteConcentration,0.5,10,4,PPR,0.0204,3.0,2.0
lexicon,XGBoost,WhiteConcentration,0.5,10,4,AUC,-0.0154,,
lexicon,XGBoost,WhiteConcentration,0.5,10,4,EO_diff,0.0488,,
lexicon,XGBoost,WhiteConcentration,0.6,10,4,TPR,-0.0065,1.0,0.0
lexicon,XGBoost,WhiteConcentration,0.6,10,4,FPR,0.0276,3.0,2.0
lexicon,XGBoost,WhiteConcentration,0.6,10,4,PPR,0.0213,3.0,2.0
lexicon,XGBoost,WhiteConcentration,0.6,10,4,AUC,-0.0154,,
lexicon,XGBoost,WhiteConcentration,0.6,10,4,EO_diff,0.0546,,
structured,Logistic,AsianConcentration,0.3,7,7,TPR,-0.0028,1.0,0.0
structured,Logistic,AsianConcentration,0.3,7,7,FPR,-0.0221,6.0,4.0
structured,Logistic,AsianConcentration,0.3,7,7,PPR,-0.0207,5.0,5.0
structured,Logistic,AsianConcentration,0.3,7,7,AUC,0.0091,,
structured,Logistic,AsianConcentration,0.3,7,7,EO_diff,0.0459,,
structured,Logistic,AsianConcentration,0.4,7,7,TPR,-0.0077,2.0,0.0
structured,Logistic,AsianConcentration,0.4,7,7,FPR,-0.0328,5.0,5.0
structured,Logistic,AsianConcentration,0.4,7,7,PPR,-0.0316,5.0,5.0
structured,Logistic,AsianConcentration,0.4,7,7,AUC,0.0091,,
structured,Logistic,AsianConcentration,0.4,7,7,EO_diff,0.0674,,
structured,Logistic,AsianConcentration,0.5,7,7,TPR,-0.0136,1.0,1.0
structured,Logistic,AsianConcentration,0.5,7,7,FPR,-0.0259,3.0,0.0
structured,Logistic,AsianConcentration,0.5,7,7,PPR,-0.0264,3.0,1.0
structured,Logistic,AsianConcentration,0.5,7,7,AUC,0.0091,,
structured,Logistic,AsianConcentration,0.5,7,7,EO_diff,0.0508,,
structured,Logistic,AsianConcentration,0.6,7,7,TPR,-0.0279,1.0,1.0
structured,Logistic,AsianConcentration,0.6,7,7,FPR,-0.0223,2.0,1.0
structured,Logistic,AsianConcentration,0.6,7,7,PPR,-0.0244,2.0,2.0
structured,Logistic,AsianConcentration,0.6,7,7,AUC,0.0091,,
structured,Logistic,AsianConcentration,0.6,7,7,EO_diff,0.066,,
structured,Logistic,BlackConcentration,0.3,12,2,TPR,0.0112,0.0,0.0
structured,Logistic,BlackConcentration,0.3,12,2,FPR,0.0033,3.0,1.0
structured,Logistic,BlackConcentration,0.3,12,2,PPR,0.0057,4.0,1.0
structured,Logistic,BlackConcentration,0.3,12,2,AUC,0.0209,,
structured,Logistic,BlackConcentration,0.3,12,2,EO_diff,0.0339,,
structured,Logistic,BlackConcentration,0.4,12,2,TPR,0.0233,1.0,0.0
structured,Logistic,BlackConcentration,0.4,12,2,FPR,-0.0069,3.0,3.0
structured,Logistic,BlackConcentration,0.4,12,2,PPR,-0.0003,4.0,3.0
structured,Logistic,BlackConcentration,0.4,12,2,AUC,0.0209,,
structured,Logistic,BlackConcentration,0.4,12,2,EO_diff,0.0438,,
structured,Logistic,BlackConcentration,0.5,12,2,TPR,0.0383,2.0,1.0
structured,Logistic,BlackConcentration,0.5,12,2,FPR,0.007,2.0,2.0
structured,Logistic,BlackConcentration,0.5,12,2,PPR,0.0148,4.0,2.0
structured,Logistic,BlackConcentration,0.5,12,2,AUC,0.0209,,
structured,Logistic,BlackConcentration,0.5,12,2,EO_diff,0.0621,,
structured,Logistic,BlackConcentration,0.6,12,2,TPR,0.0425,1.0,0.0
structured,Logistic,BlackConcentration,0.6,12,2,FPR,0.0085,3.0,0.0
structured,Logistic,BlackConcentration,0.6,12,2,PPR,0.0163,5.0,3.0
structured,Logistic,BlackConcentration,0.6,12,2,AUC,0.0209,,
structured,Logistic,BlackConcentration,0.6,12,2,EO_diff,0.0548,,
structured,Logistic,ForeignBornConcentration,0.3,9,5,TPR,-0.0032,1.0,0.0
structured,Logistic,ForeignBornConcentration,0.3,9,5,FPR,-0.01,3.0,3.0
structured,Logistic,ForeignBornConcentration,0.3,9,5,PPR,-0.01,3.0,3.0
structured,Logistic,ForeignBornConcentration,0.3,9,5,AUC,-0.0014,,
structured,Logistic,ForeignBornConcentration,0.3,9,5,EO_diff,0.0366,,
structured,Logistic,ForeignBornConcentration,0.4,9,5,TPR,0.0037,1.0,0.0
structured,Logistic,ForeignBornConcentration,0.4,9,5,FPR,-0.0161,4.0,3.0
structured,Logistic,ForeignBornConcentration,0.4,9,5,PPR,-0.0145,3.0,3.0
structured,Logistic,ForeignBornConcentration,0.4,9,5,AUC,-0.0014,,
structured,Logistic,ForeignBornConcentration,0.4,9,5,EO_diff,0.0517,,
structured,Logistic,ForeignBornConcentration,0.5,9,5,TPR,-0.0087,0.0,0.0
structured,Logistic,ForeignBornConcentration,0.5,9,5,FPR,-0.0095,1.0,1.0
structured,Logistic,ForeignBornConcentration,0.5,9,5,PPR,-0.0109,1.0,1.0
structured,Logistic,ForeignBornConcentration,0.5,9,5,AUC,-0.0014,,
structured,Logistic,ForeignBornConcentration,0.5,9,5,EO_diff,0.0591,,
structured,Logistic,ForeignBornConcentration,0.6,9,5,TPR,-0.0356,1.0,1.0
structured,Logistic,ForeignBornConcentration,0.6,9,5,FPR,-0.0102,1.0,1.0
structured,Logistic,ForeignBornConcentration,0.6,9,5,PPR,-0.0158,2.0,1.0
structured,Logistic,ForeignBornConcentration,0.6,9,5,AUC,-0.0014,,
structured,Logistic,ForeignBornConcentration,0.6,9,5,EO_diff,0.0548,,
structured,Logistic,HispanicConcentration,0.3,10,4,TPR,-0.0148,1.0,0.0
structured,Logistic,HispanicConcentration,0.3,10,4,FPR,-0.0043,3.0,2.0
structured,Logistic,HispanicConcentration,0.3,10,4,PPR,-0.0066,3.0,3.0
structured,Logistic,HispanicConcentration,0.3,10,4,AUC,-0.0124,,
structured,Logistic,HispanicConcentration,0.3,10,4,EO_diff,0.0284,,
structured,Logistic,HispanicConcentration,0.4,10,4,TPR,-0.017,1.0,0.0
structured,Logistic,HispanicConcentration,0.4,10,4,FPR,-0.0183,2.0,1.0
structured,Logistic,HispanicConcentration,0.4,10,4,PPR,-0.0195,2.0,2.0
structured,Logistic,HispanicConcentration,0.4,10,4,AUC,-0.0124,,
structured,Logistic,HispanicConcentration,0.4,10,4,EO_diff,0.0416,,
structured,Logistic,HispanicConcentration,0.5,10,4,TPR,-0.0186,0.0,0.0
structured,Logistic,HispanicConcentration,0.5,10,4,FPR,-0.0097,2.0,0.0
structured,Logistic,HispanicConcentration,0.5,10,4,PPR,-0.0122,2.0,1.0
structured,Logistic,HispanicConcentration,0.5,10,4,AUC,-0.0124,,
structured,Logistic,HispanicConcentration,0.5,10,4,EO_diff,0.0408,,
structured,Logistic,HispanicConcentration,0.6,10,4,TPR,-0.0378,2.0,2.0
structured,Logistic,HispanicConcentration,0.6,10,4,FPR,-0.0102,1.0,0.0
structured,Logistic,HispanicConcentration,0.6,10,4,PPR,-0.0158,3.0,3.0
structured,Logistic,HispanicConcentration,0.6,10,4,AUC,-0.0124,,
structured,Logistic,HispanicConcentration,0.6,10,4,EO_diff,0.0457,,
structured,Logistic,LimitedEnglishConcentration,0.3,9,5,TPR,-0.0014,0.0,0.0
structured,Logistic,LimitedEnglishConcentration,0.3,9,5,FPR,-0.0078,2.0,1.0
structured,Logistic,LimitedEnglishConcentration,0.3,9,5,PPR,-0.0072,2.0,2.0
structured,Logistic,LimitedEnglishConcentration,0.3,9,5,AUC,-0.0038,,
structured,Logistic,LimitedEnglishConcentration,0.3,9,5,EO_diff,0.0255,,
structured,Logistic,LimitedEnglishConcentration,0.4,9,5,TPR,-0.0092,0.0,0.0
structured,Logistic,LimitedEnglishConcentration,0.4,9,5,FPR,-0.0172,3.0,1.0
structured,Logistic,LimitedEnglishConcentration,0.4,9,5,PPR,-0.0164,3.0,1.0
structured,Logistic,LimitedEnglishConcentration,0.4,9,5,AUC,-0.0038,,
structured,Logistic,LimitedEnglishConcentration,0.4,9,5,EO_diff,0.0392,,
structured,Logistic,LimitedEnglishConcentration,0.5,9,5,TPR,-0.0095,0.0,0.0
structured,Logistic,LimitedEnglishConcentration,0.5,9,5,FPR,-0.0151,0.0,0.0
structured,Logistic,LimitedEnglishConcentration,0.5,9,5,PPR,-0.0144,2.0,0.0
structured,Logistic,LimitedEnglishConcentration,0.5,9,5,AUC,-0.0038,,
structured,Logistic,LimitedEnglishConcentration,0.5,9,5,EO_diff,0.0391,,
structured,Logistic,LimitedEnglishConcentration,0.6,9,5,TPR,-0.0353,1.0,0.0
structured,Logistic,LimitedEnglishConcentration,0.6,9,5,FPR,-0.0122,1.0,0.0
structured,Logistic,LimitedEnglishConcentration,0.6,9,5,PPR,-0.0165,2.0,1.0
structured,Logistic,LimitedEnglishConcentration,0.6,9,5,AUC,-0.0038,,
structured,Logistic,LimitedEnglishConcentration,0.6,9,5,EO_diff,0.0386,,
structured,Logistic,SES_group,0.3,14,0,TPR,0.0075,3.0,0.0
structured,Logistic,SES_group,0.3,14,0,FPR,0.0643,10.0,10.0
structured,Logistic,SES_group,0.3,14,0,PPR,0.0603,11.0,11.0
structured,Logistic,SES_group,0.3,14,0,AUC,-0.0067,,
structured,Logistic,SES_group,0.3,14,0,EO_diff,0.0726,,
structured,Logistic,SES_group,0.4,14,0,TPR,0.0289,2.0,2.0
structured,Logistic,SES_group,0.4,14,0,FPR,0.0682,10.0,10.0
structured,Logistic,SES_group,0.4,14,0,PPR,0.0684,11.0,11.0
structured,Logistic,SES_group,0.4,14,0,AUC,-0.0067,,
structured,Logistic,SES_group,0.4,14,0,EO_diff,0.0784,,
structured,Logistic,SES_group,0.5,14,0,TPR,0.054,3.0,1.0
structured,Logistic,SES_group,0.5,14,0,FPR,0.0607,11.0,10.0
structured,Logistic,SES_group,0.5,14,0,PPR,0.0665,12.0,12.0
structured,Logistic,SES_group,0.5,14,0,AUC,-0.0067,,
structured,Logistic,SES_group,0.5,14,0,EO_diff,0.0867,,
structured,Logistic,SES_group,0.6,14,0,TPR,0.0641,5.0,5.0
structured,Logistic,SES_group,0.6,14,0,FPR,0.0419,8.0,7.0
structured,Logistic,SES_group,0.6,14,0,PPR,0.0513,11.0,10.0
structured,Logistic,SES_group,0.6,14,0,AUC,-0.0067,,
structured,Logistic,SES_group,0.6,14,0,EO_diff,0.0935,,
structured,Logistic,WhiteConcentration,0.3,10,4,TPR,-0.0042,0.0,0.0
structured,Logistic,WhiteConcentration,0.3,10,4,FPR,-0.0035,0.0,0.0
structured,Logistic,WhiteConcentration,0.3,10,4,PPR,-0.0045,0.0,0.0
structured,Logistic,WhiteConcentration,0.3,10,4,AUC,-0.0123,,
structured,Logistic,WhiteConcentration,0.3,10,4,EO_diff,0.0238,,
structured,Logistic,WhiteConcentration,0.4,10,4,TPR,-0.0125,0.0,0.0
structured,Logistic,WhiteConcentration,0.4,10,4,FPR,0.0123,2.0,0.0
structured,Logistic,WhiteConcentration,0.4,10,4,PPR,0.0074,1.0,0.0
structured,Logistic,WhiteConcentration,0.4,10,4,AUC,-0.0123,,
structured,Logistic,WhiteConcentration,0.4,10,4,EO_diff,0.0454,,
structured,Logistic,WhiteConcentration,0.5,10,4,TPR,-0.019,1.0,0.0
structured,Logistic,WhiteConcentration,0.5,10,4,FPR,0.0062,0.0,0.0
structured,Logistic,WhiteConcentration,0.5,10,4,PPR,0.0002,0.0,0.0
structured,Logistic,WhiteConcentration,0.5,10,4,AUC,-0.0123,,
structured,Logistic,WhiteConcentration,0.5,10,4,EO_diff,0.0498,,
structured,Logistic,WhiteConcentration,0.6,10,4,TPR,-0.0098,0.0,0.0
structured,Logistic,WhiteConcentration,0.6,10,4,FPR,0.0073,1.0,0.0
structured,Logistic,WhiteConcentration,0.6,10,4,PPR,0.0032,3.0,0.0
structured,Logistic,WhiteConcentration,0.6,10,4,AUC,-0.0123,,
structured,Logistic,WhiteConcentration,0.6,10,4,EO_diff,0.0468,,
structured,XGBoost,AsianConcentration,0.3,7,7,TPR,-0.0163,1.0,1.0
structured,XGBoost,AsianConcentration,0.3,7,7,FPR,-0.051,6.0,6.0
structured,XGBoost,AsianConcentration,0.3,7,7,PPR,-0.0471,5.0,5.0
structured,XGBoost,AsianConcentration,0.3,7,7,AUC,0.0066,,
structured,XGBoost,AsianConcentration,0.3,7,7,EO_diff,0.0605,,
structured,XGBoost,AsianConcentration,0.4,7,7,TPR,-0.0299,1.0,1.0
structured,XGBoost,AsianConcentration,0.4,7,7,FPR,-0.0636,6.0,6.0
structured,XGBoost,AsianConcentration,0.4,7,7,PPR,-0.061,6.0,6.0
structured,XGBoost,AsianConcentration,0.4,7,7,AUC,0.0066,,
structured,XGBoost,AsianConcentration,0.4,7,7,EO_diff,0.0752,,
structured,XGBoost,AsianConcentration,0.5,7,7,TPR,-0.0408,1.0,1.0
structured,XGBoost,AsianConcentration,0.5,7,7,FPR,-0.0528,6.0,6.0
structured,XGBoost,AsianConcentration,0.5,7,7,PPR,-0.0534,6.0,6.0
structured,XGBoost,AsianConcentration,0.5,7,7,AUC,0.0066,,
structured,XGBoost,AsianConcentration,0.5,7,7,EO_diff,0.0724,,
structured,XGBoost,AsianConcentration,0.6,7,7,TPR,-0.0542,1.0,1.0
structured,XGBoost,AsianConcentration,0.6,7,7,FPR,-0.0396,3.0,3.0
structured,XGBoost,AsianConcentration,0.6,7,7,PPR,-0.043,4.0,4.0
structured,XGBoost,AsianConcentration,0.6,7,7,AUC,0.0066,,
structured,XGBoost,AsianConcentration,0.6,7,7,EO_diff,0.0685,,
structured,XGBoost,BlackConcentration,0.3,12,2,TPR,0.0002,0.0,0.0
structured,XGBoost,BlackConcentration,0.3,12,2,FPR,-0.0048,1.0,0.0
structured,XGBoost,BlackConcentration,0.3,12,2,PPR,-0.0028,1.0,0.0
structured,XGBoost,BlackConcentration,0.3,12,2,AUC,0.0121,,
structured,XGBoost,BlackConcentration,0.3,12,2,EO_diff,0.0368,,
structured,XGBoost,BlackConcentration,0.4,12,2,TPR,0.0092,1.0,0.0
structured,XGBoost,BlackConcentration,0.4,12,2,FPR,-0.0096,0.0,0.0
structured,XGBoost,BlackConcentration,0.4,12,2,PPR,-0.0046,2.0,2.0
structured,XGBoost,BlackConcentration,0.4,12,2,AUC,0.0121,,
structured,XGBoost,BlackConcentration,0.4,12,2,EO_diff,0.035,,
structured,XGBoost,BlackConcentration,0.5,12,2,TPR,0.0083,1.0,0.0
structured,XGBoost,BlackConcentration,0.5,12,2,FPR,-0.003,2.0,0.0
structured,XGBoost,BlackConcentration,0.5,12,2,PPR,0.0017,2.0,2.0
structured,XGBoost,BlackConcentration,0.5,12,2,AUC,0.0121,,
structured,XGBoost,BlackConcentration,0.5,12,2,EO_diff,0.0358,,
structured,XGBoost,BlackConcentration,0.6,12,2,TPR,0.0152,1.0,0.0
structured,XGBoost,BlackConcentration,0.6,12,2,FPR,-0.0027,1.0,0.0
structured,XGBoost,BlackConcentration,0.6,12,2,PPR,0.0026,2.0,2.0
structured,XGBoost,BlackConcentration,0.6,12,2,AUC,0.0121,,
structured,XGBoost,BlackConcentration,0.6,12,2,EO_diff,0.0454,,
structured,XGBoost,ForeignBornConcentration,0.3,9,5,TPR,-0.0062,0.0,0.0
structured,XGBoost,ForeignBornConcentration,0.3,9,5,FPR,-0.045,6.0,6.0
structured,XGBoost,ForeignBornConcentration,0.3,9,5,PPR,-0.0397,6.0,6.0
structured,XGBoost,ForeignBornConcentration,0.3,9,5,AUC,0.0033,,
structured,XGBoost,ForeignBornConcentration,0.3,9,5,EO_diff,0.0565,,
structured,XGBoost,ForeignBornConcentration,0.4,9,5,TPR,-0.0283,1.0,0.0
structured,XGBoost,ForeignBornConcentration,0.4,9,5,FPR,-0.0534,6.0,6.0
structured,XGBoost,ForeignBornConcentration,0.4,9,5,PPR,-0.0509,6.0,6.0
structured,XGBoost,ForeignBornConcentration,0.4,9,5,AUC,0.0033,,
structured,XGBoost,ForeignBornConcentration,0.4,9,5,EO_diff,0.074,,
structured,XGBoost,ForeignBornConcentration,0.5,9,5,TPR,-0.0309,1.0,0.0
structured,XGBoost,ForeignBornConcentration,0.5,9,5,FPR,-0.0424,5.0,5.0
structured,XGBoost,ForeignBornConcentration,0.5,9,5,PPR,-0.0423,6.0,6.0
structured,XGBoost,ForeignBornConcentration,0.5,9,5,AUC,0.0033,,
structured,XGBoost,ForeignBornConcentration,0.5,9,5,EO_diff,0.0734,,
structured,XGBoost,ForeignBornConcentration,0.6,9,5,TPR,-0.0601,1.0,1.0
structured,XGBoost,ForeignBornConcentration,0.6,9,5,FPR,-0.0409,4.0,4.0
structured,XGBoost,ForeignBornConcentration,0.6,9,5,PPR,-0.0451,6.0,4.0
structured,XGBoost,ForeignBornConcentration,0.6,9,5,AUC,0.0033,,
structured,XGBoost,ForeignBornConcentration,0.6,9,5,EO_diff,0.0825,,
structured,XGBoost,HispanicConcentration,0.3,10,4,TPR,-0.0149,1.0,0.0
structured,XGBoost,HispanicConcentration,0.3,10,4,FPR,-0.0329,5.0,5.0
structured,XGBoost,HispanicConcentration,0.3,10,4,PPR,-0.0308,6.0,5.0
structured,XGBoost,HispanicConcentration,0.3,10,4,AUC,-0.0033,,
structured,XGBoost,HispanicConcentration,0.3,10,4,EO_diff,0.0444,,
structured,XGBoost,HispanicConcentration,0.4,10,4,TPR,-0.0445,3.0,0.0
structured,XGBoost,HispanicConcentration,0.4,10,4,FPR,-0.0383,5.0,5.0
structured,XGBoost,HispanicConcentration,0.4,10,4,PPR,-0.0404,6.0,6.0
structured,XGBoost,HispanicConcentration,0.4,10,4,AUC,-0.0033,,
structured,XGBoost,HispanicConcentration,0.4,10,4,EO_diff,0.0611,,
structured,XGBoost,HispanicConcentration,0.5,10,4,TPR,-0.0171,1.0,0.0
structured,XGBoost,HispanicConcentration,0.5,10,4,FPR,-0.0301,5.0,3.0
structured,XGBoost,HispanicConcentration,0.5,10,4,PPR,-0.0295,5.0,5.0
structured,XGBoost,HispanicConcentration,0.5,10,4,AUC,-0.0033,,
structured,XGBoost,HispanicConcentration,0.5,10,4,EO_diff,0.0554,,
structured,XGBoost,HispanicConcentration,0.6,10,4,TPR,-0.0387,2.0,0.0
structured,XGBoost,HispanicConcentration,0.6,10,4,FPR,-0.0313,5.0,4.0
structured,XGBoost,HispanicConcentration,0.6,10,4,PPR,-0.0335,5.0,5.0
structured,XGBoost,HispanicConcentration,0.6,10,4,AUC,-0.0033,,
structured,XGBoost,HispanicConcentration,0.6,10,4,EO_diff,0.0609,,
structured,XGBoost,LimitedEnglishConcentration,0.3,9,5,TPR,-0.0063,0.0,0.0
structured,XGBoost,LimitedEnglishConcentration,0.3,9,5,FPR,-0.0426,5.0,5.0
structured,XGBoost,LimitedEnglishConcentration,0.3,9,5,PPR,-0.0372,5.0,5.0
structured,XGBoost,LimitedEnglishConcentration,0.3,9,5,AUC,0.0061,,
structured,XGBoost,LimitedEnglishConcentration,0.3,9,5,EO_diff,0.0464,,
structured,XGBoost,LimitedEnglishConcentration,0.4,9,5,TPR,-0.0332,1.0,0.0
structured,XGBoost,LimitedEnglishConcentration,0.4,9,5,FPR,-0.0535,7.0,7.0
structured,XGBoost,LimitedEnglishConcentration,0.4,9,5,PPR,-0.0508,6.0,6.0
structured,XGBoost,LimitedEnglishConcentration,0.4,9,5,AUC,0.0061,,
structured,XGBoost,LimitedEnglishConcentration,0.4,9,5,EO_diff,0.0625,,
structured,XGBoost,LimitedEnglishConcentration,0.5,9,5,TPR,-0.019,0.0,0.0
structured,XGBoost,LimitedEnglishConcentration,0.5,9,5,FPR,-0.0373,5.0,3.0
structured,XGBoost,LimitedEnglishConcentration,0.5,9,5,PPR,-0.0353,4.0,3.0
structured,XGBoost,LimitedEnglishConcentration,0.5,9,5,AUC,0.0061,,
structured,XGBoost,LimitedEnglishConcentration,0.5,9,5,EO_diff,0.0649,,
structured,XGBoost,LimitedEnglishConcentration,0.6,9,5,TPR,-0.0417,1.0,0.0
structured,XGBoost,LimitedEnglishConcentration,0.6,9,5,FPR,-0.0381,5.0,5.0
structured,XGBoost,LimitedEnglishConcentration,0.6,9,5,PPR,-0.0389,4.0,4.0
structured,XGBoost,LimitedEnglishConcentration,0.6,9,5,AUC,0.0061,,
structured,XGBoost,LimitedEnglishConcentration,0.6,9,5,EO_diff,0.0611,,
structured,XGBoost,SES_group,0.3,14,0,TPR,0.0068,2.0,1.0
structured,XGBoost,SES_group,0.3,14,0,FPR,0.0676,11.0,11.0
structured,XGBoost,SES_group,0.3,14,0,PPR,0.0637,12.0,12.0
structured,XGBoost,SES_group,0.3,14,0,AUC,-0.0066,,
structured,XGBoost,SES_group,0.3,14,0,EO_diff,0.0819,,
structured,XGBoost,SES_group,0.4,14,0,TPR,0.0454,3.0,0.0
structured,XGBoost,SES_group,0.4,14,0,FPR,0.0618,10.0,9.0
structured,XGBoost,SES_group,0.4,14,0,PPR,0.0656,10.0,10.0
structured,XGBoost,SES_group,0.4,14,0,AUC,-0.0066,,
structured,XGBoost,SES_group,0.4,14,0,EO_diff,0.0803,,
structured,XGBoost,SES_group,0.5,14,0,TPR,0.0602,3.0,1.0
structured,XGBoost,SES_group,0.5,14,0,FPR,0.0534,10.0,10.0
structured,XGBoost,SES_group,0.5,14,0,PPR,0.0606,10.0,10.0
structured,XGBoost,SES_group,0.5,14,0,AUC,-0.0066,,
structured,XGBoost,SES_group,0.5,14,0,EO_diff,0.0859,,
structured,XGBoost,SES_group,0.6,14,0,TPR,0.067,6.0,4.0
structured,XGBoost,SES_group,0.6,14,0,FPR,0.0294,6.0,5.0
structured,XGBoost,SES_group,0.6,14,0,PPR,0.0395,8.0,8.0
structured,XGBoost,SES_group,0.6,14,0,AUC,-0.0066,,
structured,XGBoost,SES_group,0.6,14,0,EO_diff,0.0915,,
structured,XGBoost,WhiteConcentration,0.3,10,4,TPR,0.0035,1.0,0.0
structured,XGBoost,WhiteConcentration,0.3,10,4,FPR,0.0212,5.0,4.0
structured,XGBoost,WhiteConcentration,0.3,10,4,PPR,0.0177,5.0,5.0
structured,XGBoost,WhiteConcentration,0.3,10,4,AUC,-0.0168,,
structured,XGBoost,WhiteConcentration,0.3,10,4,EO_diff,0.0327,,
structured,XGBoost,WhiteConcentration,0.4,10,4,TPR,0.0109,0.0,0.0
structured,XGBoost,WhiteConcentration,0.4,10,4,FPR,0.0333,3.0,3.0
structured,XGBoost,WhiteConcentration,0.4,10,4,PPR,0.0285,4.0,3.0
structured,XGBoost,WhiteConcentration,0.4,10,4,AUC,-0.0168,,
structured,XGBoost,WhiteConcentration,0.4,10,4,EO_diff,0.0367,,
structured,XGBoost,WhiteConcentration,0.5,10,4,TPR,-0.0058,0.0,0.0
structured,XGBoost,WhiteConcentration,0.5,10,4,FPR,0.0236,2.0,1.0
structured,XGBoost,WhiteConcentration,0.5,10,4,PPR,0.0176,3.0,3.0
structured,XGBoost,WhiteConcentration,0.5,10,4,AUC,-0.0168,,
structured,XGBoost,WhiteConcentration,0.5,10,4,EO_diff,0.0486,,
structured,XGBoost,WhiteConcentration,0.6,10,4,TPR,0.0015,1.0,0.0
structured,XGBoost,WhiteConcentration,0.6,10,4,FPR,0.0268,4.0,2.0
structured,XGBoost,WhiteConcentration,0.6,10,4,PPR,0.0213,3.0,3.0
structured,XGBoost,WhiteConcentration,0.6,10,4,AUC,-0.0168,,
structured,XGBoost,WhiteConcentration,0.6,10,4,EO_diff,0.0505,,
structured_has_desc,Logistic,AsianConcentration,0.3,7,7,TPR,-0.0032,1.0,0.0
structured_has_desc,Logistic,AsianConcentration,0.3,7,7,FPR,-0.0221,6.0,6.0
structured_has_desc,Logistic,AsianConcentration,0.3,7,7,PPR,-0.0207,5.0,5.0
structured_has_desc,Logistic,AsianConcentration,0.3,7,7,AUC,0.0087,,
structured_has_desc,Logistic,AsianConcentration,0.3,7,7,EO_diff,0.0429,,
structured_has_desc,Logistic,AsianConcentration,0.4,7,7,TPR,-0.0057,2.0,0.0
structured_has_desc,Logistic,AsianConcentration,0.4,7,7,FPR,-0.0325,6.0,6.0
structured_has_desc,Logistic,AsianConcentration,0.4,7,7,PPR,-0.0312,5.0,5.0
structured_has_desc,Logistic,AsianConcentration,0.4,7,7,AUC,0.0087,,
structured_has_desc,Logistic,AsianConcentration,0.4,7,7,EO_diff,0.0705,,
structured_has_desc,Logistic,AsianConcentration,0.5,7,7,TPR,-0.0179,1.0,1.0
structured_has_desc,Logistic,AsianConcentration,0.5,7,7,FPR,-0.0256,3.0,3.0
structured_has_desc,Logistic,AsianConcentration,0.5,7,7,PPR,-0.0269,2.0,1.0
structured_has_desc,Logistic,AsianConcentration,0.5,7,7,AUC,0.0087,,
structured_has_desc,Logistic,AsianConcentration,0.5,7,7,EO_diff,0.0532,,
structured_has_desc,Logistic,AsianConcentration,0.6,7,7,TPR,-0.0275,1.0,1.0
structured_has_desc,Logistic,AsianConcentration,0.6,7,7,FPR,-0.0224,2.0,1.0
structured_has_desc,Logistic,AsianConcentration,0.6,7,7,PPR,-0.0243,2.0,2.0
structured_has_desc,Logistic,AsianConcentration,0.6,7,7,AUC,0.0087,,
structured_has_desc,Logistic,AsianConcentration,0.6,7,7,EO_diff,0.0693,,
structured_has_desc,Logistic,BlackConcentration,0.3,12,2,TPR,0.0092,0.0,0.0
structured_has_desc,Logistic,BlackConcentration,0.3,12,2,FPR,0.0031,3.0,1.0
structured_has_desc,Logistic,BlackConcentration,0.3,12,2,PPR,0.0053,4.0,1.0
structured_has_desc,Logistic,BlackConcentration,0.3,12,2,AUC,0.021,,
structured_has_desc,Logistic,BlackConcentration,0.3,12,2,EO_diff,0.0328,,
structured_has_desc,Logistic,BlackConcentration,0.4,12,2,TPR,0.0274,0.0,0.0
structured_has_desc,Logistic,BlackConcentration,0.4,12,2,FPR,-0.0071,4.0,3.0
structured_has_desc,Logistic,BlackConcentration,0.4,12,2,PPR,0.0002,4.0,3.0
structured_has_desc,Logistic,BlackConcentration,0.4,12,2,AUC,0.021,,
structured_has_desc,Logistic,BlackConcentration,0.4,12,2,EO_diff,0.0434,,
structured_has_desc,Logistic,BlackConcentration,0.5,12,2,TPR,0.037,1.0,1.0
structured_has_desc,Logistic,BlackConcentration,0.5,12,2,FPR,0.0078,2.0,2.0
structured_has_desc,Logistic,BlackConcentration,0.5,12,2,PPR,0.0153,4.0,2.0
structured_has_desc,Logistic,BlackConcentration,0.5,12,2,AUC,0.021,,
structured_has_desc,Logistic,BlackConcentration,0.5,12,2,EO_diff,0.06,,
structured_has_desc,Logistic,BlackConcentration,0.6,12,2,TPR,0.0414,1.0,0.0
structured_has_desc,Logistic,BlackConcentration,0.6,12,2,FPR,0.0088,3.0,0.0
structured_has_desc,Logistic,BlackConcentration,0.6,12,2,PPR,0.0163,4.0,3.0
structured_has_desc,Logistic,BlackConcentration,0.6,12,2,AUC,0.021,,
structured_has_desc,Logistic,BlackConcentration,0.6,12,2,EO_diff,0.053,,
structured_has_desc,Logistic,ForeignBornConcentration,0.3,9,5,TPR,-0.003,0.0,0.0
structured_has_desc,Logistic,ForeignBornConcentration,0.3,9,5,FPR,-0.0091,3.0,3.0
structured_has_desc,Logistic,ForeignBornConcentration,0.3,9,5,PPR,-0.0091,3.0,3.0
structured_has_desc,Logistic,ForeignBornConcentration,0.3,9,5,AUC,-0.0014,,
structured_has_desc,Logistic,ForeignBornConcentration,0.3,9,5,EO_diff,0.0353,,
structured_has_desc,Logistic,ForeignBornConcentration,0.4,9,5,TPR,0.0059,2.0,0.0
structured_has_desc,Logistic,ForeignBornConcentration,0.4,9,5,FPR,-0.0172,4.0,3.0
structured_has_desc,Logistic,ForeignBornConcentration,0.4,9,5,PPR,-0.0151,3.0,3.0
structured_has_desc,Logistic,ForeignBornConcentration,0.4,9,5,AUC,-0.0014,,
structured_has_desc,Logistic,ForeignBornConcentration,0.4,9,5,EO_diff,0.054,,
structured_has_desc,Logistic,ForeignBornConcentration,0.5,9,5,TPR,-0.0113,1.0,0.0
structured_has_desc,Logistic,ForeignBornConcentration,0.5,9,5,FPR,-0.0087,1.0,1.0
structured_has_desc,Logistic,ForeignBornConcentration,0.5,9,5,PPR,-0.0106,1.0,1.0
structured_has_desc,Logistic,ForeignBornConcentration,0.5,9,5,AUC,-0.0014,,
structured_has_desc,Logistic,ForeignBornConcentration,0.5,9,5,EO_diff,0.0603,,
structured_has_desc,Logistic,ForeignBornConcentration,0.6,9,5,TPR,-0.0331,1.0,0.0
structured_has_desc,Logistic,ForeignBornConcentration,0.6,9,5,FPR,-0.0096,1.0,1.0
structured_has_desc,Logistic,ForeignBornConcentration,0.6,9,5,PPR,-0.0149,2.0,1.0
structured_has_desc,Logistic,ForeignBornConcentration,0.6,9,5,AUC,-0.0014,,
structured_has_desc,Logistic,ForeignBornConcentration,0.6,9,5,EO_diff,0.0528,,
structured_has_desc,Logistic,HispanicConcentration,0.3,10,4,TPR,-0.0152,1.0,0.0
structured_has_desc,Logistic,HispanicConcentration,0.3,10,4,FPR,-0.0051,3.0,0.0
structured_has_desc,Logistic,HispanicConcentration,0.3,10,4,PPR,-0.0073,3.0,3.0
structured_has_desc,Logistic,HispanicConcentration,0.3,10,4,AUC,-0.0124,,
structured_has_desc,Logistic,HispanicConcentration,0.3,10,4,EO_diff,0.0278,,
structured_has_desc,Logistic,HispanicConcentration,0.4,10,4,TPR,-0.017,2.0,0.0
structured_has_desc,Logistic,HispanicConcentration,0.4,10,4,FPR,-0.0177,3.0,1.0
structured_has_desc,Logistic,HispanicConcentration,0.4,10,4,PPR,-0.019,3.0,2.0
structured_has_desc,Logistic,HispanicConcentration,0.4,10,4,AUC,-0.0124,,
structured_has_desc,Logistic,HispanicConcentration,0.4,10,4,EO_diff,0.0423,,
structured_has_desc,Logistic,HispanicConcentration,0.5,10,4,TPR,-0.02,0.0,0.0
structured_has_desc,Logistic,HispanicConcentration,0.5,10,4,FPR,-0.0101,1.0,0.0
structured_has_desc,Logistic,HispanicConcentration,0.5,10,4,PPR,-0.0128,2.0,0.0
structured_has_desc,Logistic,HispanicConcentration,0.5,10,4,AUC,-0.0124,,
structured_has_desc,Logistic,HispanicConcentration,0.5,10,4,EO_diff,0.0417,,
structured_has_desc,Logistic,HispanicConcentration,0.6,10,4,TPR,-0.0357,2.0,2.0
structured_has_desc,Logistic,HispanicConcentration,0.6,10,4,FPR,-0.0092,1.0,1.0
structured_has_desc,Logistic,HispanicConcentration,0.6,10,4,PPR,-0.0146,3.0,2.0
structured_has_desc,Logistic,HispanicConcentration,0.6,10,4,AUC,-0.0124,,
structured_has_desc,Logistic,HispanicConcentration,0.6,10,4,EO_diff,0.0441,,
structured_has_desc,Logistic,LimitedEnglishConcentration,0.3,9,5,TPR,-0.0011,0.0,0.0
structured_has_desc,Logistic,LimitedEnglishConcentration,0.3,9,5,FPR,-0.0072,2.0,1.0
structured_has_desc,Logistic,LimitedEnglishConcentration,0.3,9,5,PPR,-0.0066,2.0,1.0
structured_has_desc,Logistic,LimitedEnglishConcentration,0.3,9,5,AUC,-0.0035,,
structured_has_desc,Logistic,LimitedEnglishConcentration,0.3,9,5,EO_diff,0.0227,,
structured_has_desc,Logistic,LimitedEnglishConcentration,0.4,9,5,TPR,-0.0077,1.0,0.0
structured_has_desc,Logistic,LimitedEnglishConcentration,0.4,9,5,FPR,-0.0176,2.0,1.0
structured_has_desc,Logistic,LimitedEnglishConcentration,0.4,9,5,PPR,-0.0165,4.0,1.0
structured_has_desc,Logistic,LimitedEnglishConcentration,0.4,9,5,AUC,-0.0035,,
structured_has_desc,Logistic,LimitedEnglishConcentration,0.4,9,5,EO_diff,0.0392,,
structured_has_desc,Logistic,LimitedEnglishConcentration,0.5,9,5,TPR,-0.0134,0.0,0.0
structured_has_desc,Logistic,LimitedEnglishConcentration,0.5,9,5,FPR,-0.0147,0.0,0.0
structured_has_desc,Logistic,LimitedEnglishConcentration,0.5,9,5,PPR,-0.0146,2.0,0.0
structured_has_desc,Logistic,LimitedEnglishConcentration,0.5,9,5,AUC,-0.0035,,
structured_has_desc,Logistic,LimitedEnglishConcentration,0.5,9,5,EO_diff,0.0424,,
structured_has_desc,Logistic,LimitedEnglishConcentration,0.6,9,5,TPR,-0.0329,1.0,0.0
structured_has_desc,Logistic,LimitedEnglishConcentration,0.6,9,5,FPR,-0.0116,1.0,1.0
structured_has_desc,Logistic,LimitedEnglishConcentration,0.6,9,5,PPR,-0.0156,2.0,1.0
structured_has_desc,Logistic,LimitedEnglishConcentration,0.6,9,5,AUC,-0.0035,,
structured_has_desc,Logistic,LimitedEnglishConcentration,0.6,9,5,EO_diff,0.0382,,
structured_has_desc,Logistic,SES_group,0.3,14,0,TPR,0.0092,4.0,0.0
structured_has_desc,Logistic,SES_group,0.3,14,0,FPR,0.0646,10.0,10.0
structured_has_desc,Logistic,SES_group,0.3,14,0,PPR,0.0607,11.0,11.0
structured_has_desc,Logistic,SES_group,0.3,14,0,AUC,-0.0068,,
structured_has_desc,Logistic,SES_group,0.3,14,0,EO_diff,0.0751,,
structured_has_desc,Logistic,SES_group,0.4,14,0,TPR,0.0286,2.0,2.0
structured_has_desc,Logistic,SES_group,0.4,14,0,FPR,0.0675,10.0,10.0
structured_has_desc,Logistic,SES_group,0.4,14,0,PPR,0.0678,11.0,11.0
structured_has_desc,Logistic,SES_group,0.4,14,0,AUC,-0.0068,,
structured_has_desc,Logistic,SES_group,0.4,14,0,EO_diff,0.0819,,
structured_has_desc,Logistic,SES_group,0.5,14,0,TPR,0.0579,4.0,1.0
structured_has_desc,Logistic,SES_group,0.5,14,0,FPR,0.0596,10.0,10.0
structured_has_desc,Logistic,SES_group,0.5,14,0,PPR,0.0663,12.0,12.0
structured_has_desc,Logistic,SES_group,0.5,14,0,AUC,-0.0068,,
structured_has_desc,Logistic,SES_group,0.5,14,0,EO_diff,0.0874,,
structured_has_desc,Logistic,SES_group,0.6,14,0,TPR,0.0664,5.0,5.0
structured_has_desc,Logistic,SES_group,0.6,14,0,FPR,0.0411,8.0,7.0
structured_has_desc,Logistic,SES_group,0.6,14,0,PPR,0.0508,11.0,11.0
structured_has_desc,Logistic,SES_group,0.6,14,0,AUC,-0.0068,,
structured_has_desc,Logistic,SES_group,0.6,14,0,EO_diff,0.0906,,
structured_has_desc,Logistic,WhiteConcentration,0.3,10,4,TPR,-0.0036,0.0,0.0
structured_has_desc,Logistic,WhiteConcentration,0.3,10,4,FPR,-0.0035,0.0,0.0
structured_has_desc,Logistic,WhiteConcentration,0.3,10,4,PPR,-0.0043,0.0,0.0
structured_has_desc,Logistic,WhiteConcentration,0.3,10,4,AUC,-0.0125,,
structured_has_desc,Logistic,WhiteConcentration,0.3,10,4,EO_diff,0.0227,,
structured_has_desc,Logistic,WhiteConcentration,0.4,10,4,TPR,-0.014,0.0,0.0
structured_has_desc,Logistic,WhiteConcentration,0.4,10,4,FPR,0.0133,1.0,0.0
structured_has_desc,Logistic,WhiteConcentration,0.4,10,4,PPR,0.008,1.0,0.0
structured_has_desc,Logistic,WhiteConcentration,0.4,10,4,AUC,-0.0125,,
structured_has_desc,Logistic,WhiteConcentration,0.4,10,4,EO_diff,0.0444,,
structured_has_desc,Logistic,WhiteConcentration,0.5,10,4,TPR,-0.0158,1.0,0.0
structured_has_desc,Logistic,WhiteConcentration,0.5,10,4,FPR,0.0059,0.0,0.0
structured_has_desc,Logistic,WhiteConcentration,0.5,10,4,PPR,0.0005,0.0,0.0
structured_has_desc,Logistic,WhiteConcentration,0.5,10,4,AUC,-0.0125,,
structured_has_desc,Logistic,WhiteConcentration,0.5,10,4,EO_diff,0.0509,,
structured_has_desc,Logistic,WhiteConcentration,0.6,10,4,TPR,-0.0093,0.0,0.0
structured_has_desc,Logistic,WhiteConcentration,0.6,10,4,FPR,0.0071,2.0,0.0
structured_has_desc,Logistic,WhiteConcentration,0.6,10,4,PPR,0.0032,3.0,1.0
structured_has_desc,Logistic,WhiteConcentration,0.6,10,4,AUC,-0.0125,,
structured_has_desc,Logistic,WhiteConcentration,0.6,10,4,EO_diff,0.0478,,
structured_has_desc,XGBoost,AsianConcentration,0.3,7,7,TPR,-0.0194,1.0,1.0
structured_has_desc,XGBoost,AsianConcentration,0.3,7,7,FPR,-0.0562,6.0,6.0
structured_has_desc,XGBoost,AsianConcentration,0.3,7,7,PPR,-0.0522,6.0,6.0
structured_has_desc,XGBoost,AsianConcentration,0.3,7,7,AUC,0.007,,
structured_has_desc,XGBoost,AsianConcentration,0.3,7,7,EO_diff,0.0664,,
structured_has_desc,XGBoost,AsianConcentration,0.4,7,7,TPR,-0.0264,1.0,0.0
structured_has_desc,XGBoost,AsianConcentration,0.4,7,7,FPR,-0.0588,5.0,5.0
structured_has_desc,XGBoost,AsianConcentration,0.4,7,7,PPR,-0.0564,6.0,6.0
structured_has_desc,XGBoost,AsianConcentration,0.4,7,7,AUC,0.007,,
structured_has_desc,XGBoost,AsianConcentration,0.4,7,7,EO_diff,0.0725,,
structured_has_desc,XGBoost,AsianConcentration,0.5,7,7,TPR,-0.0469,1.0,1.0
structured_has_desc,XGBoost,AsianConcentration,0.5,7,7,FPR,-0.0534,6.0,6.0
structured_has_desc,XGBoost,AsianConcentration,0.5,7,7,PPR,-0.0549,6.0,6.0
structured_has_desc,XGBoost,AsianConcentration,0.5,7,7,AUC,0.007,,
structured_has_desc,XGBoost,AsianConcentration,0.5,7,7,EO_diff,0.0762,,
structured_has_desc,XGBoost,AsianConcentration,0.6,7,7,TPR,-0.051,1.0,1.0
structured_has_desc,XGBoost,AsianConcentration,0.6,7,7,FPR,-0.0417,5.0,5.0
structured_has_desc,XGBoost,AsianConcentration,0.6,7,7,PPR,-0.0446,5.0,5.0
structured_has_desc,XGBoost,AsianConcentration,0.6,7,7,AUC,0.007,,
structured_has_desc,XGBoost,AsianConcentration,0.6,7,7,EO_diff,0.0684,,
structured_has_desc,XGBoost,BlackConcentration,0.3,12,2,TPR,0.0008,0.0,0.0
structured_has_desc,XGBoost,BlackConcentration,0.3,12,2,FPR,-0.0106,1.0,1.0
structured_has_desc,XGBoost,BlackConcentration,0.3,12,2,PPR,-0.0076,1.0,1.0
structured_has_desc,XGBoost,BlackConcentration,0.3,12,2,AUC,0.0137,,
structured_has_desc,XGBoost,BlackConcentration,0.3,12,2,EO_diff,0.0348,,
structured_has_desc,XGBoost,BlackConcentration,0.4,12,2,TPR,0.0128,1.0,0.0
structured_has_desc,XGBoost,BlackConcentration,0.4,12,2,FPR,-0.0084,0.0,0.0
structured_has_desc,XGBoost,BlackConcentration,0.4,12,2,PPR,-0.0029,2.0,1.0
structured_has_desc,XGBoost,BlackConcentration,0.4,12,2,AUC,0.0137,,
structured_has_desc,XGBoost,BlackConcentration,0.4,12,2,EO_diff,0.0388,,
structured_has_desc,XGBoost,BlackConcentration,0.5,12,2,TPR,0.0142,1.0,0.0
structured_has_desc,XGBoost,BlackConcentration,0.5,12,2,FPR,-0.0022,1.0,0.0
structured_has_desc,XGBoost,BlackConcentration,0.5,12,2,PPR,0.0033,2.0,2.0
structured_has_desc,XGBoost,BlackConcentration,0.5,12,2,AUC,0.0137,,
structured_has_desc,XGBoost,BlackConcentration,0.5,12,2,EO_diff,0.042,,
structured_has_desc,XGBoost,BlackConcentration,0.6,12,2,TPR,0.0181,1.0,0.0
structured_has_desc,XGBoost,BlackConcentration,0.6,12,2,FPR,-0.0071,0.0,0.0
structured_has_desc,XGBoost,BlackConcentration,0.6,12,2,PPR,-0.0007,4.0,2.0
structured_has_desc,XGBoost,BlackConcentration,0.6,12,2,AUC,0.0137,,
structured_has_desc,XGBoost,BlackConcentration,0.6,12,2,EO_diff,0.0449,,
structured_has_desc,XGBoost,ForeignBornConcentration,0.3,9,5,TPR,-0.0132,0.0,0.0
structured_has_desc,XGBoost,ForeignBornConcentration,0.3,9,5,FPR,-0.0437,6.0,6.0
structured_has_desc,XGBoost,ForeignBornConcentration,0.3,9,5,PPR,-0.0399,6.0,6.0
structured_has_desc,XGBoost,ForeignBornConcentration,0.3,9,5,AUC,0.003,,
structured_has_desc,XGBoost,ForeignBornConcentration,0.3,9,5,EO_diff,0.0546,,
structured_has_desc,XGBoost,ForeignBornConcentration,0.4,9,5,TPR,-0.0239,0.0,0.0
structured_has_desc,XGBoost,ForeignBornConcentration,0.4,9,5,FPR,-0.0497,5.0,5.0
structured_has_desc,XGBoost,ForeignBornConcentration,0.4,9,5,PPR,-0.0471,5.0,5.0
structured_has_desc,XGBoost,ForeignBornConcentration,0.4,9,5,AUC,0.003,,
structured_has_desc,XGBoost,ForeignBornConcentration,0.4,9,5,EO_diff,0.0725,,
structured_has_desc,XGBoost,ForeignBornConcentration,0.5,9,5,TPR,-0.0398,2.0,0.0
structured_has_desc,XGBoost,ForeignBornConcentration,0.5,9,5,FPR,-0.0396,6.0,6.0
structured_has_desc,XGBoost,ForeignBornConcentration,0.5,9,5,PPR,-0.0414,6.0,6.0
structured_has_desc,XGBoost,ForeignBornConcentration,0.5,9,5,AUC,0.003,,
structured_has_desc,XGBoost,ForeignBornConcentration,0.5,9,5,EO_diff,0.0784,,
structured_has_desc,XGBoost,ForeignBornConcentration,0.6,9,5,TPR,-0.064,1.0,0.0
structured_has_desc,XGBoost,ForeignBornConcentration,0.6,9,5,FPR,-0.0395,4.0,4.0
structured_has_desc,XGBoost,ForeignBornConcentration,0.6,9,5,PPR,-0.0446,5.0,5.0
structured_has_desc,XGBoost,ForeignBornConcentration,0.6,9,5,AUC,0.003,,
structured_has_desc,XGBoost,ForeignBornConcentration,0.6,9,5,EO_diff,0.0849,,
structured_has_desc,XGBoost,HispanicConcentration,0.3,10,4,TPR,-0.0257,1.0,0.0
structured_has_desc,XGBoost,HispanicConcentration,0.3,10,4,FPR,-0.0353,5.0,5.0
structured_has_desc,XGBoost,HispanicConcentration,0.3,10,4,PPR,-0.0345,6.0,5.0
structured_has_desc,XGBoost,HispanicConcentration,0.3,10,4,AUC,-0.0069,,
structured_has_desc,XGBoost,HispanicConcentration,0.3,10,4,EO_diff,0.0475,,
structured_has_desc,XGBoost,HispanicConcentration,0.4,10,4,TPR,-0.0381,2.0,0.0
structured_has_desc,XGBoost,HispanicConcentration,0.4,10,4,FPR,-0.0342,5.0,5.0
structured_has_desc,XGBoost,HispanicConcentration,0.4,10,4,PPR,-0.0358,5.0,5.0
structured_has_desc,XGBoost,HispanicConcentration,0.4,10,4,AUC,-0.0069,,
structured_has_desc,XGBoost,HispanicConcentration,0.4,10,4,EO_diff,0.0565,,
structured_has_desc,XGBoost,HispanicConcentration,0.5,10,4,TPR,-0.0298,2.0,0.0
structured_has_desc,XGBoost,HispanicConcentration,0.5,10,4,FPR,-0.0314,5.0,4.0
structured_has_desc,XGBoost,HispanicConcentration,0.5,10,4,PPR,-0.0326,5.0,5.0
structured_has_desc,XGBoost,HispanicConcentration,0.5,10,4,AUC,-0.0069,,
structured_has_desc,XGBoost,HispanicConcentration,0.5,10,4,EO_diff,0.0538,,
structured_has_desc,XGBoost,HispanicConcentration,0.6,10,4,TPR,-0.0371,1.0,0.0
structured_has_desc,XGBoost,HispanicConcentration,0.6,10,4,FPR,-0.029,5.0,5.0
structured_has_desc,XGBoost,HispanicConcentration,0.6,10,4,PPR,-0.0315,5.0,5.0
structured_has_desc,XGBoost,HispanicConcentration,0.6,10,4,AUC,-0.0069,,
structured_has_desc,XGBoost,HispanicConcentration,0.6,10,4,EO_diff,0.0612,,
structured_has_desc,XGBoost,LimitedEnglishConcentration,0.3,9,5,TPR,-0.0096,0.0,0.0
structured_has_desc,XGBoost,LimitedEnglishConcentration,0.3,9,5,FPR,-0.0406,5.0,5.0
structured_has_desc,XGBoost,LimitedEnglishConcentration,0.3,9,5,PPR,-0.0361,5.0,5.0
structured_has_desc,XGBoost,LimitedEnglishConcentration,0.3,9,5,AUC,0.005,,
structured_has_desc,XGBoost,LimitedEnglishConcentration,0.3,9,5,EO_diff,0.045,,
structured_has_desc,XGBoost,LimitedEnglishConcentration,0.4,9,5,TPR,-0.0297,0.0,0.0
structured_has_desc,XGBoost,LimitedEnglishConcentration,0.4,9,5,FPR,-0.0488,6.0,5.0
structured_has_desc,XGBoost,LimitedEnglishConcentration,0.4,9,5,PPR,-0.0462,5.0,5.0
structured_has_desc,XGBoost,LimitedEnglishConcentration,0.4,9,5,AUC,0.005,,
structured_has_desc,XGBoost,LimitedEnglishConcentration,0.4,9,5,EO_diff,0.0613,,
structured_has_desc,XGBoost,LimitedEnglishConcentration,0.5,9,5,TPR,-0.026,0.0,0.0
structured_has_desc,XGBoost,LimitedEnglishConcentration,0.5,9,5,FPR,-0.0419,6.0,6.0
structured_has_desc,XGBoost,LimitedEnglishConcentration,0.5,9,5,PPR,-0.0402,5.0,5.0
structured_has_desc,XGBoost,LimitedEnglishConcentration,0.5,9,5,AUC,0.005,,
structured_has_desc,XGBoost,LimitedEnglishConcentration,0.5,9,5,EO_diff,0.064,,
structured_has_desc,XGBoost,LimitedEnglishConcentration,0.6,9,5,TPR,-0.0445,1.0,0.0
structured_has_desc,XGBoost,LimitedEnglishConcentration,0.6,9,5,FPR,-0.0388,5.0,5.0
structured_has_desc,XGBoost,LimitedEnglishConcentration,0.6,9,5,PPR,-0.0399,5.0,4.0
structured_has_desc,XGBoost,LimitedEnglishConcentration,0.6,9,5,AUC,0.005,,
structured_has_desc,XGBoost,LimitedEnglishConcentration,0.6,9,5,EO_diff,0.0637,,
structured_has_desc,XGBoost,SES_group,0.3,14,0,TPR,0.0078,2.0,1.0
structured_has_desc,XGBoost,SES_group,0.3,14,0,FPR,0.0658,11.0,11.0
structured_has_desc,XGBoost,SES_group,0.3,14,0,PPR,0.0625,11.0,11.0
structured_has_desc,XGBoost,SES_group,0.3,14,0,AUC,-0.0088,,
structured_has_desc,XGBoost,SES_group,0.3,14,0,EO_diff,0.0729,,
structured_has_desc,XGBoost,SES_group,0.4,14,0,TPR,0.0572,3.0,2.0
structured_has_desc,XGBoost,SES_group,0.4,14,0,FPR,0.0585,10.0,9.0
structured_has_desc,XGBoost,SES_group,0.4,14,0,PPR,0.0642,10.0,9.0
structured_has_desc,XGBoost,SES_group,0.4,14,0,AUC,-0.0088,,
structured_has_desc,XGBoost,SES_group,0.4,14,0,EO_diff,0.0826,,
structured_has_desc,XGBoost,SES_group,0.5,14,0,TPR,0.0554,2.0,2.0
structured_has_desc,XGBoost,SES_group,0.5,14,0,FPR,0.0514,10.0,8.0
structured_has_desc,XGBoost,SES_group,0.5,14,0,PPR,0.0582,10.0,9.0
structured_has_desc,XGBoost,SES_group,0.5,14,0,AUC,-0.0088,,
structured_has_desc,XGBoost,SES_group,0.5,14,0,EO_diff,0.0903,,
structured_has_desc,XGBoost,SES_group,0.6,14,0,TPR,0.06,6.0,5.0
structured_has_desc,XGBoost,SES_group,0.6,14,0,FPR,0.0316,8.0,6.0
structured_has_desc,XGBoost,SES_group,0.6,14,0,PPR,0.0409,8.0,8.0
structured_has_desc,XGBoost,SES_group,0.6,14,0,AUC,-0.0088,,
structured_has_desc,XGBoost,SES_group,0.6,14,0,EO_diff,0.0897,,
structured_has_desc,XGBoost,WhiteConcentration,0.3,10,4,TPR,0.0105,1.0,0.0
structured_has_desc,XGBoost,WhiteConcentration,0.3,10,4,FPR,0.0211,5.0,4.0
structured_has_desc,XGBoost,WhiteConcentration,0.3,10,4,PPR,0.0187,5.0,5.0
structured_has_desc,XGBoost,WhiteConcentration,0.3,10,4,AUC,-0.0138,,
structured_has_desc,XGBoost,WhiteConcentration,0.3,10,4,EO_diff,0.0301,,
structured_has_desc,XGBoost,WhiteConcentration,0.4,10,4,TPR,0.0022,0.0,0.0
structured_has_desc,XGBoost,WhiteConcentration,0.4,10,4,FPR,0.029,3.0,3.0
structured_has_desc,XGBoost,WhiteConcentration,0.4,10,4,PPR,0.0233,4.0,3.0
structured_has_desc,XGBoost,WhiteConcentration,0.4,10,4,AUC,-0.0138,,
structured_has_desc,XGBoost,WhiteConcentration,0.4,10,4,EO_diff,0.0378,,
structured_has_desc,XGBoost,WhiteConcentration,0.5,10,4,TPR,0.003,0.0,0.0
structured_has_desc,XGBoost,WhiteConcentration,0.5,10,4,FPR,0.0235,3.0,0.0
structured_has_desc,XGBoost,WhiteConcentration,0.5,10,4,PPR,0.0188,3.0,3.0
structured_has_desc,XGBoost,WhiteConcentration,0.5,10,4,AUC,-0.0138,,
structured_has_desc,XGBoost,WhiteConcentration,0.5,10,4,EO_diff,0.0421,,
structured_has_desc,XGBoost,WhiteConcentration,0.6,10,4,TPR,0.0031,1.0,0.0
structured_has_desc,XGBoost,WhiteConcentration,0.6,10,4,FPR,0.0265,2.0,1.0
structured_has_desc,XGBoost,WhiteConcentration,0.6,10,4,PPR,0.0213,3.0,2.0
structured_has_desc,XGBoost,WhiteConcentration,0.6,10,4,AUC,-0.0138,,
structured_has_desc,XGBoost,WhiteConcentration,0.6,10,4,EO_diff,0.0518,,
tfidf_chi2,Logistic,AsianConcentration,0.3,7,7,TPR,-0.006,1.0,0.0
tfidf_chi2,Logistic,AsianConcentration,0.3,7,7,FPR,-0.0276,6.0,4.0
tfidf_chi2,Logistic,AsianConcentration,0.3,7,7,PPR,-0.026,5.0,4.0
tfidf_chi2,Logistic,AsianConcentration,0.3,7,7,AUC,0.0069,,
tfidf_chi2,Logistic,AsianConcentration,0.3,7,7,EO_diff,0.0454,,
tfidf_chi2,Logistic,AsianConcentration,0.4,7,7,TPR,-0.0005,2.0,0.0
tfidf_chi2,Logistic,AsianConcentration,0.4,7,7,FPR,-0.0334,5.0,3.0
tfidf_chi2,Logistic,AsianConcentration,0.4,7,7,PPR,-0.031,5.0,4.0
tfidf_chi2,Logistic,AsianConcentration,0.4,7,7,AUC,0.0069,,
tfidf_chi2,Logistic,AsianConcentration,0.4,7,7,EO_diff,0.0643,,
tfidf_chi2,Logistic,AsianConcentration,0.5,7,7,TPR,-0.0176,1.0,1.0
tfidf_chi2,Logistic,AsianConcentration,0.5,7,7,FPR,-0.0233,3.0,3.0
tfidf_chi2,Logistic,AsianConcentration,0.5,7,7,PPR,-0.0249,3.0,3.0
tfidf_chi2,Logistic,AsianConcentration,0.5,7,7,AUC,0.0069,,
tfidf_chi2,Logistic,AsianConcentration,0.5,7,7,EO_diff,0.0534,,
tfidf_chi2,Logistic,AsianConcentration,0.6,7,7,TPR,-0.0434,1.0,1.0
tfidf_chi2,Logistic,AsianConcentration,0.6,7,7,FPR,-0.024,2.0,2.0
tfidf_chi2,Logistic,AsianConcentration,0.6,7,7,PPR,-0.0281,2.0,2.0
tfidf_chi2,Logistic,AsianConcentration,0.6,7,7,AUC,0.0069,,
tfidf_chi2,Logistic,AsianConcentration,0.6,7,7,EO_diff,0.0762,,
tfidf_chi2,Logistic,BlackConcentration,0.3,12,2,TPR,0.0052,1.0,0.0
tfidf_chi2,Logistic,BlackConcentration,0.3,12,2,FPR,0.002,3.0,2.0
tfidf_chi2,Logistic,BlackConcentration,0.3,12,2,PPR,0.0038,3.0,2.0
tfidf_chi2,Logistic,BlackConcentration,0.3,12,2,AUC,0.0191,,
tfidf_chi2,Logistic,BlackConcentration,0.3,12,2,EO_diff,0.0335,,
tfidf_chi2,Logistic,BlackConcentration,0.4,12,2,TPR,0.028,2.0,0.0
tfidf_chi2,Logistic,BlackConcentration,0.4,12,2,FPR,-0.0058,4.0,3.0
tfidf_chi2,Logistic,BlackConcentration,0.4,12,2,PPR,0.0014,4.0,3.0
tfidf_chi2,Logistic,BlackConcentration,0.4,12,2,AUC,0.0191,,
tfidf_chi2,Logistic,BlackConcentration,0.4,12,2,EO_diff,0.0475,,
tfidf_chi2,Logistic,BlackConcentration,0.5,12,2,TPR,0.0333,2.0,1.0
tfidf_chi2,Logistic,BlackConcentration,0.5,12,2,FPR,0.0085,4.0,2.0
tfidf_chi2,Logistic,BlackConcentration,0.5,12,2,PPR,0.0151,4.0,4.0
tfidf_chi2,Logistic,BlackConcentration,0.5,12,2,AUC,0.0191,,
tfidf_chi2,Logistic,BlackConcentration,0.5,12,2,EO_diff,0.0496,,
tfidf_chi2,Logistic,BlackConcentration,0.6,12,2,TPR,0.0446,1.0,0.0
tfidf_chi2,Logistic,BlackConcentration,0.6,12,2,FPR,0.0103,3.0,2.0
tfidf_chi2,Logistic,BlackConcentration,0.6,12,2,PPR,0.0183,5.0,4.0
tfidf_chi2,Logistic,BlackConcentration,0.6,12,2,AUC,0.0191,,
tfidf_chi2,Logistic,BlackConcentration,0.6,12,2,EO_diff,0.0592,,
tfidf_chi2,Logistic,ForeignBornConcentration,0.3,9,5,TPR,-0.0053,0.0,0.0
tfidf_chi2,Logistic,ForeignBornConcentration,0.3,9,5,FPR,-0.0121,3.0,1.0
tfidf_chi2,Logistic,ForeignBornConcentration,0.3,9,5,PPR,-0.0121,5.0,2.0
tfidf_chi2,Logistic,ForeignBornConcentration,0.3,9,5,AUC,-0.0038,,
tfidf_chi2,Logistic,ForeignBornConcentration,0.3,9,5,EO_diff,0.037,,
tfidf_chi2,Logistic,ForeignBornConcentration,0.4,9,5,TPR,-0.0032,1.0,0.0
tfidf_chi2,Logistic,ForeignBornConcentration,0.4,9,5,FPR,-0.0181,4.0,2.0
tfidf_chi2,Logistic,ForeignBornConcentration,0.4,9,5,PPR,-0.0174,2.0,2.0
tfidf_chi2,Logistic,ForeignBornConcentration,0.4,9,5,AUC,-0.0038,,
tfidf_chi2,Logistic,ForeignBornConcentration,0.4,9,5,EO_diff,0.0441,,
tfidf_chi2,Logistic,ForeignBornConcentration,0.5,9,5,TPR,-0.0163,2.0,0.0
tfidf_chi2,Logistic,ForeignBornConcentration,0.5,9,5,FPR,-0.0093,1.0,0.0
tfidf_chi2,Logistic,ForeignBornConcentration,0.5,9,5,PPR,-0.0116,1.0,1.0
tfidf_chi2,Logistic,ForeignBornConcentration,0.5,9,5,AUC,-0.0038,,
tfidf_chi2,Logistic,ForeignBornConcentration,0.5,9,5,EO_diff,0.0747,,
tfidf_chi2,Logistic,ForeignBornConcentration,0.6,9,5,TPR,-0.0311,1.0,0.0
tfidf_chi2,Logistic,ForeignBornConcentration,0.6,9,5,FPR,-0.0116,2.0,1.0
tfidf_chi2,Logistic,ForeignBornConcentration,0.6,9,5,PPR,-0.0161,2.0,1.0
tfidf_chi2,Logistic,ForeignBornConcentration,0.6,9,5,AUC,-0.0038,,
tfidf_chi2,Logistic,ForeignBornConcentration,0.6,9,5,EO_diff,0.0547,,
tfidf_chi2,Logistic,HispanicConcentration,0.3,10,4,TPR,-0.0168,1.0,0.0
tfidf_chi2,Logistic,HispanicConcentration,0.3,10,4,FPR,-0.0082,2.0,0.0
tfidf_chi2,Logistic,HispanicConcentration,0.3,10,4,PPR,-0.0102,2.0,1.0
tfidf_chi2,Logistic,HispanicConcentration,0.3,10,4,AUC,-0.0137,,
tfidf_chi2,Logistic,HispanicConcentration,0.3,10,4,EO_diff,0.0285,,
tfidf_chi2,Logistic,HispanicConcentration,0.4,10,4,TPR,-0.0188,1.0,0.0
tfidf_chi2,Logistic,HispanicConcentration,0.4,10,4,FPR,-0.0173,1.0,1.0
tfidf_chi2,Logistic,HispanicConcentration,0.4,10,4,PPR,-0.0191,2.0,2.0
tfidf_chi2,Logistic,HispanicConcentration,0.4,10,4,AUC,-0.0137,,
tfidf_chi2,Logistic,HispanicConcentration,0.4,10,4,EO_diff,0.0347,,
tfidf_chi2,Logistic,HispanicConcentration,0.5,10,4,TPR,-0.0358,2.0,0.0
tfidf_chi2,Logistic,HispanicConcentration,0.5,10,4,FPR,-0.009,1.0,0.0
tfidf_chi2,Logistic,HispanicConcentration,0.5,10,4,PPR,-0.014,1.0,0.0
tfidf_chi2,Logistic,HispanicConcentration,0.5,10,4,AUC,-0.0137,,
tfidf_chi2,Logistic,HispanicConcentration,0.5,10,4,EO_diff,0.0603,,
tfidf_chi2,Logistic,HispanicConcentration,0.6,10,4,TPR,-0.0356,2.0,2.0
tfidf_chi2,Logistic,HispanicConcentration,0.6,10,4,FPR,-0.0114,2.0,1.0
tfidf_chi2,Logistic,HispanicConcentration,0.6,10,4,PPR,-0.0165,2.0,2.0
tfidf_chi2,Logistic,HispanicConcentration,0.6,10,4,AUC,-0.0137,,
tfidf_chi2,Logistic,HispanicConcentration,0.6,10,4,EO_diff,0.0443,,
tfidf_chi2,Logistic,LimitedEnglishConcentration,0.3,9,5,TPR,-0.0029,0.0,0.0
tfidf_chi2,Logistic,LimitedEnglishConcentration,0.3,9,5,FPR,-0.0103,1.0,1.0
tfidf_chi2,Logistic,LimitedEnglishConcentration,0.3,9,5,PPR,-0.0095,1.0,1.0
tfidf_chi2,Logistic,LimitedEnglishConcentration,0.3,9,5,AUC,-0.0062,,
tfidf_chi2,Logistic,LimitedEnglishConcentration,0.3,9,5,EO_diff,0.0251,,
tfidf_chi2,Logistic,LimitedEnglishConcentration,0.4,9,5,TPR,-0.0143,0.0,0.0
tfidf_chi2,Logistic,LimitedEnglishConcentration,0.4,9,5,FPR,-0.0208,2.0,2.0
tfidf_chi2,Logistic,LimitedEnglishConcentration,0.4,9,5,PPR,-0.0204,3.0,2.0
tfidf_chi2,Logistic,LimitedEnglishConcentration,0.4,9,5,AUC,-0.0062,,
tfidf_chi2,Logistic,LimitedEnglishConcentration,0.4,9,5,EO_diff,0.0342,,
tfidf_chi2,Logistic,LimitedEnglishConcentration,0.5,9,5,TPR,-0.0232,1.0,0.0
tfidf_chi2,Logistic,LimitedEnglishConcentration,0.5,9,5,FPR,-0.0143,1.0,0.0
tfidf_chi2,Logistic,LimitedEnglishConcentration,0.5,9,5,PPR,-0.0156,2.0,0.0
tfidf_chi2,Logistic,LimitedEnglishConcentration,0.5,9,5,AUC,-0.0062,,
tfidf_chi2,Logistic,LimitedEnglishConcentration,0.5,9,5,EO_diff,0.0606,,
tfidf_chi2,Logistic,LimitedEnglishConcentration,0.6,9,5,TPR,-0.0308,3.0,0.0
tfidf_chi2,Logistic,LimitedEnglishConcentration,0.6,9,5,FPR,-0.0127,1.0,1.0
tfidf_chi2,Logistic,LimitedEnglishConcentration,0.6,9,5,PPR,-0.0163,2.0,1.0
tfidf_chi2,Logistic,LimitedEnglishConcentration,0.6,9,5,AUC,-0.0062,,
tfidf_chi2,Logistic,LimitedEnglishConcentration,0.6,9,5,EO_diff,0.0473,,
tfidf_chi2,Logistic,SES_group,0.3,14,0,TPR,0.0092,4.0,2.0
tfidf_chi2,Logistic,SES_group,0.3,14,0,FPR,0.0645,10.0,10.0
tfidf_chi2,Logistic,SES_group,0.3,14,0,PPR,0.0609,10.0,10.0
tfidf_chi2,Logistic,SES_group,0.3,14,0,AUC,-0.0063,,
tfidf_chi2,Logistic,SES_group,0.3,14,0,EO_diff,0.0759,,
tfidf_chi2,Logistic,SES_group,0.4,14,0,TPR,0.0362,4.0,2.0
tfidf_chi2,Logistic,SES_group,0.4,14,0,FPR,0.0642,10.0,10.0
tfidf_chi2,Logistic,SES_group,0.4,14,0,PPR,0.066,11.0,11.0
tfidf_chi2,Logistic,SES_group,0.4,14,0,AUC,-0.0063,,
tfidf_chi2,Logistic,SES_group,0.4,14,0,EO_diff,0.0749,,
tfidf_chi2,Logistic,SES_group,0.5,14,0,TPR,0.0538,3.0,1.0
tfidf_chi2,Logistic,SES_group,0.5,14,0,FPR,0.0618,11.0,11.0
tfidf_chi2,Logistic,SES_group,0.5,14,0,PPR,0.0675,11.0,11.0
tfidf_chi2,Logistic,SES_group,0.5,14,0,AUC,-0.0063,,
tfidf_chi2,Logistic,SES_group,0.5,14,0,EO_diff,0.0875,,
tfidf_chi2,Logistic,SES_group,0.6,14,0,TPR,0.0595,5.0,5.0
tfidf_chi2,Logistic,SES_group,0.6,14,0,FPR,0.041,8.0,8.0
tfidf_chi2,Logistic,SES_group,0.6,14,0,PPR,0.0498,11.0,9.0
tfidf_chi2,Logistic,SES_group,0.6,14,0,AUC,-0.0063,,
tfidf_chi2,Logistic,SES_group,0.6,14,0,EO_diff,0.0907,,
tfidf_chi2,Logistic,WhiteConcentration,0.3,10,4,TPR,-0.0037,0.0,0.0
tfidf_chi2,Logistic,WhiteConcentration,0.3,10,4,FPR,-0.002,0.0,0.0
tfidf_chi2,Logistic,WhiteConcentration,0.3,10,4,PPR,-0.0032,0.0,0.0
tfidf_chi2,Logistic,WhiteConcentration,0.3,10,4,AUC,-0.0116,,
tfidf_chi2,Logistic,WhiteConcentration,0.3,10,4,EO_diff,0.0271,,
tfidf_chi2,Logistic,WhiteConcentration,0.4,10,4,TPR,-0.0086,0.0,0.0
tfidf_chi2,Logistic,WhiteConcentration,0.4,10,4,FPR,0.0119,1.0,0.0
tfidf_chi2,Logistic,WhiteConcentration,0.4,10,4,PPR,0.0079,1.0,1.0
tfidf_chi2,Logistic,WhiteConcentration,0.4,10,4,AUC,-0.0116,,
tfidf_chi2,Logistic,WhiteConcentration,0.4,10,4,EO_diff,0.0407,,
tfidf_chi2,Logistic,WhiteConcentration,0.5,10,4,TPR,-0.0094,1.0,0.0
tfidf_chi2,Logistic,WhiteConcentration,0.5,10,4,FPR,0.0042,0.0,0.0
tfidf_chi2,Logistic,WhiteConcentration,0.5,10,4,PPR,-0.0003,1.0,0.0
tfidf_chi2,Logistic,WhiteConcentration,0.5,10,4,AUC,-0.0116,,
tfidf_chi2,Logistic,WhiteConcentration,0.5,10,4,EO_diff,0.0574,,
tfidf_chi2,Logistic,WhiteConcentration,0.6,10,4,TPR,-0.0096,1.0,0.0
tfidf_chi2,Logistic,WhiteConcentration,0.6,10,4,FPR,0.0064,2.0,0.0
tfidf_chi2,Logistic,WhiteConcentration,0.6,10,4,PPR,0.0024,3.0,1.0
tfidf_chi2,Logistic,WhiteConcentration,0.6,10,4,AUC,-0.0116,,
tfidf_chi2,Logistic,WhiteConcentration,0.6,10,4,EO_diff,0.0549,,
tfidf_chi2,XGBoost,AsianConcentration,0.3,7,7,TPR,-0.0171,1.0,0.0
tfidf_chi2,XGBoost,AsianConcentration,0.3,7,7,FPR,-0.0588,6.0,6.0
tfidf_chi2,XGBoost,AsianConcentration,0.3,7,7,PPR,-0.0539,6.0,6.0
tfidf_chi2,XGBoost,AsianConcentration,0.3,7,7,AUC,0.0127,,
tfidf_chi2,XGBoost,AsianConcentration,0.3,7,7,EO_diff,0.0641,,
tfidf_chi2,XGBoost,AsianConcentration,0.4,7,7,TPR,-0.0227,1.0,1.0
tfidf_chi2,XGBoost,AsianConcentration,0.4,7,7,FPR,-0.0827,6.0,6.0
tfidf_chi2,XGBoost,AsianConcentration,0.4,7,7,PPR,-0.0753,6.0,6.0
tfidf_chi2,XGBoost,AsianConcentration,0.4,7,7,AUC,0.0127,,
tfidf_chi2,XGBoost,AsianConcentration,0.4,7,7,EO_diff,0.0876,,
tfidf_chi2,XGBoost,AsianConcentration,0.5,7,7,TPR,-0.0297,1.0,1.0
tfidf_chi2,XGBoost,AsianConcentration,0.5,7,7,FPR,-0.061,6.0,6.0
tfidf_chi2,XGBoost,AsianConcentration,0.5,7,7,PPR,-0.058,6.0,6.0
tfidf_chi2,XGBoost,AsianConcentration,0.5,7,7,AUC,0.0127,,
tfidf_chi2,XGBoost,AsianConcentration,0.5,7,7,EO_diff,0.0775,,
tfidf_chi2,XGBoost,AsianConcentration,0.6,7,7,TPR,-0.0694,1.0,1.0
tfidf_chi2,XGBoost,AsianConcentration,0.6,7,7,FPR,-0.0471,6.0,6.0
tfidf_chi2,XGBoost,AsianConcentration,0.6,7,7,PPR,-0.0519,6.0,6.0
tfidf_chi2,XGBoost,AsianConcentration,0.6,7,7,AUC,0.0127,,
tfidf_chi2,XGBoost,AsianConcentration,0.6,7,7,EO_diff,0.0791,,
tfidf_chi2,XGBoost,BlackConcentration,0.3,12,2,TPR,0.0011,0.0,0.0
tfidf_chi2,XGBoost,BlackConcentration,0.3,12,2,FPR,-0.0041,1.0,0.0
tfidf_chi2,XGBoost,BlackConcentration,0.3,12,2,PPR,-0.002,1.0,0.0
tfidf_chi2,XGBoost,BlackConcentration,0.3,12,2,AUC,0.017,,
tfidf_chi2,XGBoost,BlackConcentration,0.3,12,2,EO_diff,0.0274,,
tfidf_chi2,XGBoost,BlackConcentration,0.4,12,2,TPR,0.0131,0.0,0.0
tfidf_chi2,XGBoost,BlackConcentration,0.4,12,2,FPR,-0.0049,1.0,0.0
tfidf_chi2,XGBoost,BlackConcentration,0.4,12,2,PPR,0.0003,2.0,0.0
tfidf_chi2,XGBoost,BlackConcentration,0.4,12,2,AUC,0.017,,
tfidf_chi2,XGBoost,BlackConcentration,0.4,12,2,EO_diff,0.0388,,
tfidf_chi2,XGBoost,BlackConcentration,0.5,12,2,TPR,0.0252,1.0,1.0
tfidf_chi2,XGBoost,BlackConcentration,0.5,12,2,FPR,-0.0131,1.0,0.0
tfidf_chi2,XGBoost,BlackConcentration,0.5,12,2,PPR,-0.0043,2.0,0.0
tfidf_chi2,XGBoost,BlackConcentration,0.5,12,2,AUC,0.017,,
tfidf_chi2,XGBoost,BlackConcentration,0.5,12,2,EO_diff,0.041,,
tfidf_chi2,XGBoost,BlackConcentration,0.6,12,2,TPR,0.0122,2.0,0.0
tfidf_chi2,XGBoost,BlackConcentration,0.6,12,2,FPR,-0.0025,0.0,0.0
tfidf_chi2,XGBoost,BlackConcentration,0.6,12,2,PPR,0.0026,2.0,1.0
tfidf_chi2,XGBoost,BlackConcentration,0.6,12,2,AUC,0.017,,
tfidf_chi2,XGBoost,BlackConcentration,0.6,12,2,EO_diff,0.0449,,
tfidf_chi2,XGBoost,ForeignBornConcentration,0.3,9,5,TPR,-0.0211,0.0,0.0
tfidf_chi2,XGBoost,ForeignBornConcentration,0.3,9,5,FPR,-0.0499,6.0,6.0
tfidf_chi2,XGBoost,ForeignBornConcentration,0.3,9,5,PPR,-0.0467,6.0,6.0
tfidf_chi2,XGBoost,ForeignBornConcentration,0.3,9,5,AUC,0.0045,,
tfidf_chi2,XGBoost,ForeignBornConcentration,0.3,9,5,EO_diff,0.057,,
tfidf_chi2,XGBoost,ForeignBornConcentration,0.4,9,5,TPR,-0.0138,1.0,0.0
tfidf_chi2,XGBoost,ForeignBornConcentration,0.4,9,5,FPR,-0.0676,6.0,6.0
tfidf_chi2,XGBoost,ForeignBornConcentration,0.4,9,5,PPR,-0.0604,6.0,6.0
tfidf_chi2,XGBoost,ForeignBornConcentration,0.4,9,5,AUC,0.0045,,
tfidf_chi2,XGBoost,ForeignBornConcentration,0.4,9,5,EO_diff,0.0757,,
tfidf_chi2,XGBoost,ForeignBornConcentration,0.5,9,5,TPR,-0.0493,1.0,1.0
tfidf_chi2,XGBoost,ForeignBornConcentration,0.5,9,5,FPR,-0.0545,6.0,6.0
tfidf_chi2,XGBoost,ForeignBornConcentration,0.5,9,5,PPR,-0.0552,6.0,6.0
tfidf_chi2,XGBoost,ForeignBornConcentration,0.5,9,5,AUC,0.0045,,
tfidf_chi2,XGBoost,ForeignBornConcentration,0.5,9,5,EO_diff,0.0755,,
tfidf_chi2,XGBoost,ForeignBornConcentration,0.6,9,5,TPR,-0.0714,3.0,1.0
tfidf_chi2,XGBoost,ForeignBornConcentration,0.6,9,5,FPR,-0.0446,4.0,3.0
tfidf_chi2,XGBoost,ForeignBornConcentration,0.6,9,5,PPR,-0.0498,8.0,8.0
tfidf_chi2,XGBoost,ForeignBornConcentration,0.6,9,5,AUC,0.0045,,
tfidf_chi2,XGBoost,ForeignBornConcentration,0.6,9,5,EO_diff,0.1005,,
tfidf_chi2,XGBoost,HispanicConcentration,0.3,10,4,TPR,-0.0279,1.0,0.0
tfidf_chi2,XGBoost,HispanicConcentration,0.3,10,4,FPR,-0.0354,5.0,5.0
tfidf_chi2,XGBoost,HispanicConcentration,0.3,10,4,PPR,-0.0353,5.0,5.0
tfidf_chi2,XGBoost,HispanicConcentration,0.3,10,4,AUC,-0.008,,
tfidf_chi2,XGBoost,HispanicConcentration,0.3,10,4,EO_diff,0.052,,
tfidf_chi2,XGBoost,HispanicConcentration,0.4,10,4,TPR,-0.0321,2.0,0.0
tfidf_chi2,XGBoost,HispanicConcentration,0.4,10,4,FPR,-0.0465,6.0,5.0
tfidf_chi2,XGBoost,HispanicConcentration,0.4,10,4,PPR,-0.0453,6.0,5.0
tfidf_chi2,XGBoost,HispanicConcentration,0.4,10,4,AUC,-0.008,,
tfidf_chi2,XGBoost,HispanicConcentration,0.4,10,4,EO_diff,0.0643,,
tfidf_chi2,XGBoost,HispanicConcentration,0.5,10,4,TPR,-0.0523,2.0,2.0
tfidf_chi2,XGBoost,HispanicConcentration,0.5,10,4,FPR,-0.0374,5.0,5.0
tfidf_chi2,XGBoost,HispanicConcentration,0.5,10,4,PPR,-0.0405,6.0,5.0
tfidf_chi2,XGBoost,HispanicConcentration,0.5,10,4,AUC,-0.008,,
tfidf_chi2,XGBoost,HispanicConcentration,0.5,10,4,EO_diff,0.0728,,
tfidf_chi2,XGBoost,HispanicConcentration,0.6,10,4,TPR,-0.0649,2.0,1.0
tfidf_chi2,XGBoost,HispanicConcentration,0.6,10,4,FPR,-0.0317,4.0,4.0
tfidf_chi2,XGBoost,HispanicConcentration,0.6,10,4,PPR,-0.0377,5.0,4.0
tfidf_chi2,XGBoost,HispanicConcentration,0.6,10,4,AUC,-0.008,,
tfidf_chi2,XGBoost,HispanicConcentration,0.6,10,4,EO_diff,0.0697,,
tfidf_chi2,XGBoost,LimitedEnglishConcentration,0.3,9,5,TPR,-0.0192,0.0,0.0
tfidf_chi2,XGBoost,LimitedEnglishConcentration,0.3,9,5,FPR,-0.0421,5.0,5.0
tfidf_chi2,XGBoost,LimitedEnglishConcentration,0.3,9,5,PPR,-0.0392,5.0,5.0
tfidf_chi2,XGBoost,LimitedEnglishConcentration,0.3,9,5,AUC,0.0072,,
tfidf_chi2,XGBoost,LimitedEnglishConcentration,0.3,9,5,EO_diff,0.0493,,
tfidf_chi2,XGBoost,LimitedEnglishConcentration,0.4,9,5,TPR,-0.0152,0.0,0.0
tfidf_chi2,XGBoost,LimitedEnglishConcentration,0.4,9,5,FPR,-0.0607,5.0,5.0
tfidf_chi2,XGBoost,LimitedEnglishConcentration,0.4,9,5,PPR,-0.0541,5.0,5.0
tfidf_chi2,XGBoost,LimitedEnglishConcentration,0.4,9,5,AUC,0.0072,,
tfidf_chi2,XGBoost,LimitedEnglishConcentration,0.4,9,5,EO_diff,0.0607,,
tfidf_chi2,XGBoost,LimitedEnglishConcentration,0.5,9,5,TPR,-0.0302,1.0,0.0
tfidf_chi2,XGBoost,LimitedEnglishConcentration,0.5,9,5,FPR,-0.0492,6.0,5.0
tfidf_chi2,XGBoost,LimitedEnglishConcentration,0.5,9,5,PPR,-0.0467,6.0,6.0
tfidf_chi2,XGBoost,LimitedEnglishConcentration,0.5,9,5,AUC,0.0072,,
tfidf_chi2,XGBoost,LimitedEnglishConcentration,0.5,9,5,EO_diff,0.0579,,
tfidf_chi2,XGBoost,LimitedEnglishConcentration,0.6,9,5,TPR,-0.0624,1.0,0.0
tfidf_chi2,XGBoost,LimitedEnglishConcentration,0.6,9,5,FPR,-0.0428,5.0,5.0
tfidf_chi2,XGBoost,LimitedEnglishConcentration,0.6,9,5,PPR,-0.0462,6.0,4.0
tfidf_chi2,XGBoost,LimitedEnglishConcentration,0.6,9,5,AUC,0.0072,,
tfidf_chi2,XGBoost,LimitedEnglishConcentration,0.6,9,5,EO_diff,0.0756,,
tfidf_chi2,XGBoost,SES_group,0.3,14,0,TPR,-0.0042,3.0,0.0
tfidf_chi2,XGBoost,SES_group,0.3,14,0,FPR,0.0572,11.0,11.0
tfidf_chi2,XGBoost,SES_group,0.3,14,0,PPR,0.0526,11.0,11.0
tfidf_chi2,XGBoost,SES_group,0.3,14,0,AUC,-0.0094,,
tfidf_chi2,XGBoost,SES_group,0.3,14,0,EO_diff,0.0661,,
tfidf_chi2,XGBoost,SES_group,0.4,14,0,TPR,0.0319,3.0,2.0
tfidf_chi2,XGBoost,SES_group,0.4,14,0,FPR,0.0675,11.0,10.0
tfidf_chi2,XGBoost,SES_group,0.4,14,0,PPR,0.0683,10.0,9.0
tfidf_chi2,XGBoost,SES_group,0.4,14,0,AUC,-0.0094,,
tfidf_chi2,XGBoost,SES_group,0.4,14,0,EO_diff,0.0826,,
tfidf_chi2,XGBoost,SES_group,0.5,14,0,TPR,0.0578,3.0,1.0
tfidf_chi2,XGBoost,SES_group,0.5,14,0,FPR,0.046,8.0,8.0
tfidf_chi2,XGBoost,SES_group,0.5,14,0,PPR,0.0544,9.0,9.0
tfidf_chi2,XGBoost,SES_group,0.5,14,0,AUC,-0.0094,,
tfidf_chi2,XGBoost,SES_group,0.5,14,0,EO_diff,0.0801,,
tfidf_chi2,XGBoost,SES_group,0.6,14,0,TPR,0.0537,4.0,0.0
tfidf_chi2,XGBoost,SES_group,0.6,14,0,FPR,0.0289,6.0,2.0
tfidf_chi2,XGBoost,SES_group,0.6,14,0,PPR,0.0381,8.0,8.0
tfidf_chi2,XGBoost,SES_group,0.6,14,0,AUC,-0.0094,,
tfidf_chi2,XGBoost,SES_group,0.6,14,0,EO_diff,0.0716,,
tfidf_chi2,XGBoost,WhiteConcentration,0.3,10,4,TPR,0.0149,1.0,0.0
tfidf_chi2,XGBoost,WhiteConcentration,0.3,10,4,FPR,0.0249,5.0,5.0
tfidf_chi2,XGBoost,WhiteConcentration,0.3,10,4,PPR,0.0228,5.0,5.0
tfidf_chi2,XGBoost,WhiteConcentration,0.3,10,4,AUC,-0.0209,,
tfidf_chi2,XGBoost,WhiteConcentration,0.3,10,4,EO_diff,0.0329,,
tfidf_chi2,XGBoost,WhiteConcentration,0.4,10,4,TPR,-0.0043,0.0,0.0
tfidf_chi2,XGBoost,WhiteConcentration,0.4,10,4,FPR,0.0383,4.0,4.0
tfidf_chi2,XGBoost,WhiteConcentration,0.4,10,4,PPR,0.0304,4.0,4.0
tfidf_chi2,XGBoost,WhiteConcentration,0.4,10,4,AUC,-0.0209,,
tfidf_chi2,XGBoost,WhiteConcentration,0.4,10,4,EO_diff,0.0435,,
tfidf_chi2,XGBoost,WhiteConcentration,0.5,10,4,TPR,0.0099,1.0,0.0
tfidf_chi2,XGBoost,WhiteConcentration,0.5,10,4,FPR,0.0365,4.0,3.0
tfidf_chi2,XGBoost,WhiteConcentration,0.5,10,4,PPR,0.0305,4.0,3.0
tfidf_chi2,XGBoost,WhiteConcentration,0.5,10,4,AUC,-0.0209,,
tfidf_chi2,XGBoost,WhiteConcentration,0.5,10,4,EO_diff,0.0493,,
tfidf_chi2,XGBoost,WhiteConcentration,0.6,10,4,TPR,0.0115,1.0,1.0
tfidf_chi2,XGBoost,WhiteConcentration,0.6,10,4,FPR,0.0282,4.0,2.0
tfidf_chi2,XGBoost,WhiteConcentration,0.6,10,4,PPR,0.0236,3.0,3.0
tfidf_chi2,XGBoost,WhiteConcentration,0.6,10,4,AUC,-0.0209,,
tfidf_chi2,XGBoost,WhiteConcentration,0.6,10,4,EO_diff,0.0598,,
tfidf_full,Logistic,AsianConcentration,0.3,7,7,TPR,-0.0065,1.0,0.0
tfidf_full,Logistic,AsianConcentration,0.3,7,7,FPR,-0.025,7.0,7.0
tfidf_full,Logistic,AsianConcentration,0.3,7,7,PPR,-0.0239,5.0,5.0
tfidf_full,Logistic,AsianConcentration,0.3,7,7,AUC,0.0077,,
tfidf_full,Logistic,AsianConcentration,0.3,7,7,EO_diff,0.0445,,
tfidf_full,Logistic,AsianConcentration,0.4,7,7,TPR,-0.0012,1.0,0.0
tfidf_full,Logistic,AsianConcentration,0.4,7,7,FPR,-0.0354,5.0,4.0
tfidf_full,Logistic,AsianConcentration,0.4,7,7,PPR,-0.0326,4.0,4.0
tfidf_full,Logistic,AsianConcentration,0.4,7,7,AUC,0.0077,,
tfidf_full,Logistic,AsianConcentration,0.4,7,7,EO_diff,0.0628,,
tfidf_full,Logistic,AsianConcentration,0.5,7,7,TPR,-0.0177,1.0,1.0
tfidf_full,Logistic,AsianConcentration,0.5,7,7,FPR,-0.0231,2.0,1.0
tfidf_full,Logistic,AsianConcentration,0.5,7,7,PPR,-0.0251,3.0,1.0
tfidf_full,Logistic,AsianConcentration,0.5,7,7,AUC,0.0077,,
tfidf_full,Logistic,AsianConcentration,0.5,7,7,EO_diff,0.0529,,
tfidf_full,Logistic,AsianConcentration,0.6,7,7,TPR,-0.0392,1.0,1.0
tfidf_full,Logistic,AsianConcentration,0.6,7,7,FPR,-0.0226,2.0,1.0
tfidf_full,Logistic,AsianConcentration,0.6,7,7,PPR,-0.0266,3.0,1.0
tfidf_full,Logistic,AsianConcentration,0.6,7,7,AUC,0.0077,,
tfidf_full,Logistic,AsianConcentration,0.6,7,7,EO_diff,0.068,,
tfidf_full,Logistic,BlackConcentration,0.3,12,2,TPR,-0.0,1.0,0.0
tfidf_full,Logistic,BlackConcentration,0.3,12,2,FPR,0.0058,3.0,2.0
tfidf_full,Logistic,BlackConcentration,0.3,12,2,PPR,0.0061,4.0,2.0
tfidf_full,Logistic,BlackConcentration,0.3,12,2,AUC,0.0181,,
tfidf_full,Logistic,BlackConcentration,0.3,12,2,EO_diff,0.0291,,
tfidf_full,Logistic,BlackConcentration,0.4,12,2,TPR,0.0281,2.0,0.0
tfidf_full,Logistic,BlackConcentration,0.4,12,2,FPR,-0.0005,4.0,2.0
tfidf_full,Logistic,BlackConcentration,0.4,12,2,PPR,0.0059,5.0,3.0
tfidf_full,Logistic,BlackConcentration,0.4,12,2,AUC,0.0181,,
tfidf_full,Logistic,BlackConcentration,0.4,12,2,EO_diff,0.0436,,
tfidf_full,Logistic,BlackConcentration,0.5,12,2,TPR,0.0302,3.0,1.0
tfidf_full,Logistic,BlackConcentration,0.5,12,2,FPR,0.0079,3.0,2.0
tfidf_full,Logistic,BlackConcentration,0.5,12,2,PPR,0.0139,3.0,3.0
tfidf_full,Logistic,BlackConcentration,0.5,12,2,AUC,0.0181,,
tfidf_full,Logistic,BlackConcentration,0.5,12,2,EO_diff,0.0465,,
tfidf_full,Logistic,BlackConcentration,0.6,12,2,TPR,0.0625,1.0,0.0
tfidf_full,Logistic,BlackConcentration,0.6,12,2,FPR,0.0136,4.0,0.0
tfidf_full,Logistic,BlackConcentration,0.6,12,2,PPR,0.0241,5.0,4.0
tfidf_full,Logistic,BlackConcentration,0.6,12,2,AUC,0.0181,,
tfidf_full,Logistic,BlackConcentration,0.6,12,2,EO_diff,0.0663,,
tfidf_full,Logistic,ForeignBornConcentration,0.3,9,5,TPR,-0.0012,1.0,0.0
tfidf_full,Logistic,ForeignBornConcentration,0.3,9,5,FPR,-0.0093,3.0,2.0
tfidf_full,Logistic,ForeignBornConcentration,0.3,9,5,PPR,-0.0093,3.0,2.0
tfidf_full,Logistic,ForeignBornConcentration,0.3,9,5,AUC,-0.0058,,
tfidf_full,Logistic,ForeignBornConcentration,0.3,9,5,EO_diff,0.0399,,
tfidf_full,Logistic,ForeignBornConcentration,0.4,9,5,TPR,-0.0115,1.0,0.0
tfidf_full,Logistic,ForeignBornConcentration,0.4,9,5,FPR,-0.0178,3.0,2.0
tfidf_full,Logistic,ForeignBornConcentration,0.4,9,5,PPR,-0.0185,3.0,2.0
tfidf_full,Logistic,ForeignBornConcentration,0.4,9,5,AUC,-0.0058,,
tfidf_full,Logistic,ForeignBornConcentration,0.4,9,5,EO_diff,0.0534,,
tfidf_full,Logistic,ForeignBornConcentration,0.5,9,5,TPR,-0.0113,2.0,0.0
tfidf_full,Logistic,ForeignBornConcentration,0.5,9,5,FPR,-0.0085,1.0,0.0
tfidf_full,Logistic,ForeignBornConcentration,0.5,9,5,PPR,-0.0108,1.0,1.0
tfidf_full,Logistic,ForeignBornConcentration,0.5,9,5,AUC,-0.0058,,
tfidf_full,Logistic,ForeignBornConcentration,0.5,9,5,EO_diff,0.0645,,
tfidf_full,Logistic,ForeignBornConcentration,0.6,9,5,TPR,-0.0374,2.0,0.0
tfidf_full,Logistic,ForeignBornConcentration,0.6,9,5,FPR,-0.0066,2.0,1.0
tfidf_full,Logistic,ForeignBornConcentration,0.6,9,5,PPR,-0.013,2.0,1.0
tfidf_full,Logistic,ForeignBornConcentration,0.6,9,5,AUC,-0.0058,,
tfidf_full,Logistic,ForeignBornConcentration,0.6,9,5,EO_diff,0.0597,,
tfidf_full,Logistic,HispanicConcentration,0.3,10,4,TPR,-0.0112,0.0,0.0
tfidf_full,Logistic,HispanicConcentration,0.3,10,4,FPR,-0.0037,2.0,0.0
tfidf_full,Logistic,HispanicConcentration,0.3,10,4,PPR,-0.0059,2.0,1.0
tfidf_full,Logistic,HispanicConcentration,0.3,10,4,AUC,-0.0144,,
tfidf_full,Logistic,HispanicConcentration,0.3,10,4,EO_diff,0.034,,
tfidf_full,Logistic,HispanicConcentration,0.4,10,4,TPR,-0.0357,2.0,0.0
tfidf_full,Logistic,HispanicConcentration,0.4,10,4,FPR,-0.0148,2.0,1.0
tfidf_full,Logistic,HispanicConcentration,0.4,10,4,PPR,-0.0195,3.0,2.0
tfidf_full,Logistic,HispanicConcentration,0.4,10,4,AUC,-0.0144,,
tfidf_full,Logistic,HispanicConcentration,0.4,10,4,EO_diff,0.0538,,
tfidf_full,Logistic,HispanicConcentration,0.5,10,4,TPR,-0.0295,1.0,0.0
tfidf_full,Logistic,HispanicConcentration,0.5,10,4,FPR,-0.0068,0.0,0.0
tfidf_full,Logistic,HispanicConcentration,0.5,10,4,PPR,-0.0115,2.0,0.0
tfidf_full,Logistic,HispanicConcentration,0.5,10,4,AUC,-0.0144,,
tfidf_full,Logistic,HispanicConcentration,0.5,10,4,EO_diff,0.0533,,
tfidf_full,Logistic,HispanicConcentration,0.6,10,4,TPR,-0.0411,2.0,2.0
tfidf_full,Logistic,HispanicConcentration,0.6,10,4,FPR,-0.0073,1.0,1.0
tfidf_full,Logistic,HispanicConcentration,0.6,10,4,PPR,-0.0139,3.0,3.0
tfidf_full,Logistic,HispanicConcentration,0.6,10,4,AUC,-0.0144,,
tfidf_full,Logistic,HispanicConcentration,0.6,10,4,EO_diff,0.0509,,
tfidf_full,Logistic,LimitedEnglishConcentration,0.3,9,5,TPR,-0.0013,0.0,0.0
tfidf_full,Logistic,LimitedEnglishConcentration,0.3,9,5,FPR,-0.0065,1.0,1.0
tfidf_full,Logistic,LimitedEnglishConcentration,0.3,9,5,PPR,-0.0063,2.0,1.0
tfidf_full,Logistic,LimitedEnglishConcentration,0.3,9,5,AUC,-0.008,,
tfidf_full,Logistic,LimitedEnglishConcentration,0.3,9,5,EO_diff,0.0291,,
tfidf_full,Logistic,LimitedEnglishConcentration,0.4,9,5,TPR,-0.0152,0.0,0.0
tfidf_full,Logistic,LimitedEnglishConcentration,0.4,9,5,FPR,-0.0194,3.0,2.0
tfidf_full,Logistic,LimitedEnglishConcentration,0.4,9,5,PPR,-0.0193,3.0,2.0
tfidf_full,Logistic,LimitedEnglishConcentration,0.4,9,5,AUC,-0.008,,
tfidf_full,Logistic,LimitedEnglishConcentration,0.4,9,5,EO_diff,0.0453,,
tfidf_full,Logistic,LimitedEnglishConcentration,0.5,9,5,TPR,-0.0227,0.0,0.0
tfidf_full,Logistic,LimitedEnglishConcentration,0.5,9,5,FPR,-0.0112,0.0,0.0
tfidf_full,Logistic,LimitedEnglishConcentration,0.5,9,5,PPR,-0.0132,1.0,0.0
tfidf_full,Logistic,LimitedEnglishConcentration,0.5,9,5,AUC,-0.008,,
tfidf_full,Logistic,LimitedEnglishConcentration,0.5,9,5,EO_diff,0.0505,,
tfidf_full,Logistic,LimitedEnglishConcentration,0.6,9,5,TPR,-0.0334,2.0,0.0
tfidf_full,Logistic,LimitedEnglishConcentration,0.6,9,5,FPR,-0.008,1.0,1.0
tfidf_full,Logistic,LimitedEnglishConcentration,0.6,9,5,PPR,-0.0127,3.0,1.0
tfidf_full,Logistic,LimitedEnglishConcentration,0.6,9,5,AUC,-0.008,,
tfidf_full,Logistic,LimitedEnglishConcentration,0.6,9,5,EO_diff,0.0457,,
tfidf_full,Logistic,SES_group,0.3,14,0,TPR,0.0077,3.0,2.0
tfidf_full,Logistic,SES_group,0.3,14,0,FPR,0.0687,11.0,11.0
tfidf_full,Logistic,SES_group,0.3,14,0,PPR,0.064,11.0,11.0
tfidf_full,Logistic,SES_group,0.3,14,0,AUC,-0.0052,,
tfidf_full,Logistic,SES_group,0.3,14,0,EO_diff,0.077,,
tfidf_full,Logistic,SES_group,0.4,14,0,TPR,0.0408,4.0,2.0
tfidf_full,Logistic,SES_group,0.4,14,0,FPR,0.0688,10.0,10.0
tfidf_full,Logistic,SES_group,0.4,14,0,PPR,0.0709,11.0,11.0
tfidf_full,Logistic,SES_group,0.4,14,0,AUC,-0.0052,,
tfidf_full,Logistic,SES_group,0.4,14,0,EO_diff,0.0799,,
tfidf_full,Logistic,SES_group,0.5,14,0,TPR,0.0542,5.0,4.0
tfidf_full,Logistic,SES_group,0.5,14,0,FPR,0.0583,9.0,9.0
tfidf_full,Logistic,SES_group,0.5,14,0,PPR,0.0646,10.0,10.0
tfidf_full,Logistic,SES_group,0.5,14,0,AUC,-0.0052,,
tfidf_full,Logistic,SES_group,0.5,14,0,EO_diff,0.0897,,
tfidf_full,Logistic,SES_group,0.6,14,0,TPR,0.0669,6.0,5.0
tfidf_full,Logistic,SES_group,0.6,14,0,FPR,0.0442,9.0,9.0
tfidf_full,Logistic,SES_group,0.6,14,0,PPR,0.0535,11.0,10.0
tfidf_full,Logistic,SES_group,0.6,14,0,AUC,-0.0052,,
tfidf_full,Logistic,SES_group,0.6,14,0,EO_diff,0.0902,,
tfidf_full,Logistic,WhiteConcentration,0.3,10,4,TPR,-0.0076,0.0,0.0
tfidf_full,Logistic,WhiteConcentration,0.3,10,4,FPR,-0.0044,0.0,0.0
tfidf_full,Logistic,WhiteConcentration,0.3,10,4,PPR,-0.0056,0.0,0.0
tfidf_full,Logistic,WhiteConcentration,0.3,10,4,AUC,-0.0116,,
tfidf_full,Logistic,WhiteConcentration,0.3,10,4,EO_diff,0.0262,,
tfidf_full,Logistic,WhiteConcentration,0.4,10,4,TPR,-0.0043,0.0,0.0
tfidf_full,Logistic,WhiteConcentration,0.4,10,4,FPR,0.008,1.0,0.0
tfidf_full,Logistic,WhiteConcentration,0.4,10,4,PPR,0.0049,1.0,1.0
tfidf_full,Logistic,WhiteConcentration,0.4,10,4,AUC,-0.0116,,
tfidf_full,Logistic,WhiteConcentration,0.4,10,4,EO_diff,0.0377,,
tfidf_full,Logistic,WhiteConcentration,0.5,10,4,TPR,-0.0142,0.0,0.0
tfidf_full,Logistic,WhiteConcentration,0.5,10,4,FPR,0.0026,0.0,0.0
tfidf_full,Logistic,WhiteConcentration,0.5,10,4,PPR,-0.0019,0.0,0.0
tfidf_full,Logistic,WhiteConcentration,0.5,10,4,AUC,-0.0116,,
tfidf_full,Logistic,WhiteConcentration,0.5,10,4,EO_diff,0.0399,,
tfidf_full,Logistic,WhiteConcentration,0.6,10,4,TPR,-0.0095,1.0,0.0
tfidf_full,Logistic,WhiteConcentration,0.6,10,4,FPR,0.0021,1.0,1.0
tfidf_full,Logistic,WhiteConcentration,0.6,10,4,PPR,-0.0012,2.0,2.0
tfidf_full,Logistic,WhiteConcentration,0.6,10,4,AUC,-0.0116,,
tfidf_full,Logistic,WhiteConcentration,0.6,10,4,EO_diff,0.0578,,
tfidf_full,XGBoost,AsianConcentration,0.3,7,7,TPR,-0.0143,0.0,0.0
tfidf_full,XGBoost,AsianConcentration,0.3,7,7,FPR,-0.0573,6.0,6.0
tfidf_full,XGBoost,AsianConcentration,0.3,7,7,PPR,-0.052,6.0,6.0
tfidf_full,XGBoost,AsianConcentration,0.3,7,7,AUC,0.0144,,
tfidf_full,XGBoost,AsianConcentration,0.3,7,7,EO_diff,0.0591,,
tfidf_full,XGBoost,AsianConcentration,0.4,7,7,TPR,-0.0232,1.0,1.0
tfidf_full,XGBoost,AsianConcentration,0.4,7,7,FPR,-0.0762,6.0,6.0
tfidf_full,XGBoost,AsianConcentration,0.4,7,7,PPR,-0.0701,6.0,6.0
tfidf_full,XGBoost,AsianConcentration,0.4,7,7,AUC,0.0144,,
tfidf_full,XGBoost,AsianConcentration,0.4,7,7,EO_diff,0.0804,,
tfidf_full,XGBoost,AsianConcentration,0.5,7,7,TPR,-0.0248,1.0,1.0
tfidf_full,XGBoost,AsianConcentration,0.5,7,7,FPR,-0.0622,6.0,6.0
tfidf_full,XGBoost,AsianConcentration,0.5,7,7,PPR,-0.0583,6.0,6.0
tfidf_full,XGBoost,AsianConcentration,0.5,7,7,AUC,0.0144,,
tfidf_full,XGBoost,AsianConcentration,0.5,7,7,EO_diff,0.0813,,
tfidf_full,XGBoost,AsianConcentration,0.6,7,7,TPR,-0.0515,1.0,1.0
tfidf_full,XGBoost,AsianConcentration,0.6,7,7,FPR,-0.0497,6.0,5.0
tfidf_full,XGBoost,AsianConcentration,0.6,7,7,PPR,-0.0506,6.0,5.0
tfidf_full,XGBoost,AsianConcentration,0.6,7,7,AUC,0.0144,,
tfidf_full,XGBoost,AsianConcentration,0.6,7,7,EO_diff,0.0826,,
tfidf_full,XGBoost,BlackConcentration,0.3,12,2,TPR,-0.0043,0.0,0.0
tfidf_full,XGBoost,BlackConcentration,0.3,12,2,FPR,-0.0077,1.0,0.0
tfidf_full,XGBoost,BlackConcentration,0.3,12,2,PPR,-0.0059,1.0,0.0
tfidf_full,XGBoost,BlackConcentration,0.3,12,2,AUC,0.0211,,
tfidf_full,XGBoost,BlackConcentration,0.3,12,2,EO_diff,0.0228,,
tfidf_full,XGBoost,BlackConcentration,0.4,12,2,TPR,0.0127,1.0,0.0
tfidf_full,XGBoost,BlackConcentration,0.4,12,2,FPR,-0.0077,0.0,0.0
tfidf_full,XGBoost,BlackConcentration,0.4,12,2,PPR,-0.0022,1.0,0.0
tfidf_full,XGBoost,BlackConcentration,0.4,12,2,AUC,0.0211,,
tfidf_full,XGBoost,BlackConcentration,0.4,12,2,EO_diff,0.0433,,
tfidf_full,XGBoost,BlackConcentration,0.5,12,2,TPR,0.0268,2.0,0.0
tfidf_full,XGBoost,BlackConcentration,0.5,12,2,FPR,-0.0132,1.0,0.0
tfidf_full,XGBoost,BlackConcentration,0.5,12,2,PPR,-0.004,3.0,0.0
tfidf_full,XGBoost,BlackConcentration,0.5,12,2,AUC,0.0211,,
tfidf_full,XGBoost,BlackConcentration,0.5,12,2,EO_diff,0.0614,,
tfidf_full,XGBoost,BlackConcentration,0.6,12,2,TPR,0.0269,0.0,0.0
tfidf_full,XGBoost,BlackConcentration,0.6,12,2,FPR,-0.0029,0.0,0.0
tfidf_full,XGBoost,BlackConcentration,0.6,12,2,PPR,0.0045,1.0,0.0
tfidf_full,XGBoost,BlackConcentration,0.6,12,2,AUC,0.0211,,
tfidf_full,XGBoost,BlackConcentration,0.6,12,2,EO_diff,0.0514,,
tfidf_full,XGBoost,ForeignBornConcentration,0.3,9,5,TPR,-0.0206,1.0,0.0
tfidf_full,XGBoost,ForeignBornConcentration,0.3,9,5,FPR,-0.0483,6.0,6.0
tfidf_full,XGBoost,ForeignBornConcentration,0.3,9,5,PPR,-0.0454,6.0,6.0
tfidf_full,XGBoost,ForeignBornConcentration,0.3,9,5,AUC,0.0019,,
tfidf_full,XGBoost,ForeignBornConcentration,0.3,9,5,EO_diff,0.057,,
tfidf_full,XGBoost,ForeignBornConcentration,0.4,9,5,TPR,-0.0333,1.0,0.0
tfidf_full,XGBoost,ForeignBornConcentration,0.4,9,5,FPR,-0.0696,6.0,6.0
tfidf_full,XGBoost,ForeignBornConcentration,0.4,9,5,PPR,-0.0657,6.0,6.0
tfidf_full,XGBoost,ForeignBornConcentration,0.4,9,5,AUC,0.0019,,
tfidf_full,XGBoost,ForeignBornConcentration,0.4,9,5,EO_diff,0.0776,,
tfidf_full,XGBoost,ForeignBornConcentration,0.5,9,5,TPR,-0.0368,1.0,1.0
tfidf_full,XGBoost,ForeignBornConcentration,0.5,9,5,FPR,-0.0624,7.0,6.0
tfidf_full,XGBoost,ForeignBornConcentration,0.5,9,5,PPR,-0.0598,6.0,6.0
tfidf_full,XGBoost,ForeignBornConcentration,0.5,9,5,AUC,0.0019,,
tfidf_full,XGBoost,ForeignBornConcentration,0.5,9,5,EO_diff,0.0829,,
tfidf_full,XGBoost,ForeignBornConcentration,0.6,9,5,TPR,-0.0633,3.0,0.0
tfidf_full,XGBoost,ForeignBornConcentration,0.6,9,5,FPR,-0.0398,5.0,5.0
tfidf_full,XGBoost,ForeignBornConcentration,0.6,9,5,PPR,-0.045,5.0,5.0
tfidf_full,XGBoost,ForeignBornConcentration,0.6,9,5,AUC,0.0019,,
tfidf_full,XGBoost,ForeignBornConcentration,0.6,9,5,EO_diff,0.0758,,
tfidf_full,XGBoost,HispanicConcentration,0.3,10,4,TPR,-0.0189,0.0,0.0
tfidf_full,XGBoost,HispanicConcentration,0.3,10,4,FPR,-0.0291,5.0,5.0
tfidf_full,XGBoost,HispanicConcentration,0.3,10,4,PPR,-0.0285,5.0,5.0
tfidf_full,XGBoost,HispanicConcentration,0.3,10,4,AUC,-0.0065,,
tfidf_full,XGBoost,HispanicConcentration,0.3,10,4,EO_diff,0.0475,,
tfidf_full,XGBoost,HispanicConcentration,0.4,10,4,TPR,-0.0381,1.0,0.0
tfidf_full,XGBoost,HispanicConcentration,0.4,10,4,FPR,-0.0476,7.0,7.0
tfidf_full,XGBoost,HispanicConcentration,0.4,10,4,PPR,-0.0474,7.0,6.0
tfidf_full,XGBoost,HispanicConcentration,0.4,10,4,AUC,-0.0065,,
tfidf_full,XGBoost,HispanicConcentration,0.4,10,4,EO_diff,0.0661,,
tfidf_full,XGBoost,HispanicConcentration,0.5,10,4,TPR,-0.033,2.0,2.0
tfidf_full,XGBoost,HispanicConcentration,0.5,10,4,FPR,-0.0426,6.0,6.0
tfidf_full,XGBoost,HispanicConcentration,0.5,10,4,PPR,-0.0423,6.0,6.0
tfidf_full,XGBoost,HispanicConcentration,0.5,10,4,AUC,-0.0065,,
tfidf_full,XGBoost,HispanicConcentration,0.5,10,4,EO_diff,0.0596,,
tfidf_full,XGBoost,HispanicConcentration,0.6,10,4,TPR,-0.0479,2.0,0.0
tfidf_full,XGBoost,HispanicConcentration,0.6,10,4,FPR,-0.0312,4.0,4.0
tfidf_full,XGBoost,HispanicConcentration,0.6,10,4,PPR,-0.0349,4.0,4.0
tfidf_full,XGBoost,HispanicConcentration,0.6,10,4,AUC,-0.0065,,
tfidf_full,XGBoost,HispanicConcentration,0.6,10,4,EO_diff,0.0653,,
tfidf_full,XGBoost,LimitedEnglishConcentration,0.3,9,5,TPR,-0.0131,0.0,0.0
tfidf_full,XGBoost,LimitedEnglishConcentration,0.3,9,5,FPR,-0.0437,5.0,5.0
tfidf_full,XGBoost,LimitedEnglishConcentration,0.3,9,5,PPR,-0.0397,5.0,5.0
tfidf_full,XGBoost,LimitedEnglishConcentration,0.3,9,5,AUC,0.0058,,
tfidf_full,XGBoost,LimitedEnglishConcentration,0.3,9,5,EO_diff,0.0508,,
tfidf_full,XGBoost,LimitedEnglishConcentration,0.4,9,5,TPR,-0.0298,0.0,0.0
tfidf_full,XGBoost,LimitedEnglishConcentration,0.4,9,5,FPR,-0.0633,7.0,7.0
tfidf_full,XGBoost,LimitedEnglishConcentration,0.4,9,5,PPR,-0.0587,7.0,7.0
tfidf_full,XGBoost,LimitedEnglishConcentration,0.4,9,5,AUC,0.0058,,
tfidf_full,XGBoost,LimitedEnglishConcentration,0.4,9,5,EO_diff,0.0709,,
tfidf_full,XGBoost,LimitedEnglishConcentration,0.5,9,5,TPR,-0.031,2.0,0.0
tfidf_full,XGBoost,LimitedEnglishConcentration,0.5,9,5,FPR,-0.0594,8.0,8.0
tfidf_full,XGBoost,LimitedEnglishConcentration,0.5,9,5,PPR,-0.0552,7.0,7.0
tfidf_full,XGBoost,LimitedEnglishConcentration,0.5,9,5,AUC,0.0058,,
tfidf_full,XGBoost,LimitedEnglishConcentration,0.5,9,5,EO_diff,0.0673,,
tfidf_full,XGBoost,LimitedEnglishConcentration,0.6,9,5,TPR,-0.0484,1.0,0.0
tfidf_full,XGBoost,LimitedEnglishConcentration,0.6,9,5,FPR,-0.0388,5.0,5.0
tfidf_full,XGBoost,LimitedEnglishConcentration,0.6,9,5,PPR,-0.0409,6.0,5.0
tfidf_full,XGBoost,LimitedEnglishConcentration,0.6,9,5,AUC,0.0058,,
tfidf_full,XGBoost,LimitedEnglishConcentration,0.6,9,5,EO_diff,0.0631,,
tfidf_full,XGBoost,SES_group,0.3,14,0,TPR,-0.0078,3.0,0.0
tfidf_full,XGBoost,SES_group,0.3,14,0,FPR,0.0479,10.0,10.0
tfidf_full,XGBoost,SES_group,0.3,14,0,PPR,0.0441,10.0,9.0
tfidf_full,XGBoost,SES_group,0.3,14,0,AUC,-0.0096,,
tfidf_full,XGBoost,SES_group,0.3,14,0,EO_diff,0.0683,,
tfidf_full,XGBoost,SES_group,0.4,14,0,TPR,0.0178,4.0,1.0
tfidf_full,XGBoost,SES_group,0.4,14,0,FPR,0.0544,10.0,10.0
tfidf_full,XGBoost,SES_group,0.4,14,0,PPR,0.0552,9.0,9.0
tfidf_full,XGBoost,SES_group,0.4,14,0,AUC,-0.0096,,
tfidf_full,XGBoost,SES_group,0.4,14,0,EO_diff,0.087,,
tfidf_full,XGBoost,SES_group,0.5,14,0,TPR,0.0523,3.0,2.0
tfidf_full,XGBoost,SES_group,0.5,14,0,FPR,0.0463,8.0,6.0
tfidf_full,XGBoost,SES_group,0.5,14,0,PPR,0.0539,9.0,7.0
tfidf_full,XGBoost,SES_group,0.5,14,0,AUC,-0.0096,,
tfidf_full,XGBoost,SES_group,0.5,14,0,EO_diff,0.0791,,
tfidf_full,XGBoost,SES_group,0.6,14,0,TPR,0.0537,4.0,3.0
tfidf_full,XGBoost,SES_group,0.6,14,0,FPR,0.0306,8.0,7.0
tfidf_full,XGBoost,SES_group,0.6,14,0,PPR,0.0393,9.0,8.0
tfidf_full,XGBoost,SES_group,0.6,14,0,AUC,-0.0096,,
tfidf_full,XGBoost,SES_group,0.6,14,0,EO_diff,0.0797,,
tfidf_full,XGBoost,WhiteConcentration,0.3,10,4,TPR,0.008,0.0,0.0
tfidf_full,XGBoost,WhiteConcentration,0.3,10,4,FPR,0.0222,5.0,3.0
tfidf_full,XGBoost,WhiteConcentration,0.3,10,4,PPR,0.0199,5.0,5.0
tfidf_full,XGBoost,WhiteConcentration,0.3,10,4,AUC,-0.0194,,
tfidf_full,XGBoost,WhiteConcentration,0.3,10,4,EO_diff,0.0382,,
tfidf_full,XGBoost,WhiteConcentration,0.4,10,4,TPR,0.0075,0.0,0.0
tfidf_full,XGBoost,WhiteConcentration,0.4,10,4,FPR,0.0391,5.0,3.0
tfidf_full,XGBoost,WhiteConcentration,0.4,10,4,PPR,0.0332,5.0,4.0
tfidf_full,XGBoost,WhiteConcentration,0.4,10,4,AUC,-0.0194,,
tfidf_full,XGBoost,WhiteConcentration,0.4,10,4,EO_diff,0.0457,,
tfidf_full,XGBoost,WhiteConcentration,0.5,10,4,TPR,-0.0146,0.0,0.0
tfidf_full,XGBoost,WhiteConcentration,0.5,10,4,FPR,0.0407,4.0,3.0
tfidf_full,XGBoost,WhiteConcentration,0.5,10,4,PPR,0.0302,4.0,4.0
tfidf_full,XGBoost,WhiteConcentration,0.5,10,4,AUC,-0.0194,,
tfidf_full,XGBoost,WhiteConcentration,0.5,10,4,EO_diff,0.0669,,
tfidf_full,XGBoost,WhiteConcentration,0.6,10,4,TPR,0.0056,1.0,0.0
tfidf_full,XGBoost,WhiteConcentration,0.6,10,4,FPR,0.0257,3.0,3.0
tfidf_full,XGBoost,WhiteConcentration,0.6,10,4,PPR,0.0209,3.0,3.0
tfidf_full,XGBoost,WhiteConcentration,0.6,10,4,AUC,-0.0194,,
tfidf_full,XGBoost,WhiteConcentration,0.6,10,4,EO_diff,0.0648,,
