representation,model,grouping,threshold,n_folds_used,n_folds_insufficient,metric,mean_value,n_sig_raw_p05,n_sig_BH_q05
finbert_pca50,Logistic,AsianConcentration,0.2,7,7,TPR,0.0006,0.0,0.0
finbert_pca50,Logistic,AsianConcentration,0.2,7,7,FPR,-0.0159,4.0,0.0
finbert_pca50,Logistic,AsianConcentration,0.2,7,7,PPR,-0.0142,3.0,0.0
finbert_pca50,Logistic,AsianConcentration,0.2,7,7,AUC,0.0088,,
finbert_pca50,Logistic,AsianConcentration,0.2,7,7,EO_diff,0.0229,,
finbert_pca50,Logistic,AsianConcentration,0.3,7,7,TPR,-0.0017,1.0,0.0
finbert_pca50,Logistic,AsianConcentration,0.3,7,7,FPR,-0.0212,5.0,5.0
finbert_pca50,Logistic,AsianConcentration,0.3,7,7,PPR,-0.0201,5.0,3.0
finbert_pca50,Logistic,AsianConcentration,0.3,7,7,AUC,0.0088,,
finbert_pca50,Logistic,AsianConcentration,0.3,7,7,EO_diff,0.0477,,
finbert_pca50,Logistic,AsianConcentration,0.4,7,7,TPR,0.0029,2.0,0.0
finbert_pca50,Logistic,AsianConcentration,0.4,7,7,FPR,-0.0324,4.0,3.0
finbert_pca50,Logistic,AsianConcentration,0.4,7,7,PPR,-0.0298,4.0,2.0
finbert_pca50,Logistic,AsianConcentration,0.4,7,7,AUC,0.0088,,
finbert_pca50,Logistic,AsianConcentration,0.4,7,7,EO_diff,0.0615,,
finbert_pca50,Logistic,AsianConcentration,0.5,7,7,TPR,-0.0066,1.0,0.0
finbert_pca50,Logistic,AsianConcentration,0.5,7,7,FPR,-0.0263,3.0,2.0
finbert_pca50,Logistic,AsianConcentration,0.5,7,7,PPR,-0.0257,3.0,1.0
finbert_pca50,Logistic,AsianConcentration,0.5,7,7,AUC,0.0088,,
finbert_pca50,Logistic,AsianConcentration,0.5,7,7,EO_diff,0.0524,,
finbert_pca50,Logistic,AsianConcentration,0.6,7,7,TPR,-0.0427,1.0,1.0
finbert_pca50,Logistic,AsianConcentration,0.6,7,7,FPR,-0.024,3.0,2.0
finbert_pca50,Logistic,AsianConcentration,0.6,7,7,PPR,-0.0289,3.0,3.0
finbert_pca50,Logistic,AsianConcentration,0.6,7,7,AUC,0.0088,,
finbert_pca50,Logistic,AsianConcentration,0.6,7,7,EO_diff,0.0597,,
finbert_pca50,Logistic,AsianConcentration,0.7,7,7,TPR,-0.0389,1.0,1.0
finbert_pca50,Logistic,AsianConcentration,0.7,7,7,FPR,-0.023,3.0,2.0
finbert_pca50,Logistic,AsianConcentration,0.7,7,7,PPR,-0.026,2.0,2.0
finbert_pca50,Logistic,AsianConcentration,0.7,7,7,AUC,0.0088,,
finbert_pca50,Logistic,AsianConcentration,0.7,7,7,EO_diff,0.0626,,
finbert_pca50,Logistic,AsianConcentration,0.8,7,7,TPR,0.0043,1.0,0.0
finbert_pca50,Logistic,AsianConcentration,0.8,7,7,FPR,-0.0061,2.0,1.0
finbert_pca50,Logistic,AsianConcentration,0.8,7,7,PPR,-0.0045,2.0,1.0
finbert_pca50,Logistic,AsianConcentration,0.8,7,7,AUC,0.0088,,
finbert_pca50,Logistic,AsianConcentration,0.8,7,7,EO_diff,0.031,,
finbert_pca50,Logistic,AsianConcentration,0.9,7,7,TPR,-0.0011,0.0,0.0
finbert_pca50,Logistic,AsianConcentration,0.9,7,7,FPR,-0.0007,1.0,1.0
finbert_pca50,Logistic,AsianConcentration,0.9,7,7,PPR,-0.0007,1.0,1.0
finbert_pca50,Logistic,AsianConcentration,0.9,7,7,AUC,0.0088,,
finbert_pca50,Logistic,AsianConcentration,0.9,7,7,EO_diff,0.0096,,
finbert_pca50,Logistic,BlackConcentration,0.2,12,2,TPR,0.0007,0.0,0.0
finbert_pca50,Logistic,BlackConcentration,0.2,12,2,FPR,0.0019,3.0,0.0
finbert_pca50,Logistic,BlackConcentration,0.2,12,2,PPR,0.0023,3.0,0.0
finbert_pca50,Logistic,BlackConcentration,0.2,12,2,AUC,0.0214,,
finbert_pca50,Logistic,BlackConcentration,0.2,12,2,EO_diff,0.0218,,
finbert_pca50,Logistic,BlackConcentration,0.3,12,2,TPR,0.0115,0.0,0.0
finbert_pca50,Logistic,BlackConcentration,0.3,12,2,FPR,0.0008,5.0,1.0
finbert_pca50,Logistic,BlackConcentration,0.3,12,2,PPR,0.0037,5.0,3.0
finbert_pca50,Logistic,BlackConcentration,0.3,12,2,AUC,0.0214,,
finbert_pca50,Logistic,BlackConcentration,0.3,12,2,EO_diff,0.0377,,
finbert_pca50,Logistic,BlackConcentration,0.4,12,2,TPR,0.0279,1.0,0.0
finbert_pca50,Logistic,BlackConcentration,0.4,12,2,FPR,-0.0037,4.0,3.0
finbert_pca50,Logistic,BlackConcentration,0.4,12,2,PPR,0.0033,4.0,3.0
finbert_pca50,Logistic,BlackConcentration,0.4,12,2,AUC,0.0214,,
finbert_pca50,Logistic,BlackConcentration,0.4,12,2,EO_diff,0.0475,,
finbert_pca50,Logistic,BlackConcentration,0.5,12,2,TPR,0.0282,2.0,1.0
finbert_pca50,Logistic,BlackConcentration,0.5,12,2,FPR,0.0044,3.0,2.0
finbert_pca50,Logistic,BlackConcentration,0.5,12,2,PPR,0.011,4.0,3.0
finbert_pca50,Logistic,BlackConcentration,0.5,12,2,AUC,0.0214,,
finbert_pca50,Logistic,BlackConcentration,0.5,12,2,EO_diff,0.0534,,
finbert_pca50,Logistic,BlackConcentration,0.6,12,2,TPR,0.061,1.0,1.0
finbert_pca50,Logistic,BlackConcentration,0.6,12,2,FPR,0.0122,3.0,3.0
finbert_pca50,Logistic,BlackConcentration,0.6,12,2,PPR,0.0224,4.0,4.0
finbert_pca50,Logistic,BlackConcentration,0.6,12,2,AUC,0.0214,,
finbert_pca50,Logistic,BlackConcentration,0.6,12,2,EO_diff,0.0622,,
finbert_pca50,Logistic,BlackConcentration,0.7,12,2,TPR,0.0526,2.0,0.0
finbert_pca50,Logistic,BlackConcentration,0.7,12,2,FPR,0.0124,3.0,1.0
finbert_pca50,Logistic,BlackConcentration,0.7,12,2,PPR,0.0204,5.0,3.0
finbert_pca50,Logistic,BlackConcentration,0.7,12,2,AUC,0.0214,,
finbert_pca50,Logistic,BlackConcentration,0.7,12,2,EO_diff,0.0631,,
finbert_pca50,Logistic,BlackConcentration,0.8,12,2,TPR,0.0155,1.0,0.0
finbert_pca50,Logistic,BlackConcentration,0.8,12,2,FPR,0.0015,0.0,0.0
finbert_pca50,Logistic,BlackConcentration,0.8,12,2,PPR,0.0045,3.0,0.0
finbert_pca50,Logistic,BlackConcentration,0.8,12,2,AUC,0.0214,,
finbert_pca50,Logistic,BlackConcentration,0.8,12,2,EO_diff,0.0318,,
finbert_pca50,Logistic,BlackConcentration,0.9,12,2,TPR,0.0066,0.0,0.0
finbert_pca50,Logistic,BlackConcentration,0.9,12,2,FPR,0.0001,0.0,0.0
finbert_pca50,Logistic,BlackConcentration,0.9,12,2,PPR,0.0011,0.0,0.0
finbert_pca50,Logistic,BlackConcentration,0.9,12,2,AUC,0.0214,,
finbert_pca50,Logistic,BlackConcentration,0.9,12,2,EO_diff,0.0084,,
finbert_pca50,Logistic,ForeignBornConcentration,0.2,9,5,TPR,-0.0025,0.0,0.0
finbert_pca50,Logistic,ForeignBornConcentration,0.2,9,5,FPR,-0.0062,2.0,2.0
finbert_pca50,Logistic,ForeignBornConcentration,0.2,9,5,PPR,-0.0063,3.0,2.0
finbert_pca50,Logistic,ForeignBornConcentration,0.2,9,5,AUC,-0.005,,
finbert_pca50,Logistic,ForeignBornConcentration,0.2,9,5,EO_diff,0.02,,
finbert_pca50,Logistic,ForeignBornConcentration,0.3,9,5,TPR,-0.0031,0.0,0.0
finbert_pca50,Logistic,ForeignBornConcentration,0.3,9,5,FPR,-0.0071,5.0,3.0
finbert_pca50,Logistic,ForeignBornConcentration,0.3,9,5,PPR,-0.0077,4.0,4.0
finbert_pca50,Logistic,ForeignBornConcentration,0.3,9,5,AUC,-0.005,,
finbert_pca50,Logistic,ForeignBornConcentration,0.3,9,5,EO_diff,0.0432,,
finbert_pca50,Logistic,ForeignBornConcentration,0.4,9,5,TPR,0.0043,1.0,0.0
finbert_pca50,Logistic,ForeignBornConcentration,0.4,9,5,FPR,-0.0077,4.0,3.0
finbert_pca50,Logistic,ForeignBornConcentration,0.4,9,5,PPR,-0.0072,2.0,2.0
finbert_pca50,Logistic,ForeignBornConcentration,0.4,9,5,AUC,-0.005,,
finbert_pca50,Logistic,ForeignBornConcentration,0.4,9,5,EO_diff,0.0576,,
finbert_pca50,Logistic,ForeignBornConcentration,0.5,9,5,TPR,-0.0187,1.0,0.0
finbert_pca50,Logistic,ForeignBornConcentration,0.5,9,5,FPR,-0.014,1.0,1.0
finbert_pca50,Logistic,ForeignBornConcentration,0.5,9,5,PPR,-0.0166,1.0,1.0
finbert_pca50,Logistic,ForeignBornConcentration,0.5,9,5,AUC,-0.005,,
finbert_pca50,Logistic,ForeignBornConcentration,0.5,9,5,EO_diff,0.0518,,
finbert_pca50,Logistic,ForeignBornConcentration,0.6,9,5,TPR,-0.0501,2.0,1.0
finbert_pca50,Logistic,ForeignBornConcentration,0.6,9,5,FPR,-0.0068,2.0,1.0
finbert_pca50,Logistic,ForeignBornConcentration,0.6,9,5,PPR,-0.0155,3.0,2.0
finbert_pca50,Logistic,ForeignBornConcentration,0.6,9,5,AUC,-0.005,,
finbert_pca50,Logistic,ForeignBornConcentration,0.6,9,5,EO_diff,0.065,,
finbert_pca50,Logistic,ForeignBornConcentration,0.7,9,5,TPR,-0.0515,2.0,0.0
finbert_pca50,Logistic,ForeignBornConcentration,0.7,9,5,FPR,-0.0152,3.0,3.0
finbert_pca50,Logistic,ForeignBornConcentration,0.7,9,5,PPR,-0.0215,4.0,3.0
finbert_pca50,Logistic,ForeignBornConcentration,0.7,9,5,AUC,-0.005,,
finbert_pca50,Logistic,ForeignBornConcentration,0.7,9,5,EO_diff,0.0711,,
finbert_pca50,Logistic,ForeignBornConcentration,0.8,9,5,TPR,-0.0116,2.0,1.0
finbert_pca50,Logistic,ForeignBornConcentration,0.8,9,5,FPR,0.0006,3.0,1.0
finbert_pca50,Logistic,ForeignBornConcentration,0.8,9,5,PPR,-0.0009,5.0,2.0
finbert_pca50,Logistic,ForeignBornConcentration,0.8,9,5,AUC,-0.005,,
finbert_pca50,Logistic,ForeignBornConcentration,0.8,9,5,EO_diff,0.053,,
finbert_pca50,Logistic,ForeignBornConcentration,0.9,9,5,TPR,-0.003,1.0,0.0
finbert_pca50,Logistic,ForeignBornConcentration,0.9,9,5,FPR,0.0,1.0,1.0
finbert_pca50,Logistic,ForeignBornConcentration,0.9,9,5,PPR,-0.0004,1.0,1.0
finbert_pca50,Logistic,ForeignBornConcentration,0.9,9,5,AUC,-0.005,,
finbert_pca50,Logistic,ForeignBornConcentration,0.9,9,5,EO_diff,0.0094,,
finbert_pca50,Logistic,HispanicConcentration,0.2,10,4,TPR,-0.0035,0.0,0.0
finbert_pca50,Logistic,HispanicConcentration,0.2,10,4,FPR,-0.0013,1.0,0.0
finbert_pca50,Logistic,HispanicConcentration,0.2,10,4,PPR,-0.002,2.0,0.0
finbert_pca50,Logistic,HispanicConcentration,0.2,10,4,AUC,-0.0107,,
finbert_pca50,Logistic,HispanicConcentration,0.2,10,4,EO_diff,0.0119,,
finbert_pca50,Logistic,HispanicConcentration,0.3,10,4,TPR,-0.0098,0.0,0.0
finbert_pca50,Logistic,HispanicConcentration,0.3,10,4,FPR,-0.0013,2.0,0.0
finbert_pca50,Logistic,HispanicConcentration,0.3,10,4,PPR,-0.0034,2.0,2.0
finbert_pca50,Logistic,HispanicConcentration,0.3,10,4,AUC,-0.0107,,
finbert_pca50,Logistic,HispanicConcentration,0.3,10,4,EO_diff,0.0272,,
finbert_pca50,Logistic,HispanicConcentration,0.4,10,4,TPR,-0.0233,0.0,0.0
finbert_pca50,Logistic,HispanicConcentration,0.4,10,4,FPR,-0.0083,2.0,1.0
finbert_pca50,Logistic,HispanicConcentration,0.4,10,4,PPR,-0.0118,2.0,2.0
finbert_pca50,Logistic,HispanicConcentration,0.4,10,4,AUC,-0.0107,,
finbert_pca50,Logistic,HispanicConcentration,0.4,10,4,EO_diff,0.0433,,
finbert_pca50,Logistic,HispanicConcentration,0.5,10,4,TPR,-0.025,0.0,0.0
finbert_pca50,Logistic,HispanicConcentration,0.5,10,4,FPR,-0.0144,2.0,0.0
finbert_pca50,Logistic,HispanicConcentration,0.5,10,4,PPR,-0.0173,2.0,1.0
finbert_pca50,Logistic,HispanicConcentration,0.5,10,4,AUC,-0.0107,,
finbert_pca50,Logistic,HispanicConcentration,0.5,10,4,EO_diff,0.038,,
finbert_pca50,Logistic,HispanicConcentration,0.6,10,4,TPR,-0.032,2.0,2.0
finbert_pca50,Logistic,HispanicConcentration,0.6,10,4,FPR,-0.0098,2.0,1.0
finbert_pca50,Logistic,HispanicConcentration,0.6,10,4,PPR,-0.0145,3.0,3.0
finbert_pca50,Logistic,HispanicConcentration,0.6,10,4,AUC,-0.0107,,
finbert_pca50,Logistic,HispanicConcentration,0.6,10,4,EO_diff,0.0547,,
finbert_pca50,Logistic,HispanicConcentration,0.7,10,4,TPR,-0.0208,4.0,2.0
finbert_pca50,Logistic,HispanicConcentration,0.7,10,4,FPR,-0.0083,3.0,3.0
finbert_pca50,Logistic,HispanicConcentration,0.7,10,4,PPR,-0.011,5.0,2.0
finbert_pca50,Logistic,HispanicConcentration,0.7,10,4,AUC,-0.0107,,
finbert_pca50,Logistic,HispanicConcentration,0.7,10,4,EO_diff,0.0792,,
finbert_pca50,Logistic,HispanicConcentration,0.8,10,4,TPR,-0.0101,3.0,2.0
finbert_pca50,Logistic,HispanicConcentration,0.8,10,4,FPR,0.004,3.0,2.0
finbert_pca50,Logistic,HispanicConcentration,0.8,10,4,PPR,0.002,3.0,3.0
finbert_pca50,Logistic,HispanicConcentration,0.8,10,4,AUC,-0.0107,,
finbert_pca50,Logistic,HispanicConcentration,0.8,10,4,EO_diff,0.0534,,
finbert_pca50,Logistic,HispanicConcentration,0.9,10,4,TPR,-0.0084,2.0,0.0
finbert_pca50,Logistic,HispanicConcentration,0.9,10,4,FPR,-0.0014,3.0,1.0
finbert_pca50,Logistic,HispanicConcentration,0.9,10,4,PPR,-0.0024,3.0,3.0
finbert_pca50,Logistic,HispanicConcentration,0.9,10,4,AUC,-0.0107,,
finbert_pca50,Logistic,HispanicConcentration,0.9,10,4,EO_diff,0.0124,,
finbert_pca50,Logistic,LimitedEnglishConcentration,0.2,9,5,TPR,-0.0025,0.0,0.0
finbert_pca50,Logistic,LimitedEnglishConcentration,0.2,9,5,FPR,-0.0001,1.0,0.0
finbert_pca50,Logistic,LimitedEnglishConcentration,0.2,9,5,PPR,-0.0007,1.0,0.0
finbert_pca50,Logistic,LimitedEnglishConcentration,0.2,9,5,AUC,-0.0033,,
finbert_pca50,Logistic,LimitedEnglishConcentration,0.2,9,5,EO_diff,0.0149,,
finbert_pca50,Logistic,LimitedEnglishConcentration,0.3,9,5,TPR,-0.0023,0.0,0.0
finbert_pca50,Logistic,LimitedEnglishConcentration,0.3,9,5,FPR,-0.0038,2.0,0.0
finbert_pca50,Logistic,LimitedEnglishConcentration,0.3,9,5,PPR,-0.004,2.0,0.0
finbert_pca50,Logistic,LimitedEnglishConcentration,0.3,9,5,AUC,-0.0033,,
finbert_pca50,Logistic,LimitedEnglishConcentration,0.3,9,5,EO_diff,0.027,,
finbert_pca50,Logistic,LimitedEnglishConcentration,0.4,9,5,TPR,0.0004,0.0,0.0
finbert_pca50,Logistic,LimitedEnglishConcentration,0.4,9,5,FPR,-0.0077,1.0,1.0
finbert_pca50,Logistic,LimitedEnglishConcentration,0.4,9,5,PPR,-0.0066,2.0,1.0
finbert_pca50,Logistic,LimitedEnglishConcentration,0.4,9,5,AUC,-0.0033,,
finbert_pca50,Logistic,LimitedEnglishConcentration,0.4,9,5,EO_diff,0.0428,,
finbert_pca50,Logistic,LimitedEnglishConcentration,0.5,9,5,TPR,-0.0033,0.0,0.0
finbert_pca50,Logistic,LimitedEnglishConcentration,0.5,9,5,FPR,-0.0165,2.0,0.0
finbert_pca50,Logistic,LimitedEnglishConcentration,0.5,9,5,PPR,-0.015,2.0,2.0
finbert_pca50,Logistic,LimitedEnglishConcentration,0.5,9,5,AUC,-0.0033,,
finbert_pca50,Logistic,LimitedEnglishConcentration,0.5,9,5,EO_diff,0.0365,,
finbert_pca50,Logistic,LimitedEnglishConcentration,0.6,9,5,TPR,-0.0407,2.0,2.0
finbert_pca50,Logistic,LimitedEnglishConcentration,0.6,9,5,FPR,-0.0066,1.0,1.0
finbert_pca50,Logistic,LimitedEnglishConcentration,0.6,9,5,PPR,-0.0126,3.0,2.0
finbert_pca50,Logistic,LimitedEnglishConcentration,0.6,9,5,AUC,-0.0033,,
finbert_pca50,Logistic,LimitedEnglishConcentration,0.6,9,5,EO_diff,0.0479,,
finbert_pca50,Logistic,LimitedEnglishConcentration,0.7,9,5,TPR,-0.0443,2.0,1.0
finbert_pca50,Logistic,LimitedEnglishConcentration,0.7,9,5,FPR,-0.0097,2.0,1.0
finbert_pca50,Logistic,LimitedEnglishConcentration,0.7,9,5,PPR,-0.0152,3.0,2.0
finbert_pca50,Logistic,LimitedEnglishConcentration,0.7,9,5,AUC,-0.0033,,
finbert_pca50,Logistic,LimitedEnglishConcentration,0.7,9,5,EO_diff,0.0629,,
finbert_pca50,Logistic,LimitedEnglishConcentration,0.8,9,5,TPR,-0.0098,1.0,1.0
finbert_pca50,Logistic,LimitedEnglishConcentration,0.8,9,5,FPR,0.0022,2.0,0.0
finbert_pca50,Logistic,LimitedEnglishConcentration,0.8,9,5,PPR,0.0006,2.0,0.0
finbert_pca50,Logistic,LimitedEnglishConcentration,0.8,9,5,AUC,-0.0033,,
finbert_pca50,Logistic,LimitedEnglishConcentration,0.8,9,5,EO_diff,0.0474,,
finbert_pca50,Logistic,LimitedEnglishConcentration,0.9,9,5,TPR,-0.0026,1.0,0.0
finbert_pca50,Logistic,LimitedEnglishConcentration,0.9,9,5,FPR,-0.0006,1.0,1.0
finbert_pca50,Logistic,LimitedEnglishConcentration,0.9,9,5,PPR,-0.0009,2.0,1.0
finbert_pca50,Logistic,LimitedEnglishConcentration,0.9,9,5,AUC,-0.0033,,
finbert_pca50,Logistic,LimitedEnglishConcentration,0.9,9,5,EO_diff,0.0073,,
finbert_pca50,Logistic,SES_group,0.2,14,0,TPR,-0.003,2.0,0.0
finbert_pca50,Logistic,SES_group,0.2,14,0,FPR,0.04,11.0,11.0
finbert_pca50,Logistic,SES_group,0.2,14,0,PPR,0.0358,12.0,12.0
finbert_pca50,Logistic,SES_group,0.2,14,0,AUC,-0.0076,,
finbert_pca50,Logistic,SES_group,0.2,14,0,EO_diff,0.0442,,
finbert_pca50,Logistic,SES_group,0.3,14,0,TPR,0.0078,4.0,0.0
finbert_pca50,Logistic,SES_group,0.3,14,0,FPR,0.0645,10.0,10.0
finbert_pca50,Logistic,SES_group,0.3,14,0,PPR,0.0604,10.0,10.0
finbert_pca50,Logistic,SES_group,0.3,14,0,AUC,-0.0076,,
finbert_pca50,Logistic,SES_group,0.3,14,0,EO_diff,0.0724,,
finbert_pca50,Logistic,SES_group,0.4,14,0,TPR,0.0387,4.0,0.0
finbert_pca50,Logistic,SES_group,0.4,14,0,FPR,0.0643,10.0,10.0
finbert_pca50,Logistic,SES_group,0.4,14,0,PPR,0.0668,11.0,11.0
finbert_pca50,Logistic,SES_group,0.4,14,0,AUC,-0.0076,,
finbert_pca50,Logistic,SES_group,0.4,14,0,EO_diff,0.0776,,
finbert_pca50,Logistic,SES_group,0.5,14,0,TPR,0.0547,4.0,3.0
finbert_pca50,Logistic,SES_group,0.5,14,0,FPR,0.0544,9.0,9.0
finbert_pca50,Logistic,SES_group,0.5,14,0,PPR,0.0613,10.0,9.0
finbert_pca50,Logistic,SES_group,0.5,14,0,AUC,-0.0076,,
finbert_pca50,Logistic,SES_group,0.5,14,0,EO_diff,0.0848,,
finbert_pca50,Logistic,SES_group,0.6,14,0,TPR,0.0522,6.0,5.0
finbert_pca50,Logistic,SES_group,0.6,14,0,FPR,0.0468,8.0,8.0
finbert_pca50,Logistic,SES_group,0.6,14,0,PPR,0.0538,11.0,11.0
finbert_pca50,Logistic,SES_group,0.6,14,0,AUC,-0.0076,,
finbert_pca50,Logistic,SES_group,0.6,14,0,EO_diff,0.0944,,
finbert_pca50,Logistic,SES_group,0.7,14,0,TPR,0.0702,5.0,3.0
finbert_pca50,Logistic,SES_group,0.7,14,0,FPR,0.0216,4.0,4.0
finbert_pca50,Logistic,SES_group,0.7,14,0,PPR,0.0331,7.0,7.0
finbert_pca50,Logistic,SES_group,0.7,14,0,AUC,-0.0076,,
finbert_pca50,Logistic,SES_group,0.7,14,0,EO_diff,0.0818,,
finbert_pca50,Logistic,SES_group,0.8,14,0,TPR,0.0375,4.0,1.0
finbert_pca50,Logistic,SES_group,0.8,14,0,FPR,0.0119,3.0,2.0
finbert_pca50,Logistic,SES_group,0.8,14,0,PPR,0.0179,5.0,3.0
finbert_pca50,Logistic,SES_group,0.8,14,0,AUC,-0.0076,,
finbert_pca50,Logistic,SES_group,0.8,14,0,EO_diff,0.0444,,
finbert_pca50,Logistic,SES_group,0.9,14,0,TPR,0.0058,0.0,0.0
finbert_pca50,Logistic,SES_group,0.9,14,0,FPR,0.0017,0.0,0.0
finbert_pca50,Logistic,SES_group,0.9,14,0,PPR,0.0028,1.0,0.0
finbert_pca50,Logistic,SES_group,0.9,14,0,AUC,-0.0076,,
finbert_pca50,Logistic,SES_group,0.9,14,0,EO_diff,0.0115,,
finbert_pca50,Logistic,WhiteConcentration,0.2,10,4,TPR,0.0018,0.0,0.0
finbert_pca50,Logistic,WhiteConcentration,0.2,10,4,FPR,-0.0041,0.0,0.0
finbert_pca50,Logistic,WhiteConcentration,0.2,10,4,PPR,-0.0035,1.0,0.0
finbert_pca50,Logistic,WhiteConcentration,0.2,10,4,AUC,-0.0111,,
finbert_pca50,Logistic,WhiteConcentration,0.2,10,4,EO_diff,0.0114,,
finbert_pca50,Logistic,WhiteConcentration,0.3,10,4,TPR,-0.0077,0.0,0.0
finbert_pca50,Logistic,WhiteConcentration,0.3,10,4,FPR,-0.0033,0.0,0.0
finbert_pca50,Logistic,WhiteConcentration,0.3,10,4,PPR,-0.0049,0.0,0.0
finbert_pca50,Logistic,WhiteConcentration,0.3,10,4,AUC,-0.0111,,
finbert_pca50,Logistic,WhiteConcentration,0.3,10,4,EO_diff,0.0348,,
finbert_pca50,Logistic,WhiteConcentration,0.4,10,4,TPR,-0.0083,0.0,0.0
finbert_pca50,Logistic,WhiteConcentration,0.4,10,4,FPR,0.0059,0.0,0.0
finbert_pca50,Logistic,WhiteConcentration,0.4,10,4,PPR,0.0024,1.0,0.0
finbert_pca50,Logistic,WhiteConcentration,0.4,10,4,AUC,-0.0111,,
finbert_pca50,Logistic,WhiteConcentration,0.4,10,4,EO_diff,0.0304,,
finbert_pca50,Logistic,WhiteConcentration,0.5,10,4,TPR,-0.0123,0.0,0.0
finbert_pca50,Logistic,WhiteConcentration,0.5,10,4,FPR,0.0086,0.0,0.0
finbert_pca50,Logistic,WhiteConcentration,0.5,10,4,PPR,0.0038,1.0,0.0
finbert_pca50,Logistic,WhiteConcentration,0.5,10,4,AUC,-0.0111,,
finbert_pca50,Logistic,WhiteConcentration,0.5,10,4,EO_diff,0.0344,,
finbert_pca50,Logistic,WhiteConcentration,0.6,10,4,TPR,-0.0038,0.0,0.0
finbert_pca50,Logistic,WhiteConcentration,0.6,10,4,FPR,0.0043,1.0,0.0
finbert_pca50,Logistic,WhiteConcentration,0.6,10,4,PPR,0.0016,2.0,0.0
finbert_pca50,Logistic,WhiteConcentration,0.6,10,4,AUC,-0.0111,,
finbert_pca50,Logistic,WhiteConcentration,0.6,10,4,EO_diff,0.0412,,
finbert_pca50,Logistic,WhiteConcentration,0.7,10,4,TPR,-0.0176,3.0,0.0
finbert_pca50,Logistic,WhiteConcentration,0.7,10,4,FPR,0.0054,1.0,0.0
finbert_pca50,Logistic,WhiteConcentration,0.7,10,4,PPR,0.0007,2.0,0.0
finbert_pca50,Logistic,WhiteConcentration,0.7,10,4,AUC,-0.0111,,
finbert_pca50,Logistic,WhiteConcentration,0.7,10,4,EO_diff,0.0642,,
finbert_pca50,Logistic,WhiteConcentration,0.8,10,4,TPR,-0.0063,2.0,0.0
finbert_pca50,Logistic,WhiteConcentration,0.8,10,4,FPR,-0.0006,1.0,0.0
finbert_pca50,Logistic,WhiteConcentration,0.8,10,4,PPR,-0.0021,1.0,0.0
finbert_pca50,Logistic,WhiteConcentration,0.8,10,4,AUC,-0.0111,,
finbert_pca50,Logistic,WhiteConcentration,0.8,10,4,EO_diff,0.0481,,
finbert_pca50,Logistic,WhiteConcentration,0.9,10,4,TPR,0.0023,0.0,0.0
finbert_pca50,Logistic,WhiteConcentration,0.9,10,4,FPR,0.0011,2.0,0.0
finbert_pca50,Logistic,WhiteConcentration,0.9,10,4,PPR,0.0012,1.0,0.0
finbert_pca50,Logistic,WhiteConcentration,0.9,10,4,AUC,-0.0111,,
finbert_pca50,Logistic,WhiteConcentration,0.9,10,4,EO_diff,0.0056,,
finbert_pca50,RandomForest,AsianConcentration,0.2,7,7,TPR,-0.0116,0.0,0.0
finbert_pca50,RandomForest,AsianConcentration,0.2,7,7,FPR,-0.0374,6.0,6.0
finbert_pca50,RandomForest,AsianConcentration,0.2,7,7,PPR,-0.034,6.0,6.0
finbert_pca50,RandomForest,AsianConcentration,0.2,7,7,AUC,0.0068,,
finbert_pca50,RandomForest,AsianConcentration,0.2,7,7,EO_diff,0.0402,,
finbert_pca50,RandomForest,AsianConcentration,0.3,7,7,TPR,-0.0174,1.0,0.0
finbert_pca50,RandomForest,AsianConcentration,0.3,7,7,FPR,-0.0496,5.0,5.0
finbert_pca50,RandomForest,AsianConcentration,0.3,7,7,PPR,-0.047,5.0,5.0
finbert_pca50,RandomForest,AsianConcentration,0.3,7,7,AUC,0.0068,,
finbert_pca50,RandomForest,AsianConcentration,0.3,7,7,EO_diff,0.0663,,
finbert_pca50,RandomForest,AsianConcentration,0.4,7,7,TPR,-0.0361,1.0,1.0
finbert_pca50,RandomForest,AsianConcentration,0.4,7,7,FPR,-0.0485,6.0,5.0
finbert_pca50,RandomForest,AsianConcentration,0.4,7,7,PPR,-0.0485,6.0,5.0
finbert_pca50,RandomForest,AsianConcentration,0.4,7,7,AUC,0.0068,,
finbert_pca50,RandomForest,AsianConcentration,0.4,7,7,EO_diff,0.0604,,
finbert_pca50,RandomForest,AsianConcentration,0.5,7,7,TPR,-0.0854,2.0,2.0
finbert_pca50,RandomForest,AsianConcentration,0.5,7,7,FPR,-0.0354,4.0,4.0
finbert_pca50,RandomForest,AsianConcentration,0.5,7,7,PPR,-0.0449,6.0,6.0
finbert_pca50,RandomForest,AsianConcentration,0.5,7,7,AUC,0.0068,,
finbert_pca50,RandomForest,AsianConcentration,0.5,7,7,EO_diff,0.0876,,
finbert_pca50,RandomForest,AsianConcentration,0.6,7,7,TPR,-0.0307,1.0,1.0
finbert_pca50,RandomForest,AsianConcentration,0.6,7,7,FPR,-0.0152,2.0,1.0
finbert_pca50,RandomForest,AsianConcentration,0.6,7,7,PPR,-0.0182,3.0,2.0
finbert_pca50,RandomForest,AsianConcentration,0.6,7,7,AUC,0.0068,,
finbert_pca50,RandomForest,AsianConcentration,0.6,7,7,EO_diff,0.0429,,
finbert_pca50,RandomForest,AsianConcentration,0.7,7,7,TPR,-0.0026,1.0,1.0
finbert_pca50,RandomForest,AsianConcentration,0.7,7,7,FPR,-0.0027,1.0,0.0
finbert_pca50,RandomForest,AsianConcentration,0.7,7,7,PPR,-0.0027,1.0,1.0
finbert_pca50,RandomForest,AsianConcentration,0.7,7,7,AUC,0.0068,,
finbert_pca50,RandomForest,AsianConcentration,0.7,7,7,EO_diff,0.0154,,
finbert_pca50,RandomForest,AsianConcentration,0.8,7,7,TPR,-0.001,0.0,0.0
finbert_pca50,RandomForest,AsianConcentration,0.8,7,7,FPR,-0.0001,1.0,1.0
finbert_pca50,RandomForest,AsianConcentration,0.8,7,7,PPR,-0.0002,1.0,1.0
finbert_pca50,RandomForest,AsianConcentration,0.8,7,7,AUC,0.0068,,
finbert_pca50,RandomForest,AsianConcentration,0.8,7,7,EO_diff,0.0014,,
finbert_pca50,RandomForest,AsianConcentration,0.9,7,7,TPR,0.0,0.0,0.0
finbert_pca50,RandomForest,AsianConcentration,0.9,7,7,FPR,0.0,0.0,0.0
finbert_pca50,RandomForest,AsianConcentration,0.9,7,7,PPR,0.0,0.0,0.0
finbert_pca50,RandomForest,AsianConcentration,0.9,7,7,AUC,0.0068,,
finbert_pca50,RandomForest,AsianConcentration,0.9,7,7,EO_diff,0.0,,
finbert_pca50,RandomForest,BlackConcentration,0.2,12,2,TPR,-0.0081,0.0,0.0
finbert_pca50,RandomForest,BlackConcentration,0.2,12,2,FPR,0.0027,1.0,0.0
finbert_pca50,RandomForest,BlackConcentration,0.2,12,2,PPR,0.0018,1.0,0.0
finbert_pca50,RandomForest,BlackConcentration,0.2,12,2,AUC,0.0127,,
finbert_pca50,RandomForest,BlackConcentration,0.2,12,2,EO_diff,0.0144,,
finbert_pca50,RandomForest,BlackConcentration,0.3,12,2,TPR,0.0074,1.0,0.0
finbert_pca50,RandomForest,BlackConcentration,0.3,12,2,FPR,0.0004,1.0,0.0
finbert_pca50,RandomForest,BlackConcentration,0.3,12,2,PPR,0.0033,1.0,0.0
finbert_pca50,RandomForest,BlackConcentration,0.3,12,2,AUC,0.0127,,
finbert_pca50,RandomForest,BlackConcentration,0.3,12,2,EO_diff,0.0312,,
finbert_pca50,RandomForest,BlackConcentration,0.4,12,2,TPR,0.0221,1.0,0.0
finbert_pca50,RandomForest,BlackConcentration,0.4,12,2,FPR,-0.0034,0.0,0.0
finbert_pca50,RandomForest,BlackConcentration,0.4,12,2,PPR,0.003,2.0,0.0
finbert_pca50,RandomForest,BlackConcentration,0.4,12,2,AUC,0.0127,,
finbert_pca50,RandomForest,BlackConcentration,0.4,12,2,EO_diff,0.039,,
finbert_pca50,RandomForest,BlackConcentration,0.5,12,2,TPR,0.0159,1.0,0.0
finbert_pca50,RandomForest,BlackConcentration,0.5,12,2,FPR,0.009,0.0,0.0
finbert_pca50,RandomForest,BlackConcentration,0.5,12,2,PPR,0.0122,1.0,0.0
finbert_pca50,RandomForest,BlackConcentration,0.5,12,2,AUC,0.0127,,
finbert_pca50,RandomForest,BlackConcentration,0.5,12,2,EO_diff,0.0455,,
finbert_pca50,RandomForest,BlackConcentration,0.6,12,2,TPR,0.0134,1.0,0.0
finbert_pca50,RandomForest,BlackConcentration,0.6,12,2,FPR,0.0017,1.0,0.0
finbert_pca50,RandomForest,BlackConcentration,0.6,12,2,PPR,0.0047,2.0,0.0
finbert_pca50,RandomForest,BlackConcentration,0.6,12,2,AUC,0.0127,,
finbert_pca50,RandomForest,BlackConcentration,0.6,12,2,EO_diff,0.0451,,
finbert_pca50,RandomForest,BlackConcentration,0.7,12,2,TPR,0.0023,0.0,0.0
finbert_pca50,RandomForest,BlackConcentration,0.7,12,2,FPR,-0.001,0.0,0.0
finbert_pca50,RandomForest,BlackConcentration,0.7,12,2,PPR,-0.0001,0.0,0.0
finbert_pca50,RandomForest,BlackConcentration,0.7,12,2,AUC,0.0127,,
finbert_pca50,RandomForest,BlackConcentration,0.7,12,2,EO_diff,0.0119,,
finbert_pca50,RandomForest,BlackConcentration,0.8,12,2,TPR,0.0003,0.0,0.0
finbert_pca50,RandomForest,BlackConcentration,0.8,12,2,FPR,0.0,0.0,0.0
finbert_pca50,RandomForest,BlackConcentration,0.8,12,2,PPR,0.0001,0.0,0.0
finbert_pca50,RandomForest,BlackConcentration,0.8,12,2,AUC,0.0127,,
finbert_pca50,RandomForest,BlackConcentration,0.8,12,2,EO_diff,0.0003,,
finbert_pca50,RandomForest,BlackConcentration,0.9,12,2,TPR,0.0,0.0,0.0
finbert_pca50,RandomForest,BlackConcentration,0.9,12,2,FPR,0.0,0.0,0.0
finbert_pca50,RandomForest,BlackConcentration,0.9,12,2,PPR,0.0,0.0,0.0
finbert_pca50,RandomForest,BlackConcentration,0.9,12,2,AUC,0.0127,,
finbert_pca50,RandomForest,BlackConcentration,0.9,12,2,EO_diff,0.0,,
finbert_pca50,RandomForest,ForeignBornConcentration,0.2,9,5,TPR,-0.0087,0.0,0.0
finbert_pca50,RandomForest,ForeignBornConcentration,0.2,9,5,FPR,-0.0286,6.0,6.0
finbert_pca50,RandomForest,ForeignBornConcentration,0.2,9,5,PPR,-0.0261,6.0,6.0
finbert_pca50,RandomForest,ForeignBornConcentration,0.2,9,5,AUC,-0.0061,,
finbert_pca50,RandomForest,ForeignBornConcentration,0.2,9,5,EO_diff,0.0336,,
finbert_pca50,RandomForest,ForeignBornConcentration,0.3,9,5,TPR,-0.0301,2.0,0.0
finbert_pca50,RandomForest,ForeignBornConcentration,0.3,9,5,FPR,-0.0422,5.0,5.0
finbert_pca50,RandomForest,ForeignBornConcentration,0.3,9,5,PPR,-0.0419,5.0,5.0
finbert_pca50,RandomForest,ForeignBornConcentration,0.3,9,5,AUC,-0.0061,,
finbert_pca50,RandomForest,ForeignBornConcentration,0.3,9,5,EO_diff,0.0617,,
finbert_pca50,RandomForest,ForeignBornConcentration,0.4,9,5,TPR,-0.059,2.0,0.0
finbert_pca50,RandomForest,ForeignBornConcentration,0.4,9,5,FPR,-0.0417,5.0,5.0
finbert_pca50,RandomForest,ForeignBornConcentration,0.4,9,5,PPR,-0.0457,5.0,5.0
finbert_pca50,RandomForest,ForeignBornConcentration,0.4,9,5,AUC,-0.0061,,
finbert_pca50,RandomForest,ForeignBornConcentration,0.4,9,5,EO_diff,0.086,,
finbert_pca50,RandomForest,ForeignBornConcentration,0.5,9,5,TPR,-0.0559,4.0,0.0
finbert_pca50,RandomForest,ForeignBornConcentration,0.5,9,5,FPR,-0.0397,5.0,5.0
finbert_pca50,RandomForest,ForeignBornConcentration,0.5,9,5,PPR,-0.0431,7.0,5.0
finbert_pca50,RandomForest,ForeignBornConcentration,0.5,9,5,AUC,-0.0061,,
finbert_pca50,RandomForest,ForeignBornConcentration,0.5,9,5,EO_diff,0.0834,,
finbert_pca50,RandomForest,ForeignBornConcentration,0.6,9,5,TPR,-0.0451,2.0,1.0
finbert_pca50,RandomForest,ForeignBornConcentration,0.6,9,5,FPR,-0.0128,3.0,3.0
finbert_pca50,RandomForest,ForeignBornConcentration,0.6,9,5,PPR,-0.0189,4.0,4.0
finbert_pca50,RandomForest,ForeignBornConcentration,0.6,9,5,AUC,-0.0061,,
finbert_pca50,RandomForest,ForeignBornConcentration,0.6,9,5,EO_diff,0.0538,,
finbert_pca50,RandomForest,ForeignBornConcentration,0.7,9,5,TPR,-0.0116,3.0,1.0
finbert_pca50,RandomForest,ForeignBornConcentration,0.7,9,5,FPR,-0.0056,2.0,0.0
finbert_pca50,RandomForest,ForeignBornConcentration,0.7,9,5,PPR,-0.0065,3.0,2.0
finbert_pca50,RandomForest,ForeignBornConcentration,0.7,9,5,AUC,-0.0061,,
finbert_pca50,RandomForest,ForeignBornConcentration,0.7,9,5,EO_diff,0.0259,,
finbert_pca50,RandomForest,ForeignBornConcentration,0.8,9,5,TPR,-0.0006,1.0,1.0
finbert_pca50,RandomForest,ForeignBornConcentration,0.8,9,5,FPR,-0.0001,1.0,1.0
finbert_pca50,RandomForest,ForeignBornConcentration,0.8,9,5,PPR,-0.0001,2.0,2.0
finbert_pca50,RandomForest,ForeignBornConcentration,0.8,9,5,AUC,-0.0061,,
finbert_pca50,RandomForest,ForeignBornConcentration,0.8,9,5,EO_diff,0.0007,,
finbert_pca50,RandomForest,ForeignBornConcentration,0.9,9,5,TPR,0.0,0.0,0.0
finbert_pca50,RandomForest,ForeignBornConcentration,0.9,9,5,FPR,0.0,0.0,0.0
finbert_pca50,RandomForest,ForeignBornConcentration,0.9,9,5,PPR,0.0,0.0,0.0
finbert_pca50,RandomForest,ForeignBornConcentration,0.9,9,5,AUC,-0.0061,,
finbert_pca50,RandomForest,ForeignBornConcentration,0.9,9,5,EO_diff,0.0,,
finbert_pca50,RandomForest,HispanicConcentration,0.2,10,4,TPR,-0.0087,0.0,0.0
finbert_pca50,RandomForest,HispanicConcentration,0.2,10,4,FPR,-0.0147,2.0,2.0
finbert_pca50,RandomForest,HispanicConcentration,0.2,10,4,PPR,-0.0142,3.0,2.0
finbert_pca50,RandomForest,HispanicConcentration,0.2,10,4,AUC,-0.0111,,
finbert_pca50,RandomForest,HispanicConcentration,0.2,10,4,EO_diff,0.0196,,
finbert_pca50,RandomForest,HispanicConcentration,0.3,10,4,TPR,-0.0308,1.0,1.0
finbert_pca50,RandomForest,HispanicConcentration,0.3,10,4,FPR,-0.0312,4.0,4.0
finbert_pca50,RandomForest,HispanicConcentration,0.3,10,4,PPR,-0.0322,5.0,4.0
finbert_pca50,RandomForest,HispanicConcentration,0.3,10,4,AUC,-0.0111,,
finbert_pca50,RandomForest,HispanicConcentration,0.3,10,4,EO_diff,0.0558,,
finbert_pca50,RandomForest,HispanicConcentration,0.4,10,4,TPR,-0.0534,1.0,0.0
finbert_pca50,RandomForest,HispanicConcentration,0.4,10,4,FPR,-0.0312,4.0,3.0
finbert_pca50,RandomForest,HispanicConcentration,0.4,10,4,PPR,-0.0355,5.0,5.0
finbert_pca50,RandomForest,HispanicConcentration,0.4,10,4,AUC,-0.0111,,
finbert_pca50,RandomForest,HispanicConcentration,0.4,10,4,EO_diff,0.0653,,
finbert_pca50,RandomForest,HispanicConcentration,0.5,10,4,TPR,-0.0445,3.0,3.0
finbert_pca50,RandomForest,HispanicConcentration,0.5,10,4,FPR,-0.0273,5.0,4.0
finbert_pca50,RandomForest,HispanicConcentration,0.5,10,4,PPR,-0.0305,5.0,5.0
finbert_pca50,RandomForest,HispanicConcentration,0.5,10,4,AUC,-0.0111,,
finbert_pca50,RandomForest,HispanicConcentration,0.5,10,4,EO_diff,0.0659,,
finbert_pca50,RandomForest,HispanicConcentration,0.6,10,4,TPR,-0.0287,1.0,0.0
finbert_pca50,RandomForest,HispanicConcentration,0.6,10,4,FPR,-0.0097,3.0,2.0
finbert_pca50,RandomForest,HispanicConcentration,0.6,10,4,PPR,-0.0134,5.0,4.0
finbert_pca50,RandomForest,HispanicConcentration,0.6,10,4,AUC,-0.0111,,
finbert_pca50,RandomForest,HispanicConcentration,0.6,10,4,EO_diff,0.0483,,
finbert_pca50,RandomForest,HispanicConcentration,0.7,10,4,TPR,-0.0097,3.0,0.0
finbert_pca50,RandomForest,HispanicConcentration,0.7,10,4,FPR,-0.004,2.0,1.0
finbert_pca50,RandomForest,HispanicConcentration,0.7,10,4,PPR,-0.0048,4.0,1.0
finbert_pca50,RandomForest,HispanicConcentration,0.7,10,4,AUC,-0.0111,,
finbert_pca50,RandomForest,HispanicConcentration,0.7,10,4,EO_diff,0.0232,,
finbert_pca50,RandomForest,HispanicConcentration,0.8,10,4,TPR,-0.0004,1.0,1.0
finbert_pca50,RandomForest,HispanicConcentration,0.8,10,4,FPR,-0.0,1.0,0.0
finbert_pca50,RandomForest,HispanicConcentration,0.8,10,4,PPR,-0.0001,2.0,0.0
finbert_pca50,RandomForest,HispanicConcentration,0.8,10,4,AUC,-0.0111,,
finbert_pca50,RandomForest,HispanicConcentration,0.8,10,4,EO_diff,0.0005,,
finbert_pca50,RandomForest,HispanicConcentration,0.9,10,4,TPR,0.0,0.0,0.0
finbert_pca50,RandomForest,HispanicConcentration,0.9,10,4,FPR,0.0,0.0,0.0
finbert_pca50,RandomForest,HispanicConcentration,0.9,10,4,PPR,0.0,0.0,0.0
finbert_pca50,RandomForest,HispanicConcentration,0.9,10,4,AUC,-0.0111,,
finbert_pca50,RandomForest,HispanicConcentration,0.9,10,4,EO_diff,0.0,,
finbert_pca50,RandomForest,LimitedEnglishConcentration,0.2,9,5,TPR,-0.0049,0.0,0.0
finbert_pca50,RandomForest,LimitedEnglishConcentration,0.2,9,5,FPR,-0.022,4.0,4.0
finbert_pca50,RandomForest,LimitedEnglishConcentration,0.2,9,5,PPR,-0.0197,5.0,4.0
finbert_pca50,RandomForest,LimitedEnglishConcentration,0.2,9,5,AUC,-0.0037,,
finbert_pca50,RandomForest,LimitedEnglishConcentration,0.2,9,5,EO_diff,0.0248,,
finbert_pca50,RandomForest,LimitedEnglishConcentration,0.3,9,5,TPR,-0.0246,1.0,0.0
finbert_pca50,RandomForest,LimitedEnglishConcentration,0.3,9,5,FPR,-0.0401,4.0,4.0
finbert_pca50,RandomForest,LimitedEnglishConcentration,0.3,9,5,PPR,-0.0386,4.0,4.0
finbert_pca50,RandomForest,LimitedEnglishConcentration,0.3,9,5,AUC,-0.0037,,
finbert_pca50,RandomForest,LimitedEnglishConcentration,0.3,9,5,EO_diff,0.0552,,
finbert_pca50,RandomForest,LimitedEnglishConcentration,0.4,9,5,TPR,-0.0476,0.0,0.0
finbert_pca50,RandomForest,LimitedEnglishConcentration,0.4,9,5,FPR,-0.0412,6.0,6.0
finbert_pca50,RandomForest,LimitedEnglishConcentration,0.4,9,5,PPR,-0.0425,6.0,6.0
finbert_pca50,RandomForest,LimitedEnglishConcentration,0.4,9,5,AUC,-0.0037,,
finbert_pca50,RandomForest,LimitedEnglishConcentration,0.4,9,5,EO_diff,0.0682,,
finbert_pca50,RandomForest,LimitedEnglishConcentration,0.5,9,5,TPR,-0.0555,3.0,0.0
finbert_pca50,RandomForest,LimitedEnglishConcentration,0.5,9,5,FPR,-0.0388,5.0,4.0
finbert_pca50,RandomForest,LimitedEnglishConcentration,0.5,9,5,PPR,-0.0416,7.0,6.0
finbert_pca50,RandomForest,LimitedEnglishConcentration,0.5,9,5,AUC,-0.0037,,
finbert_pca50,RandomForest,LimitedEnglishConcentration,0.5,9,5,EO_diff,0.0714,,
finbert_pca50,RandomForest,LimitedEnglishConcentration,0.6,9,5,TPR,-0.0371,1.0,0.0
finbert_pca50,RandomForest,LimitedEnglishConcentration,0.6,9,5,FPR,-0.0124,1.0,1.0
finbert_pca50,RandomForest,LimitedEnglishConcentration,0.6,9,5,PPR,-0.0165,3.0,2.0
finbert_pca50,RandomForest,LimitedEnglishConcentration,0.6,9,5,AUC,-0.0037,,
finbert_pca50,RandomForest,LimitedEnglishConcentration,0.6,9,5,EO_diff,0.0422,,
finbert_pca50,RandomForest,LimitedEnglishConcentration,0.7,9,5,TPR,-0.0031,0.0,0.0
finbert_pca50,RandomForest,LimitedEnglishConcentration,0.7,9,5,FPR,-0.0053,2.0,0.0
finbert_pca50,RandomForest,LimitedEnglishConcentration,0.7,9,5,PPR,-0.005,2.0,1.0
finbert_pca50,RandomForest,LimitedEnglishConcentration,0.7,9,5,AUC,-0.0037,,
finbert_pca50,RandomForest,LimitedEnglishConcentration,0.7,9,5,EO_diff,0.015,,
finbert_pca50,RandomForest,LimitedEnglishConcentration,0.8,9,5,TPR,0.0001,0.0,0.0
finbert_pca50,RandomForest,LimitedEnglishConcentration,0.8,9,5,FPR,-0.0,1.0,0.0
finbert_pca50,RandomForest,LimitedEnglishConcentration,0.8,9,5,PPR,-0.0,1.0,0.0
finbert_pca50,RandomForest,LimitedEnglishConcentration,0.8,9,5,AUC,-0.0037,,
finbert_pca50,RandomForest,LimitedEnglishConcentration,0.8,9,5,EO_diff,0.0002,,
finbert_pca50,RandomForest,LimitedEnglishConcentration,0.9,9,5,TPR,0.0,0.0,0.0
finbert_pca50,RandomForest,LimitedEnglishConcentration,0.9,9,5,FPR,0.0,0.0,0.0
finbert_pca50,RandomForest,LimitedEnglishConcentration,0.9,9,5,PPR,0.0,0.0,0.0
finbert_pca50,RandomForest,LimitedEnglishConcentration,0.9,9,5,AUC,-0.0037,,
finbert_pca50,RandomForest,LimitedEnglishConcentration,0.9,9,5,EO_diff,0.0,,
finbert_pca50,RandomForest,SES_group,0.2,14,0,TPR,-0.0128,2.0,0.0
finbert_pca50,RandomForest,SES_group,0.2,14,0,FPR,0.0256,7.0,6.0
finbert_pca50,RandomForest,SES_group,0.2,14,0,PPR,0.0225,6.0,6.0
finbert_pca50,RandomForest,SES_group,0.2,14,0,AUC,-0.0106,,
finbert_pca50,RandomForest,SES_group,0.2,14,0,EO_diff,0.0388,,
finbert_pca50,RandomForest,SES_group,0.3,14,0,TPR,0.0009,2.0,0.0
finbert_pca50,RandomForest,SES_group,0.3,14,0,FPR,0.0399,6.0,6.0
finbert_pca50,RandomForest,SES_group,0.3,14,0,PPR,0.0393,6.0,6.0
finbert_pca50,RandomForest,SES_group,0.3,14,0,AUC,-0.0106,,
finbert_pca50,RandomForest,SES_group,0.3,14,0,EO_diff,0.0594,,
finbert_pca50,RandomForest,SES_group,0.4,14,0,TPR,0.025,3.0,0.0
finbert_pca50,RandomForest,SES_group,0.4,14,0,FPR,0.0303,7.0,5.0
finbert_pca50,RandomForest,SES_group,0.4,14,0,PPR,0.0361,8.0,5.0
finbert_pca50,RandomForest,SES_group,0.4,14,0,AUC,-0.0106,,
finbert_pca50,RandomForest,SES_group,0.4,14,0,EO_diff,0.0562,,
finbert_pca50,RandomForest,SES_group,0.5,14,0,TPR,0.033,3.0,1.0
finbert_pca50,RandomForest,SES_group,0.5,14,0,FPR,0.0175,4.0,3.0
finbert_pca50,RandomForest,SES_group,0.5,14,0,PPR,0.0238,5.0,5.0
finbert_pca50,RandomForest,SES_group,0.5,14,0,AUC,-0.0106,,
finbert_pca50,RandomForest,SES_group,0.5,14,0,EO_diff,0.0628,,
finbert_pca50,RandomForest,SES_group,0.6,14,0,TPR,0.0129,2.0,2.0
finbert_pca50,RandomForest,SES_group,0.6,14,0,FPR,0.0094,3.0,3.0
finbert_pca50,RandomForest,SES_group,0.6,14,0,PPR,0.0117,6.0,6.0
finbert_pca50,RandomForest,SES_group,0.6,14,0,AUC,-0.0106,,
finbert_pca50,RandomForest,SES_group,0.6,14,0,EO_diff,0.0447,,
finbert_pca50,RandomForest,SES_group,0.7,14,0,TPR,0.0078,1.0,0.0
finbert_pca50,RandomForest,SES_group,0.7,14,0,FPR,0.0006,2.0,0.0
finbert_pca50,RandomForest,SES_group,0.7,14,0,PPR,0.0021,1.0,1.0
finbert_pca50,RandomForest,SES_group,0.7,14,0,AUC,-0.0106,,
finbert_pca50,RandomForest,SES_group,0.7,14,0,EO_diff,0.0095,,
finbert_pca50,RandomForest,SES_group,0.8,14,0,TPR,0.0003,0.0,0.0
finbert_pca50,RandomForest,SES_group,0.8,14,0,FPR,-0.0,0.0,0.0
finbert_pca50,RandomForest,SES_group,0.8,14,0,PPR,0.0,0.0,0.0
finbert_pca50,RandomForest,SES_group,0.8,14,0,AUC,-0.0106,,
finbert_pca50,RandomForest,SES_group,0.8,14,0,EO_diff,0.0003,,
finbert_pca50,RandomForest,SES_group,0.9,14,0,TPR,0.0,0.0,0.0
finbert_pca50,RandomForest,SES_group,0.9,14,0,FPR,0.0,0.0,0.0
finbert_pca50,RandomForest,SES_group,0.9,14,0,PPR,0.0,0.0,0.0
finbert_pca50,RandomForest,SES_group,0.9,14,0,AUC,-0.0106,,
finbert_pca50,RandomForest,SES_group,0.9,14,0,EO_diff,0.0,,
finbert_pca50,RandomForest,WhiteConcentration,0.2,10,4,TPR,0.0103,0.0,0.0
finbert_pca50,RandomForest,WhiteConcentration,0.2,10,4,FPR,0.0101,2.0,1.0
finbert_pca50,RandomForest,WhiteConcentration,0.2,10,4,PPR,0.0096,2.0,1.0
finbert_pca50,RandomForest,WhiteConcentration,0.2,10,4,AUC,-0.0123,,
finbert_pca50,RandomForest,WhiteConcentration,0.2,10,4,EO_diff,0.0158,,
finbert_pca50,RandomForest,WhiteConcentration,0.3,10,4,TPR,0.0028,0.0,0.0
finbert_pca50,RandomForest,WhiteConcentration,0.3,10,4,FPR,0.0154,3.0,0.0
finbert_pca50,RandomForest,WhiteConcentration,0.3,10,4,PPR,0.0126,3.0,0.0
finbert_pca50,RandomForest,WhiteConcentration,0.3,10,4,AUC,-0.0123,,
finbert_pca50,RandomForest,WhiteConcentration,0.3,10,4,EO_diff,0.0277,,
finbert_pca50,RandomForest,WhiteConcentration,0.4,10,4,TPR,0.003,0.0,0.0
finbert_pca50,RandomForest,WhiteConcentration,0.4,10,4,FPR,0.0275,3.0,0.0
finbert_pca50,RandomForest,WhiteConcentration,0.4,10,4,PPR,0.0217,4.0,0.0
finbert_pca50,RandomForest,WhiteConcentration,0.4,10,4,AUC,-0.0123,,
finbert_pca50,RandomForest,WhiteConcentration,0.4,10,4,EO_diff,0.0436,,
finbert_pca50,RandomForest,WhiteConcentration,0.5,10,4,TPR,0.0058,0.0,0.0
finbert_pca50,RandomForest,WhiteConcentration,0.5,10,4,FPR,0.0256,2.0,0.0
finbert_pca50,RandomForest,WhiteConcentration,0.5,10,4,PPR,0.021,3.0,3.0
finbert_pca50,RandomForest,WhiteConcentration,0.5,10,4,AUC,-0.0123,,
finbert_pca50,RandomForest,WhiteConcentration,0.5,10,4,EO_diff,0.053,,
finbert_pca50,RandomForest,WhiteConcentration,0.6,10,4,TPR,0.0178,0.0,0.0
finbert_pca50,RandomForest,WhiteConcentration,0.6,10,4,FPR,0.0091,2.0,1.0
finbert_pca50,RandomForest,WhiteConcentration,0.6,10,4,PPR,0.0101,2.0,1.0
finbert_pca50,RandomForest,WhiteConcentration,0.6,10,4,AUC,-0.0123,,
finbert_pca50,RandomForest,WhiteConcentration,0.6,10,4,EO_diff,0.0424,,
finbert_pca50,RandomForest,WhiteConcentration,0.7,10,4,TPR,0.008,2.0,1.0
finbert_pca50,RandomForest,WhiteConcentration,0.7,10,4,FPR,0.0034,1.0,0.0
finbert_pca50,RandomForest,WhiteConcentration,0.7,10,4,PPR,0.004,1.0,0.0
finbert_pca50,RandomForest,WhiteConcentration,0.7,10,4,AUC,-0.0123,,
finbert_pca50,RandomForest,WhiteConcentration,0.7,10,4,EO_diff,0.019,,
finbert_pca50,RandomForest,WhiteConcentration,0.8,10,4,TPR,0.0009,1.0,0.0
finbert_pca50,RandomForest,WhiteConcentration,0.8,10,4,FPR,0.0,0.0,0.0
finbert_pca50,RandomForest,WhiteConcentration,0.8,10,4,PPR,0.0002,0.0,0.0
finbert_pca50,RandomForest,WhiteConcentration,0.8,10,4,AUC,-0.0123,,
finbert_pca50,RandomForest,WhiteConcentration,0.8,10,4,EO_diff,0.001,,
finbert_pca50,RandomForest,WhiteConcentration,0.9,10,4,TPR,0.0,0.0,0.0
finbert_pca50,RandomForest,WhiteConcentration,0.9,10,4,FPR,0.0,0.0,0.0
finbert_pca50,RandomForest,WhiteConcentration,0.9,10,4,PPR,0.0,0.0,0.0
finbert_pca50,RandomForest,WhiteConcentration,0.9,10,4,AUC,-0.0123,,
finbert_pca50,RandomForest,WhiteConcentration,0.9,10,4,EO_diff,0.0,,
finbert_pca50,XGBoost,AsianConcentration,0.2,7,7,TPR,-0.0081,0.0,0.0
finbert_pca50,XGBoost,AsianConcentration,0.2,7,7,FPR,-0.0274,5.0,5.0
finbert_pca50,XGBoost,AsianConcentration,0.2,7,7,PPR,-0.025,5.0,5.0
finbert_pca50,XGBoost,AsianConcentration,0.2,7,7,AUC,0.0109,,
finbert_pca50,XGBoost,AsianConcentration,0.2,7,7,EO_diff,0.029,,
finbert_pca50,XGBoost,AsianConcentration,0.3,7,7,TPR,-0.0206,1.0,0.0
finbert_pca50,XGBoost,AsianConcentration,0.3,7,7,FPR,-0.0519,5.0,5.0
finbert_pca50,XGBoost,AsianConcentration,0.3,7,7,PPR,-0.0488,5.0,5.0
finbert_pca50,XGBoost,AsianConcentration,0.3,7,7,AUC,0.0109,,
finbert_pca50,XGBoost,AsianConcentration,0.3,7,7,EO_diff,0.0627,,
finbert_pca50,XGBoost,AsianConcentration,0.4,7,7,TPR,-0.0334,1.0,1.0
finbert_pca50,XGBoost,AsianConcentration,0.4,7,7,FPR,-0.0692,6.0,6.0
finbert_pca50,XGBoost,AsianConcentration,0.4,7,7,PPR,-0.066,6.0,6.0
finbert_pca50,XGBoost,AsianConcentration,0.4,7,7,AUC,0.0109,,
finbert_pca50,XGBoost,AsianConcentration,0.4,7,7,EO_diff,0.0772,,
finbert_pca50,XGBoost,AsianConcentration,0.5,7,7,TPR,-0.0311,1.0,1.0
finbert_pca50,XGBoost,AsianConcentration,0.5,7,7,FPR,-0.0552,6.0,6.0
finbert_pca50,XGBoost,AsianConcentration,0.5,7,7,PPR,-0.0537,6.0,6.0
finbert_pca50,XGBoost,AsianConcentration,0.5,7,7,AUC,0.0109,,
finbert_pca50,XGBoost,AsianConcentration,0.5,7,7,EO_diff,0.07,,
finbert_pca50,XGBoost,AsianConcentration,0.6,7,7,TPR,-0.0425,1.0,1.0
finbert_pca50,XGBoost,AsianConcentration,0.6,7,7,FPR,-0.0442,6.0,6.0
finbert_pca50,XGBoost,AsianConcentration,0.6,7,7,PPR,-0.0452,6.0,6.0
finbert_pca50,XGBoost,AsianConcentration,0.6,7,7,AUC,0.0109,,
finbert_pca50,XGBoost,AsianConcentration,0.6,7,7,EO_diff,0.0723,,
finbert_pca50,XGBoost,AsianConcentration,0.7,7,7,TPR,-0.0419,2.0,2.0
finbert_pca50,XGBoost,AsianConcentration,0.7,7,7,FPR,-0.0178,2.0,2.0
finbert_pca50,XGBoost,AsianConcentration,0.7,7,7,PPR,-0.0225,3.0,2.0
finbert_pca50,XGBoost,AsianConcentration,0.7,7,7,AUC,0.0109,,
finbert_pca50,XGBoost,AsianConcentration,0.7,7,7,EO_diff,0.0484,,
finbert_pca50,XGBoost,AsianConcentration,0.8,7,7,TPR,0.0001,0.0,0.0
finbert_pca50,XGBoost,AsianConcentration,0.8,7,7,FPR,-0.0033,1.0,0.0
finbert_pca50,XGBoost,AsianConcentration,0.8,7,7,PPR,-0.0029,0.0,0.0
finbert_pca50,XGBoost,AsianConcentration,0.8,7,7,AUC,0.0109,,
finbert_pca50,XGBoost,AsianConcentration,0.8,7,7,EO_diff,0.0159,,
finbert_pca50,XGBoost,AsianConcentration,0.9,7,7,TPR,0.0001,0.0,0.0
finbert_pca50,XGBoost,AsianConcentration,0.9,7,7,FPR,0.0,0.0,0.0
finbert_pca50,XGBoost,AsianConcentration,0.9,7,7,PPR,0.0,0.0,0.0
finbert_pca50,XGBoost,AsianConcentration,0.9,7,7,AUC,0.0109,,
finbert_pca50,XGBoost,AsianConcentration,0.9,7,7,EO_diff,0.0001,,
finbert_pca50,XGBoost,BlackConcentration,0.2,12,2,TPR,-0.0033,0.0,0.0
finbert_pca50,XGBoost,BlackConcentration,0.2,12,2,FPR,-0.0005,0.0,0.0
finbert_pca50,XGBoost,BlackConcentration,0.2,12,2,PPR,-0.0004,1.0,0.0
finbert_pca50,XGBoost,BlackConcentration,0.2,12,2,AUC,0.0151,,
finbert_pca50,XGBoost,BlackConcentration,0.2,12,2,EO_diff,0.0168,,
finbert_pca50,XGBoost,BlackConcentration,0.3,12,2,TPR,0.0037,0.0,0.0
finbert_pca50,XGBoost,BlackConcentration,0.3,12,2,FPR,-0.0061,3.0,0.0
finbert_pca50,XGBoost,BlackConcentration,0.3,12,2,PPR,-0.0031,3.0,0.0
finbert_pca50,XGBoost,BlackConcentration,0.3,12,2,AUC,0.0151,,
finbert_pca50,XGBoost,BlackConcentration,0.3,12,2,EO_diff,0.0312,,
finbert_pca50,XGBoost,BlackConcentration,0.4,12,2,TPR,0.0092,1.0,0.0
finbert_pca50,XGBoost,BlackConcentration,0.4,12,2,FPR,-0.0085,0.0,0.0
finbert_pca50,XGBoost,BlackConcentration,0.4,12,2,PPR,-0.0036,2.0,0.0
finbert_pca50,XGBoost,BlackConcentration,0.4,12,2,AUC,0.0151,,
finbert_pca50,XGBoost,BlackConcentration,0.4,12,2,EO_diff,0.039,,
finbert_pca50,XGBoost,BlackConcentration,0.5,12,2,TPR,0.0196,1.0,1.0
finbert_pca50,XGBoost,BlackConcentration,0.5,12,2,FPR,-0.0056,2.0,0.0
finbert_pca50,XGBoost,BlackConcentration,0.5,12,2,PPR,0.0014,2.0,2.0
finbert_pca50,XGBoost,BlackConcentration,0.5,12,2,AUC,0.0151,,
finbert_pca50,XGBoost,BlackConcentration,0.5,12,2,EO_diff,0.0382,,
finbert_pca50,XGBoost,BlackConcentration,0.6,12,2,TPR,0.0435,2.0,0.0
finbert_pca50,XGBoost,BlackConcentration,0.6,12,2,FPR,-0.0017,1.0,0.0
finbert_pca50,XGBoost,BlackConcentration,0.6,12,2,PPR,0.008,2.0,2.0
finbert_pca50,XGBoost,BlackConcentration,0.6,12,2,AUC,0.0151,,
finbert_pca50,XGBoost,BlackConcentration,0.6,12,2,EO_diff,0.0574,,
finbert_pca50,XGBoost,BlackConcentration,0.7,12,2,TPR,0.0276,2.0,0.0
finbert_pca50,XGBoost,BlackConcentration,0.7,12,2,FPR,0.0062,1.0,0.0
finbert_pca50,XGBoost,BlackConcentration,0.7,12,2,PPR,0.0112,4.0,3.0
finbert_pca50,XGBoost,BlackConcentration,0.7,12,2,AUC,0.0151,,
finbert_pca50,XGBoost,BlackConcentration,0.7,12,2,EO_diff,0.0373,,
finbert_pca50,XGBoost,BlackConcentration,0.8,12,2,TPR,0.0039,2.0,0.0
finbert_pca50,XGBoost,BlackConcentration,0.8,12,2,FPR,-0.0017,0.0,0.0
finbert_pca50,XGBoost,BlackConcentration,0.8,12,2,PPR,-0.0006,1.0,1.0
finbert_pca50,XGBoost,BlackConcentration,0.8,12,2,AUC,0.0151,,
finbert_pca50,XGBoost,BlackConcentration,0.8,12,2,EO_diff,0.0154,,
finbert_pca50,XGBoost,BlackConcentration,0.9,12,2,TPR,0.0001,0.0,0.0
finbert_pca50,XGBoost,BlackConcentration,0.9,12,2,FPR,0.0002,0.0,0.0
finbert_pca50,XGBoost,BlackConcentration,0.9,12,2,PPR,0.0002,0.0,0.0
finbert_pca50,XGBoost,BlackConcentration,0.9,12,2,AUC,0.0151,,
finbert_pca50,XGBoost,BlackConcentration,0.9,12,2,EO_diff,0.0003,,
finbert_pca50,XGBoost,ForeignBornConcentration,0.2,9,5,TPR,-0.0091,0.0,0.0
finbert_pca50,XGBoost,ForeignBornConcentration,0.2,9,5,FPR,-0.0229,6.0,6.0
finbert_pca50,XGBoost,ForeignBornConcentration,0.2,9,5,PPR,-0.0214,6.0,6.0
finbert_pca50,XGBoost,ForeignBornConcentration,0.2,9,5,AUC,-0.0008,,
finbert_pca50,XGBoost,ForeignBornConcentration,0.2,9,5,EO_diff,0.0278,,
finbert_pca50,XGBoost,ForeignBornConcentration,0.3,9,5,TPR,-0.0194,1.0,0.0
finbert_pca50,XGBoost,ForeignBornConcentration,0.3,9,5,FPR,-0.0449,6.0,6.0
finbert_pca50,XGBoost,ForeignBornConcentration,0.3,9,5,PPR,-0.0424,6.0,5.0
finbert_pca50,XGBoost,ForeignBornConcentration,0.3,9,5,AUC,-0.0008,,
finbert_pca50,XGBoost,ForeignBornConcentration,0.3,9,5,EO_diff,0.0542,,
finbert_pca50,XGBoost,ForeignBornConcentration,0.4,9,5,TPR,-0.0345,0.0,0.0
finbert_pca50,XGBoost,ForeignBornConcentration,0.4,9,5,FPR,-0.0551,6.0,6.0
finbert_pca50,XGBoost,ForeignBornConcentration,0.4,9,5,PPR,-0.0532,6.0,6.0
finbert_pca50,XGBoost,ForeignBornConcentration,0.4,9,5,AUC,-0.0008,,
finbert_pca50,XGBoost,ForeignBornConcentration,0.4,9,5,EO_diff,0.0717,,
finbert_pca50,XGBoost,ForeignBornConcentration,0.5,9,5,TPR,-0.0397,1.0,1.0
finbert_pca50,XGBoost,ForeignBornConcentration,0.5,9,5,FPR,-0.0405,5.0,5.0
finbert_pca50,XGBoost,ForeignBornConcentration,0.5,9,5,PPR,-0.0419,5.0,5.0
finbert_pca50,XGBoost,ForeignBornConcentration,0.5,9,5,AUC,-0.0008,,
finbert_pca50,XGBoost,ForeignBornConcentration,0.5,9,5,EO_diff,0.0707,,
finbert_pca50,XGBoost,ForeignBornConcentration,0.6,9,5,TPR,-0.0607,2.0,0.0
finbert_pca50,XGBoost,ForeignBornConcentration,0.6,9,5,FPR,-0.0467,7.0,7.0
finbert_pca50,XGBoost,ForeignBornConcentration,0.6,9,5,PPR,-0.0503,7.0,7.0
finbert_pca50,XGBoost,ForeignBornConcentration,0.6,9,5,AUC,-0.0008,,
finbert_pca50,XGBoost,ForeignBornConcentration,0.6,9,5,EO_diff,0.0751,,
finbert_pca50,XGBoost,ForeignBornConcentration,0.7,9,5,TPR,-0.0691,5.0,2.0
finbert_pca50,XGBoost,ForeignBornConcentration,0.7,9,5,FPR,-0.0203,4.0,4.0
finbert_pca50,XGBoost,ForeignBornConcentration,0.7,9,5,PPR,-0.0288,6.0,5.0
finbert_pca50,XGBoost,ForeignBornConcentration,0.7,9,5,AUC,-0.0008,,
finbert_pca50,XGBoost,ForeignBornConcentration,0.7,9,5,EO_diff,0.074,,
finbert_pca50,XGBoost,ForeignBornConcentration,0.8,9,5,TPR,-0.0113,2.0,0.0
finbert_pca50,XGBoost,ForeignBornConcentration,0.8,9,5,FPR,-0.0025,0.0,0.0
finbert_pca50,XGBoost,ForeignBornConcentration,0.8,9,5,PPR,-0.0041,1.0,0.0
finbert_pca50,XGBoost,ForeignBornConcentration,0.8,9,5,AUC,-0.0008,,
finbert_pca50,XGBoost,ForeignBornConcentration,0.8,9,5,EO_diff,0.0178,,
finbert_pca50,XGBoost,ForeignBornConcentration,0.9,9,5,TPR,0.0,0.0,0.0
finbert_pca50,XGBoost,ForeignBornConcentration,0.9,9,5,FPR,0.0,0.0,0.0
finbert_pca50,XGBoost,ForeignBornConcentration,0.9,9,5,PPR,0.0,0.0,0.0
finbert_pca50,XGBoost,ForeignBornConcentration,0.9,9,5,AUC,-0.0008,,
finbert_pca50,XGBoost,ForeignBornConcentration,0.9,9,5,EO_diff,0.0,,
finbert_pca50,XGBoost,HispanicConcentration,0.2,10,4,TPR,-0.0087,1.0,0.0
finbert_pca50,XGBoost,HispanicConcentration,0.2,10,4,FPR,-0.0142,4.0,2.0
finbert_pca50,XGBoost,HispanicConcentration,0.2,10,4,PPR,-0.0138,4.0,2.0
finbert_pca50,XGBoost,HispanicConcentration,0.2,10,4,AUC,-0.0079,,
finbert_pca50,XGBoost,HispanicConcentration,0.2,10,4,EO_diff,0.0202,,
finbert_pca50,XGBoost,HispanicConcentration,0.3,10,4,TPR,-0.0193,0.0,0.0
finbert_pca50,XGBoost,HispanicConcentration,0.3,10,4,FPR,-0.0335,5.0,5.0
finbert_pca50,XGBoost,HispanicConcentration,0.3,10,4,PPR,-0.0322,5.0,5.0
finbert_pca50,XGBoost,HispanicConcentration,0.3,10,4,AUC,-0.0079,,
finbert_pca50,XGBoost,HispanicConcentration,0.3,10,4,EO_diff,0.0434,,
finbert_pca50,XGBoost,HispanicConcentration,0.4,10,4,TPR,-0.0346,1.0,0.0
finbert_pca50,XGBoost,HispanicConcentration,0.4,10,4,FPR,-0.0389,5.0,5.0
finbert_pca50,XGBoost,HispanicConcentration,0.4,10,4,PPR,-0.0396,5.0,5.0
finbert_pca50,XGBoost,HispanicConcentration,0.4,10,4,AUC,-0.0079,,
finbert_pca50,XGBoost,HispanicConcentration,0.4,10,4,EO_diff,0.0516,,
finbert_pca50,XGBoost,HispanicConcentration,0.5,10,4,TPR,-0.043,2.0,2.0
finbert_pca50,XGBoost,HispanicConcentration,0.5,10,4,FPR,-0.0324,4.0,4.0
finbert_pca50,XGBoost,HispanicConcentration,0.5,10,4,PPR,-0.0352,5.0,4.0
finbert_pca50,XGBoost,HispanicConcentration,0.5,10,4,AUC,-0.0079,,
finbert_pca50,XGBoost,HispanicConcentration,0.5,10,4,EO_diff,0.0553,,
finbert_pca50,XGBoost,HispanicConcentration,0.6,10,4,TPR,-0.0533,2.0,1.0
finbert_pca50,XGBoost,HispanicConcentration,0.6,10,4,FPR,-0.0372,4.0,4.0
finbert_pca50,XGBoost,HispanicConcentration,0.6,10,4,PPR,-0.0407,5.0,5.0
finbert_pca50,XGBoost,HispanicConcentration,0.6,10,4,AUC,-0.0079,,
finbert_pca50,XGBoost,HispanicConcentration,0.6,10,4,EO_diff,0.0644,,
finbert_pca50,XGBoost,HispanicConcentration,0.7,10,4,TPR,-0.054,4.0,2.0
finbert_pca50,XGBoost,HispanicConcentration,0.7,10,4,FPR,-0.0142,4.0,3.0
finbert_pca50,XGBoost,HispanicConcentration,0.7,10,4,PPR,-0.0211,5.0,5.0
finbert_pca50,XGBoost,HispanicConcentration,0.7,10,4,AUC,-0.0079,,
finbert_pca50,XGBoost,HispanicConcentration,0.7,10,4,EO_diff,0.0727,,
finbert_pca50,XGBoost,HispanicConcentration,0.8,10,4,TPR,-0.0078,1.0,0.0
finbert_pca50,XGBoost,HispanicConcentration,0.8,10,4,FPR,0.0004,0.0,0.0
finbert_pca50,XGBoost,HispanicConcentration,0.8,10,4,PPR,-0.001,1.0,0.0
finbert_pca50,XGBoost,HispanicConcentration,0.8,10,4,AUC,-0.0079,,
finbert_pca50,XGBoost,HispanicConcentration,0.8,10,4,EO_diff,0.0165,,
finbert_pca50,XGBoost,HispanicConcentration,0.9,10,4,TPR,0.0,0.0,0.0
finbert_pca50,XGBoost,HispanicConcentration,0.9,10,4,FPR,0.0,0.0,0.0
finbert_pca50,XGBoost,HispanicConcentration,0.9,10,4,PPR,0.0,0.0,0.0
finbert_pca50,XGBoost,HispanicConcentration,0.9,10,4,AUC,-0.0079,,
finbert_pca50,XGBoost,HispanicConcentration,0.9,10,4,EO_diff,0.0,,
finbert_pca50,XGBoost,LimitedEnglishConcentration,0.2,9,5,TPR,-0.0057,1.0,0.0
finbert_pca50,XGBoost,LimitedEnglishConcentration,0.2,9,5,FPR,-0.0152,5.0,2.0
finbert_pca50,XGBoost,LimitedEnglishConcentration,0.2,9,5,PPR,-0.0141,5.0,3.0
finbert_pca50,XGBoost,LimitedEnglishConcentration,0.2,9,5,AUC,0.0037,,
finbert_pca50,XGBoost,LimitedEnglishConcentration,0.2,9,5,EO_diff,0.0193,,
finbert_pca50,XGBoost,LimitedEnglishConcentration,0.3,9,5,TPR,-0.0153,0.0,0.0
finbert_pca50,XGBoost,LimitedEnglishConcentration,0.3,9,5,FPR,-0.044,5.0,5.0
finbert_pca50,XGBoost,LimitedEnglishConcentration,0.3,9,5,PPR,-0.0403,5.0,5.0
finbert_pca50,XGBoost,LimitedEnglishConcentration,0.3,9,5,AUC,0.0037,,
finbert_pca50,XGBoost,LimitedEnglishConcentration,0.3,9,5,EO_diff,0.051,,
finbert_pca50,XGBoost,LimitedEnglishConcentration,0.4,9,5,TPR,-0.0261,0.0,0.0
finbert_pca50,XGBoost,LimitedEnglishConcentration,0.4,9,5,FPR,-0.05,6.0,6.0
finbert_pca50,XGBoost,LimitedEnglishConcentration,0.4,9,5,PPR,-0.047,6.0,5.0
finbert_pca50,XGBoost,LimitedEnglishConcentration,0.4,9,5,AUC,0.0037,,
finbert_pca50,XGBoost,LimitedEnglishConcentration,0.4,9,5,EO_diff,0.0551,,
finbert_pca50,XGBoost,LimitedEnglishConcentration,0.5,9,5,TPR,-0.0263,1.0,0.0
finbert_pca50,XGBoost,LimitedEnglishConcentration,0.5,9,5,FPR,-0.0406,6.0,6.0
finbert_pca50,XGBoost,LimitedEnglishConcentration,0.5,9,5,PPR,-0.0388,6.0,5.0
finbert_pca50,XGBoost,LimitedEnglishConcentration,0.5,9,5,AUC,0.0037,,
finbert_pca50,XGBoost,LimitedEnglishConcentration,0.5,9,5,EO_diff,0.058,,
finbert_pca50,XGBoost,LimitedEnglishConcentration,0.6,9,5,TPR,-0.0516,2.0,0.0
finbert_pca50,XGBoost,LimitedEnglishConcentration,0.6,9,5,FPR,-0.0411,5.0,4.0
finbert_pca50,XGBoost,LimitedEnglishConcentration,0.6,9,5,PPR,-0.0434,6.0,6.0
finbert_pca50,XGBoost,LimitedEnglishConcentration,0.6,9,5,AUC,0.0037,,
finbert_pca50,XGBoost,LimitedEnglishConcentration,0.6,9,5,EO_diff,0.0651,,
finbert_pca50,XGBoost,LimitedEnglishConcentration,0.7,9,5,TPR,-0.058,1.0,0.0
finbert_pca50,XGBoost,LimitedEnglishConcentration,0.7,9,5,FPR,-0.0169,3.0,2.0
finbert_pca50,XGBoost,LimitedEnglishConcentration,0.7,9,5,PPR,-0.0237,6.0,5.0
finbert_pca50,XGBoost,LimitedEnglishConcentration,0.7,9,5,AUC,0.0037,,
finbert_pca50,XGBoost,LimitedEnglishConcentration,0.7,9,5,EO_diff,0.0618,,
finbert_pca50,XGBoost,LimitedEnglishConcentration,0.8,9,5,TPR,-0.0116,1.0,0.0
finbert_pca50,XGBoost,LimitedEnglishConcentration,0.8,9,5,FPR,-0.0017,1.0,0.0
finbert_pca50,XGBoost,LimitedEnglishConcentration,0.8,9,5,PPR,-0.0033,1.0,0.0
finbert_pca50,XGBoost,LimitedEnglishConcentration,0.8,9,5,AUC,0.0037,,
finbert_pca50,XGBoost,LimitedEnglishConcentration,0.8,9,5,EO_diff,0.0184,,
finbert_pca50,XGBoost,LimitedEnglishConcentration,0.9,9,5,TPR,0.0,0.0,0.0
finbert_pca50,XGBoost,LimitedEnglishConcentration,0.9,9,5,FPR,0.0,0.0,0.0
finbert_pca50,XGBoost,LimitedEnglishConcentration,0.9,9,5,PPR,0.0,0.0,0.0
finbert_pca50,XGBoost,LimitedEnglishConcentration,0.9,9,5,AUC,0.0037,,
finbert_pca50,XGBoost,LimitedEnglishConcentration,0.9,9,5,EO_diff,0.0,,
finbert_pca50,XGBoost,SES_group,0.2,14,0,TPR,-0.0085,0.0,0.0
finbert_pca50,XGBoost,SES_group,0.2,14,0,FPR,0.034,10.0,9.0
finbert_pca50,XGBoost,SES_group,0.2,14,0,PPR,0.0305,9.0,9.0
finbert_pca50,XGBoost,SES_group,0.2,14,0,AUC,-0.0144,,
finbert_pca50,XGBoost,SES_group,0.2,14,0,EO_diff,0.0426,,
finbert_pca50,XGBoost,SES_group,0.3,14,0,TPR,0.0065,3.0,1.0
finbert_pca50,XGBoost,SES_group,0.3,14,0,FPR,0.0581,11.0,10.0
finbert_pca50,XGBoost,SES_group,0.3,14,0,PPR,0.0552,12.0,12.0
finbert_pca50,XGBoost,SES_group,0.3,14,0,AUC,-0.0144,,
finbert_pca50,XGBoost,SES_group,0.3,14,0,EO_diff,0.0689,,
finbert_pca50,XGBoost,SES_group,0.4,14,0,TPR,0.0302,3.0,1.0
finbert_pca50,XGBoost,SES_group,0.4,14,0,FPR,0.0646,12.0,11.0
finbert_pca50,XGBoost,SES_group,0.4,14,0,PPR,0.0658,11.0,11.0
finbert_pca50,XGBoost,SES_group,0.4,14,0,AUC,-0.0144,,
finbert_pca50,XGBoost,SES_group,0.4,14,0,EO_diff,0.0909,,
finbert_pca50,XGBoost,SES_group,0.5,14,0,TPR,0.0366,2.0,0.0
finbert_pca50,XGBoost,SES_group,0.5,14,0,FPR,0.0555,11.0,9.0
finbert_pca50,XGBoost,SES_group,0.5,14,0,PPR,0.0594,10.0,10.0
finbert_pca50,XGBoost,SES_group,0.5,14,0,AUC,-0.0144,,
finbert_pca50,XGBoost,SES_group,0.5,14,0,EO_diff,0.0787,,
finbert_pca50,XGBoost,SES_group,0.6,14,0,TPR,0.0382,3.0,1.0
finbert_pca50,XGBoost,SES_group,0.6,14,0,FPR,0.0308,9.0,9.0
finbert_pca50,XGBoost,SES_group,0.6,14,0,PPR,0.0371,9.0,9.0
finbert_pca50,XGBoost,SES_group,0.6,14,0,AUC,-0.0144,,
finbert_pca50,XGBoost,SES_group,0.6,14,0,EO_diff,0.0757,,
finbert_pca50,XGBoost,SES_group,0.7,14,0,TPR,0.0441,5.0,3.0
finbert_pca50,XGBoost,SES_group,0.7,14,0,FPR,0.0141,3.0,3.0
finbert_pca50,XGBoost,SES_group,0.7,14,0,PPR,0.0214,4.0,4.0
finbert_pca50,XGBoost,SES_group,0.7,14,0,AUC,-0.0144,,
finbert_pca50,XGBoost,SES_group,0.7,14,0,EO_diff,0.0662,,
finbert_pca50,XGBoost,SES_group,0.8,14,0,TPR,0.0083,2.0,0.0
finbert_pca50,XGBoost,SES_group,0.8,14,0,FPR,0.004,3.0,2.0
finbert_pca50,XGBoost,SES_group,0.8,14,0,PPR,0.0055,3.0,0.0
finbert_pca50,XGBoost,SES_group,0.8,14,0,AUC,-0.0144,,
finbert_pca50,XGBoost,SES_group,0.8,14,0,EO_diff,0.0218,,
finbert_pca50,XGBoost,SES_group,0.9,14,0,TPR,0.0,0.0,0.0
finbert_pca50,XGBoost,SES_group,0.9,14,0,FPR,0.0,0.0,0.0
finbert_pca50,XGBoost,SES_group,0.9,14,0,PPR,0.0,0.0,0.0
finbert_pca50,XGBoost,SES_group,0.9,14,0,AUC,-0.0144,,
finbert_pca50,XGBoost,SES_group,0.9,14,0,EO_diff,0.0,,
finbert_pca50,XGBoost,WhiteConcentration,0.2,10,4,TPR,0.0078,0.0,0.0
finbert_pca50,XGBoost,WhiteConcentration,0.2,10,4,FPR,0.0063,2.0,1.0
finbert_pca50,XGBoost,WhiteConcentration,0.2,10,4,PPR,0.0063,2.0,1.0
finbert_pca50,XGBoost,WhiteConcentration,0.2,10,4,AUC,-0.0142,,
finbert_pca50,XGBoost,WhiteConcentration,0.2,10,4,EO_diff,0.0186,,
finbert_pca50,XGBoost,WhiteConcentration,0.3,10,4,TPR,0.0068,0.0,0.0
finbert_pca50,XGBoost,WhiteConcentration,0.3,10,4,FPR,0.0215,5.0,3.0
finbert_pca50,XGBoost,WhiteConcentration,0.3,10,4,PPR,0.019,5.0,5.0
finbert_pca50,XGBoost,WhiteConcentration,0.3,10,4,AUC,-0.0142,,
finbert_pca50,XGBoost,WhiteConcentration,0.3,10,4,EO_diff,0.0395,,
finbert_pca50,XGBoost,WhiteConcentration,0.4,10,4,TPR,-0.0031,0.0,0.0
finbert_pca50,XGBoost,WhiteConcentration,0.4,10,4,FPR,0.0315,3.0,2.0
finbert_pca50,XGBoost,WhiteConcentration,0.4,10,4,PPR,0.025,4.0,4.0
finbert_pca50,XGBoost,WhiteConcentration,0.4,10,4,AUC,-0.0142,,
finbert_pca50,XGBoost,WhiteConcentration,0.4,10,4,EO_diff,0.0432,,
finbert_pca50,XGBoost,WhiteConcentration,0.5,10,4,TPR,-0.0087,0.0,0.0
finbert_pca50,XGBoost,WhiteConcentration,0.5,10,4,FPR,0.0244,3.0,0.0
finbert_pca50,XGBoost,WhiteConcentration,0.5,10,4,PPR,0.0173,3.0,3.0
finbert_pca50,XGBoost,WhiteConcentration,0.5,10,4,AUC,-0.0142,,
finbert_pca50,XGBoost,WhiteConcentration,0.5,10,4,EO_diff,0.0438,,
finbert_pca50,XGBoost,WhiteConcentration,0.6,10,4,TPR,0.0097,1.0,0.0
finbert_pca50,XGBoost,WhiteConcentration,0.6,10,4,FPR,0.0308,4.0,3.0
finbert_pca50,XGBoost,WhiteConcentration,0.6,10,4,PPR,0.0261,3.0,3.0
finbert_pca50,XGBoost,WhiteConcentration,0.6,10,4,AUC,-0.0142,,
finbert_pca50,XGBoost,WhiteConcentration,0.6,10,4,EO_diff,0.0475,,
finbert_pca50,XGBoost,WhiteConcentration,0.7,10,4,TPR,0.0164,2.0,0.0
finbert_pca50,XGBoost,WhiteConcentration,0.7,10,4,FPR,0.0081,2.0,0.0
finbert_pca50,XGBoost,WhiteConcentration,0.7,10,4,PPR,0.0085,3.0,0.0
finbert_pca50,XGBoost,WhiteConcentration,0.7,10,4,AUC,-0.0142,,
finbert_pca50,XGBoost,WhiteConcentration,0.7,10,4,EO_diff,0.0541,,
finbert_pca50,XGBoost,WhiteConcentration,0.8,10,4,TPR,0.0035,0.0,0.0
finbert_pca50,XGBoost,WhiteConcentration,0.8,10,4,FPR,0.0007,0.0,0.0
finbert_pca50,XGBoost,WhiteConcentration,0.8,10,4,PPR,0.0011,0.0,0.0
finbert_pca50,XGBoost,WhiteConcentration,0.8,10,4,AUC,-0.0142,,
finbert_pca50,XGBoost,WhiteConcentration,0.8,10,4,EO_diff,0.0124,,
finbert_pca50,XGBoost,WhiteConcentration,0.9,10,4,TPR,-0.0001,0.0,0.0
finbert_pca50,XGBoost,WhiteConcentration,0.9,10,4,FPR,0.0,0.0,0.0
finbert_pca50,XGBoost,WhiteConcentration,0.9,10,4,PPR,-0.0,0.0,0.0
finbert_pca50,XGBoost,WhiteConcentration,0.9,10,4,AUC,-0.0142,,
finbert_pca50,XGBoost,WhiteConcentration,0.9,10,4,EO_diff,0.0001,,
structured,Logistic,AsianConcentration,0.2,7,7,TPR,-0.0067,0.0,0.0
structured,Logistic,AsianConcentration,0.2,7,7,FPR,-0.0149,3.0,0.0
structured,Logistic,AsianConcentration,0.2,7,7,PPR,-0.0144,3.0,0.0
structured,Logistic,AsianConcentration,0.2,7,7,AUC,0.0091,,
structured,Logistic,AsianConcentration,0.2,7,7,EO_diff,0.0219,,
structured,Logistic,AsianConcentration,0.3,7,7,TPR,-0.0028,1.0,0.0
structured,Logistic,AsianConcentration,0.3,7,7,FPR,-0.0212,6.0,3.0
structured,Logistic,AsianConcentration,0.3,7,7,PPR,-0.02,6.0,6.0
structured,Logistic,AsianConcentration,0.3,7,7,AUC,0.0091,,
structured,Logistic,AsianConcentration,0.3,7,7,EO_diff,0.0465,,
structured,Logistic,AsianConcentration,0.4,7,7,TPR,-0.0077,2.0,0.0
structured,Logistic,AsianConcentration,0.4,7,7,FPR,-0.0321,5.0,4.0
structured,Logistic,AsianConcentration,0.4,7,7,PPR,-0.0311,5.0,5.0
structured,Logistic,AsianConcentration,0.4,7,7,AUC,0.0091,,
structured,Logistic,AsianConcentration,0.4,7,7,EO_diff,0.0674,,
structured,Logistic,AsianConcentration,0.5,7,7,TPR,-0.0139,1.0,1.0
structured,Logistic,AsianConcentration,0.5,7,7,FPR,-0.0259,3.0,0.0
structured,Logistic,AsianConcentration,0.5,7,7,PPR,-0.0264,3.0,1.0
structured,Logistic,AsianConcentration,0.5,7,7,AUC,0.0091,,
structured,Logistic,AsianConcentration,0.5,7,7,EO_diff,0.0512,,
structured,Logistic,AsianConcentration,0.6,7,7,TPR,-0.0234,1.0,1.0
structured,Logistic,AsianConcentration,0.6,7,7,FPR,-0.023,2.0,1.0
structured,Logistic,AsianConcentration,0.6,7,7,PPR,-0.024,2.0,2.0
structured,Logistic,AsianConcentration,0.6,7,7,AUC,0.0091,,
structured,Logistic,AsianConcentration,0.6,7,7,EO_diff,0.0704,,
structured,Logistic,AsianConcentration,0.7,7,7,TPR,-0.0511,2.0,2.0
structured,Logistic,AsianConcentration,0.7,7,7,FPR,-0.0206,2.0,2.0
structured,Logistic,AsianConcentration,0.7,7,7,PPR,-0.026,2.0,2.0
structured,Logistic,AsianConcentration,0.7,7,7,AUC,0.0091,,
structured,Logistic,AsianConcentration,0.7,7,7,EO_diff,0.0713,,
structured,Logistic,AsianConcentration,0.8,7,7,TPR,0.004,1.0,0.0
structured,Logistic,AsianConcentration,0.8,7,7,FPR,-0.0054,2.0,1.0
structured,Logistic,AsianConcentration,0.8,7,7,PPR,-0.004,1.0,1.0
structured,Logistic,AsianConcentration,0.8,7,7,AUC,0.0091,,
structured,Logistic,AsianConcentration,0.8,7,7,EO_diff,0.0283,,
structured,Logistic,AsianConcentration,0.9,7,7,TPR,-0.0018,0.0,0.0
structured,Logistic,AsianConcentration,0.9,7,7,FPR,-0.0014,1.0,1.0
structured,Logistic,AsianConcentration,0.9,7,7,PPR,-0.0013,1.0,1.0
structured,Logistic,AsianConcentration,0.9,7,7,AUC,0.0091,,
structured,Logistic,AsianConcentration,0.9,7,7,EO_diff,0.0086,,
structured,Logistic,BlackConcentration,0.2,12,2,TPR,0.0046,1.0,0.0
structured,Logistic,BlackConcentration,0.2,12,2,FPR,0.0045,3.0,1.0
structured,Logistic,BlackConcentration,0.2,12,2,PPR,0.0051,3.0,0.0
structured,Logistic,BlackConcentration,0.2,12,2,AUC,0.02,,
structured,Logistic,BlackConcentration,0.2,12,2,EO_diff,0.0206,,
structured,Logistic,BlackConcentration,0.3,12,2,TPR,0.0078,0.0,0.0
structured,Logistic,BlackConcentration,0.3,12,2,FPR,0.0064,3.0,1.0
structured,Logistic,BlackConcentration,0.3,12,2,PPR,0.0079,4.0,1.0
structured,Logistic,BlackConcentration,0.3,12,2,AUC,0.02,,
structured,Logistic,BlackConcentration,0.3,12,2,EO_diff,0.0327,,
structured,Logistic,BlackConcentration,0.4,12,2,TPR,0.0222,1.0,0.0
structured,Logistic,BlackConcentration,0.4,12,2,FPR,-0.0084,3.0,3.0
structured,Logistic,BlackConcentration,0.4,12,2,PPR,-0.0017,3.0,3.0
structured,Logistic,BlackConcentration,0.4,12,2,AUC,0.02,,
structured,Logistic,BlackConcentration,0.4,12,2,EO_diff,0.0449,,
structured,Logistic,BlackConcentration,0.5,12,2,TPR,0.0228,2.0,1.0
structured,Logistic,BlackConcentration,0.5,12,2,FPR,0.0063,2.0,2.0
structured,Logistic,BlackConcentration,0.5,12,2,PPR,0.0118,4.0,2.0
structured,Logistic,BlackConcentration,0.5,12,2,AUC,0.02,,
structured,Logistic,BlackConcentration,0.5,12,2,EO_diff,0.0518,,
structured,Logistic,BlackConcentration,0.6,12,2,TPR,0.0449,1.0,0.0
structured,Logistic,BlackConcentration,0.6,12,2,FPR,0.011,3.0,0.0
structured,Logistic,BlackConcentration,0.6,12,2,PPR,0.0189,4.0,4.0
structured,Logistic,BlackConcentration,0.6,12,2,AUC,0.02,,
structured,Logistic,BlackConcentration,0.6,12,2,EO_diff,0.0556,,
structured,Logistic,BlackConcentration,0.7,12,2,TPR,0.0585,3.0,0.0
structured,Logistic,BlackConcentration,0.7,12,2,FPR,0.0054,2.0,0.0
structured,Logistic,BlackConcentration,0.7,12,2,PPR,0.0154,4.0,3.0
structured,Logistic,BlackConcentration,0.7,12,2,AUC,0.02,,
structured,Logistic,BlackConcentration,0.7,12,2,EO_diff,0.0635,,
structured,Logistic,BlackConcentration,0.8,12,2,TPR,0.0239,1.0,0.0
structured,Logistic,BlackConcentration,0.8,12,2,FPR,0.0007,1.0,0.0
structured,Logistic,BlackConcentration,0.8,12,2,PPR,0.0051,2.0,0.0
structured,Logistic,BlackConcentration,0.8,12,2,AUC,0.02,,
structured,Logistic,BlackConcentration,0.8,12,2,EO_diff,0.0317,,
structured,Logistic,BlackConcentration,0.9,12,2,TPR,0.0065,0.0,0.0
structured,Logistic,BlackConcentration,0.9,12,2,FPR,-0.0014,0.0,0.0
structured,Logistic,BlackConcentration,0.9,12,2,PPR,-0.0001,0.0,0.0
structured,Logistic,BlackConcentration,0.9,12,2,AUC,0.02,,
structured,Logistic,BlackConcentration,0.9,12,2,EO_diff,0.0082,,
structured,Logistic,ForeignBornConcentration,0.2,9,5,TPR,-0.005,0.0,0.0
structured,Logistic,ForeignBornConcentration,0.2,9,5,FPR,-0.0067,3.0,0.0
structured,Logistic,ForeignBornConcentration,0.2,9,5,PPR,-0.0071,3.0,1.0
structured,Logistic,ForeignBornConcentration,0.2,9,5,AUC,-0.0015,,
structured,Logistic,ForeignBornConcentration,0.2,9,5,EO_diff,0.0183,,
structured,Logistic,ForeignBornConcentration,0.3,9,5,TPR,-0.0028,1.0,0.0
structured,Logistic,ForeignBornConcentration,0.3,9,5,FPR,-0.0072,3.0,3.0
structured,Logistic,ForeignBornConcentration,0.3,9,5,PPR,-0.0076,3.0,3.0
structured,Logistic,ForeignBornConcentration,0.3,9,5,AUC,-0.0015,,
structured,Logistic,ForeignBornConcentration,0.3,9,5,EO_diff,0.0375,,
structured,Logistic,ForeignBornConcentration,0.4,9,5,TPR,0.0033,1.0,0.0
structured,Logistic,ForeignBornConcentration,0.4,9,5,FPR,-0.0151,4.0,3.0
structured,Logistic,ForeignBornConcentration,0.4,9,5,PPR,-0.0138,3.0,3.0
structured,Logistic,ForeignBornConcentration,0.4,9,5,AUC,-0.0015,,
structured,Logistic,ForeignBornConcentration,0.4,9,5,EO_diff,0.0514,,
structured,Logistic,ForeignBornConcentration,0.5,9,5,TPR,-0.0136,0.0,0.0
structured,Logistic,ForeignBornConcentration,0.5,9,5,FPR,-0.0111,1.0,1.0
structured,Logistic,ForeignBornConcentration,0.5,9,5,PPR,-0.013,1.0,1.0
structured,Logistic,ForeignBornConcentration,0.5,9,5,AUC,-0.0015,,
structured,Logistic,ForeignBornConcentration,0.5,9,5,EO_diff,0.0592,,
structured,Logistic,ForeignBornConcentration,0.6,9,5,TPR,-0.035,1.0,1.0
structured,Logistic,ForeignBornConcentration,0.6,9,5,FPR,-0.0119,1.0,1.0
structured,Logistic,ForeignBornConcentration,0.6,9,5,PPR,-0.017,2.0,1.0
structured,Logistic,ForeignBornConcentration,0.6,9,5,AUC,-0.0015,,
structured,Logistic,ForeignBornConcentration,0.6,9,5,EO_diff,0.0545,,
structured,Logistic,ForeignBornConcentration,0.7,9,5,TPR,-0.0577,3.0,1.0
structured,Logistic,ForeignBornConcentration,0.7,9,5,FPR,-0.0135,4.0,2.0
structured,Logistic,ForeignBornConcentration,0.7,9,5,PPR,-0.0213,4.0,4.0
structured,Logistic,ForeignBornConcentration,0.7,9,5,AUC,-0.0015,,
structured,Logistic,ForeignBornConcentration,0.7,9,5,EO_diff,0.0706,,
structured,Logistic,ForeignBornConcentration,0.8,9,5,TPR,-0.0157,1.0,1.0
structured,Logistic,ForeignBornConcentration,0.8,9,5,FPR,-0.0004,2.0,2.0
structured,Logistic,ForeignBornConcentration,0.8,9,5,PPR,-0.0027,2.0,2.0
structured,Logistic,ForeignBornConcentration,0.8,9,5,AUC,-0.0015,,
structured,Logistic,ForeignBornConcentration,0.8,9,5,EO_diff,0.0392,,
structured,Logistic,ForeignBornConcentration,0.9,9,5,TPR,-0.0053,1.0,0.0
structured,Logistic,ForeignBornConcentration,0.9,9,5,FPR,-0.0007,1.0,1.0
structured,Logistic,ForeignBornConcentration,0.9,9,5,PPR,-0.0013,2.0,2.0
structured,Logistic,ForeignBornConcentration,0.9,9,5,AUC,-0.0015,,
structured,Logistic,ForeignBornConcentration,0.9,9,5,EO_diff,0.0106,,
structured,Logistic,HispanicConcentration,0.2,10,4,TPR,-0.0051,0.0,0.0
structured,Logistic,HispanicConcentration,0.2,10,4,FPR,-0.0031,1.0,0.0
structured,Logistic,HispanicConcentration,0.2,10,4,PPR,-0.0038,1.0,1.0
structured,Logistic,HispanicConcentration,0.2,10,4,AUC,-0.0119,,
structured,Logistic,HispanicConcentration,0.2,10,4,EO_diff,0.0108,,
structured,Logistic,HispanicConcentration,0.3,10,4,TPR,-0.0148,1.0,0.0
structured,Logistic,HispanicConcentration,0.3,10,4,FPR,-0.003,3.0,2.0
structured,Logistic,HispanicConcentration,0.3,10,4,PPR,-0.0055,3.0,3.0
structured,Logistic,HispanicConcentration,0.3,10,4,AUC,-0.0119,,
structured,Logistic,HispanicConcentration,0.3,10,4,EO_diff,0.0285,,
structured,Logistic,HispanicConcentration,0.4,10,4,TPR,-0.0186,1.0,0.0
structured,Logistic,HispanicConcentration,0.4,10,4,FPR,-0.0153,2.0,1.0
structured,Logistic,HispanicConcentration,0.4,10,4,PPR,-0.0173,2.0,2.0
structured,Logistic,HispanicConcentration,0.4,10,4,AUC,-0.0119,,
structured,Logistic,HispanicConcentration,0.4,10,4,EO_diff,0.0427,,
structured,Logistic,HispanicConcentration,0.5,10,4,TPR,-0.0215,0.0,0.0
structured,Logistic,HispanicConcentration,0.5,10,4,FPR,-0.0121,2.0,0.0
structured,Logistic,HispanicConcentration,0.5,10,4,PPR,-0.0148,2.0,1.0
structured,Logistic,HispanicConcentration,0.5,10,4,AUC,-0.0119,,
structured,Logistic,HispanicConcentration,0.5,10,4,EO_diff,0.0379,,
structured,Logistic,HispanicConcentration,0.6,10,4,TPR,-0.0336,2.0,2.0
structured,Logistic,HispanicConcentration,0.6,10,4,FPR,-0.0118,1.0,0.0
structured,Logistic,HispanicConcentration,0.6,10,4,PPR,-0.0165,3.0,3.0
structured,Logistic,HispanicConcentration,0.6,10,4,AUC,-0.0119,,
structured,Logistic,HispanicConcentration,0.6,10,4,EO_diff,0.0464,,
structured,Logistic,HispanicConcentration,0.7,10,4,TPR,-0.0365,3.0,2.0
structured,Logistic,HispanicConcentration,0.7,10,4,FPR,-0.0067,4.0,2.0
structured,Logistic,HispanicConcentration,0.7,10,4,PPR,-0.0122,6.0,3.0
structured,Logistic,HispanicConcentration,0.7,10,4,AUC,-0.0119,,
structured,Logistic,HispanicConcentration,0.7,10,4,EO_diff,0.0738,,
structured,Logistic,HispanicConcentration,0.8,10,4,TPR,-0.0138,2.0,2.0
structured,Logistic,HispanicConcentration,0.8,10,4,FPR,0.0017,2.0,2.0
structured,Logistic,HispanicConcentration,0.8,10,4,PPR,-0.0006,2.0,2.0
structured,Logistic,HispanicConcentration,0.8,10,4,AUC,-0.0119,,
structured,Logistic,HispanicConcentration,0.8,10,4,EO_diff,0.0411,,
structured,Logistic,HispanicConcentration,0.9,10,4,TPR,-0.0083,2.0,1.0
structured,Logistic,HispanicConcentration,0.9,10,4,FPR,-0.001,3.0,1.0
structured,Logistic,HispanicConcentration,0.9,10,4,PPR,-0.002,2.0,2.0
structured,Logistic,HispanicConcentration,0.9,10,4,AUC,-0.0119,,
structured,Logistic,HispanicConcentration,0.9,10,4,EO_diff,0.0135,,
structured,Logistic,LimitedEnglishConcentration,0.2,9,5,TPR,-0.0046,0.0,0.0
structured,Logistic,LimitedEnglishConcentration,0.2,9,5,FPR,-0.0013,2.0,0.0
structured,Logistic,LimitedEnglishConcentration,0.2,9,5,PPR,-0.002,2.0,0.0
structured,Logistic,LimitedEnglishConcentration,0.2,9,5,AUC,-0.0035,,
structured,Logistic,LimitedEnglishConcentration,0.2,9,5,EO_diff,0.0128,,
structured,Logistic,LimitedEnglishConcentration,0.3,9,5,TPR,-0.001,0.0,0.0
structured,Logistic,LimitedEnglishConcentration,0.3,9,5,FPR,-0.006,2.0,1.0
structured,Logistic,LimitedEnglishConcentration,0.3,9,5,PPR,-0.0056,2.0,2.0
structured,Logistic,LimitedEnglishConcentration,0.3,9,5,AUC,-0.0035,,
structured,Logistic,LimitedEnglishConcentration,0.3,9,5,EO_diff,0.0264,,
structured,Logistic,LimitedEnglishConcentration,0.4,9,5,TPR,-0.0067,0.0,0.0
structured,Logistic,LimitedEnglishConcentration,0.4,9,5,FPR,-0.0158,3.0,1.0
structured,Logistic,LimitedEnglishConcentration,0.4,9,5,PPR,-0.0148,3.0,1.0
structured,Logistic,LimitedEnglishConcentration,0.4,9,5,AUC,-0.0035,,
structured,Logistic,LimitedEnglishConcentration,0.4,9,5,EO_diff,0.0417,,
structured,Logistic,LimitedEnglishConcentration,0.5,9,5,TPR,-0.0114,0.0,0.0
structured,Logistic,LimitedEnglishConcentration,0.5,9,5,FPR,-0.0165,0.0,0.0
structured,Logistic,LimitedEnglishConcentration,0.5,9,5,PPR,-0.016,2.0,0.0
structured,Logistic,LimitedEnglishConcentration,0.5,9,5,AUC,-0.0035,,
structured,Logistic,LimitedEnglishConcentration,0.5,9,5,EO_diff,0.0367,,
structured,Logistic,LimitedEnglishConcentration,0.6,9,5,TPR,-0.0343,1.0,0.0
structured,Logistic,LimitedEnglishConcentration,0.6,9,5,FPR,-0.0127,1.0,0.0
structured,Logistic,LimitedEnglishConcentration,0.6,9,5,PPR,-0.0168,2.0,1.0
structured,Logistic,LimitedEnglishConcentration,0.6,9,5,AUC,-0.0035,,
structured,Logistic,LimitedEnglishConcentration,0.6,9,5,EO_diff,0.0395,,
structured,Logistic,LimitedEnglishConcentration,0.7,9,5,TPR,-0.0497,2.0,1.0
structured,Logistic,LimitedEnglishConcentration,0.7,9,5,FPR,-0.0111,3.0,1.0
structured,Logistic,LimitedEnglishConcentration,0.7,9,5,PPR,-0.0174,2.0,2.0
structured,Logistic,LimitedEnglishConcentration,0.7,9,5,AUC,-0.0035,,
structured,Logistic,LimitedEnglishConcentration,0.7,9,5,EO_diff,0.0526,,
structured,Logistic,LimitedEnglishConcentration,0.8,9,5,TPR,-0.0032,1.0,0.0
structured,Logistic,LimitedEnglishConcentration,0.8,9,5,FPR,0.0009,3.0,0.0
structured,Logistic,LimitedEnglishConcentration,0.8,9,5,PPR,0.0004,2.0,0.0
structured,Logistic,LimitedEnglishConcentration,0.8,9,5,AUC,-0.0035,,
structured,Logistic,LimitedEnglishConcentration,0.8,9,5,EO_diff,0.0332,,
structured,Logistic,LimitedEnglishConcentration,0.9,9,5,TPR,-0.0045,1.0,0.0
structured,Logistic,LimitedEnglishConcentration,0.9,9,5,FPR,-0.001,1.0,1.0
structured,Logistic,LimitedEnglishConcentration,0.9,9,5,PPR,-0.0015,2.0,2.0
structured,Logistic,LimitedEnglishConcentration,0.9,9,5,AUC,-0.0035,,
structured,Logistic,LimitedEnglishConcentration,0.9,9,5,EO_diff,0.0077,,
structured,Logistic,SES_group,0.2,14,0,TPR,0.0008,1.0,0.0
structured,Logistic,SES_group,0.2,14,0,FPR,0.0395,9.0,9.0
structured,Logistic,SES_group,0.2,14,0,PPR,0.0358,10.0,10.0
structured,Logistic,SES_group,0.2,14,0,AUC,-0.006,,
structured,Logistic,SES_group,0.2,14,0,EO_diff,0.0435,,
structured,Logistic,SES_group,0.3,14,0,TPR,0.0052,3.0,0.0
structured,Logistic,SES_group,0.3,14,0,FPR,0.0655,10.0,10.0
structured,Logistic,SES_group,0.3,14,0,PPR,0.0607,11.0,11.0
structured,Logistic,SES_group,0.3,14,0,AUC,-0.006,,
structured,Logistic,SES_group,0.3,14,0,EO_diff,0.0744,,
structured,Logistic,SES_group,0.4,14,0,TPR,0.0277,3.0,2.0
structured,Logistic,SES_group,0.4,14,0,FPR,0.067,10.0,10.0
structured,Logistic,SES_group,0.4,14,0,PPR,0.0674,11.0,11.0
structured,Logistic,SES_group,0.4,14,0,AUC,-0.006,,
structured,Logistic,SES_group,0.4,14,0,EO_diff,0.0825,,
structured,Logistic,SES_group,0.5,14,0,TPR,0.0622,3.0,2.0
structured,Logistic,SES_group,0.5,14,0,FPR,0.0599,10.0,10.0
structured,Logistic,SES_group,0.5,14,0,PPR,0.067,12.0,12.0
structured,Logistic,SES_group,0.5,14,0,AUC,-0.006,,
structured,Logistic,SES_group,0.5,14,0,EO_diff,0.0897,,
structured,Logistic,SES_group,0.6,14,0,TPR,0.0631,5.0,5.0
structured,Logistic,SES_group,0.6,14,0,FPR,0.0403,8.0,7.0
structured,Logistic,SES_group,0.6,14,0,PPR,0.0496,10.0,10.0
structured,Logistic,SES_group,0.6,14,0,AUC,-0.006,,
structured,Logistic,SES_group,0.6,14,0,EO_diff,0.0914,,
structured,Logistic,SES_group,0.7,14,0,TPR,0.0533,6.0,3.0
structured,Logistic,SES_group,0.7,14,0,FPR,0.0231,7.0,3.0
structured,Logistic,SES_group,0.7,14,0,PPR,0.0316,7.0,7.0
structured,Logistic,SES_group,0.7,14,0,AUC,-0.006,,
structured,Logistic,SES_group,0.7,14,0,EO_diff,0.0764,,
structured,Logistic,SES_group,0.8,14,0,TPR,0.0267,3.0,1.0
structured,Logistic,SES_group,0.8,14,0,FPR,0.0089,4.0,2.0
structured,Logistic,SES_group,0.8,14,0,PPR,0.0138,3.0,3.0
structured,Logistic,SES_group,0.8,14,0,AUC,-0.006,,
structured,Logistic,SES_group,0.8,14,0,EO_diff,0.0316,,
structured,Logistic,SES_group,0.9,14,0,TPR,0.002,0.0,0.0
structured,Logistic,SES_group,0.9,14,0,FPR,0.0005,0.0,0.0
structured,Logistic,SES_group,0.9,14,0,PPR,0.001,0.0,0.0
structured,Logistic,SES_group,0.9,14,0,AUC,-0.006,,
structured,Logistic,SES_group,0.9,14,0,EO_diff,0.0104,,
structured,Logistic,WhiteConcentration,0.2,10,4,TPR,0.0034,0.0,0.0
structured,Logistic,WhiteConcentration,0.2,10,4,FPR,-0.0017,0.0,0.0
structured,Logistic,WhiteConcentration,0.2,10,4,PPR,-0.0012,0.0,0.0
structured,Logistic,WhiteConcentration,0.2,10,4,AUC,-0.0124,,
structured,Logistic,WhiteConcentration,0.2,10,4,EO_diff,0.0088,,
structured,Logistic,WhiteConcentration,0.3,10,4,TPR,-0.0014,0.0,0.0
structured,Logistic,WhiteConcentration,0.3,10,4,FPR,-0.0041,0.0,0.0
structured,Logistic,WhiteConcentration,0.3,10,4,PPR,-0.0045,0.0,0.0
structured,Logistic,WhiteConcentration,0.3,10,4,AUC,-0.0124,,
structured,Logistic,WhiteConcentration,0.3,10,4,EO_diff,0.0218,,
structured,Logistic,WhiteConcentration,0.4,10,4,TPR,-0.0119,0.0,0.0
structured,Logistic,WhiteConcentration,0.4,10,4,FPR,0.0112,1.0,0.0
structured,Logistic,WhiteConcentration,0.4,10,4,PPR,0.0065,1.0,0.0
structured,Logistic,WhiteConcentration,0.4,10,4,AUC,-0.0124,,
structured,Logistic,WhiteConcentration,0.4,10,4,EO_diff,0.0451,,
structured,Logistic,WhiteConcentration,0.5,10,4,TPR,-0.013,0.0,0.0
structured,Logistic,WhiteConcentration,0.5,10,4,FPR,0.0077,0.0,0.0
structured,Logistic,WhiteConcentration,0.5,10,4,PPR,0.0024,0.0,0.0
structured,Logistic,WhiteConcentration,0.5,10,4,AUC,-0.0124,,
structured,Logistic,WhiteConcentration,0.5,10,4,EO_diff,0.0495,,
structured,Logistic,WhiteConcentration,0.6,10,4,TPR,-0.0118,0.0,0.0
structured,Logistic,WhiteConcentration,0.6,10,4,FPR,0.0076,1.0,0.0
structured,Logistic,WhiteConcentration,0.6,10,4,PPR,0.0031,3.0,0.0
structured,Logistic,WhiteConcentration,0.6,10,4,AUC,-0.0124,,
structured,Logistic,WhiteConcentration,0.6,10,4,EO_diff,0.0488,,
structured,Logistic,WhiteConcentration,0.7,10,4,TPR,-0.0015,2.0,0.0
structured,Logistic,WhiteConcentration,0.7,10,4,FPR,0.0073,1.0,0.0
structured,Logistic,WhiteConcentration,0.7,10,4,PPR,0.0048,2.0,1.0
structured,Logistic,WhiteConcentration,0.7,10,4,AUC,-0.0124,,
structured,Logistic,WhiteConcentration,0.7,10,4,EO_diff,0.0608,,
structured,Logistic,WhiteConcentration,0.8,10,4,TPR,-0.0031,1.0,0.0
structured,Logistic,WhiteConcentration,0.8,10,4,FPR,0.0006,1.0,0.0
structured,Logistic,WhiteConcentration,0.8,10,4,PPR,-0.0009,2.0,0.0
structured,Logistic,WhiteConcentration,0.8,10,4,AUC,-0.0124,,
structured,Logistic,WhiteConcentration,0.8,10,4,EO_diff,0.0419,,
structured,Logistic,WhiteConcentration,0.9,10,4,TPR,0.0015,0.0,0.0
structured,Logistic,WhiteConcentration,0.9,10,4,FPR,0.0011,1.0,1.0
structured,Logistic,WhiteConcentration,0.9,10,4,PPR,0.0011,1.0,1.0
structured,Logistic,WhiteConcentration,0.9,10,4,AUC,-0.0124,,
structured,Logistic,WhiteConcentration,0.9,10,4,EO_diff,0.0055,,
structured,RandomForest,AsianConcentration,0.2,7,7,TPR,-0.0092,0.0,0.0
structured,RandomForest,AsianConcentration,0.2,7,7,FPR,-0.0303,5.0,5.0
structured,RandomForest,AsianConcentration,0.2,7,7,PPR,-0.028,5.0,5.0
structured,RandomForest,AsianConcentration,0.2,7,7,AUC,0.0063,,
structured,RandomForest,AsianConcentration,0.2,7,7,EO_diff,0.0332,,
structured,RandomForest,AsianConcentration,0.3,7,7,TPR,-0.0134,1.0,0.0
structured,RandomForest,AsianConcentration,0.3,7,7,FPR,-0.0622,5.0,5.0
structured,RandomForest,AsianConcentration,0.3,7,7,PPR,-0.057,5.0,5.0
structured,RandomForest,AsianConcentration,0.3,7,7,AUC,0.0063,,
structured,RandomForest,AsianConcentration,0.3,7,7,EO_diff,0.0728,,
structured,RandomForest,AsianConcentration,0.4,7,7,TPR,-0.0353,1.0,0.0
structured,RandomForest,AsianConcentration,0.4,7,7,FPR,-0.0544,6.0,6.0
structured,RandomForest,AsianConcentration,0.4,7,7,PPR,-0.0541,6.0,6.0
structured,RandomForest,AsianConcentration,0.4,7,7,AUC,0.0063,,
structured,RandomForest,AsianConcentration,0.4,7,7,EO_diff,0.071,,
structured,RandomForest,AsianConcentration,0.5,7,7,TPR,-0.0765,2.0,1.0
structured,RandomForest,AsianConcentration,0.5,7,7,FPR,-0.0405,5.0,5.0
structured,RandomForest,AsianConcentration,0.5,7,7,PPR,-0.0479,5.0,5.0
structured,RandomForest,AsianConcentration,0.5,7,7,AUC,0.0063,,
structured,RandomForest,AsianConcentration,0.5,7,7,EO_diff,0.0799,,
structured,RandomForest,AsianConcentration,0.6,7,7,TPR,-0.0574,1.0,1.0
structured,RandomForest,AsianConcentration,0.6,7,7,FPR,-0.0247,3.0,3.0
structured,RandomForest,AsianConcentration,0.6,7,7,PPR,-0.0304,3.0,3.0
structured,RandomForest,AsianConcentration,0.6,7,7,AUC,0.0063,,
structured,RandomForest,AsianConcentration,0.6,7,7,EO_diff,0.0622,,
structured,RandomForest,AsianConcentration,0.7,7,7,TPR,-0.0052,1.0,0.0
structured,RandomForest,AsianConcentration,0.7,7,7,FPR,-0.0027,2.0,0.0
structured,RandomForest,AsianConcentration,0.7,7,7,PPR,-0.0035,2.0,2.0
structured,RandomForest,AsianConcentration,0.7,7,7,AUC,0.0063,,
structured,RandomForest,AsianConcentration,0.7,7,7,EO_diff,0.0181,,
structured,RandomForest,AsianConcentration,0.8,7,7,TPR,-0.001,0.0,0.0
structured,RandomForest,AsianConcentration,0.8,7,7,FPR,0.0001,0.0,0.0
structured,RandomForest,AsianConcentration,0.8,7,7,PPR,-0.0001,0.0,0.0
structured,RandomForest,AsianConcentration,0.8,7,7,AUC,0.0063,,
structured,RandomForest,AsianConcentration,0.8,7,7,EO_diff,0.0018,,
structured,RandomForest,AsianConcentration,0.9,7,7,TPR,0.0,0.0,0.0
structured,RandomForest,AsianConcentration,0.9,7,7,FPR,0.0,0.0,0.0
structured,RandomForest,AsianConcentration,0.9,7,7,PPR,0.0,0.0,0.0
structured,RandomForest,AsianConcentration,0.9,7,7,AUC,0.0063,,
structured,RandomForest,AsianConcentration,0.9,7,7,EO_diff,0.0,,
structured,RandomForest,BlackConcentration,0.2,12,2,TPR,0.0021,0.0,0.0
structured,RandomForest,BlackConcentration,0.2,12,2,FPR,0.0056,3.0,1.0
structured,RandomForest,BlackConcentration,0.2,12,2,PPR,0.0057,3.0,1.0
structured,RandomForest,BlackConcentration,0.2,12,2,AUC,0.006,,
structured,RandomForest,BlackConcentration,0.2,12,2,EO_diff,0.0228,,
structured,RandomForest,BlackConcentration,0.3,12,2,TPR,0.0066,0.0,0.0
structured,RandomForest,BlackConcentration,0.3,12,2,FPR,-0.004,0.0,0.0
structured,RandomForest,BlackConcentration,0.3,12,2,PPR,-0.0003,1.0,0.0
structured,RandomForest,BlackConcentration,0.3,12,2,AUC,0.006,,
structured,RandomForest,BlackConcentration,0.3,12,2,EO_diff,0.0315,,
structured,RandomForest,BlackConcentration,0.4,12,2,TPR,0.0112,1.0,0.0
structured,RandomForest,BlackConcentration,0.4,12,2,FPR,0.0024,0.0,0.0
structured,RandomForest,BlackConcentration,0.4,12,2,PPR,0.0062,2.0,0.0
structured,RandomForest,BlackConcentration,0.4,12,2,AUC,0.006,,
structured,RandomForest,BlackConcentration,0.4,12,2,EO_diff,0.0349,,
structured,RandomForest,BlackConcentration,0.5,12,2,TPR,0.0126,1.0,0.0
structured,RandomForest,BlackConcentration,0.5,12,2,FPR,-0.0042,0.0,0.0
structured,RandomForest,BlackConcentration,0.5,12,2,PPR,0.0007,1.0,0.0
structured,RandomForest,BlackConcentration,0.5,12,2,AUC,0.006,,
structured,RandomForest,BlackConcentration,0.5,12,2,EO_diff,0.0392,,
structured,RandomForest,BlackConcentration,0.6,12,2,TPR,0.0167,0.0,0.0
structured,RandomForest,BlackConcentration,0.6,12,2,FPR,0.0016,0.0,0.0
structured,RandomForest,BlackConcentration,0.6,12,2,PPR,0.0051,1.0,0.0
structured,RandomForest,BlackConcentration,0.6,12,2,AUC,0.006,,
structured,RandomForest,BlackConcentration,0.6,12,2,EO_diff,0.0389,,
structured,RandomForest,BlackConcentration,0.7,12,2,TPR,-0.0011,0.0,0.0
structured,RandomForest,BlackConcentration,0.7,12,2,FPR,-0.0024,0.0,0.0
structured,RandomForest,BlackConcentration,0.7,12,2,PPR,-0.0018,1.0,0.0
structured,RandomForest,BlackConcentration,0.7,12,2,AUC,0.006,,
structured,RandomForest,BlackConcentration,0.7,12,2,EO_diff,0.0228,,
structured,RandomForest,BlackConcentration,0.8,12,2,TPR,-0.0003,0.0,0.0
structured,RandomForest,BlackConcentration,0.8,12,2,FPR,-0.0,0.0,0.0
structured,RandomForest,BlackConcentration,0.8,12,2,PPR,-0.0,0.0,0.0
structured,RandomForest,BlackConcentration,0.8,12,2,AUC,0.006,,
structured,RandomForest,BlackConcentration,0.8,12,2,EO_diff,0.0006,,
structured,RandomForest,BlackConcentration,0.9,12,2,TPR,0.0,0.0,0.0
structured,RandomForest,BlackConcentration,0.9,12,2,FPR,0.0,0.0,0.0
structured,RandomForest,BlackConcentration,0.9,12,2,PPR,0.0,0.0,0.0
structured,RandomForest,BlackConcentration,0.9,12,2,AUC,0.006,,
structured,RandomForest,BlackConcentration,0.9,12,2,EO_diff,0.0,,
structured,RandomForest,ForeignBornConcentration,0.2,9,5,TPR,-0.0034,0.0,0.0
structured,RandomForest,ForeignBornConcentration,0.2,9,5,FPR,-0.0298,6.0,5.0
structured,RandomForest,ForeignBornConcentration,0.2,9,5,PPR,-0.0263,6.0,5.0
structured,RandomForest,ForeignBornConcentration,0.2,9,5,AUC,-0.0078,,
structured,RandomForest,ForeignBornConcentration,0.2,9,5,EO_diff,0.0331,,
structured,RandomForest,ForeignBornConcentration,0.3,9,5,TPR,-0.0319,1.0,0.0
structured,RandomForest,ForeignBornConcentration,0.3,9,5,FPR,-0.0565,5.0,5.0
structured,RandomForest,ForeignBornConcentration,0.3,9,5,PPR,-0.0539,5.0,5.0
structured,RandomForest,ForeignBornConcentration,0.3,9,5,AUC,-0.0078,,
structured,RandomForest,ForeignBornConcentration,0.3,9,5,EO_diff,0.0714,,
structured,RandomForest,ForeignBornConcentration,0.4,9,5,TPR,-0.0542,1.0,0.0
structured,RandomForest,ForeignBornConcentration,0.4,9,5,FPR,-0.0425,5.0,5.0
structured,RandomForest,ForeignBornConcentration,0.4,9,5,PPR,-0.0461,5.0,5.0
structured,RandomForest,ForeignBornConcentration,0.4,9,5,AUC,-0.0078,,
structured,RandomForest,ForeignBornConcentration,0.4,9,5,EO_diff,0.0856,,
structured,RandomForest,ForeignBornConcentration,0.5,9,5,TPR,-0.0912,3.0,3.0
structured,RandomForest,ForeignBornConcentration,0.5,9,5,FPR,-0.0417,5.0,5.0
structured,RandomForest,ForeignBornConcentration,0.5,9,5,PPR,-0.0511,7.0,7.0
structured,RandomForest,ForeignBornConcentration,0.5,9,5,AUC,-0.0078,,
structured,RandomForest,ForeignBornConcentration,0.5,9,5,EO_diff,0.0913,,
structured,RandomForest,ForeignBornConcentration,0.6,9,5,TPR,-0.0669,3.0,1.0
structured,RandomForest,ForeignBornConcentration,0.6,9,5,FPR,-0.0217,6.0,6.0
structured,RandomForest,ForeignBornConcentration,0.6,9,5,PPR,-0.0302,7.0,7.0
structured,RandomForest,ForeignBornConcentration,0.6,9,5,AUC,-0.0078,,
structured,RandomForest,ForeignBornConcentration,0.6,9,5,EO_diff,0.0696,,
structured,RandomForest,ForeignBornConcentration,0.7,9,5,TPR,-0.0094,1.0,1.0
structured,RandomForest,ForeignBornConcentration,0.7,9,5,FPR,-0.0058,3.0,3.0
structured,RandomForest,ForeignBornConcentration,0.7,9,5,PPR,-0.0066,3.0,3.0
structured,RandomForest,ForeignBornConcentration,0.7,9,5,AUC,-0.0078,,
structured,RandomForest,ForeignBornConcentration,0.7,9,5,EO_diff,0.019,,
structured,RandomForest,ForeignBornConcentration,0.8,9,5,TPR,-0.0013,0.0,0.0
structured,RandomForest,ForeignBornConcentration,0.8,9,5,FPR,-0.0001,0.0,0.0
structured,RandomForest,ForeignBornConcentration,0.8,9,5,PPR,-0.0003,0.0,0.0
structured,RandomForest,ForeignBornConcentration,0.8,9,5,AUC,-0.0078,,
structured,RandomForest,ForeignBornConcentration,0.8,9,5,EO_diff,0.0017,,
structured,RandomForest,ForeignBornConcentration,0.9,9,5,TPR,0.0,0.0,0.0
structured,RandomForest,ForeignBornConcentration,0.9,9,5,FPR,0.0,0.0,0.0
structured,RandomForest,ForeignBornConcentration,0.9,9,5,PPR,0.0,0.0,0.0
structured,RandomForest,ForeignBornConcentration,0.9,9,5,AUC,-0.0078,,
structured,RandomForest,ForeignBornConcentration,0.9,9,5,EO_diff,0.0,,
structured,RandomForest,HispanicConcentration,0.2,10,4,TPR,-0.0032,1.0,0.0
structured,RandomForest,HispanicConcentration,0.2,10,4,FPR,-0.0219,4.0,0.0
structured,RandomForest,HispanicConcentration,0.2,10,4,PPR,-0.0194,5.0,3.0
structured,RandomForest,HispanicConcentration,0.2,10,4,AUC,-0.0161,,
structured,RandomForest,HispanicConcentration,0.2,10,4,EO_diff,0.0254,,
structured,RandomForest,HispanicConcentration,0.3,10,4,TPR,-0.0412,1.0,0.0
structured,RandomForest,HispanicConcentration,0.3,10,4,FPR,-0.0363,5.0,5.0
structured,RandomForest,HispanicConcentration,0.3,10,4,PPR,-0.038,6.0,6.0
structured,RandomForest,HispanicConcentration,0.3,10,4,AUC,-0.0161,,
structured,RandomForest,HispanicConcentration,0.3,10,4,EO_diff,0.0566,,
structured,RandomForest,HispanicConcentration,0.4,10,4,TPR,-0.059,1.0,0.0
structured,RandomForest,HispanicConcentration,0.4,10,4,FPR,-0.0344,4.0,2.0
structured,RandomForest,HispanicConcentration,0.4,10,4,PPR,-0.0392,5.0,4.0
structured,RandomForest,HispanicConcentration,0.4,10,4,AUC,-0.0161,,
structured,RandomForest,HispanicConcentration,0.4,10,4,EO_diff,0.0738,,
structured,RandomForest,HispanicConcentration,0.5,10,4,TPR,-0.0744,4.0,2.0
structured,RandomForest,HispanicConcentration,0.5,10,4,FPR,-0.0282,5.0,5.0
structured,RandomForest,HispanicConcentration,0.5,10,4,PPR,-0.0365,6.0,6.0
structured,RandomForest,HispanicConcentration,0.5,10,4,AUC,-0.0161,,
structured,RandomForest,HispanicConcentration,0.5,10,4,EO_diff,0.082,,
structured,RandomForest,HispanicConcentration,0.6,10,4,TPR,-0.0518,2.0,0.0
structured,RandomForest,HispanicConcentration,0.6,10,4,FPR,-0.0108,4.0,2.0
structured,RandomForest,HispanicConcentration,0.6,10,4,PPR,-0.0182,6.0,5.0
structured,RandomForest,HispanicConcentration,0.6,10,4,AUC,-0.0161,,
structured,RandomForest,HispanicConcentration,0.6,10,4,EO_diff,0.0579,,
structured,RandomForest,HispanicConcentration,0.7,10,4,TPR,-0.0081,0.0,0.0
structured,RandomForest,HispanicConcentration,0.7,10,4,FPR,-0.0048,4.0,3.0
structured,RandomForest,HispanicConcentration,0.7,10,4,PPR,-0.0057,5.0,5.0
structured,RandomForest,HispanicConcentration,0.7,10,4,AUC,-0.0161,,
structured,RandomForest,HispanicConcentration,0.7,10,4,EO_diff,0.0139,,
structured,RandomForest,HispanicConcentration,0.8,10,4,TPR,-0.0009,1.0,0.0
structured,RandomForest,HispanicConcentration,0.8,10,4,FPR,0.0,0.0,0.0
structured,RandomForest,HispanicConcentration,0.8,10,4,PPR,-0.0001,1.0,0.0
structured,RandomForest,HispanicConcentration,0.8,10,4,AUC,-0.0161,,
structured,RandomForest,HispanicConcentration,0.8,10,4,EO_diff,0.0014,,
structured,RandomForest,HispanicConcentration,0.9,10,4,TPR,0.0,0.0,0.0
structured,RandomForest,HispanicConcentration,0.9,10,4,FPR,0.0,0.0,0.0
structured,RandomForest,HispanicConcentration,0.9,10,4,PPR,0.0,0.0,0.0
structured,RandomForest,HispanicConcentration,0.9,10,4,AUC,-0.0161,,
structured,RandomForest,HispanicConcentration,0.9,10,4,EO_diff,0.0,,
structured,RandomForest,LimitedEnglishConcentration,0.2,9,5,TPR,-0.0036,0.0,0.0
structured,RandomForest,LimitedEnglishConcentration,0.2,9,5,FPR,-0.0242,4.0,4.0
structured,RandomForest,LimitedEnglishConcentration,0.2,9,5,PPR,-0.0214,4.0,4.0
structured,RandomForest,LimitedEnglishConcentration,0.2,9,5,AUC,-0.0042,,
structured,RandomForest,LimitedEnglishConcentration,0.2,9,5,EO_diff,0.0269,,
structured,RandomForest,LimitedEnglishConcentration,0.3,9,5,TPR,-0.0367,1.0,0.0
structured,RandomForest,LimitedEnglishConcentration,0.3,9,5,FPR,-0.0571,7.0,7.0
structured,RandomForest,LimitedEnglishConcentration,0.3,9,5,PPR,-0.0546,7.0,7.0
structured,RandomForest,LimitedEnglishConcentration,0.3,9,5,AUC,-0.0042,,
structured,RandomForest,LimitedEnglishConcentration,0.3,9,5,EO_diff,0.0674,,
structured,RandomForest,LimitedEnglishConcentration,0.4,9,5,TPR,-0.0442,1.0,0.0
structured,RandomForest,LimitedEnglishConcentration,0.4,9,5,FPR,-0.045,5.0,5.0
structured,RandomForest,LimitedEnglishConcentration,0.4,9,5,PPR,-0.0456,6.0,5.0
structured,RandomForest,LimitedEnglishConcentration,0.4,9,5,AUC,-0.0042,,
structured,RandomForest,LimitedEnglishConcentration,0.4,9,5,EO_diff,0.069,,
structured,RandomForest,LimitedEnglishConcentration,0.5,9,5,TPR,-0.075,4.0,0.0
structured,RandomForest,LimitedEnglishConcentration,0.5,9,5,FPR,-0.0377,4.0,3.0
structured,RandomForest,LimitedEnglishConcentration,0.5,9,5,PPR,-0.0441,6.0,6.0
structured,RandomForest,LimitedEnglishConcentration,0.5,9,5,AUC,-0.0042,,
structured,RandomForest,LimitedEnglishConcentration,0.5,9,5,EO_diff,0.0758,,
structured,RandomForest,LimitedEnglishConcentration,0.6,9,5,TPR,-0.0443,2.0,0.0
structured,RandomForest,LimitedEnglishConcentration,0.6,9,5,FPR,-0.0168,4.0,4.0
structured,RandomForest,LimitedEnglishConcentration,0.6,9,5,PPR,-0.0215,7.0,7.0
structured,RandomForest,LimitedEnglishConcentration,0.6,9,5,AUC,-0.0042,,
structured,RandomForest,LimitedEnglishConcentration,0.6,9,5,EO_diff,0.046,,
structured,RandomForest,LimitedEnglishConcentration,0.7,9,5,TPR,-0.0032,1.0,1.0
structured,RandomForest,LimitedEnglishConcentration,0.7,9,5,FPR,-0.0054,2.0,2.0
structured,RandomForest,LimitedEnglishConcentration,0.7,9,5,PPR,-0.005,3.0,3.0
structured,RandomForest,LimitedEnglishConcentration,0.7,9,5,AUC,-0.0042,,
structured,RandomForest,LimitedEnglishConcentration,0.7,9,5,EO_diff,0.0135,,
structured,RandomForest,LimitedEnglishConcentration,0.8,9,5,TPR,0.0007,0.0,0.0
structured,RandomForest,LimitedEnglishConcentration,0.8,9,5,FPR,-0.0001,0.0,0.0
structured,RandomForest,LimitedEnglishConcentration,0.8,9,5,PPR,0.0,0.0,0.0
structured,RandomForest,LimitedEnglishConcentration,0.8,9,5,AUC,-0.0042,,
structured,RandomForest,LimitedEnglishConcentration,0.8,9,5,EO_diff,0.0007,,
structured,RandomForest,LimitedEnglishConcentration,0.9,9,5,TPR,0.0,0.0,0.0
structured,RandomForest,LimitedEnglishConcentration,0.9,9,5,FPR,0.0,0.0,0.0
structured,RandomForest,LimitedEnglishConcentration,0.9,9,5,PPR,0.0,0.0,0.0
structured,RandomForest,LimitedEnglishConcentration,0.9,9,5,AUC,-0.0042,,
structured,RandomForest,LimitedEnglishConcentration,0.9,9,5,EO_diff,0.0,,
structured,RandomForest,SES_group,0.2,14,0,TPR,-0.0118,1.0,0.0
structured,RandomForest,SES_group,0.2,14,0,FPR,0.0374,8.0,8.0
structured,RandomForest,SES_group,0.2,14,0,PPR,0.0328,8.0,8.0
structured,RandomForest,SES_group,0.2,14,0,AUC,-0.0065,,
structured,RandomForest,SES_group,0.2,14,0,EO_diff,0.0475,,
structured,RandomForest,SES_group,0.3,14,0,TPR,0.0105,2.0,2.0
structured,RandomForest,SES_group,0.3,14,0,FPR,0.0483,8.0,8.0
structured,RandomForest,SES_group,0.3,14,0,PPR,0.0481,8.0,8.0
structured,RandomForest,SES_group,0.3,14,0,AUC,-0.0065,,
structured,RandomForest,SES_group,0.3,14,0,EO_diff,0.064,,
structured,RandomForest,SES_group,0.4,14,0,TPR,0.0361,4.0,0.0
structured,RandomForest,SES_group,0.4,14,0,FPR,0.0368,5.0,5.0
structured,RandomForest,SES_group,0.4,14,0,PPR,0.0433,7.0,7.0
structured,RandomForest,SES_group,0.4,14,0,AUC,-0.0065,,
structured,RandomForest,SES_group,0.4,14,0,EO_diff,0.0682,,
structured,RandomForest,SES_group,0.5,14,0,TPR,0.0417,4.0,4.0
structured,RandomForest,SES_group,0.5,14,0,FPR,0.0211,5.0,0.0
structured,RandomForest,SES_group,0.5,14,0,PPR,0.0293,5.0,4.0
structured,RandomForest,SES_group,0.5,14,0,AUC,-0.0065,,
structured,RandomForest,SES_group,0.5,14,0,EO_diff,0.0701,,
structured,RandomForest,SES_group,0.6,14,0,TPR,0.0228,3.0,1.0
structured,RandomForest,SES_group,0.6,14,0,FPR,0.009,3.0,1.0
structured,RandomForest,SES_group,0.6,14,0,PPR,0.0136,5.0,4.0
structured,RandomForest,SES_group,0.6,14,0,AUC,-0.0065,,
structured,RandomForest,SES_group,0.6,14,0,EO_diff,0.0539,,
structured,RandomForest,SES_group,0.7,14,0,TPR,0.0142,2.0,1.0
structured,RandomForest,SES_group,0.7,14,0,FPR,0.001,0.0,0.0
structured,RandomForest,SES_group,0.7,14,0,PPR,0.0036,1.0,1.0
structured,RandomForest,SES_group,0.7,14,0,AUC,-0.0065,,
structured,RandomForest,SES_group,0.7,14,0,EO_diff,0.0164,,
structured,RandomForest,SES_group,0.8,14,0,TPR,0.0006,0.0,0.0
structured,RandomForest,SES_group,0.8,14,0,FPR,-0.0,0.0,0.0
structured,RandomForest,SES_group,0.8,14,0,PPR,0.0001,0.0,0.0
structured,RandomForest,SES_group,0.8,14,0,AUC,-0.0065,,
structured,RandomForest,SES_group,0.8,14,0,EO_diff,0.0007,,
structured,RandomForest,SES_group,0.9,14,0,TPR,0.0,0.0,0.0
structured,RandomForest,SES_group,0.9,14,0,FPR,0.0,0.0,0.0
structured,RandomForest,SES_group,0.9,14,0,PPR,0.0,0.0,0.0
structured,RandomForest,SES_group,0.9,14,0,AUC,-0.0065,,
structured,RandomForest,SES_group,0.9,14,0,EO_diff,0.0,,
structured,RandomForest,WhiteConcentration,0.2,10,4,TPR,0.0034,0.0,0.0
structured,RandomForest,WhiteConcentration,0.2,10,4,FPR,0.0119,2.0,0.0
structured,RandomForest,WhiteConcentration,0.2,10,4,PPR,0.0104,2.0,0.0
structured,RandomForest,WhiteConcentration,0.2,10,4,AUC,-0.0087,,
structured,RandomForest,WhiteConcentration,0.2,10,4,EO_diff,0.0178,,
structured,RandomForest,WhiteConcentration,0.3,10,4,TPR,0.008,0.0,0.0
structured,RandomForest,WhiteConcentration,0.3,10,4,FPR,0.027,3.0,1.0
structured,RandomForest,WhiteConcentration,0.3,10,4,PPR,0.023,2.0,2.0
structured,RandomForest,WhiteConcentration,0.3,10,4,AUC,-0.0087,,
structured,RandomForest,WhiteConcentration,0.3,10,4,EO_diff,0.04,,
structured,RandomForest,WhiteConcentration,0.4,10,4,TPR,0.0243,0.0,0.0
structured,RandomForest,WhiteConcentration,0.4,10,4,FPR,0.0286,4.0,0.0
structured,RandomForest,WhiteConcentration,0.4,10,4,PPR,0.0263,4.0,3.0
structured,RandomForest,WhiteConcentration,0.4,10,4,AUC,-0.0087,,
structured,RandomForest,WhiteConcentration,0.4,10,4,EO_diff,0.0432,,
structured,RandomForest,WhiteConcentration,0.5,10,4,TPR,0.0267,0.0,0.0
structured,RandomForest,WhiteConcentration,0.5,10,4,FPR,0.0311,3.0,2.0
structured,RandomForest,WhiteConcentration,0.5,10,4,PPR,0.029,4.0,3.0
structured,RandomForest,WhiteConcentration,0.5,10,4,AUC,-0.0087,,
structured,RandomForest,WhiteConcentration,0.5,10,4,EO_diff,0.0617,,
structured,RandomForest,WhiteConcentration,0.6,10,4,TPR,0.0164,0.0,0.0
structured,RandomForest,WhiteConcentration,0.6,10,4,FPR,0.0106,3.0,1.0
structured,RandomForest,WhiteConcentration,0.6,10,4,PPR,0.0109,2.0,1.0
structured,RandomForest,WhiteConcentration,0.6,10,4,AUC,-0.0087,,
structured,RandomForest,WhiteConcentration,0.6,10,4,EO_diff,0.0397,,
structured,RandomForest,WhiteConcentration,0.7,10,4,TPR,0.0053,1.0,0.0
structured,RandomForest,WhiteConcentration,0.7,10,4,FPR,0.0062,1.0,1.0
structured,RandomForest,WhiteConcentration,0.7,10,4,PPR,0.0057,2.0,1.0
structured,RandomForest,WhiteConcentration,0.7,10,4,AUC,-0.0087,,
structured,RandomForest,WhiteConcentration,0.7,10,4,EO_diff,0.0222,,
structured,RandomForest,WhiteConcentration,0.8,10,4,TPR,0.0029,1.0,1.0
structured,RandomForest,WhiteConcentration,0.8,10,4,FPR,0.0,0.0,0.0
structured,RandomForest,WhiteConcentration,0.8,10,4,PPR,0.0005,1.0,1.0
structured,RandomForest,WhiteConcentration,0.8,10,4,AUC,-0.0087,,
structured,RandomForest,WhiteConcentration,0.8,10,4,EO_diff,0.0031,,
structured,RandomForest,WhiteConcentration,0.9,10,4,TPR,0.0,0.0,0.0
structured,RandomForest,WhiteConcentration,0.9,10,4,FPR,0.0,0.0,0.0
structured,RandomForest,WhiteConcentration,0.9,10,4,PPR,0.0,0.0,0.0
structured,RandomForest,WhiteConcentration,0.9,10,4,AUC,-0.0087,,
structured,RandomForest,WhiteConcentration,0.9,10,4,EO_diff,0.0,,
structured,XGBoost,AsianConcentration,0.2,7,7,TPR,-0.0093,0.0,0.0
structured,XGBoost,AsianConcentration,0.2,7,7,FPR,-0.028,5.0,5.0
structured,XGBoost,AsianConcentration,0.2,7,7,PPR,-0.0258,5.0,5.0
structured,XGBoost,AsianConcentration,0.2,7,7,AUC,0.0042,,
structured,XGBoost,AsianConcentration,0.2,7,7,EO_diff,0.0306,,
structured,XGBoost,AsianConcentration,0.3,7,7,TPR,-0.0194,1.0,0.0
structured,XGBoost,AsianConcentration,0.3,7,7,FPR,-0.0527,6.0,6.0
structured,XGBoost,AsianConcentration,0.3,7,7,PPR,-0.0493,6.0,6.0
structured,XGBoost,AsianConcentration,0.3,7,7,AUC,0.0042,,
structured,XGBoost,AsianConcentration,0.3,7,7,EO_diff,0.0621,,
structured,XGBoost,AsianConcentration,0.4,7,7,TPR,-0.0286,3.0,0.0
structured,XGBoost,AsianConcentration,0.4,7,7,FPR,-0.0651,6.0,6.0
structured,XGBoost,AsianConcentration,0.4,7,7,PPR,-0.0623,6.0,6.0
structured,XGBoost,AsianConcentration,0.4,7,7,AUC,0.0042,,
structured,XGBoost,AsianConcentration,0.4,7,7,EO_diff,0.082,,
structured,XGBoost,AsianConcentration,0.5,7,7,TPR,-0.0476,1.0,1.0
structured,XGBoost,AsianConcentration,0.5,7,7,FPR,-0.0521,6.0,6.0
structured,XGBoost,AsianConcentration,0.5,7,7,PPR,-0.0541,6.0,6.0
structured,XGBoost,AsianConcentration,0.5,7,7,AUC,0.0042,,
structured,XGBoost,AsianConcentration,0.5,7,7,EO_diff,0.0779,,
structured,XGBoost,AsianConcentration,0.6,7,7,TPR,-0.0546,1.0,1.0
structured,XGBoost,AsianConcentration,0.6,7,7,FPR,-0.0397,4.0,4.0
structured,XGBoost,AsianConcentration,0.6,7,7,PPR,-0.0434,4.0,4.0
structured,XGBoost,AsianConcentration,0.6,7,7,AUC,0.0042,,
structured,XGBoost,AsianConcentration,0.6,7,7,EO_diff,0.0754,,
structured,XGBoost,AsianConcentration,0.7,7,7,TPR,-0.0454,2.0,2.0
structured,XGBoost,AsianConcentration,0.7,7,7,FPR,-0.0158,4.0,1.0
structured,XGBoost,AsianConcentration,0.7,7,7,PPR,-0.0216,3.0,3.0
structured,XGBoost,AsianConcentration,0.7,7,7,AUC,0.0042,,
structured,XGBoost,AsianConcentration,0.7,7,7,EO_diff,0.0544,,
structured,XGBoost,AsianConcentration,0.8,7,7,TPR,0.0057,0.0,0.0
structured,XGBoost,AsianConcentration,0.8,7,7,FPR,-0.0027,0.0,0.0
structured,XGBoost,AsianConcentration,0.8,7,7,PPR,-0.0016,0.0,0.0
structured,XGBoost,AsianConcentration,0.8,7,7,AUC,0.0042,,
structured,XGBoost,AsianConcentration,0.8,7,7,EO_diff,0.0156,,
structured,XGBoost,AsianConcentration,0.9,7,7,TPR,0.0003,0.0,0.0
structured,XGBoost,AsianConcentration,0.9,7,7,FPR,0.0001,0.0,0.0
structured,XGBoost,AsianConcentration,0.9,7,7,PPR,0.0001,0.0,0.0
structured,XGBoost,AsianConcentration,0.9,7,7,AUC,0.0042,,
structured,XGBoost,AsianConcentration,0.9,7,7,EO_diff,0.0003,,
structured,XGBoost,BlackConcentration,0.2,12,2,TPR,-0.0049,0.0,0.0
structured,XGBoost,BlackConcentration,0.2,12,2,FPR,0.0018,3.0,0.0
structured,XGBoost,BlackConcentration,0.2,12,2,PPR,0.0013,2.0,0.0
structured,XGBoost,BlackConcentration,0.2,12,2,AUC,0.0129,,
structured,XGBoost,BlackConcentration,0.2,12,2,EO_diff,0.0152,,
structured,XGBoost,BlackConcentration,0.3,12,2,TPR,0.0055,0.0,0.0
structured,XGBoost,BlackConcentration,0.3,12,2,FPR,-0.0004,2.0,1.0
structured,XGBoost,BlackConcentration,0.3,12,2,PPR,0.0017,2.0,1.0
structured,XGBoost,BlackConcentration,0.3,12,2,AUC,0.0129,,
structured,XGBoost,BlackConcentration,0.3,12,2,EO_diff,0.0298,,
structured,XGBoost,BlackConcentration,0.4,12,2,TPR,0.0051,0.0,0.0
structured,XGBoost,BlackConcentration,0.4,12,2,FPR,-0.0132,3.0,1.0
structured,XGBoost,BlackConcentration,0.4,12,2,PPR,-0.0082,3.0,2.0
structured,XGBoost,BlackConcentration,0.4,12,2,AUC,0.0129,,
structured,XGBoost,BlackConcentration,0.4,12,2,EO_diff,0.039,,
structured,XGBoost,BlackConcentration,0.5,12,2,TPR,0.0105,1.0,0.0
structured,XGBoost,BlackConcentration,0.5,12,2,FPR,-0.0031,2.0,2.0
structured,XGBoost,BlackConcentration,0.5,12,2,PPR,0.0018,2.0,2.0
structured,XGBoost,BlackConcentration,0.5,12,2,AUC,0.0129,,
structured,XGBoost,BlackConcentration,0.5,12,2,EO_diff,0.0426,,
structured,XGBoost,BlackConcentration,0.6,12,2,TPR,0.0118,2.0,0.0
structured,XGBoost,BlackConcentration,0.6,12,2,FPR,-0.0047,3.0,0.0
structured,XGBoost,BlackConcentration,0.6,12,2,PPR,0.0003,3.0,3.0
structured,XGBoost,BlackConcentration,0.6,12,2,AUC,0.0129,,
structured,XGBoost,BlackConcentration,0.6,12,2,EO_diff,0.0599,,
structured,XGBoost,BlackConcentration,0.7,12,2,TPR,0.0341,1.0,0.0
structured,XGBoost,BlackConcentration,0.7,12,2,FPR,0.0031,1.0,0.0
structured,XGBoost,BlackConcentration,0.7,12,2,PPR,0.0093,4.0,3.0
structured,XGBoost,BlackConcentration,0.7,12,2,AUC,0.0129,,
structured,XGBoost,BlackConcentration,0.7,12,2,EO_diff,0.0476,,
structured,XGBoost,BlackConcentration,0.8,12,2,TPR,0.0111,1.0,0.0
structured,XGBoost,BlackConcentration,0.8,12,2,FPR,-0.0018,0.0,0.0
structured,XGBoost,BlackConcentration,0.8,12,2,PPR,0.0007,1.0,0.0
structured,XGBoost,BlackConcentration,0.8,12,2,AUC,0.0129,,
structured,XGBoost,BlackConcentration,0.8,12,2,EO_diff,0.0209,,
structured,XGBoost,BlackConcentration,0.9,12,2,TPR,-0.0011,0.0,0.0
structured,XGBoost,BlackConcentration,0.9,12,2,FPR,0.0,0.0,0.0
structured,XGBoost,BlackConcentration,0.9,12,2,PPR,-0.0002,0.0,0.0
structured,XGBoost,BlackConcentration,0.9,12,2,AUC,0.0129,,
structured,XGBoost,BlackConcentration,0.9,12,2,EO_diff,0.0011,,
structured,XGBoost,ForeignBornConcentration,0.2,9,5,TPR,-0.0086,0.0,0.0
structured,XGBoost,ForeignBornConcentration,0.2,9,5,FPR,-0.0254,6.0,6.0
structured,XGBoost,ForeignBornConcentration,0.2,9,5,PPR,-0.0234,6.0,6.0
structured,XGBoost,ForeignBornConcentration,0.2,9,5,AUC,-0.0042,,
structured,XGBoost,ForeignBornConcentration,0.2,9,5,EO_diff,0.0287,,
structured,XGBoost,ForeignBornConcentration,0.3,9,5,TPR,-0.0211,0.0,0.0
structured,XGBoost,ForeignBornConcentration,0.3,9,5,FPR,-0.0421,6.0,6.0
structured,XGBoost,ForeignBornConcentration,0.3,9,5,PPR,-0.0403,6.0,6.0
structured,XGBoost,ForeignBornConcentration,0.3,9,5,AUC,-0.0042,,
structured,XGBoost,ForeignBornConcentration,0.3,9,5,EO_diff,0.053,,
structured,XGBoost,ForeignBornConcentration,0.4,9,5,TPR,-0.0246,3.0,0.0
structured,XGBoost,ForeignBornConcentration,0.4,9,5,FPR,-0.0549,6.0,6.0
structured,XGBoost,ForeignBornConcentration,0.4,9,5,PPR,-0.0515,6.0,6.0
structured,XGBoost,ForeignBornConcentration,0.4,9,5,AUC,-0.0042,,
structured,XGBoost,ForeignBornConcentration,0.4,9,5,EO_diff,0.0883,,
structured,XGBoost,ForeignBornConcentration,0.5,9,5,TPR,-0.0614,2.0,1.0
structured,XGBoost,ForeignBornConcentration,0.5,9,5,FPR,-0.0377,5.0,5.0
structured,XGBoost,ForeignBornConcentration,0.5,9,5,PPR,-0.0433,5.0,5.0
structured,XGBoost,ForeignBornConcentration,0.5,9,5,AUC,-0.0042,,
structured,XGBoost,ForeignBornConcentration,0.5,9,5,EO_diff,0.0778,,
structured,XGBoost,ForeignBornConcentration,0.6,9,5,TPR,-0.058,2.0,1.0
structured,XGBoost,ForeignBornConcentration,0.6,9,5,FPR,-0.0433,4.0,4.0
structured,XGBoost,ForeignBornConcentration,0.6,9,5,PPR,-0.0467,6.0,4.0
structured,XGBoost,ForeignBornConcentration,0.6,9,5,AUC,-0.0042,,
structured,XGBoost,ForeignBornConcentration,0.6,9,5,EO_diff,0.0759,,
structured,XGBoost,ForeignBornConcentration,0.7,9,5,TPR,-0.0702,4.0,3.0
structured,XGBoost,ForeignBornConcentration,0.7,9,5,FPR,-0.0149,5.0,4.0
structured,XGBoost,ForeignBornConcentration,0.7,9,5,PPR,-0.0247,6.0,6.0
structured,XGBoost,ForeignBornConcentration,0.7,9,5,AUC,-0.0042,,
structured,XGBoost,ForeignBornConcentration,0.7,9,5,EO_diff,0.0765,,
structured,XGBoost,ForeignBornConcentration,0.8,9,5,TPR,-0.0062,0.0,0.0
structured,XGBoost,ForeignBornConcentration,0.8,9,5,FPR,-0.003,2.0,0.0
structured,XGBoost,ForeignBornConcentration,0.8,9,5,PPR,-0.0035,2.0,0.0
structured,XGBoost,ForeignBornConcentration,0.8,9,5,AUC,-0.0042,,
structured,XGBoost,ForeignBornConcentration,0.8,9,5,EO_diff,0.0211,,
structured,XGBoost,ForeignBornConcentration,0.9,9,5,TPR,0.0002,0.0,0.0
structured,XGBoost,ForeignBornConcentration,0.9,9,5,FPR,0.0001,0.0,0.0
structured,XGBoost,ForeignBornConcentration,0.9,9,5,PPR,0.0001,0.0,0.0
structured,XGBoost,ForeignBornConcentration,0.9,9,5,AUC,-0.0042,,
structured,XGBoost,ForeignBornConcentration,0.9,9,5,EO_diff,0.0003,,
structured,XGBoost,HispanicConcentration,0.2,10,4,TPR,-0.0106,1.0,0.0
structured,XGBoost,HispanicConcentration,0.2,10,4,FPR,-0.0134,4.0,4.0
structured,XGBoost,HispanicConcentration,0.2,10,4,PPR,-0.0133,4.0,4.0
structured,XGBoost,HispanicConcentration,0.2,10,4,AUC,-0.0131,,
structured,XGBoost,HispanicConcentration,0.2,10,4,EO_diff,0.0249,,
structured,XGBoost,HispanicConcentration,0.3,10,4,TPR,-0.0294,0.0,0.0
structured,XGBoost,HispanicConcentration,0.3,10,4,FPR,-0.0341,5.0,5.0
structured,XGBoost,HispanicConcentration,0.3,10,4,PPR,-0.0342,5.0,5.0
structured,XGBoost,HispanicConcentration,0.3,10,4,AUC,-0.0131,,
structured,XGBoost,HispanicConcentration,0.3,10,4,EO_diff,0.0473,,
structured,XGBoost,HispanicConcentration,0.4,10,4,TPR,-0.0405,1.0,1.0
structured,XGBoost,HispanicConcentration,0.4,10,4,FPR,-0.0378,5.0,5.0
structured,XGBoost,HispanicConcentration,0.4,10,4,PPR,-0.0391,5.0,5.0
structured,XGBoost,HispanicConcentration,0.4,10,4,AUC,-0.0131,,
structured,XGBoost,HispanicConcentration,0.4,10,4,EO_diff,0.068,,
structured,XGBoost,HispanicConcentration,0.5,10,4,TPR,-0.0571,2.0,1.0
structured,XGBoost,HispanicConcentration,0.5,10,4,FPR,-0.0318,5.0,5.0
structured,XGBoost,HispanicConcentration,0.5,10,4,PPR,-0.037,5.0,5.0
structured,XGBoost,HispanicConcentration,0.5,10,4,AUC,-0.0131,,
structured,XGBoost,HispanicConcentration,0.5,10,4,EO_diff,0.0659,,
structured,XGBoost,HispanicConcentration,0.6,10,4,TPR,-0.0532,2.0,2.0
structured,XGBoost,HispanicConcentration,0.6,10,4,FPR,-0.0327,5.0,4.0
structured,XGBoost,HispanicConcentration,0.6,10,4,PPR,-0.0369,5.0,5.0
structured,XGBoost,HispanicConcentration,0.6,10,4,AUC,-0.0131,,
structured,XGBoost,HispanicConcentration,0.6,10,4,EO_diff,0.0626,,
structured,XGBoost,HispanicConcentration,0.7,10,4,TPR,-0.0385,3.0,2.0
structured,XGBoost,HispanicConcentration,0.7,10,4,FPR,-0.0113,5.0,3.0
structured,XGBoost,HispanicConcentration,0.7,10,4,PPR,-0.0165,6.0,6.0
structured,XGBoost,HispanicConcentration,0.7,10,4,AUC,-0.0131,,
structured,XGBoost,HispanicConcentration,0.7,10,4,EO_diff,0.0688,,
structured,XGBoost,HispanicConcentration,0.8,10,4,TPR,-0.0025,0.0,0.0
structured,XGBoost,HispanicConcentration,0.8,10,4,FPR,-0.0013,2.0,0.0
structured,XGBoost,HispanicConcentration,0.8,10,4,PPR,-0.0015,1.0,0.0
structured,XGBoost,HispanicConcentration,0.8,10,4,AUC,-0.0131,,
structured,XGBoost,HispanicConcentration,0.8,10,4,EO_diff,0.015,,
structured,XGBoost,HispanicConcentration,0.9,10,4,TPR,0.0003,0.0,0.0
structured,XGBoost,HispanicConcentration,0.9,10,4,FPR,0.0001,0.0,0.0
structured,XGBoost,HispanicConcentration,0.9,10,4,PPR,0.0001,0.0,0.0
structured,XGBoost,HispanicConcentration,0.9,10,4,AUC,-0.0131,,
structured,XGBoost,HispanicConcentration,0.9,10,4,EO_diff,0.0003,,
structured,XGBoost,LimitedEnglishConcentration,0.2,9,5,TPR,-0.0054,1.0,0.0
structured,XGBoost,LimitedEnglishConcentration,0.2,9,5,FPR,-0.0164,4.0,3.0
structured,XGBoost,LimitedEnglishConcentration,0.2,9,5,PPR,-0.0149,4.0,4.0
structured,XGBoost,LimitedEnglishConcentration,0.2,9,5,AUC,-0.002,,
structured,XGBoost,LimitedEnglishConcentration,0.2,9,5,EO_diff,0.0223,,
structured,XGBoost,LimitedEnglishConcentration,0.3,9,5,TPR,-0.0216,0.0,0.0
structured,XGBoost,LimitedEnglishConcentration,0.3,9,5,FPR,-0.0391,5.0,5.0
structured,XGBoost,LimitedEnglishConcentration,0.3,9,5,PPR,-0.0371,5.0,5.0
structured,XGBoost,LimitedEnglishConcentration,0.3,9,5,AUC,-0.002,,
structured,XGBoost,LimitedEnglishConcentration,0.3,9,5,EO_diff,0.0468,,
structured,XGBoost,LimitedEnglishConcentration,0.4,9,5,TPR,-0.0282,0.0,0.0
structured,XGBoost,LimitedEnglishConcentration,0.4,9,5,FPR,-0.056,7.0,7.0
structured,XGBoost,LimitedEnglishConcentration,0.4,9,5,PPR,-0.0519,6.0,6.0
structured,XGBoost,LimitedEnglishConcentration,0.4,9,5,AUC,-0.002,,
structured,XGBoost,LimitedEnglishConcentration,0.4,9,5,EO_diff,0.0693,,
structured,XGBoost,LimitedEnglishConcentration,0.5,9,5,TPR,-0.0426,1.0,0.0
structured,XGBoost,LimitedEnglishConcentration,0.5,9,5,FPR,-0.0404,6.0,5.0
structured,XGBoost,LimitedEnglishConcentration,0.5,9,5,PPR,-0.0413,6.0,5.0
structured,XGBoost,LimitedEnglishConcentration,0.5,9,5,AUC,-0.002,,
structured,XGBoost,LimitedEnglishConcentration,0.5,9,5,EO_diff,0.0567,,
structured,XGBoost,LimitedEnglishConcentration,0.6,9,5,TPR,-0.0542,2.0,0.0
structured,XGBoost,LimitedEnglishConcentration,0.6,9,5,FPR,-0.0402,5.0,5.0
structured,XGBoost,LimitedEnglishConcentration,0.6,9,5,PPR,-0.0428,5.0,4.0
structured,XGBoost,LimitedEnglishConcentration,0.6,9,5,AUC,-0.002,,
structured,XGBoost,LimitedEnglishConcentration,0.6,9,5,EO_diff,0.0695,,
structured,XGBoost,LimitedEnglishConcentration,0.7,9,5,TPR,-0.0576,2.0,0.0
structured,XGBoost,LimitedEnglishConcentration,0.7,9,5,FPR,-0.0143,4.0,2.0
structured,XGBoost,LimitedEnglishConcentration,0.7,9,5,PPR,-0.0216,6.0,6.0
structured,XGBoost,LimitedEnglishConcentration,0.7,9,5,AUC,-0.002,,
structured,XGBoost,LimitedEnglishConcentration,0.7,9,5,EO_diff,0.0616,,
structured,XGBoost,LimitedEnglishConcentration,0.8,9,5,TPR,-0.0004,0.0,0.0
structured,XGBoost,LimitedEnglishConcentration,0.8,9,5,FPR,-0.0031,0.0,0.0
structured,XGBoost,LimitedEnglishConcentration,0.8,9,5,PPR,-0.0026,1.0,0.0
structured,XGBoost,LimitedEnglishConcentration,0.8,9,5,AUC,-0.002,,
structured,XGBoost,LimitedEnglishConcentration,0.8,9,5,EO_diff,0.0121,,
structured,XGBoost,LimitedEnglishConcentration,0.9,9,5,TPR,-0.0015,0.0,0.0
structured,XGBoost,LimitedEnglishConcentration,0.9,9,5,FPR,0.0001,0.0,0.0
structured,XGBoost,LimitedEnglishConcentration,0.9,9,5,PPR,-0.0002,0.0,0.0
structured,XGBoost,LimitedEnglishConcentration,0.9,9,5,AUC,-0.002,,
structured,XGBoost,LimitedEnglishConcentration,0.9,9,5,EO_diff,0.0015,,
structured,XGBoost,SES_group,0.2,14,0,TPR,-0.0166,2.0,0.0
structured,XGBoost,SES_group,0.2,14,0,FPR,0.0355,9.0,9.0
structured,XGBoost,SES_group,0.2,14,0,PPR,0.0305,9.0,9.0
structured,XGBoost,SES_group,0.2,14,0,AUC,-0.0077,,
structured,XGBoost,SES_group,0.2,14,0,EO_diff,0.0486,,
structured,XGBoost,SES_group,0.3,14,0,TPR,-0.0018,4.0,1.0
structured,XGBoost,SES_group,0.3,14,0,FPR,0.0637,11.0,11.0
structured,XGBoost,SES_group,0.3,14,0,PPR,0.0588,11.0,11.0
structured,XGBoost,SES_group,0.3,14,0,AUC,-0.0077,,
structured,XGBoost,SES_group,0.3,14,0,EO_diff,0.077,,
structured,XGBoost,SES_group,0.4,14,0,TPR,0.0399,4.0,2.0
structured,XGBoost,SES_group,0.4,14,0,FPR,0.0638,9.0,9.0
structured,XGBoost,SES_group,0.4,14,0,PPR,0.0667,10.0,8.0
structured,XGBoost,SES_group,0.4,14,0,AUC,-0.0077,,
structured,XGBoost,SES_group,0.4,14,0,EO_diff,0.0835,,
structured,XGBoost,SES_group,0.5,14,0,TPR,0.0554,3.0,3.0
structured,XGBoost,SES_group,0.5,14,0,FPR,0.0546,10.0,9.0
structured,XGBoost,SES_group,0.5,14,0,PPR,0.0613,11.0,10.0
structured,XGBoost,SES_group,0.5,14,0,AUC,-0.0077,,
structured,XGBoost,SES_group,0.5,14,0,EO_diff,0.0822,,
structured,XGBoost,SES_group,0.6,14,0,TPR,0.0576,5.0,4.0
structured,XGBoost,SES_group,0.6,14,0,FPR,0.0314,9.0,7.0
structured,XGBoost,SES_group,0.6,14,0,PPR,0.0408,9.0,9.0
structured,XGBoost,SES_group,0.6,14,0,AUC,-0.0077,,
structured,XGBoost,SES_group,0.6,14,0,EO_diff,0.0782,,
structured,XGBoost,SES_group,0.7,14,0,TPR,0.0376,4.0,2.0
structured,XGBoost,SES_group,0.7,14,0,FPR,0.0165,4.0,3.0
structured,XGBoost,SES_group,0.7,14,0,PPR,0.0228,6.0,5.0
structured,XGBoost,SES_group,0.7,14,0,AUC,-0.0077,,
structured,XGBoost,SES_group,0.7,14,0,EO_diff,0.0663,,
structured,XGBoost,SES_group,0.8,14,0,TPR,0.0127,3.0,0.0
structured,XGBoost,SES_group,0.8,14,0,FPR,0.0039,3.0,0.0
structured,XGBoost,SES_group,0.8,14,0,PPR,0.0062,3.0,0.0
structured,XGBoost,SES_group,0.8,14,0,AUC,-0.0077,,
structured,XGBoost,SES_group,0.8,14,0,EO_diff,0.023,,
structured,XGBoost,SES_group,0.9,14,0,TPR,-0.0,0.0,0.0
structured,XGBoost,SES_group,0.9,14,0,FPR,-0.0001,0.0,0.0
structured,XGBoost,SES_group,0.9,14,0,PPR,-0.0001,0.0,0.0
structured,XGBoost,SES_group,0.9,14,0,AUC,-0.0077,,
structured,XGBoost,SES_group,0.9,14,0,EO_diff,0.0001,,
structured,XGBoost,WhiteConcentration,0.2,10,4,TPR,0.0061,0.0,0.0
structured,XGBoost,WhiteConcentration,0.2,10,4,FPR,0.0072,3.0,2.0
structured,XGBoost,WhiteConcentration,0.2,10,4,PPR,0.0067,3.0,2.0
structured,XGBoost,WhiteConcentration,0.2,10,4,AUC,-0.0088,,
structured,XGBoost,WhiteConcentration,0.2,10,4,EO_diff,0.0188,,
structured,XGBoost,WhiteConcentration,0.3,10,4,TPR,0.0165,0.0,0.0
structured,XGBoost,WhiteConcentration,0.3,10,4,FPR,0.0212,5.0,5.0
structured,XGBoost,WhiteConcentration,0.3,10,4,PPR,0.02,5.0,5.0
structured,XGBoost,WhiteConcentration,0.3,10,4,AUC,-0.0088,,
structured,XGBoost,WhiteConcentration,0.3,10,4,EO_diff,0.0335,,
structured,XGBoost,WhiteConcentration,0.4,10,4,TPR,0.0068,1.0,0.0
structured,XGBoost,WhiteConcentration,0.4,10,4,FPR,0.0299,4.0,3.0
structured,XGBoost,WhiteConcentration,0.4,10,4,PPR,0.0247,4.0,4.0
structured,XGBoost,WhiteConcentration,0.4,10,4,AUC,-0.0088,,
structured,XGBoost,WhiteConcentration,0.4,10,4,EO_diff,0.0466,,
structured,XGBoost,WhiteConcentration,0.5,10,4,TPR,0.0147,0.0,0.0
structured,XGBoost,WhiteConcentration,0.5,10,4,FPR,0.0234,3.0,3.0
structured,XGBoost,WhiteConcentration,0.5,10,4,PPR,0.0201,3.0,3.0
structured,XGBoost,WhiteConcentration,0.5,10,4,AUC,-0.0088,,
structured,XGBoost,WhiteConcentration,0.5,10,4,EO_diff,0.0372,,
structured,XGBoost,WhiteConcentration,0.6,10,4,TPR,0.0132,1.0,0.0
structured,XGBoost,WhiteConcentration,0.6,10,4,FPR,0.0278,3.0,3.0
structured,XGBoost,WhiteConcentration,0.6,10,4,PPR,0.024,3.0,3.0
structured,XGBoost,WhiteConcentration,0.6,10,4,AUC,-0.0088,,
structured,XGBoost,WhiteConcentration,0.6,10,4,EO_diff,0.0475,,
structured,XGBoost,WhiteConcentration,0.7,10,4,TPR,0.0108,2.0,0.0
structured,XGBoost,WhiteConcentration,0.7,10,4,FPR,0.0097,3.0,0.0
structured,XGBoost,WhiteConcentration,0.7,10,4,PPR,0.0089,3.0,1.0
structured,XGBoost,WhiteConcentration,0.7,10,4,AUC,-0.0088,,
structured,XGBoost,WhiteConcentration,0.7,10,4,EO_diff,0.0507,,
structured,XGBoost,WhiteConcentration,0.8,10,4,TPR,0.0053,0.0,0.0
structured,XGBoost,WhiteConcentration,0.8,10,4,FPR,0.0021,1.0,0.0
structured,XGBoost,WhiteConcentration,0.8,10,4,PPR,0.0023,1.0,0.0
structured,XGBoost,WhiteConcentration,0.8,10,4,AUC,-0.0088,,
structured,XGBoost,WhiteConcentration,0.8,10,4,EO_diff,0.0168,,
structured,XGBoost,WhiteConcentration,0.9,10,4,TPR,0.0012,1.0,1.0
structured,XGBoost,WhiteConcentration,0.9,10,4,FPR,-0.0,0.0,0.0
structured,XGBoost,WhiteConcentration,0.9,10,4,PPR,0.0002,1.0,0.0
structured,XGBoost,WhiteConcentration,0.9,10,4,AUC,-0.0088,,
structured,XGBoost,WhiteConcentration,0.9,10,4,EO_diff,0.0012,,
tfidf_full,Logistic,AsianConcentration,0.2,7,7,TPR,-0.0052,0.0,0.0
tfidf_full,Logistic,AsianConcentration,0.2,7,7,FPR,-0.0163,2.0,2.0
tfidf_full,Logistic,AsianConcentration,0.2,7,7,PPR,-0.0154,2.0,2.0
tfidf_full,Logistic,AsianConcentration,0.2,7,7,AUC,0.0077,,
tfidf_full,Logistic,AsianConcentration,0.2,7,7,EO_diff,0.0263,,
tfidf_full,Logistic,AsianConcentration,0.3,7,7,TPR,-0.0064,1.0,0.0
tfidf_full,Logistic,AsianConcentration,0.3,7,7,FPR,-0.0254,7.0,7.0
tfidf_full,Logistic,AsianConcentration,0.3,7,7,PPR,-0.0242,5.0,5.0
tfidf_full,Logistic,AsianConcentration,0.3,7,7,AUC,0.0077,,
tfidf_full,Logistic,AsianConcentration,0.3,7,7,EO_diff,0.0445,,
tfidf_full,Logistic,AsianConcentration,0.4,7,7,TPR,-0.0013,1.0,0.0
tfidf_full,Logistic,AsianConcentration,0.4,7,7,FPR,-0.0347,4.0,4.0
tfidf_full,Logistic,AsianConcentration,0.4,7,7,PPR,-0.032,4.0,4.0
tfidf_full,Logistic,AsianConcentration,0.4,7,7,AUC,0.0077,,
tfidf_full,Logistic,AsianConcentration,0.4,7,7,EO_diff,0.0632,,
tfidf_full,Logistic,AsianConcentration,0.5,7,7,TPR,-0.0185,1.0,1.0
tfidf_full,Logistic,AsianConcentration,0.5,7,7,FPR,-0.0234,2.0,1.0
tfidf_full,Logistic,AsianConcentration,0.5,7,7,PPR,-0.0255,3.0,1.0
tfidf_full,Logistic,AsianConcentration,0.5,7,7,AUC,0.0077,,
tfidf_full,Logistic,AsianConcentration,0.5,7,7,EO_diff,0.0531,,
tfidf_full,Logistic,AsianConcentration,0.6,7,7,TPR,-0.0415,1.0,1.0
tfidf_full,Logistic,AsianConcentration,0.6,7,7,FPR,-0.0233,2.0,2.0
tfidf_full,Logistic,AsianConcentration,0.6,7,7,PPR,-0.0275,3.0,2.0
tfidf_full,Logistic,AsianConcentration,0.6,7,7,AUC,0.0077,,
tfidf_full,Logistic,AsianConcentration,0.6,7,7,EO_diff,0.0682,,
tfidf_full,Logistic,AsianConcentration,0.7,7,7,TPR,-0.0395,2.0,1.0
tfidf_full,Logistic,AsianConcentration,0.7,7,7,FPR,-0.0207,3.0,2.0
tfidf_full,Logistic,AsianConcentration,0.7,7,7,PPR,-0.0243,2.0,2.0
tfidf_full,Logistic,AsianConcentration,0.7,7,7,AUC,0.0077,,
tfidf_full,Logistic,AsianConcentration,0.7,7,7,EO_diff,0.0727,,
tfidf_full,Logistic,AsianConcentration,0.8,7,7,TPR,-0.0017,0.0,0.0
tfidf_full,Logistic,AsianConcentration,0.8,7,7,FPR,-0.0056,1.0,1.0
tfidf_full,Logistic,AsianConcentration,0.8,7,7,PPR,-0.0053,1.0,1.0
tfidf_full,Logistic,AsianConcentration,0.8,7,7,AUC,0.0077,,
tfidf_full,Logistic,AsianConcentration,0.8,7,7,EO_diff,0.0231,,
tfidf_full,Logistic,AsianConcentration,0.9,7,7,TPR,-0.0009,0.0,0.0
tfidf_full,Logistic,AsianConcentration,0.9,7,7,FPR,-0.0003,1.0,1.0
tfidf_full,Logistic,AsianConcentration,0.9,7,7,PPR,-0.0004,1.0,1.0
tfidf_full,Logistic,AsianConcentration,0.9,7,7,AUC,0.0077,,
tfidf_full,Logistic,AsianConcentration,0.9,7,7,EO_diff,0.0087,,
tfidf_full,Logistic,BlackConcentration,0.2,12,2,TPR,0.0021,0.0,0.0
tfidf_full,Logistic,BlackConcentration,0.2,12,2,FPR,0.005,3.0,0.0
tfidf_full,Logistic,BlackConcentration,0.2,12,2,PPR,0.0053,4.0,0.0
tfidf_full,Logistic,BlackConcentration,0.2,12,2,AUC,0.0189,,
tfidf_full,Logistic,BlackConcentration,0.2,12,2,EO_diff,0.0206,,
tfidf_full,Logistic,BlackConcentration,0.3,12,2,TPR,-0.0002,1.0,0.0
tfidf_full,Logistic,BlackConcentration,0.3,12,2,FPR,0.0054,4.0,2.0
tfidf_full,Logistic,BlackConcentration,0.3,12,2,PPR,0.0059,4.0,2.0
tfidf_full,Logistic,BlackConcentration,0.3,12,2,AUC,0.0189,,
tfidf_full,Logistic,BlackConcentration,0.3,12,2,EO_diff,0.0284,,
tfidf_full,Logistic,BlackConcentration,0.4,12,2,TPR,0.0265,2.0,0.0
tfidf_full,Logistic,BlackConcentration,0.4,12,2,FPR,-0.0007,4.0,2.0
tfidf_full,Logistic,BlackConcentration,0.4,12,2,PPR,0.0055,4.0,3.0
tfidf_full,Logistic,BlackConcentration,0.4,12,2,AUC,0.0189,,
tfidf_full,Logistic,BlackConcentration,0.4,12,2,EO_diff,0.0431,,
tfidf_full,Logistic,BlackConcentration,0.5,12,2,TPR,0.0318,3.0,1.0
tfidf_full,Logistic,BlackConcentration,0.5,12,2,FPR,0.0057,3.0,2.0
tfidf_full,Logistic,BlackConcentration,0.5,12,2,PPR,0.0125,3.0,3.0
tfidf_full,Logistic,BlackConcentration,0.5,12,2,AUC,0.0189,,
tfidf_full,Logistic,BlackConcentration,0.5,12,2,EO_diff,0.0497,,
tfidf_full,Logistic,BlackConcentration,0.6,12,2,TPR,0.0491,1.0,0.0
tfidf_full,Logistic,BlackConcentration,0.6,12,2,FPR,0.0131,4.0,0.0
tfidf_full,Logistic,BlackConcentration,0.6,12,2,PPR,0.0215,5.0,4.0
tfidf_full,Logistic,BlackConcentration,0.6,12,2,AUC,0.0189,,
tfidf_full,Logistic,BlackConcentration,0.6,12,2,EO_diff,0.0582,,
tfidf_full,Logistic,BlackConcentration,0.7,12,2,TPR,0.0453,1.0,0.0
tfidf_full,Logistic,BlackConcentration,0.7,12,2,FPR,0.0053,4.0,0.0
tfidf_full,Logistic,BlackConcentration,0.7,12,2,PPR,0.0133,4.0,4.0
tfidf_full,Logistic,BlackConcentration,0.7,12,2,AUC,0.0189,,
tfidf_full,Logistic,BlackConcentration,0.7,12,2,EO_diff,0.0585,,
tfidf_full,Logistic,BlackConcentration,0.8,12,2,TPR,0.0179,0.0,0.0
tfidf_full,Logistic,BlackConcentration,0.8,12,2,FPR,0.0018,1.0,0.0
tfidf_full,Logistic,BlackConcentration,0.8,12,2,PPR,0.0048,1.0,0.0
tfidf_full,Logistic,BlackConcentration,0.8,12,2,AUC,0.0189,,
tfidf_full,Logistic,BlackConcentration,0.8,12,2,EO_diff,0.0246,,
tfidf_full,Logistic,BlackConcentration,0.9,12,2,TPR,0.0054,0.0,0.0
tfidf_full,Logistic,BlackConcentration,0.9,12,2,FPR,-0.0009,0.0,0.0
tfidf_full,Logistic,BlackConcentration,0.9,12,2,PPR,0.0002,0.0,0.0
tfidf_full,Logistic,BlackConcentration,0.9,12,2,AUC,0.0189,,
tfidf_full,Logistic,BlackConcentration,0.9,12,2,EO_diff,0.0078,,
tfidf_full,Logistic,ForeignBornConcentration,0.2,9,5,TPR,-0.0057,0.0,0.0
tfidf_full,Logistic,ForeignBornConcentration,0.2,9,5,FPR,-0.0069,2.0,0.0
tfidf_full,Logistic,ForeignBornConcentration,0.2,9,5,PPR,-0.0074,3.0,2.0
tfidf_full,Logistic,ForeignBornConcentration,0.2,9,5,AUC,-0.0058,,
tfidf_full,Logistic,ForeignBornConcentration,0.2,9,5,EO_diff,0.0207,,
tfidf_full,Logistic,ForeignBornConcentration,0.3,9,5,TPR,-0.0019,1.0,0.0
tfidf_full,Logistic,ForeignBornConcentration,0.3,9,5,FPR,-0.0107,4.0,2.0
tfidf_full,Logistic,ForeignBornConcentration,0.3,9,5,PPR,-0.0106,4.0,2.0
tfidf_full,Logistic,ForeignBornConcentration,0.3,9,5,AUC,-0.0058,,
tfidf_full,Logistic,ForeignBornConcentration,0.3,9,5,EO_diff,0.0401,,
tfidf_full,Logistic,ForeignBornConcentration,0.4,9,5,TPR,-0.0116,1.0,0.0
tfidf_full,Logistic,ForeignBornConcentration,0.4,9,5,FPR,-0.0172,2.0,2.0
tfidf_full,Logistic,ForeignBornConcentration,0.4,9,5,PPR,-0.0181,3.0,2.0
tfidf_full,Logistic,ForeignBornConcentration,0.4,9,5,AUC,-0.0058,,
tfidf_full,Logistic,ForeignBornConcentration,0.4,9,5,EO_diff,0.0528,,
tfidf_full,Logistic,ForeignBornConcentration,0.5,9,5,TPR,-0.0141,1.0,0.0
tfidf_full,Logistic,ForeignBornConcentration,0.5,9,5,FPR,-0.009,1.0,0.0
tfidf_full,Logistic,ForeignBornConcentration,0.5,9,5,PPR,-0.0117,1.0,1.0
tfidf_full,Logistic,ForeignBornConcentration,0.5,9,5,AUC,-0.0058,,
tfidf_full,Logistic,ForeignBornConcentration,0.5,9,5,EO_diff,0.0608,,
tfidf_full,Logistic,ForeignBornConcentration,0.6,9,5,TPR,-0.038,2.0,0.0
tfidf_full,Logistic,ForeignBornConcentration,0.6,9,5,FPR,-0.0057,2.0,1.0
tfidf_full,Logistic,ForeignBornConcentration,0.6,9,5,PPR,-0.0124,2.0,1.0
tfidf_full,Logistic,ForeignBornConcentration,0.6,9,5,AUC,-0.0058,,
tfidf_full,Logistic,ForeignBornConcentration,0.6,9,5,EO_diff,0.06,,
tfidf_full,Logistic,ForeignBornConcentration,0.7,9,5,TPR,-0.0512,3.0,0.0
tfidf_full,Logistic,ForeignBornConcentration,0.7,9,5,FPR,-0.0084,4.0,4.0
tfidf_full,Logistic,ForeignBornConcentration,0.7,9,5,PPR,-0.0162,4.0,3.0
tfidf_full,Logistic,ForeignBornConcentration,0.7,9,5,AUC,-0.0058,,
tfidf_full,Logistic,ForeignBornConcentration,0.7,9,5,EO_diff,0.066,,
tfidf_full,Logistic,ForeignBornConcentration,0.8,9,5,TPR,-0.0167,1.0,1.0
tfidf_full,Logistic,ForeignBornConcentration,0.8,9,5,FPR,-0.0012,2.0,2.0
tfidf_full,Logistic,ForeignBornConcentration,0.8,9,5,PPR,-0.0036,3.0,2.0
tfidf_full,Logistic,ForeignBornConcentration,0.8,9,5,AUC,-0.0058,,
tfidf_full,Logistic,ForeignBornConcentration,0.8,9,5,EO_diff,0.0366,,
tfidf_full,Logistic,ForeignBornConcentration,0.9,9,5,TPR,-0.0049,2.0,1.0
tfidf_full,Logistic,ForeignBornConcentration,0.9,9,5,FPR,-0.0005,1.0,1.0
tfidf_full,Logistic,ForeignBornConcentration,0.9,9,5,PPR,-0.0011,2.0,1.0
tfidf_full,Logistic,ForeignBornConcentration,0.9,9,5,AUC,-0.0058,,
tfidf_full,Logistic,ForeignBornConcentration,0.9,9,5,EO_diff,0.011,,
tfidf_full,Logistic,HispanicConcentration,0.2,10,4,TPR,-0.0056,0.0,0.0
tfidf_full,Logistic,HispanicConcentration,0.2,10,4,FPR,-0.0033,2.0,0.0
tfidf_full,Logistic,HispanicConcentration,0.2,10,4,PPR,-0.004,2.0,0.0
tfidf_full,Logistic,HispanicConcentration,0.2,10,4,AUC,-0.0145,,
tfidf_full,Logistic,HispanicConcentration,0.2,10,4,EO_diff,0.0156,,
tfidf_full,Logistic,HispanicConcentration,0.3,10,4,TPR,-0.0124,1.0,0.0
tfidf_full,Logistic,HispanicConcentration,0.3,10,4,FPR,-0.0046,1.0,0.0
tfidf_full,Logistic,HispanicConcentration,0.3,10,4,PPR,-0.0068,2.0,1.0
tfidf_full,Logistic,HispanicConcentration,0.3,10,4,AUC,-0.0145,,
tfidf_full,Logistic,HispanicConcentration,0.3,10,4,EO_diff,0.0342,,
tfidf_full,Logistic,HispanicConcentration,0.4,10,4,TPR,-0.0369,2.0,0.0
tfidf_full,Logistic,HispanicConcentration,0.4,10,4,FPR,-0.0143,2.0,1.0
tfidf_full,Logistic,HispanicConcentration,0.4,10,4,PPR,-0.0193,3.0,1.0
tfidf_full,Logistic,HispanicConcentration,0.4,10,4,AUC,-0.0145,,
tfidf_full,Logistic,HispanicConcentration,0.4,10,4,EO_diff,0.0546,,
tfidf_full,Logistic,HispanicConcentration,0.5,10,4,TPR,-0.0323,1.0,0.0
tfidf_full,Logistic,HispanicConcentration,0.5,10,4,FPR,-0.0071,0.0,0.0
tfidf_full,Logistic,HispanicConcentration,0.5,10,4,PPR,-0.0122,2.0,0.0
tfidf_full,Logistic,HispanicConcentration,0.5,10,4,AUC,-0.0145,,
tfidf_full,Logistic,HispanicConcentration,0.5,10,4,EO_diff,0.0512,,
tfidf_full,Logistic,HispanicConcentration,0.6,10,4,TPR,-0.0416,2.0,2.0
tfidf_full,Logistic,HispanicConcentration,0.6,10,4,FPR,-0.0071,1.0,1.0
tfidf_full,Logistic,HispanicConcentration,0.6,10,4,PPR,-0.0139,3.0,3.0
tfidf_full,Logistic,HispanicConcentration,0.6,10,4,AUC,-0.0145,,
tfidf_full,Logistic,HispanicConcentration,0.6,10,4,EO_diff,0.0513,,
tfidf_full,Logistic,HispanicConcentration,0.7,10,4,TPR,-0.0378,3.0,2.0
tfidf_full,Logistic,HispanicConcentration,0.7,10,4,FPR,-0.0087,3.0,1.0
tfidf_full,Logistic,HispanicConcentration,0.7,10,4,PPR,-0.0138,4.0,2.0
tfidf_full,Logistic,HispanicConcentration,0.7,10,4,AUC,-0.0145,,
tfidf_full,Logistic,HispanicConcentration,0.7,10,4,EO_diff,0.0605,,
tfidf_full,Logistic,HispanicConcentration,0.8,10,4,TPR,-0.0137,2.0,2.0
tfidf_full,Logistic,HispanicConcentration,0.8,10,4,FPR,-0.0009,2.0,2.0
tfidf_full,Logistic,HispanicConcentration,0.8,10,4,PPR,-0.0029,4.0,3.0
tfidf_full,Logistic,HispanicConcentration,0.8,10,4,AUC,-0.0145,,
tfidf_full,Logistic,HispanicConcentration,0.8,10,4,EO_diff,0.0406,,
tfidf_full,Logistic,HispanicConcentration,0.9,10,4,TPR,-0.0071,1.0,1.0
tfidf_full,Logistic,HispanicConcentration,0.9,10,4,FPR,-0.001,1.0,1.0
tfidf_full,Logistic,HispanicConcentration,0.9,10,4,PPR,-0.0018,2.0,2.0
tfidf_full,Logistic,HispanicConcentration,0.9,10,4,AUC,-0.0145,,
tfidf_full,Logistic,HispanicConcentration,0.9,10,4,EO_diff,0.0131,,
tfidf_full,Logistic,LimitedEnglishConcentration,0.2,9,5,TPR,-0.0037,0.0,0.0
tfidf_full,Logistic,LimitedEnglishConcentration,0.2,9,5,FPR,-0.0001,0.0,0.0
tfidf_full,Logistic,LimitedEnglishConcentration,0.2,9,5,PPR,-0.0009,1.0,0.0
tfidf_full,Logistic,LimitedEnglishConcentration,0.2,9,5,AUC,-0.0081,,
tfidf_full,Logistic,LimitedEnglishConcentration,0.2,9,5,EO_diff,0.0143,,
tfidf_full,Logistic,LimitedEnglishConcentration,0.3,9,5,TPR,-0.0019,0.0,0.0
tfidf_full,Logistic,LimitedEnglishConcentration,0.3,9,5,FPR,-0.0074,1.0,1.0
tfidf_full,Logistic,LimitedEnglishConcentration,0.3,9,5,PPR,-0.0071,2.0,1.0
tfidf_full,Logistic,LimitedEnglishConcentration,0.3,9,5,AUC,-0.0081,,
tfidf_full,Logistic,LimitedEnglishConcentration,0.3,9,5,EO_diff,0.029,,
tfidf_full,Logistic,LimitedEnglishConcentration,0.4,9,5,TPR,-0.0154,1.0,0.0
tfidf_full,Logistic,LimitedEnglishConcentration,0.4,9,5,FPR,-0.0195,3.0,2.0
tfidf_full,Logistic,LimitedEnglishConcentration,0.4,9,5,PPR,-0.0194,3.0,2.0
tfidf_full,Logistic,LimitedEnglishConcentration,0.4,9,5,AUC,-0.0081,,
tfidf_full,Logistic,LimitedEnglishConcentration,0.4,9,5,EO_diff,0.0446,,
tfidf_full,Logistic,LimitedEnglishConcentration,0.5,9,5,TPR,-0.0254,0.0,0.0
tfidf_full,Logistic,LimitedEnglishConcentration,0.5,9,5,FPR,-0.0115,0.0,0.0
tfidf_full,Logistic,LimitedEnglishConcentration,0.5,9,5,PPR,-0.014,1.0,0.0
tfidf_full,Logistic,LimitedEnglishConcentration,0.5,9,5,AUC,-0.0081,,
tfidf_full,Logistic,LimitedEnglishConcentration,0.5,9,5,EO_diff,0.0488,,
tfidf_full,Logistic,LimitedEnglishConcentration,0.6,9,5,TPR,-0.033,2.0,0.0
tfidf_full,Logistic,LimitedEnglishConcentration,0.6,9,5,FPR,-0.0069,1.0,1.0
tfidf_full,Logistic,LimitedEnglishConcentration,0.6,9,5,PPR,-0.0117,3.0,1.0
tfidf_full,Logistic,LimitedEnglishConcentration,0.6,9,5,AUC,-0.0081,,
tfidf_full,Logistic,LimitedEnglishConcentration,0.6,9,5,EO_diff,0.0442,,
tfidf_full,Logistic,LimitedEnglishConcentration,0.7,9,5,TPR,-0.046,2.0,0.0
tfidf_full,Logistic,LimitedEnglishConcentration,0.7,9,5,FPR,-0.0063,3.0,2.0
tfidf_full,Logistic,LimitedEnglishConcentration,0.7,9,5,PPR,-0.013,3.0,2.0
tfidf_full,Logistic,LimitedEnglishConcentration,0.7,9,5,AUC,-0.0081,,
tfidf_full,Logistic,LimitedEnglishConcentration,0.7,9,5,EO_diff,0.0604,,
tfidf_full,Logistic,LimitedEnglishConcentration,0.8,9,5,TPR,-0.01,1.0,0.0
tfidf_full,Logistic,LimitedEnglishConcentration,0.8,9,5,FPR,-0.0013,2.0,0.0
tfidf_full,Logistic,LimitedEnglishConcentration,0.8,9,5,PPR,-0.0024,3.0,0.0
tfidf_full,Logistic,LimitedEnglishConcentration,0.8,9,5,AUC,-0.0081,,
tfidf_full,Logistic,LimitedEnglishConcentration,0.8,9,5,EO_diff,0.0359,,
tfidf_full,Logistic,LimitedEnglishConcentration,0.9,9,5,TPR,-0.0042,1.0,1.0
tfidf_full,Logistic,LimitedEnglishConcentration,0.9,9,5,FPR,-0.0008,1.0,1.0
tfidf_full,Logistic,LimitedEnglishConcentration,0.9,9,5,PPR,-0.0013,2.0,2.0
tfidf_full,Logistic,LimitedEnglishConcentration,0.9,9,5,AUC,-0.0081,,
tfidf_full,Logistic,LimitedEnglishConcentration,0.9,9,5,EO_diff,0.0086,,
tfidf_full,Logistic,SES_group,0.2,14,0,TPR,-0.0002,1.0,0.0
tfidf_full,Logistic,SES_group,0.2,14,0,FPR,0.0386,10.0,9.0
tfidf_full,Logistic,SES_group,0.2,14,0,PPR,0.0352,10.0,10.0
tfidf_full,Logistic,SES_group,0.2,14,0,AUC,-0.0047,,
tfidf_full,Logistic,SES_group,0.2,14,0,EO_diff,0.0445,,
tfidf_full,Logistic,SES_group,0.3,14,0,TPR,0.0078,4.0,3.0
tfidf_full,Logistic,SES_group,0.3,14,0,FPR,0.0653,10.0,9.0
tfidf_full,Logistic,SES_group,0.3,14,0,PPR,0.061,10.0,10.0
tfidf_full,Logistic,SES_group,0.3,14,0,AUC,-0.0047,,
tfidf_full,Logistic,SES_group,0.3,14,0,EO_diff,0.0788,,
tfidf_full,Logistic,SES_group,0.4,14,0,TPR,0.0371,3.0,2.0
tfidf_full,Logistic,SES_group,0.4,14,0,FPR,0.0673,11.0,10.0
tfidf_full,Logistic,SES_group,0.4,14,0,PPR,0.069,11.0,11.0
tfidf_full,Logistic,SES_group,0.4,14,0,AUC,-0.0047,,
tfidf_full,Logistic,SES_group,0.4,14,0,EO_diff,0.0781,,
tfidf_full,Logistic,SES_group,0.5,14,0,TPR,0.0579,5.0,4.0
tfidf_full,Logistic,SES_group,0.5,14,0,FPR,0.0584,9.0,9.0
tfidf_full,Logistic,SES_group,0.5,14,0,PPR,0.0654,11.0,11.0
tfidf_full,Logistic,SES_group,0.5,14,0,AUC,-0.0047,,
tfidf_full,Logistic,SES_group,0.5,14,0,EO_diff,0.0925,,
tfidf_full,Logistic,SES_group,0.6,14,0,TPR,0.0631,6.0,5.0
tfidf_full,Logistic,SES_group,0.6,14,0,FPR,0.0431,9.0,8.0
tfidf_full,Logistic,SES_group,0.6,14,0,PPR,0.0521,11.0,9.0
tfidf_full,Logistic,SES_group,0.6,14,0,AUC,-0.0047,,
tfidf_full,Logistic,SES_group,0.6,14,0,EO_diff,0.0877,,
tfidf_full,Logistic,SES_group,0.7,14,0,TPR,0.0568,3.0,3.0
tfidf_full,Logistic,SES_group,0.7,14,0,FPR,0.023,4.0,3.0
tfidf_full,Logistic,SES_group,0.7,14,0,PPR,0.0321,9.0,9.0
tfidf_full,Logistic,SES_group,0.7,14,0,AUC,-0.0047,,
tfidf_full,Logistic,SES_group,0.7,14,0,EO_diff,0.0767,,
tfidf_full,Logistic,SES_group,0.8,14,0,TPR,0.0276,4.0,1.0
tfidf_full,Logistic,SES_group,0.8,14,0,FPR,0.0091,2.0,2.0
tfidf_full,Logistic,SES_group,0.8,14,0,PPR,0.0143,5.0,3.0
tfidf_full,Logistic,SES_group,0.8,14,0,AUC,-0.0047,,
tfidf_full,Logistic,SES_group,0.8,14,0,EO_diff,0.0345,,
tfidf_full,Logistic,SES_group,0.9,14,0,TPR,0.0017,1.0,0.0
tfidf_full,Logistic,SES_group,0.9,14,0,FPR,0.0005,0.0,0.0
tfidf_full,Logistic,SES_group,0.9,14,0,PPR,0.0011,1.0,0.0
tfidf_full,Logistic,SES_group,0.9,14,0,AUC,-0.0047,,
tfidf_full,Logistic,SES_group,0.9,14,0,EO_diff,0.0168,,
tfidf_full,Logistic,WhiteConcentration,0.2,10,4,TPR,0.001,0.0,0.0
tfidf_full,Logistic,WhiteConcentration,0.2,10,4,FPR,0.0004,0.0,0.0
tfidf_full,Logistic,WhiteConcentration,0.2,10,4,PPR,0.0002,0.0,0.0
tfidf_full,Logistic,WhiteConcentration,0.2,10,4,AUC,-0.0117,,
tfidf_full,Logistic,WhiteConcentration,0.2,10,4,EO_diff,0.0124,,
tfidf_full,Logistic,WhiteConcentration,0.3,10,4,TPR,-0.0103,0.0,0.0
tfidf_full,Logistic,WhiteConcentration,0.3,10,4,FPR,-0.0025,0.0,0.0
tfidf_full,Logistic,WhiteConcentration,0.3,10,4,PPR,-0.0044,0.0,0.0
tfidf_full,Logistic,WhiteConcentration,0.3,10,4,AUC,-0.0117,,
tfidf_full,Logistic,WhiteConcentration,0.3,10,4,EO_diff,0.0295,,
tfidf_full,Logistic,WhiteConcentration,0.4,10,4,TPR,-0.0035,0.0,0.0
tfidf_full,Logistic,WhiteConcentration,0.4,10,4,FPR,0.007,1.0,0.0
tfidf_full,Logistic,WhiteConcentration,0.4,10,4,PPR,0.0042,1.0,1.0
tfidf_full,Logistic,WhiteConcentration,0.4,10,4,AUC,-0.0117,,
tfidf_full,Logistic,WhiteConcentration,0.4,10,4,EO_diff,0.0379,,
tfidf_full,Logistic,WhiteConcentration,0.5,10,4,TPR,-0.0129,0.0,0.0
tfidf_full,Logistic,WhiteConcentration,0.5,10,4,FPR,0.0033,0.0,0.0
tfidf_full,Logistic,WhiteConcentration,0.5,10,4,PPR,-0.001,0.0,0.0
tfidf_full,Logistic,WhiteConcentration,0.5,10,4,AUC,-0.0117,,
tfidf_full,Logistic,WhiteConcentration,0.5,10,4,EO_diff,0.0381,,
tfidf_full,Logistic,WhiteConcentration,0.6,10,4,TPR,-0.0114,1.0,0.0
tfidf_full,Logistic,WhiteConcentration,0.6,10,4,FPR,0.0016,1.0,0.0
tfidf_full,Logistic,WhiteConcentration,0.6,10,4,PPR,-0.0019,2.0,0.0
tfidf_full,Logistic,WhiteConcentration,0.6,10,4,AUC,-0.0117,,
tfidf_full,Logistic,WhiteConcentration,0.6,10,4,EO_diff,0.0576,,
tfidf_full,Logistic,WhiteConcentration,0.7,10,4,TPR,0.0099,1.0,0.0
tfidf_full,Logistic,WhiteConcentration,0.7,10,4,FPR,0.0034,2.0,0.0
tfidf_full,Logistic,WhiteConcentration,0.7,10,4,PPR,0.0032,2.0,1.0
tfidf_full,Logistic,WhiteConcentration,0.7,10,4,AUC,-0.0117,,
tfidf_full,Logistic,WhiteConcentration,0.7,10,4,EO_diff,0.0537,,
tfidf_full,Logistic,WhiteConcentration,0.8,10,4,TPR,-0.0011,0.0,0.0
tfidf_full,Logistic,WhiteConcentration,0.8,10,4,FPR,0.001,3.0,0.0
tfidf_full,Logistic,WhiteConcentration,0.8,10,4,PPR,-0.0002,4.0,1.0
tfidf_full,Logistic,WhiteConcentration,0.8,10,4,AUC,-0.0117,,
tfidf_full,Logistic,WhiteConcentration,0.8,10,4,EO_diff,0.0433,,
tfidf_full,Logistic,WhiteConcentration,0.9,10,4,TPR,0.0004,0.0,0.0
tfidf_full,Logistic,WhiteConcentration,0.9,10,4,FPR,0.001,1.0,1.0
tfidf_full,Logistic,WhiteConcentration,0.9,10,4,PPR,0.0008,1.0,1.0
tfidf_full,Logistic,WhiteConcentration,0.9,10,4,AUC,-0.0117,,
tfidf_full,Logistic,WhiteConcentration,0.9,10,4,EO_diff,0.0069,,
tfidf_full,RandomForest,AsianConcentration,0.2,7,7,TPR,0.0,0.0,0.0
tfidf_full,RandomForest,AsianConcentration,0.2,7,7,FPR,0.0,0.0,0.0
tfidf_full,RandomForest,AsianConcentration,0.2,7,7,PPR,0.0,0.0,0.0
tfidf_full,RandomForest,AsianConcentration,0.2,7,7,AUC,0.0031,,
tfidf_full,RandomForest,AsianConcentration,0.2,7,7,EO_diff,0.0,,
tfidf_full,RandomForest,AsianConcentration,0.3,7,7,TPR,-0.0002,0.0,0.0
tfidf_full,RandomForest,AsianConcentration,0.3,7,7,FPR,-0.0021,0.0,0.0
tfidf_full,RandomForest,AsianConcentration,0.3,7,7,PPR,-0.0019,0.0,0.0
tfidf_full,RandomForest,AsianConcentration,0.3,7,7,AUC,0.0031,,
tfidf_full,RandomForest,AsianConcentration,0.3,7,7,EO_diff,0.0021,,
tfidf_full,RandomForest,AsianConcentration,0.4,7,7,TPR,-0.0088,0.0,0.0
tfidf_full,RandomForest,AsianConcentration,0.4,7,7,FPR,-0.0243,4.0,4.0
tfidf_full,RandomForest,AsianConcentration,0.4,7,7,PPR,-0.0232,4.0,4.0
tfidf_full,RandomForest,AsianConcentration,0.4,7,7,AUC,0.0031,,
tfidf_full,RandomForest,AsianConcentration,0.4,7,7,EO_diff,0.0308,,
tfidf_full,RandomForest,AsianConcentration,0.5,7,7,TPR,-0.0194,1.0,1.0
tfidf_full,RandomForest,AsianConcentration,0.5,7,7,FPR,-0.043,4.0,4.0
tfidf_full,RandomForest,AsianConcentration,0.5,7,7,PPR,-0.0412,4.0,4.0
tfidf_full,RandomForest,AsianConcentration,0.5,7,7,AUC,0.0031,,
tfidf_full,RandomForest,AsianConcentration,0.5,7,7,EO_diff,0.0665,,
tfidf_full,RandomForest,AsianConcentration,0.6,7,7,TPR,-0.0402,2.0,1.0
tfidf_full,RandomForest,AsianConcentration,0.6,7,7,FPR,-0.0092,0.0,0.0
tfidf_full,RandomForest,AsianConcentration,0.6,7,7,PPR,-0.0138,2.0,0.0
tfidf_full,RandomForest,AsianConcentration,0.6,7,7,AUC,0.0031,,
tfidf_full,RandomForest,AsianConcentration,0.6,7,7,EO_diff,0.0466,,
tfidf_full,RandomForest,AsianConcentration,0.7,7,7,TPR,0.0,0.0,0.0
tfidf_full,RandomForest,AsianConcentration,0.7,7,7,FPR,0.0,0.0,0.0
tfidf_full,RandomForest,AsianConcentration,0.7,7,7,PPR,0.0,0.0,0.0
tfidf_full,RandomForest,AsianConcentration,0.7,7,7,AUC,0.0031,,
tfidf_full,RandomForest,AsianConcentration,0.7,7,7,EO_diff,0.0,,
tfidf_full,RandomForest,AsianConcentration,0.8,7,7,TPR,0.0,0.0,0.0
tfidf_full,RandomForest,AsianConcentration,0.8,7,7,FPR,0.0,0.0,0.0
tfidf_full,RandomForest,AsianConcentration,0.8,7,7,PPR,0.0,0.0,0.0
tfidf_full,RandomForest,AsianConcentration,0.8,7,7,AUC,0.0031,,
tfidf_full,RandomForest,AsianConcentration,0.8,7,7,EO_diff,0.0,,
tfidf_full,RandomForest,AsianConcentration,0.9,7,7,TPR,0.0,0.0,0.0
tfidf_full,RandomForest,AsianConcentration,0.9,7,7,FPR,0.0,0.0,0.0
tfidf_full,RandomForest,AsianConcentration,0.9,7,7,PPR,0.0,0.0,0.0
tfidf_full,RandomForest,AsianConcentration,0.9,7,7,AUC,0.0031,,
tfidf_full,RandomForest,AsianConcentration,0.9,7,7,EO_diff,0.0,,
tfidf_full,RandomForest,BlackConcentration,0.2,12,2,TPR,0.0,0.0,0.0
tfidf_full,RandomForest,BlackConcentration,0.2,12,2,FPR,0.0,0.0,0.0
tfidf_full,RandomForest,BlackConcentration,0.2,12,2,PPR,0.0,0.0,0.0
tfidf_full,RandomForest,BlackConcentration,0.2,12,2,AUC,0.0119,,
tfidf_full,RandomForest,BlackConcentration,0.2,12,2,EO_diff,0.0,,
tfidf_full,RandomForest,BlackConcentration,0.3,12,2,TPR,0.0018,0.0,0.0
tfidf_full,RandomForest,BlackConcentration,0.3,12,2,FPR,-0.0031,1.0,0.0
tfidf_full,RandomForest,BlackConcentration,0.3,12,2,PPR,-0.0022,1.0,0.0
tfidf_full,RandomForest,BlackConcentration,0.3,12,2,AUC,0.0119,,
tfidf_full,RandomForest,BlackConcentration,0.3,12,2,EO_diff,0.008,,
tfidf_full,RandomForest,BlackConcentration,0.4,12,2,TPR,0.0107,0.0,0.0
tfidf_full,RandomForest,BlackConcentration,0.4,12,2,FPR,0.0013,0.0,0.0
tfidf_full,RandomForest,BlackConcentration,0.4,12,2,PPR,0.004,1.0,0.0
tfidf_full,RandomForest,BlackConcentration,0.4,12,2,AUC,0.0119,,
tfidf_full,RandomForest,BlackConcentration,0.4,12,2,EO_diff,0.0222,,
tfidf_full,RandomForest,BlackConcentration,0.5,12,2,TPR,0.0351,2.0,0.0
tfidf_full,RandomForest,BlackConcentration,0.5,12,2,FPR,0.0072,1.0,0.0
tfidf_full,RandomForest,BlackConcentration,0.5,12,2,PPR,0.0141,2.0,0.0
tfidf_full,RandomForest,BlackConcentration,0.5,12,2,AUC,0.0119,,
tfidf_full,RandomForest,BlackConcentration,0.5,12,2,EO_diff,0.0621,,
tfidf_full,RandomForest,BlackConcentration,0.6,12,2,TPR,-0.0016,0.0,0.0
tfidf_full,RandomForest,BlackConcentration,0.6,12,2,FPR,-0.0006,0.0,0.0
tfidf_full,RandomForest,BlackConcentration,0.6,12,2,PPR,0.0001,1.0,1.0
tfidf_full,RandomForest,BlackConcentration,0.6,12,2,AUC,0.0119,,
tfidf_full,RandomForest,BlackConcentration,0.6,12,2,EO_diff,0.0262,,
tfidf_full,RandomForest,BlackConcentration,0.7,12,2,TPR,0.0,0.0,0.0
tfidf_full,RandomForest,BlackConcentration,0.7,12,2,FPR,0.0,0.0,0.0
tfidf_full,RandomForest,BlackConcentration,0.7,12,2,PPR,0.0,0.0,0.0
tfidf_full,RandomForest,BlackConcentration,0.7,12,2,AUC,0.0119,,
tfidf_full,RandomForest,BlackConcentration,0.7,12,2,EO_diff,0.0,,
tfidf_full,RandomForest,BlackConcentration,0.8,12,2,TPR,0.0,0.0,0.0
tfidf_full,RandomForest,BlackConcentration,0.8,12,2,FPR,0.0,0.0,0.0
tfidf_full,RandomForest,BlackConcentration,0.8,12,2,PPR,0.0,0.0,0.0
tfidf_full,RandomForest,BlackConcentration,0.8,12,2,AUC,0.0119,,
tfidf_full,RandomForest,BlackConcentration,0.8,12,2,EO_diff,0.0,,
tfidf_full,RandomForest,BlackConcentration,0.9,12,2,TPR,0.0,0.0,0.0
tfidf_full,RandomForest,BlackConcentration,0.9,12,2,FPR,0.0,0.0,0.0
tfidf_full,RandomForest,BlackConcentration,0.9,12,2,PPR,0.0,0.0,0.0
tfidf_full,RandomForest,BlackConcentration,0.9,12,2,AUC,0.0119,,
tfidf_full,RandomForest,BlackConcentration,0.9,12,2,EO_diff,0.0,,
tfidf_full,RandomForest,ForeignBornConcentration,0.2,9,5,TPR,0.0,0.0,0.0
tfidf_full,RandomForest,ForeignBornConcentration,0.2,9,5,FPR,0.0,0.0,0.0
tfidf_full,RandomForest,ForeignBornConcentration,0.2,9,5,PPR,0.0,0.0,0.0
tfidf_full,RandomForest,ForeignBornConcentration,0.2,9,5,AUC,-0.0065,,
tfidf_full,RandomForest,ForeignBornConcentration,0.2,9,5,EO_diff,0.0,,
tfidf_full,RandomForest,ForeignBornConcentration,0.3,9,5,TPR,-0.0021,0.0,0.0
tfidf_full,RandomForest,ForeignBornConcentration,0.3,9,5,FPR,-0.0028,0.0,0.0
tfidf_full,RandomForest,ForeignBornConcentration,0.3,9,5,PPR,-0.0026,0.0,0.0
tfidf_full,RandomForest,ForeignBornConcentration,0.3,9,5,AUC,-0.0065,,
tfidf_full,RandomForest,ForeignBornConcentration,0.3,9,5,EO_diff,0.0054,,
tfidf_full,RandomForest,ForeignBornConcentration,0.4,9,5,TPR,-0.0135,1.0,0.0
tfidf_full,RandomForest,ForeignBornConcentration,0.4,9,5,FPR,-0.0241,4.0,3.0
tfidf_full,RandomForest,ForeignBornConcentration,0.4,9,5,PPR,-0.0236,4.0,4.0
tfidf_full,RandomForest,ForeignBornConcentration,0.4,9,5,AUC,-0.0065,,
tfidf_full,RandomForest,ForeignBornConcentration,0.4,9,5,EO_diff,0.0329,,
tfidf_full,RandomForest,ForeignBornConcentration,0.5,9,5,TPR,-0.0226,1.0,0.0
tfidf_full,RandomForest,ForeignBornConcentration,0.5,9,5,FPR,-0.0286,5.0,3.0
tfidf_full,RandomForest,ForeignBornConcentration,0.5,9,5,PPR,-0.0293,5.0,4.0
tfidf_full,RandomForest,ForeignBornConcentration,0.5,9,5,AUC,-0.0065,,
tfidf_full,RandomForest,ForeignBornConcentration,0.5,9,5,EO_diff,0.0634,,
tfidf_full,RandomForest,ForeignBornConcentration,0.6,9,5,TPR,-0.041,3.0,3.0
tfidf_full,RandomForest,ForeignBornConcentration,0.6,9,5,FPR,-0.0079,3.0,2.0
tfidf_full,RandomForest,ForeignBornConcentration,0.6,9,5,PPR,-0.0131,5.0,5.0
tfidf_full,RandomForest,ForeignBornConcentration,0.6,9,5,AUC,-0.0065,,
tfidf_full,RandomForest,ForeignBornConcentration,0.6,9,5,EO_diff,0.0555,,
tfidf_full,RandomForest,ForeignBornConcentration,0.7,9,5,TPR,0.0,0.0,0.0
tfidf_full,RandomForest,ForeignBornConcentration,0.7,9,5,FPR,0.0,0.0,0.0
tfidf_full,RandomForest,ForeignBornConcentration,0.7,9,5,PPR,0.0,0.0,0.0
tfidf_full,RandomForest,ForeignBornConcentration,0.7,9,5,AUC,-0.0065,,
tfidf_full,RandomForest,ForeignBornConcentration,0.7,9,5,EO_diff,0.0,,
tfidf_full,RandomForest,ForeignBornConcentration,0.8,9,5,TPR,0.0,0.0,0.0
tfidf_full,RandomForest,ForeignBornConcentration,0.8,9,5,FPR,0.0,0.0,0.0
tfidf_full,RandomForest,ForeignBornConcentration,0.8,9,5,PPR,0.0,0.0,0.0
tfidf_full,RandomForest,ForeignBornConcentration,0.8,9,5,AUC,-0.0065,,
tfidf_full,RandomForest,ForeignBornConcentration,0.8,9,5,EO_diff,0.0,,
tfidf_full,RandomForest,ForeignBornConcentration,0.9,9,5,TPR,0.0,0.0,0.0
tfidf_full,RandomForest,ForeignBornConcentration,0.9,9,5,FPR,0.0,0.0,0.0
tfidf_full,RandomForest,ForeignBornConcentration,0.9,9,5,PPR,0.0,0.0,0.0
tfidf_full,RandomForest,ForeignBornConcentration,0.9,9,5,AUC,-0.0065,,
tfidf_full,RandomForest,ForeignBornConcentration,0.9,9,5,EO_diff,0.0,,
tfidf_full,RandomForest,HispanicConcentration,0.2,10,4,TPR,0.0,0.0,0.0
tfidf_full,RandomForest,HispanicConcentration,0.2,10,4,FPR,0.0,0.0,0.0
tfidf_full,RandomForest,HispanicConcentration,0.2,10,4,PPR,0.0,0.0,0.0
tfidf_full,RandomForest,HispanicConcentration,0.2,10,4,AUC,-0.0095,,
tfidf_full,RandomForest,HispanicConcentration,0.2,10,4,EO_diff,0.0,,
tfidf_full,RandomForest,HispanicConcentration,0.3,10,4,TPR,-0.0011,0.0,0.0
tfidf_full,RandomForest,HispanicConcentration,0.3,10,4,FPR,-0.0023,0.0,0.0
tfidf_full,RandomForest,HispanicConcentration,0.3,10,4,PPR,-0.0021,0.0,0.0
tfidf_full,RandomForest,HispanicConcentration,0.3,10,4,AUC,-0.0095,,
tfidf_full,RandomForest,HispanicConcentration,0.3,10,4,EO_diff,0.0057,,
tfidf_full,RandomForest,HispanicConcentration,0.4,10,4,TPR,-0.015,0.0,0.0
tfidf_full,RandomForest,HispanicConcentration,0.4,10,4,FPR,-0.0138,1.0,0.0
tfidf_full,RandomForest,HispanicConcentration,0.4,10,4,PPR,-0.0149,1.0,1.0
tfidf_full,RandomForest,HispanicConcentration,0.4,10,4,AUC,-0.0095,,
tfidf_full,RandomForest,HispanicConcentration,0.4,10,4,EO_diff,0.0299,,
tfidf_full,RandomForest,HispanicConcentration,0.5,10,4,TPR,-0.0155,1.0,0.0
tfidf_full,RandomForest,HispanicConcentration,0.5,10,4,FPR,-0.017,3.0,0.0
tfidf_full,RandomForest,HispanicConcentration,0.5,10,4,PPR,-0.0179,3.0,3.0
tfidf_full,RandomForest,HispanicConcentration,0.5,10,4,AUC,-0.0095,,
tfidf_full,RandomForest,HispanicConcentration,0.5,10,4,EO_diff,0.0348,,
tfidf_full,RandomForest,HispanicConcentration,0.6,10,4,TPR,-0.0337,2.0,1.0
tfidf_full,RandomForest,HispanicConcentration,0.6,10,4,FPR,-0.0076,4.0,4.0
tfidf_full,RandomForest,HispanicConcentration,0.6,10,4,PPR,-0.0117,5.0,4.0
tfidf_full,RandomForest,HispanicConcentration,0.6,10,4,AUC,-0.0095,,
tfidf_full,RandomForest,HispanicConcentration,0.6,10,4,EO_diff,0.0459,,
tfidf_full,RandomForest,HispanicConcentration,0.7,10,4,TPR,0.0,0.0,0.0
tfidf_full,RandomForest,HispanicConcentration,0.7,10,4,FPR,0.0,0.0,0.0
tfidf_full,RandomForest,HispanicConcentration,0.7,10,4,PPR,0.0,0.0,0.0
tfidf_full,RandomForest,HispanicConcentration,0.7,10,4,AUC,-0.0095,,
tfidf_full,RandomForest,HispanicConcentration,0.7,10,4,EO_diff,0.0,,
tfidf_full,RandomForest,HispanicConcentration,0.8,10,4,TPR,0.0,0.0,0.0
tfidf_full,RandomForest,HispanicConcentration,0.8,10,4,FPR,0.0,0.0,0.0
tfidf_full,RandomForest,HispanicConcentration,0.8,10,4,PPR,0.0,0.0,0.0
tfidf_full,RandomForest,HispanicConcentration,0.8,10,4,AUC,-0.0095,,
tfidf_full,RandomForest,HispanicConcentration,0.8,10,4,EO_diff,0.0,,
tfidf_full,RandomForest,HispanicConcentration,0.9,10,4,TPR,0.0,0.0,0.0
tfidf_full,RandomForest,HispanicConcentration,0.9,10,4,FPR,0.0,0.0,0.0
tfidf_full,RandomForest,HispanicConcentration,0.9,10,4,PPR,0.0,0.0,0.0
tfidf_full,RandomForest,HispanicConcentration,0.9,10,4,AUC,-0.0095,,
tfidf_full,RandomForest,HispanicConcentration,0.9,10,4,EO_diff,0.0,,
tfidf_full,RandomForest,LimitedEnglishConcentration,0.2,9,5,TPR,0.0,0.0,0.0
tfidf_full,RandomForest,LimitedEnglishConcentration,0.2,9,5,FPR,0.0,0.0,0.0
tfidf_full,RandomForest,LimitedEnglishConcentration,0.2,9,5,PPR,0.0,0.0,0.0
tfidf_full,RandomForest,LimitedEnglishConcentration,0.2,9,5,AUC,-0.0019,,
tfidf_full,RandomForest,LimitedEnglishConcentration,0.2,9,5,EO_diff,0.0,,
tfidf_full,RandomForest,LimitedEnglishConcentration,0.3,9,5,TPR,0.0006,0.0,0.0
tfidf_full,RandomForest,LimitedEnglishConcentration,0.3,9,5,FPR,-0.0022,0.0,0.0
tfidf_full,RandomForest,LimitedEnglishConcentration,0.3,9,5,PPR,-0.0017,0.0,0.0
tfidf_full,RandomForest,LimitedEnglishConcentration,0.3,9,5,AUC,-0.0019,,
tfidf_full,RandomForest,LimitedEnglishConcentration,0.3,9,5,EO_diff,0.006,,
tfidf_full,RandomForest,LimitedEnglishConcentration,0.4,9,5,TPR,-0.0093,0.0,0.0
tfidf_full,RandomForest,LimitedEnglishConcentration,0.4,9,5,FPR,-0.0237,3.0,1.0
tfidf_full,RandomForest,LimitedEnglishConcentration,0.4,9,5,PPR,-0.0218,4.0,3.0
tfidf_full,RandomForest,LimitedEnglishConcentration,0.4,9,5,AUC,-0.0019,,
tfidf_full,RandomForest,LimitedEnglishConcentration,0.4,9,5,EO_diff,0.0327,,
tfidf_full,RandomForest,LimitedEnglishConcentration,0.5,9,5,TPR,-0.0176,0.0,0.0
tfidf_full,RandomForest,LimitedEnglishConcentration,0.5,9,5,FPR,-0.0278,3.0,2.0
tfidf_full,RandomForest,LimitedEnglishConcentration,0.5,9,5,PPR,-0.0267,4.0,3.0
tfidf_full,RandomForest,LimitedEnglishConcentration,0.5,9,5,AUC,-0.0019,,
tfidf_full,RandomForest,LimitedEnglishConcentration,0.5,9,5,EO_diff,0.042,,
tfidf_full,RandomForest,LimitedEnglishConcentration,0.6,9,5,TPR,-0.0249,1.0,0.0
tfidf_full,RandomForest,LimitedEnglishConcentration,0.6,9,5,FPR,-0.0096,4.0,4.0
tfidf_full,RandomForest,LimitedEnglishConcentration,0.6,9,5,PPR,-0.0118,4.0,4.0
tfidf_full,RandomForest,LimitedEnglishConcentration,0.6,9,5,AUC,-0.0019,,
tfidf_full,RandomForest,LimitedEnglishConcentration,0.6,9,5,EO_diff,0.0443,,
tfidf_full,RandomForest,LimitedEnglishConcentration,0.7,9,5,TPR,0.0,0.0,0.0
tfidf_full,RandomForest,LimitedEnglishConcentration,0.7,9,5,FPR,0.0,0.0,0.0
tfidf_full,RandomForest,LimitedEnglishConcentration,0.7,9,5,PPR,0.0,0.0,0.0
tfidf_full,RandomForest,LimitedEnglishConcentration,0.7,9,5,AUC,-0.0019,,
tfidf_full,RandomForest,LimitedEnglishConcentration,0.7,9,5,EO_diff,0.0,,
tfidf_full,RandomForest,LimitedEnglishConcentration,0.8,9,5,TPR,0.0,0.0,0.0
tfidf_full,RandomForest,LimitedEnglishConcentration,0.8,9,5,FPR,0.0,0.0,0.0
tfidf_full,RandomForest,LimitedEnglishConcentration,0.8,9,5,PPR,0.0,0.0,0.0
tfidf_full,RandomForest,LimitedEnglishConcentration,0.8,9,5,AUC,-0.0019,,
tfidf_full,RandomForest,LimitedEnglishConcentration,0.8,9,5,EO_diff,0.0,,
tfidf_full,RandomForest,LimitedEnglishConcentration,0.9,9,5,TPR,0.0,0.0,0.0
tfidf_full,RandomForest,LimitedEnglishConcentration,0.9,9,5,FPR,0.0,0.0,0.0
tfidf_full,RandomForest,LimitedEnglishConcentration,0.9,9,5,PPR,0.0,0.0,0.0
tfidf_full,RandomForest,LimitedEnglishConcentration,0.9,9,5,AUC,-0.0019,,
tfidf_full,RandomForest,LimitedEnglishConcentration,0.9,9,5,EO_diff,0.0,,
tfidf_full,RandomForest,SES_group,0.2,14,0,TPR,0.0,0.0,0.0
tfidf_full,RandomForest,SES_group,0.2,14,0,FPR,0.0,0.0,0.0
tfidf_full,RandomForest,SES_group,0.2,14,0,PPR,0.0,0.0,0.0
tfidf_full,RandomForest,SES_group,0.2,14,0,AUC,-0.0066,,
tfidf_full,RandomForest,SES_group,0.2,14,0,EO_diff,0.0,,
tfidf_full,RandomForest,SES_group,0.3,14,0,TPR,0.0006,0.0,0.0
tfidf_full,RandomForest,SES_group,0.3,14,0,FPR,0.0062,2.0,0.0
tfidf_full,RandomForest,SES_group,0.3,14,0,PPR,0.0057,2.0,0.0
tfidf_full,RandomForest,SES_group,0.3,14,0,AUC,-0.0066,,
tfidf_full,RandomForest,SES_group,0.3,14,0,EO_diff,0.0081,,
tfidf_full,RandomForest,SES_group,0.4,14,0,TPR,0.0031,1.0,0.0
tfidf_full,RandomForest,SES_group,0.4,14,0,FPR,0.0299,7.0,4.0
tfidf_full,RandomForest,SES_group,0.4,14,0,PPR,0.0295,7.0,7.0
tfidf_full,RandomForest,SES_group,0.4,14,0,AUC,-0.0066,,
tfidf_full,RandomForest,SES_group,0.4,14,0,EO_diff,0.0483,,
tfidf_full,RandomForest,SES_group,0.5,14,0,TPR,0.0264,3.0,1.0
tfidf_full,RandomForest,SES_group,0.5,14,0,FPR,0.0236,8.0,5.0
tfidf_full,RandomForest,SES_group,0.5,14,0,PPR,0.0303,8.0,4.0
tfidf_full,RandomForest,SES_group,0.5,14,0,AUC,-0.0066,,
tfidf_full,RandomForest,SES_group,0.5,14,0,EO_diff,0.0679,,
tfidf_full,RandomForest,SES_group,0.6,14,0,TPR,-0.0015,1.0,0.0
tfidf_full,RandomForest,SES_group,0.6,14,0,FPR,0.0045,5.0,1.0
tfidf_full,RandomForest,SES_group,0.6,14,0,PPR,0.0047,2.0,1.0
tfidf_full,RandomForest,SES_group,0.6,14,0,AUC,-0.0066,,
tfidf_full,RandomForest,SES_group,0.6,14,0,EO_diff,0.0249,,
tfidf_full,RandomForest,SES_group,0.7,14,0,TPR,0.0,0.0,0.0
tfidf_full,RandomForest,SES_group,0.7,14,0,FPR,0.0,0.0,0.0
tfidf_full,RandomForest,SES_group,0.7,14,0,PPR,0.0,0.0,0.0
tfidf_full,RandomForest,SES_group,0.7,14,0,AUC,-0.0066,,
tfidf_full,RandomForest,SES_group,0.7,14,0,EO_diff,0.0,,
tfidf_full,RandomForest,SES_group,0.8,14,0,TPR,0.0,0.0,0.0
tfidf_full,RandomForest,SES_group,0.8,14,0,FPR,0.0,0.0,0.0
tfidf_full,RandomForest,SES_group,0.8,14,0,PPR,0.0,0.0,0.0
tfidf_full,RandomForest,SES_group,0.8,14,0,AUC,-0.0066,,
tfidf_full,RandomForest,SES_group,0.8,14,0,EO_diff,0.0,,
tfidf_full,RandomForest,SES_group,0.9,14,0,TPR,0.0,0.0,0.0
tfidf_full,RandomForest,SES_group,0.9,14,0,FPR,0.0,0.0,0.0
tfidf_full,RandomForest,SES_group,0.9,14,0,PPR,0.0,0.0,0.0
tfidf_full,RandomForest,SES_group,0.9,14,0,AUC,-0.0066,,
tfidf_full,RandomForest,SES_group,0.9,14,0,EO_diff,0.0,,
tfidf_full,RandomForest,WhiteConcentration,0.2,10,4,TPR,0.0,0.0,0.0
tfidf_full,RandomForest,WhiteConcentration,0.2,10,4,FPR,0.0,0.0,0.0
tfidf_full,RandomForest,WhiteConcentration,0.2,10,4,PPR,0.0,0.0,0.0
tfidf_full,RandomForest,WhiteConcentration,0.2,10,4,AUC,-0.0145,,
tfidf_full,RandomForest,WhiteConcentration,0.2,10,4,EO_diff,0.0,,
tfidf_full,RandomForest,WhiteConcentration,0.3,10,4,TPR,-0.0129,1.0,1.0
tfidf_full,RandomForest,WhiteConcentration,0.3,10,4,FPR,0.002,0.0,0.0
tfidf_full,RandomForest,WhiteConcentration,0.3,10,4,PPR,-0.0002,0.0,0.0
tfidf_full,RandomForest,WhiteConcentration,0.3,10,4,AUC,-0.0145,,
tfidf_full,RandomForest,WhiteConcentration,0.3,10,4,EO_diff,0.0162,,
tfidf_full,RandomForest,WhiteConcentration,0.4,10,4,TPR,-0.0065,0.0,0.0
tfidf_full,RandomForest,WhiteConcentration,0.4,10,4,FPR,0.0104,1.0,0.0
tfidf_full,RandomForest,WhiteConcentration,0.4,10,4,PPR,0.0074,1.0,0.0
tfidf_full,RandomForest,WhiteConcentration,0.4,10,4,AUC,-0.0145,,
tfidf_full,RandomForest,WhiteConcentration,0.4,10,4,EO_diff,0.0262,,
tfidf_full,RandomForest,WhiteConcentration,0.5,10,4,TPR,-0.0185,0.0,0.0
tfidf_full,RandomForest,WhiteConcentration,0.5,10,4,FPR,0.0077,2.0,0.0
tfidf_full,RandomForest,WhiteConcentration,0.5,10,4,PPR,0.0021,2.0,0.0
tfidf_full,RandomForest,WhiteConcentration,0.5,10,4,AUC,-0.0145,,
tfidf_full,RandomForest,WhiteConcentration,0.5,10,4,EO_diff,0.0452,,
tfidf_full,RandomForest,WhiteConcentration,0.6,10,4,TPR,0.0162,0.0,0.0
tfidf_full,RandomForest,WhiteConcentration,0.6,10,4,FPR,0.0051,1.0,0.0
tfidf_full,RandomForest,WhiteConcentration,0.6,10,4,PPR,0.0062,3.0,0.0
tfidf_full,RandomForest,WhiteConcentration,0.6,10,4,AUC,-0.0145,,
tfidf_full,RandomForest,WhiteConcentration,0.6,10,4,EO_diff,0.0336,,
tfidf_full,RandomForest,WhiteConcentration,0.7,10,4,TPR,0.0,0.0,0.0
tfidf_full,RandomForest,WhiteConcentration,0.7,10,4,FPR,0.0,0.0,0.0
tfidf_full,RandomForest,WhiteConcentration,0.7,10,4,PPR,0.0,0.0,0.0
tfidf_full,RandomForest,WhiteConcentration,0.7,10,4,AUC,-0.0145,,
tfidf_full,RandomForest,WhiteConcentration,0.7,10,4,EO_diff,0.0,,
tfidf_full,RandomForest,WhiteConcentration,0.8,10,4,TPR,0.0,0.0,0.0
tfidf_full,RandomForest,WhiteConcentration,0.8,10,4,FPR,0.0,0.0,0.0
tfidf_full,RandomForest,WhiteConcentration,0.8,10,4,PPR,0.0,0.0,0.0
tfidf_full,RandomForest,WhiteConcentration,0.8,10,4,AUC,-0.0145,,
tfidf_full,RandomForest,WhiteConcentration,0.8,10,4,EO_diff,0.0,,
tfidf_full,RandomForest,WhiteConcentration,0.9,10,4,TPR,0.0,0.0,0.0
tfidf_full,RandomForest,WhiteConcentration,0.9,10,4,FPR,0.0,0.0,0.0
tfidf_full,RandomForest,WhiteConcentration,0.9,10,4,PPR,0.0,0.0,0.0
tfidf_full,RandomForest,WhiteConcentration,0.9,10,4,AUC,-0.0145,,
tfidf_full,RandomForest,WhiteConcentration,0.9,10,4,EO_diff,0.0,,
tfidf_full,XGBoost,AsianConcentration,0.2,7,7,TPR,-0.0091,0.0,0.0
tfidf_full,XGBoost,AsianConcentration,0.2,7,7,FPR,-0.024,5.0,5.0
tfidf_full,XGBoost,AsianConcentration,0.2,7,7,PPR,-0.0221,5.0,5.0
tfidf_full,XGBoost,AsianConcentration,0.2,7,7,AUC,0.0134,,
tfidf_full,XGBoost,AsianConcentration,0.2,7,7,EO_diff,0.026,,
tfidf_full,XGBoost,AsianConcentration,0.3,7,7,TPR,-0.0135,0.0,0.0
tfidf_full,XGBoost,AsianConcentration,0.3,7,7,FPR,-0.0567,5.0,5.0
tfidf_full,XGBoost,AsianConcentration,0.3,7,7,PPR,-0.0514,5.0,5.0
tfidf_full,XGBoost,AsianConcentration,0.3,7,7,AUC,0.0134,,
tfidf_full,XGBoost,AsianConcentration,0.3,7,7,EO_diff,0.0577,,
tfidf_full,XGBoost,AsianConcentration,0.4,7,7,TPR,-0.0289,1.0,1.0
tfidf_full,XGBoost,AsianConcentration,0.4,7,7,FPR,-0.0782,6.0,6.0
tfidf_full,XGBoost,AsianConcentration,0.4,7,7,PPR,-0.0724,6.0,6.0
tfidf_full,XGBoost,AsianConcentration,0.4,7,7,AUC,0.0134,,
tfidf_full,XGBoost,AsianConcentration,0.4,7,7,EO_diff,0.0782,,
tfidf_full,XGBoost,AsianConcentration,0.5,7,7,TPR,-0.0165,1.0,1.0
tfidf_full,XGBoost,AsianConcentration,0.5,7,7,FPR,-0.0661,6.0,6.0
tfidf_full,XGBoost,AsianConcentration,0.5,7,7,PPR,-0.0603,6.0,6.0
tfidf_full,XGBoost,AsianConcentration,0.5,7,7,AUC,0.0134,,
tfidf_full,XGBoost,AsianConcentration,0.5,7,7,EO_diff,0.08,,
tfidf_full,XGBoost,AsianConcentration,0.6,7,7,TPR,-0.0755,1.0,1.0
tfidf_full,XGBoost,AsianConcentration,0.6,7,7,FPR,-0.0534,6.0,6.0
tfidf_full,XGBoost,AsianConcentration,0.6,7,7,PPR,-0.0584,6.0,6.0
tfidf_full,XGBoost,AsianConcentration,0.6,7,7,AUC,0.0134,,
tfidf_full,XGBoost,AsianConcentration,0.6,7,7,EO_diff,0.0856,,
tfidf_full,XGBoost,AsianConcentration,0.7,7,7,TPR,-0.0508,2.0,1.0
tfidf_full,XGBoost,AsianConcentration,0.7,7,7,FPR,-0.0237,3.0,3.0
tfidf_full,XGBoost,AsianConcentration,0.7,7,7,PPR,-0.0286,4.0,3.0
tfidf_full,XGBoost,AsianConcentration,0.7,7,7,AUC,0.0134,,
tfidf_full,XGBoost,AsianConcentration,0.7,7,7,EO_diff,0.0559,,
tfidf_full,XGBoost,AsianConcentration,0.8,7,7,TPR,0.0031,0.0,0.0
tfidf_full,XGBoost,AsianConcentration,0.8,7,7,FPR,-0.0019,0.0,0.0
tfidf_full,XGBoost,AsianConcentration,0.8,7,7,PPR,-0.0013,0.0,0.0
tfidf_full,XGBoost,AsianConcentration,0.8,7,7,AUC,0.0134,,
tfidf_full,XGBoost,AsianConcentration,0.8,7,7,EO_diff,0.0098,,
tfidf_full,XGBoost,AsianConcentration,0.9,7,7,TPR,0.0,0.0,0.0
tfidf_full,XGBoost,AsianConcentration,0.9,7,7,FPR,0.0,0.0,0.0
tfidf_full,XGBoost,AsianConcentration,0.9,7,7,PPR,0.0,0.0,0.0
tfidf_full,XGBoost,AsianConcentration,0.9,7,7,AUC,0.0134,,
tfidf_full,XGBoost,AsianConcentration,0.9,7,7,EO_diff,0.0,,
tfidf_full,XGBoost,BlackConcentration,0.2,12,2,TPR,-0.0005,0.0,0.0
tfidf_full,XGBoost,BlackConcentration,0.2,12,2,FPR,-0.0069,0.0,0.0
tfidf_full,XGBoost,BlackConcentration,0.2,12,2,PPR,-0.0055,1.0,0.0
tfidf_full,XGBoost,BlackConcentration,0.2,12,2,AUC,0.0221,,
tfidf_full,XGBoost,BlackConcentration,0.2,12,2,EO_diff,0.0182,,
tfidf_full,XGBoost,BlackConcentration,0.3,12,2,TPR,0.0042,0.0,0.0
tfidf_full,XGBoost,BlackConcentration,0.3,12,2,FPR,-0.0048,1.0,0.0
tfidf_full,XGBoost,BlackConcentration,0.3,12,2,PPR,-0.0023,1.0,0.0
tfidf_full,XGBoost,BlackConcentration,0.3,12,2,AUC,0.0221,,
tfidf_full,XGBoost,BlackConcentration,0.3,12,2,EO_diff,0.0251,,
tfidf_full,XGBoost,BlackConcentration,0.4,12,2,TPR,0.0093,1.0,0.0
tfidf_full,XGBoost,BlackConcentration,0.4,12,2,FPR,-0.0067,0.0,0.0
tfidf_full,XGBoost,BlackConcentration,0.4,12,2,PPR,-0.0019,2.0,1.0
tfidf_full,XGBoost,BlackConcentration,0.4,12,2,AUC,0.0221,,
tfidf_full,XGBoost,BlackConcentration,0.4,12,2,EO_diff,0.0393,,
tfidf_full,XGBoost,BlackConcentration,0.5,12,2,TPR,0.0253,1.0,0.0
tfidf_full,XGBoost,BlackConcentration,0.5,12,2,FPR,-0.0142,2.0,0.0
tfidf_full,XGBoost,BlackConcentration,0.5,12,2,PPR,-0.0054,3.0,0.0
tfidf_full,XGBoost,BlackConcentration,0.5,12,2,AUC,0.0221,,
tfidf_full,XGBoost,BlackConcentration,0.5,12,2,EO_diff,0.0586,,
tfidf_full,XGBoost,BlackConcentration,0.6,12,2,TPR,0.0288,0.0,0.0
tfidf_full,XGBoost,BlackConcentration,0.6,12,2,FPR,-0.003,0.0,0.0
tfidf_full,XGBoost,BlackConcentration,0.6,12,2,PPR,0.0045,1.0,0.0
tfidf_full,XGBoost,BlackConcentration,0.6,12,2,AUC,0.0221,,
tfidf_full,XGBoost,BlackConcentration,0.6,12,2,EO_diff,0.0458,,
tfidf_full,XGBoost,BlackConcentration,0.7,12,2,TPR,0.0212,0.0,0.0
tfidf_full,XGBoost,BlackConcentration,0.7,12,2,FPR,-0.0025,1.0,0.0
tfidf_full,XGBoost,BlackConcentration,0.7,12,2,PPR,0.0023,1.0,0.0
tfidf_full,XGBoost,BlackConcentration,0.7,12,2,AUC,0.0221,,
tfidf_full,XGBoost,BlackConcentration,0.7,12,2,EO_diff,0.0433,,
tfidf_full,XGBoost,BlackConcentration,0.8,12,2,TPR,-0.0002,0.0,0.0
tfidf_full,XGBoost,BlackConcentration,0.8,12,2,FPR,-0.0017,0.0,0.0
tfidf_full,XGBoost,BlackConcentration,0.8,12,2,PPR,-0.0014,0.0,0.0
tfidf_full,XGBoost,BlackConcentration,0.8,12,2,AUC,0.0221,,
tfidf_full,XGBoost,BlackConcentration,0.8,12,2,EO_diff,0.0103,,
tfidf_full,XGBoost,BlackConcentration,0.9,12,2,TPR,0.0,0.0,0.0
tfidf_full,XGBoost,BlackConcentration,0.9,12,2,FPR,0.0,0.0,0.0
tfidf_full,XGBoost,BlackConcentration,0.9,12,2,PPR,0.0,0.0,0.0
tfidf_full,XGBoost,BlackConcentration,0.9,12,2,AUC,0.0221,,
tfidf_full,XGBoost,BlackConcentration,0.9,12,2,EO_diff,0.0,,
tfidf_full,XGBoost,ForeignBornConcentration,0.2,9,5,TPR,-0.0107,0.0,0.0
tfidf_full,XGBoost,ForeignBornConcentration,0.2,9,5,FPR,-0.0238,6.0,5.0
tfidf_full,XGBoost,ForeignBornConcentration,0.2,9,5,PPR,-0.0221,6.0,6.0
tfidf_full,XGBoost,ForeignBornConcentration,0.2,9,5,AUC,0.0004,,
tfidf_full,XGBoost,ForeignBornConcentration,0.2,9,5,EO_diff,0.0268,,
tfidf_full,XGBoost,ForeignBornConcentration,0.3,9,5,TPR,-0.0187,0.0,0.0
tfidf_full,XGBoost,ForeignBornConcentration,0.3,9,5,FPR,-0.0451,6.0,6.0
tfidf_full,XGBoost,ForeignBornConcentration,0.3,9,5,PPR,-0.0423,6.0,6.0
tfidf_full,XGBoost,ForeignBornConcentration,0.3,9,5,AUC,0.0004,,
tfidf_full,XGBoost,ForeignBornConcentration,0.3,9,5,EO_diff,0.0552,,
tfidf_full,XGBoost,ForeignBornConcentration,0.4,9,5,TPR,-0.0387,1.0,0.0
tfidf_full,XGBoost,ForeignBornConcentration,0.4,9,5,FPR,-0.0674,6.0,6.0
tfidf_full,XGBoost,ForeignBornConcentration,0.4,9,5,PPR,-0.0649,7.0,7.0
tfidf_full,XGBoost,ForeignBornConcentration,0.4,9,5,AUC,0.0004,,
tfidf_full,XGBoost,ForeignBornConcentration,0.4,9,5,EO_diff,0.0768,,
tfidf_full,XGBoost,ForeignBornConcentration,0.5,9,5,TPR,-0.0372,1.0,1.0
tfidf_full,XGBoost,ForeignBornConcentration,0.5,9,5,FPR,-0.0575,6.0,6.0
tfidf_full,XGBoost,ForeignBornConcentration,0.5,9,5,PPR,-0.0555,6.0,6.0
tfidf_full,XGBoost,ForeignBornConcentration,0.5,9,5,AUC,0.0004,,
tfidf_full,XGBoost,ForeignBornConcentration,0.5,9,5,EO_diff,0.0914,,
tfidf_full,XGBoost,ForeignBornConcentration,0.6,9,5,TPR,-0.0758,4.0,1.0
tfidf_full,XGBoost,ForeignBornConcentration,0.6,9,5,FPR,-0.0447,6.0,6.0
tfidf_full,XGBoost,ForeignBornConcentration,0.6,9,5,PPR,-0.0512,6.0,6.0
tfidf_full,XGBoost,ForeignBornConcentration,0.6,9,5,AUC,0.0004,,
tfidf_full,XGBoost,ForeignBornConcentration,0.6,9,5,EO_diff,0.0967,,
tfidf_full,XGBoost,ForeignBornConcentration,0.7,9,5,TPR,-0.0782,5.0,4.0
tfidf_full,XGBoost,ForeignBornConcentration,0.7,9,5,FPR,-0.0211,4.0,4.0
tfidf_full,XGBoost,ForeignBornConcentration,0.7,9,5,PPR,-0.031,6.0,6.0
tfidf_full,XGBoost,ForeignBornConcentration,0.7,9,5,AUC,0.0004,,
tfidf_full,XGBoost,ForeignBornConcentration,0.7,9,5,EO_diff,0.0831,,
tfidf_full,XGBoost,ForeignBornConcentration,0.8,9,5,TPR,-0.0012,0.0,0.0
tfidf_full,XGBoost,ForeignBornConcentration,0.8,9,5,FPR,-0.0021,3.0,0.0
tfidf_full,XGBoost,ForeignBornConcentration,0.8,9,5,PPR,-0.002,1.0,0.0
tfidf_full,XGBoost,ForeignBornConcentration,0.8,9,5,AUC,0.0004,,
tfidf_full,XGBoost,ForeignBornConcentration,0.8,9,5,EO_diff,0.0096,,
tfidf_full,XGBoost,ForeignBornConcentration,0.9,9,5,TPR,0.0,0.0,0.0
tfidf_full,XGBoost,ForeignBornConcentration,0.9,9,5,FPR,0.0,0.0,0.0
tfidf_full,XGBoost,ForeignBornConcentration,0.9,9,5,PPR,0.0,0.0,0.0
tfidf_full,XGBoost,ForeignBornConcentration,0.9,9,5,AUC,0.0004,,
tfidf_full,XGBoost,ForeignBornConcentration,0.9,9,5,EO_diff,0.0,,
tfidf_full,XGBoost,HispanicConcentration,0.2,10,4,TPR,-0.0101,0.0,0.0
tfidf_full,XGBoost,HispanicConcentration,0.2,10,4,FPR,-0.0164,4.0,1.0
tfidf_full,XGBoost,HispanicConcentration,0.2,10,4,PPR,-0.0158,4.0,3.0
tfidf_full,XGBoost,HispanicConcentration,0.2,10,4,AUC,-0.0081,,
tfidf_full,XGBoost,HispanicConcentration,0.2,10,4,EO_diff,0.0192,,
tfidf_full,XGBoost,HispanicConcentration,0.3,10,4,TPR,-0.0247,0.0,0.0
tfidf_full,XGBoost,HispanicConcentration,0.3,10,4,FPR,-0.0258,5.0,5.0
tfidf_full,XGBoost,HispanicConcentration,0.3,10,4,PPR,-0.0266,5.0,5.0
tfidf_full,XGBoost,HispanicConcentration,0.3,10,4,AUC,-0.0081,,
tfidf_full,XGBoost,HispanicConcentration,0.3,10,4,EO_diff,0.0438,,
tfidf_full,XGBoost,HispanicConcentration,0.4,10,4,TPR,-0.0516,2.0,0.0
tfidf_full,XGBoost,HispanicConcentration,0.4,10,4,FPR,-0.0486,7.0,7.0
tfidf_full,XGBoost,HispanicConcentration,0.4,10,4,PPR,-0.0504,6.0,6.0
tfidf_full,XGBoost,HispanicConcentration,0.4,10,4,AUC,-0.0081,,
tfidf_full,XGBoost,HispanicConcentration,0.4,10,4,EO_diff,0.0736,,
tfidf_full,XGBoost,HispanicConcentration,0.5,10,4,TPR,-0.0413,2.0,1.0
tfidf_full,XGBoost,HispanicConcentration,0.5,10,4,FPR,-0.0412,5.0,4.0
tfidf_full,XGBoost,HispanicConcentration,0.5,10,4,PPR,-0.042,4.0,4.0
tfidf_full,XGBoost,HispanicConcentration,0.5,10,4,AUC,-0.0081,,
tfidf_full,XGBoost,HispanicConcentration,0.5,10,4,EO_diff,0.0685,,
tfidf_full,XGBoost,HispanicConcentration,0.6,10,4,TPR,-0.067,3.0,3.0
tfidf_full,XGBoost,HispanicConcentration,0.6,10,4,FPR,-0.0378,4.0,4.0
tfidf_full,XGBoost,HispanicConcentration,0.6,10,4,PPR,-0.0435,5.0,4.0
tfidf_full,XGBoost,HispanicConcentration,0.6,10,4,AUC,-0.0081,,
tfidf_full,XGBoost,HispanicConcentration,0.6,10,4,EO_diff,0.0717,,
tfidf_full,XGBoost,HispanicConcentration,0.7,10,4,TPR,-0.0601,2.0,2.0
tfidf_full,XGBoost,HispanicConcentration,0.7,10,4,FPR,-0.0199,6.0,4.0
tfidf_full,XGBoost,HispanicConcentration,0.7,10,4,PPR,-0.0268,6.0,6.0
tfidf_full,XGBoost,HispanicConcentration,0.7,10,4,AUC,-0.0081,,
tfidf_full,XGBoost,HispanicConcentration,0.7,10,4,EO_diff,0.0759,,
tfidf_full,XGBoost,HispanicConcentration,0.8,10,4,TPR,-0.0011,0.0,0.0
tfidf_full,XGBoost,HispanicConcentration,0.8,10,4,FPR,-0.0018,3.0,0.0
tfidf_full,XGBoost,HispanicConcentration,0.8,10,4,PPR,-0.0018,1.0,0.0
tfidf_full,XGBoost,HispanicConcentration,0.8,10,4,AUC,-0.0081,,
tfidf_full,XGBoost,HispanicConcentration,0.8,10,4,EO_diff,0.0091,,
tfidf_full,XGBoost,HispanicConcentration,0.9,10,4,TPR,0.0,0.0,0.0
tfidf_full,XGBoost,HispanicConcentration,0.9,10,4,FPR,0.0,0.0,0.0
tfidf_full,XGBoost,HispanicConcentration,0.9,10,4,PPR,0.0,0.0,0.0
tfidf_full,XGBoost,HispanicConcentration,0.9,10,4,AUC,-0.0081,,
tfidf_full,XGBoost,HispanicConcentration,0.9,10,4,EO_diff,0.0,,
tfidf_full,XGBoost,LimitedEnglishConcentration,0.2,9,5,TPR,-0.007,0.0,0.0
tfidf_full,XGBoost,LimitedEnglishConcentration,0.2,9,5,FPR,-0.0153,3.0,2.0
tfidf_full,XGBoost,LimitedEnglishConcentration,0.2,9,5,PPR,-0.0141,5.0,2.0
tfidf_full,XGBoost,LimitedEnglishConcentration,0.2,9,5,AUC,0.0032,,
tfidf_full,XGBoost,LimitedEnglishConcentration,0.2,9,5,EO_diff,0.0165,,
tfidf_full,XGBoost,LimitedEnglishConcentration,0.3,9,5,TPR,-0.0146,0.0,0.0
tfidf_full,XGBoost,LimitedEnglishConcentration,0.3,9,5,FPR,-0.0377,5.0,5.0
tfidf_full,XGBoost,LimitedEnglishConcentration,0.3,9,5,PPR,-0.0348,5.0,5.0
tfidf_full,XGBoost,LimitedEnglishConcentration,0.3,9,5,AUC,0.0032,,
tfidf_full,XGBoost,LimitedEnglishConcentration,0.3,9,5,EO_diff,0.0439,,
tfidf_full,XGBoost,LimitedEnglishConcentration,0.4,9,5,TPR,-0.0389,0.0,0.0
tfidf_full,XGBoost,LimitedEnglishConcentration,0.4,9,5,FPR,-0.0605,5.0,5.0
tfidf_full,XGBoost,LimitedEnglishConcentration,0.4,9,5,PPR,-0.0581,6.0,5.0
tfidf_full,XGBoost,LimitedEnglishConcentration,0.4,9,5,AUC,0.0032,,
tfidf_full,XGBoost,LimitedEnglishConcentration,0.4,9,5,EO_diff,0.0702,,
tfidf_full,XGBoost,LimitedEnglishConcentration,0.5,9,5,TPR,-0.0253,1.0,0.0
tfidf_full,XGBoost,LimitedEnglishConcentration,0.5,9,5,FPR,-0.0555,6.0,5.0
tfidf_full,XGBoost,LimitedEnglishConcentration,0.5,9,5,PPR,-0.0509,5.0,4.0
tfidf_full,XGBoost,LimitedEnglishConcentration,0.5,9,5,AUC,0.0032,,
tfidf_full,XGBoost,LimitedEnglishConcentration,0.5,9,5,EO_diff,0.064,,
tfidf_full,XGBoost,LimitedEnglishConcentration,0.6,9,5,TPR,-0.0699,4.0,0.0
tfidf_full,XGBoost,LimitedEnglishConcentration,0.6,9,5,FPR,-0.0431,4.0,4.0
tfidf_full,XGBoost,LimitedEnglishConcentration,0.6,9,5,PPR,-0.048,5.0,5.0
tfidf_full,XGBoost,LimitedEnglishConcentration,0.6,9,5,AUC,0.0032,,
tfidf_full,XGBoost,LimitedEnglishConcentration,0.6,9,5,EO_diff,0.0765,,
tfidf_full,XGBoost,LimitedEnglishConcentration,0.7,9,5,TPR,-0.0634,3.0,3.0
tfidf_full,XGBoost,LimitedEnglishConcentration,0.7,9,5,FPR,-0.0209,4.0,2.0
tfidf_full,XGBoost,LimitedEnglishConcentration,0.7,9,5,PPR,-0.0279,5.0,5.0
tfidf_full,XGBoost,LimitedEnglishConcentration,0.7,9,5,AUC,0.0032,,
tfidf_full,XGBoost,LimitedEnglishConcentration,0.7,9,5,EO_diff,0.069,,
tfidf_full,XGBoost,LimitedEnglishConcentration,0.8,9,5,TPR,-0.0019,0.0,0.0
tfidf_full,XGBoost,LimitedEnglishConcentration,0.8,9,5,FPR,-0.0014,3.0,0.0
tfidf_full,XGBoost,LimitedEnglishConcentration,0.8,9,5,PPR,-0.0015,0.0,0.0
tfidf_full,XGBoost,LimitedEnglishConcentration,0.8,9,5,AUC,0.0032,,
tfidf_full,XGBoost,LimitedEnglishConcentration,0.8,9,5,EO_diff,0.006,,
tfidf_full,XGBoost,LimitedEnglishConcentration,0.9,9,5,TPR,0.0,0.0,0.0
tfidf_full,XGBoost,LimitedEnglishConcentration,0.9,9,5,FPR,0.0,0.0,0.0
tfidf_full,XGBoost,LimitedEnglishConcentration,0.9,9,5,PPR,0.0,0.0,0.0
tfidf_full,XGBoost,LimitedEnglishConcentration,0.9,9,5,AUC,0.0032,,
tfidf_full,XGBoost,LimitedEnglishConcentration,0.9,9,5,EO_diff,0.0,,
tfidf_full,XGBoost,SES_group,0.2,14,0,TPR,-0.0135,3.0,0.0
tfidf_full,XGBoost,SES_group,0.2,14,0,FPR,0.0277,7.0,7.0
tfidf_full,XGBoost,SES_group,0.2,14,0,PPR,0.0244,7.0,6.0
tfidf_full,XGBoost,SES_group,0.2,14,0,AUC,-0.0068,,
tfidf_full,XGBoost,SES_group,0.2,14,0,EO_diff,0.0417,,
tfidf_full,XGBoost,SES_group,0.3,14,0,TPR,-0.0112,3.0,0.0
tfidf_full,XGBoost,SES_group,0.3,14,0,FPR,0.0469,10.0,8.0
tfidf_full,XGBoost,SES_group,0.3,14,0,PPR,0.0429,10.0,10.0
tfidf_full,XGBoost,SES_group,0.3,14,0,AUC,-0.0068,,
tfidf_full,XGBoost,SES_group,0.3,14,0,EO_diff,0.0627,,
tfidf_full,XGBoost,SES_group,0.4,14,0,TPR,0.0225,3.0,1.0
tfidf_full,XGBoost,SES_group,0.4,14,0,FPR,0.0538,9.0,8.0
tfidf_full,XGBoost,SES_group,0.4,14,0,PPR,0.0555,9.0,9.0
tfidf_full,XGBoost,SES_group,0.4,14,0,AUC,-0.0068,,
tfidf_full,XGBoost,SES_group,0.4,14,0,EO_diff,0.0739,,
tfidf_full,XGBoost,SES_group,0.5,14,0,TPR,0.0522,3.0,0.0
tfidf_full,XGBoost,SES_group,0.5,14,0,FPR,0.0467,7.0,6.0
tfidf_full,XGBoost,SES_group,0.5,14,0,PPR,0.0539,9.0,8.0
tfidf_full,XGBoost,SES_group,0.5,14,0,AUC,-0.0068,,
tfidf_full,XGBoost,SES_group,0.5,14,0,EO_diff,0.0716,,
tfidf_full,XGBoost,SES_group,0.6,14,0,TPR,0.0584,5.0,3.0
tfidf_full,XGBoost,SES_group,0.6,14,0,FPR,0.0316,7.0,5.0
tfidf_full,XGBoost,SES_group,0.6,14,0,PPR,0.0407,8.0,8.0
tfidf_full,XGBoost,SES_group,0.6,14,0,AUC,-0.0068,,
tfidf_full,XGBoost,SES_group,0.6,14,0,EO_diff,0.0859,,
tfidf_full,XGBoost,SES_group,0.7,14,0,TPR,0.0374,4.0,0.0
tfidf_full,XGBoost,SES_group,0.7,14,0,FPR,0.0122,3.0,1.0
tfidf_full,XGBoost,SES_group,0.7,14,0,PPR,0.0189,4.0,4.0
tfidf_full,XGBoost,SES_group,0.7,14,0,AUC,-0.0068,,
tfidf_full,XGBoost,SES_group,0.7,14,0,EO_diff,0.0627,,
tfidf_full,XGBoost,SES_group,0.8,14,0,TPR,0.0079,0.0,0.0
tfidf_full,XGBoost,SES_group,0.8,14,0,FPR,0.0007,2.0,0.0
tfidf_full,XGBoost,SES_group,0.8,14,0,PPR,0.002,2.0,0.0
tfidf_full,XGBoost,SES_group,0.8,14,0,AUC,-0.0068,,
tfidf_full,XGBoost,SES_group,0.8,14,0,EO_diff,0.0101,,
tfidf_full,XGBoost,SES_group,0.9,14,0,TPR,0.0,0.0,0.0
tfidf_full,XGBoost,SES_group,0.9,14,0,FPR,0.0,0.0,0.0
tfidf_full,XGBoost,SES_group,0.9,14,0,PPR,0.0,0.0,0.0
tfidf_full,XGBoost,SES_group,0.9,14,0,AUC,-0.0068,,
tfidf_full,XGBoost,SES_group,0.9,14,0,EO_diff,0.0,,
tfidf_full,XGBoost,WhiteConcentration,0.2,10,4,TPR,0.0034,0.0,0.0
tfidf_full,XGBoost,WhiteConcentration,0.2,10,4,FPR,0.0155,3.0,1.0
tfidf_full,XGBoost,WhiteConcentration,0.2,10,4,PPR,0.0134,3.0,1.0
tfidf_full,XGBoost,WhiteConcentration,0.2,10,4,AUC,-0.0189,,
tfidf_full,XGBoost,WhiteConcentration,0.2,10,4,EO_diff,0.0162,,
tfidf_full,XGBoost,WhiteConcentration,0.3,10,4,TPR,0.0102,0.0,0.0
tfidf_full,XGBoost,WhiteConcentration,0.3,10,4,FPR,0.0184,5.0,5.0
tfidf_full,XGBoost,WhiteConcentration,0.3,10,4,PPR,0.0168,5.0,5.0
tfidf_full,XGBoost,WhiteConcentration,0.3,10,4,AUC,-0.0189,,
tfidf_full,XGBoost,WhiteConcentration,0.3,10,4,EO_diff,0.0359,,
tfidf_full,XGBoost,WhiteConcentration,0.4,10,4,TPR,0.0181,0.0,0.0
tfidf_full,XGBoost,WhiteConcentration,0.4,10,4,FPR,0.037,4.0,4.0
tfidf_full,XGBoost,WhiteConcentration,0.4,10,4,PPR,0.0331,4.0,4.0
tfidf_full,XGBoost,WhiteConcentration,0.4,10,4,AUC,-0.0189,,
tfidf_full,XGBoost,WhiteConcentration,0.4,10,4,EO_diff,0.0393,,
tfidf_full,XGBoost,WhiteConcentration,0.5,10,4,TPR,-0.0078,0.0,0.0
tfidf_full,XGBoost,WhiteConcentration,0.5,10,4,FPR,0.0407,4.0,4.0
tfidf_full,XGBoost,WhiteConcentration,0.5,10,4,PPR,0.0312,4.0,4.0
tfidf_full,XGBoost,WhiteConcentration,0.5,10,4,AUC,-0.0189,,
tfidf_full,XGBoost,WhiteConcentration,0.5,10,4,EO_diff,0.0629,,
tfidf_full,XGBoost,WhiteConcentration,0.6,10,4,TPR,0.0178,3.0,0.0
tfidf_full,XGBoost,WhiteConcentration,0.6,10,4,FPR,0.0301,4.0,4.0
tfidf_full,XGBoost,WhiteConcentration,0.6,10,4,PPR,0.0264,4.0,4.0
tfidf_full,XGBoost,WhiteConcentration,0.6,10,4,AUC,-0.0189,,
tfidf_full,XGBoost,WhiteConcentration,0.6,10,4,EO_diff,0.0686,,
tfidf_full,XGBoost,WhiteConcentration,0.7,10,4,TPR,0.0261,2.0,0.0
tfidf_full,XGBoost,WhiteConcentration,0.7,10,4,FPR,0.0153,4.0,3.0
tfidf_full,XGBoost,WhiteConcentration,0.7,10,4,PPR,0.0161,5.0,2.0
tfidf_full,XGBoost,WhiteConcentration,0.7,10,4,AUC,-0.0189,,
tfidf_full,XGBoost,WhiteConcentration,0.7,10,4,EO_diff,0.0577,,
tfidf_full,XGBoost,WhiteConcentration,0.8,10,4,TPR,0.0067,1.0,0.0
tfidf_full,XGBoost,WhiteConcentration,0.8,10,4,FPR,0.0008,1.0,0.0
tfidf_full,XGBoost,WhiteConcentration,0.8,10,4,PPR,0.0016,0.0,0.0
tfidf_full,XGBoost,WhiteConcentration,0.8,10,4,AUC,-0.0189,,
tfidf_full,XGBoost,WhiteConcentration,0.8,10,4,EO_diff,0.0133,,
tfidf_full,XGBoost,WhiteConcentration,0.9,10,4,TPR,0.0,0.0,0.0
tfidf_full,XGBoost,WhiteConcentration,0.9,10,4,FPR,0.0,0.0,0.0
tfidf_full,XGBoost,WhiteConcentration,0.9,10,4,PPR,0.0,0.0,0.0
tfidf_full,XGBoost,WhiteConcentration,0.9,10,4,AUC,-0.0189,,
tfidf_full,XGBoost,WhiteConcentration,0.9,10,4,EO_diff,0.0,,
