representation,model,grouping,fold,group_level,bin,n,mean_pred,observed_rate
structured,Logistic,SES_group,1,Low,0,59,0.1222,0.0339
structured,Logistic,SES_group,1,Low,1,57,0.2257,0.0877
structured,Logistic,SES_group,1,Low,2,54,0.3051,0.037
structured,Logistic,SES_group,1,Low,3,46,0.3757,0.087
structured,Logistic,SES_group,1,Low,4,56,0.4403,0.1786
structured,Logistic,SES_group,1,Low,5,51,0.5062,0.1569
structured,Logistic,SES_group,1,Low,6,38,0.5673,0.2368
structured,Logistic,SES_group,1,Low,7,50,0.629,0.18
structured,Logistic,SES_group,1,Low,8,54,0.7071,0.2778
structured,Logistic,SES_group,1,Low,9,50,0.8094,0.24
structured,Logistic,SES_group,1,High,0,19,0.1427,0.1053
structured,Logistic,SES_group,1,High,1,23,0.2193,0.1304
structured,Logistic,SES_group,1,High,2,17,0.3067,0.0588
structured,Logistic,SES_group,1,High,3,27,0.3763,0.0741
structured,Logistic,SES_group,1,High,4,18,0.446,0.0
structured,Logistic,SES_group,1,High,5,22,0.5055,0.0909
structured,Logistic,SES_group,1,High,6,22,0.5685,0.2727
structured,Logistic,SES_group,1,High,7,25,0.6303,0.32
structured,Logistic,SES_group,1,High,8,16,0.7116,0.125
structured,Logistic,SES_group,1,High,9,25,0.8155,0.36
structured,Logistic,BlackConcentration,1,Low,0,17,0.0972,0.0588
structured,Logistic,BlackConcentration,1,Low,1,20,0.2283,0.05
structured,Logistic,BlackConcentration,1,Low,2,16,0.3056,0.125
structured,Logistic,BlackConcentration,1,Low,3,15,0.3798,0.1333
structured,Logistic,BlackConcentration,1,Low,4,20,0.4463,0.25
structured,Logistic,BlackConcentration,1,Low,5,14,0.51,0.1429
structured,Logistic,BlackConcentration,1,Low,6,20,0.5659,0.2
structured,Logistic,BlackConcentration,1,Low,7,17,0.6289,0.2941
structured,Logistic,BlackConcentration,1,Low,8,20,0.7068,0.4
structured,Logistic,BlackConcentration,1,Low,9,21,0.8156,0.1429
structured,Logistic,BlackConcentration,1,High,0,58,0.1318,0.0345
structured,Logistic,BlackConcentration,1,High,1,44,0.2242,0.0455
structured,Logistic,BlackConcentration,1,High,2,48,0.3057,0.0417
structured,Logistic,BlackConcentration,1,High,3,45,0.3765,0.1111
structured,Logistic,BlackConcentration,1,High,4,33,0.4432,0.0909
structured,Logistic,BlackConcentration,1,High,5,47,0.507,0.1702
structured,Logistic,BlackConcentration,1,High,6,42,0.5655,0.2143
structured,Logistic,BlackConcentration,1,High,7,52,0.6277,0.2115
structured,Logistic,BlackConcentration,1,High,8,47,0.71,0.2553
structured,Logistic,BlackConcentration,1,High,9,44,0.8124,0.3182
structured,Logistic,SES_group,2,Low,0,62,0.1124,0.0
structured,Logistic,SES_group,2,Low,1,60,0.18,0.0
structured,Logistic,SES_group,2,Low,2,55,0.2339,0.0727
structured,Logistic,SES_group,2,Low,3,63,0.2865,0.0635
structured,Logistic,SES_group,2,Low,4,50,0.3597,0.12
structured,Logistic,SES_group,2,Low,5,66,0.4202,0.0909
structured,Logistic,SES_group,2,Low,6,49,0.4877,0.1224
structured,Logistic,SES_group,2,Low,7,55,0.5799,0.1091
structured,Logistic,SES_group,2,Low,8,53,0.6708,0.1887
structured,Logistic,SES_group,2,Low,9,48,0.7991,0.2083
structured,Logistic,SES_group,2,High,0,19,0.1158,0.0526
structured,Logistic,SES_group,2,High,1,28,0.1791,0.1429
structured,Logistic,SES_group,2,High,2,27,0.2277,0.1111
structured,Logistic,SES_group,2,High,3,22,0.2905,0.0455
structured,Logistic,SES_group,2,High,4,24,0.3516,0.125
structured,Logistic,SES_group,2,High,5,21,0.4165,0.1429
structured,Logistic,SES_group,2,High,6,36,0.4976,0.2222
structured,Logistic,SES_group,2,High,7,25,0.5808,0.16
structured,Logistic,SES_group,2,High,8,24,0.6621,0.0833
structured,Logistic,SES_group,2,High,9,37,0.7951,0.3243
structured,Logistic,SES_group,3,Low,0,85,0.1464,0.0
structured,Logistic,SES_group,3,Low,1,62,0.2359,0.0161
structured,Logistic,SES_group,3,Low,2,65,0.2907,0.0
structured,Logistic,SES_group,3,Low,3,52,0.3464,0.0769
structured,Logistic,SES_group,3,Low,4,59,0.4106,0.1186
structured,Logistic,SES_group,3,Low,5,63,0.4735,0.0952
structured,Logistic,SES_group,3,Low,6,51,0.5435,0.1765
structured,Logistic,SES_group,3,Low,7,62,0.6103,0.1613
structured,Logistic,SES_group,3,Low,8,53,0.6862,0.1509
structured,Logistic,SES_group,3,Low,9,54,0.8193,0.3519
structured,Logistic,SES_group,3,High,0,18,0.1426,0.1111
structured,Logistic,SES_group,3,High,1,27,0.2308,0.1481
structured,Logistic,SES_group,3,High,2,20,0.2945,0.05
structured,Logistic,SES_group,3,High,3,29,0.3536,0.069
structured,Logistic,SES_group,3,High,4,27,0.4206,0.1852
structured,Logistic,SES_group,3,High,5,31,0.4821,0.129
structured,Logistic,SES_group,3,High,6,36,0.5479,0.1667
structured,Logistic,SES_group,3,High,7,31,0.6116,0.1613
structured,Logistic,SES_group,3,High,8,43,0.6971,0.3488
structured,Logistic,SES_group,3,High,9,30,0.81,0.4667
structured,Logistic,SES_group,4,Low,0,92,0.1292,0.0217
structured,Logistic,SES_group,4,Low,1,85,0.2201,0.0471
structured,Logistic,SES_group,4,Low,2,79,0.2863,0.1266
structured,Logistic,SES_group,4,Low,3,83,0.3533,0.0602
structured,Logistic,SES_group,4,Low,4,87,0.4199,0.1149
structured,Logistic,SES_group,4,Low,5,78,0.4859,0.1923
structured,Logistic,SES_group,4,Low,6,91,0.5503,0.1209
structured,Logistic,SES_group,4,Low,7,79,0.6178,0.2278
structured,Logistic,SES_group,4,Low,8,74,0.6953,0.2568
structured,Logistic,SES_group,4,Low,9,66,0.8103,0.2424
structured,Logistic,SES_group,4,High,0,32,0.1438,0.0
structured,Logistic,SES_group,4,High,1,44,0.2166,0.0
structured,Logistic,SES_group,4,High,2,46,0.2871,0.0435
structured,Logistic,SES_group,4,High,3,41,0.3563,0.0976
structured,Logistic,SES_group,4,High,4,31,0.4213,0.0645
structured,Logistic,SES_group,4,High,5,39,0.481,0.1026
structured,Logistic,SES_group,4,High,6,33,0.5494,0.0909
structured,Logistic,SES_group,4,High,7,48,0.6205,0.2083
structured,Logistic,SES_group,4,High,8,37,0.6952,0.3243
structured,Logistic,SES_group,4,High,9,46,0.8038,0.413
structured,Logistic,BlackConcentration,4,Low,0,29,0.14,0.069
structured,Logistic,BlackConcentration,4,Low,1,21,0.2245,0.0952
structured,Logistic,BlackConcentration,4,Low,2,16,0.2914,0.125
structured,Logistic,BlackConcentration,4,Low,3,20,0.3633,0.1
structured,Logistic,BlackConcentration,4,Low,4,28,0.4144,0.1071
structured,Logistic,BlackConcentration,4,Low,5,24,0.4828,0.1667
structured,Logistic,BlackConcentration,4,Low,6,26,0.5492,0.0769
structured,Logistic,BlackConcentration,4,Low,7,27,0.6217,0.3333
structured,Logistic,BlackConcentration,4,Low,8,35,0.6906,0.2571
structured,Logistic,BlackConcentration,4,Low,9,23,0.8165,0.1739
structured,Logistic,BlackConcentration,4,High,0,78,0.1343,0.0256
structured,Logistic,BlackConcentration,4,High,1,87,0.2181,0.069
structured,Logistic,BlackConcentration,4,High,2,92,0.2881,0.0543
structured,Logistic,BlackConcentration,4,High,3,88,0.3532,0.1023
structured,Logistic,BlackConcentration,4,High,4,75,0.4184,0.12
structured,Logistic,BlackConcentration,4,High,5,76,0.4822,0.1447
structured,Logistic,BlackConcentration,4,High,6,83,0.5489,0.0964
structured,Logistic,BlackConcentration,4,High,7,79,0.6184,0.2532
structured,Logistic,BlackConcentration,4,High,8,82,0.6986,0.2683
structured,Logistic,BlackConcentration,4,High,9,101,0.8108,0.3465
structured,Logistic,SES_group,5,Low,0,109,0.1514,0.0092
structured,Logistic,SES_group,5,Low,1,90,0.2296,0.0667
structured,Logistic,SES_group,5,Low,2,88,0.2908,0.1023
structured,Logistic,SES_group,5,Low,3,100,0.3485,0.12
structured,Logistic,SES_group,5,Low,4,96,0.4078,0.0729
structured,Logistic,SES_group,5,Low,5,78,0.4675,0.1538
structured,Logistic,SES_group,5,Low,6,88,0.5295,0.1136
structured,Logistic,SES_group,5,Low,7,105,0.593,0.2667
structured,Logistic,SES_group,5,Low,8,95,0.6713,0.2105
structured,Logistic,SES_group,5,Low,9,61,0.7785,0.4754
structured,Logistic,SES_group,5,High,0,33,0.1563,0.0
structured,Logistic,SES_group,5,High,1,38,0.231,0.1053
structured,Logistic,SES_group,5,High,2,35,0.2931,0.0571
structured,Logistic,SES_group,5,High,3,42,0.3526,0.0476
structured,Logistic,SES_group,5,High,4,33,0.4063,0.0606
structured,Logistic,SES_group,5,High,5,54,0.4661,0.1852
structured,Logistic,SES_group,5,High,6,44,0.531,0.1136
structured,Logistic,SES_group,5,High,7,39,0.5894,0.1538
structured,Logistic,SES_group,5,High,8,42,0.6719,0.2857
structured,Logistic,SES_group,5,High,9,70,0.79,0.2857
structured,Logistic,BlackConcentration,5,Low,0,32,0.1566,0.0312
structured,Logistic,BlackConcentration,5,Low,1,27,0.226,0.037
structured,Logistic,BlackConcentration,5,Low,2,38,0.291,0.0526
structured,Logistic,BlackConcentration,5,Low,3,21,0.3502,0.1905
structured,Logistic,BlackConcentration,5,Low,4,27,0.4092,0.0741
structured,Logistic,BlackConcentration,5,Low,5,37,0.4667,0.0541
structured,Logistic,BlackConcentration,5,Low,6,26,0.5266,0.1154
structured,Logistic,BlackConcentration,5,Low,7,27,0.5924,0.2593
structured,Logistic,BlackConcentration,5,Low,8,29,0.6702,0.2414
structured,Logistic,BlackConcentration,5,Low,9,29,0.782,0.4483
structured,Logistic,BlackConcentration,5,High,0,91,0.1485,0.0
structured,Logistic,BlackConcentration,5,High,1,98,0.2294,0.0408
structured,Logistic,BlackConcentration,5,High,2,89,0.2952,0.0787
structured,Logistic,BlackConcentration,5,High,3,95,0.3483,0.0737
structured,Logistic,BlackConcentration,5,High,4,85,0.4047,0.0941
structured,Logistic,BlackConcentration,5,High,5,92,0.4696,0.1739
structured,Logistic,BlackConcentration,5,High,6,95,0.5317,0.0737
structured,Logistic,BlackConcentration,5,High,7,87,0.5911,0.2874
structured,Logistic,BlackConcentration,5,High,8,78,0.6698,0.2179
structured,Logistic,BlackConcentration,5,High,9,99,0.7864,0.4242
structured,Logistic,SES_group,6,Low,0,117,0.2036,0.0513
structured,Logistic,SES_group,6,Low,1,101,0.3066,0.0891
structured,Logistic,SES_group,6,Low,2,98,0.3765,0.1327
structured,Logistic,SES_group,6,Low,3,89,0.4354,0.0562
structured,Logistic,SES_group,6,Low,4,102,0.4891,0.1471
structured,Logistic,SES_group,6,Low,5,88,0.5429,0.125
structured,Logistic,SES_group,6,Low,6,91,0.5969,0.2747
structured,Logistic,SES_group,6,Low,7,97,0.6571,0.2165
structured,Logistic,SES_group,6,Low,8,97,0.7252,0.3711
structured,Logistic,SES_group,6,Low,9,79,0.7977,0.4177
structured,Logistic,SES_group,6,High,0,38,0.2104,0.0526
structured,Logistic,SES_group,6,High,1,43,0.3099,0.1395
structured,Logistic,SES_group,6,High,2,54,0.3736,0.1481
structured,Logistic,SES_group,6,High,3,52,0.436,0.1154
structured,Logistic,SES_group,6,High,4,45,0.4927,0.1778
structured,Logistic,SES_group,6,High,5,53,0.5442,0.2642
structured,Logistic,SES_group,6,High,6,49,0.5988,0.3469
structured,Logistic,SES_group,6,High,7,64,0.6581,0.1719
structured,Logistic,SES_group,6,High,8,49,0.7188,0.3673
structured,Logistic,SES_group,6,High,9,60,0.8101,0.2333
structured,Logistic,BlackConcentration,6,Low,0,26,0.2134,0.0385
structured,Logistic,BlackConcentration,6,Low,1,34,0.3023,0.0882
structured,Logistic,BlackConcentration,6,Low,2,34,0.3742,0.1176
structured,Logistic,BlackConcentration,6,Low,3,38,0.4346,0.0263
structured,Logistic,BlackConcentration,6,Low,4,46,0.489,0.1522
structured,Logistic,BlackConcentration,6,Low,5,42,0.5438,0.1905
structured,Logistic,BlackConcentration,6,Low,6,42,0.5951,0.2857
structured,Logistic,BlackConcentration,6,Low,7,33,0.6543,0.1515
structured,Logistic,BlackConcentration,6,Low,8,27,0.7264,0.2963
structured,Logistic,BlackConcentration,6,Low,9,27,0.8076,0.4074
structured,Logistic,BlackConcentration,6,High,0,111,0.204,0.036
structured,Logistic,BlackConcentration,6,High,1,120,0.3099,0.1083
structured,Logistic,BlackConcentration,6,High,2,88,0.3747,0.1136
structured,Logistic,BlackConcentration,6,High,3,96,0.4369,0.0729
structured,Logistic,BlackConcentration,6,High,4,93,0.491,0.1398
structured,Logistic,BlackConcentration,6,High,5,86,0.542,0.2326
structured,Logistic,BlackConcentration,6,High,6,88,0.5981,0.2841
structured,Logistic,BlackConcentration,6,High,7,101,0.657,0.2673
structured,Logistic,BlackConcentration,6,High,8,109,0.7198,0.3211
structured,Logistic,BlackConcentration,6,High,9,110,0.8067,0.3455
structured,Logistic,SES_group,7,Low,0,156,0.1788,0.0449
structured,Logistic,SES_group,7,Low,1,131,0.2616,0.0687
structured,Logistic,SES_group,7,Low,2,133,0.3172,0.0827
structured,Logistic,SES_group,7,Low,3,114,0.3679,0.0789
structured,Logistic,SES_group,7,Low,4,122,0.4191,0.1148
structured,Logistic,SES_group,7,Low,5,118,0.4706,0.1441
structured,Logistic,SES_group,7,Low,6,119,0.5266,0.1849
structured,Logistic,SES_group,7,Low,7,93,0.5906,0.1935
structured,Logistic,SES_group,7,Low,8,108,0.6659,0.213
structured,Logistic,SES_group,7,Low,9,117,0.7786,0.3504
structured,Logistic,SES_group,7,High,0,57,0.1834,0.0351
structured,Logistic,SES_group,7,High,1,56,0.2625,0.0536
structured,Logistic,SES_group,7,High,2,56,0.3169,0.0714
structured,Logistic,SES_group,7,High,3,75,0.369,0.1067
structured,Logistic,SES_group,7,High,4,73,0.4205,0.0548
structured,Logistic,SES_group,7,High,5,69,0.474,0.1304
structured,Logistic,SES_group,7,High,6,72,0.527,0.1389
structured,Logistic,SES_group,7,High,7,69,0.5884,0.3188
structured,Logistic,SES_group,7,High,8,79,0.6676,0.3038
structured,Logistic,SES_group,7,High,9,70,0.7854,0.3714
structured,Logistic,BlackConcentration,7,Low,0,40,0.1827,0.075
structured,Logistic,BlackConcentration,7,Low,1,52,0.2593,0.0769
structured,Logistic,BlackConcentration,7,Low,2,33,0.3162,0.0303
structured,Logistic,BlackConcentration,7,Low,3,32,0.3681,0.125
structured,Logistic,BlackConcentration,7,Low,4,38,0.4181,0.0263
structured,Logistic,BlackConcentration,7,Low,5,48,0.4688,0.1042
structured,Logistic,BlackConcentration,7,Low,6,51,0.5285,0.1765
structured,Logistic,BlackConcentration,7,Low,7,40,0.5881,0.25
structured,Logistic,BlackConcentration,7,Low,8,47,0.6625,0.2128
structured,Logistic,BlackConcentration,7,Low,9,47,0.779,0.3617
structured,Logistic,BlackConcentration,7,High,0,126,0.179,0.0556
structured,Logistic,BlackConcentration,7,High,1,113,0.2623,0.0531
structured,Logistic,BlackConcentration,7,High,2,139,0.3172,0.0504
structured,Logistic,BlackConcentration,7,High,3,128,0.3694,0.0938
structured,Logistic,BlackConcentration,7,High,4,134,0.4197,0.1269
structured,Logistic,BlackConcentration,7,High,5,135,0.4718,0.1333
structured,Logistic,BlackConcentration,7,High,6,118,0.5273,0.1695
structured,Logistic,BlackConcentration,7,High,7,124,0.5887,0.2419
structured,Logistic,BlackConcentration,7,High,8,125,0.6704,0.24
structured,Logistic,BlackConcentration,7,High,9,134,0.7793,0.3284
structured,Logistic,SES_group,8,Low,0,198,0.1734,0.0606
structured,Logistic,SES_group,8,Low,1,187,0.295,0.0963
structured,Logistic,SES_group,8,Low,2,186,0.3771,0.1075
structured,Logistic,SES_group,8,Low,3,161,0.4441,0.1118
structured,Logistic,SES_group,8,Low,4,161,0.502,0.1304
structured,Logistic,SES_group,8,Low,5,173,0.5534,0.2254
structured,Logistic,SES_group,8,Low,6,164,0.6073,0.1768
structured,Logistic,SES_group,8,Low,7,155,0.6652,0.2903
structured,Logistic,SES_group,8,Low,8,164,0.7325,0.2866
structured,Logistic,SES_group,8,Low,9,166,0.8227,0.3434
structured,Logistic,SES_group,8,High,0,77,0.1785,0.039
structured,Logistic,SES_group,8,High,1,85,0.2967,0.0588
structured,Logistic,SES_group,8,High,2,79,0.3763,0.1013
structured,Logistic,SES_group,8,High,3,83,0.4442,0.1205
structured,Logistic,SES_group,8,High,4,83,0.5042,0.1928
structured,Logistic,SES_group,8,High,5,85,0.5559,0.1765
structured,Logistic,SES_group,8,High,6,79,0.6031,0.2152
structured,Logistic,SES_group,8,High,7,101,0.6678,0.2574
structured,Logistic,SES_group,8,High,8,82,0.7325,0.2561
structured,Logistic,SES_group,8,High,9,84,0.8279,0.4643
structured,Logistic,BlackConcentration,8,Low,0,62,0.1698,0.0161
structured,Logistic,BlackConcentration,8,Low,1,65,0.2934,0.1077
structured,Logistic,BlackConcentration,8,Low,2,59,0.3789,0.1186
structured,Logistic,BlackConcentration,8,Low,3,54,0.4445,0.2222
structured,Logistic,BlackConcentration,8,Low,4,58,0.5019,0.1724
structured,Logistic,BlackConcentration,8,Low,5,53,0.5556,0.2264
structured,Logistic,BlackConcentration,8,Low,6,52,0.6047,0.2308
structured,Logistic,BlackConcentration,8,Low,7,54,0.6633,0.2037
structured,Logistic,BlackConcentration,8,Low,8,41,0.7387,0.2439
structured,Logistic,BlackConcentration,8,Low,9,57,0.8257,0.4035
structured,Logistic,BlackConcentration,8,High,0,172,0.1752,0.064
structured,Logistic,BlackConcentration,8,High,1,162,0.2976,0.0864
structured,Logistic,BlackConcentration,8,High,2,177,0.3767,0.1017
structured,Logistic,BlackConcentration,8,High,3,174,0.443,0.1494
structured,Logistic,BlackConcentration,8,High,4,177,0.5028,0.1412
structured,Logistic,BlackConcentration,8,High,5,186,0.5536,0.2204
structured,Logistic,BlackConcentration,8,High,6,182,0.6056,0.2253
structured,Logistic,BlackConcentration,8,High,7,187,0.666,0.2513
structured,Logistic,BlackConcentration,8,High,8,191,0.7342,0.2513
structured,Logistic,BlackConcentration,8,High,9,175,0.828,0.4286
structured,Logistic,SES_group,9,Low,0,314,0.1386,0.035
structured,Logistic,SES_group,9,Low,1,283,0.2444,0.0459
structured,Logistic,SES_group,9,Low,2,283,0.3153,0.0848
structured,Logistic,SES_group,9,Low,3,274,0.3769,0.1095
structured,Logistic,SES_group,9,Low,4,269,0.4336,0.1264
structured,Logistic,SES_group,9,Low,5,223,0.4908,0.1121
structured,Logistic,SES_group,9,Low,6,252,0.5461,0.1468
structured,Logistic,SES_group,9,Low,7,243,0.6104,0.2428
structured,Logistic,SES_group,9,Low,8,223,0.689,0.2197
structured,Logistic,SES_group,9,Low,9,231,0.8093,0.3939
structured,Logistic,SES_group,9,High,0,118,0.1458,0.0424
structured,Logistic,SES_group,9,High,1,133,0.2485,0.0602
structured,Logistic,SES_group,9,High,2,132,0.3151,0.1364
structured,Logistic,SES_group,9,High,3,131,0.3788,0.0382
structured,Logistic,SES_group,9,High,4,125,0.4351,0.096
structured,Logistic,SES_group,9,High,5,164,0.4895,0.1707
structured,Logistic,SES_group,9,High,6,154,0.5473,0.1688
structured,Logistic,SES_group,9,High,7,139,0.6114,0.1655
structured,Logistic,SES_group,9,High,8,171,0.6911,0.269
structured,Logistic,SES_group,9,High,9,162,0.8097,0.3395
structured,Logistic,BlackConcentration,9,Low,0,115,0.1468,0.0174
structured,Logistic,BlackConcentration,9,Low,1,86,0.2452,0.0465
structured,Logistic,BlackConcentration,9,Low,2,107,0.3144,0.1028
structured,Logistic,BlackConcentration,9,Low,3,100,0.3762,0.09
structured,Logistic,BlackConcentration,9,Low,4,108,0.4308,0.0926
structured,Logistic,BlackConcentration,9,Low,5,109,0.4878,0.1284
structured,Logistic,BlackConcentration,9,Low,6,97,0.5449,0.1856
structured,Logistic,BlackConcentration,9,Low,7,90,0.6126,0.1889
structured,Logistic,BlackConcentration,9,Low,8,105,0.6893,0.2857
structured,Logistic,BlackConcentration,9,Low,9,103,0.8068,0.2718
structured,Logistic,BlackConcentration,9,High,0,272,0.1431,0.0515
structured,Logistic,BlackConcentration,9,High,1,297,0.246,0.064
structured,Logistic,BlackConcentration,9,High,2,265,0.3155,0.0717
structured,Logistic,BlackConcentration,9,High,3,256,0.3766,0.0586
structured,Logistic,BlackConcentration,9,High,4,260,0.4363,0.1231
structured,Logistic,BlackConcentration,9,High,5,258,0.4901,0.1318
structured,Logistic,BlackConcentration,9,High,6,264,0.5477,0.1894
structured,Logistic,BlackConcentration,9,High,7,282,0.6113,0.2305
structured,Logistic,BlackConcentration,9,High,8,285,0.6899,0.2421
structured,Logistic,BlackConcentration,9,High,9,276,0.8109,0.3442
structured,Logistic,SES_group,10,Low,0,334,0.1585,0.0269
structured,Logistic,SES_group,10,Low,1,317,0.2524,0.0694
structured,Logistic,SES_group,10,Low,2,255,0.3155,0.0667
structured,Logistic,SES_group,10,Low,3,264,0.3674,0.0758
structured,Logistic,SES_group,10,Low,4,280,0.419,0.125
structured,Logistic,SES_group,10,Low,5,275,0.4744,0.16
structured,Logistic,SES_group,10,Low,6,251,0.5286,0.1873
structured,Logistic,SES_group,10,Low,7,269,0.5904,0.1784
structured,Logistic,SES_group,10,Low,8,237,0.661,0.2363
structured,Logistic,SES_group,10,Low,9,229,0.7715,0.3231
structured,Logistic,SES_group,10,High,0,118,0.1626,0.0424
structured,Logistic,SES_group,10,High,1,109,0.2525,0.0826
structured,Logistic,SES_group,10,High,2,148,0.3154,0.1081
structured,Logistic,SES_group,10,High,3,125,0.3692,0.072
structured,Logistic,SES_group,10,High,4,131,0.4191,0.0916
structured,Logistic,SES_group,10,High,5,132,0.4739,0.1515
structured,Logistic,SES_group,10,High,6,148,0.5285,0.1284
structured,Logistic,SES_group,10,High,7,146,0.588,0.1301
structured,Logistic,SES_group,10,High,8,147,0.6641,0.2925
structured,Logistic,SES_group,10,High,9,152,0.7735,0.375
structured,Logistic,BlackConcentration,10,Low,0,101,0.1596,0.0297
structured,Logistic,BlackConcentration,10,Low,1,102,0.2514,0.0882
structured,Logistic,BlackConcentration,10,Low,2,99,0.314,0.1111
structured,Logistic,BlackConcentration,10,Low,3,104,0.367,0.0577
structured,Logistic,BlackConcentration,10,Low,4,117,0.4191,0.1282
structured,Logistic,BlackConcentration,10,Low,5,91,0.4746,0.1429
structured,Logistic,BlackConcentration,10,Low,6,108,0.5284,0.1481
structured,Logistic,BlackConcentration,10,Low,7,94,0.5927,0.2021
structured,Logistic,BlackConcentration,10,Low,8,89,0.6604,0.2022
structured,Logistic,BlackConcentration,10,Low,9,107,0.7734,0.271
structured,Logistic,BlackConcentration,10,High,0,274,0.1581,0.0328
structured,Logistic,BlackConcentration,10,High,1,250,0.2525,0.084
structured,Logistic,BlackConcentration,10,High,2,277,0.3146,0.0903
structured,Logistic,BlackConcentration,10,High,3,260,0.3692,0.1038
structured,Logistic,BlackConcentration,10,High,4,248,0.42,0.125
structured,Logistic,BlackConcentration,10,High,5,267,0.4735,0.1685
structured,Logistic,BlackConcentration,10,High,6,272,0.5292,0.1618
structured,Logistic,BlackConcentration,10,High,7,276,0.5883,0.1594
structured,Logistic,BlackConcentration,10,High,8,289,0.6637,0.2941
structured,Logistic,BlackConcentration,10,High,9,281,0.776,0.4057
structured,Logistic,SES_group,11,Low,0,457,0.1646,0.035
structured,Logistic,SES_group,11,Low,1,379,0.2589,0.0475
structured,Logistic,SES_group,11,Low,2,381,0.3246,0.0945
structured,Logistic,SES_group,11,Low,3,388,0.3814,0.1005
structured,Logistic,SES_group,11,Low,4,354,0.4374,0.113
structured,Logistic,SES_group,11,Low,5,340,0.4869,0.1176
structured,Logistic,SES_group,11,Low,6,361,0.5414,0.1828
structured,Logistic,SES_group,11,Low,7,339,0.6011,0.236
structured,Logistic,SES_group,11,Low,8,333,0.6672,0.2312
structured,Logistic,SES_group,11,Low,9,315,0.7818,0.3206
structured,Logistic,SES_group,11,High,0,139,0.1662,0.0288
structured,Logistic,SES_group,11,High,1,178,0.2618,0.0225
structured,Logistic,SES_group,11,High,2,176,0.3267,0.0682
structured,Logistic,SES_group,11,High,3,185,0.3821,0.0865
structured,Logistic,SES_group,11,High,4,202,0.4346,0.1238
structured,Logistic,SES_group,11,High,5,201,0.4879,0.1443
structured,Logistic,SES_group,11,High,6,201,0.5436,0.1891
structured,Logistic,SES_group,11,High,7,193,0.6027,0.171
structured,Logistic,SES_group,11,High,8,210,0.6704,0.281
structured,Logistic,SES_group,11,High,9,215,0.7818,0.3488
structured,Logistic,BlackConcentration,11,Low,0,159,0.1644,0.0126
structured,Logistic,BlackConcentration,11,Low,1,139,0.2608,0.036
structured,Logistic,BlackConcentration,11,Low,2,134,0.3239,0.0896
structured,Logistic,BlackConcentration,11,Low,3,136,0.3799,0.0956
structured,Logistic,BlackConcentration,11,Low,4,133,0.4386,0.0977
structured,Logistic,BlackConcentration,11,Low,5,150,0.4871,0.0933
structured,Logistic,BlackConcentration,11,Low,6,120,0.5418,0.1583
structured,Logistic,BlackConcentration,11,Low,7,139,0.5993,0.2374
structured,Logistic,BlackConcentration,11,Low,8,122,0.6639,0.2049
structured,Logistic,BlackConcentration,11,Low,9,146,0.7821,0.2329
structured,Logistic,BlackConcentration,11,High,0,339,0.168,0.0442
structured,Logistic,BlackConcentration,11,High,1,353,0.2614,0.0482
structured,Logistic,BlackConcentration,11,High,2,364,0.3267,0.0907
structured,Logistic,BlackConcentration,11,High,3,353,0.3816,0.0793
structured,Logistic,BlackConcentration,11,High,4,361,0.4363,0.1302
structured,Logistic,BlackConcentration,11,High,5,345,0.4875,0.1449
structured,Logistic,BlackConcentration,11,High,6,364,0.5417,0.1868
structured,Logistic,BlackConcentration,11,High,7,338,0.6017,0.2012
structured,Logistic,BlackConcentration,11,High,8,377,0.6698,0.2361
structured,Logistic,BlackConcentration,11,High,9,369,0.786,0.3062
structured,Logistic,SES_group,12,Low,0,552,0.1733,0.0236
structured,Logistic,SES_group,12,Low,1,519,0.2745,0.0617
structured,Logistic,SES_group,12,Low,2,495,0.3403,0.0788
structured,Logistic,SES_group,12,Low,3,459,0.3958,0.1068
structured,Logistic,SES_group,12,Low,4,463,0.4456,0.1015
structured,Logistic,SES_group,12,Low,5,485,0.4983,0.167
structured,Logistic,SES_group,12,Low,6,426,0.5486,0.1948
structured,Logistic,SES_group,12,Low,7,441,0.6063,0.22
structured,Logistic,SES_group,12,Low,8,445,0.6746,0.2584
structured,Logistic,SES_group,12,Low,9,420,0.7803,0.3167
structured,Logistic,SES_group,12,High,0,182,0.1808,0.0549
structured,Logistic,SES_group,12,High,1,250,0.2751,0.06
structured,Logistic,SES_group,12,High,2,270,0.34,0.0519
structured,Logistic,SES_group,12,High,3,271,0.3951,0.0996
structured,Logistic,SES_group,12,High,4,265,0.4469,0.1472
structured,Logistic,SES_group,12,High,5,245,0.4973,0.1265
structured,Logistic,SES_group,12,High,6,272,0.55,0.2059
structured,Logistic,SES_group,12,High,7,309,0.6055,0.233
structured,Logistic,SES_group,12,High,8,262,0.6737,0.2863
structured,Logistic,SES_group,12,High,9,282,0.7751,0.3759
structured,Logistic,BlackConcentration,12,Low,0,205,0.1781,0.0244
structured,Logistic,BlackConcentration,12,Low,1,189,0.2722,0.0582
structured,Logistic,BlackConcentration,12,Low,2,181,0.3417,0.0773
structured,Logistic,BlackConcentration,12,Low,3,167,0.3935,0.0838
structured,Logistic,BlackConcentration,12,Low,4,173,0.4479,0.1098
structured,Logistic,BlackConcentration,12,Low,5,195,0.4986,0.159
structured,Logistic,BlackConcentration,12,Low,6,202,0.5499,0.2079
structured,Logistic,BlackConcentration,12,Low,7,152,0.6062,0.1776
structured,Logistic,BlackConcentration,12,Low,8,178,0.6726,0.2809
structured,Logistic,BlackConcentration,12,Low,9,150,0.7754,0.34
structured,Logistic,BlackConcentration,12,High,0,462,0.1757,0.0303
structured,Logistic,BlackConcentration,12,High,1,449,0.2751,0.0601
structured,Logistic,BlackConcentration,12,High,2,460,0.3398,0.0565
structured,Logistic,BlackConcentration,12,High,3,482,0.3961,0.1245
structured,Logistic,BlackConcentration,12,High,4,506,0.4455,0.1403
structured,Logistic,BlackConcentration,12,High,5,485,0.4976,0.1505
structured,Logistic,BlackConcentration,12,High,6,506,0.5491,0.1917
structured,Logistic,BlackConcentration,12,High,7,530,0.6057,0.2132
structured,Logistic,BlackConcentration,12,High,8,494,0.674,0.2895
structured,Logistic,BlackConcentration,12,High,9,524,0.7769,0.3531
structured,Logistic,SES_group,13,Low,0,672,0.1821,0.0342
structured,Logistic,SES_group,13,Low,1,638,0.2774,0.0752
structured,Logistic,SES_group,13,Low,2,580,0.3421,0.0741
structured,Logistic,SES_group,13,Low,3,587,0.3948,0.1107
structured,Logistic,SES_group,13,Low,4,561,0.4451,0.1337
structured,Logistic,SES_group,13,Low,5,527,0.4946,0.1366
structured,Logistic,SES_group,13,Low,6,529,0.5468,0.1871
structured,Logistic,SES_group,13,Low,7,581,0.6027,0.2375
structured,Logistic,SES_group,13,Low,8,507,0.6726,0.2584
structured,Logistic,SES_group,13,Low,9,504,0.7749,0.2837
structured,Logistic,SES_group,13,High,0,232,0.1849,0.0345
structured,Logistic,SES_group,13,High,1,249,0.2793,0.0442
structured,Logistic,SES_group,13,High,2,285,0.3422,0.1123
structured,Logistic,SES_group,13,High,3,291,0.3964,0.0722
structured,Logistic,SES_group,13,High,4,309,0.4458,0.1133
structured,Logistic,SES_group,13,High,5,337,0.4955,0.1513
structured,Logistic,SES_group,13,High,6,315,0.5459,0.1619
structured,Logistic,SES_group,13,High,7,300,0.6046,0.24
structured,Logistic,SES_group,13,High,8,344,0.6716,0.2645
structured,Logistic,SES_group,13,High,9,341,0.7827,0.393
structured,Logistic,BlackConcentration,13,Low,0,234,0.187,0.0342
structured,Logistic,BlackConcentration,13,Low,1,237,0.2804,0.0717
structured,Logistic,BlackConcentration,13,Low,2,238,0.3415,0.0756
structured,Logistic,BlackConcentration,13,Low,3,234,0.3956,0.1197
structured,Logistic,BlackConcentration,13,Low,4,221,0.4452,0.0724
structured,Logistic,BlackConcentration,13,Low,5,200,0.4942,0.16
structured,Logistic,BlackConcentration,13,Low,6,201,0.5481,0.1443
structured,Logistic,BlackConcentration,13,Low,7,222,0.6025,0.2432
structured,Logistic,BlackConcentration,13,Low,8,189,0.6689,0.2434
structured,Logistic,BlackConcentration,13,Low,9,194,0.7729,0.3041
structured,Logistic,BlackConcentration,13,High,0,559,0.1819,0.0358
structured,Logistic,BlackConcentration,13,High,1,501,0.2783,0.0659
structured,Logistic,BlackConcentration,13,High,2,537,0.3416,0.0819
structured,Logistic,BlackConcentration,13,High,3,541,0.3951,0.0832
structured,Logistic,BlackConcentration,13,High,4,539,0.4463,0.1558
structured,Logistic,BlackConcentration,13,High,5,575,0.4946,0.1339
structured,Logistic,BlackConcentration,13,High,6,582,0.5471,0.1821
structured,Logistic,BlackConcentration,13,High,7,563,0.6039,0.2256
structured,Logistic,BlackConcentration,13,High,8,626,0.6726,0.2796
structured,Logistic,BlackConcentration,13,High,9,605,0.7797,0.3603
structured,Logistic,SES_group,14,Low,0,785,0.1691,0.0217
structured,Logistic,SES_group,14,Low,1,729,0.2608,0.0604
structured,Logistic,SES_group,14,Low,2,715,0.3216,0.0895
structured,Logistic,SES_group,14,Low,3,662,0.3739,0.1148
structured,Logistic,SES_group,14,Low,4,627,0.4246,0.1164
structured,Logistic,SES_group,14,Low,5,652,0.475,0.1212
structured,Logistic,SES_group,14,Low,6,656,0.5276,0.1799
structured,Logistic,SES_group,14,Low,7,641,0.5895,0.2402
structured,Logistic,SES_group,14,Low,8,643,0.6604,0.283
structured,Logistic,SES_group,14,Low,9,597,0.7667,0.2965
structured,Logistic,SES_group,14,High,0,296,0.1731,0.0405
structured,Logistic,SES_group,14,High,1,292,0.2618,0.0582
structured,Logistic,SES_group,14,High,2,311,0.3222,0.0932
structured,Logistic,SES_group,14,High,3,320,0.3737,0.0938
structured,Logistic,SES_group,14,High,4,368,0.423,0.0924
structured,Logistic,SES_group,14,High,5,360,0.4737,0.1278
structured,Logistic,SES_group,14,High,6,361,0.5279,0.1801
structured,Logistic,SES_group,14,High,7,329,0.5889,0.1976
structured,Logistic,SES_group,14,High,8,360,0.6629,0.2611
structured,Logistic,SES_group,14,High,9,402,0.7659,0.3657
structured,Logistic,BlackConcentration,14,Low,0,304,0.1731,0.023
structured,Logistic,BlackConcentration,14,Low,1,286,0.261,0.0979
structured,Logistic,BlackConcentration,14,Low,2,294,0.324,0.0714
structured,Logistic,BlackConcentration,14,Low,3,278,0.3739,0.1223
structured,Logistic,BlackConcentration,14,Low,4,270,0.4246,0.1259
structured,Logistic,BlackConcentration,14,Low,5,271,0.4743,0.1697
structured,Logistic,BlackConcentration,14,Low,6,254,0.5273,0.1575
structured,Logistic,BlackConcentration,14,Low,7,257,0.5905,0.214
structured,Logistic,BlackConcentration,14,Low,8,237,0.6611,0.2658
structured,Logistic,BlackConcentration,14,Low,9,233,0.7626,0.309
structured,Logistic,BlackConcentration,14,High,0,607,0.1731,0.0461
structured,Logistic,BlackConcentration,14,High,1,661,0.2607,0.0545
structured,Logistic,BlackConcentration,14,High,2,657,0.3217,0.0852
structured,Logistic,BlackConcentration,14,High,3,632,0.3745,0.1123
structured,Logistic,BlackConcentration,14,High,4,647,0.4248,0.102
structured,Logistic,BlackConcentration,14,High,5,646,0.4743,0.1223
structured,Logistic,BlackConcentration,14,High,6,673,0.5284,0.1917
structured,Logistic,BlackConcentration,14,High,7,656,0.5889,0.2378
structured,Logistic,BlackConcentration,14,High,8,661,0.6604,0.289
structured,Logistic,BlackConcentration,14,High,9,730,0.7685,0.3315
structured,XGBoost,SES_group,1,Low,0,58,0.0621,0.0517
structured,XGBoost,SES_group,1,Low,1,63,0.1389,0.0635
structured,XGBoost,SES_group,1,Low,2,52,0.2215,0.0769
structured,XGBoost,SES_group,1,Low,3,59,0.281,0.1525
structured,XGBoost,SES_group,1,Low,4,41,0.35,0.1463
structured,XGBoost,SES_group,1,Low,5,45,0.4092,0.1111
structured,XGBoost,SES_group,1,Low,6,46,0.4758,0.2391
structured,XGBoost,SES_group,1,Low,7,50,0.5383,0.2
structured,XGBoost,SES_group,1,Low,8,46,0.6167,0.2174
structured,XGBoost,SES_group,1,Low,9,55,0.7177,0.2545
structured,XGBoost,SES_group,1,High,0,14,0.0618,0.0714
structured,XGBoost,SES_group,1,High,1,23,0.1413,0.1739
structured,XGBoost,SES_group,1,High,2,18,0.2157,0.0556
structured,XGBoost,SES_group,1,High,3,19,0.2868,0.0
structured,XGBoost,SES_group,1,High,4,28,0.3504,0.0357
structured,XGBoost,SES_group,1,High,5,19,0.4161,0.2632
structured,XGBoost,SES_group,1,High,6,23,0.4767,0.1304
structured,XGBoost,SES_group,1,High,7,24,0.542,0.125
structured,XGBoost,SES_group,1,High,8,20,0.611,0.45
structured,XGBoost,SES_group,1,High,9,26,0.7426,0.3077
structured,XGBoost,BlackConcentration,1,Low,0,17,0.0627,0.0
structured,XGBoost,BlackConcentration,1,Low,1,18,0.1424,0.1111
structured,XGBoost,BlackConcentration,1,Low,2,11,0.2142,0.0
structured,XGBoost,BlackConcentration,1,Low,3,22,0.2846,0.1818
structured,XGBoost,BlackConcentration,1,Low,4,15,0.3584,0.1333
structured,XGBoost,BlackConcentration,1,Low,5,16,0.412,0.3125
structured,XGBoost,BlackConcentration,1,Low,6,20,0.4689,0.2
structured,XGBoost,BlackConcentration,1,Low,7,20,0.5422,0.2
structured,XGBoost,BlackConcentration,1,Low,8,20,0.6157,0.4
structured,XGBoost,BlackConcentration,1,Low,9,21,0.716,0.1905
structured,XGBoost,BlackConcentration,1,High,0,48,0.0614,0.0208
structured,XGBoost,BlackConcentration,1,High,1,49,0.1419,0.0408
structured,XGBoost,BlackConcentration,1,High,2,45,0.2236,0.1111
structured,XGBoost,BlackConcentration,1,High,3,53,0.2819,0.0943
structured,XGBoost,BlackConcentration,1,High,4,43,0.346,0.093
structured,XGBoost,BlackConcentration,1,High,5,38,0.4105,0.2105
structured,XGBoost,BlackConcentration,1,High,6,49,0.4713,0.2449
structured,XGBoost,BlackConcentration,1,High,7,39,0.5429,0.1026
structured,XGBoost,BlackConcentration,1,High,8,50,0.6116,0.26
structured,XGBoost,BlackConcentration,1,High,9,46,0.7401,0.3043
structured,XGBoost,SES_group,2,Low,0,56,0.0403,0.0
structured,XGBoost,SES_group,2,Low,1,47,0.098,0.0
structured,XGBoost,SES_group,2,Low,2,64,0.1545,0.0469
structured,XGBoost,SES_group,2,Low,3,65,0.2188,0.0308
structured,XGBoost,SES_group,2,Low,4,58,0.2877,0.1207
structured,XGBoost,SES_group,2,Low,5,58,0.3633,0.0862
structured,XGBoost,SES_group,2,Low,6,59,0.4451,0.1186
structured,XGBoost,SES_group,2,Low,7,58,0.5221,0.1897
structured,XGBoost,SES_group,2,Low,8,53,0.5973,0.1698
structured,XGBoost,SES_group,2,Low,9,43,0.72,0.186
structured,XGBoost,SES_group,2,High,0,27,0.0371,0.1111
structured,XGBoost,SES_group,2,High,1,30,0.0942,0.1
structured,XGBoost,SES_group,2,High,2,23,0.1621,0.1304
structured,XGBoost,SES_group,2,High,3,17,0.2158,0.1176
structured,XGBoost,SES_group,2,High,4,25,0.2895,0.12
structured,XGBoost,SES_group,2,High,5,26,0.3674,0.0385
structured,XGBoost,SES_group,2,High,6,24,0.4453,0.2083
structured,XGBoost,SES_group,2,High,7,26,0.5232,0.1923
structured,XGBoost,SES_group,2,High,8,33,0.5993,0.1818
structured,XGBoost,SES_group,2,High,9,32,0.7395,0.3125
structured,XGBoost,SES_group,3,Low,0,75,0.0804,0.0133
structured,XGBoost,SES_group,3,Low,1,68,0.1561,0.0
structured,XGBoost,SES_group,3,Low,2,67,0.2259,0.0149
structured,XGBoost,SES_group,3,Low,3,67,0.2981,0.0746
structured,XGBoost,SES_group,3,Low,4,54,0.3668,0.1111
structured,XGBoost,SES_group,3,Low,5,63,0.4361,0.127
structured,XGBoost,SES_group,3,Low,6,52,0.5002,0.1154
structured,XGBoost,SES_group,3,Low,7,50,0.5634,0.14
structured,XGBoost,SES_group,3,Low,8,56,0.6311,0.1607
structured,XGBoost,SES_group,3,Low,9,54,0.7499,0.3889
structured,XGBoost,SES_group,3,High,0,21,0.077,0.1429
structured,XGBoost,SES_group,3,High,1,24,0.1529,0.0833
structured,XGBoost,SES_group,3,High,2,27,0.2186,0.1481
structured,XGBoost,SES_group,3,High,3,18,0.2927,0.0
structured,XGBoost,SES_group,3,High,4,35,0.3618,0.2
structured,XGBoost,SES_group,3,High,5,24,0.4298,0.125
structured,XGBoost,SES_group,3,High,6,31,0.5042,0.1935
structured,XGBoost,SES_group,3,High,7,40,0.5659,0.275
structured,XGBoost,SES_group,3,High,8,37,0.6314,0.2703
structured,XGBoost,SES_group,3,High,9,35,0.7463,0.3429
structured,XGBoost,SES_group,4,Low,0,88,0.0763,0.0114
structured,XGBoost,SES_group,4,Low,1,80,0.1643,0.0375
structured,XGBoost,SES_group,4,Low,2,84,0.2444,0.131
structured,XGBoost,SES_group,4,Low,3,92,0.3185,0.1087
structured,XGBoost,SES_group,4,Low,4,83,0.3856,0.1566
structured,XGBoost,SES_group,4,Low,5,83,0.4441,0.1446
structured,XGBoost,SES_group,4,Low,6,79,0.5065,0.2278
structured,XGBoost,SES_group,4,Low,7,83,0.5684,0.1928
structured,XGBoost,SES_group,4,Low,8,70,0.6412,0.1429
structured,XGBoost,SES_group,4,Low,9,72,0.7376,0.2222
structured,XGBoost,SES_group,4,High,0,44,0.0831,0.0227
structured,XGBoost,SES_group,4,High,1,36,0.1714,0.0278
structured,XGBoost,SES_group,4,High,2,37,0.2405,0.027
structured,XGBoost,SES_group,4,High,3,45,0.3184,0.0222
structured,XGBoost,SES_group,4,High,4,37,0.3839,0.1351
structured,XGBoost,SES_group,4,High,5,29,0.4509,0.1379
structured,XGBoost,SES_group,4,High,6,47,0.5086,0.1702
structured,XGBoost,SES_group,4,High,7,38,0.57,0.1842
structured,XGBoost,SES_group,4,High,8,43,0.6439,0.3721
structured,XGBoost,SES_group,4,High,9,41,0.7422,0.2927
structured,XGBoost,BlackConcentration,4,Low,0,24,0.0687,0.0
structured,XGBoost,BlackConcentration,4,Low,1,21,0.1644,0.1429
structured,XGBoost,BlackConcentration,4,Low,2,17,0.245,0.0588
structured,XGBoost,BlackConcentration,4,Low,3,28,0.3156,0.0714
structured,XGBoost,BlackConcentration,4,Low,4,23,0.3797,0.3043
structured,XGBoost,BlackConcentration,4,Low,5,28,0.4501,0.1429
structured,XGBoost,BlackConcentration,4,Low,6,29,0.509,0.1034
structured,XGBoost,BlackConcentration,4,Low,7,22,0.5637,0.1364
structured,XGBoost,BlackConcentration,4,Low,8,27,0.6407,0.2963
structured,XGBoost,BlackConcentration,4,Low,9,30,0.7383,0.2667
structured,XGBoost,BlackConcentration,4,High,0,81,0.0787,0.037
structured,XGBoost,BlackConcentration,4,High,1,89,0.1658,0.0674
structured,XGBoost,BlackConcentration,4,High,2,91,0.2437,0.1209
structured,XGBoost,BlackConcentration,4,High,3,86,0.3183,0.0698
structured,XGBoost,BlackConcentration,4,High,4,85,0.3855,0.1176
structured,XGBoost,BlackConcentration,4,High,5,72,0.4481,0.1111
structured,XGBoost,BlackConcentration,4,High,6,81,0.5082,0.2593
structured,XGBoost,BlackConcentration,4,High,7,92,0.5695,0.1957
structured,XGBoost,BlackConcentration,4,High,8,78,0.6428,0.2179
structured,XGBoost,BlackConcentration,4,High,9,86,0.7414,0.314
structured,XGBoost,SES_group,5,Low,0,101,0.0836,0.0297
structured,XGBoost,SES_group,5,Low,1,98,0.1737,0.0612
structured,XGBoost,SES_group,5,Low,2,100,0.2579,0.12
structured,XGBoost,SES_group,5,Low,3,80,0.3205,0.0375
structured,XGBoost,SES_group,5,Low,4,96,0.3755,0.125
structured,XGBoost,SES_group,5,Low,5,86,0.4358,0.1279
structured,XGBoost,SES_group,5,Low,6,82,0.496,0.1341
structured,XGBoost,SES_group,5,Low,7,102,0.5597,0.2059
structured,XGBoost,SES_group,5,Low,8,94,0.6337,0.266
structured,XGBoost,SES_group,5,Low,9,71,0.7319,0.4225
structured,XGBoost,SES_group,5,High,0,28,0.0861,0.0
structured,XGBoost,SES_group,5,High,1,35,0.1727,0.0286
structured,XGBoost,SES_group,5,High,2,40,0.2563,0.075
structured,XGBoost,SES_group,5,High,3,50,0.3251,0.14
structured,XGBoost,SES_group,5,High,4,39,0.3769,0.0513
structured,XGBoost,SES_group,5,High,5,42,0.4402,0.119
structured,XGBoost,SES_group,5,High,6,49,0.4994,0.2041
structured,XGBoost,SES_group,5,High,7,35,0.5676,0.0571
structured,XGBoost,SES_group,5,High,8,46,0.6406,0.2826
structured,XGBoost,SES_group,5,High,9,66,0.7443,0.303
structured,XGBoost,BlackConcentration,5,Low,0,30,0.0826,0.0333
structured,XGBoost,BlackConcentration,5,Low,1,33,0.1742,0.0909
structured,XGBoost,BlackConcentration,5,Low,2,24,0.2549,0.1667
structured,XGBoost,BlackConcentration,5,Low,3,39,0.3186,0.0256
structured,XGBoost,BlackConcentration,5,Low,4,26,0.3786,0.0769
structured,XGBoost,BlackConcentration,5,Low,5,26,0.442,0.0769
structured,XGBoost,BlackConcentration,5,Low,6,28,0.4977,0.0714
structured,XGBoost,BlackConcentration,5,Low,7,27,0.5607,0.1852
structured,XGBoost,BlackConcentration,5,Low,8,30,0.6302,0.2
structured,XGBoost,BlackConcentration,5,Low,9,30,0.7312,0.5333
structured,XGBoost,BlackConcentration,5,High,0,89,0.0834,0.0
structured,XGBoost,BlackConcentration,5,High,1,95,0.1733,0.0316
structured,XGBoost,BlackConcentration,5,High,2,98,0.2554,0.0714
structured,XGBoost,BlackConcentration,5,High,3,89,0.3236,0.0787
structured,XGBoost,BlackConcentration,5,High,4,93,0.3768,0.129
structured,XGBoost,BlackConcentration,5,High,5,88,0.4378,0.125
structured,XGBoost,BlackConcentration,5,High,6,84,0.4963,0.1786
structured,XGBoost,BlackConcentration,5,High,7,94,0.5628,0.1596
structured,XGBoost,BlackConcentration,5,High,8,88,0.6341,0.3068
structured,XGBoost,BlackConcentration,5,High,9,91,0.7348,0.3956
structured,XGBoost,SES_group,6,Low,0,111,0.1529,0.036
structured,XGBoost,SES_group,6,Low,1,105,0.2723,0.0762
structured,XGBoost,SES_group,6,Low,2,86,0.344,0.1047
structured,XGBoost,SES_group,6,Low,3,105,0.3979,0.1143
structured,XGBoost,SES_group,6,Low,4,93,0.4541,0.0968
structured,XGBoost,SES_group,6,Low,5,91,0.5102,0.1648
structured,XGBoost,SES_group,6,Low,6,96,0.5709,0.2083
structured,XGBoost,SES_group,6,Low,7,97,0.6313,0.3093
structured,XGBoost,SES_group,6,Low,8,91,0.6909,0.3516
structured,XGBoost,SES_group,6,Low,9,84,0.7699,0.4167
structured,XGBoost,SES_group,6,High,0,36,0.1524,0.0278
structured,XGBoost,SES_group,6,High,1,49,0.2731,0.1837
structured,XGBoost,SES_group,6,High,2,54,0.3423,0.1296
structured,XGBoost,SES_group,6,High,3,53,0.401,0.1132
structured,XGBoost,SES_group,6,High,4,52,0.4531,0.1154
structured,XGBoost,SES_group,6,High,5,39,0.5112,0.359
structured,XGBoost,SES_group,6,High,6,48,0.5669,0.2708
structured,XGBoost,SES_group,6,High,7,58,0.6346,0.1897
structured,XGBoost,SES_group,6,High,8,69,0.6913,0.3333
structured,XGBoost,SES_group,6,High,9,49,0.7782,0.2857
structured,XGBoost,BlackConcentration,6,Low,0,27,0.1553,0.0
structured,XGBoost,BlackConcentration,6,Low,1,34,0.2633,0.0588
structured,XGBoost,BlackConcentration,6,Low,2,33,0.3436,0.1515
structured,XGBoost,BlackConcentration,6,Low,3,44,0.4,0.0682
structured,XGBoost,BlackConcentration,6,Low,4,42,0.4548,0.119
structured,XGBoost,BlackConcentration,6,Low,5,41,0.5136,0.2195
structured,XGBoost,BlackConcentration,6,Low,6,29,0.569,0.2414
structured,XGBoost,BlackConcentration,6,Low,7,43,0.6341,0.2791
structured,XGBoost,BlackConcentration,6,Low,8,30,0.6923,0.3
structured,XGBoost,BlackConcentration,6,Low,9,26,0.7819,0.3077
structured,XGBoost,BlackConcentration,6,High,0,112,0.1517,0.0268
structured,XGBoost,BlackConcentration,6,High,1,110,0.2733,0.1
structured,XGBoost,BlackConcentration,6,High,2,103,0.3421,0.0777
structured,XGBoost,BlackConcentration,6,High,3,94,0.399,0.1702
structured,XGBoost,BlackConcentration,6,High,4,85,0.4549,0.1059
structured,XGBoost,BlackConcentration,6,High,5,89,0.506,0.2022
structured,XGBoost,BlackConcentration,6,High,6,98,0.5698,0.2857
structured,XGBoost,BlackConcentration,6,High,7,94,0.6308,0.266
structured,XGBoost,BlackConcentration,6,High,8,107,0.692,0.3364
structured,XGBoost,BlackConcentration,6,High,9,110,0.7738,0.3455
structured,XGBoost,SES_group,7,Low,0,153,0.1429,0.0784
structured,XGBoost,SES_group,7,Low,1,132,0.243,0.0227
structured,XGBoost,SES_group,7,Low,2,136,0.3025,0.0588
structured,XGBoost,SES_group,7,Low,3,115,0.3582,0.1652
structured,XGBoost,SES_group,7,Low,4,110,0.4049,0.1
structured,XGBoost,SES_group,7,Low,5,116,0.4506,0.1293
structured,XGBoost,SES_group,7,Low,6,114,0.5013,0.1228
structured,XGBoost,SES_group,7,Low,7,104,0.5557,0.2308
structured,XGBoost,SES_group,7,Low,8,120,0.6313,0.1833
structured,XGBoost,SES_group,7,Low,9,111,0.7496,0.3874
structured,XGBoost,SES_group,7,High,0,53,0.1323,0.0377
structured,XGBoost,SES_group,7,High,1,65,0.2437,0.1231
structured,XGBoost,SES_group,7,High,2,55,0.2985,0.0364
structured,XGBoost,SES_group,7,High,3,63,0.3602,0.0635
structured,XGBoost,SES_group,7,High,4,83,0.4077,0.0843
structured,XGBoost,SES_group,7,High,5,66,0.4524,0.1364
structured,XGBoost,SES_group,7,High,6,66,0.5014,0.2121
structured,XGBoost,SES_group,7,High,7,78,0.5561,0.1667
structured,XGBoost,SES_group,7,High,8,74,0.6294,0.3514
structured,XGBoost,SES_group,7,High,9,73,0.7507,0.3699
structured,XGBoost,BlackConcentration,7,Low,0,42,0.1549,0.0952
structured,XGBoost,BlackConcentration,7,Low,1,40,0.2445,0.05
structured,XGBoost,BlackConcentration,7,Low,2,42,0.303,0.0476
structured,XGBoost,BlackConcentration,7,Low,3,32,0.3628,0.125
structured,XGBoost,BlackConcentration,7,Low,4,37,0.4053,0.0811
structured,XGBoost,BlackConcentration,7,Low,5,46,0.4524,0.1522
structured,XGBoost,BlackConcentration,7,Low,6,46,0.5007,0.1522
structured,XGBoost,BlackConcentration,7,Low,7,40,0.558,0.125
structured,XGBoost,BlackConcentration,7,Low,8,50,0.6301,0.2
structured,XGBoost,BlackConcentration,7,Low,9,53,0.7433,0.3774
structured,XGBoost,BlackConcentration,7,High,0,129,0.1395,0.062
structured,XGBoost,BlackConcentration,7,High,1,120,0.2421,0.05
structured,XGBoost,BlackConcentration,7,High,2,124,0.3026,0.0565
structured,XGBoost,BlackConcentration,7,High,3,140,0.3584,0.1071
structured,XGBoost,BlackConcentration,7,High,4,133,0.4066,0.1203
structured,XGBoost,BlackConcentration,7,High,5,137,0.4519,0.1241
structured,XGBoost,BlackConcentration,7,High,6,116,0.5016,0.181
structured,XGBoost,BlackConcentration,7,High,7,120,0.5568,0.175
structured,XGBoost,BlackConcentration,7,High,8,129,0.6301,0.2636
structured,XGBoost,BlackConcentration,7,High,9,128,0.7482,0.3594
structured,XGBoost,SES_group,8,Low,0,195,0.1379,0.0513
structured,XGBoost,SES_group,8,Low,1,184,0.2759,0.0815
structured,XGBoost,SES_group,8,Low,2,183,0.3523,0.1038
structured,XGBoost,SES_group,8,Low,3,178,0.4134,0.1348
structured,XGBoost,SES_group,8,Low,4,156,0.4682,0.141
structured,XGBoost,SES_group,8,Low,5,163,0.5184,0.1779
structured,XGBoost,SES_group,8,Low,6,149,0.5695,0.2215
structured,XGBoost,SES_group,8,Low,7,180,0.6217,0.2722
structured,XGBoost,SES_group,8,Low,8,169,0.6878,0.3195
structured,XGBoost,SES_group,8,Low,9,158,0.7844,0.3228
structured,XGBoost,SES_group,8,High,0,80,0.1323,0.0375
structured,XGBoost,SES_group,8,High,1,74,0.2739,0.0541
structured,XGBoost,SES_group,8,High,2,90,0.3508,0.0778
structured,XGBoost,SES_group,8,High,3,75,0.4144,0.1333
structured,XGBoost,SES_group,8,High,4,89,0.4688,0.191
structured,XGBoost,SES_group,8,High,5,88,0.5191,0.1818
structured,XGBoost,SES_group,8,High,6,87,0.571,0.2184
structured,XGBoost,SES_group,8,High,7,87,0.6229,0.2069
structured,XGBoost,SES_group,8,High,8,91,0.6846,0.3297
structured,XGBoost,SES_group,8,High,9,77,0.7833,0.4675
structured,XGBoost,BlackConcentration,8,Low,0,64,0.1424,0.0312
structured,XGBoost,BlackConcentration,8,Low,1,57,0.2784,0.1053
structured,XGBoost,BlackConcentration,8,Low,2,40,0.3523,0.075
structured,XGBoost,BlackConcentration,8,Low,3,67,0.4157,0.194
structured,XGBoost,BlackConcentration,8,Low,4,61,0.4683,0.1639
structured,XGBoost,BlackConcentration,8,Low,5,52,0.5194,0.2115
structured,XGBoost,BlackConcentration,8,Low,6,45,0.5742,0.2222
structured,XGBoost,BlackConcentration,8,Low,7,45,0.6221,0.1556
structured,XGBoost,BlackConcentration,8,Low,8,76,0.6844,0.2632
structured,XGBoost,BlackConcentration,8,Low,9,48,0.7917,0.4792
structured,XGBoost,BlackConcentration,8,High,0,158,0.1312,0.057
structured,XGBoost,BlackConcentration,8,High,1,176,0.273,0.0739
structured,XGBoost,BlackConcentration,8,High,2,182,0.35,0.0934
structured,XGBoost,BlackConcentration,8,High,3,179,0.4143,0.162
structured,XGBoost,BlackConcentration,8,High,4,177,0.4687,0.1695
structured,XGBoost,BlackConcentration,8,High,5,168,0.5177,0.1667
structured,XGBoost,BlackConcentration,8,High,6,205,0.5689,0.2293
structured,XGBoost,BlackConcentration,8,High,7,181,0.6223,0.2928
structured,XGBoost,BlackConcentration,8,High,8,171,0.6857,0.2749
structured,XGBoost,BlackConcentration,8,High,9,186,0.7807,0.3925
structured,XGBoost,SES_group,9,Low,0,307,0.1124,0.0326
structured,XGBoost,SES_group,9,Low,1,303,0.2189,0.0495
structured,XGBoost,SES_group,9,Low,2,264,0.2851,0.0606
structured,XGBoost,SES_group,9,Low,3,253,0.3446,0.1067
structured,XGBoost,SES_group,9,Low,4,278,0.3988,0.1367
structured,XGBoost,SES_group,9,Low,5,239,0.4514,0.1548
structured,XGBoost,SES_group,9,Low,6,218,0.5034,0.1468
structured,XGBoost,SES_group,9,Low,7,249,0.561,0.2209
structured,XGBoost,SES_group,9,Low,8,247,0.6307,0.2429
structured,XGBoost,SES_group,9,Low,9,237,0.7376,0.3502
structured,XGBoost,SES_group,9,High,0,118,0.1125,0.0424
structured,XGBoost,SES_group,9,High,1,121,0.2117,0.0661
structured,XGBoost,SES_group,9,High,2,138,0.2852,0.0725
structured,XGBoost,SES_group,9,High,3,147,0.3445,0.0952
structured,XGBoost,SES_group,9,High,4,125,0.3986,0.112
structured,XGBoost,SES_group,9,High,5,164,0.4528,0.1585
structured,XGBoost,SES_group,9,High,6,159,0.5037,0.1635
structured,XGBoost,SES_group,9,High,7,156,0.5612,0.2115
structured,XGBoost,SES_group,9,High,8,144,0.6297,0.2292
structured,XGBoost,SES_group,9,High,9,157,0.7456,0.3631
structured,XGBoost,BlackConcentration,9,Low,0,111,0.1145,0.009
structured,XGBoost,BlackConcentration,9,Low,1,100,0.2111,0.06
structured,XGBoost,BlackConcentration,9,Low,2,101,0.283,0.0396
structured,XGBoost,BlackConcentration,9,Low,3,102,0.3436,0.1471
structured,XGBoost,BlackConcentration,9,Low,4,104,0.3976,0.0962
structured,XGBoost,BlackConcentration,9,Low,5,99,0.4525,0.1616
structured,XGBoost,BlackConcentration,9,Low,6,103,0.5043,0.165
structured,XGBoost,BlackConcentration,9,Low,7,98,0.5597,0.2143
structured,XGBoost,BlackConcentration,9,Low,8,109,0.6292,0.2569
structured,XGBoost,BlackConcentration,9,Low,9,93,0.746,0.2688
structured,XGBoost,BlackConcentration,9,High,0,265,0.1139,0.0377
structured,XGBoost,BlackConcentration,9,High,1,279,0.2155,0.0609
structured,XGBoost,BlackConcentration,9,High,2,284,0.2846,0.0915
structured,XGBoost,BlackConcentration,9,High,3,264,0.3434,0.0909
structured,XGBoost,BlackConcentration,9,High,4,250,0.3996,0.1
structured,XGBoost,BlackConcentration,9,High,5,281,0.4521,0.1423
structured,XGBoost,BlackConcentration,9,High,6,267,0.5036,0.1536
structured,XGBoost,BlackConcentration,9,High,7,284,0.5617,0.2183
structured,XGBoost,BlackConcentration,9,High,8,263,0.6314,0.2548
structured,XGBoost,BlackConcentration,9,High,9,278,0.7383,0.3597
structured,XGBoost,SES_group,10,Low,0,338,0.1219,0.0473
structured,XGBoost,SES_group,10,Low,1,302,0.2168,0.0563
structured,XGBoost,SES_group,10,Low,2,277,0.2782,0.0794
structured,XGBoost,SES_group,10,Low,3,276,0.3345,0.0797
structured,XGBoost,SES_group,10,Low,4,249,0.3901,0.1325
structured,XGBoost,SES_group,10,Low,5,271,0.4463,0.1107
structured,XGBoost,SES_group,10,Low,6,266,0.5053,0.1767
structured,XGBoost,SES_group,10,Low,7,261,0.5656,0.1648
structured,XGBoost,SES_group,10,Low,8,254,0.6328,0.2402
structured,XGBoost,SES_group,10,Low,9,217,0.7362,0.3733
structured,XGBoost,SES_group,10,High,0,109,0.1234,0.0367
structured,XGBoost,SES_group,10,High,1,130,0.2181,0.0769
structured,XGBoost,SES_group,10,High,2,129,0.2804,0.0698
structured,XGBoost,SES_group,10,High,3,120,0.3353,0.0917
structured,XGBoost,SES_group,10,High,4,155,0.3914,0.0968
structured,XGBoost,SES_group,10,High,5,134,0.4466,0.1493
structured,XGBoost,SES_group,10,High,6,128,0.5052,0.1094
structured,XGBoost,SES_group,10,High,7,142,0.5656,0.169
structured,XGBoost,SES_group,10,High,8,143,0.6337,0.3077
structured,XGBoost,SES_group,10,High,9,166,0.743,0.3494
structured,XGBoost,BlackConcentration,10,Low,0,89,0.1214,0.0337
structured,XGBoost,BlackConcentration,10,Low,1,107,0.2179,0.0841
structured,XGBoost,BlackConcentration,10,Low,2,95,0.2799,0.0737
structured,XGBoost,BlackConcentration,10,Low,3,112,0.3342,0.0804
structured,XGBoost,BlackConcentration,10,Low,4,86,0.3919,0.1047
structured,XGBoost,BlackConcentration,10,Low,5,99,0.4486,0.1414
structured,XGBoost,BlackConcentration,10,Low,6,112,0.5036,0.1339
structured,XGBoost,BlackConcentration,10,Low,7,105,0.5657,0.2
structured,XGBoost,BlackConcentration,10,Low,8,109,0.6329,0.211
structured,XGBoost,BlackConcentration,10,Low,9,98,0.7427,0.2959
structured,XGBoost,BlackConcentration,10,High,0,262,0.1239,0.0267
structured,XGBoost,BlackConcentration,10,High,1,256,0.2165,0.0664
structured,XGBoost,BlackConcentration,10,High,2,256,0.2785,0.0898
structured,XGBoost,BlackConcentration,10,High,3,257,0.3344,0.1128
structured,XGBoost,BlackConcentration,10,High,4,299,0.3902,0.1605
structured,XGBoost,BlackConcentration,10,High,5,276,0.4461,0.1304
structured,XGBoost,BlackConcentration,10,High,6,251,0.5041,0.1753
structured,XGBoost,BlackConcentration,10,High,7,269,0.5646,0.1599
structured,XGBoost,BlackConcentration,10,High,8,272,0.6329,0.2904
structured,XGBoost,BlackConcentration,10,High,9,296,0.7446,0.402
structured,XGBoost,SES_group,11,Low,0,456,0.1396,0.0307
structured,XGBoost,SES_group,11,Low,1,389,0.2429,0.0797
structured,XGBoost,SES_group,11,Low,2,383,0.3103,0.0705
structured,XGBoost,SES_group,11,Low,3,378,0.3681,0.082
structured,XGBoost,SES_group,11,Low,4,350,0.4239,0.1314
structured,XGBoost,SES_group,11,Low,5,347,0.4755,0.1354
structured,XGBoost,SES_group,11,Low,6,331,0.5316,0.1752
structured,XGBoost,SES_group,11,Low,7,350,0.5864,0.2
structured,XGBoost,SES_group,11,Low,8,323,0.6478,0.2353
structured,XGBoost,SES_group,11,Low,9,340,0.7413,0.3324
structured,XGBoost,SES_group,11,High,0,135,0.1423,0.0296
structured,XGBoost,SES_group,11,High,1,159,0.2446,0.0189
structured,XGBoost,SES_group,11,High,2,195,0.3121,0.0564
structured,XGBoost,SES_group,11,High,3,189,0.3677,0.1005
structured,XGBoost,SES_group,11,High,4,191,0.4231,0.1099
structured,XGBoost,SES_group,11,High,5,207,0.4778,0.1594
structured,XGBoost,SES_group,11,High,6,210,0.5317,0.1524
structured,XGBoost,SES_group,11,High,7,188,0.5854,0.1702
structured,XGBoost,SES_group,11,High,8,220,0.6489,0.3045
structured,XGBoost,SES_group,11,High,9,206,0.7394,0.3544
structured,XGBoost,BlackConcentration,11,Low,0,156,0.1411,0.0128
structured,XGBoost,BlackConcentration,11,Low,1,133,0.2449,0.0602
structured,XGBoost,BlackConcentration,11,Low,2,133,0.3113,0.0602
structured,XGBoost,BlackConcentration,11,Low,3,134,0.3699,0.0821
structured,XGBoost,BlackConcentration,11,Low,4,125,0.4216,0.104
structured,XGBoost,BlackConcentration,11,Low,5,139,0.4741,0.1151
structured,XGBoost,BlackConcentration,11,Low,6,139,0.5323,0.1367
structured,XGBoost,BlackConcentration,11,Low,7,144,0.5871,0.1736
structured,XGBoost,BlackConcentration,11,Low,8,124,0.6486,0.2177
structured,XGBoost,BlackConcentration,11,Low,9,151,0.744,0.2715
structured,XGBoost,BlackConcentration,11,High,0,328,0.1449,0.0396
structured,XGBoost,BlackConcentration,11,High,1,341,0.2432,0.0499
structured,XGBoost,BlackConcentration,11,High,2,366,0.3095,0.071
structured,XGBoost,BlackConcentration,11,High,3,353,0.3672,0.0765
structured,XGBoost,BlackConcentration,11,High,4,384,0.424,0.1224
structured,XGBoost,BlackConcentration,11,High,5,368,0.4764,0.1658
structured,XGBoost,BlackConcentration,11,High,6,352,0.5317,0.1989
structured,XGBoost,BlackConcentration,11,High,7,351,0.5869,0.2051
structured,XGBoost,BlackConcentration,11,High,8,371,0.6484,0.2453
structured,XGBoost,BlackConcentration,11,High,9,349,0.741,0.298
structured,XGBoost,SES_group,12,Low,0,546,0.1591,0.022
structured,XGBoost,SES_group,12,Low,1,506,0.2714,0.0632
structured,XGBoost,SES_group,12,Low,2,470,0.3381,0.0809
structured,XGBoost,SES_group,12,Low,3,467,0.3915,0.1199
structured,XGBoost,SES_group,12,Low,4,481,0.4448,0.1102
structured,XGBoost,SES_group,12,Low,5,470,0.4959,0.1255
structured,XGBoost,SES_group,12,Low,6,444,0.545,0.2072
structured,XGBoost,SES_group,12,Low,7,451,0.5986,0.2084
structured,XGBoost,SES_group,12,Low,8,429,0.6634,0.2587
structured,XGBoost,SES_group,12,Low,9,441,0.7584,0.322
structured,XGBoost,SES_group,12,High,0,197,0.1639,0.0457
structured,XGBoost,SES_group,12,High,1,274,0.2736,0.0693
structured,XGBoost,SES_group,12,High,2,260,0.3381,0.0885
structured,XGBoost,SES_group,12,High,3,273,0.3914,0.0806
structured,XGBoost,SES_group,12,High,4,239,0.4449,0.1213
structured,XGBoost,SES_group,12,High,5,254,0.4968,0.1575
structured,XGBoost,SES_group,12,High,6,259,0.5461,0.2008
structured,XGBoost,SES_group,12,High,7,292,0.5972,0.2192
structured,XGBoost,SES_group,12,High,8,285,0.6621,0.2772
structured,XGBoost,SES_group,12,High,9,275,0.7592,0.3927
structured,XGBoost,BlackConcentration,12,Low,0,212,0.1681,0.0189
structured,XGBoost,BlackConcentration,12,Low,1,183,0.2739,0.0546
structured,XGBoost,BlackConcentration,12,Low,2,165,0.3385,0.0667
structured,XGBoost,BlackConcentration,12,Low,3,152,0.3915,0.1184
structured,XGBoost,BlackConcentration,12,Low,4,191,0.4459,0.1099
structured,XGBoost,BlackConcentration,12,Low,5,196,0.498,0.1378
structured,XGBoost,BlackConcentration,12,Low,6,180,0.5454,0.2
structured,XGBoost,BlackConcentration,12,Low,7,173,0.5988,0.2081
structured,XGBoost,BlackConcentration,12,Low,8,185,0.6624,0.3027
structured,XGBoost,BlackConcentration,12,Low,9,155,0.7554,0.2903
structured,XGBoost,BlackConcentration,12,High,0,445,0.1614,0.0202
structured,XGBoost,BlackConcentration,12,High,1,460,0.2725,0.0696
structured,XGBoost,BlackConcentration,12,High,2,485,0.3375,0.0887
structured,XGBoost,BlackConcentration,12,High,3,504,0.392,0.1111
structured,XGBoost,BlackConcentration,12,High,4,478,0.4448,0.1234
structured,XGBoost,BlackConcentration,12,High,5,492,0.4969,0.1504
structured,XGBoost,BlackConcentration,12,High,6,514,0.5456,0.1946
structured,XGBoost,BlackConcentration,12,High,7,502,0.598,0.2171
structured,XGBoost,BlackConcentration,12,High,8,494,0.6619,0.2814
structured,XGBoost,BlackConcentration,12,High,9,524,0.7549,0.3588
structured,XGBoost,SES_group,13,Low,0,664,0.1647,0.0361
structured,XGBoost,SES_group,13,Low,1,611,0.2729,0.0655
structured,XGBoost,SES_group,13,Low,2,613,0.3339,0.0848
structured,XGBoost,SES_group,13,Low,3,560,0.3915,0.0893
structured,XGBoost,SES_group,13,Low,4,531,0.4419,0.145
structured,XGBoost,SES_group,13,Low,5,569,0.4947,0.1441
structured,XGBoost,SES_group,13,Low,6,544,0.5466,0.1875
structured,XGBoost,SES_group,13,Low,7,551,0.6001,0.2232
structured,XGBoost,SES_group,13,Low,8,526,0.6621,0.2395
structured,XGBoost,SES_group,13,Low,9,517,0.7544,0.3114
structured,XGBoost,SES_group,13,High,0,233,0.1665,0.0343
structured,XGBoost,SES_group,13,High,1,260,0.2702,0.0692
structured,XGBoost,SES_group,13,High,2,277,0.3355,0.065
structured,XGBoost,SES_group,13,High,3,308,0.3914,0.0909
structured,XGBoost,SES_group,13,High,4,331,0.4435,0.145
structured,XGBoost,SES_group,13,High,5,309,0.4937,0.1521
structured,XGBoost,SES_group,13,High,6,314,0.5464,0.1847
structured,XGBoost,SES_group,13,High,7,301,0.6,0.1894
structured,XGBoost,SES_group,13,High,8,326,0.663,0.2883
structured,XGBoost,SES_group,13,High,9,344,0.758,0.3779
structured,XGBoost,BlackConcentration,13,Low,0,224,0.1663,0.0268
structured,XGBoost,BlackConcentration,13,Low,1,218,0.2729,0.0734
structured,XGBoost,BlackConcentration,13,Low,2,228,0.3344,0.0746
structured,XGBoost,BlackConcentration,13,Low,3,241,0.3905,0.0913
structured,XGBoost,BlackConcentration,13,Low,4,232,0.4426,0.1034
structured,XGBoost,BlackConcentration,13,Low,5,200,0.4934,0.165
structured,XGBoost,BlackConcentration,13,Low,6,209,0.5462,0.1818
structured,XGBoost,BlackConcentration,13,Low,7,211,0.5979,0.1991
structured,XGBoost,BlackConcentration,13,Low,8,210,0.6619,0.2238
structured,XGBoost,BlackConcentration,13,Low,9,197,0.7553,0.3147
structured,XGBoost,BlackConcentration,13,High,0,554,0.1619,0.0361
structured,XGBoost,BlackConcentration,13,High,1,527,0.2718,0.0588
structured,XGBoost,BlackConcentration,13,High,2,519,0.3347,0.0809
structured,XGBoost,BlackConcentration,13,High,3,554,0.3906,0.0957
structured,XGBoost,BlackConcentration,13,High,4,544,0.4423,0.1562
structured,XGBoost,BlackConcentration,13,High,5,562,0.4941,0.1495
structured,XGBoost,BlackConcentration,13,High,6,577,0.5459,0.1872
structured,XGBoost,BlackConcentration,13,High,7,588,0.6006,0.1871
structured,XGBoost,BlackConcentration,13,High,8,615,0.6624,0.2878
structured,XGBoost,BlackConcentration,13,High,9,588,0.7559,0.3724
structured,XGBoost,SES_group,14,Low,0,776,0.155,0.0206
structured,XGBoost,SES_group,14,Low,1,700,0.2482,0.0514
structured,XGBoost,SES_group,14,Low,2,704,0.3111,0.0923
structured,XGBoost,SES_group,14,Low,3,667,0.3671,0.1049
structured,XGBoost,SES_group,14,Low,4,675,0.4209,0.1185
structured,XGBoost,SES_group,14,Low,5,679,0.4731,0.1355
structured,XGBoost,SES_group,14,Low,6,640,0.5281,0.1578
structured,XGBoost,SES_group,14,Low,7,614,0.5829,0.241
structured,XGBoost,SES_group,14,Low,8,615,0.6504,0.2846
structured,XGBoost,SES_group,14,Low,9,637,0.7412,0.3155
structured,XGBoost,SES_group,14,High,0,309,0.161,0.0421
structured,XGBoost,SES_group,14,High,1,308,0.2506,0.0422
structured,XGBoost,SES_group,14,High,2,299,0.3111,0.1037
structured,XGBoost,SES_group,14,High,3,329,0.3684,0.1185
structured,XGBoost,SES_group,14,High,4,353,0.4212,0.0822
structured,XGBoost,SES_group,14,High,5,342,0.4747,0.1228
structured,XGBoost,SES_group,14,High,6,364,0.5286,0.1374
structured,XGBoost,SES_group,14,High,7,353,0.585,0.2521
structured,XGBoost,SES_group,14,High,8,366,0.6504,0.2568
structured,XGBoost,SES_group,14,High,9,376,0.7447,0.3697
structured,XGBoost,BlackConcentration,14,Low,0,276,0.159,0.0217
structured,XGBoost,BlackConcentration,14,Low,1,285,0.2492,0.0421
structured,XGBoost,BlackConcentration,14,Low,2,281,0.3106,0.1139
structured,XGBoost,BlackConcentration,14,Low,3,296,0.3673,0.1284
structured,XGBoost,BlackConcentration,14,Low,4,275,0.4218,0.1236
structured,XGBoost,BlackConcentration,14,Low,5,266,0.4728,0.1466
structured,XGBoost,BlackConcentration,14,Low,6,268,0.5296,0.1679
structured,XGBoost,BlackConcentration,14,Low,7,242,0.5843,0.1983
structured,XGBoost,BlackConcentration,14,Low,8,254,0.6496,0.2717
structured,XGBoost,BlackConcentration,14,Low,9,241,0.7409,0.3195
structured,XGBoost,BlackConcentration,14,High,0,630,0.1595,0.0444
structured,XGBoost,BlackConcentration,14,High,1,669,0.2506,0.0463
structured,XGBoost,BlackConcentration,14,High,2,623,0.3108,0.1011
structured,XGBoost,BlackConcentration,14,High,3,649,0.3679,0.1017
structured,XGBoost,BlackConcentration,14,High,4,656,0.4212,0.1052
structured,XGBoost,BlackConcentration,14,High,5,641,0.4741,0.1451
structured,XGBoost,BlackConcentration,14,High,6,658,0.5281,0.1459
structured,XGBoost,BlackConcentration,14,High,7,668,0.5836,0.2515
structured,XGBoost,BlackConcentration,14,High,8,678,0.6508,0.2802
structured,XGBoost,BlackConcentration,14,High,9,698,0.7453,0.3582
structured_has_desc,Logistic,SES_group,1,Low,0,59,0.1215,0.0508
structured_has_desc,Logistic,SES_group,1,Low,1,58,0.2244,0.069
structured_has_desc,Logistic,SES_group,1,Low,2,55,0.305,0.0364
structured_has_desc,Logistic,SES_group,1,Low,3,44,0.3734,0.0909
structured_has_desc,Logistic,SES_group,1,Low,4,55,0.4387,0.1636
structured_has_desc,Logistic,SES_group,1,Low,5,51,0.5043,0.1569
structured_has_desc,Logistic,SES_group,1,Low,6,37,0.5606,0.1892
structured_has_desc,Logistic,SES_group,1,Low,7,53,0.6273,0.2453
structured_has_desc,Logistic,SES_group,1,Low,8,51,0.7062,0.2745
structured_has_desc,Logistic,SES_group,1,Low,9,52,0.8069,0.2308
structured_has_desc,Logistic,SES_group,1,High,0,18,0.1381,0.0556
structured_has_desc,Logistic,SES_group,1,High,1,24,0.2157,0.1667
structured_has_desc,Logistic,SES_group,1,High,2,17,0.3052,0.0588
structured_has_desc,Logistic,SES_group,1,High,3,29,0.3736,0.069
structured_has_desc,Logistic,SES_group,1,High,4,14,0.4439,0.0
structured_has_desc,Logistic,SES_group,1,High,5,22,0.5005,0.0909
structured_has_desc,Logistic,SES_group,1,High,6,24,0.5634,0.25
structured_has_desc,Logistic,SES_group,1,High,7,22,0.6258,0.3636
structured_has_desc,Logistic,SES_group,1,High,8,20,0.7079,0.1
structured_has_desc,Logistic,SES_group,1,High,9,24,0.8181,0.375
structured_has_desc,Logistic,BlackConcentration,1,Low,0,17,0.0976,0.1176
structured_has_desc,Logistic,BlackConcentration,1,Low,1,20,0.227,0.0
structured_has_desc,Logistic,BlackConcentration,1,Low,2,17,0.3065,0.1176
structured_has_desc,Logistic,BlackConcentration,1,Low,3,11,0.3718,0.0909
structured_has_desc,Logistic,BlackConcentration,1,Low,4,21,0.4349,0.2381
structured_has_desc,Logistic,BlackConcentration,1,Low,5,15,0.4998,0.1333
structured_has_desc,Logistic,BlackConcentration,1,Low,6,21,0.5611,0.1905
structured_has_desc,Logistic,BlackConcentration,1,Low,7,17,0.6279,0.4118
structured_has_desc,Logistic,BlackConcentration,1,Low,8,20,0.7055,0.35
structured_has_desc,Logistic,BlackConcentration,1,Low,9,21,0.8167,0.1429
structured_has_desc,Logistic,BlackConcentration,1,High,0,57,0.1301,0.0175
structured_has_desc,Logistic,BlackConcentration,1,High,1,46,0.2236,0.0652
structured_has_desc,Logistic,BlackConcentration,1,High,2,44,0.3001,0.0455
structured_has_desc,Logistic,BlackConcentration,1,High,3,51,0.3739,0.098
structured_has_desc,Logistic,BlackConcentration,1,High,4,30,0.4427,0.1
structured_has_desc,Logistic,BlackConcentration,1,High,5,44,0.5036,0.1818
structured_has_desc,Logistic,BlackConcentration,1,High,6,42,0.5609,0.1905
structured_has_desc,Logistic,BlackConcentration,1,High,7,52,0.6232,0.25
structured_has_desc,Logistic,BlackConcentration,1,High,8,51,0.7111,0.2157
structured_has_desc,Logistic,BlackConcentration,1,High,9,43,0.8131,0.3256
structured_has_desc,Logistic,SES_group,2,Low,0,61,0.1114,0.0
structured_has_desc,Logistic,SES_group,2,Low,1,60,0.1783,0.0
structured_has_desc,Logistic,SES_group,2,Low,2,57,0.2329,0.0702
structured_has_desc,Logistic,SES_group,2,Low,3,60,0.2861,0.0667
structured_has_desc,Logistic,SES_group,2,Low,4,50,0.3555,0.08
structured_has_desc,Logistic,SES_group,2,Low,5,64,0.4146,0.1406
structured_has_desc,Logistic,SES_group,2,Low,6,54,0.4858,0.0926
structured_has_desc,Logistic,SES_group,2,Low,7,53,0.5791,0.0943
structured_has_desc,Logistic,SES_group,2,Low,8,52,0.6669,0.1923
structured_has_desc,Logistic,SES_group,2,Low,9,50,0.7941,0.22
structured_has_desc,Logistic,SES_group,2,High,0,20,0.1173,0.05
structured_has_desc,Logistic,SES_group,2,High,1,29,0.1812,0.1379
structured_has_desc,Logistic,SES_group,2,High,2,25,0.2305,0.12
structured_has_desc,Logistic,SES_group,2,High,3,23,0.2907,0.0435
structured_has_desc,Logistic,SES_group,2,High,4,23,0.3512,0.1304
structured_has_desc,Logistic,SES_group,2,High,5,24,0.4195,0.1667
structured_has_desc,Logistic,SES_group,2,High,6,30,0.495,0.2
structured_has_desc,Logistic,SES_group,2,High,7,30,0.5776,0.1667
structured_has_desc,Logistic,SES_group,2,High,8,24,0.6694,0.125
structured_has_desc,Logistic,SES_group,2,High,9,35,0.799,0.3143
structured_has_desc,Logistic,SES_group,3,Low,0,85,0.1464,0.0
structured_has_desc,Logistic,SES_group,3,Low,1,62,0.2359,0.0161
structured_has_desc,Logistic,SES_group,3,Low,2,65,0.2908,0.0
structured_has_desc,Logistic,SES_group,3,Low,3,52,0.3464,0.0769
structured_has_desc,Logistic,SES_group,3,Low,4,59,0.4105,0.1186
structured_has_desc,Logistic,SES_group,3,Low,5,63,0.4736,0.0952
structured_has_desc,Logistic,SES_group,3,Low,6,50,0.5429,0.18
structured_has_desc,Logistic,SES_group,3,Low,7,63,0.6098,0.1587
structured_has_desc,Logistic,SES_group,3,Low,8,54,0.6871,0.1667
structured_has_desc,Logistic,SES_group,3,Low,9,53,0.8207,0.3396
structured_has_desc,Logistic,SES_group,3,High,0,18,0.1426,0.1111
structured_has_desc,Logistic,SES_group,3,High,1,27,0.2307,0.1481
structured_has_desc,Logistic,SES_group,3,High,2,20,0.2945,0.05
structured_has_desc,Logistic,SES_group,3,High,3,29,0.3537,0.069
structured_has_desc,Logistic,SES_group,3,High,4,27,0.4206,0.1852
structured_has_desc,Logistic,SES_group,3,High,5,31,0.4823,0.129
structured_has_desc,Logistic,SES_group,3,High,6,36,0.548,0.1667
structured_has_desc,Logistic,SES_group,3,High,7,31,0.6115,0.1613
structured_has_desc,Logistic,SES_group,3,High,8,42,0.6959,0.3571
structured_has_desc,Logistic,SES_group,3,High,9,31,0.8077,0.4516
structured_has_desc,Logistic,SES_group,4,Low,0,91,0.1286,0.022
structured_has_desc,Logistic,SES_group,4,Low,1,85,0.2189,0.0353
structured_has_desc,Logistic,SES_group,4,Low,2,80,0.2859,0.1375
structured_has_desc,Logistic,SES_group,4,Low,3,83,0.3529,0.0602
structured_has_desc,Logistic,SES_group,4,Low,4,87,0.42,0.1379
structured_has_desc,Logistic,SES_group,4,Low,5,76,0.4843,0.1711
structured_has_desc,Logistic,SES_group,4,Low,6,93,0.5494,0.129
structured_has_desc,Logistic,SES_group,4,Low,7,81,0.6187,0.2346
structured_has_desc,Logistic,SES_group,4,Low,8,72,0.6965,0.2222
structured_has_desc,Logistic,SES_group,4,Low,9,66,0.8104,0.2576
structured_has_desc,Logistic,SES_group,4,High,0,32,0.1442,0.0
structured_has_desc,Logistic,SES_group,4,High,1,45,0.2177,0.0
structured_has_desc,Logistic,SES_group,4,High,2,44,0.2865,0.0455
structured_has_desc,Logistic,SES_group,4,High,3,42,0.3555,0.0952
structured_has_desc,Logistic,SES_group,4,High,4,33,0.4231,0.0303
structured_has_desc,Logistic,SES_group,4,High,5,38,0.4829,0.1053
structured_has_desc,Logistic,SES_group,4,High,6,34,0.5516,0.1176
structured_has_desc,Logistic,SES_group,4,High,7,45,0.6207,0.2222
structured_has_desc,Logistic,SES_group,4,High,8,37,0.6932,0.2973
structured_has_desc,Logistic,SES_group,4,High,9,47,0.8029,0.4255
structured_has_desc,Logistic,BlackConcentration,4,Low,0,27,0.1366,0.0741
structured_has_desc,Logistic,BlackConcentration,4,Low,1,22,0.22,0.0455
structured_has_desc,Logistic,BlackConcentration,4,Low,2,17,0.2884,0.1765
structured_has_desc,Logistic,BlackConcentration,4,Low,3,19,0.3629,0.1053
structured_has_desc,Logistic,BlackConcentration,4,Low,4,31,0.4148,0.129
structured_has_desc,Logistic,BlackConcentration,4,Low,5,21,0.4839,0.0952
structured_has_desc,Logistic,BlackConcentration,4,Low,6,27,0.547,0.1111
structured_has_desc,Logistic,BlackConcentration,4,Low,7,30,0.6243,0.3333
structured_has_desc,Logistic,BlackConcentration,4,Low,8,32,0.6934,0.25
structured_has_desc,Logistic,BlackConcentration,4,Low,9,23,0.8162,0.1739
structured_has_desc,Logistic,BlackConcentration,4,High,0,80,0.1356,0.025
structured_has_desc,Logistic,BlackConcentration,4,High,1,86,0.219,0.0698
structured_has_desc,Logistic,BlackConcentration,4,High,2,92,0.2882,0.0543
structured_has_desc,Logistic,BlackConcentration,4,High,3,87,0.3533,0.1034
structured_has_desc,Logistic,BlackConcentration,4,High,4,74,0.418,0.1081
structured_has_desc,Logistic,BlackConcentration,4,High,5,79,0.4824,0.1519
structured_has_desc,Logistic,BlackConcentration,4,High,6,82,0.5494,0.1098
structured_has_desc,Logistic,BlackConcentration,4,High,7,76,0.6175,0.2368
structured_has_desc,Logistic,BlackConcentration,4,High,8,85,0.6981,0.2588
structured_has_desc,Logistic,BlackConcentration,4,High,9,100,0.8118,0.36
structured_has_desc,Logistic,SES_group,5,Low,0,110,0.1517,0.0091
structured_has_desc,Logistic,SES_group,5,Low,1,89,0.2299,0.0674
structured_has_desc,Logistic,SES_group,5,Low,2,89,0.2912,0.1011
structured_has_desc,Logistic,SES_group,5,Low,3,98,0.3484,0.1122
structured_has_desc,Logistic,SES_group,5,Low,4,97,0.4073,0.0825
structured_has_desc,Logistic,SES_group,5,Low,5,79,0.4679,0.1519
structured_has_desc,Logistic,SES_group,5,Low,6,88,0.5301,0.1136
structured_has_desc,Logistic,SES_group,5,Low,7,104,0.5932,0.2596
structured_has_desc,Logistic,SES_group,5,Low,8,95,0.6714,0.2211
structured_has_desc,Logistic,SES_group,5,Low,9,61,0.7785,0.4754
structured_has_desc,Logistic,SES_group,5,High,0,32,0.155,0.0
structured_has_desc,Logistic,SES_group,5,High,1,39,0.2302,0.1026
structured_has_desc,Logistic,SES_group,5,High,2,34,0.2921,0.0588
structured_has_desc,Logistic,SES_group,5,High,3,43,0.3521,0.0465
structured_has_desc,Logistic,SES_group,5,High,4,34,0.4076,0.0588
structured_has_desc,Logistic,SES_group,5,High,5,53,0.467,0.1887
structured_has_desc,Logistic,SES_group,5,High,6,44,0.5311,0.1136
structured_has_desc,Logistic,SES_group,5,High,7,40,0.5904,0.15
structured_has_desc,Logistic,SES_group,5,High,8,41,0.6731,0.2927
structured_has_desc,Logistic,SES_group,5,High,9,70,0.7902,0.2857
structured_has_desc,Logistic,BlackConcentration,5,Low,0,32,0.1566,0.0312
structured_has_desc,Logistic,BlackConcentration,5,Low,1,26,0.2244,0.0385
structured_has_desc,Logistic,BlackConcentration,5,Low,2,40,0.291,0.05
structured_has_desc,Logistic,BlackConcentration,5,Low,3,20,0.3515,0.2
structured_has_desc,Logistic,BlackConcentration,5,Low,4,26,0.4075,0.0769
structured_has_desc,Logistic,BlackConcentration,5,Low,5,40,0.4673,0.05
structured_has_desc,Logistic,BlackConcentration,5,Low,6,24,0.5288,0.125
structured_has_desc,Logistic,BlackConcentration,5,Low,7,27,0.592,0.2593
structured_has_desc,Logistic,BlackConcentration,5,Low,8,29,0.6705,0.2414
structured_has_desc,Logistic,BlackConcentration,5,Low,9,29,0.7823,0.4483
structured_has_desc,Logistic,BlackConcentration,5,High,0,90,0.1478,0.0
structured_has_desc,Logistic,BlackConcentration,5,High,1,99,0.229,0.0404
structured_has_desc,Logistic,BlackConcentration,5,High,2,89,0.2951,0.0787
structured_has_desc,Logistic,BlackConcentration,5,High,3,96,0.3486,0.0833
structured_has_desc,Logistic,BlackConcentration,5,High,4,85,0.4054,0.0824
structured_has_desc,Logistic,BlackConcentration,5,High,5,91,0.4701,0.1758
structured_has_desc,Logistic,BlackConcentration,5,High,6,94,0.5312,0.0745
structured_has_desc,Logistic,BlackConcentration,5,High,7,89,0.5911,0.2697
structured_has_desc,Logistic,BlackConcentration,5,High,8,77,0.6705,0.2338
structured_has_desc,Logistic,BlackConcentration,5,High,9,99,0.7864,0.4242
structured_has_desc,Logistic,SES_group,6,Low,0,117,0.2037,0.0513
structured_has_desc,Logistic,SES_group,6,Low,1,100,0.3063,0.09
structured_has_desc,Logistic,SES_group,6,Low,2,100,0.3764,0.14
structured_has_desc,Logistic,SES_group,6,Low,3,89,0.4362,0.0449
structured_has_desc,Logistic,SES_group,6,Low,4,100,0.4893,0.16
structured_has_desc,Logistic,SES_group,6,Low,5,89,0.543,0.1124
structured_has_desc,Logistic,SES_group,6,Low,6,91,0.5971,0.2747
structured_has_desc,Logistic,SES_group,6,Low,7,95,0.6563,0.2211
structured_has_desc,Logistic,SES_group,6,Low,8,99,0.7244,0.3535
structured_has_desc,Logistic,SES_group,6,Low,9,79,0.7978,0.4304
structured_has_desc,Logistic,SES_group,6,High,0,37,0.2091,0.0541
structured_has_desc,Logistic,SES_group,6,High,1,44,0.3092,0.1364
structured_has_desc,Logistic,SES_group,6,High,2,54,0.3737,0.1481
structured_has_desc,Logistic,SES_group,6,High,3,51,0.4355,0.1176
structured_has_desc,Logistic,SES_group,6,High,4,46,0.4923,0.1739
structured_has_desc,Logistic,SES_group,6,High,5,53,0.5441,0.2642
structured_has_desc,Logistic,SES_group,6,High,6,50,0.5996,0.34
structured_has_desc,Logistic,SES_group,6,High,7,64,0.659,0.1719
structured_has_desc,Logistic,SES_group,6,High,8,48,0.7193,0.375
structured_has_desc,Logistic,SES_group,6,High,9,60,0.8101,0.2333
structured_has_desc,Logistic,BlackConcentration,6,Low,0,26,0.2134,0.0385
structured_has_desc,Logistic,BlackConcentration,6,Low,1,34,0.3025,0.0882
structured_has_desc,Logistic,BlackConcentration,6,Low,2,34,0.3745,0.1176
structured_has_desc,Logistic,BlackConcentration,6,Low,3,38,0.435,0.0263
structured_has_desc,Logistic,BlackConcentration,6,Low,4,47,0.4895,0.1489
structured_has_desc,Logistic,BlackConcentration,6,Low,5,40,0.5438,0.2
structured_has_desc,Logistic,BlackConcentration,6,Low,6,43,0.5949,0.2791
structured_has_desc,Logistic,BlackConcentration,6,Low,7,33,0.6546,0.1515
structured_has_desc,Logistic,BlackConcentration,6,Low,8,27,0.7265,0.2963
structured_has_desc,Logistic,BlackConcentration,6,Low,9,27,0.8076,0.4074
structured_has_desc,Logistic,BlackConcentration,6,High,0,110,0.2035,0.0364
structured_has_desc,Logistic,BlackConcentration,6,High,1,121,0.3097,0.1074
structured_has_desc,Logistic,BlackConcentration,6,High,2,86,0.3739,0.1163
structured_has_desc,Logistic,BlackConcentration,6,High,3,98,0.4363,0.0714
structured_has_desc,Logistic,BlackConcentration,6,High,4,93,0.4913,0.1505
structured_has_desc,Logistic,BlackConcentration,6,High,5,86,0.5421,0.2209
structured_has_desc,Logistic,BlackConcentration,6,High,6,88,0.5983,0.2841
structured_has_desc,Logistic,BlackConcentration,6,High,7,101,0.6569,0.2673
structured_has_desc,Logistic,BlackConcentration,6,High,8,109,0.7196,0.3211
structured_has_desc,Logistic,BlackConcentration,6,High,9,110,0.8067,0.3455
structured_has_desc,Logistic,SES_group,7,Low,0,157,0.1792,0.0446
structured_has_desc,Logistic,SES_group,7,Low,1,130,0.2618,0.0692
structured_has_desc,Logistic,SES_group,7,Low,2,133,0.3173,0.0827
structured_has_desc,Logistic,SES_group,7,Low,3,114,0.3679,0.0789
structured_has_desc,Logistic,SES_group,7,Low,4,122,0.4192,0.1066
structured_has_desc,Logistic,SES_group,7,Low,5,118,0.4706,0.1525
structured_has_desc,Logistic,SES_group,7,Low,6,119,0.5266,0.1849
structured_has_desc,Logistic,SES_group,7,Low,7,93,0.5908,0.1935
structured_has_desc,Logistic,SES_group,7,Low,8,109,0.6666,0.2202
structured_has_desc,Logistic,SES_group,7,Low,9,116,0.7792,0.3448
structured_has_desc,Logistic,SES_group,7,High,0,57,0.1834,0.0351
structured_has_desc,Logistic,SES_group,7,High,1,56,0.2626,0.0536
structured_has_desc,Logistic,SES_group,7,High,2,56,0.3171,0.0714
structured_has_desc,Logistic,SES_group,7,High,3,75,0.3692,0.1067
structured_has_desc,Logistic,SES_group,7,High,4,73,0.4207,0.0548
structured_has_desc,Logistic,SES_group,7,High,5,69,0.4741,0.1304
structured_has_desc,Logistic,SES_group,7,High,6,71,0.5268,0.1408
structured_has_desc,Logistic,SES_group,7,High,7,70,0.588,0.3143
structured_has_desc,Logistic,SES_group,7,High,8,80,0.6682,0.3
structured_has_desc,Logistic,SES_group,7,High,9,69,0.7865,0.3768
structured_has_desc,Logistic,BlackConcentration,7,Low,0,40,0.1827,0.075
structured_has_desc,Logistic,BlackConcentration,7,Low,1,52,0.2592,0.0769
structured_has_desc,Logistic,BlackConcentration,7,Low,2,33,0.3164,0.0303
structured_has_desc,Logistic,BlackConcentration,7,Low,3,32,0.3681,0.125
structured_has_desc,Logistic,BlackConcentration,7,Low,4,39,0.4187,0.0256
structured_has_desc,Logistic,BlackConcentration,7,Low,5,47,0.4694,0.1064
structured_has_desc,Logistic,BlackConcentration,7,Low,6,52,0.5291,0.1731
structured_has_desc,Logistic,BlackConcentration,7,Low,7,40,0.5899,0.25
structured_has_desc,Logistic,BlackConcentration,7,Low,8,47,0.6646,0.2128
structured_has_desc,Logistic,BlackConcentration,7,Low,9,46,0.7805,0.3696
structured_has_desc,Logistic,BlackConcentration,7,High,0,126,0.1791,0.0556
structured_has_desc,Logistic,BlackConcentration,7,High,1,113,0.2624,0.0531
structured_has_desc,Logistic,BlackConcentration,7,High,2,139,0.3172,0.0504
structured_has_desc,Logistic,BlackConcentration,7,High,3,128,0.3695,0.0938
structured_has_desc,Logistic,BlackConcentration,7,High,4,134,0.4199,0.1269
structured_has_desc,Logistic,BlackConcentration,7,High,5,135,0.4719,0.1333
structured_has_desc,Logistic,BlackConcentration,7,High,6,119,0.5275,0.1681
structured_has_desc,Logistic,BlackConcentration,7,High,7,122,0.5888,0.2459
structured_has_desc,Logistic,BlackConcentration,7,High,8,124,0.6694,0.2419
structured_has_desc,Logistic,BlackConcentration,7,High,9,136,0.7784,0.3235
structured_has_desc,Logistic,SES_group,8,Low,0,198,0.1726,0.0606
structured_has_desc,Logistic,SES_group,8,Low,1,188,0.2943,0.0957
structured_has_desc,Logistic,SES_group,8,Low,2,188,0.3765,0.1011
structured_has_desc,Logistic,SES_group,8,Low,3,160,0.4436,0.1187
structured_has_desc,Logistic,SES_group,8,Low,4,161,0.5009,0.1429
structured_has_desc,Logistic,SES_group,8,Low,5,167,0.5522,0.2036
structured_has_desc,Logistic,SES_group,8,Low,6,165,0.6054,0.1879
structured_has_desc,Logistic,SES_group,8,Low,7,162,0.6645,0.2901
structured_has_desc,Logistic,SES_group,8,Low,8,161,0.7328,0.2795
structured_has_desc,Logistic,SES_group,8,Low,9,165,0.8223,0.3515
structured_has_desc,Logistic,SES_group,8,High,0,79,0.1791,0.038
structured_has_desc,Logistic,SES_group,8,High,1,84,0.298,0.0595
structured_has_desc,Logistic,SES_group,8,High,2,76,0.3747,0.1053
structured_has_desc,Logistic,SES_group,8,High,3,83,0.442,0.1325
structured_has_desc,Logistic,SES_group,8,High,4,82,0.5014,0.1707
structured_has_desc,Logistic,SES_group,8,High,5,89,0.5543,0.191
structured_has_desc,Logistic,SES_group,8,High,6,78,0.6024,0.2051
structured_has_desc,Logistic,SES_group,8,High,7,98,0.6653,0.2653
structured_has_desc,Logistic,SES_group,8,High,8,86,0.73,0.2558
structured_has_desc,Logistic,SES_group,8,High,9,83,0.8278,0.4578
structured_has_desc,Logistic,BlackConcentration,8,Low,0,63,0.1696,0.0159
structured_has_desc,Logistic,BlackConcentration,8,Low,1,64,0.294,0.0938
structured_has_desc,Logistic,BlackConcentration,8,Low,2,56,0.3758,0.1429
structured_has_desc,Logistic,BlackConcentration,8,Low,3,60,0.4431,0.2167
structured_has_desc,Logistic,BlackConcentration,8,Low,4,55,0.5013,0.1636
structured_has_desc,Logistic,BlackConcentration,8,Low,5,54,0.5548,0.2222
structured_has_desc,Logistic,BlackConcentration,8,Low,6,52,0.605,0.25
structured_has_desc,Logistic,BlackConcentration,8,Low,7,51,0.6624,0.1961
structured_has_desc,Logistic,BlackConcentration,8,Low,8,43,0.736,0.2093
structured_has_desc,Logistic,BlackConcentration,8,Low,9,57,0.825,0.4211
structured_has_desc,Logistic,BlackConcentration,8,High,0,173,0.1748,0.0636
structured_has_desc,Logistic,BlackConcentration,8,High,1,160,0.297,0.0938
structured_has_desc,Logistic,BlackConcentration,8,High,2,180,0.3759,0.0944
structured_has_desc,Logistic,BlackConcentration,8,High,3,172,0.4428,0.157
structured_has_desc,Logistic,BlackConcentration,8,High,4,176,0.5013,0.1307
structured_has_desc,Logistic,BlackConcentration,8,High,5,184,0.5529,0.2337
structured_has_desc,Logistic,BlackConcentration,8,High,6,183,0.6041,0.2131
structured_has_desc,Logistic,BlackConcentration,8,High,7,191,0.6644,0.2461
structured_has_desc,Logistic,BlackConcentration,8,High,8,187,0.733,0.2513
structured_has_desc,Logistic,BlackConcentration,8,High,9,177,0.8269,0.435
structured_has_desc,Logistic,SES_group,9,Low,0,315,0.1379,0.0349
structured_has_desc,Logistic,SES_group,9,Low,1,282,0.2439,0.0426
structured_has_desc,Logistic,SES_group,9,Low,2,276,0.3147,0.087
structured_has_desc,Logistic,SES_group,9,Low,3,284,0.3762,0.1127
structured_has_desc,Logistic,SES_group,9,Low,4,266,0.4337,0.1241
structured_has_desc,Logistic,SES_group,9,Low,5,226,0.4925,0.1195
structured_has_desc,Logistic,SES_group,9,Low,6,252,0.5471,0.1389
structured_has_desc,Logistic,SES_group,9,Low,7,243,0.6115,0.2469
structured_has_desc,Logistic,SES_group,9,Low,8,223,0.6906,0.2332
structured_has_desc,Logistic,SES_group,9,Low,9,228,0.8107,0.3816
structured_has_desc,Logistic,SES_group,9,High,0,117,0.1447,0.0513
structured_has_desc,Logistic,SES_group,9,High,1,135,0.2477,0.0519
structured_has_desc,Logistic,SES_group,9,High,2,137,0.318,0.1168
structured_has_desc,Logistic,SES_group,9,High,3,122,0.3797,0.0574
structured_has_desc,Logistic,SES_group,9,High,4,128,0.4345,0.1016
structured_has_desc,Logistic,SES_group,9,High,5,157,0.4895,0.1592
structured_has_desc,Logistic,SES_group,9,High,6,157,0.5464,0.1656
structured_has_desc,Logistic,SES_group,9,High,7,139,0.6107,0.1871
structured_has_desc,Logistic,SES_group,9,High,8,174,0.6899,0.2529
structured_has_desc,Logistic,SES_group,9,High,9,163,0.8099,0.3436
structured_has_desc,Logistic,BlackConcentration,9,Low,0,114,0.1455,0.0175
structured_has_desc,Logistic,BlackConcentration,9,Low,1,90,0.2456,0.0333
structured_has_desc,Logistic,BlackConcentration,9,Low,2,104,0.315,0.1154
structured_has_desc,Logistic,BlackConcentration,9,Low,3,98,0.3761,0.0816
structured_has_desc,Logistic,BlackConcentration,9,Low,4,113,0.4321,0.115
structured_has_desc,Logistic,BlackConcentration,9,Low,5,113,0.4919,0.1239
structured_has_desc,Logistic,BlackConcentration,9,Low,6,88,0.546,0.1591
structured_has_desc,Logistic,BlackConcentration,9,Low,7,94,0.6136,0.2128
structured_has_desc,Logistic,BlackConcentration,9,Low,8,104,0.6904,0.2981
structured_has_desc,Logistic,BlackConcentration,9,Low,9,102,0.8083,0.2549
structured_has_desc,Logistic,BlackConcentration,9,High,0,269,0.1416,0.0483
structured_has_desc,Logistic,BlackConcentration,9,High,1,297,0.2448,0.064
structured_has_desc,Logistic,BlackConcentration,9,High,2,267,0.315,0.0712
structured_has_desc,Logistic,BlackConcentration,9,High,3,259,0.3763,0.0695
structured_has_desc,Logistic,BlackConcentration,9,High,4,249,0.4355,0.1205
structured_has_desc,Logistic,BlackConcentration,9,High,5,263,0.4898,0.1407
structured_has_desc,Logistic,BlackConcentration,9,High,6,271,0.548,0.1734
structured_has_desc,Logistic,BlackConcentration,9,High,7,278,0.612,0.2446
structured_has_desc,Logistic,BlackConcentration,9,High,8,287,0.6903,0.223
structured_has_desc,Logistic,BlackConcentration,9,High,9,275,0.8118,0.3527
structured_has_desc,Logistic,SES_group,10,Low,0,335,0.1588,0.0269
structured_has_desc,Logistic,SES_group,10,Low,1,317,0.2529,0.0726
structured_has_desc,Logistic,SES_group,10,Low,2,254,0.3161,0.0669
structured_has_desc,Logistic,SES_group,10,Low,3,264,0.3677,0.0795
structured_has_desc,Logistic,SES_group,10,Low,4,277,0.4188,0.1119
structured_has_desc,Logistic,SES_group,10,Low,5,277,0.4745,0.1697
structured_has_desc,Logistic,SES_group,10,Low,6,248,0.5287,0.1855
structured_has_desc,Logistic,SES_group,10,Low,7,275,0.5907,0.1818
structured_has_desc,Logistic,SES_group,10,Low,8,238,0.6624,0.2269
structured_has_desc,Logistic,SES_group,10,Low,9,226,0.7726,0.3274
structured_has_desc,Logistic,SES_group,10,High,0,116,0.1617,0.0431
structured_has_desc,Logistic,SES_group,10,High,1,111,0.2524,0.0631
structured_has_desc,Logistic,SES_group,10,High,2,145,0.3151,0.1103
structured_has_desc,Logistic,SES_group,10,High,3,126,0.3683,0.0794
structured_has_desc,Logistic,SES_group,10,High,4,133,0.4194,0.1053
structured_has_desc,Logistic,SES_group,10,High,5,131,0.4745,0.1298
structured_has_desc,Logistic,SES_group,10,High,6,148,0.5286,0.1486
structured_has_desc,Logistic,SES_group,10,High,7,143,0.5871,0.1189
structured_has_desc,Logistic,SES_group,10,High,8,148,0.6628,0.2905
structured_has_desc,Logistic,SES_group,10,High,9,155,0.7724,0.3742
structured_has_desc,Logistic,BlackConcentration,10,Low,0,97,0.1578,0.0309
structured_has_desc,Logistic,BlackConcentration,10,Low,1,106,0.25,0.0849
structured_has_desc,Logistic,BlackConcentration,10,Low,2,105,0.3159,0.1238
structured_has_desc,Logistic,BlackConcentration,10,Low,3,101,0.3685,0.0693
structured_has_desc,Logistic,BlackConcentration,10,Low,4,114,0.4201,0.0965
structured_has_desc,Logistic,BlackConcentration,10,Low,5,90,0.4749,0.1444
structured_has_desc,Logistic,BlackConcentration,10,Low,6,111,0.5296,0.1532
structured_has_desc,Logistic,BlackConcentration,10,Low,7,89,0.5926,0.2135
structured_has_desc,Logistic,BlackConcentration,10,Low,8,94,0.6609,0.1915
structured_has_desc,Logistic,BlackConcentration,10,Low,9,105,0.7746,0.2762
structured_has_desc,Logistic,BlackConcentration,10,High,0,279,0.1592,0.0323
structured_has_desc,Logistic,BlackConcentration,10,High,1,246,0.2543,0.0772
structured_has_desc,Logistic,BlackConcentration,10,High,2,267,0.3143,0.0899
structured_has_desc,Logistic,BlackConcentration,10,High,3,266,0.3685,0.1053
structured_has_desc,Logistic,BlackConcentration,10,High,4,258,0.4206,0.1434
structured_has_desc,Logistic,BlackConcentration,10,High,5,259,0.4746,0.1583
structured_has_desc,Logistic,BlackConcentration,10,High,6,272,0.5294,0.1691
structured_has_desc,Logistic,BlackConcentration,10,High,7,278,0.5888,0.1619
structured_has_desc,Logistic,BlackConcentration,10,High,8,284,0.6636,0.2782
structured_has_desc,Logistic,BlackConcentration,10,High,9,285,0.7753,0.4105
structured_has_desc,Logistic,SES_group,11,Low,0,456,0.1648,0.0329
structured_has_desc,Logistic,SES_group,11,Low,1,387,0.2602,0.0517
structured_has_desc,Logistic,SES_group,11,Low,2,369,0.3255,0.0949
structured_has_desc,Logistic,SES_group,11,Low,3,397,0.3824,0.0982
structured_has_desc,Logistic,SES_group,11,Low,4,346,0.4387,0.1185
structured_has_desc,Logistic,SES_group,11,Low,5,342,0.4878,0.117
structured_has_desc,Logistic,SES_group,11,Low,6,363,0.5424,0.1708
structured_has_desc,Logistic,SES_group,11,Low,7,344,0.6031,0.2384
structured_has_desc,Logistic,SES_group,11,Low,8,330,0.6694,0.2424
structured_has_desc,Logistic,SES_group,11,Low,9,313,0.7831,0.3163
structured_has_desc,Logistic,SES_group,11,High,0,141,0.1675,0.0284
structured_has_desc,Logistic,SES_group,11,High,1,173,0.2623,0.0289
structured_has_desc,Logistic,SES_group,11,High,2,176,0.3262,0.0682
structured_has_desc,Logistic,SES_group,11,High,3,189,0.3836,0.0794
structured_has_desc,Logistic,SES_group,11,High,4,208,0.4363,0.1298
structured_has_desc,Logistic,SES_group,11,High,5,198,0.4906,0.1414
structured_has_desc,Logistic,SES_group,11,High,6,194,0.545,0.1856
structured_has_desc,Logistic,SES_group,11,High,7,190,0.6031,0.1789
structured_has_desc,Logistic,SES_group,11,High,8,215,0.6701,0.2698
structured_has_desc,Logistic,SES_group,11,High,9,216,0.7825,0.3519
structured_has_desc,Logistic,BlackConcentration,11,Low,0,156,0.1634,0.0128
structured_has_desc,Logistic,BlackConcentration,11,Low,1,139,0.2603,0.0432
structured_has_desc,Logistic,BlackConcentration,11,Low,2,138,0.3243,0.087
structured_has_desc,Logistic,BlackConcentration,11,Low,3,131,0.381,0.0916
structured_has_desc,Logistic,BlackConcentration,11,Low,4,134,0.4383,0.097
structured_has_desc,Logistic,BlackConcentration,11,Low,5,150,0.4877,0.0933
structured_has_desc,Logistic,BlackConcentration,11,Low,6,128,0.5435,0.1406
structured_has_desc,Logistic,BlackConcentration,11,Low,7,135,0.6022,0.2296
structured_has_desc,Logistic,BlackConcentration,11,Low,8,121,0.6655,0.2314
structured_has_desc,Logistic,BlackConcentration,11,Low,9,146,0.783,0.2329
structured_has_desc,Logistic,BlackConcentration,11,High,0,342,0.169,0.0439
structured_has_desc,Logistic,BlackConcentration,11,High,1,349,0.2624,0.0487
structured_has_desc,Logistic,BlackConcentration,11,High,2,371,0.3274,0.0916
structured_has_desc,Logistic,BlackConcentration,11,High,3,346,0.3831,0.0809
structured_has_desc,Logistic,BlackConcentration,11,High,4,363,0.4373,0.1295
structured_has_desc,Logistic,BlackConcentration,11,High,5,351,0.4893,0.1453
structured_has_desc,Logistic,BlackConcentration,11,High,6,356,0.5436,0.1826
structured_has_desc,Logistic,BlackConcentration,11,High,7,334,0.6025,0.2036
structured_has_desc,Logistic,BlackConcentration,11,High,8,380,0.6701,0.2316
structured_has_desc,Logistic,BlackConcentration,11,High,9,371,0.7867,0.31
structured_has_desc,Logistic,SES_group,12,Low,0,555,0.1742,0.0234
structured_has_desc,Logistic,SES_group,12,Low,1,514,0.2754,0.0603
structured_has_desc,Logistic,SES_group,12,Low,2,496,0.3412,0.0827
structured_has_desc,Logistic,SES_group,12,Low,3,464,0.397,0.1013
structured_has_desc,Logistic,SES_group,12,Low,4,458,0.4469,0.1048
structured_has_desc,Logistic,SES_group,12,Low,5,488,0.4995,0.168
structured_has_desc,Logistic,SES_group,12,Low,6,419,0.5496,0.1885
structured_has_desc,Logistic,SES_group,12,Low,7,448,0.6072,0.221
structured_has_desc,Logistic,SES_group,12,Low,8,441,0.6754,0.2608
structured_has_desc,Logistic,SES_group,12,Low,9,422,0.7805,0.3175
structured_has_desc,Logistic,SES_group,12,High,0,183,0.1816,0.0546
structured_has_desc,Logistic,SES_group,12,High,1,252,0.2766,0.0595
structured_has_desc,Logistic,SES_group,12,High,2,270,0.3416,0.0556
structured_has_desc,Logistic,SES_group,12,High,3,268,0.3964,0.097
structured_has_desc,Logistic,SES_group,12,High,4,260,0.4475,0.1462
structured_has_desc,Logistic,SES_group,12,High,5,249,0.4979,0.1245
structured_has_desc,Logistic,SES_group,12,High,6,271,0.5508,0.2103
structured_has_desc,Logistic,SES_group,12,High,7,313,0.6065,0.2364
structured_has_desc,Logistic,SES_group,12,High,8,260,0.6748,0.2731
structured_has_desc,Logistic,SES_group,12,High,9,282,0.7757,0.383
structured_has_desc,Logistic,BlackConcentration,12,Low,0,202,0.1779,0.0248
structured_has_desc,Logistic,BlackConcentration,12,Low,1,191,0.2723,0.0628
structured_has_desc,Logistic,BlackConcentration,12,Low,2,181,0.3425,0.0718
structured_has_desc,Logistic,BlackConcentration,12,Low,3,168,0.3942,0.0833
structured_has_desc,Logistic,BlackConcentration,12,Low,4,175,0.4491,0.1086
structured_has_desc,Logistic,BlackConcentration,12,Low,5,190,0.4998,0.1632
structured_has_desc,Logistic,BlackConcentration,12,Low,6,202,0.5503,0.198
structured_has_desc,Logistic,BlackConcentration,12,Low,7,155,0.6069,0.1871
structured_has_desc,Logistic,BlackConcentration,12,Low,8,177,0.6734,0.2768
structured_has_desc,Logistic,BlackConcentration,12,Low,9,151,0.7758,0.3444
structured_has_desc,Logistic,BlackConcentration,12,High,0,466,0.1767,0.03
structured_has_desc,Logistic,BlackConcentration,12,High,1,447,0.2764,0.0604
structured_has_desc,Logistic,BlackConcentration,12,High,2,463,0.3413,0.0583
structured_has_desc,Logistic,BlackConcentration,12,High,3,476,0.3973,0.1239
structured_has_desc,Logistic,BlackConcentration,12,High,4,508,0.4467,0.1378
structured_has_desc,Logistic,BlackConcentration,12,High,5,486,0.4989,0.1523
structured_has_desc,Logistic,BlackConcentration,12,High,6,507,0.5505,0.1893
structured_has_desc,Logistic,BlackConcentration,12,High,7,530,0.6072,0.2132
structured_has_desc,Logistic,BlackConcentration,12,High,8,497,0.6755,0.2958
structured_has_desc,Logistic,BlackConcentration,12,High,9,518,0.7781,0.3514
structured_has_desc,Logistic,SES_group,13,Low,0,675,0.1826,0.0341
structured_has_desc,Logistic,SES_group,13,Low,1,632,0.2777,0.0775
structured_has_desc,Logistic,SES_group,13,Low,2,584,0.3424,0.0702
structured_has_desc,Logistic,SES_group,13,Low,3,582,0.395,0.1134
structured_has_desc,Logistic,SES_group,13,Low,4,564,0.4453,0.1348
structured_has_desc,Logistic,SES_group,13,Low,5,527,0.495,0.1347
structured_has_desc,Logistic,SES_group,13,Low,6,529,0.5471,0.189
structured_has_desc,Logistic,SES_group,13,Low,7,580,0.603,0.2345
structured_has_desc,Logistic,SES_group,13,Low,8,508,0.6726,0.2539
structured_has_desc,Logistic,SES_group,13,Low,9,505,0.7751,0.2891
structured_has_desc,Logistic,SES_group,13,High,0,229,0.1844,0.0349
structured_has_desc,Logistic,SES_group,13,High,1,256,0.2797,0.0469
structured_has_desc,Logistic,SES_group,13,High,2,279,0.3427,0.1111
structured_has_desc,Logistic,SES_group,13,High,3,288,0.3962,0.0694
structured_has_desc,Logistic,SES_group,13,High,4,313,0.4458,0.1182
structured_has_desc,Logistic,SES_group,13,High,5,336,0.4957,0.1488
structured_has_desc,Logistic,SES_group,13,High,6,317,0.546,0.164
structured_has_desc,Logistic,SES_group,13,High,7,302,0.6053,0.2417
structured_has_desc,Logistic,SES_group,13,High,8,340,0.6721,0.2559
structured_has_desc,Logistic,SES_group,13,High,9,343,0.7826,0.3965
structured_has_desc,Logistic,BlackConcentration,13,Low,0,233,0.187,0.0343
structured_has_desc,Logistic,BlackConcentration,13,Low,1,237,0.2805,0.0717
structured_has_desc,Logistic,BlackConcentration,13,Low,2,243,0.342,0.0741
structured_has_desc,Logistic,BlackConcentration,13,Low,3,229,0.3964,0.1223
structured_has_desc,Logistic,BlackConcentration,13,Low,4,222,0.4456,0.0766
structured_has_desc,Logistic,BlackConcentration,13,Low,5,202,0.4947,0.1584
structured_has_desc,Logistic,BlackConcentration,13,Low,6,202,0.5489,0.1436
structured_has_desc,Logistic,BlackConcentration,13,Low,7,220,0.6035,0.2455
structured_has_desc,Logistic,BlackConcentration,13,Low,8,188,0.6694,0.2287
structured_has_desc,Logistic,BlackConcentration,13,Low,9,194,0.7732,0.3144
structured_has_desc,Logistic,BlackConcentration,13,High,0,562,0.1824,0.0356
structured_has_desc,Logistic,BlackConcentration,13,High,1,496,0.2788,0.0665
structured_has_desc,Logistic,BlackConcentration,13,High,2,538,0.3417,0.0818
structured_has_desc,Logistic,BlackConcentration,13,High,3,541,0.3953,0.0813
structured_has_desc,Logistic,BlackConcentration,13,High,4,536,0.4465,0.1567
structured_has_desc,Logistic,BlackConcentration,13,High,5,574,0.4948,0.1341
structured_has_desc,Logistic,BlackConcentration,13,High,6,586,0.5472,0.1826
structured_has_desc,Logistic,BlackConcentration,13,High,7,560,0.6041,0.225
structured_has_desc,Logistic,BlackConcentration,13,High,8,626,0.6726,0.278
structured_has_desc,Logistic,BlackConcentration,13,High,9,609,0.7795,0.3612
structured_has_desc,Logistic,SES_group,14,Low,0,785,0.1691,0.0217
structured_has_desc,Logistic,SES_group,14,Low,1,729,0.2608,0.0604
structured_has_desc,Logistic,SES_group,14,Low,2,715,0.3216,0.0895
structured_has_desc,Logistic,SES_group,14,Low,3,660,0.3738,0.1152
structured_has_desc,Logistic,SES_group,14,Low,4,629,0.4246,0.1161
structured_has_desc,Logistic,SES_group,14,Low,5,652,0.475,0.1212
structured_has_desc,Logistic,SES_group,14,Low,6,656,0.5276,0.1799
structured_has_desc,Logistic,SES_group,14,Low,7,641,0.5895,0.2402
structured_has_desc,Logistic,SES_group,14,Low,8,643,0.6604,0.283
structured_has_desc,Logistic,SES_group,14,Low,9,597,0.7668,0.2965
structured_has_desc,Logistic,SES_group,14,High,0,296,0.1731,0.0405
structured_has_desc,Logistic,SES_group,14,High,1,292,0.2618,0.0582
structured_has_desc,Logistic,SES_group,14,High,2,311,0.3222,0.0932
structured_has_desc,Logistic,SES_group,14,High,3,321,0.3737,0.0935
structured_has_desc,Logistic,SES_group,14,High,4,367,0.4231,0.0926
structured_has_desc,Logistic,SES_group,14,High,5,360,0.4737,0.1278
structured_has_desc,Logistic,SES_group,14,High,6,361,0.5279,0.1801
structured_has_desc,Logistic,SES_group,14,High,7,329,0.5889,0.1976
structured_has_desc,Logistic,SES_group,14,High,8,360,0.6629,0.2611
structured_has_desc,Logistic,SES_group,14,High,9,402,0.7659,0.3657
structured_has_desc,Logistic,BlackConcentration,14,Low,0,304,0.1731,0.023
structured_has_desc,Logistic,BlackConcentration,14,Low,1,286,0.261,0.0979
structured_has_desc,Logistic,BlackConcentration,14,Low,2,294,0.324,0.0714
structured_has_desc,Logistic,BlackConcentration,14,Low,3,276,0.3737,0.1232
structured_has_desc,Logistic,BlackConcentration,14,Low,4,273,0.4245,0.1245
structured_has_desc,Logistic,BlackConcentration,14,Low,5,270,0.4744,0.1704
structured_has_desc,Logistic,BlackConcentration,14,Low,6,253,0.5272,0.1581
structured_has_desc,Logistic,BlackConcentration,14,Low,7,258,0.5903,0.2132
structured_has_desc,Logistic,BlackConcentration,14,Low,8,237,0.6612,0.2658
structured_has_desc,Logistic,BlackConcentration,14,Low,9,233,0.7626,0.309
structured_has_desc,Logistic,BlackConcentration,14,High,0,607,0.1731,0.0461
structured_has_desc,Logistic,BlackConcentration,14,High,1,660,0.2607,0.0545
structured_has_desc,Logistic,BlackConcentration,14,High,2,658,0.3217,0.0851
structured_has_desc,Logistic,BlackConcentration,14,High,3,633,0.3746,0.1122
structured_has_desc,Logistic,BlackConcentration,14,High,4,646,0.4248,0.1022
structured_has_desc,Logistic,BlackConcentration,14,High,5,646,0.4743,0.1223
structured_has_desc,Logistic,BlackConcentration,14,High,6,673,0.5284,0.1917
structured_has_desc,Logistic,BlackConcentration,14,High,7,656,0.5889,0.2378
structured_has_desc,Logistic,BlackConcentration,14,High,8,661,0.6604,0.289
structured_has_desc,Logistic,BlackConcentration,14,High,9,730,0.7685,0.3315
structured_has_desc,XGBoost,SES_group,1,Low,0,60,0.065,0.0667
structured_has_desc,XGBoost,SES_group,1,Low,1,58,0.137,0.0517
structured_has_desc,XGBoost,SES_group,1,Low,2,55,0.2099,0.1091
structured_has_desc,XGBoost,SES_group,1,Low,3,53,0.2734,0.0943
structured_has_desc,XGBoost,SES_group,1,Low,4,49,0.3376,0.1633
structured_has_desc,XGBoost,SES_group,1,Low,5,40,0.4052,0.2
structured_has_desc,XGBoost,SES_group,1,Low,6,53,0.473,0.1698
structured_has_desc,XGBoost,SES_group,1,Low,7,43,0.536,0.186
structured_has_desc,XGBoost,SES_group,1,Low,8,53,0.6107,0.2075
structured_has_desc,XGBoost,SES_group,1,Low,9,51,0.7197,0.2745
structured_has_desc,XGBoost,SES_group,1,High,0,15,0.0601,0.0
structured_has_desc,XGBoost,SES_group,1,High,1,22,0.134,0.2273
structured_has_desc,XGBoost,SES_group,1,High,2,20,0.2119,0.05
structured_has_desc,XGBoost,SES_group,1,High,3,24,0.2801,0.0
structured_has_desc,XGBoost,SES_group,1,High,4,19,0.3471,0.0526
structured_has_desc,XGBoost,SES_group,1,High,5,22,0.4057,0.2273
structured_has_desc,XGBoost,SES_group,1,High,6,19,0.4664,0.1053
structured_has_desc,XGBoost,SES_group,1,High,7,26,0.535,0.1154
structured_has_desc,XGBoost,SES_group,1,High,8,21,0.6141,0.4762
structured_has_desc,XGBoost,SES_group,1,High,9,26,0.7496,0.3077
structured_has_desc,XGBoost,BlackConcentration,1,Low,0,16,0.0589,0.0
structured_has_desc,XGBoost,BlackConcentration,1,Low,1,19,0.1374,0.1053
structured_has_desc,XGBoost,BlackConcentration,1,Low,2,12,0.208,0.0833
structured_has_desc,XGBoost,BlackConcentration,1,Low,3,19,0.273,0.1579
structured_has_desc,XGBoost,BlackConcentration,1,Low,4,16,0.3394,0.125
structured_has_desc,XGBoost,BlackConcentration,1,Low,5,19,0.4013,0.2632
structured_has_desc,XGBoost,BlackConcentration,1,Low,6,19,0.4688,0.3158
structured_has_desc,XGBoost,BlackConcentration,1,Low,7,19,0.5355,0.2105
structured_has_desc,XGBoost,BlackConcentration,1,Low,8,19,0.6145,0.2632
structured_has_desc,XGBoost,BlackConcentration,1,Low,9,22,0.715,0.2273
structured_has_desc,XGBoost,BlackConcentration,1,High,0,49,0.0605,0.0
structured_has_desc,XGBoost,BlackConcentration,1,High,1,45,0.1341,0.0667
structured_has_desc,XGBoost,BlackConcentration,1,High,2,45,0.2143,0.0889
structured_has_desc,XGBoost,BlackConcentration,1,High,3,55,0.2774,0.1091
structured_has_desc,XGBoost,BlackConcentration,1,High,4,39,0.338,0.1538
structured_has_desc,XGBoost,BlackConcentration,1,High,5,42,0.4049,0.2143
structured_has_desc,XGBoost,BlackConcentration,1,High,6,39,0.464,0.1795
structured_has_desc,XGBoost,BlackConcentration,1,High,7,51,0.535,0.1569
structured_has_desc,XGBoost,BlackConcentration,1,High,8,49,0.6086,0.2653
structured_has_desc,XGBoost,BlackConcentration,1,High,9,46,0.732,0.2609
structured_has_desc,XGBoost,SES_group,2,Low,0,53,0.0368,0.0
structured_has_desc,XGBoost,SES_group,2,Low,1,54,0.0963,0.0185
structured_has_desc,XGBoost,SES_group,2,Low,2,61,0.1533,0.0492
structured_has_desc,XGBoost,SES_group,2,Low,3,67,0.2189,0.0299
structured_has_desc,XGBoost,SES_group,2,Low,4,56,0.2858,0.0893
structured_has_desc,XGBoost,SES_group,2,Low,5,57,0.3553,0.1228
structured_has_desc,XGBoost,SES_group,2,Low,6,57,0.4398,0.0877
structured_has_desc,XGBoost,SES_group,2,Low,7,56,0.5172,0.1786
structured_has_desc,XGBoost,SES_group,2,Low,8,55,0.5968,0.1818
structured_has_desc,XGBoost,SES_group,2,Low,9,45,0.7162,0.2
structured_has_desc,XGBoost,SES_group,2,High,0,26,0.0361,0.1154
structured_has_desc,XGBoost,SES_group,2,High,1,28,0.0944,0.1071
structured_has_desc,XGBoost,SES_group,2,High,2,21,0.1521,0.0952
structured_has_desc,XGBoost,SES_group,2,High,3,19,0.2143,0.1579
structured_has_desc,XGBoost,SES_group,2,High,4,30,0.2948,0.1
structured_has_desc,XGBoost,SES_group,2,High,5,22,0.3569,0.0455
structured_has_desc,XGBoost,SES_group,2,High,6,24,0.4389,0.25
structured_has_desc,XGBoost,SES_group,2,High,7,34,0.5159,0.1765
structured_has_desc,XGBoost,SES_group,2,High,8,24,0.5918,0.1667
structured_has_desc,XGBoost,SES_group,2,High,9,35,0.7298,0.2857
structured_has_desc,XGBoost,SES_group,3,Low,0,73,0.0816,0.0137
structured_has_desc,XGBoost,SES_group,3,Low,1,66,0.1595,0.0
structured_has_desc,XGBoost,SES_group,3,Low,2,70,0.2236,0.0
structured_has_desc,XGBoost,SES_group,3,Low,3,68,0.2955,0.0735
structured_has_desc,XGBoost,SES_group,3,Low,4,55,0.366,0.1818
structured_has_desc,XGBoost,SES_group,3,Low,5,60,0.4333,0.05
structured_has_desc,XGBoost,SES_group,3,Low,6,57,0.5001,0.1404
structured_has_desc,XGBoost,SES_group,3,Low,7,49,0.5641,0.102
structured_has_desc,XGBoost,SES_group,3,Low,8,50,0.6315,0.2
structured_has_desc,XGBoost,SES_group,3,Low,9,58,0.7408,0.3793
structured_has_desc,XGBoost,SES_group,3,High,0,22,0.0792,0.1364
structured_has_desc,XGBoost,SES_group,3,High,1,27,0.1597,0.037
structured_has_desc,XGBoost,SES_group,3,High,2,21,0.2203,0.1905
structured_has_desc,XGBoost,SES_group,3,High,3,21,0.291,0.0952
structured_has_desc,XGBoost,SES_group,3,High,4,33,0.3671,0.1818
structured_has_desc,XGBoost,SES_group,3,High,5,33,0.4324,0.1515
structured_has_desc,XGBoost,SES_group,3,High,6,27,0.5071,0.2222
structured_has_desc,XGBoost,SES_group,3,High,7,34,0.5679,0.2059
structured_has_desc,XGBoost,SES_group,3,High,8,43,0.6321,0.3023
structured_has_desc,XGBoost,SES_group,3,High,9,31,0.7579,0.3548
structured_has_desc,XGBoost,SES_group,4,Low,0,88,0.0783,0.0114
structured_has_desc,XGBoost,SES_group,4,Low,1,81,0.1628,0.0247
structured_has_desc,XGBoost,SES_group,4,Low,2,83,0.2436,0.1325
structured_has_desc,XGBoost,SES_group,4,Low,3,93,0.3212,0.1505
structured_has_desc,XGBoost,SES_group,4,Low,4,81,0.3857,0.1358
structured_has_desc,XGBoost,SES_group,4,Low,5,81,0.4493,0.1481
structured_has_desc,XGBoost,SES_group,4,Low,6,83,0.5052,0.2289
structured_has_desc,XGBoost,SES_group,4,Low,7,79,0.5691,0.1646
structured_has_desc,XGBoost,SES_group,4,Low,8,75,0.6435,0.1733
structured_has_desc,XGBoost,SES_group,4,Low,9,70,0.7336,0.2
structured_has_desc,XGBoost,SES_group,4,High,0,41,0.0813,0.0
structured_has_desc,XGBoost,SES_group,4,High,1,37,0.164,0.0541
structured_has_desc,XGBoost,SES_group,4,High,2,41,0.2416,0.0488
structured_has_desc,XGBoost,SES_group,4,High,3,40,0.321,0.0
structured_has_desc,XGBoost,SES_group,4,High,4,33,0.3801,0.1212
structured_has_desc,XGBoost,SES_group,4,High,5,42,0.4518,0.0952
structured_has_desc,XGBoost,SES_group,4,High,6,44,0.5147,0.2273
structured_has_desc,XGBoost,SES_group,4,High,7,36,0.5721,0.2222
structured_has_desc,XGBoost,SES_group,4,High,8,44,0.6428,0.3182
structured_has_desc,XGBoost,SES_group,4,High,9,39,0.7415,0.3077
structured_has_desc,XGBoost,BlackConcentration,4,Low,0,25,0.0733,0.0
structured_has_desc,XGBoost,BlackConcentration,4,Low,1,21,0.1681,0.1429
structured_has_desc,XGBoost,BlackConcentration,4,Low,2,15,0.2489,0.0
structured_has_desc,XGBoost,BlackConcentration,4,Low,3,27,0.3208,0.1481
structured_has_desc,XGBoost,BlackConcentration,4,Low,4,28,0.3818,0.1786
structured_has_desc,XGBoost,BlackConcentration,4,Low,5,24,0.4559,0.125
structured_has_desc,XGBoost,BlackConcentration,4,Low,6,29,0.5062,0.2759
structured_has_desc,XGBoost,BlackConcentration,4,Low,7,24,0.565,0.0833
structured_has_desc,XGBoost,BlackConcentration,4,Low,8,27,0.6441,0.2593
structured_has_desc,XGBoost,BlackConcentration,4,Low,9,29,0.7393,0.2414
structured_has_desc,XGBoost,BlackConcentration,4,High,0,84,0.082,0.0357
structured_has_desc,XGBoost,BlackConcentration,4,High,1,84,0.1652,0.0595
structured_has_desc,XGBoost,BlackConcentration,4,High,2,93,0.2446,0.1075
structured_has_desc,XGBoost,BlackConcentration,4,High,3,88,0.3208,0.1023
structured_has_desc,XGBoost,BlackConcentration,4,High,4,76,0.3836,0.1184
structured_has_desc,XGBoost,BlackConcentration,4,High,5,82,0.4492,0.1341
structured_has_desc,XGBoost,BlackConcentration,4,High,6,80,0.5117,0.2125
structured_has_desc,XGBoost,BlackConcentration,4,High,7,91,0.5726,0.2308
structured_has_desc,XGBoost,BlackConcentration,4,High,8,76,0.6439,0.1711
structured_has_desc,XGBoost,BlackConcentration,4,High,9,87,0.7381,0.3333
structured_has_desc,XGBoost,SES_group,5,Low,0,102,0.086,0.0294
structured_has_desc,XGBoost,SES_group,5,Low,1,93,0.1731,0.043
structured_has_desc,XGBoost,SES_group,5,Low,2,102,0.2571,0.1373
structured_has_desc,XGBoost,SES_group,5,Low,3,83,0.3237,0.0361
structured_has_desc,XGBoost,SES_group,5,Low,4,94,0.3775,0.1383
structured_has_desc,XGBoost,SES_group,5,Low,5,83,0.4359,0.1446
structured_has_desc,XGBoost,SES_group,5,Low,6,90,0.4964,0.0778
structured_has_desc,XGBoost,SES_group,5,Low,7,96,0.5604,0.2604
structured_has_desc,XGBoost,SES_group,5,Low,8,94,0.6318,0.2447
structured_has_desc,XGBoost,SES_group,5,Low,9,73,0.7299,0.411
structured_has_desc,XGBoost,SES_group,5,High,0,28,0.0852,0.0
structured_has_desc,XGBoost,SES_group,5,High,1,38,0.1755,0.0263
structured_has_desc,XGBoost,SES_group,5,High,2,39,0.2615,0.1026
structured_has_desc,XGBoost,SES_group,5,High,3,48,0.326,0.0833
structured_has_desc,XGBoost,SES_group,5,High,4,43,0.3821,0.0698
structured_has_desc,XGBoost,SES_group,5,High,5,37,0.4389,0.1622
structured_has_desc,XGBoost,SES_group,5,High,6,47,0.4971,0.2128
structured_has_desc,XGBoost,SES_group,5,High,7,37,0.5635,0.0541
structured_has_desc,XGBoost,SES_group,5,High,8,48,0.6387,0.25
structured_has_desc,XGBoost,SES_group,5,High,9,65,0.7427,0.3231
structured_has_desc,XGBoost,BlackConcentration,5,Low,0,34,0.0873,0.0294
structured_has_desc,XGBoost,BlackConcentration,5,Low,1,28,0.1789,0.0714
structured_has_desc,XGBoost,BlackConcentration,5,Low,2,30,0.2591,0.1667
structured_has_desc,XGBoost,BlackConcentration,5,Low,3,30,0.3221,0.0
structured_has_desc,XGBoost,BlackConcentration,5,Low,4,36,0.3791,0.0833
structured_has_desc,XGBoost,BlackConcentration,5,Low,5,21,0.4425,0.0952
structured_has_desc,XGBoost,BlackConcentration,5,Low,6,23,0.4975,0.0
structured_has_desc,XGBoost,BlackConcentration,5,Low,7,26,0.5564,0.3077
structured_has_desc,XGBoost,BlackConcentration,5,Low,8,35,0.6306,0.2
structured_has_desc,XGBoost,BlackConcentration,5,Low,9,30,0.733,0.4667
structured_has_desc,XGBoost,BlackConcentration,5,High,0,88,0.0831,0.0
structured_has_desc,XGBoost,BlackConcentration,5,High,1,95,0.1715,0.0316
structured_has_desc,XGBoost,BlackConcentration,5,High,2,105,0.2585,0.0762
structured_has_desc,XGBoost,BlackConcentration,5,High,3,84,0.3243,0.0595
structured_has_desc,XGBoost,BlackConcentration,5,High,4,86,0.379,0.1279
structured_has_desc,XGBoost,BlackConcentration,5,High,5,92,0.4362,0.1522
structured_has_desc,XGBoost,BlackConcentration,5,High,6,83,0.496,0.1446
structured_has_desc,XGBoost,BlackConcentration,5,High,7,96,0.5598,0.1771
structured_has_desc,XGBoost,BlackConcentration,5,High,8,89,0.6326,0.2472
structured_has_desc,XGBoost,BlackConcentration,5,High,9,91,0.7323,0.4505
structured_has_desc,XGBoost,SES_group,6,Low,0,111,0.1537,0.036
structured_has_desc,XGBoost,SES_group,6,Low,1,99,0.2732,0.0808
structured_has_desc,XGBoost,SES_group,6,Low,2,99,0.3436,0.1313
structured_has_desc,XGBoost,SES_group,6,Low,3,100,0.3997,0.08
structured_has_desc,XGBoost,SES_group,6,Low,4,89,0.4531,0.1011
structured_has_desc,XGBoost,SES_group,6,Low,5,88,0.5099,0.1364
structured_has_desc,XGBoost,SES_group,6,Low,6,100,0.5733,0.21
structured_has_desc,XGBoost,SES_group,6,Low,7,97,0.6302,0.299
structured_has_desc,XGBoost,SES_group,6,Low,8,96,0.6916,0.3542
structured_has_desc,XGBoost,SES_group,6,Low,9,80,0.7673,0.45
structured_has_desc,XGBoost,SES_group,6,High,0,39,0.1571,0.0769
structured_has_desc,XGBoost,SES_group,6,High,1,45,0.2755,0.1778
structured_has_desc,XGBoost,SES_group,6,High,2,53,0.3438,0.1321
structured_has_desc,XGBoost,SES_group,6,High,3,55,0.3987,0.0727
structured_has_desc,XGBoost,SES_group,6,High,4,53,0.4533,0.1698
structured_has_desc,XGBoost,SES_group,6,High,5,40,0.5099,0.2
structured_has_desc,XGBoost,SES_group,6,High,6,47,0.5725,0.3404
structured_has_desc,XGBoost,SES_group,6,High,7,61,0.6341,0.2787
structured_has_desc,XGBoost,SES_group,6,High,8,60,0.6906,0.2833
structured_has_desc,XGBoost,SES_group,6,High,9,54,0.7706,0.2778
structured_has_desc,XGBoost,BlackConcentration,6,Low,0,28,0.1591,0.0357
structured_has_desc,XGBoost,BlackConcentration,6,Low,1,33,0.2711,0.0303
structured_has_desc,XGBoost,BlackConcentration,6,Low,2,35,0.3446,0.1429
structured_has_desc,XGBoost,BlackConcentration,6,Low,3,41,0.402,0.0732
structured_has_desc,XGBoost,BlackConcentration,6,Low,4,38,0.4527,0.1053
structured_has_desc,XGBoost,BlackConcentration,6,Low,5,40,0.5107,0.175
structured_has_desc,XGBoost,BlackConcentration,6,Low,6,39,0.5733,0.2564
structured_has_desc,XGBoost,BlackConcentration,6,Low,7,35,0.6337,0.2857
structured_has_desc,XGBoost,BlackConcentration,6,Low,8,33,0.6927,0.3636
structured_has_desc,XGBoost,BlackConcentration,6,Low,9,27,0.7788,0.2593
structured_has_desc,XGBoost,BlackConcentration,6,High,0,113,0.154,0.0354
structured_has_desc,XGBoost,BlackConcentration,6,High,1,109,0.2727,0.1101
structured_has_desc,XGBoost,BlackConcentration,6,High,2,100,0.3431,0.09
structured_has_desc,XGBoost,BlackConcentration,6,High,3,96,0.3982,0.125
structured_has_desc,XGBoost,BlackConcentration,6,High,4,96,0.4556,0.1354
structured_has_desc,XGBoost,BlackConcentration,6,High,5,79,0.5106,0.1772
structured_has_desc,XGBoost,BlackConcentration,6,High,6,93,0.5709,0.2688
structured_has_desc,XGBoost,BlackConcentration,6,High,7,100,0.6302,0.34
structured_has_desc,XGBoost,BlackConcentration,6,High,8,100,0.6918,0.27
structured_has_desc,XGBoost,BlackConcentration,6,High,9,116,0.7676,0.3621
structured_has_desc,XGBoost,SES_group,7,Low,0,150,0.1396,0.0667
structured_has_desc,XGBoost,SES_group,7,Low,1,132,0.2393,0.0303
structured_has_desc,XGBoost,SES_group,7,Low,2,136,0.3008,0.0882
structured_has_desc,XGBoost,SES_group,7,Low,3,123,0.356,0.122
structured_has_desc,XGBoost,SES_group,7,Low,4,108,0.4053,0.1296
structured_has_desc,XGBoost,SES_group,7,Low,5,114,0.4513,0.0789
structured_has_desc,XGBoost,SES_group,7,Low,6,115,0.5017,0.1565
structured_has_desc,XGBoost,SES_group,7,Low,7,95,0.5543,0.2211
structured_has_desc,XGBoost,SES_group,7,Low,8,122,0.6287,0.2213
structured_has_desc,XGBoost,SES_group,7,Low,9,116,0.7488,0.3534
structured_has_desc,XGBoost,SES_group,7,High,0,54,0.1324,0.037
structured_has_desc,XGBoost,SES_group,7,High,1,65,0.2382,0.1077
structured_has_desc,XGBoost,SES_group,7,High,2,56,0.2967,0.0714
structured_has_desc,XGBoost,SES_group,7,High,3,58,0.3549,0.0517
structured_has_desc,XGBoost,SES_group,7,High,4,80,0.405,0.05
structured_has_desc,XGBoost,SES_group,7,High,5,76,0.4513,0.1579
structured_has_desc,XGBoost,SES_group,7,High,6,64,0.5051,0.2344
structured_has_desc,XGBoost,SES_group,7,High,7,82,0.5588,0.1707
structured_has_desc,XGBoost,SES_group,7,High,8,69,0.6319,0.3623
structured_has_desc,XGBoost,SES_group,7,High,9,72,0.7524,0.3611
structured_has_desc,XGBoost,BlackConcentration,7,Low,0,38,0.1488,0.0526
structured_has_desc,XGBoost,BlackConcentration,7,Low,1,40,0.2415,0.1
structured_has_desc,XGBoost,BlackConcentration,7,Low,2,46,0.2985,0.0652
structured_has_desc,XGBoost,BlackConcentration,7,Low,3,31,0.3573,0.0968
structured_has_desc,XGBoost,BlackConcentration,7,Low,4,37,0.4048,0.0811
structured_has_desc,XGBoost,BlackConcentration,7,Low,5,47,0.4524,0.1277
structured_has_desc,XGBoost,BlackConcentration,7,Low,6,44,0.5029,0.1591
structured_has_desc,XGBoost,BlackConcentration,7,Low,7,40,0.5548,0.125
structured_has_desc,XGBoost,BlackConcentration,7,Low,8,52,0.6267,0.2308
structured_has_desc,XGBoost,BlackConcentration,7,Low,9,53,0.7456,0.3585
structured_has_desc,XGBoost,BlackConcentration,7,High,0,129,0.1358,0.0543
structured_has_desc,XGBoost,BlackConcentration,7,High,1,130,0.2382,0.0615
structured_has_desc,XGBoost,BlackConcentration,7,High,2,118,0.3009,0.0678
structured_has_desc,XGBoost,BlackConcentration,7,High,3,135,0.3565,0.0889
structured_has_desc,XGBoost,BlackConcentration,7,High,4,132,0.4042,0.1364
structured_has_desc,XGBoost,BlackConcentration,7,High,5,131,0.4506,0.0992
structured_has_desc,XGBoost,BlackConcentration,7,High,6,123,0.5026,0.1951
structured_has_desc,XGBoost,BlackConcentration,7,High,7,124,0.5585,0.1774
structured_has_desc,XGBoost,BlackConcentration,7,High,8,122,0.6313,0.2869
structured_has_desc,XGBoost,BlackConcentration,7,High,9,132,0.7488,0.3333
structured_has_desc,XGBoost,SES_group,8,Low,0,196,0.1408,0.051
structured_has_desc,XGBoost,SES_group,8,Low,1,183,0.277,0.0874
structured_has_desc,XGBoost,SES_group,8,Low,2,184,0.3504,0.1033
structured_has_desc,XGBoost,SES_group,8,Low,3,174,0.4127,0.1264
structured_has_desc,XGBoost,SES_group,8,Low,4,161,0.4658,0.1304
structured_has_desc,XGBoost,SES_group,8,Low,5,158,0.5183,0.1835
structured_has_desc,XGBoost,SES_group,8,Low,6,153,0.5673,0.1895
structured_has_desc,XGBoost,SES_group,8,Low,7,173,0.619,0.2948
structured_has_desc,XGBoost,SES_group,8,Low,8,173,0.6826,0.3353
structured_has_desc,XGBoost,SES_group,8,Low,9,160,0.7816,0.3187
structured_has_desc,XGBoost,SES_group,8,High,0,79,0.133,0.038
structured_has_desc,XGBoost,SES_group,8,High,1,77,0.2746,0.0649
structured_has_desc,XGBoost,SES_group,8,High,2,88,0.3508,0.0795
structured_has_desc,XGBoost,SES_group,8,High,3,72,0.4091,0.125
structured_has_desc,XGBoost,SES_group,8,High,4,88,0.4687,0.2045
structured_has_desc,XGBoost,SES_group,8,High,5,90,0.5175,0.1778
structured_has_desc,XGBoost,SES_group,8,High,6,90,0.5669,0.2
structured_has_desc,XGBoost,SES_group,8,High,7,95,0.6211,0.2316
structured_has_desc,XGBoost,SES_group,8,High,8,82,0.6856,0.3049
structured_has_desc,XGBoost,SES_group,8,High,9,77,0.7827,0.4805
structured_has_desc,XGBoost,BlackConcentration,8,Low,0,60,0.1401,0.0333
structured_has_desc,XGBoost,BlackConcentration,8,Low,1,56,0.2735,0.0893
structured_has_desc,XGBoost,BlackConcentration,8,Low,2,49,0.3528,0.102
structured_has_desc,XGBoost,BlackConcentration,8,Low,3,62,0.4136,0.1774
structured_has_desc,XGBoost,BlackConcentration,8,Low,4,70,0.4667,0.1429
structured_has_desc,XGBoost,BlackConcentration,8,Low,5,41,0.5192,0.2927
structured_has_desc,XGBoost,BlackConcentration,8,Low,6,44,0.568,0.1818
structured_has_desc,XGBoost,BlackConcentration,8,Low,7,55,0.6198,0.2182
structured_has_desc,XGBoost,BlackConcentration,8,Low,8,70,0.6832,0.2714
structured_has_desc,XGBoost,BlackConcentration,8,Low,9,48,0.7924,0.4375
structured_has_desc,XGBoost,BlackConcentration,8,High,0,164,0.1356,0.061
structured_has_desc,XGBoost,BlackConcentration,8,High,1,177,0.2765,0.0847
structured_has_desc,XGBoost,BlackConcentration,8,High,2,183,0.3503,0.0874
structured_has_desc,XGBoost,BlackConcentration,8,High,3,174,0.4112,0.1494
structured_has_desc,XGBoost,BlackConcentration,8,High,4,171,0.467,0.2047
structured_has_desc,XGBoost,BlackConcentration,8,High,5,188,0.5172,0.1383
structured_has_desc,XGBoost,BlackConcentration,8,High,6,195,0.5679,0.2308
structured_has_desc,XGBoost,BlackConcentration,8,High,7,182,0.6194,0.2857
structured_has_desc,XGBoost,BlackConcentration,8,High,8,167,0.6843,0.2934
structured_has_desc,XGBoost,BlackConcentration,8,High,9,182,0.7797,0.3956
structured_has_desc,XGBoost,SES_group,9,Low,0,314,0.1169,0.0382
structured_has_desc,XGBoost,SES_group,9,Low,1,290,0.2134,0.0552
structured_has_desc,XGBoost,SES_group,9,Low,2,271,0.2757,0.0664
structured_has_desc,XGBoost,SES_group,9,Low,3,266,0.333,0.1128
structured_has_desc,XGBoost,SES_group,9,Low,4,260,0.3881,0.1115
structured_has_desc,XGBoost,SES_group,9,Low,5,233,0.4393,0.1459
structured_has_desc,XGBoost,SES_group,9,Low,6,233,0.4938,0.1845
structured_has_desc,XGBoost,SES_group,9,Low,7,239,0.5516,0.1925
structured_has_desc,XGBoost,SES_group,9,Low,8,245,0.6232,0.2531
structured_has_desc,XGBoost,SES_group,9,Low,9,244,0.7303,0.3402
structured_has_desc,XGBoost,SES_group,9,High,0,113,0.1154,0.0531
structured_has_desc,XGBoost,SES_group,9,High,1,127,0.2121,0.063
structured_has_desc,XGBoost,SES_group,9,High,2,139,0.2738,0.0719
structured_has_desc,XGBoost,SES_group,9,High,3,134,0.3316,0.1045
structured_has_desc,XGBoost,SES_group,9,High,4,141,0.3888,0.1064
structured_has_desc,XGBoost,SES_group,9,High,5,156,0.4409,0.2051
structured_has_desc,XGBoost,SES_group,9,High,6,160,0.4913,0.1313
structured_has_desc,XGBoost,SES_group,9,High,7,158,0.5507,0.1835
structured_has_desc,XGBoost,SES_group,9,High,8,142,0.622,0.2676
structured_has_desc,XGBoost,SES_group,9,High,9,159,0.7369,0.3333
structured_has_desc,XGBoost,BlackConcentration,9,Low,0,104,0.1168,0.0096
structured_has_desc,XGBoost,BlackConcentration,9,Low,1,111,0.2105,0.0631
structured_has_desc,XGBoost,BlackConcentration,9,Low,2,100,0.2749,0.06
structured_has_desc,XGBoost,BlackConcentration,9,Low,3,108,0.332,0.1204
structured_has_desc,XGBoost,BlackConcentration,9,Low,4,105,0.3877,0.1143
structured_has_desc,XGBoost,BlackConcentration,9,Low,5,91,0.4393,0.1429
structured_has_desc,XGBoost,BlackConcentration,9,Low,6,94,0.493,0.1809
structured_has_desc,XGBoost,BlackConcentration,9,Low,7,105,0.5512,0.1905
structured_has_desc,XGBoost,BlackConcentration,9,Low,8,99,0.6192,0.2222
structured_has_desc,XGBoost,BlackConcentration,9,Low,9,103,0.734,0.3107
structured_has_desc,XGBoost,BlackConcentration,9,High,0,269,0.118,0.0483
structured_has_desc,XGBoost,BlackConcentration,9,High,1,276,0.2128,0.0507
structured_has_desc,XGBoost,BlackConcentration,9,High,2,280,0.2758,0.0964
structured_has_desc,XGBoost,BlackConcentration,9,High,3,266,0.3327,0.0789
structured_has_desc,XGBoost,BlackConcentration,9,High,4,248,0.3879,0.1169
structured_has_desc,XGBoost,BlackConcentration,9,High,5,280,0.4402,0.1643
structured_has_desc,XGBoost,BlackConcentration,9,High,6,277,0.4926,0.1444
structured_has_desc,XGBoost,BlackConcentration,9,High,7,271,0.5509,0.1882
structured_has_desc,XGBoost,BlackConcentration,9,High,8,270,0.6226,0.2778
structured_has_desc,XGBoost,BlackConcentration,9,High,9,278,0.7331,0.3453
structured_has_desc,XGBoost,SES_group,10,Low,0,334,0.1241,0.0389
structured_has_desc,XGBoost,SES_group,10,Low,1,309,0.2185,0.0777
structured_has_desc,XGBoost,SES_group,10,Low,2,270,0.2787,0.0593
structured_has_desc,XGBoost,SES_group,10,Low,3,272,0.3342,0.0919
structured_has_desc,XGBoost,SES_group,10,Low,4,258,0.3917,0.1047
structured_has_desc,XGBoost,SES_group,10,Low,5,266,0.4458,0.1316
structured_has_desc,XGBoost,SES_group,10,Low,6,263,0.5037,0.1749
structured_has_desc,XGBoost,SES_group,10,Low,7,272,0.564,0.1765
structured_has_desc,XGBoost,SES_group,10,Low,8,246,0.6298,0.2317
structured_has_desc,XGBoost,SES_group,10,Low,9,221,0.7316,0.3665
structured_has_desc,XGBoost,SES_group,10,High,0,109,0.1267,0.0367
structured_has_desc,XGBoost,SES_group,10,High,1,129,0.2197,0.0543
structured_has_desc,XGBoost,SES_group,10,High,2,131,0.2819,0.1145
structured_has_desc,XGBoost,SES_group,10,High,3,124,0.3387,0.0806
structured_has_desc,XGBoost,SES_group,10,High,4,149,0.3939,0.1007
structured_has_desc,XGBoost,SES_group,10,High,5,136,0.4469,0.1324
structured_has_desc,XGBoost,SES_group,10,High,6,130,0.5026,0.1385
structured_has_desc,XGBoost,SES_group,10,High,7,140,0.5641,0.1571
structured_has_desc,XGBoost,SES_group,10,High,8,142,0.629,0.3169
structured_has_desc,XGBoost,SES_group,10,High,9,166,0.7404,0.3313
structured_has_desc,XGBoost,BlackConcentration,10,Low,0,91,0.1264,0.022
structured_has_desc,XGBoost,BlackConcentration,10,Low,1,108,0.22,0.0741
structured_has_desc,XGBoost,BlackConcentration,10,Low,2,86,0.2812,0.1047
structured_has_desc,XGBoost,BlackConcentration,10,Low,3,111,0.3319,0.0811
structured_has_desc,XGBoost,BlackConcentration,10,Low,4,93,0.3906,0.1075
structured_has_desc,XGBoost,BlackConcentration,10,Low,5,102,0.4477,0.1176
structured_has_desc,XGBoost,BlackConcentration,10,Low,6,109,0.5058,0.1376
structured_has_desc,XGBoost,BlackConcentration,10,Low,7,108,0.5663,0.213
structured_has_desc,XGBoost,BlackConcentration,10,Low,8,105,0.6307,0.181
structured_has_desc,XGBoost,BlackConcentration,10,Low,9,99,0.74,0.3232
structured_has_desc,XGBoost,BlackConcentration,10,High,0,256,0.1259,0.0273
structured_has_desc,XGBoost,BlackConcentration,10,High,1,258,0.2185,0.0736
structured_has_desc,XGBoost,BlackConcentration,10,High,2,260,0.2788,0.0923
structured_has_desc,XGBoost,BlackConcentration,10,High,3,266,0.3379,0.1203
structured_has_desc,XGBoost,BlackConcentration,10,High,4,289,0.3926,0.1349
structured_has_desc,XGBoost,BlackConcentration,10,High,5,274,0.4465,0.1569
structured_has_desc,XGBoost,BlackConcentration,10,High,6,255,0.5026,0.1765
structured_has_desc,XGBoost,BlackConcentration,10,High,7,262,0.5628,0.1718
structured_has_desc,XGBoost,BlackConcentration,10,High,8,284,0.6297,0.2711
structured_has_desc,XGBoost,BlackConcentration,10,High,9,290,0.7434,0.3931
structured_has_desc,XGBoost,SES_group,11,Low,0,454,0.1387,0.0352
structured_has_desc,XGBoost,SES_group,11,Low,1,387,0.2429,0.0698
structured_has_desc,XGBoost,SES_group,11,Low,2,385,0.3096,0.0831
structured_has_desc,XGBoost,SES_group,11,Low,3,379,0.3685,0.0897
structured_has_desc,XGBoost,SES_group,11,Low,4,338,0.4232,0.1213
structured_has_desc,XGBoost,SES_group,11,Low,5,352,0.4751,0.125
structured_has_desc,XGBoost,SES_group,11,Low,6,340,0.5318,0.1676
structured_has_desc,XGBoost,SES_group,11,Low,7,343,0.5872,0.2128
structured_has_desc,XGBoost,SES_group,11,Low,8,326,0.647,0.2178
structured_has_desc,XGBoost,SES_group,11,Low,9,343,0.742,0.344
structured_has_desc,XGBoost,SES_group,11,High,0,131,0.1396,0.0305
structured_has_desc,XGBoost,SES_group,11,High,1,163,0.2447,0.0307
structured_has_desc,XGBoost,SES_group,11,High,2,179,0.3107,0.0335
structured_has_desc,XGBoost,SES_group,11,High,3,207,0.3675,0.1063
structured_has_desc,XGBoost,SES_group,11,High,4,198,0.424,0.1111
structured_has_desc,XGBoost,SES_group,11,High,5,199,0.4776,0.1256
structured_has_desc,XGBoost,SES_group,11,High,6,206,0.53,0.1748
structured_has_desc,XGBoost,SES_group,11,High,7,196,0.5865,0.1939
structured_has_desc,XGBoost,SES_group,11,High,8,217,0.6498,0.3088
structured_has_desc,XGBoost,SES_group,11,High,9,204,0.7403,0.3431
structured_has_desc,XGBoost,BlackConcentration,11,Low,0,163,0.1418,0.0307
structured_has_desc,XGBoost,BlackConcentration,11,Low,1,112,0.2435,0.0446
structured_has_desc,XGBoost,BlackConcentration,11,Low,2,150,0.3098,0.06
structured_has_desc,XGBoost,BlackConcentration,11,Low,3,133,0.3707,0.0827
structured_has_desc,XGBoost,BlackConcentration,11,Low,4,121,0.424,0.124
structured_has_desc,XGBoost,BlackConcentration,11,Low,5,141,0.4752,0.1064
structured_has_desc,XGBoost,BlackConcentration,11,Low,6,135,0.5311,0.1111
structured_has_desc,XGBoost,BlackConcentration,11,Low,7,138,0.5865,0.1957
structured_has_desc,XGBoost,BlackConcentration,11,Low,8,142,0.6481,0.1901
structured_has_desc,XGBoost,BlackConcentration,11,Low,9,143,0.7471,0.2867
structured_has_desc,XGBoost,BlackConcentration,11,High,0,318,0.1431,0.0377
structured_has_desc,XGBoost,BlackConcentration,11,High,1,364,0.2437,0.0495
structured_has_desc,XGBoost,BlackConcentration,11,High,2,358,0.3101,0.0726
structured_has_desc,XGBoost,BlackConcentration,11,High,3,351,0.3675,0.0912
structured_has_desc,XGBoost,BlackConcentration,11,High,4,378,0.4238,0.1164
structured_has_desc,XGBoost,BlackConcentration,11,High,5,375,0.4762,0.1467
structured_has_desc,XGBoost,BlackConcentration,11,High,6,348,0.532,0.2011
structured_has_desc,XGBoost,BlackConcentration,11,High,7,363,0.5883,0.2204
structured_has_desc,XGBoost,BlackConcentration,11,High,8,360,0.6494,0.2417
structured_has_desc,XGBoost,BlackConcentration,11,High,9,348,0.7422,0.2989
structured_has_desc,XGBoost,SES_group,12,Low,0,551,0.1595,0.0218
structured_has_desc,XGBoost,SES_group,12,Low,1,501,0.2709,0.0639
structured_has_desc,XGBoost,SES_group,12,Low,2,470,0.3378,0.0809
structured_has_desc,XGBoost,SES_group,12,Low,3,470,0.3913,0.1085
structured_has_desc,XGBoost,SES_group,12,Low,4,471,0.4445,0.1168
structured_has_desc,XGBoost,SES_group,12,Low,5,475,0.4955,0.1411
structured_has_desc,XGBoost,SES_group,12,Low,6,448,0.5453,0.2009
structured_has_desc,XGBoost,SES_group,12,Low,7,441,0.5988,0.2063
structured_has_desc,XGBoost,SES_group,12,Low,8,429,0.6622,0.2378
structured_has_desc,XGBoost,SES_group,12,Low,9,449,0.7577,0.3363
structured_has_desc,XGBoost,SES_group,12,High,0,196,0.1628,0.051
structured_has_desc,XGBoost,SES_group,12,High,1,277,0.2725,0.0578
structured_has_desc,XGBoost,SES_group,12,High,2,265,0.338,0.0792
structured_has_desc,XGBoost,SES_group,12,High,3,271,0.3918,0.0775
structured_has_desc,XGBoost,SES_group,12,High,4,240,0.4452,0.1458
structured_has_desc,XGBoost,SES_group,12,High,5,244,0.4978,0.1475
structured_has_desc,XGBoost,SES_group,12,High,6,273,0.5457,0.2051
structured_has_desc,XGBoost,SES_group,12,High,7,281,0.5982,0.2384
structured_has_desc,XGBoost,SES_group,12,High,8,294,0.6631,0.2687
structured_has_desc,XGBoost,SES_group,12,High,9,267,0.7601,0.3895
structured_has_desc,XGBoost,BlackConcentration,12,Low,0,210,0.1666,0.019
structured_has_desc,XGBoost,BlackConcentration,12,Low,1,182,0.2718,0.0495
structured_has_desc,XGBoost,BlackConcentration,12,Low,2,160,0.3371,0.0563
structured_has_desc,XGBoost,BlackConcentration,12,Low,3,163,0.3911,0.1227
structured_has_desc,XGBoost,BlackConcentration,12,Low,4,177,0.4449,0.1186
structured_has_desc,XGBoost,BlackConcentration,12,Low,5,197,0.4967,0.1371
structured_has_desc,XGBoost,BlackConcentration,12,Low,6,188,0.5454,0.1968
structured_has_desc,XGBoost,BlackConcentration,12,Low,7,171,0.598,0.2047
structured_has_desc,XGBoost,BlackConcentration,12,Low,8,188,0.6621,0.2926
structured_has_desc,XGBoost,BlackConcentration,12,Low,9,156,0.7544,0.3013
structured_has_desc,XGBoost,BlackConcentration,12,High,0,438,0.1601,0.0205
structured_has_desc,XGBoost,BlackConcentration,12,High,1,467,0.2717,0.0621
structured_has_desc,XGBoost,BlackConcentration,12,High,2,504,0.3371,0.0893
structured_has_desc,XGBoost,BlackConcentration,12,High,3,473,0.3919,0.1078
structured_has_desc,XGBoost,BlackConcentration,12,High,4,500,0.4445,0.134
structured_has_desc,XGBoost,BlackConcentration,12,High,5,476,0.497,0.1492
structured_has_desc,XGBoost,BlackConcentration,12,High,6,521,0.5449,0.2015
structured_has_desc,XGBoost,BlackConcentration,12,High,7,510,0.5991,0.2157
structured_has_desc,XGBoost,BlackConcentration,12,High,8,493,0.6634,0.2657
structured_has_desc,XGBoost,BlackConcentration,12,High,9,516,0.7558,0.3702
structured_has_desc,XGBoost,SES_group,13,Low,0,658,0.1641,0.0395
structured_has_desc,XGBoost,SES_group,13,Low,1,611,0.2715,0.0606
structured_has_desc,XGBoost,SES_group,13,Low,2,623,0.3331,0.0883
structured_has_desc,XGBoost,SES_group,13,Low,3,539,0.3915,0.0909
structured_has_desc,XGBoost,SES_group,13,Low,4,540,0.4417,0.1333
structured_has_desc,XGBoost,SES_group,13,Low,5,573,0.4952,0.1536
structured_has_desc,XGBoost,SES_group,13,Low,6,557,0.5474,0.1741
structured_has_desc,XGBoost,SES_group,13,Low,7,562,0.601,0.2384
structured_has_desc,XGBoost,SES_group,13,Low,8,511,0.6639,0.2505
structured_has_desc,XGBoost,SES_group,13,Low,9,512,0.7547,0.2949
structured_has_desc,XGBoost,SES_group,13,High,0,239,0.1673,0.0335
structured_has_desc,XGBoost,SES_group,13,High,1,258,0.2719,0.062
structured_has_desc,XGBoost,SES_group,13,High,2,270,0.3353,0.0741
structured_has_desc,XGBoost,SES_group,13,High,3,319,0.39,0.1129
structured_has_desc,XGBoost,SES_group,13,High,4,320,0.4437,0.1375
structured_has_desc,XGBoost,SES_group,13,High,5,313,0.4924,0.1502
structured_has_desc,XGBoost,SES_group,13,High,6,308,0.548,0.1818
structured_has_desc,XGBoost,SES_group,13,High,7,295,0.6003,0.1695
structured_has_desc,XGBoost,SES_group,13,High,8,332,0.6618,0.2952
structured_has_desc,XGBoost,SES_group,13,High,9,349,0.7571,0.3754
structured_has_desc,XGBoost,BlackConcentration,13,Low,0,217,0.1642,0.0276
structured_has_desc,XGBoost,BlackConcentration,13,Low,1,225,0.2721,0.0667
structured_has_desc,XGBoost,BlackConcentration,13,Low,2,236,0.3344,0.0932
structured_has_desc,XGBoost,BlackConcentration,13,Low,3,237,0.3914,0.0802
structured_has_desc,XGBoost,BlackConcentration,13,Low,4,229,0.4428,0.1135
structured_has_desc,XGBoost,BlackConcentration,13,Low,5,204,0.4943,0.152
structured_has_desc,XGBoost,BlackConcentration,13,Low,6,210,0.5486,0.181
structured_has_desc,XGBoost,BlackConcentration,13,Low,7,204,0.6003,0.1863
structured_has_desc,XGBoost,BlackConcentration,13,Low,8,216,0.6634,0.2315
structured_has_desc,XGBoost,BlackConcentration,13,Low,9,192,0.756,0.3229
structured_has_desc,XGBoost,BlackConcentration,13,High,0,564,0.1629,0.0408
structured_has_desc,XGBoost,BlackConcentration,13,High,1,522,0.2719,0.0575
structured_has_desc,XGBoost,BlackConcentration,13,High,2,500,0.3347,0.068
structured_has_desc,XGBoost,BlackConcentration,13,High,3,568,0.3898,0.1197
structured_has_desc,XGBoost,BlackConcentration,13,High,4,543,0.4432,0.1436
structured_has_desc,XGBoost,BlackConcentration,13,High,5,557,0.494,0.1562
structured_has_desc,XGBoost,BlackConcentration,13,High,6,575,0.5468,0.1791
structured_has_desc,XGBoost,BlackConcentration,13,High,7,591,0.6004,0.1929
structured_has_desc,XGBoost,BlackConcentration,13,High,8,604,0.6611,0.2732
structured_has_desc,XGBoost,BlackConcentration,13,High,9,604,0.7556,0.3758
structured_has_desc,XGBoost,SES_group,14,Low,0,787,0.1553,0.0191
structured_has_desc,XGBoost,SES_group,14,Low,1,697,0.2497,0.0574
structured_has_desc,XGBoost,SES_group,14,Low,2,696,0.3124,0.079
structured_has_desc,XGBoost,SES_group,14,Low,3,675,0.3676,0.1185
structured_has_desc,XGBoost,SES_group,14,Low,4,668,0.4211,0.1272
structured_has_desc,XGBoost,SES_group,14,Low,5,665,0.4729,0.1263
structured_has_desc,XGBoost,SES_group,14,Low,6,654,0.5277,0.156
structured_has_desc,XGBoost,SES_group,14,Low,7,624,0.5838,0.2388
structured_has_desc,XGBoost,SES_group,14,Low,8,605,0.651,0.2942
structured_has_desc,XGBoost,SES_group,14,Low,9,636,0.7414,0.3082
structured_has_desc,XGBoost,SES_group,14,High,0,306,0.1606,0.0425
structured_has_desc,XGBoost,SES_group,14,High,1,305,0.2499,0.0393
structured_has_desc,XGBoost,SES_group,14,High,2,309,0.3117,0.1003
structured_has_desc,XGBoost,SES_group,14,High,3,323,0.3688,0.1146
structured_has_desc,XGBoost,SES_group,14,High,4,352,0.4208,0.0881
structured_has_desc,XGBoost,SES_group,14,High,5,350,0.4748,0.1314
structured_has_desc,XGBoost,SES_group,14,High,6,357,0.528,0.1345
structured_has_desc,XGBoost,SES_group,14,High,7,343,0.5839,0.2478
structured_has_desc,XGBoost,SES_group,14,High,8,377,0.6493,0.2599
structured_has_desc,XGBoost,SES_group,14,High,9,377,0.7444,0.366
structured_has_desc,XGBoost,BlackConcentration,14,Low,0,276,0.1591,0.0217
structured_has_desc,XGBoost,BlackConcentration,14,Low,1,284,0.25,0.0423
structured_has_desc,XGBoost,BlackConcentration,14,Low,2,288,0.3117,0.1076
structured_has_desc,XGBoost,BlackConcentration,14,Low,3,291,0.3686,0.134
structured_has_desc,XGBoost,BlackConcentration,14,Low,4,277,0.4228,0.13
structured_has_desc,XGBoost,BlackConcentration,14,Low,5,254,0.4725,0.1417
structured_has_desc,XGBoost,BlackConcentration,14,Low,6,276,0.5284,0.163
structured_has_desc,XGBoost,BlackConcentration,14,Low,7,253,0.5853,0.1976
structured_has_desc,XGBoost,BlackConcentration,14,Low,8,238,0.6498,0.2773
structured_has_desc,XGBoost,BlackConcentration,14,Low,9,247,0.7392,0.3198
structured_has_desc,XGBoost,BlackConcentration,14,High,0,619,0.1585,0.0404
structured_has_desc,XGBoost,BlackConcentration,14,High,1,670,0.25,0.0507
structured_has_desc,XGBoost,BlackConcentration,14,High,2,635,0.3111,0.0929
structured_has_desc,XGBoost,BlackConcentration,14,High,3,655,0.3684,0.1053
structured_has_desc,XGBoost,BlackConcentration,14,High,4,647,0.4211,0.1097
structured_has_desc,XGBoost,BlackConcentration,14,High,5,645,0.4743,0.1457
structured_has_desc,XGBoost,BlackConcentration,14,High,6,652,0.528,0.1426
structured_has_desc,XGBoost,BlackConcentration,14,High,7,663,0.5833,0.2534
structured_has_desc,XGBoost,BlackConcentration,14,High,8,690,0.6509,0.2797
structured_has_desc,XGBoost,BlackConcentration,14,High,9,694,0.7456,0.3573
lexicon,Logistic,SES_group,1,Low,0,61,0.1245,0.0492
lexicon,Logistic,SES_group,1,Low,1,52,0.2246,0.0385
lexicon,Logistic,SES_group,1,Low,2,60,0.2999,0.0667
lexicon,Logistic,SES_group,1,Low,3,45,0.3701,0.0667
lexicon,Logistic,SES_group,1,Low,4,52,0.443,0.1731
lexicon,Logistic,SES_group,1,Low,5,46,0.5061,0.1957
lexicon,Logistic,SES_group,1,Low,6,47,0.5647,0.234
lexicon,Logistic,SES_group,1,Low,7,45,0.6318,0.2
lexicon,Logistic,SES_group,1,Low,8,57,0.7164,0.2456
lexicon,Logistic,SES_group,1,Low,9,50,0.8108,0.24
lexicon,Logistic,SES_group,1,High,0,19,0.1367,0.0526
lexicon,Logistic,SES_group,1,High,1,24,0.2225,0.1667
lexicon,Logistic,SES_group,1,High,2,17,0.3097,0.0588
lexicon,Logistic,SES_group,1,High,3,28,0.3691,0.0714
lexicon,Logistic,SES_group,1,High,4,17,0.4439,0.0588
lexicon,Logistic,SES_group,1,High,5,20,0.5111,0.05
lexicon,Logistic,SES_group,1,High,6,21,0.5668,0.2857
lexicon,Logistic,SES_group,1,High,7,25,0.6302,0.32
lexicon,Logistic,SES_group,1,High,8,18,0.7091,0.1111
lexicon,Logistic,SES_group,1,High,9,25,0.8165,0.36
lexicon,Logistic,BlackConcentration,1,Low,0,18,0.1025,0.1111
lexicon,Logistic,BlackConcentration,1,Low,1,16,0.231,0.0
lexicon,Logistic,BlackConcentration,1,Low,2,18,0.2984,0.1111
lexicon,Logistic,BlackConcentration,1,Low,3,16,0.3717,0.1875
lexicon,Logistic,BlackConcentration,1,Low,4,16,0.4406,0.125
lexicon,Logistic,BlackConcentration,1,Low,5,21,0.5051,0.2381
lexicon,Logistic,BlackConcentration,1,Low,6,14,0.5683,0.2143
lexicon,Logistic,BlackConcentration,1,Low,7,18,0.6218,0.3333
lexicon,Logistic,BlackConcentration,1,Low,8,24,0.7209,0.2917
lexicon,Logistic,BlackConcentration,1,Low,9,19,0.8276,0.1579
lexicon,Logistic,BlackConcentration,1,High,0,56,0.13,0.0179
lexicon,Logistic,BlackConcentration,1,High,1,48,0.2226,0.0417
lexicon,Logistic,BlackConcentration,1,High,2,46,0.3007,0.087
lexicon,Logistic,BlackConcentration,1,High,3,47,0.3716,0.0638
lexicon,Logistic,BlackConcentration,1,High,4,34,0.4456,0.1176
lexicon,Logistic,BlackConcentration,1,High,5,42,0.5111,0.1667
lexicon,Logistic,BlackConcentration,1,High,6,45,0.5673,0.2444
lexicon,Logistic,BlackConcentration,1,High,7,51,0.629,0.2353
lexicon,Logistic,BlackConcentration,1,High,8,47,0.7166,0.234
lexicon,Logistic,BlackConcentration,1,High,9,44,0.8139,0.2955
lexicon,Logistic,SES_group,2,Low,0,60,0.1103,0.0
lexicon,Logistic,SES_group,2,Low,1,60,0.1787,0.0
lexicon,Logistic,SES_group,2,Low,2,60,0.229,0.05
lexicon,Logistic,SES_group,2,Low,3,56,0.284,0.0714
lexicon,Logistic,SES_group,2,Low,4,55,0.3521,0.0909
lexicon,Logistic,SES_group,2,Low,5,67,0.4165,0.1343
lexicon,Logistic,SES_group,2,Low,6,49,0.4904,0.102
lexicon,Logistic,SES_group,2,Low,7,54,0.5793,0.0926
lexicon,Logistic,SES_group,2,Low,8,54,0.6738,0.1852
lexicon,Logistic,SES_group,2,Low,9,46,0.803,0.2391
lexicon,Logistic,SES_group,2,High,0,21,0.1124,0.0476
lexicon,Logistic,SES_group,2,High,1,27,0.1804,0.1481
lexicon,Logistic,SES_group,2,High,2,25,0.2329,0.08
lexicon,Logistic,SES_group,2,High,3,23,0.2836,0.087
lexicon,Logistic,SES_group,2,High,4,23,0.3508,0.1739
lexicon,Logistic,SES_group,2,High,5,21,0.416,0.0952
lexicon,Logistic,SES_group,2,High,6,34,0.4945,0.1471
lexicon,Logistic,SES_group,2,High,7,26,0.5781,0.2692
lexicon,Logistic,SES_group,2,High,8,27,0.6672,0.0741
lexicon,Logistic,SES_group,2,High,9,36,0.8027,0.3333
lexicon,Logistic,SES_group,3,Low,0,82,0.145,0.0
lexicon,Logistic,SES_group,3,Low,1,66,0.2305,0.0
lexicon,Logistic,SES_group,3,Low,2,62,0.2877,0.0161
lexicon,Logistic,SES_group,3,Low,3,58,0.3494,0.069
lexicon,Logistic,SES_group,3,Low,4,58,0.4166,0.0862
lexicon,Logistic,SES_group,3,Low,5,67,0.4725,0.1493
lexicon,Logistic,SES_group,3,Low,6,44,0.5434,0.1364
lexicon,Logistic,SES_group,3,Low,7,59,0.6088,0.2034
lexicon,Logistic,SES_group,3,Low,8,54,0.6864,0.1296
lexicon,Logistic,SES_group,3,Low,9,56,0.8176,0.3393
lexicon,Logistic,SES_group,3,High,0,17,0.1351,0.1176
lexicon,Logistic,SES_group,3,High,1,26,0.2265,0.1538
lexicon,Logistic,SES_group,3,High,2,25,0.2956,0.04
lexicon,Logistic,SES_group,3,High,3,24,0.352,0.0417
lexicon,Logistic,SES_group,3,High,4,33,0.4126,0.2424
lexicon,Logistic,SES_group,3,High,5,18,0.4725,0.0556
lexicon,Logistic,SES_group,3,High,6,42,0.5348,0.1905
lexicon,Logistic,SES_group,3,High,7,33,0.6061,0.1515
lexicon,Logistic,SES_group,3,High,8,43,0.6933,0.3488
lexicon,Logistic,SES_group,3,High,9,31,0.8095,0.4194
lexicon,Logistic,SES_group,4,Low,0,92,0.128,0.0217
lexicon,Logistic,SES_group,4,Low,1,82,0.219,0.0366
lexicon,Logistic,SES_group,4,Low,2,88,0.2857,0.125
lexicon,Logistic,SES_group,4,Low,3,77,0.3545,0.0649
lexicon,Logistic,SES_group,4,Low,4,84,0.4214,0.131
lexicon,Logistic,SES_group,4,Low,5,75,0.4856,0.2
lexicon,Logistic,SES_group,4,Low,6,100,0.5518,0.09
lexicon,Logistic,SES_group,4,Low,7,73,0.6167,0.2466
lexicon,Logistic,SES_group,4,Low,8,77,0.6948,0.2468
lexicon,Logistic,SES_group,4,Low,9,66,0.8089,0.2576
lexicon,Logistic,SES_group,4,High,0,34,0.1454,0.0
lexicon,Logistic,SES_group,4,High,1,46,0.2218,0.0
lexicon,Logistic,SES_group,4,High,2,38,0.2877,0.0263
lexicon,Logistic,SES_group,4,High,3,43,0.3479,0.0698
lexicon,Logistic,SES_group,4,High,4,37,0.4212,0.1081
lexicon,Logistic,SES_group,4,High,5,38,0.4846,0.0789
lexicon,Logistic,SES_group,4,High,6,31,0.5522,0.1613
lexicon,Logistic,SES_group,4,High,7,48,0.6199,0.2083
lexicon,Logistic,SES_group,4,High,8,35,0.6921,0.3143
lexicon,Logistic,SES_group,4,High,9,47,0.803,0.4043
lexicon,Logistic,BlackConcentration,4,Low,0,26,0.1349,0.0769
lexicon,Logistic,BlackConcentration,4,Low,1,20,0.2152,0.05
lexicon,Logistic,BlackConcentration,4,Low,2,16,0.2757,0.1875
lexicon,Logistic,BlackConcentration,4,Low,3,22,0.358,0.0455
lexicon,Logistic,BlackConcentration,4,Low,4,28,0.4187,0.1429
lexicon,Logistic,BlackConcentration,4,Low,5,24,0.4767,0.125
lexicon,Logistic,BlackConcentration,4,Low,6,24,0.548,0.125
lexicon,Logistic,BlackConcentration,4,Low,7,32,0.6208,0.25
lexicon,Logistic,BlackConcentration,4,Low,8,33,0.6933,0.303
lexicon,Logistic,BlackConcentration,4,Low,9,24,0.8112,0.1667
lexicon,Logistic,BlackConcentration,4,High,0,81,0.1351,0.0247
lexicon,Logistic,BlackConcentration,4,High,1,89,0.2203,0.0674
lexicon,Logistic,BlackConcentration,4,High,2,87,0.2876,0.046
lexicon,Logistic,BlackConcentration,4,High,3,86,0.3491,0.1047
lexicon,Logistic,BlackConcentration,4,High,4,81,0.4228,0.1111
lexicon,Logistic,BlackConcentration,4,High,5,79,0.4876,0.1772
lexicon,Logistic,BlackConcentration,4,High,6,72,0.549,0.0972
lexicon,Logistic,BlackConcentration,4,High,7,83,0.6171,0.2169
lexicon,Logistic,BlackConcentration,4,High,8,82,0.6969,0.2439
lexicon,Logistic,BlackConcentration,4,High,9,101,0.8131,0.3762
lexicon,Logistic,SES_group,5,Low,0,107,0.1515,0.0093
lexicon,Logistic,SES_group,5,Low,1,88,0.2282,0.0682
lexicon,Logistic,SES_group,5,Low,2,96,0.2889,0.0833
lexicon,Logistic,SES_group,5,Low,3,91,0.3482,0.1319
lexicon,Logistic,SES_group,5,Low,4,106,0.4074,0.0943
lexicon,Logistic,SES_group,5,Low,5,74,0.4666,0.1351
lexicon,Logistic,SES_group,5,Low,6,83,0.5302,0.1205
lexicon,Logistic,SES_group,5,Low,7,105,0.5922,0.2476
lexicon,Logistic,SES_group,5,Low,8,97,0.6705,0.2371
lexicon,Logistic,SES_group,5,Low,9,63,0.779,0.4444
lexicon,Logistic,SES_group,5,High,0,32,0.1542,0.0
lexicon,Logistic,SES_group,5,High,1,41,0.2308,0.0976
lexicon,Logistic,SES_group,5,High,2,30,0.295,0.0333
lexicon,Logistic,SES_group,5,High,3,45,0.351,0.0667
lexicon,Logistic,SES_group,5,High,4,34,0.4037,0.0588
lexicon,Logistic,SES_group,5,High,5,52,0.469,0.1346
lexicon,Logistic,SES_group,5,High,6,46,0.5301,0.1739
lexicon,Logistic,SES_group,5,High,7,40,0.5939,0.2
lexicon,Logistic,SES_group,5,High,8,42,0.6756,0.2143
lexicon,Logistic,SES_group,5,High,9,68,0.7915,0.3088
lexicon,Logistic,BlackConcentration,5,Low,0,31,0.1558,0.0323
lexicon,Logistic,BlackConcentration,5,Low,1,27,0.22,0.037
lexicon,Logistic,BlackConcentration,5,Low,2,38,0.2886,0.0526
lexicon,Logistic,BlackConcentration,5,Low,3,21,0.3514,0.1905
lexicon,Logistic,BlackConcentration,5,Low,4,30,0.4101,0.0667
lexicon,Logistic,BlackConcentration,5,Low,5,30,0.466,0.0667
lexicon,Logistic,BlackConcentration,5,Low,6,34,0.5277,0.0882
lexicon,Logistic,BlackConcentration,5,Low,7,23,0.5906,0.3478
lexicon,Logistic,BlackConcentration,5,Low,8,28,0.6703,0.2143
lexicon,Logistic,BlackConcentration,5,Low,9,31,0.7832,0.4194
lexicon,Logistic,BlackConcentration,5,High,0,94,0.1495,0.0
lexicon,Logistic,BlackConcentration,5,High,1,96,0.2294,0.0312
lexicon,Logistic,BlackConcentration,5,High,2,91,0.2931,0.0659
lexicon,Logistic,BlackConcentration,5,High,3,95,0.3483,0.0947
lexicon,Logistic,BlackConcentration,5,High,4,83,0.4032,0.0964
lexicon,Logistic,BlackConcentration,5,High,5,91,0.4692,0.1538
lexicon,Logistic,BlackConcentration,5,High,6,90,0.5296,0.1
lexicon,Logistic,BlackConcentration,5,High,7,90,0.591,0.2556
lexicon,Logistic,BlackConcentration,5,High,8,84,0.6721,0.2619
lexicon,Logistic,BlackConcentration,5,High,9,95,0.7881,0.4105
lexicon,Logistic,SES_group,6,Low,0,121,0.2068,0.0579
lexicon,Logistic,SES_group,6,Low,1,98,0.3075,0.0816
lexicon,Logistic,SES_group,6,Low,2,92,0.3787,0.0978
lexicon,Logistic,SES_group,6,Low,3,96,0.4377,0.1042
lexicon,Logistic,SES_group,6,Low,4,95,0.4902,0.1579
lexicon,Logistic,SES_group,6,Low,5,93,0.546,0.129
lexicon,Logistic,SES_group,6,Low,6,94,0.5983,0.234
lexicon,Logistic,SES_group,6,Low,7,90,0.6598,0.2556
lexicon,Logistic,SES_group,6,Low,8,101,0.7248,0.3168
lexicon,Logistic,SES_group,6,Low,9,79,0.7985,0.4557
lexicon,Logistic,SES_group,6,High,0,36,0.2085,0.0556
lexicon,Logistic,SES_group,6,High,1,50,0.3118,0.14
lexicon,Logistic,SES_group,6,High,2,51,0.3801,0.1176
lexicon,Logistic,SES_group,6,High,3,45,0.435,0.1111
lexicon,Logistic,SES_group,6,High,4,50,0.4904,0.18
lexicon,Logistic,SES_group,6,High,5,53,0.5457,0.2642
lexicon,Logistic,SES_group,6,High,6,48,0.6016,0.3125
lexicon,Logistic,SES_group,6,High,7,63,0.6586,0.2063
lexicon,Logistic,SES_group,6,High,8,51,0.7187,0.3333
lexicon,Logistic,SES_group,6,High,9,60,0.8125,0.2667
lexicon,Logistic,BlackConcentration,6,Low,0,26,0.2159,0.0385
lexicon,Logistic,BlackConcentration,6,Low,1,34,0.3061,0.0882
lexicon,Logistic,BlackConcentration,6,Low,2,34,0.3788,0.0882
lexicon,Logistic,BlackConcentration,6,Low,3,42,0.4399,0.0714
lexicon,Logistic,BlackConcentration,6,Low,4,46,0.4933,0.1522
lexicon,Logistic,BlackConcentration,6,Low,5,35,0.5473,0.1714
lexicon,Logistic,BlackConcentration,6,Low,6,47,0.5981,0.2766
lexicon,Logistic,BlackConcentration,6,Low,7,31,0.6602,0.1935
lexicon,Logistic,BlackConcentration,6,Low,8,27,0.7268,0.2222
lexicon,Logistic,BlackConcentration,6,Low,9,27,0.8107,0.4444
lexicon,Logistic,BlackConcentration,6,High,0,110,0.2049,0.0364
lexicon,Logistic,BlackConcentration,6,High,1,124,0.3109,0.0968
lexicon,Logistic,BlackConcentration,6,High,2,89,0.3785,0.1124
lexicon,Logistic,BlackConcentration,6,High,3,86,0.4366,0.093
lexicon,Logistic,BlackConcentration,6,High,4,102,0.4893,0.1373
lexicon,Logistic,BlackConcentration,6,High,5,90,0.5463,0.2333
lexicon,Logistic,BlackConcentration,6,High,6,81,0.6007,0.2716
lexicon,Logistic,BlackConcentration,6,High,7,105,0.6587,0.3048
lexicon,Logistic,BlackConcentration,6,High,8,108,0.7216,0.2593
lexicon,Logistic,BlackConcentration,6,High,9,107,0.8097,0.3832
lexicon,Logistic,SES_group,7,Low,0,155,0.1807,0.0516
lexicon,Logistic,SES_group,7,Low,1,127,0.2618,0.0787
lexicon,Logistic,SES_group,7,Low,2,133,0.3187,0.0677
lexicon,Logistic,SES_group,7,Low,3,122,0.3711,0.082
lexicon,Logistic,SES_group,7,Low,4,122,0.4207,0.1148
lexicon,Logistic,SES_group,7,Low,5,112,0.4713,0.1339
lexicon,Logistic,SES_group,7,Low,6,120,0.5295,0.1917
lexicon,Logistic,SES_group,7,Low,7,99,0.5932,0.1818
lexicon,Logistic,SES_group,7,Low,8,107,0.6691,0.2243
lexicon,Logistic,SES_group,7,Low,9,114,0.7821,0.3509
lexicon,Logistic,SES_group,7,High,0,55,0.1826,0.0364
lexicon,Logistic,SES_group,7,High,1,55,0.2618,0.0364
lexicon,Logistic,SES_group,7,High,2,57,0.32,0.1053
lexicon,Logistic,SES_group,7,High,3,74,0.3697,0.0811
lexicon,Logistic,SES_group,7,High,4,70,0.418,0.0571
lexicon,Logistic,SES_group,7,High,5,76,0.4748,0.1447
lexicon,Logistic,SES_group,7,High,6,72,0.5276,0.1389
lexicon,Logistic,SES_group,7,High,7,68,0.588,0.3088
lexicon,Logistic,SES_group,7,High,8,79,0.6682,0.2785
lexicon,Logistic,SES_group,7,High,9,70,0.7877,0.4
lexicon,Logistic,BlackConcentration,7,Low,0,41,0.1869,0.0732
lexicon,Logistic,BlackConcentration,7,Low,1,47,0.2605,0.0851
lexicon,Logistic,BlackConcentration,7,Low,2,38,0.3189,0.0526
lexicon,Logistic,BlackConcentration,7,Low,3,33,0.3689,0.0909
lexicon,Logistic,BlackConcentration,7,Low,4,43,0.4243,0.0233
lexicon,Logistic,BlackConcentration,7,Low,5,42,0.4722,0.119
lexicon,Logistic,BlackConcentration,7,Low,6,52,0.5322,0.2115
lexicon,Logistic,BlackConcentration,7,Low,7,40,0.5923,0.2
lexicon,Logistic,BlackConcentration,7,Low,8,46,0.668,0.1957
lexicon,Logistic,BlackConcentration,7,Low,9,46,0.7849,0.3913
lexicon,Logistic,BlackConcentration,7,High,0,125,0.1795,0.072
lexicon,Logistic,BlackConcentration,7,High,1,117,0.265,0.0342
lexicon,Logistic,BlackConcentration,7,High,2,136,0.3212,0.0588
lexicon,Logistic,BlackConcentration,7,High,3,127,0.3708,0.0709
lexicon,Logistic,BlackConcentration,7,High,4,131,0.4181,0.1145
lexicon,Logistic,BlackConcentration,7,High,5,141,0.4733,0.1631
lexicon,Logistic,BlackConcentration,7,High,6,117,0.5304,0.1453
lexicon,Logistic,BlackConcentration,7,High,7,119,0.5898,0.2521
lexicon,Logistic,BlackConcentration,7,High,8,127,0.6708,0.2283
lexicon,Logistic,BlackConcentration,7,High,9,136,0.7807,0.3456
lexicon,Logistic,SES_group,8,Low,0,196,0.1715,0.0612
lexicon,Logistic,SES_group,8,Low,1,191,0.2945,0.0785
lexicon,Logistic,SES_group,8,Low,2,189,0.3739,0.1111
lexicon,Logistic,SES_group,8,Low,3,155,0.4404,0.1226
lexicon,Logistic,SES_group,8,Low,4,167,0.4996,0.1377
lexicon,Logistic,SES_group,8,Low,5,167,0.5543,0.2036
lexicon,Logistic,SES_group,8,Low,6,159,0.6041,0.2201
lexicon,Logistic,SES_group,8,Low,7,163,0.6628,0.2638
lexicon,Logistic,SES_group,8,Low,8,168,0.7346,0.2857
lexicon,Logistic,SES_group,8,Low,9,160,0.8247,0.35
lexicon,Logistic,SES_group,8,High,0,77,0.1769,0.039
lexicon,Logistic,SES_group,8,High,1,85,0.2949,0.0353
lexicon,Logistic,SES_group,8,High,2,79,0.3736,0.1266
lexicon,Logistic,SES_group,8,High,3,83,0.4396,0.1084
lexicon,Logistic,SES_group,8,High,4,78,0.5005,0.1795
lexicon,Logistic,SES_group,8,High,5,92,0.5538,0.2174
lexicon,Logistic,SES_group,8,High,6,84,0.6043,0.2024
lexicon,Logistic,SES_group,8,High,7,91,0.6681,0.2308
lexicon,Logistic,SES_group,8,High,8,87,0.7318,0.2759
lexicon,Logistic,SES_group,8,High,9,82,0.8298,0.4756
lexicon,Logistic,BlackConcentration,8,Low,0,64,0.1721,0.0156
lexicon,Logistic,BlackConcentration,8,Low,1,61,0.2945,0.0984
lexicon,Logistic,BlackConcentration,8,Low,2,66,0.3761,0.1061
lexicon,Logistic,BlackConcentration,8,Low,3,53,0.4456,0.283
lexicon,Logistic,BlackConcentration,8,Low,4,57,0.5017,0.1404
lexicon,Logistic,BlackConcentration,8,Low,5,48,0.5525,0.2917
lexicon,Logistic,BlackConcentration,8,Low,6,50,0.6026,0.18
lexicon,Logistic,BlackConcentration,8,Low,7,55,0.6606,0.2182
lexicon,Logistic,BlackConcentration,8,Low,8,44,0.7342,0.2045
lexicon,Logistic,BlackConcentration,8,Low,9,57,0.8258,0.4211
lexicon,Logistic,BlackConcentration,8,High,0,172,0.1736,0.064
lexicon,Logistic,BlackConcentration,8,High,1,164,0.2972,0.0732
lexicon,Logistic,BlackConcentration,8,High,2,167,0.3731,0.1138
lexicon,Logistic,BlackConcentration,8,High,3,182,0.4393,0.1374
lexicon,Logistic,BlackConcentration,8,High,4,175,0.5002,0.1486
lexicon,Logistic,BlackConcentration,8,High,5,190,0.5543,0.2105
lexicon,Logistic,BlackConcentration,8,High,6,182,0.6042,0.2473
lexicon,Logistic,BlackConcentration,8,High,7,190,0.6657,0.2474
lexicon,Logistic,BlackConcentration,8,High,8,183,0.7334,0.2459
lexicon,Logistic,BlackConcentration,8,High,9,178,0.8282,0.427
lexicon,Logistic,SES_group,9,Low,0,314,0.1376,0.035
lexicon,Logistic,SES_group,9,Low,1,283,0.2437,0.0424
lexicon,Logistic,SES_group,9,Low,2,289,0.3161,0.09
lexicon,Logistic,SES_group,9,Low,3,269,0.3764,0.0967
lexicon,Logistic,SES_group,9,Low,4,259,0.4335,0.1274
lexicon,Logistic,SES_group,9,Low,5,229,0.4901,0.1135
lexicon,Logistic,SES_group,9,Low,6,258,0.5486,0.1705
lexicon,Logistic,SES_group,9,Low,7,244,0.6141,0.2418
lexicon,Logistic,SES_group,9,Low,8,221,0.6933,0.2262
lexicon,Logistic,SES_group,9,Low,9,229,0.8109,0.3755
lexicon,Logistic,SES_group,9,High,0,117,0.1457,0.0513
lexicon,Logistic,SES_group,9,High,1,133,0.2484,0.0602
lexicon,Logistic,SES_group,9,High,2,130,0.3156,0.1
lexicon,Logistic,SES_group,9,High,3,132,0.3777,0.0758
lexicon,Logistic,SES_group,9,High,4,128,0.4362,0.0781
lexicon,Logistic,SES_group,9,High,5,159,0.4912,0.1698
lexicon,Logistic,SES_group,9,High,6,153,0.5477,0.1503
lexicon,Logistic,SES_group,9,High,7,136,0.6111,0.1765
lexicon,Logistic,SES_group,9,High,8,182,0.6916,0.2802
lexicon,Logistic,SES_group,9,High,9,159,0.8138,0.3396
lexicon,Logistic,BlackConcentration,9,Low,0,116,0.1467,0.0172
lexicon,Logistic,BlackConcentration,9,Low,1,82,0.2442,0.0366
lexicon,Logistic,BlackConcentration,9,Low,2,109,0.3147,0.1009
lexicon,Logistic,BlackConcentration,9,Low,3,104,0.3761,0.0962
lexicon,Logistic,BlackConcentration,9,Low,4,109,0.4348,0.1009
lexicon,Logistic,BlackConcentration,9,Low,5,101,0.4895,0.1188
lexicon,Logistic,BlackConcentration,9,Low,6,102,0.5486,0.2059
lexicon,Logistic,BlackConcentration,9,Low,7,90,0.6151,0.1889
lexicon,Logistic,BlackConcentration,9,Low,8,103,0.6929,0.2621
lexicon,Logistic,BlackConcentration,9,Low,9,104,0.8092,0.2788
lexicon,Logistic,BlackConcentration,9,High,0,274,0.1429,0.0511
lexicon,Logistic,BlackConcentration,9,High,1,292,0.2466,0.0651
lexicon,Logistic,BlackConcentration,9,High,2,265,0.3148,0.0604
lexicon,Logistic,BlackConcentration,9,High,3,265,0.3766,0.0755
lexicon,Logistic,BlackConcentration,9,High,4,248,0.4364,0.1048
lexicon,Logistic,BlackConcentration,9,High,5,264,0.4908,0.1439
lexicon,Logistic,BlackConcentration,9,High,6,270,0.5487,0.1815
lexicon,Logistic,BlackConcentration,9,High,7,271,0.6137,0.2399
lexicon,Logistic,BlackConcentration,9,High,8,287,0.692,0.2544
lexicon,Logistic,BlackConcentration,9,High,9,279,0.8122,0.3297
lexicon,Logistic,SES_group,10,Low,0,338,0.159,0.0237
lexicon,Logistic,SES_group,10,Low,1,310,0.2519,0.0645
lexicon,Logistic,SES_group,10,Low,2,256,0.3145,0.0898
lexicon,Logistic,SES_group,10,Low,3,264,0.3675,0.0758
lexicon,Logistic,SES_group,10,Low,4,282,0.419,0.1064
lexicon,Logistic,SES_group,10,Low,5,276,0.4735,0.1667
lexicon,Logistic,SES_group,10,Low,6,253,0.5286,0.1858
lexicon,Logistic,SES_group,10,Low,7,271,0.5905,0.1882
lexicon,Logistic,SES_group,10,Low,8,239,0.6633,0.2134
lexicon,Logistic,SES_group,10,Low,9,222,0.7743,0.3423
lexicon,Logistic,SES_group,10,High,0,118,0.1619,0.0424
lexicon,Logistic,SES_group,10,High,1,109,0.2514,0.0642
lexicon,Logistic,SES_group,10,High,2,141,0.3127,0.1064
lexicon,Logistic,SES_group,10,High,3,132,0.3667,0.1061
lexicon,Logistic,SES_group,10,High,4,130,0.4201,0.0769
lexicon,Logistic,SES_group,10,High,5,134,0.4749,0.1343
lexicon,Logistic,SES_group,10,High,6,143,0.5284,0.1329
lexicon,Logistic,SES_group,10,High,7,147,0.5886,0.1293
lexicon,Logistic,SES_group,10,High,8,145,0.6633,0.3034
lexicon,Logistic,SES_group,10,High,9,157,0.7721,0.3694
lexicon,Logistic,BlackConcentration,10,Low,0,97,0.1577,0.0206
lexicon,Logistic,BlackConcentration,10,Low,1,105,0.2477,0.0667
lexicon,Logistic,BlackConcentration,10,Low,2,108,0.3147,0.1481
lexicon,Logistic,BlackConcentration,10,Low,3,95,0.3693,0.0526
lexicon,Logistic,BlackConcentration,10,Low,4,117,0.4189,0.1197
lexicon,Logistic,BlackConcentration,10,Low,5,91,0.4751,0.1429
lexicon,Logistic,BlackConcentration,10,Low,6,108,0.5281,0.1389
lexicon,Logistic,BlackConcentration,10,Low,7,89,0.5912,0.191
lexicon,Logistic,BlackConcentration,10,Low,8,100,0.662,0.21
lexicon,Logistic,BlackConcentration,10,Low,9,102,0.7777,0.2843
lexicon,Logistic,BlackConcentration,10,High,0,280,0.1592,0.0321
lexicon,Logistic,BlackConcentration,10,High,1,249,0.2541,0.0803
lexicon,Logistic,BlackConcentration,10,High,2,260,0.3134,0.0885
lexicon,Logistic,BlackConcentration,10,High,3,270,0.3684,0.1185
lexicon,Logistic,BlackConcentration,10,High,4,253,0.4202,0.1186
lexicon,Logistic,BlackConcentration,10,High,5,264,0.475,0.1553
lexicon,Logistic,BlackConcentration,10,High,6,269,0.5291,0.1747
lexicon,Logistic,BlackConcentration,10,High,7,284,0.5896,0.169
lexicon,Logistic,BlackConcentration,10,High,8,281,0.6643,0.2776
lexicon,Logistic,BlackConcentration,10,High,9,284,0.7766,0.412
lexicon,Logistic,SES_group,11,Low,0,454,0.1634,0.0352
lexicon,Logistic,SES_group,11,Low,1,393,0.26,0.0534
lexicon,Logistic,SES_group,11,Low,2,370,0.3258,0.0892
lexicon,Logistic,SES_group,11,Low,3,396,0.3828,0.0985
lexicon,Logistic,SES_group,11,Low,4,335,0.4381,0.1194
lexicon,Logistic,SES_group,11,Low,5,358,0.4886,0.1173
lexicon,Logistic,SES_group,11,Low,6,357,0.5426,0.1681
lexicon,Logistic,SES_group,11,Low,7,337,0.6038,0.2493
lexicon,Logistic,SES_group,11,Low,8,334,0.6701,0.2365
lexicon,Logistic,SES_group,11,Low,9,313,0.783,0.3163
lexicon,Logistic,SES_group,11,High,0,139,0.1656,0.0288
lexicon,Logistic,SES_group,11,High,1,173,0.2605,0.0231
lexicon,Logistic,SES_group,11,High,2,174,0.3247,0.0632
lexicon,Logistic,SES_group,11,High,3,188,0.3814,0.0904
lexicon,Logistic,SES_group,11,High,4,212,0.4358,0.1179
lexicon,Logistic,SES_group,11,High,5,196,0.4902,0.1531
lexicon,Logistic,SES_group,11,High,6,189,0.5431,0.1746
lexicon,Logistic,SES_group,11,High,7,198,0.6032,0.1919
lexicon,Logistic,SES_group,11,High,8,222,0.6714,0.2703
lexicon,Logistic,SES_group,11,High,9,209,0.785,0.3493
lexicon,Logistic,BlackConcentration,11,Low,0,154,0.1616,0.013
lexicon,Logistic,BlackConcentration,11,Low,1,141,0.2599,0.0426
lexicon,Logistic,BlackConcentration,11,Low,2,142,0.3252,0.0986
lexicon,Logistic,BlackConcentration,11,Low,3,136,0.3829,0.0735
lexicon,Logistic,BlackConcentration,11,Low,4,120,0.4388,0.1
lexicon,Logistic,BlackConcentration,11,Low,5,155,0.4872,0.0903
lexicon,Logistic,BlackConcentration,11,Low,6,128,0.5441,0.1562
lexicon,Logistic,BlackConcentration,11,Low,7,135,0.6029,0.2444
lexicon,Logistic,BlackConcentration,11,Low,8,122,0.667,0.2213
lexicon,Logistic,BlackConcentration,11,Low,9,145,0.7835,0.2207
lexicon,Logistic,BlackConcentration,11,High,0,335,0.167,0.0448
lexicon,Logistic,BlackConcentration,11,High,1,354,0.2604,0.048
lexicon,Logistic,BlackConcentration,11,High,2,368,0.3265,0.0815
lexicon,Logistic,BlackConcentration,11,High,3,354,0.3815,0.0989
lexicon,Logistic,BlackConcentration,11,High,4,364,0.4374,0.1154
lexicon,Logistic,BlackConcentration,11,High,5,340,0.4884,0.1559
lexicon,Logistic,BlackConcentration,11,High,6,365,0.5431,0.1726
lexicon,Logistic,BlackConcentration,11,High,7,345,0.6043,0.2029
lexicon,Logistic,BlackConcentration,11,High,8,369,0.6714,0.2412
lexicon,Logistic,BlackConcentration,11,High,9,369,0.7869,0.3089
lexicon,Logistic,SES_group,12,Low,0,557,0.1747,0.0233
lexicon,Logistic,SES_group,12,Low,1,507,0.2754,0.0611
lexicon,Logistic,SES_group,12,Low,2,506,0.3418,0.0791
lexicon,Logistic,SES_group,12,Low,3,450,0.396,0.1111
lexicon,Logistic,SES_group,12,Low,4,456,0.4463,0.0987
lexicon,Logistic,SES_group,12,Low,5,498,0.4991,0.1667
lexicon,Logistic,SES_group,12,Low,6,426,0.55,0.1854
lexicon,Logistic,SES_group,12,Low,7,435,0.6078,0.2368
lexicon,Logistic,SES_group,12,Low,8,443,0.6747,0.2393
lexicon,Logistic,SES_group,12,Low,9,427,0.7807,0.3255
lexicon,Logistic,SES_group,12,High,0,185,0.1803,0.0595
lexicon,Logistic,SES_group,12,High,1,255,0.2769,0.051
lexicon,Logistic,SES_group,12,High,2,262,0.3412,0.0611
lexicon,Logistic,SES_group,12,High,3,272,0.3961,0.0956
lexicon,Logistic,SES_group,12,High,4,258,0.4467,0.1512
lexicon,Logistic,SES_group,12,High,5,248,0.4969,0.1129
lexicon,Logistic,SES_group,12,High,6,271,0.5503,0.2066
lexicon,Logistic,SES_group,12,High,7,315,0.606,0.2381
lexicon,Logistic,SES_group,12,High,8,268,0.6758,0.2799
lexicon,Logistic,SES_group,12,High,9,274,0.779,0.3869
lexicon,Logistic,BlackConcentration,12,Low,0,203,0.179,0.0246
lexicon,Logistic,BlackConcentration,12,Low,1,190,0.2729,0.0526
lexicon,Logistic,BlackConcentration,12,Low,2,181,0.3429,0.0718
lexicon,Logistic,BlackConcentration,12,Low,3,167,0.3943,0.1078
lexicon,Logistic,BlackConcentration,12,Low,4,166,0.4476,0.1145
lexicon,Logistic,BlackConcentration,12,Low,5,199,0.4987,0.1508
lexicon,Logistic,BlackConcentration,12,Low,6,198,0.5489,0.197
lexicon,Logistic,BlackConcentration,12,Low,7,160,0.6064,0.1812
lexicon,Logistic,BlackConcentration,12,Low,8,178,0.6744,0.2809
lexicon,Logistic,BlackConcentration,12,Low,9,150,0.7774,0.34
lexicon,Logistic,BlackConcentration,12,High,0,455,0.175,0.033
lexicon,Logistic,BlackConcentration,12,High,1,463,0.2757,0.0583
lexicon,Logistic,BlackConcentration,12,High,2,456,0.3411,0.0702
lexicon,Logistic,BlackConcentration,12,High,3,480,0.3967,0.1104
lexicon,Logistic,BlackConcentration,12,High,4,504,0.4466,0.1369
lexicon,Logistic,BlackConcentration,12,High,5,484,0.4982,0.1508
lexicon,Logistic,BlackConcentration,12,High,6,519,0.5502,0.1888
lexicon,Logistic,BlackConcentration,12,High,7,514,0.6069,0.2101
lexicon,Logistic,BlackConcentration,12,High,8,504,0.6749,0.2996
lexicon,Logistic,BlackConcentration,12,High,9,519,0.7793,0.3526
lexicon,Logistic,SES_group,13,Low,0,674,0.183,0.0312
lexicon,Logistic,SES_group,13,Low,1,640,0.278,0.0813
lexicon,Logistic,SES_group,13,Low,2,574,0.3426,0.0679
lexicon,Logistic,SES_group,13,Low,3,601,0.3956,0.1215
lexicon,Logistic,SES_group,13,Low,4,556,0.4468,0.1259
lexicon,Logistic,SES_group,13,Low,5,518,0.4953,0.139
lexicon,Logistic,SES_group,13,Low,6,525,0.5474,0.1829
lexicon,Logistic,SES_group,13,Low,7,580,0.6032,0.2431
lexicon,Logistic,SES_group,13,Low,8,519,0.6734,0.2466
lexicon,Logistic,SES_group,13,Low,9,499,0.7768,0.2906
lexicon,Logistic,SES_group,13,High,0,236,0.1868,0.0381
lexicon,Logistic,SES_group,13,High,1,245,0.2811,0.0571
lexicon,Logistic,SES_group,13,High,2,275,0.3421,0.0945
lexicon,Logistic,SES_group,13,High,3,296,0.3967,0.0777
lexicon,Logistic,SES_group,13,High,4,305,0.4461,0.1148
lexicon,Logistic,SES_group,13,High,5,347,0.4954,0.1585
lexicon,Logistic,SES_group,13,High,6,310,0.5464,0.1548
lexicon,Logistic,SES_group,13,High,7,309,0.6048,0.2265
lexicon,Logistic,SES_group,13,High,8,334,0.6722,0.2665
lexicon,Logistic,SES_group,13,High,9,346,0.7825,0.396
lexicon,Logistic,BlackConcentration,13,Low,0,230,0.1873,0.0348
lexicon,Logistic,BlackConcentration,13,Low,1,235,0.2786,0.0638
lexicon,Logistic,BlackConcentration,13,Low,2,243,0.3417,0.0823
lexicon,Logistic,BlackConcentration,13,Low,3,233,0.3973,0.1245
lexicon,Logistic,BlackConcentration,13,Low,4,229,0.4467,0.0786
lexicon,Logistic,BlackConcentration,13,Low,5,197,0.4956,0.1574
lexicon,Logistic,BlackConcentration,13,Low,6,192,0.5479,0.1458
lexicon,Logistic,BlackConcentration,13,Low,7,230,0.6034,0.2217
lexicon,Logistic,BlackConcentration,13,Low,8,188,0.6723,0.2553
lexicon,Logistic,BlackConcentration,13,Low,9,193,0.7733,0.3057
lexicon,Logistic,BlackConcentration,13,High,0,566,0.1831,0.0371
lexicon,Logistic,BlackConcentration,13,High,1,497,0.2796,0.0704
lexicon,Logistic,BlackConcentration,13,High,2,537,0.3422,0.0726
lexicon,Logistic,BlackConcentration,13,High,3,535,0.3958,0.0916
lexicon,Logistic,BlackConcentration,13,High,4,539,0.4473,0.154
lexicon,Logistic,BlackConcentration,13,High,5,578,0.4955,0.1384
lexicon,Logistic,BlackConcentration,13,High,6,580,0.5474,0.1707
lexicon,Logistic,BlackConcentration,13,High,7,569,0.6044,0.2267
lexicon,Logistic,BlackConcentration,13,High,8,624,0.6734,0.2788
lexicon,Logistic,BlackConcentration,13,High,9,603,0.781,0.3648
lexicon,Logistic,SES_group,14,Low,0,784,0.1691,0.023
lexicon,Logistic,SES_group,14,Low,1,725,0.2605,0.0593
lexicon,Logistic,SES_group,14,Low,2,729,0.3218,0.0892
lexicon,Logistic,SES_group,14,Low,3,649,0.3737,0.1094
lexicon,Logistic,SES_group,14,Low,4,627,0.4249,0.1212
lexicon,Logistic,SES_group,14,Low,5,663,0.4753,0.1207
lexicon,Logistic,SES_group,14,Low,6,653,0.5284,0.1838
lexicon,Logistic,SES_group,14,Low,7,643,0.5903,0.2411
lexicon,Logistic,SES_group,14,Low,8,627,0.6614,0.2791
lexicon,Logistic,SES_group,14,Low,9,607,0.7668,0.2982
lexicon,Logistic,SES_group,14,High,0,289,0.1718,0.0381
lexicon,Logistic,SES_group,14,High,1,301,0.2608,0.0598
lexicon,Logistic,SES_group,14,High,2,308,0.3221,0.0909
lexicon,Logistic,SES_group,14,High,3,332,0.3745,0.0994
lexicon,Logistic,SES_group,14,High,4,365,0.4236,0.0986
lexicon,Logistic,SES_group,14,High,5,344,0.4736,0.1047
lexicon,Logistic,SES_group,14,High,6,357,0.5278,0.1877
lexicon,Logistic,SES_group,14,High,7,336,0.588,0.2024
lexicon,Logistic,SES_group,14,High,8,373,0.6641,0.2547
lexicon,Logistic,SES_group,14,High,9,394,0.7679,0.3731
lexicon,Logistic,BlackConcentration,14,Low,0,305,0.1731,0.0197
lexicon,Logistic,BlackConcentration,14,Low,1,275,0.2604,0.0945
lexicon,Logistic,BlackConcentration,14,Low,2,299,0.3231,0.0769
lexicon,Logistic,BlackConcentration,14,Low,3,275,0.3723,0.1236
lexicon,Logistic,BlackConcentration,14,Low,4,272,0.4242,0.1324
lexicon,Logistic,BlackConcentration,14,Low,5,280,0.4739,0.1571
lexicon,Logistic,BlackConcentration,14,Low,6,245,0.5278,0.1592
lexicon,Logistic,BlackConcentration,14,Low,7,263,0.5904,0.2281
lexicon,Logistic,BlackConcentration,14,Low,8,243,0.6624,0.2551
lexicon,Logistic,BlackConcentration,14,Low,9,227,0.7656,0.3084
lexicon,Logistic,BlackConcentration,14,High,0,603,0.1727,0.0464
lexicon,Logistic,BlackConcentration,14,High,1,670,0.2605,0.0507
lexicon,Logistic,BlackConcentration,14,High,2,652,0.3217,0.092
lexicon,Logistic,BlackConcentration,14,High,3,631,0.3748,0.1062
lexicon,Logistic,BlackConcentration,14,High,4,646,0.4246,0.1099
lexicon,Logistic,BlackConcentration,14,High,5,650,0.4749,0.1123
lexicon,Logistic,BlackConcentration,14,High,6,678,0.5296,0.1976
lexicon,Logistic,BlackConcentration,14,High,7,646,0.5893,0.2337
lexicon,Logistic,BlackConcentration,14,High,8,663,0.6615,0.2836
lexicon,Logistic,BlackConcentration,14,High,9,731,0.7693,0.3393
lexicon,XGBoost,SES_group,1,Low,0,59,0.0661,0.0678
lexicon,XGBoost,SES_group,1,Low,1,63,0.1392,0.0635
lexicon,XGBoost,SES_group,1,Low,2,57,0.2099,0.0526
lexicon,XGBoost,SES_group,1,Low,3,46,0.2828,0.1304
lexicon,XGBoost,SES_group,1,Low,4,48,0.353,0.1875
lexicon,XGBoost,SES_group,1,Low,5,46,0.4066,0.1304
lexicon,XGBoost,SES_group,1,Low,6,49,0.4758,0.2449
lexicon,XGBoost,SES_group,1,Low,7,51,0.5371,0.2157
lexicon,XGBoost,SES_group,1,Low,8,54,0.6171,0.1667
lexicon,XGBoost,SES_group,1,Low,9,42,0.7286,0.2857
lexicon,XGBoost,SES_group,1,High,0,16,0.0614,0.0625
lexicon,XGBoost,SES_group,1,High,1,17,0.1392,0.1765
lexicon,XGBoost,SES_group,1,High,2,23,0.2144,0.087
lexicon,XGBoost,SES_group,1,High,3,17,0.293,0.0
lexicon,XGBoost,SES_group,1,High,4,26,0.3523,0.0769
lexicon,XGBoost,SES_group,1,High,5,21,0.4053,0.1429
lexicon,XGBoost,SES_group,1,High,6,19,0.4711,0.2632
lexicon,XGBoost,SES_group,1,High,7,24,0.5346,0.1667
lexicon,XGBoost,SES_group,1,High,8,21,0.6059,0.2857
lexicon,XGBoost,SES_group,1,High,9,30,0.7354,0.3
lexicon,XGBoost,BlackConcentration,1,Low,0,16,0.0636,0.0
lexicon,XGBoost,BlackConcentration,1,Low,1,16,0.1389,0.125
lexicon,XGBoost,BlackConcentration,1,Low,2,16,0.2058,0.0625
lexicon,XGBoost,BlackConcentration,1,Low,3,16,0.2912,0.0625
lexicon,XGBoost,BlackConcentration,1,Low,4,14,0.3515,0.2857
lexicon,XGBoost,BlackConcentration,1,Low,5,20,0.4027,0.15
lexicon,XGBoost,BlackConcentration,1,Low,6,20,0.4719,0.35
lexicon,XGBoost,BlackConcentration,1,Low,7,17,0.533,0.3529
lexicon,XGBoost,BlackConcentration,1,Low,8,29,0.6224,0.2069
lexicon,XGBoost,BlackConcentration,1,Low,9,16,0.74,0.1875
lexicon,XGBoost,BlackConcentration,1,High,0,52,0.0655,0.0192
lexicon,XGBoost,BlackConcentration,1,High,1,42,0.138,0.0476
lexicon,XGBoost,BlackConcentration,1,High,2,45,0.2175,0.0444
lexicon,XGBoost,BlackConcentration,1,High,3,52,0.2833,0.0962
lexicon,XGBoost,BlackConcentration,1,High,4,51,0.3554,0.2353
lexicon,XGBoost,BlackConcentration,1,High,5,37,0.4076,0.1351
lexicon,XGBoost,BlackConcentration,1,High,6,36,0.4728,0.25
lexicon,XGBoost,BlackConcentration,1,High,7,54,0.5335,0.2222
lexicon,XGBoost,BlackConcentration,1,High,8,42,0.6091,0.1429
lexicon,XGBoost,BlackConcentration,1,High,9,49,0.7364,0.2857
lexicon,XGBoost,SES_group,2,Low,0,56,0.0396,0.0
lexicon,XGBoost,SES_group,2,Low,1,51,0.0895,0.0
lexicon,XGBoost,SES_group,2,Low,2,62,0.1531,0.0161
lexicon,XGBoost,SES_group,2,Low,3,66,0.2182,0.0758
lexicon,XGBoost,SES_group,2,Low,4,59,0.2941,0.1356
lexicon,XGBoost,SES_group,2,Low,5,58,0.3673,0.0862
lexicon,XGBoost,SES_group,2,Low,6,55,0.4377,0.1091
lexicon,XGBoost,SES_group,2,Low,7,55,0.5219,0.1455
lexicon,XGBoost,SES_group,2,Low,8,55,0.5999,0.1636
lexicon,XGBoost,SES_group,2,Low,9,44,0.7136,0.2273
lexicon,XGBoost,SES_group,2,High,0,26,0.038,0.1154
lexicon,XGBoost,SES_group,2,High,1,25,0.0894,0.08
lexicon,XGBoost,SES_group,2,High,2,26,0.1508,0.0769
lexicon,XGBoost,SES_group,2,High,3,19,0.2096,0.1579
lexicon,XGBoost,SES_group,2,High,4,26,0.2896,0.1154
lexicon,XGBoost,SES_group,2,High,5,23,0.3648,0.1304
lexicon,XGBoost,SES_group,2,High,6,23,0.4473,0.2174
lexicon,XGBoost,SES_group,2,High,7,37,0.5153,0.2162
lexicon,XGBoost,SES_group,2,High,8,26,0.6021,0.1154
lexicon,XGBoost,SES_group,2,High,9,32,0.7276,0.2812
lexicon,XGBoost,SES_group,3,Low,0,74,0.0863,0.0135
lexicon,XGBoost,SES_group,3,Low,1,70,0.1561,0.0
lexicon,XGBoost,SES_group,3,Low,2,66,0.2243,0.0
lexicon,XGBoost,SES_group,3,Low,3,68,0.2953,0.0588
lexicon,XGBoost,SES_group,3,Low,4,60,0.3708,0.1167
lexicon,XGBoost,SES_group,3,Low,5,57,0.4392,0.1579
lexicon,XGBoost,SES_group,3,Low,6,56,0.5037,0.1071
lexicon,XGBoost,SES_group,3,Low,7,45,0.5637,0.2222
lexicon,XGBoost,SES_group,3,Low,8,56,0.629,0.1786
lexicon,XGBoost,SES_group,3,Low,9,54,0.7432,0.3148
lexicon,XGBoost,SES_group,3,High,0,25,0.0808,0.08
lexicon,XGBoost,SES_group,3,High,1,20,0.1526,0.1
lexicon,XGBoost,SES_group,3,High,2,27,0.2252,0.1852
lexicon,XGBoost,SES_group,3,High,3,22,0.3057,0.0455
lexicon,XGBoost,SES_group,3,High,4,28,0.3709,0.1429
lexicon,XGBoost,SES_group,3,High,5,37,0.4312,0.1351
lexicon,XGBoost,SES_group,3,High,6,23,0.5011,0.2609
lexicon,XGBoost,SES_group,3,High,7,38,0.5697,0.3158
lexicon,XGBoost,SES_group,3,High,8,37,0.6272,0.2162
lexicon,XGBoost,SES_group,3,High,9,35,0.747,0.3714
lexicon,XGBoost,SES_group,4,Low,0,92,0.0774,0.0109
lexicon,XGBoost,SES_group,4,Low,1,79,0.1608,0.038
lexicon,XGBoost,SES_group,4,Low,2,78,0.2454,0.0769
lexicon,XGBoost,SES_group,4,Low,3,91,0.3134,0.2198
lexicon,XGBoost,SES_group,4,Low,4,87,0.3846,0.1724
lexicon,XGBoost,SES_group,4,Low,5,75,0.452,0.1733
lexicon,XGBoost,SES_group,4,Low,6,86,0.5123,0.1395
lexicon,XGBoost,SES_group,4,Low,7,83,0.5731,0.1446
lexicon,XGBoost,SES_group,4,Low,8,75,0.6428,0.1333
lexicon,XGBoost,SES_group,4,Low,9,68,0.7322,0.2647
lexicon,XGBoost,SES_group,4,High,0,38,0.0811,0.0
lexicon,XGBoost,SES_group,4,High,1,37,0.1612,0.0541
lexicon,XGBoost,SES_group,4,High,2,49,0.2432,0.0612
lexicon,XGBoost,SES_group,4,High,3,38,0.3202,0.0263
lexicon,XGBoost,SES_group,4,High,4,32,0.3784,0.0
lexicon,XGBoost,SES_group,4,High,5,48,0.4529,0.125
lexicon,XGBoost,SES_group,4,High,6,36,0.514,0.1667
lexicon,XGBoost,SES_group,4,High,7,36,0.5756,0.3333
lexicon,XGBoost,SES_group,4,High,8,42,0.644,0.2381
lexicon,XGBoost,SES_group,4,High,9,41,0.7346,0.3902
lexicon,XGBoost,BlackConcentration,4,Low,0,26,0.0748,0.0
lexicon,XGBoost,BlackConcentration,4,Low,1,15,0.1491,0.2
lexicon,XGBoost,BlackConcentration,4,Low,2,21,0.2405,0.0952
lexicon,XGBoost,BlackConcentration,4,Low,3,27,0.3147,0.1852
lexicon,XGBoost,BlackConcentration,4,Low,4,23,0.3829,0.1304
lexicon,XGBoost,BlackConcentration,4,Low,5,23,0.4553,0.1304
lexicon,XGBoost,BlackConcentration,4,Low,6,34,0.5157,0.1176
lexicon,XGBoost,BlackConcentration,4,Low,7,22,0.5722,0.2273
lexicon,XGBoost,BlackConcentration,4,Low,8,32,0.6446,0.1875
lexicon,XGBoost,BlackConcentration,4,Low,9,26,0.735,0.3077
lexicon,XGBoost,BlackConcentration,4,High,0,82,0.0803,0.0366
lexicon,XGBoost,BlackConcentration,4,High,1,86,0.1629,0.0581
lexicon,XGBoost,BlackConcentration,4,High,2,91,0.2443,0.0769
lexicon,XGBoost,BlackConcentration,4,High,3,88,0.314,0.1477
lexicon,XGBoost,BlackConcentration,4,High,4,79,0.3845,0.1139
lexicon,XGBoost,BlackConcentration,4,High,5,81,0.4519,0.1605
lexicon,XGBoost,BlackConcentration,4,High,6,83,0.514,0.1807
lexicon,XGBoost,BlackConcentration,4,High,7,90,0.575,0.2111
lexicon,XGBoost,BlackConcentration,4,High,8,73,0.6432,0.1781
lexicon,XGBoost,BlackConcentration,4,High,9,88,0.7366,0.3409
lexicon,XGBoost,SES_group,5,Low,0,99,0.0875,0.0202
lexicon,XGBoost,SES_group,5,Low,1,99,0.1711,0.0303
lexicon,XGBoost,SES_group,5,Low,2,86,0.2491,0.1279
lexicon,XGBoost,SES_group,5,Low,3,99,0.3155,0.0909
lexicon,XGBoost,SES_group,5,Low,4,97,0.3794,0.1031
lexicon,XGBoost,SES_group,5,Low,5,80,0.438,0.125
lexicon,XGBoost,SES_group,5,Low,6,88,0.5015,0.1136
lexicon,XGBoost,SES_group,5,Low,7,93,0.5639,0.2581
lexicon,XGBoost,SES_group,5,Low,8,90,0.6308,0.2556
lexicon,XGBoost,SES_group,5,Low,9,79,0.7299,0.4051
lexicon,XGBoost,SES_group,5,High,0,29,0.0918,0.0
lexicon,XGBoost,SES_group,5,High,1,34,0.1686,0.0588
lexicon,XGBoost,SES_group,5,High,2,47,0.2527,0.0638
lexicon,XGBoost,SES_group,5,High,3,36,0.3168,0.0833
lexicon,XGBoost,SES_group,5,High,4,45,0.3767,0.1111
lexicon,XGBoost,SES_group,5,High,5,40,0.4397,0.1
lexicon,XGBoost,SES_group,5,High,6,44,0.5019,0.2273
lexicon,XGBoost,SES_group,5,High,7,43,0.5602,0.1163
lexicon,XGBoost,SES_group,5,High,8,48,0.6348,0.2083
lexicon,XGBoost,SES_group,5,High,9,64,0.7411,0.3281
lexicon,XGBoost,BlackConcentration,5,Low,0,31,0.0865,0.0323
lexicon,XGBoost,BlackConcentration,5,Low,1,33,0.1778,0.0
lexicon,XGBoost,BlackConcentration,5,Low,2,27,0.2539,0.1852
lexicon,XGBoost,BlackConcentration,5,Low,3,35,0.3185,0.0857
lexicon,XGBoost,BlackConcentration,5,Low,4,31,0.3794,0.0968
lexicon,XGBoost,BlackConcentration,5,Low,5,21,0.4413,0.0476
lexicon,XGBoost,BlackConcentration,5,Low,6,28,0.5036,0.1786
lexicon,XGBoost,BlackConcentration,5,Low,7,26,0.5643,0.1538
lexicon,XGBoost,BlackConcentration,5,Low,8,30,0.6275,0.2
lexicon,XGBoost,BlackConcentration,5,Low,9,31,0.7305,0.4516
lexicon,XGBoost,BlackConcentration,5,High,0,93,0.088,0.0
lexicon,XGBoost,BlackConcentration,5,High,1,85,0.1691,0.0353
lexicon,XGBoost,BlackConcentration,5,High,2,102,0.25,0.0784
lexicon,XGBoost,BlackConcentration,5,High,3,85,0.3145,0.0824
lexicon,XGBoost,BlackConcentration,5,High,4,89,0.377,0.0899
lexicon,XGBoost,BlackConcentration,5,High,5,95,0.4368,0.1158
lexicon,XGBoost,BlackConcentration,5,High,6,85,0.5002,0.1765
lexicon,XGBoost,BlackConcentration,5,High,7,94,0.5612,0.1915
lexicon,XGBoost,BlackConcentration,5,High,8,91,0.6313,0.2857
lexicon,XGBoost,BlackConcentration,5,High,9,90,0.7354,0.4111
lexicon,XGBoost,SES_group,6,Low,0,115,0.1538,0.0348
lexicon,XGBoost,SES_group,6,Low,1,98,0.2685,0.0816
lexicon,XGBoost,SES_group,6,Low,2,94,0.3405,0.1277
lexicon,XGBoost,SES_group,6,Low,3,96,0.4047,0.0625
lexicon,XGBoost,SES_group,6,Low,4,93,0.4631,0.1828
lexicon,XGBoost,SES_group,6,Low,5,86,0.5196,0.093
lexicon,XGBoost,SES_group,6,Low,6,102,0.5739,0.2451
lexicon,XGBoost,SES_group,6,Low,7,107,0.6307,0.271
lexicon,XGBoost,SES_group,6,Low,8,85,0.6919,0.3294
lexicon,XGBoost,SES_group,6,Low,9,83,0.7711,0.4458
lexicon,XGBoost,SES_group,6,High,0,38,0.1527,0.0526
lexicon,XGBoost,SES_group,6,High,1,46,0.2691,0.1957
lexicon,XGBoost,SES_group,6,High,2,50,0.3449,0.12
lexicon,XGBoost,SES_group,6,High,3,59,0.4041,0.0847
lexicon,XGBoost,SES_group,6,High,4,47,0.4622,0.1277
lexicon,XGBoost,SES_group,6,High,5,42,0.5166,0.2857
lexicon,XGBoost,SES_group,6,High,6,50,0.5726,0.32
lexicon,XGBoost,SES_group,6,High,7,55,0.6323,0.1818
lexicon,XGBoost,SES_group,6,High,8,65,0.6885,0.3385
lexicon,XGBoost,SES_group,6,High,9,55,0.7721,0.2909
lexicon,XGBoost,BlackConcentration,6,Low,0,22,0.1474,0.0
lexicon,XGBoost,BlackConcentration,6,Low,1,34,0.2673,0.0588
lexicon,XGBoost,BlackConcentration,6,Low,2,42,0.3463,0.119
lexicon,XGBoost,BlackConcentration,6,Low,3,36,0.4076,0.1389
lexicon,XGBoost,BlackConcentration,6,Low,4,44,0.4569,0.1136
lexicon,XGBoost,BlackConcentration,6,Low,5,40,0.5169,0.15
lexicon,XGBoost,BlackConcentration,6,Low,6,33,0.5745,0.2121
lexicon,XGBoost,BlackConcentration,6,Low,7,36,0.6246,0.2778
lexicon,XGBoost,BlackConcentration,6,Low,8,32,0.6929,0.3125
lexicon,XGBoost,BlackConcentration,6,Low,9,30,0.7813,0.3333
lexicon,XGBoost,BlackConcentration,6,High,0,120,0.1541,0.025
lexicon,XGBoost,BlackConcentration,6,High,1,111,0.2725,0.1171
lexicon,XGBoost,BlackConcentration,6,High,2,86,0.3459,0.1279
lexicon,XGBoost,BlackConcentration,6,High,3,103,0.404,0.0485
lexicon,XGBoost,BlackConcentration,6,High,4,89,0.4639,0.1798
lexicon,XGBoost,BlackConcentration,6,High,5,87,0.518,0.2299
lexicon,XGBoost,BlackConcentration,6,High,6,98,0.5729,0.2959
lexicon,XGBoost,BlackConcentration,6,High,7,94,0.6317,0.2447
lexicon,XGBoost,BlackConcentration,6,High,8,103,0.6909,0.3301
lexicon,XGBoost,BlackConcentration,6,High,9,111,0.7728,0.3423
lexicon,XGBoost,SES_group,7,Low,0,144,0.1391,0.0556
lexicon,XGBoost,SES_group,7,Low,1,138,0.2414,0.058
lexicon,XGBoost,SES_group,7,Low,2,127,0.3049,0.0472
lexicon,XGBoost,SES_group,7,Low,3,127,0.3546,0.126
lexicon,XGBoost,SES_group,7,Low,4,107,0.4058,0.0935
lexicon,XGBoost,SES_group,7,Low,5,121,0.4553,0.1818
lexicon,XGBoost,SES_group,7,Low,6,107,0.5056,0.1308
lexicon,XGBoost,SES_group,7,Low,7,109,0.5611,0.156
lexicon,XGBoost,SES_group,7,Low,8,115,0.6339,0.2348
lexicon,XGBoost,SES_group,7,Low,9,116,0.7562,0.3707
lexicon,XGBoost,SES_group,7,High,0,55,0.1401,0.0545
lexicon,XGBoost,SES_group,7,High,1,59,0.244,0.1017
lexicon,XGBoost,SES_group,7,High,2,63,0.3046,0.0635
lexicon,XGBoost,SES_group,7,High,3,61,0.3608,0.082
lexicon,XGBoost,SES_group,7,High,4,84,0.4101,0.0476
lexicon,XGBoost,SES_group,7,High,5,61,0.4567,0.1311
lexicon,XGBoost,SES_group,7,High,6,73,0.5059,0.2055
lexicon,XGBoost,SES_group,7,High,7,73,0.5613,0.2329
lexicon,XGBoost,SES_group,7,High,8,71,0.6282,0.3099
lexicon,XGBoost,SES_group,7,High,9,76,0.7485,0.3684
lexicon,XGBoost,BlackConcentration,7,Low,0,34,0.1421,0.0588
lexicon,XGBoost,BlackConcentration,7,Low,1,40,0.2391,0.1
lexicon,XGBoost,BlackConcentration,7,Low,2,53,0.3039,0.0189
lexicon,XGBoost,BlackConcentration,7,Low,3,33,0.3595,0.1515
lexicon,XGBoost,BlackConcentration,7,Low,4,38,0.4119,0.0526
lexicon,XGBoost,BlackConcentration,7,Low,5,38,0.456,0.1842
lexicon,XGBoost,BlackConcentration,7,Low,6,42,0.5053,0.0952
lexicon,XGBoost,BlackConcentration,7,Low,7,49,0.557,0.1429
lexicon,XGBoost,BlackConcentration,7,Low,8,51,0.6319,0.2353
lexicon,XGBoost,BlackConcentration,7,Low,9,50,0.7519,0.4
lexicon,XGBoost,BlackConcentration,7,High,0,126,0.1399,0.0476
lexicon,XGBoost,BlackConcentration,7,High,1,130,0.2419,0.0769
lexicon,XGBoost,BlackConcentration,7,High,2,126,0.3051,0.0476
lexicon,XGBoost,BlackConcentration,7,High,3,124,0.356,0.0887
lexicon,XGBoost,BlackConcentration,7,High,4,143,0.408,0.1049
lexicon,XGBoost,BlackConcentration,7,High,5,132,0.4545,0.1515
lexicon,XGBoost,BlackConcentration,7,High,6,124,0.5072,0.2016
lexicon,XGBoost,BlackConcentration,7,High,7,111,0.5627,0.1802
lexicon,XGBoost,BlackConcentration,7,High,8,124,0.6329,0.2661
lexicon,XGBoost,BlackConcentration,7,High,9,136,0.7485,0.3309
lexicon,XGBoost,SES_group,8,Low,0,197,0.1372,0.0558
lexicon,XGBoost,SES_group,8,Low,1,181,0.2682,0.0773
lexicon,XGBoost,SES_group,8,Low,2,181,0.3478,0.0829
lexicon,XGBoost,SES_group,8,Low,3,171,0.411,0.1287
lexicon,XGBoost,SES_group,8,Low,4,173,0.468,0.1561
lexicon,XGBoost,SES_group,8,Low,5,163,0.5194,0.1718
lexicon,XGBoost,SES_group,8,Low,6,146,0.5684,0.2192
lexicon,XGBoost,SES_group,8,Low,7,168,0.6215,0.2619
lexicon,XGBoost,SES_group,8,Low,8,180,0.6826,0.3389
lexicon,XGBoost,SES_group,8,Low,9,155,0.7796,0.3355
lexicon,XGBoost,SES_group,8,High,0,79,0.1321,0.0127
lexicon,XGBoost,SES_group,8,High,1,78,0.2699,0.0769
lexicon,XGBoost,SES_group,8,High,2,89,0.3458,0.0787
lexicon,XGBoost,SES_group,8,High,3,78,0.4098,0.1795
lexicon,XGBoost,SES_group,8,High,4,78,0.4664,0.1667
lexicon,XGBoost,SES_group,8,High,5,87,0.5158,0.1264
lexicon,XGBoost,SES_group,8,High,6,96,0.5692,0.25
lexicon,XGBoost,SES_group,8,High,7,82,0.6214,0.2561
lexicon,XGBoost,SES_group,8,High,8,91,0.6819,0.2967
lexicon,XGBoost,SES_group,8,High,9,80,0.7779,0.45
lexicon,XGBoost,BlackConcentration,8,Low,0,63,0.1382,0.0476
lexicon,XGBoost,BlackConcentration,8,Low,1,48,0.2657,0.0625
lexicon,XGBoost,BlackConcentration,8,Low,2,45,0.3463,0.1333
lexicon,XGBoost,BlackConcentration,8,Low,3,72,0.4113,0.1806
lexicon,XGBoost,BlackConcentration,8,Low,4,62,0.4647,0.1452
lexicon,XGBoost,BlackConcentration,8,Low,5,49,0.5176,0.1429
lexicon,XGBoost,BlackConcentration,8,Low,6,43,0.5687,0.2093
lexicon,XGBoost,BlackConcentration,8,Low,7,55,0.6231,0.2727
lexicon,XGBoost,BlackConcentration,8,Low,8,67,0.6833,0.2687
lexicon,XGBoost,BlackConcentration,8,Low,9,51,0.7851,0.4314
lexicon,XGBoost,BlackConcentration,8,High,0,161,0.1311,0.0311
lexicon,XGBoost,BlackConcentration,8,High,1,183,0.2679,0.1257
lexicon,XGBoost,BlackConcentration,8,High,2,185,0.3468,0.0811
lexicon,XGBoost,BlackConcentration,8,High,3,169,0.4128,0.1183
lexicon,XGBoost,BlackConcentration,8,High,4,175,0.4652,0.2
lexicon,XGBoost,BlackConcentration,8,High,5,171,0.5184,0.1637
lexicon,XGBoost,BlackConcentration,8,High,6,210,0.5677,0.2143
lexicon,XGBoost,BlackConcentration,8,High,7,182,0.6221,0.2802
lexicon,XGBoost,BlackConcentration,8,High,8,163,0.684,0.3252
lexicon,XGBoost,BlackConcentration,8,High,9,184,0.7763,0.3859
lexicon,XGBoost,SES_group,9,Low,0,300,0.1162,0.0367
lexicon,XGBoost,SES_group,9,Low,1,300,0.2206,0.0333
lexicon,XGBoost,SES_group,9,Low,2,265,0.29,0.0755
lexicon,XGBoost,SES_group,9,Low,3,267,0.3478,0.1348
lexicon,XGBoost,SES_group,9,Low,4,275,0.4011,0.1127
lexicon,XGBoost,SES_group,9,Low,5,232,0.4536,0.1207
lexicon,XGBoost,SES_group,9,Low,6,221,0.5055,0.1946
lexicon,XGBoost,SES_group,9,Low,7,255,0.5617,0.2235
lexicon,XGBoost,SES_group,9,Low,8,248,0.6303,0.2419
lexicon,XGBoost,SES_group,9,Low,9,232,0.7353,0.3319
lexicon,XGBoost,SES_group,9,High,0,118,0.1159,0.0508
lexicon,XGBoost,SES_group,9,High,1,116,0.2197,0.0603
lexicon,XGBoost,SES_group,9,High,2,145,0.2903,0.069
lexicon,XGBoost,SES_group,9,High,3,136,0.3474,0.1324
lexicon,XGBoost,SES_group,9,High,4,153,0.4032,0.1046
lexicon,XGBoost,SES_group,9,High,5,138,0.4556,0.1449
lexicon,XGBoost,SES_group,9,High,6,166,0.5045,0.1687
lexicon,XGBoost,SES_group,9,High,7,150,0.5618,0.2133
lexicon,XGBoost,SES_group,9,High,8,146,0.6296,0.1918
lexicon,XGBoost,SES_group,9,High,9,161,0.7396,0.3789
lexicon,XGBoost,BlackConcentration,9,Low,0,109,0.1183,0.0183
lexicon,XGBoost,BlackConcentration,9,Low,1,112,0.2199,0.0446
lexicon,XGBoost,BlackConcentration,9,Low,2,86,0.2893,0.0581
lexicon,XGBoost,BlackConcentration,9,Low,3,105,0.3507,0.1333
lexicon,XGBoost,BlackConcentration,9,Low,4,101,0.4006,0.1287
lexicon,XGBoost,BlackConcentration,9,Low,5,109,0.4534,0.1009
lexicon,XGBoost,BlackConcentration,9,Low,6,90,0.5058,0.1778
lexicon,XGBoost,BlackConcentration,9,Low,7,100,0.5613,0.22
lexicon,XGBoost,BlackConcentration,9,Low,8,110,0.6291,0.2273
lexicon,XGBoost,BlackConcentration,9,Low,9,98,0.7357,0.3061
lexicon,XGBoost,BlackConcentration,9,High,0,272,0.1182,0.0404
lexicon,XGBoost,BlackConcentration,9,High,1,276,0.222,0.0543
lexicon,XGBoost,BlackConcentration,9,High,2,293,0.2893,0.0922
lexicon,XGBoost,BlackConcentration,9,High,3,260,0.3482,0.1269
lexicon,XGBoost,BlackConcentration,9,High,4,253,0.4036,0.087
lexicon,XGBoost,BlackConcentration,9,High,5,282,0.4541,0.1241
lexicon,XGBoost,BlackConcentration,9,High,6,271,0.5053,0.1697
lexicon,XGBoost,BlackConcentration,9,High,7,269,0.5617,0.2268
lexicon,XGBoost,BlackConcentration,9,High,8,263,0.6304,0.2319
lexicon,XGBoost,BlackConcentration,9,High,9,276,0.7356,0.3659
lexicon,XGBoost,SES_group,10,Low,0,336,0.1208,0.0476
lexicon,XGBoost,SES_group,10,Low,1,296,0.2216,0.0608
lexicon,XGBoost,SES_group,10,Low,2,292,0.2839,0.0719
lexicon,XGBoost,SES_group,10,Low,3,266,0.3407,0.0752
lexicon,XGBoost,SES_group,10,Low,4,268,0.3958,0.1082
lexicon,XGBoost,SES_group,10,Low,5,257,0.4495,0.1401
lexicon,XGBoost,SES_group,10,Low,6,257,0.5095,0.1751
lexicon,XGBoost,SES_group,10,Low,7,269,0.5673,0.1599
lexicon,XGBoost,SES_group,10,Low,8,252,0.6313,0.2738
lexicon,XGBoost,SES_group,10,Low,9,218,0.7353,0.344
lexicon,XGBoost,SES_group,10,High,0,109,0.1226,0.0275
lexicon,XGBoost,SES_group,10,High,1,125,0.2185,0.08
lexicon,XGBoost,SES_group,10,High,2,125,0.2841,0.12
lexicon,XGBoost,SES_group,10,High,3,134,0.3402,0.0522
lexicon,XGBoost,SES_group,10,High,4,135,0.3951,0.1037
lexicon,XGBoost,SES_group,10,High,5,149,0.4488,0.1477
lexicon,XGBoost,SES_group,10,High,6,132,0.5089,0.1288
lexicon,XGBoost,SES_group,10,High,7,139,0.5668,0.1151
lexicon,XGBoost,SES_group,10,High,8,148,0.6341,0.3108
lexicon,XGBoost,SES_group,10,High,9,160,0.742,0.3688
lexicon,XGBoost,BlackConcentration,10,Low,0,91,0.1213,0.033
lexicon,XGBoost,BlackConcentration,10,Low,1,105,0.2229,0.0571
lexicon,XGBoost,BlackConcentration,10,Low,2,105,0.2854,0.0857
lexicon,XGBoost,BlackConcentration,10,Low,3,104,0.341,0.0769
lexicon,XGBoost,BlackConcentration,10,Low,4,93,0.3963,0.1183
lexicon,XGBoost,BlackConcentration,10,Low,5,87,0.4489,0.1264
lexicon,XGBoost,BlackConcentration,10,Low,6,111,0.5071,0.1622
lexicon,XGBoost,BlackConcentration,10,Low,7,110,0.5683,0.2
lexicon,XGBoost,BlackConcentration,10,Low,8,104,0.6339,0.1827
lexicon,XGBoost,BlackConcentration,10,Low,9,102,0.7395,0.3137
lexicon,XGBoost,BlackConcentration,10,High,0,256,0.123,0.0273
lexicon,XGBoost,BlackConcentration,10,High,1,268,0.2209,0.0709
lexicon,XGBoost,BlackConcentration,10,High,2,243,0.2852,0.1111
lexicon,XGBoost,BlackConcentration,10,High,3,267,0.3405,0.0899
lexicon,XGBoost,BlackConcentration,10,High,4,271,0.395,0.1587
lexicon,XGBoost,BlackConcentration,10,High,5,304,0.4487,0.1579
lexicon,XGBoost,BlackConcentration,10,High,6,254,0.5099,0.1457
lexicon,XGBoost,BlackConcentration,10,High,7,271,0.5676,0.1476
lexicon,XGBoost,BlackConcentration,10,High,8,267,0.6336,0.3071
lexicon,XGBoost,BlackConcentration,10,High,9,293,0.7434,0.4027
lexicon,XGBoost,SES_group,11,Low,0,461,0.1409,0.0369
lexicon,XGBoost,SES_group,11,Low,1,382,0.246,0.0628
lexicon,XGBoost,SES_group,11,Low,2,394,0.3113,0.0939
lexicon,XGBoost,SES_group,11,Low,3,355,0.3683,0.0789
lexicon,XGBoost,SES_group,11,Low,4,355,0.4256,0.1296
lexicon,XGBoost,SES_group,11,Low,5,355,0.4774,0.1352
lexicon,XGBoost,SES_group,11,Low,6,327,0.5339,0.1621
lexicon,XGBoost,SES_group,11,Low,7,353,0.5884,0.2153
lexicon,XGBoost,SES_group,11,Low,8,313,0.6468,0.2204
lexicon,XGBoost,SES_group,11,Low,9,352,0.7412,0.3267
lexicon,XGBoost,SES_group,11,High,0,130,0.142,0.0308
lexicon,XGBoost,SES_group,11,High,1,166,0.2453,0.0361
lexicon,XGBoost,SES_group,11,High,2,179,0.3111,0.0335
lexicon,XGBoost,SES_group,11,High,3,210,0.369,0.1
lexicon,XGBoost,SES_group,11,High,4,195,0.4258,0.1128
lexicon,XGBoost,SES_group,11,High,5,189,0.482,0.1376
lexicon,XGBoost,SES_group,11,High,6,231,0.5315,0.1818
lexicon,XGBoost,SES_group,11,High,7,177,0.5895,0.1695
lexicon,XGBoost,SES_group,11,High,8,226,0.6502,0.3097
lexicon,XGBoost,SES_group,11,High,9,197,0.7419,0.3452
lexicon,XGBoost,BlackConcentration,11,Low,0,148,0.1391,0.027
lexicon,XGBoost,BlackConcentration,11,Low,1,133,0.244,0.0376
lexicon,XGBoost,BlackConcentration,11,Low,2,141,0.3103,0.0638
lexicon,XGBoost,BlackConcentration,11,Low,3,136,0.3714,0.0956
lexicon,XGBoost,BlackConcentration,11,Low,4,122,0.4271,0.1066
lexicon,XGBoost,BlackConcentration,11,Low,5,140,0.4794,0.1214
lexicon,XGBoost,BlackConcentration,11,Low,6,142,0.5315,0.1408
lexicon,XGBoost,BlackConcentration,11,Low,7,141,0.5899,0.1631
lexicon,XGBoost,BlackConcentration,11,Low,8,130,0.6486,0.2077
lexicon,XGBoost,BlackConcentration,11,Low,9,145,0.7455,0.269
lexicon,XGBoost,BlackConcentration,11,High,0,328,0.1447,0.0427
lexicon,XGBoost,BlackConcentration,11,High,1,355,0.2469,0.0535
lexicon,XGBoost,BlackConcentration,11,High,2,354,0.3111,0.0678
lexicon,XGBoost,BlackConcentration,11,High,3,353,0.3693,0.0793
lexicon,XGBoost,BlackConcentration,11,High,4,379,0.4242,0.1214
lexicon,XGBoost,BlackConcentration,11,High,5,372,0.4798,0.1613
lexicon,XGBoost,BlackConcentration,11,High,6,349,0.5332,0.1977
lexicon,XGBoost,BlackConcentration,11,High,7,347,0.5879,0.1902
lexicon,XGBoost,BlackConcentration,11,High,8,380,0.648,0.2553
lexicon,XGBoost,BlackConcentration,11,High,9,346,0.7428,0.3035
lexicon,XGBoost,SES_group,12,Low,0,546,0.161,0.022
lexicon,XGBoost,SES_group,12,Low,1,501,0.2755,0.0599
lexicon,XGBoost,SES_group,12,Low,2,475,0.341,0.1011
lexicon,XGBoost,SES_group,12,Low,3,473,0.3927,0.0888
lexicon,XGBoost,SES_group,12,Low,4,488,0.4462,0.1189
lexicon,XGBoost,SES_group,12,Low,5,456,0.4962,0.1382
lexicon,XGBoost,SES_group,12,Low,6,459,0.5455,0.2113
lexicon,XGBoost,SES_group,12,Low,7,426,0.5999,0.1925
lexicon,XGBoost,SES_group,12,Low,8,435,0.6633,0.2414
lexicon,XGBoost,SES_group,12,Low,9,446,0.7563,0.3408
lexicon,XGBoost,SES_group,12,High,0,207,0.1686,0.0435
lexicon,XGBoost,SES_group,12,High,1,262,0.2765,0.0573
lexicon,XGBoost,SES_group,12,High,2,268,0.3405,0.0933
lexicon,XGBoost,SES_group,12,High,3,258,0.3925,0.0853
lexicon,XGBoost,SES_group,12,High,4,252,0.4453,0.127
lexicon,XGBoost,SES_group,12,High,5,246,0.4961,0.1626
lexicon,XGBoost,SES_group,12,High,6,267,0.5454,0.1835
lexicon,XGBoost,SES_group,12,High,7,289,0.5975,0.2457
lexicon,XGBoost,SES_group,12,High,8,288,0.663,0.2743
lexicon,XGBoost,SES_group,12,High,9,271,0.7568,0.3801
lexicon,XGBoost,BlackConcentration,12,Low,0,204,0.1695,0.0196
lexicon,XGBoost,BlackConcentration,12,Low,1,182,0.2733,0.044
lexicon,XGBoost,BlackConcentration,12,Low,2,172,0.3406,0.0814
lexicon,XGBoost,BlackConcentration,12,Low,3,157,0.3932,0.1019
lexicon,XGBoost,BlackConcentration,12,Low,4,175,0.4443,0.1314
lexicon,XGBoost,BlackConcentration,12,Low,5,196,0.496,0.1071
lexicon,XGBoost,BlackConcentration,12,Low,6,192,0.544,0.224
lexicon,XGBoost,BlackConcentration,12,Low,7,171,0.5992,0.2105
lexicon,XGBoost,BlackConcentration,12,Low,8,180,0.6624,0.2667
lexicon,XGBoost,BlackConcentration,12,Low,9,163,0.7515,0.3129
lexicon,XGBoost,BlackConcentration,12,High,0,451,0.163,0.0222
lexicon,XGBoost,BlackConcentration,12,High,1,467,0.2774,0.06
lexicon,XGBoost,BlackConcentration,12,High,2,494,0.3413,0.0972
lexicon,XGBoost,BlackConcentration,12,High,3,477,0.3938,0.1069
lexicon,XGBoost,BlackConcentration,12,High,4,489,0.4462,0.1268
lexicon,XGBoost,BlackConcentration,12,High,5,502,0.497,0.1574
lexicon,XGBoost,BlackConcentration,12,High,6,492,0.5456,0.189
lexicon,XGBoost,BlackConcentration,12,High,7,521,0.5998,0.2169
lexicon,XGBoost,BlackConcentration,12,High,8,489,0.6632,0.2802
lexicon,XGBoost,BlackConcentration,12,High,9,516,0.7534,0.3643
lexicon,XGBoost,SES_group,13,Low,0,657,0.1658,0.032
lexicon,XGBoost,SES_group,13,Low,1,629,0.2752,0.0763
lexicon,XGBoost,SES_group,13,Low,2,605,0.3361,0.0793
lexicon,XGBoost,SES_group,13,Low,3,547,0.3935,0.1042
lexicon,XGBoost,SES_group,13,Low,4,552,0.4449,0.1196
lexicon,XGBoost,SES_group,13,Low,5,559,0.4958,0.1521
lexicon,XGBoost,SES_group,13,Low,6,544,0.5469,0.193
lexicon,XGBoost,SES_group,13,Low,7,555,0.6009,0.2054
lexicon,XGBoost,SES_group,13,Low,8,526,0.6624,0.2567
lexicon,XGBoost,SES_group,13,Low,9,512,0.7541,0.3086
lexicon,XGBoost,SES_group,13,High,0,234,0.1689,0.0342
lexicon,XGBoost,SES_group,13,High,1,235,0.2722,0.0596
lexicon,XGBoost,SES_group,13,High,2,300,0.3362,0.0667
lexicon,XGBoost,SES_group,13,High,3,312,0.3949,0.1058
lexicon,XGBoost,SES_group,13,High,4,319,0.4444,0.1223
lexicon,XGBoost,SES_group,13,High,5,304,0.4944,0.1678
lexicon,XGBoost,SES_group,13,High,6,320,0.5478,0.1719
lexicon,XGBoost,SES_group,13,High,7,305,0.6007,0.2098
lexicon,XGBoost,SES_group,13,High,8,325,0.6608,0.2769
lexicon,XGBoost,SES_group,13,High,9,349,0.7563,0.3782
lexicon,XGBoost,BlackConcentration,13,Low,0,222,0.1681,0.027
lexicon,XGBoost,BlackConcentration,13,Low,1,218,0.2759,0.0734
lexicon,XGBoost,BlackConcentration,13,Low,2,232,0.3361,0.0733
lexicon,XGBoost,BlackConcentration,13,Low,3,252,0.3933,0.1032
lexicon,XGBoost,BlackConcentration,13,Low,4,212,0.445,0.0802
lexicon,XGBoost,BlackConcentration,13,Low,5,220,0.4958,0.1818
lexicon,XGBoost,BlackConcentration,13,Low,6,189,0.5477,0.1746
lexicon,XGBoost,BlackConcentration,13,Low,7,219,0.5992,0.1826
lexicon,XGBoost,BlackConcentration,13,Low,8,218,0.662,0.2431
lexicon,XGBoost,BlackConcentration,13,Low,9,188,0.7565,0.3138
lexicon,XGBoost,BlackConcentration,13,High,0,555,0.1644,0.0396
lexicon,XGBoost,BlackConcentration,13,High,1,514,0.2743,0.0603
lexicon,XGBoost,BlackConcentration,13,High,2,531,0.3373,0.0678
lexicon,XGBoost,BlackConcentration,13,High,3,543,0.3937,0.1068
lexicon,XGBoost,BlackConcentration,13,High,4,549,0.4449,0.1403
lexicon,XGBoost,BlackConcentration,13,High,5,552,0.4946,0.1522
lexicon,XGBoost,BlackConcentration,13,High,6,597,0.5475,0.1843
lexicon,XGBoost,BlackConcentration,13,High,7,589,0.6015,0.1969
lexicon,XGBoost,BlackConcentration,13,High,8,593,0.6608,0.2816
lexicon,XGBoost,BlackConcentration,13,High,9,605,0.7543,0.3769
lexicon,XGBoost,SES_group,14,Low,0,781,0.1557,0.023
lexicon,XGBoost,SES_group,14,Low,1,707,0.2496,0.0523
lexicon,XGBoost,SES_group,14,Low,2,688,0.3113,0.0872
lexicon,XGBoost,SES_group,14,Low,3,684,0.3675,0.1184
lexicon,XGBoost,SES_group,14,Low,4,667,0.4215,0.1289
lexicon,XGBoost,SES_group,14,Low,5,657,0.4732,0.1142
lexicon,XGBoost,SES_group,14,Low,6,647,0.5273,0.1484
lexicon,XGBoost,SES_group,14,Low,7,630,0.5833,0.254
lexicon,XGBoost,SES_group,14,Low,8,606,0.6517,0.2789
lexicon,XGBoost,SES_group,14,Low,9,640,0.7417,0.3156
lexicon,XGBoost,SES_group,14,High,0,307,0.1617,0.0391
lexicon,XGBoost,SES_group,14,High,1,301,0.2516,0.0498
lexicon,XGBoost,SES_group,14,High,2,317,0.3112,0.0978
lexicon,XGBoost,SES_group,14,High,3,318,0.3687,0.1006
lexicon,XGBoost,SES_group,14,High,4,342,0.4205,0.0965
lexicon,XGBoost,SES_group,14,High,5,355,0.4735,0.1099
lexicon,XGBoost,SES_group,14,High,6,363,0.5279,0.1625
lexicon,XGBoost,SES_group,14,High,7,347,0.5831,0.2277
lexicon,XGBoost,SES_group,14,High,8,362,0.6494,0.2624
lexicon,XGBoost,SES_group,14,High,9,387,0.7432,0.3721
lexicon,XGBoost,BlackConcentration,14,Low,0,272,0.1597,0.0221
lexicon,XGBoost,BlackConcentration,14,Low,1,290,0.2501,0.0414
lexicon,XGBoost,BlackConcentration,14,Low,2,285,0.3117,0.1228
lexicon,XGBoost,BlackConcentration,14,Low,3,285,0.3673,0.1263
lexicon,XGBoost,BlackConcentration,14,Low,4,283,0.4217,0.1449
lexicon,XGBoost,BlackConcentration,14,Low,5,257,0.4739,0.1167
lexicon,XGBoost,BlackConcentration,14,Low,6,269,0.528,0.1636
lexicon,XGBoost,BlackConcentration,14,Low,7,258,0.5841,0.2016
lexicon,XGBoost,BlackConcentration,14,Low,8,240,0.6524,0.2667
lexicon,XGBoost,BlackConcentration,14,Low,9,245,0.7407,0.3265
lexicon,XGBoost,BlackConcentration,14,High,0,632,0.1607,0.0427
lexicon,XGBoost,BlackConcentration,14,High,1,652,0.2518,0.0445
lexicon,XGBoost,BlackConcentration,14,High,2,650,0.3108,0.0969
lexicon,XGBoost,BlackConcentration,14,High,3,647,0.3687,0.102
lexicon,XGBoost,BlackConcentration,14,High,4,653,0.4208,0.1194
lexicon,XGBoost,BlackConcentration,14,High,5,635,0.4738,0.126
lexicon,XGBoost,BlackConcentration,14,High,6,653,0.5274,0.1593
lexicon,XGBoost,BlackConcentration,14,High,7,665,0.5834,0.2436
lexicon,XGBoost,BlackConcentration,14,High,8,679,0.6509,0.2828
lexicon,XGBoost,BlackConcentration,14,High,9,704,0.7453,0.3594
tfidf_full,Logistic,SES_group,1,Low,0,57,0.1043,0.0526
tfidf_full,Logistic,SES_group,1,Low,1,63,0.2039,0.0794
tfidf_full,Logistic,SES_group,1,Low,2,52,0.2767,0.0192
tfidf_full,Logistic,SES_group,1,Low,3,50,0.3439,0.16
tfidf_full,Logistic,SES_group,1,Low,4,48,0.4073,0.1667
tfidf_full,Logistic,SES_group,1,Low,5,49,0.4684,0.0612
tfidf_full,Logistic,SES_group,1,Low,6,52,0.5364,0.2115
tfidf_full,Logistic,SES_group,1,Low,7,39,0.6096,0.3077
tfidf_full,Logistic,SES_group,1,Low,8,58,0.6851,0.2586
tfidf_full,Logistic,SES_group,1,Low,9,47,0.798,0.2128
tfidf_full,Logistic,SES_group,1,High,0,22,0.1229,0.0909
tfidf_full,Logistic,SES_group,1,High,1,21,0.2013,0.1429
tfidf_full,Logistic,SES_group,1,High,2,13,0.2914,0.0
tfidf_full,Logistic,SES_group,1,High,3,26,0.3412,0.1538
tfidf_full,Logistic,SES_group,1,High,4,22,0.4137,0.0909
tfidf_full,Logistic,SES_group,1,High,5,17,0.4686,0.0588
tfidf_full,Logistic,SES_group,1,High,6,20,0.5402,0.2
tfidf_full,Logistic,SES_group,1,High,7,29,0.6037,0.2759
tfidf_full,Logistic,SES_group,1,High,8,19,0.6941,0.0526
tfidf_full,Logistic,SES_group,1,High,9,25,0.8046,0.4
tfidf_full,Logistic,BlackConcentration,1,Low,0,17,0.0908,0.0588
tfidf_full,Logistic,BlackConcentration,1,Low,1,20,0.2123,0.05
tfidf_full,Logistic,BlackConcentration,1,Low,2,12,0.2776,0.0
tfidf_full,Logistic,BlackConcentration,1,Low,3,21,0.3419,0.2381
tfidf_full,Logistic,BlackConcentration,1,Low,4,17,0.413,0.1765
tfidf_full,Logistic,BlackConcentration,1,Low,5,14,0.4761,0.0714
tfidf_full,Logistic,BlackConcentration,1,Low,6,26,0.5361,0.3846
tfidf_full,Logistic,BlackConcentration,1,Low,7,16,0.6014,0.3125
tfidf_full,Logistic,BlackConcentration,1,Low,8,15,0.6971,0.2
tfidf_full,Logistic,BlackConcentration,1,Low,9,22,0.8081,0.1818
tfidf_full,Logistic,BlackConcentration,1,High,0,55,0.1111,0.0364
tfidf_full,Logistic,BlackConcentration,1,High,1,49,0.1983,0.0408
tfidf_full,Logistic,BlackConcentration,1,High,2,40,0.2826,0.05
tfidf_full,Logistic,BlackConcentration,1,High,3,42,0.3437,0.1429
tfidf_full,Logistic,BlackConcentration,1,High,4,41,0.4085,0.0976
tfidf_full,Logistic,BlackConcentration,1,High,5,48,0.4706,0.1042
tfidf_full,Logistic,BlackConcentration,1,High,6,42,0.5334,0.1905
tfidf_full,Logistic,BlackConcentration,1,High,7,48,0.6074,0.3333
tfidf_full,Logistic,BlackConcentration,1,High,8,50,0.6877,0.2
tfidf_full,Logistic,BlackConcentration,1,High,9,45,0.7929,0.2889
tfidf_full,Logistic,SES_group,2,Low,0,67,0.1064,0.0
tfidf_full,Logistic,SES_group,2,Low,1,53,0.1662,0.0377
tfidf_full,Logistic,SES_group,2,Low,2,57,0.2184,0.0702
tfidf_full,Logistic,SES_group,2,Low,3,52,0.266,0.0577
tfidf_full,Logistic,SES_group,2,Low,4,57,0.329,0.0351
tfidf_full,Logistic,SES_group,2,Low,5,68,0.3942,0.1176
tfidf_full,Logistic,SES_group,2,Low,6,46,0.4682,0.087
tfidf_full,Logistic,SES_group,2,Low,7,60,0.5637,0.1333
tfidf_full,Logistic,SES_group,2,Low,8,54,0.6538,0.1852
tfidf_full,Logistic,SES_group,2,Low,9,47,0.7886,0.234
tfidf_full,Logistic,SES_group,2,High,0,18,0.1028,0.0556
tfidf_full,Logistic,SES_group,2,High,1,35,0.1689,0.1143
tfidf_full,Logistic,SES_group,2,High,2,23,0.2224,0.087
tfidf_full,Logistic,SES_group,2,High,3,25,0.2735,0.12
tfidf_full,Logistic,SES_group,2,High,4,26,0.3327,0.1154
tfidf_full,Logistic,SES_group,2,High,5,18,0.3949,0.0556
tfidf_full,Logistic,SES_group,2,High,6,33,0.4851,0.1515
tfidf_full,Logistic,SES_group,2,High,7,22,0.5611,0.2727
tfidf_full,Logistic,SES_group,2,High,8,28,0.6573,0.1429
tfidf_full,Logistic,SES_group,2,High,9,35,0.8008,0.3429
tfidf_full,Logistic,SES_group,3,Low,0,78,0.1351,0.0
tfidf_full,Logistic,SES_group,3,Low,1,70,0.2141,0.0
tfidf_full,Logistic,SES_group,3,Low,2,65,0.2755,0.0308
tfidf_full,Logistic,SES_group,3,Low,3,50,0.3291,0.1
tfidf_full,Logistic,SES_group,3,Low,4,65,0.3822,0.0462
tfidf_full,Logistic,SES_group,3,Low,5,59,0.4534,0.1186
tfidf_full,Logistic,SES_group,3,Low,6,56,0.5262,0.2143
tfidf_full,Logistic,SES_group,3,Low,7,56,0.5976,0.125
tfidf_full,Logistic,SES_group,3,Low,8,54,0.6822,0.1667
tfidf_full,Logistic,SES_group,3,Low,9,53,0.821,0.3585
tfidf_full,Logistic,SES_group,3,High,0,23,0.145,0.1304
tfidf_full,Logistic,SES_group,3,High,1,19,0.2153,0.1579
tfidf_full,Logistic,SES_group,3,High,2,22,0.2775,0.0909
tfidf_full,Logistic,SES_group,3,High,3,27,0.3243,0.037
tfidf_full,Logistic,SES_group,3,High,4,29,0.3825,0.1379
tfidf_full,Logistic,SES_group,3,High,5,31,0.459,0.2258
tfidf_full,Logistic,SES_group,3,High,6,33,0.5241,0.1818
tfidf_full,Logistic,SES_group,3,High,7,35,0.5952,0.1714
tfidf_full,Logistic,SES_group,3,High,8,41,0.6892,0.2683
tfidf_full,Logistic,SES_group,3,High,9,32,0.8156,0.4688
tfidf_full,Logistic,SES_group,4,Low,0,96,0.1254,0.0208
tfidf_full,Logistic,SES_group,4,Low,1,78,0.2082,0.0513
tfidf_full,Logistic,SES_group,4,Low,2,86,0.2698,0.0814
tfidf_full,Logistic,SES_group,4,Low,3,83,0.3396,0.1084
tfidf_full,Logistic,SES_group,4,Low,4,74,0.4003,0.0946
tfidf_full,Logistic,SES_group,4,Low,5,82,0.4649,0.1341
tfidf_full,Logistic,SES_group,4,Low,6,92,0.533,0.1413
tfidf_full,Logistic,SES_group,4,Low,7,83,0.6022,0.2771
tfidf_full,Logistic,SES_group,4,Low,8,73,0.6874,0.2329
tfidf_full,Logistic,SES_group,4,Low,9,67,0.8046,0.2537
tfidf_full,Logistic,SES_group,4,High,0,35,0.1301,0.0
tfidf_full,Logistic,SES_group,4,High,1,45,0.2058,0.0
tfidf_full,Logistic,SES_group,4,High,2,35,0.2721,0.0571
tfidf_full,Logistic,SES_group,4,High,3,45,0.3327,0.0889
tfidf_full,Logistic,SES_group,4,High,4,48,0.406,0.0208
tfidf_full,Logistic,SES_group,4,High,5,30,0.4704,0.0667
tfidf_full,Logistic,SES_group,4,High,6,33,0.5371,0.2121
tfidf_full,Logistic,SES_group,4,High,7,40,0.6105,0.225
tfidf_full,Logistic,SES_group,4,High,8,46,0.6913,0.3043
tfidf_full,Logistic,SES_group,4,High,9,40,0.8038,0.425
tfidf_full,Logistic,BlackConcentration,4,Low,0,27,0.129,0.0741
tfidf_full,Logistic,BlackConcentration,4,Low,1,19,0.208,0.0526
tfidf_full,Logistic,BlackConcentration,4,Low,2,17,0.272,0.1176
tfidf_full,Logistic,BlackConcentration,4,Low,3,17,0.3362,0.2353
tfidf_full,Logistic,BlackConcentration,4,Low,4,30,0.3975,0.0
tfidf_full,Logistic,BlackConcentration,4,Low,5,30,0.4701,0.1333
tfidf_full,Logistic,BlackConcentration,4,Low,6,25,0.527,0.16
tfidf_full,Logistic,BlackConcentration,4,Low,7,28,0.6097,0.3214
tfidf_full,Logistic,BlackConcentration,4,Low,8,33,0.69,0.2424
tfidf_full,Logistic,BlackConcentration,4,Low,9,23,0.8123,0.2174
tfidf_full,Logistic,BlackConcentration,4,High,0,80,0.1248,0.0375
tfidf_full,Logistic,BlackConcentration,4,High,1,90,0.2053,0.0667
tfidf_full,Logistic,BlackConcentration,4,High,2,84,0.2727,0.0357
tfidf_full,Logistic,BlackConcentration,4,High,3,92,0.3347,0.0978
tfidf_full,Logistic,BlackConcentration,4,High,4,76,0.4028,0.0921
tfidf_full,Logistic,BlackConcentration,4,High,5,80,0.4671,0.125
tfidf_full,Logistic,BlackConcentration,4,High,6,80,0.5331,0.1625
tfidf_full,Logistic,BlackConcentration,4,High,7,77,0.609,0.2597
tfidf_full,Logistic,BlackConcentration,4,High,8,84,0.6887,0.1905
tfidf_full,Logistic,BlackConcentration,4,High,9,98,0.809,0.4082
tfidf_full,Logistic,SES_group,5,Low,0,105,0.1424,0.0095
tfidf_full,Logistic,SES_group,5,Low,1,97,0.2166,0.0722
tfidf_full,Logistic,SES_group,5,Low,2,93,0.2792,0.0753
tfidf_full,Logistic,SES_group,5,Low,3,92,0.3375,0.1087
tfidf_full,Logistic,SES_group,5,Low,4,95,0.3981,0.1053
tfidf_full,Logistic,SES_group,5,Low,5,76,0.4574,0.1184
tfidf_full,Logistic,SES_group,5,Low,6,99,0.5195,0.1919
tfidf_full,Logistic,SES_group,5,Low,7,92,0.5879,0.2174
tfidf_full,Logistic,SES_group,5,Low,8,96,0.6653,0.2292
tfidf_full,Logistic,SES_group,5,Low,9,65,0.7749,0.4462
tfidf_full,Logistic,SES_group,5,High,0,29,0.1381,0.0
tfidf_full,Logistic,SES_group,5,High,1,38,0.2116,0.1053
tfidf_full,Logistic,SES_group,5,High,2,35,0.2747,0.0286
tfidf_full,Logistic,SES_group,5,High,3,45,0.3427,0.0444
tfidf_full,Logistic,SES_group,5,High,4,41,0.3976,0.0976
tfidf_full,Logistic,SES_group,5,High,5,49,0.4614,0.1633
tfidf_full,Logistic,SES_group,5,High,6,39,0.5165,0.1282
tfidf_full,Logistic,SES_group,5,High,7,44,0.584,0.2045
tfidf_full,Logistic,SES_group,5,High,8,42,0.6661,0.2143
tfidf_full,Logistic,SES_group,5,High,9,68,0.7888,0.3088
tfidf_full,Logistic,BlackConcentration,5,Low,0,32,0.1443,0.0
tfidf_full,Logistic,BlackConcentration,5,Low,1,30,0.2172,0.0667
tfidf_full,Logistic,BlackConcentration,5,Low,2,34,0.2827,0.0294
tfidf_full,Logistic,BlackConcentration,5,Low,3,22,0.3395,0.1818
tfidf_full,Logistic,BlackConcentration,5,Low,4,26,0.3944,0.0769
tfidf_full,Logistic,BlackConcentration,5,Low,5,31,0.4574,0.0645
tfidf_full,Logistic,BlackConcentration,5,Low,6,36,0.5176,0.1667
tfidf_full,Logistic,BlackConcentration,5,Low,7,22,0.584,0.1818
tfidf_full,Logistic,BlackConcentration,5,Low,8,28,0.6678,0.25
tfidf_full,Logistic,BlackConcentration,5,Low,9,32,0.7769,0.4375
tfidf_full,Logistic,BlackConcentration,5,High,0,92,0.139,0.0
tfidf_full,Logistic,BlackConcentration,5,High,1,95,0.2143,0.0316
tfidf_full,Logistic,BlackConcentration,5,High,2,88,0.2767,0.0795
tfidf_full,Logistic,BlackConcentration,5,High,3,95,0.3378,0.0632
tfidf_full,Logistic,BlackConcentration,5,High,4,91,0.3959,0.1429
tfidf_full,Logistic,BlackConcentration,5,High,5,91,0.4581,0.1099
tfidf_full,Logistic,BlackConcentration,5,High,6,90,0.5204,0.1333
tfidf_full,Logistic,BlackConcentration,5,High,7,94,0.5879,0.2447
tfidf_full,Logistic,BlackConcentration,5,High,8,77,0.67,0.2727
tfidf_full,Logistic,BlackConcentration,5,High,9,96,0.7851,0.3958
tfidf_full,Logistic,SES_group,6,Low,0,119,0.1993,0.0336
tfidf_full,Logistic,SES_group,6,Low,1,105,0.2971,0.0857
tfidf_full,Logistic,SES_group,6,Low,2,90,0.3656,0.1333
tfidf_full,Logistic,SES_group,6,Low,3,97,0.4285,0.1031
tfidf_full,Logistic,SES_group,6,Low,4,91,0.4824,0.1538
tfidf_full,Logistic,SES_group,6,Low,5,90,0.5397,0.1667
tfidf_full,Logistic,SES_group,6,Low,6,98,0.5937,0.1735
tfidf_full,Logistic,SES_group,6,Low,7,83,0.6545,0.241
tfidf_full,Logistic,SES_group,6,Low,8,107,0.7174,0.3084
tfidf_full,Logistic,SES_group,6,Low,9,79,0.7948,0.5063
tfidf_full,Logistic,SES_group,6,High,0,39,0.2005,0.0513
tfidf_full,Logistic,SES_group,6,High,1,44,0.3032,0.1364
tfidf_full,Logistic,SES_group,6,High,2,48,0.3661,0.1458
tfidf_full,Logistic,SES_group,6,High,3,51,0.4274,0.1373
tfidf_full,Logistic,SES_group,6,High,4,51,0.4798,0.1765
tfidf_full,Logistic,SES_group,6,High,5,49,0.5409,0.1633
tfidf_full,Logistic,SES_group,6,High,6,49,0.5944,0.3878
tfidf_full,Logistic,SES_group,6,High,7,64,0.6506,0.2344
tfidf_full,Logistic,SES_group,6,High,8,53,0.7171,0.283
tfidf_full,Logistic,SES_group,6,High,9,59,0.8104,0.2712
tfidf_full,Logistic,BlackConcentration,6,Low,0,24,0.2071,0.0
tfidf_full,Logistic,BlackConcentration,6,Low,1,34,0.2902,0.0882
tfidf_full,Logistic,BlackConcentration,6,Low,2,40,0.364,0.075
tfidf_full,Logistic,BlackConcentration,6,Low,3,44,0.4294,0.1136
tfidf_full,Logistic,BlackConcentration,6,Low,4,34,0.4869,0.2059
tfidf_full,Logistic,BlackConcentration,6,Low,5,45,0.541,0.1556
tfidf_full,Logistic,BlackConcentration,6,Low,6,45,0.5913,0.2
tfidf_full,Logistic,BlackConcentration,6,Low,7,26,0.6554,0.2692
tfidf_full,Logistic,BlackConcentration,6,Low,8,30,0.7131,0.2333
tfidf_full,Logistic,BlackConcentration,6,Low,9,27,0.8053,0.4444
tfidf_full,Logistic,BlackConcentration,6,High,0,113,0.1976,0.0442
tfidf_full,Logistic,BlackConcentration,6,High,1,114,0.2996,0.0789
tfidf_full,Logistic,BlackConcentration,6,High,2,93,0.3652,0.1398
tfidf_full,Logistic,BlackConcentration,6,High,3,81,0.429,0.0741
tfidf_full,Logistic,BlackConcentration,6,High,4,104,0.4827,0.1346
tfidf_full,Logistic,BlackConcentration,6,High,5,84,0.5375,0.1905
tfidf_full,Logistic,BlackConcentration,6,High,6,91,0.5938,0.2967
tfidf_full,Logistic,BlackConcentration,6,High,7,103,0.6546,0.2718
tfidf_full,Logistic,BlackConcentration,6,High,8,111,0.7168,0.2883
tfidf_full,Logistic,BlackConcentration,6,High,9,108,0.8074,0.3889
tfidf_full,Logistic,SES_group,7,Low,0,149,0.1731,0.047
tfidf_full,Logistic,SES_group,7,Low,1,129,0.2517,0.0543
tfidf_full,Logistic,SES_group,7,Low,2,129,0.3121,0.0775
tfidf_full,Logistic,SES_group,7,Low,3,125,0.364,0.104
tfidf_full,Logistic,SES_group,7,Low,4,126,0.4164,0.1032
tfidf_full,Logistic,SES_group,7,Low,5,117,0.4693,0.1709
tfidf_full,Logistic,SES_group,7,Low,6,115,0.5241,0.1652
tfidf_full,Logistic,SES_group,7,Low,7,98,0.5874,0.1939
tfidf_full,Logistic,SES_group,7,Low,8,107,0.6682,0.1963
tfidf_full,Logistic,SES_group,7,Low,9,116,0.7808,0.3621
tfidf_full,Logistic,SES_group,7,High,0,56,0.178,0.0179
tfidf_full,Logistic,SES_group,7,High,1,61,0.2528,0.0656
tfidf_full,Logistic,SES_group,7,High,2,66,0.3119,0.0909
tfidf_full,Logistic,SES_group,7,High,3,63,0.3675,0.0952
tfidf_full,Logistic,SES_group,7,High,4,66,0.4197,0.0455
tfidf_full,Logistic,SES_group,7,High,5,69,0.4717,0.1014
tfidf_full,Logistic,SES_group,7,High,6,77,0.5261,0.2078
tfidf_full,Logistic,SES_group,7,High,7,76,0.5898,0.2632
tfidf_full,Logistic,SES_group,7,High,8,72,0.6696,0.2917
tfidf_full,Logistic,SES_group,7,High,9,70,0.7857,0.4
tfidf_full,Logistic,BlackConcentration,7,Low,0,41,0.1743,0.0488
tfidf_full,Logistic,BlackConcentration,7,Low,1,48,0.2518,0.0833
tfidf_full,Logistic,BlackConcentration,7,Low,2,30,0.3158,0.1333
tfidf_full,Logistic,BlackConcentration,7,Low,3,45,0.3655,0.0444
tfidf_full,Logistic,BlackConcentration,7,Low,4,40,0.4175,0.05
tfidf_full,Logistic,BlackConcentration,7,Low,5,35,0.469,0.1143
tfidf_full,Logistic,BlackConcentration,7,Low,6,48,0.5238,0.2083
tfidf_full,Logistic,BlackConcentration,7,Low,7,50,0.5843,0.2
tfidf_full,Logistic,BlackConcentration,7,Low,8,47,0.6686,0.1489
tfidf_full,Logistic,BlackConcentration,7,Low,9,44,0.7789,0.4318
tfidf_full,Logistic,BlackConcentration,7,High,0,136,0.1755,0.0515
tfidf_full,Logistic,BlackConcentration,7,High,1,112,0.2555,0.0625
tfidf_full,Logistic,BlackConcentration,7,High,2,137,0.312,0.0438
tfidf_full,Logistic,BlackConcentration,7,High,3,115,0.3639,0.0957
tfidf_full,Logistic,BlackConcentration,7,High,4,130,0.4184,0.0846
tfidf_full,Logistic,BlackConcentration,7,High,5,140,0.4688,0.1643
tfidf_full,Logistic,BlackConcentration,7,High,6,134,0.525,0.1642
tfidf_full,Logistic,BlackConcentration,7,High,7,111,0.5918,0.2432
tfidf_full,Logistic,BlackConcentration,7,High,8,121,0.67,0.2231
tfidf_full,Logistic,BlackConcentration,7,High,9,140,0.7785,0.3571
tfidf_full,Logistic,SES_group,8,Low,0,197,0.1664,0.0558
tfidf_full,Logistic,SES_group,8,Low,1,190,0.29,0.0842
tfidf_full,Logistic,SES_group,8,Low,2,178,0.3692,0.1011
tfidf_full,Logistic,SES_group,8,Low,3,157,0.4344,0.1529
tfidf_full,Logistic,SES_group,8,Low,4,165,0.4949,0.1091
tfidf_full,Logistic,SES_group,8,Low,5,161,0.549,0.2174
tfidf_full,Logistic,SES_group,8,Low,6,178,0.6014,0.2135
tfidf_full,Logistic,SES_group,8,Low,7,161,0.6628,0.2795
tfidf_full,Logistic,SES_group,8,Low,8,171,0.7347,0.2398
tfidf_full,Logistic,SES_group,8,Low,9,157,0.827,0.3822
tfidf_full,Logistic,SES_group,8,High,0,78,0.1725,0.0256
tfidf_full,Logistic,SES_group,8,High,1,81,0.288,0.0741
tfidf_full,Logistic,SES_group,8,High,2,79,0.3698,0.1013
tfidf_full,Logistic,SES_group,8,High,3,91,0.437,0.1209
tfidf_full,Logistic,SES_group,8,High,4,85,0.4952,0.1412
tfidf_full,Logistic,SES_group,8,High,5,91,0.5507,0.1758
tfidf_full,Logistic,SES_group,8,High,6,72,0.6052,0.1806
tfidf_full,Logistic,SES_group,8,High,7,91,0.6656,0.3407
tfidf_full,Logistic,SES_group,8,High,8,86,0.7306,0.2558
tfidf_full,Logistic,SES_group,8,High,9,84,0.8305,0.4643
tfidf_full,Logistic,BlackConcentration,8,Low,0,69,0.1692,0.0145
tfidf_full,Logistic,BlackConcentration,8,Low,1,60,0.2925,0.1
tfidf_full,Logistic,BlackConcentration,8,Low,2,55,0.3708,0.1455
tfidf_full,Logistic,BlackConcentration,8,Low,3,60,0.4378,0.2167
tfidf_full,Logistic,BlackConcentration,8,Low,4,58,0.4971,0.1207
tfidf_full,Logistic,BlackConcentration,8,Low,5,45,0.5484,0.3111
tfidf_full,Logistic,BlackConcentration,8,Low,6,60,0.5981,0.1667
tfidf_full,Logistic,BlackConcentration,8,Low,7,48,0.6671,0.2917
tfidf_full,Logistic,BlackConcentration,8,Low,8,49,0.738,0.1837
tfidf_full,Logistic,BlackConcentration,8,Low,9,51,0.8353,0.451
tfidf_full,Logistic,BlackConcentration,8,High,0,172,0.1697,0.0581
tfidf_full,Logistic,BlackConcentration,8,High,1,169,0.2914,0.0947
tfidf_full,Logistic,BlackConcentration,8,High,2,164,0.3698,0.0976
tfidf_full,Logistic,BlackConcentration,8,High,3,177,0.4353,0.1582
tfidf_full,Logistic,BlackConcentration,8,High,4,177,0.4928,0.1186
tfidf_full,Logistic,BlackConcentration,8,High,5,195,0.5501,0.1897
tfidf_full,Logistic,BlackConcentration,8,High,6,163,0.6019,0.2577
tfidf_full,Logistic,BlackConcentration,8,High,7,201,0.6635,0.2836
tfidf_full,Logistic,BlackConcentration,8,High,8,186,0.732,0.2258
tfidf_full,Logistic,BlackConcentration,8,High,9,179,0.8293,0.4302
tfidf_full,Logistic,SES_group,9,Low,0,317,0.1274,0.0379
tfidf_full,Logistic,SES_group,9,Low,1,282,0.2323,0.039
tfidf_full,Logistic,SES_group,9,Low,2,270,0.3021,0.0815
tfidf_full,Logistic,SES_group,9,Low,3,288,0.3673,0.1285
tfidf_full,Logistic,SES_group,9,Low,4,257,0.4261,0.0934
tfidf_full,Logistic,SES_group,9,Low,5,242,0.4817,0.1198
tfidf_full,Logistic,SES_group,9,Low,6,240,0.5409,0.1583
tfidf_full,Logistic,SES_group,9,Low,7,247,0.6092,0.2267
tfidf_full,Logistic,SES_group,9,Low,8,229,0.6951,0.2489
tfidf_full,Logistic,SES_group,9,Low,9,223,0.8152,0.3901
tfidf_full,Logistic,SES_group,9,High,0,118,0.1359,0.0508
tfidf_full,Logistic,SES_group,9,High,1,124,0.2342,0.0565
tfidf_full,Logistic,SES_group,9,High,2,143,0.3045,0.0839
tfidf_full,Logistic,SES_group,9,High,3,124,0.3659,0.0806
tfidf_full,Logistic,SES_group,9,High,4,132,0.4231,0.0985
tfidf_full,Logistic,SES_group,9,High,5,144,0.481,0.1667
tfidf_full,Logistic,SES_group,9,High,6,159,0.543,0.1572
tfidf_full,Logistic,SES_group,9,High,7,144,0.6075,0.1806
tfidf_full,Logistic,SES_group,9,High,8,182,0.6947,0.2692
tfidf_full,Logistic,SES_group,9,High,9,159,0.8156,0.3396
tfidf_full,Logistic,BlackConcentration,9,Low,0,110,0.1314,0.0091
tfidf_full,Logistic,BlackConcentration,9,Low,1,91,0.231,0.044
tfidf_full,Logistic,BlackConcentration,9,Low,2,106,0.3017,0.066
tfidf_full,Logistic,BlackConcentration,9,Low,3,105,0.3695,0.1238
tfidf_full,Logistic,BlackConcentration,9,Low,4,108,0.4268,0.1019
tfidf_full,Logistic,BlackConcentration,9,Low,5,100,0.4833,0.13
tfidf_full,Logistic,BlackConcentration,9,Low,6,101,0.5401,0.1485
tfidf_full,Logistic,BlackConcentration,9,Low,7,99,0.6093,0.2222
tfidf_full,Logistic,BlackConcentration,9,Low,8,100,0.6977,0.28
tfidf_full,Logistic,BlackConcentration,9,Low,9,100,0.8146,0.29
tfidf_full,Logistic,BlackConcentration,9,High,0,276,0.1331,0.0543
tfidf_full,Logistic,BlackConcentration,9,High,1,281,0.2343,0.0534
tfidf_full,Logistic,BlackConcentration,9,High,2,282,0.3029,0.0709
tfidf_full,Logistic,BlackConcentration,9,High,3,241,0.3672,0.0747
tfidf_full,Logistic,BlackConcentration,9,High,4,260,0.4247,0.0962
tfidf_full,Logistic,BlackConcentration,9,High,5,267,0.4824,0.1498
tfidf_full,Logistic,BlackConcentration,9,High,6,253,0.5407,0.1937
tfidf_full,Logistic,BlackConcentration,9,High,7,291,0.6112,0.2268
tfidf_full,Logistic,BlackConcentration,9,High,8,282,0.6931,0.2553
tfidf_full,Logistic,BlackConcentration,9,High,9,282,0.8154,0.3262
tfidf_full,Logistic,SES_group,10,Low,0,332,0.1531,0.0301
tfidf_full,Logistic,SES_group,10,Low,1,309,0.2448,0.0583
tfidf_full,Logistic,SES_group,10,Low,2,263,0.3085,0.076
tfidf_full,Logistic,SES_group,10,Low,3,272,0.3633,0.0809
tfidf_full,Logistic,SES_group,10,Low,4,266,0.4166,0.0977
tfidf_full,Logistic,SES_group,10,Low,5,283,0.4721,0.1767
tfidf_full,Logistic,SES_group,10,Low,6,254,0.5268,0.185
tfidf_full,Logistic,SES_group,10,Low,7,271,0.5887,0.1845
tfidf_full,Logistic,SES_group,10,Low,8,235,0.6653,0.2426
tfidf_full,Logistic,SES_group,10,Low,9,226,0.7736,0.3186
tfidf_full,Logistic,SES_group,10,High,0,115,0.1518,0.0435
tfidf_full,Logistic,SES_group,10,High,1,115,0.2457,0.0522
tfidf_full,Logistic,SES_group,10,High,2,131,0.3075,0.1069
tfidf_full,Logistic,SES_group,10,High,3,149,0.3627,0.1007
tfidf_full,Logistic,SES_group,10,High,4,125,0.4176,0.08
tfidf_full,Logistic,SES_group,10,High,5,123,0.4718,0.1463
tfidf_full,Logistic,SES_group,10,High,6,164,0.5273,0.1402
tfidf_full,Logistic,SES_group,10,High,7,133,0.5898,0.1278
tfidf_full,Logistic,SES_group,10,High,8,150,0.6619,0.2933
tfidf_full,Logistic,SES_group,10,High,9,151,0.7731,0.3775
tfidf_full,Logistic,BlackConcentration,10,Low,0,93,0.1509,0.0215
tfidf_full,Logistic,BlackConcentration,10,Low,1,111,0.2441,0.0721
tfidf_full,Logistic,BlackConcentration,10,Low,2,109,0.3096,0.1101
tfidf_full,Logistic,BlackConcentration,10,Low,3,111,0.3637,0.0901
tfidf_full,Logistic,BlackConcentration,10,Low,4,100,0.418,0.11
tfidf_full,Logistic,BlackConcentration,10,Low,5,96,0.4738,0.1875
tfidf_full,Logistic,BlackConcentration,10,Low,6,101,0.5252,0.1188
tfidf_full,Logistic,BlackConcentration,10,Low,7,89,0.5912,0.1685
tfidf_full,Logistic,BlackConcentration,10,Low,8,98,0.6639,0.2347
tfidf_full,Logistic,BlackConcentration,10,Low,9,104,0.7749,0.2692
tfidf_full,Logistic,BlackConcentration,10,High,0,284,0.1537,0.0352
tfidf_full,Logistic,BlackConcentration,10,High,1,242,0.2483,0.0785
tfidf_full,Logistic,BlackConcentration,10,High,2,259,0.308,0.0695
tfidf_full,Logistic,BlackConcentration,10,High,3,258,0.3637,0.1202
tfidf_full,Logistic,BlackConcentration,10,High,4,267,0.4171,0.1423
tfidf_full,Logistic,BlackConcentration,10,High,5,252,0.4726,0.131
tfidf_full,Logistic,BlackConcentration,10,High,6,282,0.5277,0.1738
tfidf_full,Logistic,BlackConcentration,10,High,7,284,0.5884,0.1725
tfidf_full,Logistic,BlackConcentration,10,High,8,282,0.6636,0.3014
tfidf_full,Logistic,BlackConcentration,10,High,9,284,0.7762,0.3979
tfidf_full,Logistic,SES_group,11,Low,0,447,0.156,0.0358
tfidf_full,Logistic,SES_group,11,Low,1,415,0.2536,0.053
tfidf_full,Logistic,SES_group,11,Low,2,361,0.3186,0.0859
tfidf_full,Logistic,SES_group,11,Low,3,366,0.3776,0.0874
tfidf_full,Logistic,SES_group,11,Low,4,369,0.4317,0.1355
tfidf_full,Logistic,SES_group,11,Low,5,355,0.485,0.1296
tfidf_full,Logistic,SES_group,11,Low,6,350,0.541,0.1657
tfidf_full,Logistic,SES_group,11,Low,7,351,0.6024,0.2165
tfidf_full,Logistic,SES_group,11,Low,8,318,0.6691,0.2579
tfidf_full,Logistic,SES_group,11,Low,9,315,0.7843,0.3175
tfidf_full,Logistic,SES_group,11,High,0,144,0.1587,0.0278
tfidf_full,Logistic,SES_group,11,High,1,162,0.2556,0.0185
tfidf_full,Logistic,SES_group,11,High,2,188,0.3195,0.0745
tfidf_full,Logistic,SES_group,11,High,3,187,0.3787,0.0856
tfidf_full,Logistic,SES_group,11,High,4,207,0.4325,0.1014
tfidf_full,Logistic,SES_group,11,High,5,187,0.4849,0.1497
tfidf_full,Logistic,SES_group,11,High,6,204,0.5413,0.1765
tfidf_full,Logistic,SES_group,11,High,7,177,0.6038,0.1695
tfidf_full,Logistic,SES_group,11,High,8,237,0.6689,0.2996
tfidf_full,Logistic,SES_group,11,High,9,207,0.7847,0.3478
tfidf_full,Logistic,BlackConcentration,11,Low,0,159,0.1532,0.0189
tfidf_full,Logistic,BlackConcentration,11,Low,1,140,0.2578,0.0286
tfidf_full,Logistic,BlackConcentration,11,Low,2,125,0.3167,0.088
tfidf_full,Logistic,BlackConcentration,11,Low,3,143,0.3763,0.0839
tfidf_full,Logistic,BlackConcentration,11,Low,4,132,0.4322,0.1136
tfidf_full,Logistic,BlackConcentration,11,Low,5,146,0.4834,0.0959
tfidf_full,Logistic,BlackConcentration,11,Low,6,132,0.5396,0.1591
tfidf_full,Logistic,BlackConcentration,11,Low,7,139,0.6015,0.2158
tfidf_full,Logistic,BlackConcentration,11,Low,8,117,0.6682,0.2393
tfidf_full,Logistic,BlackConcentration,11,Low,9,145,0.7854,0.2207
tfidf_full,Logistic,BlackConcentration,11,High,0,337,0.1608,0.0386
tfidf_full,Logistic,BlackConcentration,11,High,1,339,0.2537,0.0501
tfidf_full,Logistic,BlackConcentration,11,High,2,378,0.3187,0.0847
tfidf_full,Logistic,BlackConcentration,11,High,3,347,0.377,0.098
tfidf_full,Logistic,BlackConcentration,11,High,4,379,0.4332,0.1003
tfidf_full,Logistic,BlackConcentration,11,High,5,335,0.4857,0.1642
tfidf_full,Logistic,BlackConcentration,11,High,6,352,0.5411,0.1903
tfidf_full,Logistic,BlackConcentration,11,High,7,343,0.6024,0.1808
tfidf_full,Logistic,BlackConcentration,11,High,8,378,0.6693,0.2593
tfidf_full,Logistic,BlackConcentration,11,High,9,375,0.7866,0.2987
tfidf_full,Logistic,SES_group,12,Low,0,550,0.1663,0.02
tfidf_full,Logistic,SES_group,12,Low,1,520,0.269,0.0673
tfidf_full,Logistic,SES_group,12,Low,2,483,0.3365,0.0787
tfidf_full,Logistic,SES_group,12,Low,3,471,0.3918,0.0955
tfidf_full,Logistic,SES_group,12,Low,4,452,0.4449,0.1084
tfidf_full,Logistic,SES_group,12,Low,5,482,0.4976,0.1743
tfidf_full,Logistic,SES_group,12,Low,6,443,0.5499,0.1761
tfidf_full,Logistic,SES_group,12,Low,7,434,0.6083,0.2373
tfidf_full,Logistic,SES_group,12,Low,8,451,0.6766,0.2395
tfidf_full,Logistic,SES_group,12,Low,9,419,0.7837,0.3294
tfidf_full,Logistic,SES_group,12,High,0,189,0.1738,0.0423
tfidf_full,Logistic,SES_group,12,High,1,256,0.2708,0.0625
tfidf_full,Logistic,SES_group,12,High,2,260,0.3377,0.0462
tfidf_full,Logistic,SES_group,12,High,3,258,0.3932,0.1008
tfidf_full,Logistic,SES_group,12,High,4,272,0.4449,0.1397
tfidf_full,Logistic,SES_group,12,High,5,262,0.4982,0.1603
tfidf_full,Logistic,SES_group,12,High,6,258,0.5493,0.1783
tfidf_full,Logistic,SES_group,12,High,7,305,0.6084,0.2361
tfidf_full,Logistic,SES_group,12,High,8,262,0.6768,0.2786
tfidf_full,Logistic,SES_group,12,High,9,286,0.7753,0.3916
tfidf_full,Logistic,BlackConcentration,12,Low,0,206,0.1701,0.0291
tfidf_full,Logistic,BlackConcentration,12,Low,1,196,0.27,0.051
tfidf_full,Logistic,BlackConcentration,12,Low,2,170,0.3375,0.0882
tfidf_full,Logistic,BlackConcentration,12,Low,3,186,0.3933,0.086
tfidf_full,Logistic,BlackConcentration,12,Low,4,172,0.4483,0.1337
tfidf_full,Logistic,BlackConcentration,12,Low,5,185,0.4984,0.1568
tfidf_full,Logistic,BlackConcentration,12,Low,6,190,0.5494,0.1737
tfidf_full,Logistic,BlackConcentration,12,Low,7,165,0.608,0.2061
tfidf_full,Logistic,BlackConcentration,12,Low,8,170,0.6763,0.2529
tfidf_full,Logistic,BlackConcentration,12,Low,9,152,0.7784,0.3618
tfidf_full,Logistic,BlackConcentration,12,High,0,455,0.1675,0.0264
tfidf_full,Logistic,BlackConcentration,12,High,1,458,0.2691,0.059
tfidf_full,Logistic,BlackConcentration,12,High,2,449,0.3364,0.0735
tfidf_full,Logistic,BlackConcentration,12,High,3,475,0.3921,0.0926
tfidf_full,Logistic,BlackConcentration,12,High,4,509,0.4442,0.1277
tfidf_full,Logistic,BlackConcentration,12,High,5,489,0.4981,0.184
tfidf_full,Logistic,BlackConcentration,12,High,6,521,0.55,0.1843
tfidf_full,Logistic,BlackConcentration,12,High,7,519,0.6086,0.2235
tfidf_full,Logistic,BlackConcentration,12,High,8,498,0.677,0.259
tfidf_full,Logistic,BlackConcentration,12,High,9,525,0.7781,0.3752
tfidf_full,Logistic,SES_group,13,Low,0,675,0.1753,0.0326
tfidf_full,Logistic,SES_group,13,Low,1,637,0.27,0.0801
tfidf_full,Logistic,SES_group,13,Low,2,585,0.3357,0.0598
tfidf_full,Logistic,SES_group,13,Low,3,572,0.3909,0.1276
tfidf_full,Logistic,SES_group,13,Low,4,568,0.4437,0.1356
tfidf_full,Logistic,SES_group,13,Low,5,526,0.4955,0.1388
tfidf_full,Logistic,SES_group,13,Low,6,555,0.5496,0.1586
tfidf_full,Logistic,SES_group,13,Low,7,551,0.6068,0.2577
tfidf_full,Logistic,SES_group,13,Low,8,522,0.677,0.2433
tfidf_full,Logistic,SES_group,13,Low,9,495,0.7796,0.301
tfidf_full,Logistic,SES_group,13,High,0,237,0.1781,0.0295
tfidf_full,Logistic,SES_group,13,High,1,246,0.2713,0.0569
tfidf_full,Logistic,SES_group,13,High,2,274,0.3347,0.0985
tfidf_full,Logistic,SES_group,13,High,3,311,0.3932,0.0836
tfidf_full,Logistic,SES_group,13,High,4,299,0.444,0.1472
tfidf_full,Logistic,SES_group,13,High,5,335,0.4962,0.1104
tfidf_full,Logistic,SES_group,13,High,6,313,0.5483,0.1629
tfidf_full,Logistic,SES_group,13,High,7,309,0.6074,0.2492
tfidf_full,Logistic,SES_group,13,High,8,335,0.6762,0.2627
tfidf_full,Logistic,SES_group,13,High,9,344,0.7851,0.3924
tfidf_full,Logistic,BlackConcentration,13,Low,0,224,0.1767,0.0268
tfidf_full,Logistic,BlackConcentration,13,Low,1,260,0.2714,0.0692
tfidf_full,Logistic,BlackConcentration,13,Low,2,232,0.3356,0.069
tfidf_full,Logistic,BlackConcentration,13,Low,3,209,0.391,0.1292
tfidf_full,Logistic,BlackConcentration,13,Low,4,224,0.4416,0.1027
tfidf_full,Logistic,BlackConcentration,13,Low,5,223,0.4934,0.157
tfidf_full,Logistic,BlackConcentration,13,Low,6,191,0.5487,0.1414
tfidf_full,Logistic,BlackConcentration,13,Low,7,220,0.6065,0.2091
tfidf_full,Logistic,BlackConcentration,13,Low,8,205,0.6767,0.2732
tfidf_full,Logistic,BlackConcentration,13,Low,9,182,0.7813,0.2912
tfidf_full,Logistic,BlackConcentration,13,High,0,562,0.1747,0.0374
tfidf_full,Logistic,BlackConcentration,13,High,1,493,0.2706,0.0629
tfidf_full,Logistic,BlackConcentration,13,High,2,535,0.3347,0.0766
tfidf_full,Logistic,BlackConcentration,13,High,3,559,0.3926,0.1002
tfidf_full,Logistic,BlackConcentration,13,High,4,544,0.4449,0.1526
tfidf_full,Logistic,BlackConcentration,13,High,5,546,0.4963,0.1282
tfidf_full,Logistic,BlackConcentration,13,High,6,591,0.5486,0.1794
tfidf_full,Logistic,BlackConcentration,13,High,7,573,0.6057,0.2199
tfidf_full,Logistic,BlackConcentration,13,High,8,617,0.6763,0.2804
tfidf_full,Logistic,BlackConcentration,13,High,9,608,0.7833,0.3651
tfidf_full,Logistic,SES_group,14,Low,0,778,0.1589,0.027
tfidf_full,Logistic,SES_group,14,Low,1,753,0.2491,0.0598
tfidf_full,Logistic,SES_group,14,Low,2,696,0.3108,0.0862
tfidf_full,Logistic,SES_group,14,Low,3,657,0.3664,0.1035
tfidf_full,Logistic,SES_group,14,Low,4,654,0.4184,0.107
tfidf_full,Logistic,SES_group,14,Low,5,648,0.4711,0.1173
tfidf_full,Logistic,SES_group,14,Low,6,652,0.5271,0.2147
tfidf_full,Logistic,SES_group,14,Low,7,630,0.5882,0.2175
tfidf_full,Logistic,SES_group,14,Low,8,631,0.6603,0.2884
tfidf_full,Logistic,SES_group,14,Low,9,608,0.7682,0.3043
tfidf_full,Logistic,SES_group,14,High,0,286,0.1616,0.035
tfidf_full,Logistic,SES_group,14,High,1,298,0.2498,0.0604
tfidf_full,Logistic,SES_group,14,High,2,326,0.3118,0.0859
tfidf_full,Logistic,SES_group,14,High,3,306,0.3671,0.1078
tfidf_full,Logistic,SES_group,14,High,4,355,0.418,0.1042
tfidf_full,Logistic,SES_group,14,High,5,370,0.4715,0.1162
tfidf_full,Logistic,SES_group,14,High,6,365,0.5249,0.1781
tfidf_full,Logistic,SES_group,14,High,7,331,0.589,0.1722
tfidf_full,Logistic,SES_group,14,High,8,361,0.6636,0.277
tfidf_full,Logistic,SES_group,14,High,9,401,0.7684,0.3691
tfidf_full,Logistic,BlackConcentration,14,Low,0,286,0.1622,0.021
tfidf_full,Logistic,BlackConcentration,14,Low,1,281,0.2485,0.0854
tfidf_full,Logistic,BlackConcentration,14,Low,2,295,0.3113,0.0847
tfidf_full,Logistic,BlackConcentration,14,Low,3,292,0.3659,0.1164
tfidf_full,Logistic,BlackConcentration,14,Low,4,283,0.4177,0.1166
tfidf_full,Logistic,BlackConcentration,14,Low,5,279,0.4713,0.1434
tfidf_full,Logistic,BlackConcentration,14,Low,6,247,0.5265,0.2105
tfidf_full,Logistic,BlackConcentration,14,Low,7,240,0.5909,0.1917
tfidf_full,Logistic,BlackConcentration,14,Low,8,244,0.6599,0.2746
tfidf_full,Logistic,BlackConcentration,14,Low,9,237,0.7672,0.308
tfidf_full,Logistic,BlackConcentration,14,High,0,613,0.1632,0.0424
tfidf_full,Logistic,BlackConcentration,14,High,1,665,0.2494,0.0556
tfidf_full,Logistic,BlackConcentration,14,High,2,661,0.3118,0.0893
tfidf_full,Logistic,BlackConcentration,14,High,3,625,0.3665,0.1008
tfidf_full,Logistic,BlackConcentration,14,High,4,619,0.4184,0.1082
tfidf_full,Logistic,BlackConcentration,14,High,5,654,0.4713,0.1346
tfidf_full,Logistic,BlackConcentration,14,High,6,678,0.5256,0.1932
tfidf_full,Logistic,BlackConcentration,14,High,7,676,0.5889,0.2115
tfidf_full,Logistic,BlackConcentration,14,High,8,665,0.6614,0.2962
tfidf_full,Logistic,BlackConcentration,14,High,9,714,0.7705,0.3403
tfidf_full,XGBoost,SES_group,1,Low,0,61,0.091,0.0492
tfidf_full,XGBoost,SES_group,1,Low,1,54,0.1679,0.0741
tfidf_full,XGBoost,SES_group,1,Low,2,54,0.2322,0.1296
tfidf_full,XGBoost,SES_group,1,Low,3,60,0.3066,0.1333
tfidf_full,XGBoost,SES_group,1,Low,4,45,0.3647,0.0889
tfidf_full,XGBoost,SES_group,1,Low,5,42,0.431,0.1429
tfidf_full,XGBoost,SES_group,1,Low,6,57,0.4897,0.1404
tfidf_full,XGBoost,SES_group,1,Low,7,48,0.5499,0.2292
tfidf_full,XGBoost,SES_group,1,Low,8,50,0.6152,0.24
tfidf_full,XGBoost,SES_group,1,Low,9,44,0.7317,0.2955
tfidf_full,XGBoost,SES_group,1,High,0,19,0.0902,0.0526
tfidf_full,XGBoost,SES_group,1,High,1,14,0.1653,0.2143
tfidf_full,XGBoost,SES_group,1,High,2,20,0.2378,0.1
tfidf_full,XGBoost,SES_group,1,High,3,16,0.3076,0.0625
tfidf_full,XGBoost,SES_group,1,High,4,23,0.3675,0.087
tfidf_full,XGBoost,SES_group,1,High,5,25,0.4315,0.24
tfidf_full,XGBoost,SES_group,1,High,6,21,0.4929,0.0476
tfidf_full,XGBoost,SES_group,1,High,7,26,0.5489,0.1538
tfidf_full,XGBoost,SES_group,1,High,8,21,0.6151,0.2381
tfidf_full,XGBoost,SES_group,1,High,9,29,0.7275,0.3448
tfidf_full,XGBoost,BlackConcentration,1,Low,0,16,0.0993,0.0625
tfidf_full,XGBoost,BlackConcentration,1,Low,1,19,0.171,0.1053
tfidf_full,XGBoost,BlackConcentration,1,Low,2,11,0.227,0.1818
tfidf_full,XGBoost,BlackConcentration,1,Low,3,26,0.3054,0.1923
tfidf_full,XGBoost,BlackConcentration,1,Low,4,14,0.3683,0.2143
tfidf_full,XGBoost,BlackConcentration,1,Low,5,19,0.429,0.2105
tfidf_full,XGBoost,BlackConcentration,1,Low,6,24,0.4909,0.25
tfidf_full,XGBoost,BlackConcentration,1,Low,7,12,0.5483,0.25
tfidf_full,XGBoost,BlackConcentration,1,Low,8,19,0.6171,0.2105
tfidf_full,XGBoost,BlackConcentration,1,Low,9,20,0.7304,0.15
tfidf_full,XGBoost,BlackConcentration,1,High,0,53,0.0913,0.0189
tfidf_full,XGBoost,BlackConcentration,1,High,1,41,0.1625,0.0488
tfidf_full,XGBoost,BlackConcentration,1,High,2,44,0.2392,0.0455
tfidf_full,XGBoost,BlackConcentration,1,High,3,41,0.3066,0.1951
tfidf_full,XGBoost,BlackConcentration,1,High,4,49,0.3658,0.1429
tfidf_full,XGBoost,BlackConcentration,1,High,5,52,0.4328,0.1346
tfidf_full,XGBoost,BlackConcentration,1,High,6,39,0.4884,0.0769
tfidf_full,XGBoost,BlackConcentration,1,High,7,49,0.5457,0.1837
tfidf_full,XGBoost,BlackConcentration,1,High,8,46,0.6176,0.2609
tfidf_full,XGBoost,BlackConcentration,1,High,9,46,0.7214,0.3696
tfidf_full,XGBoost,SES_group,2,Low,0,56,0.0775,0.0
tfidf_full,XGBoost,SES_group,2,Low,1,57,0.1336,0.0351
tfidf_full,XGBoost,SES_group,2,Low,2,50,0.1838,0.0
tfidf_full,XGBoost,SES_group,2,Low,3,49,0.2405,0.0204
tfidf_full,XGBoost,SES_group,2,Low,4,65,0.3017,0.0615
tfidf_full,XGBoost,SES_group,2,Low,5,57,0.3728,0.1228
tfidf_full,XGBoost,SES_group,2,Low,6,68,0.4406,0.1029
tfidf_full,XGBoost,SES_group,2,Low,7,58,0.5228,0.2241
tfidf_full,XGBoost,SES_group,2,Low,8,52,0.5976,0.0962
tfidf_full,XGBoost,SES_group,2,Low,9,49,0.7028,0.2653
tfidf_full,XGBoost,SES_group,2,High,0,24,0.0747,0.0833
tfidf_full,XGBoost,SES_group,2,High,1,27,0.1336,0.1852
tfidf_full,XGBoost,SES_group,2,High,2,30,0.1833,0.0333
tfidf_full,XGBoost,SES_group,2,High,3,26,0.246,0.1154
tfidf_full,XGBoost,SES_group,2,High,4,17,0.3027,0.0
tfidf_full,XGBoost,SES_group,2,High,5,28,0.3671,0.1786
tfidf_full,XGBoost,SES_group,2,High,6,18,0.4478,0.0556
tfidf_full,XGBoost,SES_group,2,High,7,25,0.5176,0.28
tfidf_full,XGBoost,SES_group,2,High,8,40,0.6041,0.175
tfidf_full,XGBoost,SES_group,2,High,9,28,0.717,0.3571
tfidf_full,XGBoost,SES_group,3,Low,0,74,0.1183,0.0135
tfidf_full,XGBoost,SES_group,3,Low,1,67,0.1978,0.0149
tfidf_full,XGBoost,SES_group,3,Low,2,63,0.2621,0.0
tfidf_full,XGBoost,SES_group,3,Low,3,64,0.321,0.0469
tfidf_full,XGBoost,SES_group,3,Low,4,53,0.3805,0.0566
tfidf_full,XGBoost,SES_group,3,Low,5,54,0.4361,0.1852
tfidf_full,XGBoost,SES_group,3,Low,6,68,0.5025,0.1029
tfidf_full,XGBoost,SES_group,3,Low,7,55,0.5767,0.2182
tfidf_full,XGBoost,SES_group,3,Low,8,58,0.643,0.1552
tfidf_full,XGBoost,SES_group,3,Low,9,50,0.7287,0.36
tfidf_full,XGBoost,SES_group,3,High,0,25,0.119,0.08
tfidf_full,XGBoost,SES_group,3,High,1,25,0.1972,0.08
tfidf_full,XGBoost,SES_group,3,High,2,31,0.26,0.1935
tfidf_full,XGBoost,SES_group,3,High,3,25,0.3285,0.12
tfidf_full,XGBoost,SES_group,3,High,4,33,0.3828,0.1818
tfidf_full,XGBoost,SES_group,3,High,5,26,0.4371,0.1154
tfidf_full,XGBoost,SES_group,3,High,6,24,0.5027,0.2917
tfidf_full,XGBoost,SES_group,3,High,7,32,0.5836,0.25
tfidf_full,XGBoost,SES_group,3,High,8,33,0.6467,0.303
tfidf_full,XGBoost,SES_group,3,High,9,38,0.732,0.2895
tfidf_full,XGBoost,SES_group,4,Low,0,87,0.1139,0.0115
tfidf_full,XGBoost,SES_group,4,Low,1,81,0.1843,0.0247
tfidf_full,XGBoost,SES_group,4,Low,2,74,0.2615,0.0811
tfidf_full,XGBoost,SES_group,4,Low,3,87,0.3371,0.1494
tfidf_full,XGBoost,SES_group,4,Low,4,89,0.3997,0.1573
tfidf_full,XGBoost,SES_group,4,Low,5,86,0.4612,0.0814
tfidf_full,XGBoost,SES_group,4,Low,6,84,0.5277,0.1548
tfidf_full,XGBoost,SES_group,4,Low,7,82,0.5885,0.2195
tfidf_full,XGBoost,SES_group,4,Low,8,67,0.6471,0.209
tfidf_full,XGBoost,SES_group,4,Low,9,77,0.7255,0.2857
tfidf_full,XGBoost,SES_group,4,High,0,38,0.1124,0.0
tfidf_full,XGBoost,SES_group,4,High,1,44,0.1909,0.0227
tfidf_full,XGBoost,SES_group,4,High,2,43,0.2667,0.0233
tfidf_full,XGBoost,SES_group,4,High,3,42,0.3366,0.0
tfidf_full,XGBoost,SES_group,4,High,4,31,0.401,0.129
tfidf_full,XGBoost,SES_group,4,High,5,35,0.4608,0.1143
tfidf_full,XGBoost,SES_group,4,High,6,40,0.5249,0.2
tfidf_full,XGBoost,SES_group,4,High,7,41,0.5867,0.1707
tfidf_full,XGBoost,SES_group,4,High,8,40,0.6492,0.275
tfidf_full,XGBoost,SES_group,4,High,9,43,0.7199,0.4651
tfidf_full,XGBoost,BlackConcentration,4,Low,0,25,0.1142,0.04
tfidf_full,XGBoost,BlackConcentration,4,Low,1,19,0.1946,0.1053
tfidf_full,XGBoost,BlackConcentration,4,Low,2,20,0.2628,0.05
tfidf_full,XGBoost,BlackConcentration,4,Low,3,26,0.3393,0.0385
tfidf_full,XGBoost,BlackConcentration,4,Low,4,18,0.3978,0.1667
tfidf_full,XGBoost,BlackConcentration,4,Low,5,24,0.4653,0.0833
tfidf_full,XGBoost,BlackConcentration,4,Low,6,34,0.5267,0.2647
tfidf_full,XGBoost,BlackConcentration,4,Low,7,30,0.5814,0.2
tfidf_full,XGBoost,BlackConcentration,4,Low,8,24,0.646,0.3333
tfidf_full,XGBoost,BlackConcentration,4,Low,9,29,0.722,0.2069
tfidf_full,XGBoost,BlackConcentration,4,High,0,81,0.1178,0.0247
tfidf_full,XGBoost,BlackConcentration,4,High,1,87,0.1887,0.023
tfidf_full,XGBoost,BlackConcentration,4,High,2,84,0.2579,0.0833
tfidf_full,XGBoost,BlackConcentration,4,High,3,83,0.337,0.1325
tfidf_full,XGBoost,BlackConcentration,4,High,4,82,0.3987,0.1341
tfidf_full,XGBoost,BlackConcentration,4,High,5,80,0.4611,0.15
tfidf_full,XGBoost,BlackConcentration,4,High,6,83,0.5245,0.1084
tfidf_full,XGBoost,BlackConcentration,4,High,7,85,0.5876,0.1765
tfidf_full,XGBoost,BlackConcentration,4,High,8,90,0.6485,0.2444
tfidf_full,XGBoost,BlackConcentration,4,High,9,86,0.7272,0.4186
tfidf_full,XGBoost,SES_group,5,Low,0,93,0.1185,0.0215
tfidf_full,XGBoost,SES_group,5,Low,1,100,0.1891,0.05
tfidf_full,XGBoost,SES_group,5,Low,2,87,0.2564,0.046
tfidf_full,XGBoost,SES_group,5,Low,3,94,0.3312,0.1064
tfidf_full,XGBoost,SES_group,5,Low,4,85,0.3875,0.1529
tfidf_full,XGBoost,SES_group,5,Low,5,97,0.4417,0.134
tfidf_full,XGBoost,SES_group,5,Low,6,91,0.504,0.1758
tfidf_full,XGBoost,SES_group,5,Low,7,98,0.5672,0.2041
tfidf_full,XGBoost,SES_group,5,Low,8,84,0.6395,0.2738
tfidf_full,XGBoost,SES_group,5,Low,9,81,0.7158,0.3457
tfidf_full,XGBoost,SES_group,5,High,0,28,0.1176,0.0357
tfidf_full,XGBoost,SES_group,5,High,1,40,0.1893,0.0
tfidf_full,XGBoost,SES_group,5,High,2,44,0.2679,0.0227
tfidf_full,XGBoost,SES_group,5,High,3,35,0.334,0.1143
tfidf_full,XGBoost,SES_group,5,High,4,45,0.3896,0.1111
tfidf_full,XGBoost,SES_group,5,High,5,47,0.4434,0.1489
tfidf_full,XGBoost,SES_group,5,High,6,48,0.5047,0.25
tfidf_full,XGBoost,SES_group,5,High,7,37,0.5654,0.1351
tfidf_full,XGBoost,SES_group,5,High,8,47,0.639,0.1277
tfidf_full,XGBoost,SES_group,5,High,9,59,0.7228,0.3729
tfidf_full,XGBoost,BlackConcentration,5,Low,0,33,0.1173,0.0303
tfidf_full,XGBoost,BlackConcentration,5,Low,1,31,0.1916,0.0323
tfidf_full,XGBoost,BlackConcentration,5,Low,2,26,0.2547,0.0
tfidf_full,XGBoost,BlackConcentration,5,Low,3,34,0.3334,0.1176
tfidf_full,XGBoost,BlackConcentration,5,Low,4,28,0.3847,0.2143
tfidf_full,XGBoost,BlackConcentration,5,Low,5,24,0.4422,0.0833
tfidf_full,XGBoost,BlackConcentration,5,Low,6,25,0.5013,0.2
tfidf_full,XGBoost,BlackConcentration,5,Low,7,30,0.5653,0.2
tfidf_full,XGBoost,BlackConcentration,5,Low,8,29,0.6301,0.2759
tfidf_full,XGBoost,BlackConcentration,5,Low,9,33,0.7152,0.2727
tfidf_full,XGBoost,BlackConcentration,5,High,0,95,0.1153,0.0211
tfidf_full,XGBoost,BlackConcentration,5,High,1,88,0.1869,0.0114
tfidf_full,XGBoost,BlackConcentration,5,High,2,96,0.2601,0.0625
tfidf_full,XGBoost,BlackConcentration,5,High,3,87,0.3319,0.0805
tfidf_full,XGBoost,BlackConcentration,5,High,4,96,0.3877,0.0938
tfidf_full,XGBoost,BlackConcentration,5,High,5,87,0.4416,0.1609
tfidf_full,XGBoost,BlackConcentration,5,High,6,94,0.5063,0.1702
tfidf_full,XGBoost,BlackConcentration,5,High,7,88,0.5676,0.25
tfidf_full,XGBoost,BlackConcentration,5,High,8,93,0.6367,0.1935
tfidf_full,XGBoost,BlackConcentration,5,High,9,85,0.7192,0.4471
tfidf_full,XGBoost,SES_group,6,Low,0,103,0.1776,0.0291
tfidf_full,XGBoost,SES_group,6,Low,1,111,0.2892,0.0991
tfidf_full,XGBoost,SES_group,6,Low,2,79,0.3607,0.0633
tfidf_full,XGBoost,SES_group,6,Low,3,106,0.424,0.1415
tfidf_full,XGBoost,SES_group,6,Low,4,91,0.4791,0.1648
tfidf_full,XGBoost,SES_group,6,Low,5,91,0.5323,0.1538
tfidf_full,XGBoost,SES_group,6,Low,6,98,0.5816,0.2041
tfidf_full,XGBoost,SES_group,6,Low,7,94,0.6283,0.2447
tfidf_full,XGBoost,SES_group,6,Low,8,96,0.6785,0.2917
tfidf_full,XGBoost,SES_group,6,Low,9,90,0.7427,0.4444
tfidf_full,XGBoost,SES_group,6,High,0,45,0.1818,0.0667
tfidf_full,XGBoost,SES_group,6,High,1,41,0.293,0.2439
tfidf_full,XGBoost,SES_group,6,High,2,51,0.3599,0.098
tfidf_full,XGBoost,SES_group,6,High,3,48,0.4248,0.125
tfidf_full,XGBoost,SES_group,6,High,4,49,0.4788,0.1429
tfidf_full,XGBoost,SES_group,6,High,5,51,0.5307,0.2157
tfidf_full,XGBoost,SES_group,6,High,6,53,0.58,0.3019
tfidf_full,XGBoost,SES_group,6,High,7,57,0.632,0.3158
tfidf_full,XGBoost,SES_group,6,High,8,54,0.6773,0.2037
tfidf_full,XGBoost,SES_group,6,High,9,58,0.7416,0.2931
tfidf_full,XGBoost,BlackConcentration,6,Low,0,22,0.1839,0.0
tfidf_full,XGBoost,BlackConcentration,6,Low,1,43,0.2894,0.093
tfidf_full,XGBoost,BlackConcentration,6,Low,2,33,0.3625,0.0606
tfidf_full,XGBoost,BlackConcentration,6,Low,3,44,0.4256,0.1136
tfidf_full,XGBoost,BlackConcentration,6,Low,4,30,0.4776,0.1333
tfidf_full,XGBoost,BlackConcentration,6,Low,5,38,0.5355,0.1316
tfidf_full,XGBoost,BlackConcentration,6,Low,6,46,0.581,0.2174
tfidf_full,XGBoost,BlackConcentration,6,Low,7,36,0.6255,0.2778
tfidf_full,XGBoost,BlackConcentration,6,Low,8,27,0.6748,0.1852
tfidf_full,XGBoost,BlackConcentration,6,Low,9,30,0.7512,0.5
tfidf_full,XGBoost,BlackConcentration,6,High,0,121,0.1838,0.0413
tfidf_full,XGBoost,BlackConcentration,6,High,1,97,0.2902,0.1237
tfidf_full,XGBoost,BlackConcentration,6,High,2,107,0.3607,0.0935
tfidf_full,XGBoost,BlackConcentration,6,High,3,91,0.4252,0.1538
tfidf_full,XGBoost,BlackConcentration,6,High,4,93,0.4795,0.1183
tfidf_full,XGBoost,BlackConcentration,6,High,5,94,0.5298,0.2128
tfidf_full,XGBoost,BlackConcentration,6,High,6,83,0.5796,0.253
tfidf_full,XGBoost,BlackConcentration,6,High,7,106,0.6314,0.3019
tfidf_full,XGBoost,BlackConcentration,6,High,8,102,0.6787,0.2451
tfidf_full,XGBoost,BlackConcentration,6,High,9,108,0.7408,0.3889
tfidf_full,XGBoost,SES_group,7,Low,0,144,0.1553,0.0625
tfidf_full,XGBoost,SES_group,7,Low,1,132,0.2621,0.0455
tfidf_full,XGBoost,SES_group,7,Low,2,119,0.3203,0.084
tfidf_full,XGBoost,SES_group,7,Low,3,133,0.3725,0.0827
tfidf_full,XGBoost,SES_group,7,Low,4,117,0.4175,0.094
tfidf_full,XGBoost,SES_group,7,Low,5,109,0.4661,0.1468
tfidf_full,XGBoost,SES_group,7,Low,6,116,0.5128,0.1897
tfidf_full,XGBoost,SES_group,7,Low,7,108,0.5632,0.213
tfidf_full,XGBoost,SES_group,7,Low,8,101,0.626,0.2178
tfidf_full,XGBoost,SES_group,7,Low,9,132,0.7266,0.3106
tfidf_full,XGBoost,SES_group,7,High,0,56,0.1552,0.0536
tfidf_full,XGBoost,SES_group,7,High,1,56,0.2587,0.0893
tfidf_full,XGBoost,SES_group,7,High,2,71,0.3243,0.0986
tfidf_full,XGBoost,SES_group,7,High,3,65,0.3741,0.0615
tfidf_full,XGBoost,SES_group,7,High,4,73,0.423,0.0685
tfidf_full,XGBoost,SES_group,7,High,5,68,0.4653,0.1471
tfidf_full,XGBoost,SES_group,7,High,6,71,0.5104,0.2113
tfidf_full,XGBoost,SES_group,7,High,7,75,0.5643,0.2133
tfidf_full,XGBoost,SES_group,7,High,8,78,0.6239,0.3077
tfidf_full,XGBoost,SES_group,7,High,9,63,0.7267,0.3651
tfidf_full,XGBoost,BlackConcentration,7,Low,0,39,0.1654,0.0769
tfidf_full,XGBoost,BlackConcentration,7,Low,1,41,0.265,0.0488
tfidf_full,XGBoost,BlackConcentration,7,Low,2,43,0.3223,0.093
tfidf_full,XGBoost,BlackConcentration,7,Low,3,47,0.3717,0.0426
tfidf_full,XGBoost,BlackConcentration,7,Low,4,32,0.4174,0.0938
tfidf_full,XGBoost,BlackConcentration,7,Low,5,39,0.4676,0.1538
tfidf_full,XGBoost,BlackConcentration,7,Low,6,39,0.5153,0.1795
tfidf_full,XGBoost,BlackConcentration,7,Low,7,54,0.5647,0.1296
tfidf_full,XGBoost,BlackConcentration,7,Low,8,47,0.6253,0.3191
tfidf_full,XGBoost,BlackConcentration,7,Low,9,47,0.7317,0.3191
tfidf_full,XGBoost,BlackConcentration,7,High,0,133,0.1582,0.0602
tfidf_full,XGBoost,BlackConcentration,7,High,1,133,0.2619,0.0677
tfidf_full,XGBoost,BlackConcentration,7,High,2,130,0.325,0.0462
tfidf_full,XGBoost,BlackConcentration,7,High,3,123,0.372,0.0894
tfidf_full,XGBoost,BlackConcentration,7,High,4,138,0.4209,0.0942
tfidf_full,XGBoost,BlackConcentration,7,High,5,124,0.4651,0.1694
tfidf_full,XGBoost,BlackConcentration,7,High,6,118,0.5116,0.1864
tfidf_full,XGBoost,BlackConcentration,7,High,7,115,0.5658,0.2435
tfidf_full,XGBoost,BlackConcentration,7,High,8,130,0.6231,0.2462
tfidf_full,XGBoost,BlackConcentration,7,High,9,132,0.724,0.3106
tfidf_full,XGBoost,SES_group,8,Low,0,192,0.1729,0.0365
tfidf_full,XGBoost,SES_group,8,Low,1,187,0.3043,0.1123
tfidf_full,XGBoost,SES_group,8,Low,2,170,0.3785,0.1059
tfidf_full,XGBoost,SES_group,8,Low,3,173,0.437,0.1156
tfidf_full,XGBoost,SES_group,8,Low,4,156,0.488,0.1346
tfidf_full,XGBoost,SES_group,8,Low,5,169,0.5313,0.2012
tfidf_full,XGBoost,SES_group,8,Low,6,160,0.5786,0.1688
tfidf_full,XGBoost,SES_group,8,Low,7,165,0.6244,0.2788
tfidf_full,XGBoost,SES_group,8,Low,8,177,0.6778,0.3446
tfidf_full,XGBoost,SES_group,8,Low,9,166,0.7597,0.3072
tfidf_full,XGBoost,SES_group,8,High,0,87,0.1747,0.092
tfidf_full,XGBoost,SES_group,8,High,1,73,0.3057,0.0685
tfidf_full,XGBoost,SES_group,8,High,2,91,0.3781,0.0879
tfidf_full,XGBoost,SES_group,8,High,3,83,0.4401,0.0723
tfidf_full,XGBoost,SES_group,8,High,4,86,0.488,0.186
tfidf_full,XGBoost,SES_group,8,High,5,85,0.5306,0.1529
tfidf_full,XGBoost,SES_group,8,High,6,80,0.5793,0.2125
tfidf_full,XGBoost,SES_group,8,High,7,81,0.6247,0.2963
tfidf_full,XGBoost,SES_group,8,High,8,93,0.6817,0.2796
tfidf_full,XGBoost,SES_group,8,High,9,79,0.7598,0.4684
tfidf_full,XGBoost,BlackConcentration,8,Low,0,54,0.1706,0.037
tfidf_full,XGBoost,BlackConcentration,8,Low,1,62,0.3046,0.129
tfidf_full,XGBoost,BlackConcentration,8,Low,2,65,0.3758,0.1077
tfidf_full,XGBoost,BlackConcentration,8,Low,3,50,0.4392,0.14
tfidf_full,XGBoost,BlackConcentration,8,Low,4,57,0.4868,0.2105
tfidf_full,XGBoost,BlackConcentration,8,Low,5,53,0.5334,0.1698
tfidf_full,XGBoost,BlackConcentration,8,Low,6,53,0.5768,0.1698
tfidf_full,XGBoost,BlackConcentration,8,Low,7,52,0.6253,0.2115
tfidf_full,XGBoost,BlackConcentration,8,Low,8,47,0.6773,0.3191
tfidf_full,XGBoost,BlackConcentration,8,Low,9,62,0.7672,0.4032
tfidf_full,XGBoost,BlackConcentration,8,High,0,183,0.1742,0.0765
tfidf_full,XGBoost,BlackConcentration,8,High,1,167,0.3064,0.1018
tfidf_full,XGBoost,BlackConcentration,8,High,2,167,0.3795,0.1018
tfidf_full,XGBoost,BlackConcentration,8,High,3,173,0.438,0.1156
tfidf_full,XGBoost,BlackConcentration,8,High,4,179,0.487,0.1564
tfidf_full,XGBoost,BlackConcentration,8,High,5,180,0.5312,0.15
tfidf_full,XGBoost,BlackConcentration,8,High,6,184,0.5792,0.2283
tfidf_full,XGBoost,BlackConcentration,8,High,7,189,0.624,0.3016
tfidf_full,XGBoost,BlackConcentration,8,High,8,183,0.6813,0.3005
tfidf_full,XGBoost,BlackConcentration,8,High,9,178,0.7597,0.3876
tfidf_full,XGBoost,SES_group,9,Low,0,292,0.1717,0.0274
tfidf_full,XGBoost,SES_group,9,Low,1,299,0.2875,0.0502
tfidf_full,XGBoost,SES_group,9,Low,2,266,0.3578,0.0639
tfidf_full,XGBoost,SES_group,9,Low,3,253,0.4111,0.087
tfidf_full,XGBoost,SES_group,9,Low,4,277,0.4601,0.1011
tfidf_full,XGBoost,SES_group,9,Low,5,234,0.5089,0.1496
tfidf_full,XGBoost,SES_group,9,Low,6,237,0.5573,0.1899
tfidf_full,XGBoost,SES_group,9,Low,7,247,0.605,0.2348
tfidf_full,XGBoost,SES_group,9,Low,8,257,0.6607,0.2529
tfidf_full,XGBoost,SES_group,9,Low,9,233,0.7439,0.3433
tfidf_full,XGBoost,SES_group,9,High,0,124,0.1679,0.0403
tfidf_full,XGBoost,SES_group,9,High,1,129,0.2886,0.062
tfidf_full,XGBoost,SES_group,9,High,2,135,0.3578,0.0889
tfidf_full,XGBoost,SES_group,9,High,3,137,0.4109,0.0876
tfidf_full,XGBoost,SES_group,9,High,4,135,0.4608,0.0815
tfidf_full,XGBoost,SES_group,9,High,5,149,0.5117,0.1275
tfidf_full,XGBoost,SES_group,9,High,6,162,0.5582,0.1667
tfidf_full,XGBoost,SES_group,9,High,7,143,0.6068,0.2028
tfidf_full,XGBoost,SES_group,9,High,8,158,0.6595,0.3038
tfidf_full,XGBoost,SES_group,9,High,9,157,0.7434,0.3503
tfidf_full,XGBoost,BlackConcentration,9,Low,0,94,0.1687,0.0
tfidf_full,XGBoost,BlackConcentration,9,Low,1,103,0.2867,0.0388
tfidf_full,XGBoost,BlackConcentration,9,Low,2,97,0.358,0.0412
tfidf_full,XGBoost,BlackConcentration,9,Low,3,101,0.4129,0.0495
tfidf_full,XGBoost,BlackConcentration,9,Low,4,114,0.4604,0.1579
tfidf_full,XGBoost,BlackConcentration,9,Low,5,93,0.51,0.1505
tfidf_full,XGBoost,BlackConcentration,9,Low,6,107,0.5603,0.1682
tfidf_full,XGBoost,BlackConcentration,9,Low,7,97,0.6064,0.2165
tfidf_full,XGBoost,BlackConcentration,9,Low,8,113,0.6594,0.2301
tfidf_full,XGBoost,BlackConcentration,9,Low,9,101,0.7488,0.3267
tfidf_full,XGBoost,BlackConcentration,9,High,0,282,0.1701,0.0284
tfidf_full,XGBoost,BlackConcentration,9,High,1,287,0.2882,0.0627
tfidf_full,XGBoost,BlackConcentration,9,High,2,280,0.3576,0.0786
tfidf_full,XGBoost,BlackConcentration,9,High,3,261,0.411,0.1073
tfidf_full,XGBoost,BlackConcentration,9,High,4,255,0.4609,0.0824
tfidf_full,XGBoost,BlackConcentration,9,High,5,274,0.511,0.1496
tfidf_full,XGBoost,BlackConcentration,9,High,6,260,0.5572,0.2
tfidf_full,XGBoost,BlackConcentration,9,High,7,281,0.6065,0.2171
tfidf_full,XGBoost,BlackConcentration,9,High,8,263,0.6614,0.2548
tfidf_full,XGBoost,BlackConcentration,9,High,9,272,0.7391,0.3456
tfidf_full,XGBoost,SES_group,10,Low,0,322,0.1493,0.0466
tfidf_full,XGBoost,SES_group,10,Low,1,308,0.2505,0.0584
tfidf_full,XGBoost,SES_group,10,Low,2,291,0.313,0.0619
tfidf_full,XGBoost,SES_group,10,Low,3,269,0.3658,0.1078
tfidf_full,XGBoost,SES_group,10,Low,4,267,0.4169,0.1049
tfidf_full,XGBoost,SES_group,10,Low,5,251,0.468,0.1633
tfidf_full,XGBoost,SES_group,10,Low,6,267,0.5226,0.1386
tfidf_full,XGBoost,SES_group,10,Low,7,261,0.58,0.2107
tfidf_full,XGBoost,SES_group,10,Low,8,253,0.6383,0.2095
tfidf_full,XGBoost,SES_group,10,Low,9,222,0.7221,0.3514
tfidf_full,XGBoost,SES_group,10,High,0,117,0.1522,0.0427
tfidf_full,XGBoost,SES_group,10,High,1,132,0.2518,0.0606
tfidf_full,XGBoost,SES_group,10,High,2,120,0.3101,0.125
tfidf_full,XGBoost,SES_group,10,High,3,123,0.3659,0.0569
tfidf_full,XGBoost,SES_group,10,High,4,143,0.4173,0.1259
tfidf_full,XGBoost,SES_group,10,High,5,146,0.4698,0.089
tfidf_full,XGBoost,SES_group,10,High,6,136,0.5231,0.1471
tfidf_full,XGBoost,SES_group,10,High,7,144,0.5797,0.2153
tfidf_full,XGBoost,SES_group,10,High,8,137,0.6371,0.2774
tfidf_full,XGBoost,SES_group,10,High,9,158,0.7258,0.3418
tfidf_full,XGBoost,BlackConcentration,10,Low,0,97,0.1538,0.0206
tfidf_full,XGBoost,BlackConcentration,10,Low,1,110,0.2542,0.0909
tfidf_full,XGBoost,BlackConcentration,10,Low,2,81,0.3162,0.0741
tfidf_full,XGBoost,BlackConcentration,10,Low,3,113,0.3662,0.0796
tfidf_full,XGBoost,BlackConcentration,10,Low,4,80,0.4154,0.1125
tfidf_full,XGBoost,BlackConcentration,10,Low,5,95,0.4686,0.1789
tfidf_full,XGBoost,BlackConcentration,10,Low,6,118,0.5236,0.1271
tfidf_full,XGBoost,BlackConcentration,10,Low,7,90,0.578,0.1222
tfidf_full,XGBoost,BlackConcentration,10,Low,8,115,0.6381,0.2174
tfidf_full,XGBoost,BlackConcentration,10,Low,9,113,0.7241,0.3097
tfidf_full,XGBoost,BlackConcentration,10,High,0,273,0.1519,0.044
tfidf_full,XGBoost,BlackConcentration,10,High,1,258,0.2535,0.0388
tfidf_full,XGBoost,BlackConcentration,10,High,2,253,0.3127,0.1107
tfidf_full,XGBoost,BlackConcentration,10,High,3,262,0.3654,0.1336
tfidf_full,XGBoost,BlackConcentration,10,High,4,265,0.4174,0.1358
tfidf_full,XGBoost,BlackConcentration,10,High,5,282,0.4691,0.1312
tfidf_full,XGBoost,BlackConcentration,10,High,6,273,0.5225,0.1612
tfidf_full,XGBoost,BlackConcentration,10,High,7,280,0.5801,0.2321
tfidf_full,XGBoost,BlackConcentration,10,High,8,266,0.6393,0.2669
tfidf_full,XGBoost,BlackConcentration,10,High,9,282,0.7299,0.3794
tfidf_full,XGBoost,SES_group,11,Low,0,440,0.1593,0.0386
tfidf_full,XGBoost,SES_group,11,Low,1,414,0.2622,0.0604
tfidf_full,XGBoost,SES_group,11,Low,2,381,0.328,0.084
tfidf_full,XGBoost,SES_group,11,Low,3,356,0.3848,0.1039
tfidf_full,XGBoost,SES_group,11,Low,4,374,0.4415,0.1043
tfidf_full,XGBoost,SES_group,11,Low,5,356,0.4936,0.1545
tfidf_full,XGBoost,SES_group,11,Low,6,320,0.544,0.175
tfidf_full,XGBoost,SES_group,11,Low,7,346,0.5963,0.1936
tfidf_full,XGBoost,SES_group,11,Low,8,319,0.649,0.2727
tfidf_full,XGBoost,SES_group,11,Low,9,341,0.7331,0.2874
tfidf_full,XGBoost,SES_group,11,High,0,146,0.1594,0.0274
tfidf_full,XGBoost,SES_group,11,High,1,159,0.2626,0.0566
tfidf_full,XGBoost,SES_group,11,High,2,174,0.3279,0.046
tfidf_full,XGBoost,SES_group,11,High,3,196,0.3873,0.0867
tfidf_full,XGBoost,SES_group,11,High,4,194,0.4414,0.0979
tfidf_full,XGBoost,SES_group,11,High,5,191,0.4924,0.1675
tfidf_full,XGBoost,SES_group,11,High,6,236,0.5443,0.1441
tfidf_full,XGBoost,SES_group,11,High,7,191,0.5966,0.199
tfidf_full,XGBoost,SES_group,11,High,8,219,0.6507,0.2831
tfidf_full,XGBoost,SES_group,11,High,9,194,0.7304,0.3711
tfidf_full,XGBoost,BlackConcentration,11,Low,0,151,0.1572,0.0199
tfidf_full,XGBoost,BlackConcentration,11,Low,1,140,0.2612,0.0571
tfidf_full,XGBoost,BlackConcentration,11,Low,2,128,0.3306,0.0625
tfidf_full,XGBoost,BlackConcentration,11,Low,3,119,0.3853,0.1008
tfidf_full,XGBoost,BlackConcentration,11,Low,4,138,0.4412,0.1159
tfidf_full,XGBoost,BlackConcentration,11,Low,5,140,0.4927,0.1143
tfidf_full,XGBoost,BlackConcentration,11,Low,6,133,0.5459,0.1203
tfidf_full,XGBoost,BlackConcentration,11,Low,7,148,0.5953,0.2095
tfidf_full,XGBoost,BlackConcentration,11,Low,8,130,0.649,0.2077
tfidf_full,XGBoost,BlackConcentration,11,Low,9,151,0.7331,0.2185
tfidf_full,XGBoost,BlackConcentration,11,High,0,332,0.1615,0.0392
tfidf_full,XGBoost,BlackConcentration,11,High,1,346,0.2623,0.0694
tfidf_full,XGBoost,BlackConcentration,11,High,2,361,0.3269,0.0637
tfidf_full,XGBoost,BlackConcentration,11,High,3,356,0.3873,0.0899
tfidf_full,XGBoost,BlackConcentration,11,High,4,371,0.4422,0.1105
tfidf_full,XGBoost,BlackConcentration,11,High,5,373,0.4947,0.1823
tfidf_full,XGBoost,BlackConcentration,11,High,6,359,0.5432,0.1643
tfidf_full,XGBoost,BlackConcentration,11,High,7,332,0.5966,0.2199
tfidf_full,XGBoost,BlackConcentration,11,High,8,376,0.6503,0.234
tfidf_full,XGBoost,BlackConcentration,11,High,9,357,0.7303,0.2997
tfidf_full,XGBoost,SES_group,12,Low,0,535,0.1803,0.0187
tfidf_full,XGBoost,SES_group,12,Low,1,503,0.2955,0.0676
tfidf_full,XGBoost,SES_group,12,Low,2,485,0.3567,0.0907
tfidf_full,XGBoost,SES_group,12,Low,3,473,0.4082,0.0803
tfidf_full,XGBoost,SES_group,12,Low,4,462,0.4584,0.1126
tfidf_full,XGBoost,SES_group,12,Low,5,478,0.5089,0.1674
tfidf_full,XGBoost,SES_group,12,Low,6,455,0.5566,0.1956
tfidf_full,XGBoost,SES_group,12,Low,7,438,0.6048,0.1918
tfidf_full,XGBoost,SES_group,12,Low,8,432,0.6609,0.2685
tfidf_full,XGBoost,SES_group,12,Low,9,444,0.7457,0.3198
tfidf_full,XGBoost,SES_group,12,High,0,206,0.1851,0.0437
tfidf_full,XGBoost,SES_group,12,High,1,271,0.2951,0.0554
tfidf_full,XGBoost,SES_group,12,High,2,265,0.3567,0.0792
tfidf_full,XGBoost,SES_group,12,High,3,246,0.4093,0.0894
tfidf_full,XGBoost,SES_group,12,High,4,266,0.4589,0.1241
tfidf_full,XGBoost,SES_group,12,High,5,250,0.509,0.144
tfidf_full,XGBoost,SES_group,12,High,6,270,0.5565,0.2185
tfidf_full,XGBoost,SES_group,12,High,7,285,0.6053,0.2702
tfidf_full,XGBoost,SES_group,12,High,8,284,0.6613,0.257
tfidf_full,XGBoost,SES_group,12,High,9,265,0.7479,0.3774
tfidf_full,XGBoost,BlackConcentration,12,Low,0,198,0.1892,0.0202
tfidf_full,XGBoost,BlackConcentration,12,Low,1,188,0.2946,0.0426
tfidf_full,XGBoost,BlackConcentration,12,Low,2,164,0.3551,0.0671
tfidf_full,XGBoost,BlackConcentration,12,Low,3,161,0.4085,0.118
tfidf_full,XGBoost,BlackConcentration,12,Low,4,170,0.4603,0.1118
tfidf_full,XGBoost,BlackConcentration,12,Low,5,198,0.5095,0.1465
tfidf_full,XGBoost,BlackConcentration,12,Low,6,179,0.557,0.2179
tfidf_full,XGBoost,BlackConcentration,12,Low,7,183,0.6042,0.1803
tfidf_full,XGBoost,BlackConcentration,12,Low,8,177,0.659,0.2825
tfidf_full,XGBoost,BlackConcentration,12,Low,9,174,0.7417,0.2989
tfidf_full,XGBoost,BlackConcentration,12,High,0,456,0.1828,0.0197
tfidf_full,XGBoost,BlackConcentration,12,High,1,456,0.296,0.0724
tfidf_full,XGBoost,BlackConcentration,12,High,2,503,0.3566,0.0915
tfidf_full,XGBoost,BlackConcentration,12,High,3,485,0.409,0.0907
tfidf_full,XGBoost,BlackConcentration,12,High,4,482,0.4585,0.1328
tfidf_full,XGBoost,BlackConcentration,12,High,5,476,0.5087,0.1597
tfidf_full,XGBoost,BlackConcentration,12,High,6,526,0.5565,0.1958
tfidf_full,XGBoost,BlackConcentration,12,High,7,509,0.6062,0.2259
tfidf_full,XGBoost,BlackConcentration,12,High,8,505,0.6626,0.2812
tfidf_full,XGBoost,BlackConcentration,12,High,9,500,0.7449,0.354
tfidf_full,XGBoost,SES_group,13,Low,0,653,0.1799,0.0322
tfidf_full,XGBoost,SES_group,13,Low,1,620,0.2861,0.0677
tfidf_full,XGBoost,SES_group,13,Low,2,607,0.3448,0.0824
tfidf_full,XGBoost,SES_group,13,Low,3,557,0.4003,0.1059
tfidf_full,XGBoost,SES_group,13,Low,4,559,0.4521,0.127
tfidf_full,XGBoost,SES_group,13,Low,5,543,0.5034,0.151
tfidf_full,XGBoost,SES_group,13,Low,6,526,0.5522,0.1882
tfidf_full,XGBoost,SES_group,13,Low,7,581,0.6011,0.222
tfidf_full,XGBoost,SES_group,13,Low,8,529,0.6608,0.2514
tfidf_full,XGBoost,SES_group,13,Low,9,511,0.7445,0.2955
tfidf_full,XGBoost,SES_group,13,High,0,237,0.1828,0.0295
tfidf_full,XGBoost,SES_group,13,High,1,241,0.2846,0.0539
tfidf_full,XGBoost,SES_group,13,High,2,299,0.3466,0.0836
tfidf_full,XGBoost,SES_group,13,High,3,320,0.4018,0.1281
tfidf_full,XGBoost,SES_group,13,High,4,302,0.4512,0.1026
tfidf_full,XGBoost,SES_group,13,High,5,328,0.5005,0.1646
tfidf_full,XGBoost,SES_group,13,High,6,303,0.5523,0.1749
tfidf_full,XGBoost,SES_group,13,High,7,316,0.6031,0.1962
tfidf_full,XGBoost,SES_group,13,High,8,312,0.6576,0.3077
tfidf_full,XGBoost,SES_group,13,High,9,345,0.7471,0.3594
tfidf_full,XGBoost,BlackConcentration,13,Low,0,211,0.1855,0.0284
tfidf_full,XGBoost,BlackConcentration,13,Low,1,216,0.2851,0.0463
tfidf_full,XGBoost,BlackConcentration,13,Low,2,229,0.3459,0.0917
tfidf_full,XGBoost,BlackConcentration,13,Low,3,235,0.3978,0.0979
tfidf_full,XGBoost,BlackConcentration,13,Low,4,222,0.4522,0.1126
tfidf_full,XGBoost,BlackConcentration,13,Low,5,214,0.5033,0.1729
tfidf_full,XGBoost,BlackConcentration,13,Low,6,198,0.5524,0.1414
tfidf_full,XGBoost,BlackConcentration,13,Low,7,233,0.6014,0.2017
tfidf_full,XGBoost,BlackConcentration,13,Low,8,216,0.6622,0.2593
tfidf_full,XGBoost,BlackConcentration,13,Low,9,196,0.7471,0.2755
tfidf_full,XGBoost,BlackConcentration,13,High,0,562,0.1789,0.032
tfidf_full,XGBoost,BlackConcentration,13,High,1,510,0.2845,0.0647
tfidf_full,XGBoost,BlackConcentration,13,High,2,543,0.3466,0.07
tfidf_full,XGBoost,BlackConcentration,13,High,3,546,0.4019,0.1227
tfidf_full,XGBoost,BlackConcentration,13,High,4,544,0.4517,0.1176
tfidf_full,XGBoost,BlackConcentration,13,High,5,559,0.5021,0.1699
tfidf_full,XGBoost,BlackConcentration,13,High,6,585,0.5525,0.1761
tfidf_full,XGBoost,BlackConcentration,13,High,7,584,0.6028,0.2089
tfidf_full,XGBoost,BlackConcentration,13,High,8,601,0.6586,0.2862
tfidf_full,XGBoost,BlackConcentration,13,High,9,594,0.7452,0.3653
tfidf_full,XGBoost,SES_group,14,Low,0,786,0.1674,0.0216
tfidf_full,XGBoost,SES_group,14,Low,1,702,0.2603,0.0556
tfidf_full,XGBoost,SES_group,14,Low,2,704,0.3198,0.0866
tfidf_full,XGBoost,SES_group,14,Low,3,670,0.3753,0.1164
tfidf_full,XGBoost,SES_group,14,Low,4,660,0.4282,0.1182
tfidf_full,XGBoost,SES_group,14,Low,5,648,0.48,0.1204
tfidf_full,XGBoost,SES_group,14,Low,6,646,0.5315,0.1486
tfidf_full,XGBoost,SES_group,14,Low,7,606,0.5851,0.2541
tfidf_full,XGBoost,SES_group,14,Low,8,657,0.6493,0.2953
tfidf_full,XGBoost,SES_group,14,Low,9,628,0.7364,0.301
tfidf_full,XGBoost,SES_group,14,High,0,305,0.1733,0.0426
tfidf_full,XGBoost,SES_group,14,High,1,322,0.2609,0.0714
tfidf_full,XGBoost,SES_group,14,High,2,286,0.32,0.0839
tfidf_full,XGBoost,SES_group,14,High,3,323,0.374,0.1053
tfidf_full,XGBoost,SES_group,14,High,4,352,0.4283,0.1023
tfidf_full,XGBoost,SES_group,14,High,5,363,0.482,0.1074
tfidf_full,XGBoost,SES_group,14,High,6,355,0.5317,0.1718
tfidf_full,XGBoost,SES_group,14,High,7,371,0.5852,0.1914
tfidf_full,XGBoost,SES_group,14,High,8,341,0.6488,0.2786
tfidf_full,XGBoost,SES_group,14,High,9,381,0.7381,0.3753
tfidf_full,XGBoost,BlackConcentration,14,Low,0,266,0.1745,0.0226
tfidf_full,XGBoost,BlackConcentration,14,Low,1,279,0.2608,0.0502
tfidf_full,XGBoost,BlackConcentration,14,Low,2,280,0.3194,0.1036
tfidf_full,XGBoost,BlackConcentration,14,Low,3,300,0.3741,0.1433
tfidf_full,XGBoost,BlackConcentration,14,Low,4,275,0.429,0.1236
tfidf_full,XGBoost,BlackConcentration,14,Low,5,256,0.4809,0.125
tfidf_full,XGBoost,BlackConcentration,14,Low,6,267,0.533,0.1723
tfidf_full,XGBoost,BlackConcentration,14,Low,7,241,0.5858,0.166
tfidf_full,XGBoost,BlackConcentration,14,Low,8,264,0.648,0.2652
tfidf_full,XGBoost,BlackConcentration,14,Low,9,256,0.7342,0.3359
tfidf_full,XGBoost,BlackConcentration,14,High,0,622,0.1702,0.0434
tfidf_full,XGBoost,BlackConcentration,14,High,1,681,0.2599,0.0558
tfidf_full,XGBoost,BlackConcentration,14,High,2,647,0.3205,0.085
tfidf_full,XGBoost,BlackConcentration,14,High,3,656,0.3751,0.1143
tfidf_full,XGBoost,BlackConcentration,14,High,4,614,0.4279,0.1075
tfidf_full,XGBoost,BlackConcentration,14,High,5,666,0.4801,0.1231
tfidf_full,XGBoost,BlackConcentration,14,High,6,654,0.5318,0.1743
tfidf_full,XGBoost,BlackConcentration,14,High,7,678,0.5862,0.2286
tfidf_full,XGBoost,BlackConcentration,14,High,8,656,0.6492,0.2957
tfidf_full,XGBoost,BlackConcentration,14,High,9,696,0.739,0.3563
tfidf_chi2,Logistic,SES_group,1,Low,0,59,0.1232,0.0508
tfidf_chi2,Logistic,SES_group,1,Low,1,55,0.2262,0.0909
tfidf_chi2,Logistic,SES_group,1,Low,2,61,0.3034,0.0328
tfidf_chi2,Logistic,SES_group,1,Low,3,44,0.3692,0.1136
tfidf_chi2,Logistic,SES_group,1,Low,4,52,0.4359,0.1731
tfidf_chi2,Logistic,SES_group,1,Low,5,46,0.4948,0.1087
tfidf_chi2,Logistic,SES_group,1,Low,6,41,0.5523,0.1707
tfidf_chi2,Logistic,SES_group,1,Low,7,52,0.6197,0.2692
tfidf_chi2,Logistic,SES_group,1,Low,8,57,0.7011,0.2456
tfidf_chi2,Logistic,SES_group,1,Low,9,48,0.8042,0.25
tfidf_chi2,Logistic,SES_group,1,High,0,21,0.1396,0.0952
tfidf_chi2,Logistic,SES_group,1,High,1,21,0.2161,0.1429
tfidf_chi2,Logistic,SES_group,1,High,2,17,0.3112,0.0
tfidf_chi2,Logistic,SES_group,1,High,3,26,0.3638,0.1154
tfidf_chi2,Logistic,SES_group,1,High,4,14,0.4329,0.0
tfidf_chi2,Logistic,SES_group,1,High,5,23,0.4934,0.1739
tfidf_chi2,Logistic,SES_group,1,High,6,25,0.5522,0.2
tfidf_chi2,Logistic,SES_group,1,High,7,23,0.6193,0.3043
tfidf_chi2,Logistic,SES_group,1,High,8,18,0.7025,0.1111
tfidf_chi2,Logistic,SES_group,1,High,9,26,0.8068,0.3462
tfidf_chi2,Logistic,BlackConcentration,1,Low,0,16,0.0969,0.0625
tfidf_chi2,Logistic,BlackConcentration,1,Low,1,18,0.2279,0.0556
tfidf_chi2,Logistic,BlackConcentration,1,Low,2,21,0.3102,0.0476
tfidf_chi2,Logistic,BlackConcentration,1,Low,3,10,0.3693,0.3
tfidf_chi2,Logistic,BlackConcentration,1,Low,4,22,0.436,0.2273
tfidf_chi2,Logistic,BlackConcentration,1,Low,5,16,0.4933,0.0625
tfidf_chi2,Logistic,BlackConcentration,1,Low,6,20,0.5563,0.25
tfidf_chi2,Logistic,BlackConcentration,1,Low,7,18,0.6217,0.3889
tfidf_chi2,Logistic,BlackConcentration,1,Low,8,18,0.7098,0.3333
tfidf_chi2,Logistic,BlackConcentration,1,Low,9,21,0.8215,0.1429
tfidf_chi2,Logistic,BlackConcentration,1,High,0,57,0.1296,0.0351
tfidf_chi2,Logistic,BlackConcentration,1,High,1,49,0.2247,0.0408
tfidf_chi2,Logistic,BlackConcentration,1,High,2,41,0.3071,0.0488
tfidf_chi2,Logistic,BlackConcentration,1,High,3,45,0.3638,0.1111
tfidf_chi2,Logistic,BlackConcentration,1,High,4,40,0.4362,0.1
tfidf_chi2,Logistic,BlackConcentration,1,High,5,42,0.4971,0.1905
tfidf_chi2,Logistic,BlackConcentration,1,High,6,43,0.5521,0.1628
tfidf_chi2,Logistic,BlackConcentration,1,High,7,49,0.6194,0.2857
tfidf_chi2,Logistic,BlackConcentration,1,High,8,51,0.701,0.2353
tfidf_chi2,Logistic,BlackConcentration,1,High,9,43,0.8032,0.2791
tfidf_chi2,Logistic,SES_group,2,Low,0,65,0.1153,0.0
tfidf_chi2,Logistic,SES_group,2,Low,1,59,0.1825,0.0
tfidf_chi2,Logistic,SES_group,2,Low,2,52,0.2322,0.0769
tfidf_chi2,Logistic,SES_group,2,Low,3,59,0.2882,0.0678
tfidf_chi2,Logistic,SES_group,2,Low,4,54,0.3521,0.1296
tfidf_chi2,Logistic,SES_group,2,Low,5,63,0.4121,0.1111
tfidf_chi2,Logistic,SES_group,2,Low,6,55,0.4847,0.0545
tfidf_chi2,Logistic,SES_group,2,Low,7,53,0.5825,0.1132
tfidf_chi2,Logistic,SES_group,2,Low,8,51,0.6624,0.1961
tfidf_chi2,Logistic,SES_group,2,Low,9,50,0.786,0.22
tfidf_chi2,Logistic,SES_group,2,High,0,18,0.1178,0.0556
tfidf_chi2,Logistic,SES_group,2,High,1,31,0.1859,0.129
tfidf_chi2,Logistic,SES_group,2,High,2,24,0.2298,0.0833
tfidf_chi2,Logistic,SES_group,2,High,3,23,0.2897,0.087
tfidf_chi2,Logistic,SES_group,2,High,4,28,0.3502,0.1071
tfidf_chi2,Logistic,SES_group,2,High,5,20,0.4221,0.2
tfidf_chi2,Logistic,SES_group,2,High,6,32,0.4927,0.1562
tfidf_chi2,Logistic,SES_group,2,High,7,27,0.5794,0.1852
tfidf_chi2,Logistic,SES_group,2,High,8,22,0.6547,0.1364
tfidf_chi2,Logistic,SES_group,2,High,9,38,0.7921,0.3158
tfidf_chi2,Logistic,SES_group,3,Low,0,81,0.144,0.0
tfidf_chi2,Logistic,SES_group,3,Low,1,65,0.2297,0.0
tfidf_chi2,Logistic,SES_group,3,Low,2,70,0.2906,0.0143
tfidf_chi2,Logistic,SES_group,3,Low,3,48,0.3462,0.0833
tfidf_chi2,Logistic,SES_group,3,Low,4,62,0.4067,0.0806
tfidf_chi2,Logistic,SES_group,3,Low,5,63,0.4696,0.1111
tfidf_chi2,Logistic,SES_group,3,Low,6,51,0.5415,0.1765
tfidf_chi2,Logistic,SES_group,3,Low,7,60,0.6061,0.1833
tfidf_chi2,Logistic,SES_group,3,Low,8,49,0.6852,0.1224
tfidf_chi2,Logistic,SES_group,3,Low,9,57,0.8161,0.3684
tfidf_chi2,Logistic,SES_group,3,High,0,20,0.1467,0.05
tfidf_chi2,Logistic,SES_group,3,High,1,25,0.2327,0.2
tfidf_chi2,Logistic,SES_group,3,High,2,21,0.2925,0.0952
tfidf_chi2,Logistic,SES_group,3,High,3,26,0.3507,0.0385
tfidf_chi2,Logistic,SES_group,3,High,4,32,0.4061,0.1562
tfidf_chi2,Logistic,SES_group,3,High,5,26,0.4816,0.1923
tfidf_chi2,Logistic,SES_group,3,High,6,37,0.5405,0.1622
tfidf_chi2,Logistic,SES_group,3,High,7,32,0.6072,0.125
tfidf_chi2,Logistic,SES_group,3,High,8,42,0.6935,0.3333
tfidf_chi2,Logistic,SES_group,3,High,9,31,0.815,0.4839
tfidf_chi2,Logistic,SES_group,4,Low,0,96,0.1306,0.0208
tfidf_chi2,Logistic,SES_group,4,Low,1,75,0.2141,0.04
tfidf_chi2,Logistic,SES_group,4,Low,2,85,0.2814,0.1176
tfidf_chi2,Logistic,SES_group,4,Low,3,88,0.3506,0.0795
tfidf_chi2,Logistic,SES_group,4,Low,4,82,0.4163,0.1098
tfidf_chi2,Logistic,SES_group,4,Low,5,69,0.479,0.1884
tfidf_chi2,Logistic,SES_group,4,Low,6,96,0.5442,0.125
tfidf_chi2,Logistic,SES_group,4,Low,7,80,0.612,0.2375
tfidf_chi2,Logistic,SES_group,4,Low,8,77,0.6938,0.2338
tfidf_chi2,Logistic,SES_group,4,Low,9,66,0.8098,0.2576
tfidf_chi2,Logistic,SES_group,4,High,0,32,0.1351,0.0
tfidf_chi2,Logistic,SES_group,4,High,1,50,0.2171,0.0
tfidf_chi2,Logistic,SES_group,4,High,2,35,0.2858,0.0286
tfidf_chi2,Logistic,SES_group,4,High,3,40,0.3476,0.05
tfidf_chi2,Logistic,SES_group,4,High,4,40,0.4138,0.1
tfidf_chi2,Logistic,SES_group,4,High,5,46,0.4836,0.087
tfidf_chi2,Logistic,SES_group,4,High,6,27,0.5503,0.2222
tfidf_chi2,Logistic,SES_group,4,High,7,49,0.6225,0.2041
tfidf_chi2,Logistic,SES_group,4,High,8,34,0.6984,0.3235
tfidf_chi2,Logistic,SES_group,4,High,9,44,0.8045,0.4091
tfidf_chi2,Logistic,BlackConcentration,4,Low,0,25,0.1337,0.04
tfidf_chi2,Logistic,BlackConcentration,4,Low,1,24,0.2149,0.0833
tfidf_chi2,Logistic,BlackConcentration,4,Low,2,15,0.2803,0.2
tfidf_chi2,Logistic,BlackConcentration,4,Low,3,21,0.3601,0.0952
tfidf_chi2,Logistic,BlackConcentration,4,Low,4,31,0.416,0.0968
tfidf_chi2,Logistic,BlackConcentration,4,Low,5,22,0.4798,0.1364
tfidf_chi2,Logistic,BlackConcentration,4,Low,6,30,0.5463,0.1333
tfidf_chi2,Logistic,BlackConcentration,4,Low,7,25,0.6219,0.28
tfidf_chi2,Logistic,BlackConcentration,4,Low,8,34,0.6943,0.2941
tfidf_chi2,Logistic,BlackConcentration,4,Low,9,22,0.8185,0.1818
tfidf_chi2,Logistic,BlackConcentration,4,High,0,81,0.1323,0.037
tfidf_chi2,Logistic,BlackConcentration,4,High,1,83,0.2144,0.0602
tfidf_chi2,Logistic,BlackConcentration,4,High,2,93,0.2852,0.043
tfidf_chi2,Logistic,BlackConcentration,4,High,3,87,0.3511,0.092
tfidf_chi2,Logistic,BlackConcentration,4,High,4,79,0.4154,0.1266
tfidf_chi2,Logistic,BlackConcentration,4,High,5,78,0.4835,0.1282
tfidf_chi2,Logistic,BlackConcentration,4,High,6,77,0.5436,0.1299
tfidf_chi2,Logistic,BlackConcentration,4,High,7,80,0.6144,0.2625
tfidf_chi2,Logistic,BlackConcentration,4,High,8,84,0.6968,0.2381
tfidf_chi2,Logistic,BlackConcentration,4,High,9,99,0.8104,0.3636
tfidf_chi2,Logistic,SES_group,5,Low,0,108,0.152,0.0093
tfidf_chi2,Logistic,SES_group,5,Low,1,88,0.2278,0.0795
tfidf_chi2,Logistic,SES_group,5,Low,2,93,0.2926,0.0968
tfidf_chi2,Logistic,SES_group,5,Low,3,96,0.3489,0.0938
tfidf_chi2,Logistic,SES_group,5,Low,4,97,0.4066,0.0928
tfidf_chi2,Logistic,SES_group,5,Low,5,82,0.4679,0.1098
tfidf_chi2,Logistic,SES_group,5,Low,6,81,0.5283,0.1605
tfidf_chi2,Logistic,SES_group,5,Low,7,107,0.5935,0.2336
tfidf_chi2,Logistic,SES_group,5,Low,8,93,0.6716,0.2366
tfidf_chi2,Logistic,SES_group,5,Low,9,65,0.7767,0.4615
tfidf_chi2,Logistic,SES_group,5,High,0,30,0.1496,0.0
tfidf_chi2,Logistic,SES_group,5,High,1,39,0.2253,0.1026
tfidf_chi2,Logistic,SES_group,5,High,2,35,0.2886,0.0286
tfidf_chi2,Logistic,SES_group,5,High,3,41,0.3542,0.0732
tfidf_chi2,Logistic,SES_group,5,High,4,36,0.4043,0.0556
tfidf_chi2,Logistic,SES_group,5,High,5,50,0.4662,0.18
tfidf_chi2,Logistic,SES_group,5,High,6,50,0.5288,0.1
tfidf_chi2,Logistic,SES_group,5,High,7,37,0.5938,0.1892
tfidf_chi2,Logistic,SES_group,5,High,8,44,0.6728,0.25
tfidf_chi2,Logistic,SES_group,5,High,9,68,0.7924,0.3088
tfidf_chi2,Logistic,BlackConcentration,5,Low,0,30,0.1524,0.0333
tfidf_chi2,Logistic,BlackConcentration,5,Low,1,30,0.2231,0.0333
tfidf_chi2,Logistic,BlackConcentration,5,Low,2,37,0.2953,0.0541
tfidf_chi2,Logistic,BlackConcentration,5,Low,3,20,0.3532,0.2
tfidf_chi2,Logistic,BlackConcentration,5,Low,4,29,0.4074,0.069
tfidf_chi2,Logistic,BlackConcentration,5,Low,5,35,0.4706,0.0571
tfidf_chi2,Logistic,BlackConcentration,5,Low,6,27,0.5264,0.1111
tfidf_chi2,Logistic,BlackConcentration,5,Low,7,26,0.5926,0.2692
tfidf_chi2,Logistic,BlackConcentration,5,Low,8,30,0.6702,0.2333
tfidf_chi2,Logistic,BlackConcentration,5,Low,9,29,0.7846,0.4483
tfidf_chi2,Logistic,BlackConcentration,5,High,0,95,0.1502,0.0
tfidf_chi2,Logistic,BlackConcentration,5,High,1,92,0.2284,0.0326
tfidf_chi2,Logistic,BlackConcentration,5,High,2,86,0.2916,0.093
tfidf_chi2,Logistic,BlackConcentration,5,High,3,97,0.3479,0.0722
tfidf_chi2,Logistic,BlackConcentration,5,High,4,88,0.4048,0.1136
tfidf_chi2,Logistic,BlackConcentration,5,High,5,92,0.4686,0.1304
tfidf_chi2,Logistic,BlackConcentration,5,High,6,95,0.5297,0.0842
tfidf_chi2,Logistic,BlackConcentration,5,High,7,86,0.5938,0.2791
tfidf_chi2,Logistic,BlackConcentration,5,High,8,79,0.6721,0.2278
tfidf_chi2,Logistic,BlackConcentration,5,High,9,99,0.7871,0.4343
tfidf_chi2,Logistic,SES_group,6,Low,0,116,0.2056,0.0431
tfidf_chi2,Logistic,SES_group,6,Low,1,99,0.3082,0.1111
tfidf_chi2,Logistic,SES_group,6,Low,2,97,0.376,0.1134
tfidf_chi2,Logistic,SES_group,6,Low,3,93,0.4374,0.0753
tfidf_chi2,Logistic,SES_group,6,Low,4,101,0.4902,0.1287
tfidf_chi2,Logistic,SES_group,6,Low,5,92,0.5453,0.1413
tfidf_chi2,Logistic,SES_group,6,Low,6,90,0.5995,0.2778
tfidf_chi2,Logistic,SES_group,6,Low,7,95,0.6589,0.2105
tfidf_chi2,Logistic,SES_group,6,Low,8,97,0.7249,0.3711
tfidf_chi2,Logistic,SES_group,6,Low,9,79,0.797,0.4177
tfidf_chi2,Logistic,SES_group,6,High,0,38,0.2129,0.0526
tfidf_chi2,Logistic,SES_group,6,High,1,45,0.3096,0.1333
tfidf_chi2,Logistic,SES_group,6,High,2,52,0.3745,0.1538
tfidf_chi2,Logistic,SES_group,6,High,3,50,0.4376,0.12
tfidf_chi2,Logistic,SES_group,6,High,4,47,0.4916,0.1915
tfidf_chi2,Logistic,SES_group,6,High,5,46,0.5439,0.2826
tfidf_chi2,Logistic,SES_group,6,High,6,55,0.5987,0.2909
tfidf_chi2,Logistic,SES_group,6,High,7,63,0.6586,0.1905
tfidf_chi2,Logistic,SES_group,6,High,8,50,0.7173,0.32
tfidf_chi2,Logistic,SES_group,6,High,9,61,0.8088,0.2623
tfidf_chi2,Logistic,BlackConcentration,6,Low,0,28,0.2201,0.0357
tfidf_chi2,Logistic,BlackConcentration,6,Low,1,30,0.3013,0.1
tfidf_chi2,Logistic,BlackConcentration,6,Low,2,35,0.3703,0.1143
tfidf_chi2,Logistic,BlackConcentration,6,Low,3,42,0.4359,0.0238
tfidf_chi2,Logistic,BlackConcentration,6,Low,4,41,0.4914,0.1951
tfidf_chi2,Logistic,BlackConcentration,6,Low,5,47,0.548,0.1702
tfidf_chi2,Logistic,BlackConcentration,6,Low,6,36,0.5944,0.2778
tfidf_chi2,Logistic,BlackConcentration,6,Low,7,39,0.6577,0.2051
tfidf_chi2,Logistic,BlackConcentration,6,Low,8,24,0.7295,0.2917
tfidf_chi2,Logistic,BlackConcentration,6,Low,9,27,0.8063,0.3704
tfidf_chi2,Logistic,BlackConcentration,6,High,0,108,0.2049,0.037
tfidf_chi2,Logistic,BlackConcentration,6,High,1,123,0.3103,0.0976
tfidf_chi2,Logistic,BlackConcentration,6,High,2,84,0.3736,0.119
tfidf_chi2,Logistic,BlackConcentration,6,High,3,97,0.438,0.0722
tfidf_chi2,Logistic,BlackConcentration,6,High,4,97,0.4922,0.134
tfidf_chi2,Logistic,BlackConcentration,6,High,5,78,0.5434,0.2692
tfidf_chi2,Logistic,BlackConcentration,6,High,6,98,0.599,0.2857
tfidf_chi2,Logistic,BlackConcentration,6,High,7,94,0.6593,0.2447
tfidf_chi2,Logistic,BlackConcentration,6,High,8,113,0.7187,0.292
tfidf_chi2,Logistic,BlackConcentration,6,High,9,110,0.8061,0.3727
tfidf_chi2,Logistic,SES_group,7,Low,0,147,0.1764,0.0408
tfidf_chi2,Logistic,SES_group,7,Low,1,129,0.2564,0.0698
tfidf_chi2,Logistic,SES_group,7,Low,2,142,0.3146,0.0775
tfidf_chi2,Logistic,SES_group,7,Low,3,116,0.3677,0.1034
tfidf_chi2,Logistic,SES_group,7,Low,4,129,0.4214,0.1085
tfidf_chi2,Logistic,SES_group,7,Low,5,113,0.4745,0.1416
tfidf_chi2,Logistic,SES_group,7,Low,6,118,0.5314,0.178
tfidf_chi2,Logistic,SES_group,7,Low,7,94,0.5921,0.1915
tfidf_chi2,Logistic,SES_group,7,Low,8,106,0.6696,0.217
tfidf_chi2,Logistic,SES_group,7,Low,9,117,0.7818,0.3504
tfidf_chi2,Logistic,SES_group,7,High,0,59,0.1827,0.0339
tfidf_chi2,Logistic,SES_group,7,High,1,58,0.2583,0.0345
tfidf_chi2,Logistic,SES_group,7,High,2,59,0.3146,0.1017
tfidf_chi2,Logistic,SES_group,7,High,3,70,0.3714,0.1
tfidf_chi2,Logistic,SES_group,7,High,4,63,0.4213,0.0476
tfidf_chi2,Logistic,SES_group,7,High,5,73,0.4753,0.1096
tfidf_chi2,Logistic,SES_group,7,High,6,72,0.5288,0.1667
tfidf_chi2,Logistic,SES_group,7,High,7,73,0.5904,0.2877
tfidf_chi2,Logistic,SES_group,7,High,8,79,0.6719,0.3038
tfidf_chi2,Logistic,SES_group,7,High,9,70,0.7866,0.3857
tfidf_chi2,Logistic,BlackConcentration,7,Low,0,38,0.1799,0.0526
tfidf_chi2,Logistic,BlackConcentration,7,Low,1,52,0.2579,0.0769
tfidf_chi2,Logistic,BlackConcentration,7,Low,2,34,0.315,0.0588
tfidf_chi2,Logistic,BlackConcentration,7,Low,3,31,0.3652,0.129
tfidf_chi2,Logistic,BlackConcentration,7,Low,4,50,0.4241,0.04
tfidf_chi2,Logistic,BlackConcentration,7,Low,5,38,0.474,0.1053
tfidf_chi2,Logistic,BlackConcentration,7,Low,6,50,0.5339,0.22
tfidf_chi2,Logistic,BlackConcentration,7,Low,7,43,0.5927,0.186
tfidf_chi2,Logistic,BlackConcentration,7,Low,8,45,0.6685,0.2222
tfidf_chi2,Logistic,BlackConcentration,7,Low,9,47,0.7794,0.3617
tfidf_chi2,Logistic,BlackConcentration,7,High,0,134,0.1779,0.0522
tfidf_chi2,Logistic,BlackConcentration,7,High,1,106,0.2586,0.0566
tfidf_chi2,Logistic,BlackConcentration,7,High,2,131,0.3139,0.0534
tfidf_chi2,Logistic,BlackConcentration,7,High,3,134,0.3692,0.0896
tfidf_chi2,Logistic,BlackConcentration,7,High,4,129,0.4218,0.1008
tfidf_chi2,Logistic,BlackConcentration,7,High,5,140,0.4737,0.15
tfidf_chi2,Logistic,BlackConcentration,7,High,6,125,0.5299,0.16
tfidf_chi2,Logistic,BlackConcentration,7,High,7,121,0.5936,0.2479
tfidf_chi2,Logistic,BlackConcentration,7,High,8,118,0.6753,0.2288
tfidf_chi2,Logistic,BlackConcentration,7,High,9,138,0.7798,0.3478
tfidf_chi2,Logistic,SES_group,8,Low,0,195,0.1719,0.0615
tfidf_chi2,Logistic,SES_group,8,Low,1,199,0.2944,0.1005
tfidf_chi2,Logistic,SES_group,8,Low,2,170,0.3756,0.0941
tfidf_chi2,Logistic,SES_group,8,Low,3,158,0.439,0.1392
tfidf_chi2,Logistic,SES_group,8,Low,4,172,0.5002,0.1221
tfidf_chi2,Logistic,SES_group,8,Low,5,161,0.5552,0.1925
tfidf_chi2,Logistic,SES_group,8,Low,6,173,0.6042,0.2254
tfidf_chi2,Logistic,SES_group,8,Low,7,156,0.6629,0.2821
tfidf_chi2,Logistic,SES_group,8,Low,8,174,0.7346,0.2586
tfidf_chi2,Logistic,SES_group,8,Low,9,157,0.8256,0.3567
tfidf_chi2,Logistic,SES_group,8,High,0,80,0.1803,0.0125
tfidf_chi2,Logistic,SES_group,8,High,1,81,0.2974,0.0741
tfidf_chi2,Logistic,SES_group,8,High,2,78,0.3738,0.141
tfidf_chi2,Logistic,SES_group,8,High,3,88,0.4413,0.0909
tfidf_chi2,Logistic,SES_group,8,High,4,86,0.5,0.1512
tfidf_chi2,Logistic,SES_group,8,High,5,88,0.5535,0.2045
tfidf_chi2,Logistic,SES_group,8,High,6,72,0.6044,0.2222
tfidf_chi2,Logistic,SES_group,8,High,7,99,0.6664,0.2727
tfidf_chi2,Logistic,SES_group,8,High,8,81,0.7311,0.2716
tfidf_chi2,Logistic,SES_group,8,High,9,85,0.8283,0.4471
tfidf_chi2,Logistic,BlackConcentration,8,Low,0,65,0.1712,0.0154
tfidf_chi2,Logistic,BlackConcentration,8,Low,1,66,0.2955,0.0758
tfidf_chi2,Logistic,BlackConcentration,8,Low,2,53,0.3748,0.1509
tfidf_chi2,Logistic,BlackConcentration,8,Low,3,59,0.4397,0.1864
tfidf_chi2,Logistic,BlackConcentration,8,Low,4,60,0.501,0.2
tfidf_chi2,Logistic,BlackConcentration,8,Low,5,54,0.5574,0.2222
tfidf_chi2,Logistic,BlackConcentration,8,Low,6,48,0.6024,0.25
tfidf_chi2,Logistic,BlackConcentration,8,Low,7,52,0.6635,0.2308
tfidf_chi2,Logistic,BlackConcentration,8,Low,8,45,0.7417,0.2222
tfidf_chi2,Logistic,BlackConcentration,8,Low,9,53,0.8305,0.4151
tfidf_chi2,Logistic,BlackConcentration,8,High,0,177,0.1751,0.0508
tfidf_chi2,Logistic,BlackConcentration,8,High,1,153,0.2956,0.1111
tfidf_chi2,Logistic,BlackConcentration,8,High,2,177,0.3747,0.1073
tfidf_chi2,Logistic,BlackConcentration,8,High,3,173,0.4409,0.1214
tfidf_chi2,Logistic,BlackConcentration,8,High,4,180,0.4997,0.1222
tfidf_chi2,Logistic,BlackConcentration,8,High,5,187,0.5541,0.2406
tfidf_chi2,Logistic,BlackConcentration,8,High,6,176,0.6031,0.25
tfidf_chi2,Logistic,BlackConcentration,8,High,7,194,0.6654,0.2577
tfidf_chi2,Logistic,BlackConcentration,8,High,8,191,0.7335,0.2356
tfidf_chi2,Logistic,BlackConcentration,8,High,9,175,0.8294,0.4229
tfidf_chi2,Logistic,SES_group,9,Low,0,325,0.1316,0.04
tfidf_chi2,Logistic,SES_group,9,Low,1,271,0.237,0.0406
tfidf_chi2,Logistic,SES_group,9,Low,2,284,0.309,0.0845
tfidf_chi2,Logistic,SES_group,9,Low,3,264,0.3718,0.1288
tfidf_chi2,Logistic,SES_group,9,Low,4,283,0.43,0.1131
tfidf_chi2,Logistic,SES_group,9,Low,5,226,0.4871,0.1062
tfidf_chi2,Logistic,SES_group,9,Low,6,252,0.5459,0.1548
tfidf_chi2,Logistic,SES_group,9,Low,7,233,0.6109,0.2232
tfidf_chi2,Logistic,SES_group,9,Low,8,234,0.6946,0.2436
tfidf_chi2,Logistic,SES_group,9,Low,9,223,0.817,0.3901
tfidf_chi2,Logistic,SES_group,9,High,0,112,0.1363,0.0536
tfidf_chi2,Logistic,SES_group,9,High,1,133,0.237,0.0602
tfidf_chi2,Logistic,SES_group,9,High,2,136,0.3082,0.1103
tfidf_chi2,Logistic,SES_group,9,High,3,135,0.3708,0.0519
tfidf_chi2,Logistic,SES_group,9,High,4,116,0.4283,0.0862
tfidf_chi2,Logistic,SES_group,9,High,5,151,0.4862,0.1656
tfidf_chi2,Logistic,SES_group,9,High,6,156,0.5442,0.1731
tfidf_chi2,Logistic,SES_group,9,High,7,149,0.6107,0.1678
tfidf_chi2,Logistic,SES_group,9,High,8,178,0.6941,0.2753
tfidf_chi2,Logistic,SES_group,9,High,9,163,0.8151,0.3313
tfidf_chi2,Logistic,BlackConcentration,9,Low,0,110,0.1355,0.0182
tfidf_chi2,Logistic,BlackConcentration,9,Low,1,92,0.2378,0.0326
tfidf_chi2,Logistic,BlackConcentration,9,Low,2,109,0.3091,0.0917
tfidf_chi2,Logistic,BlackConcentration,9,Low,3,100,0.3729,0.11
tfidf_chi2,Logistic,BlackConcentration,9,Low,4,107,0.4316,0.0935
tfidf_chi2,Logistic,BlackConcentration,9,Low,5,99,0.4852,0.1414
tfidf_chi2,Logistic,BlackConcentration,9,Low,6,102,0.5451,0.1569
tfidf_chi2,Logistic,BlackConcentration,9,Low,7,96,0.609,0.1979
tfidf_chi2,Logistic,BlackConcentration,9,Low,8,107,0.6978,0.3084
tfidf_chi2,Logistic,BlackConcentration,9,Low,9,98,0.8156,0.2551
tfidf_chi2,Logistic,BlackConcentration,9,High,0,272,0.1354,0.0551
tfidf_chi2,Logistic,BlackConcentration,9,High,1,292,0.2372,0.0651
tfidf_chi2,Logistic,BlackConcentration,9,High,2,272,0.3065,0.0625
tfidf_chi2,Logistic,BlackConcentration,9,High,3,247,0.3722,0.0769
tfidf_chi2,Logistic,BlackConcentration,9,High,4,252,0.4296,0.1032
tfidf_chi2,Logistic,BlackConcentration,9,High,5,276,0.4877,0.1449
tfidf_chi2,Logistic,BlackConcentration,9,High,6,256,0.5458,0.1914
tfidf_chi2,Logistic,BlackConcentration,9,High,7,277,0.6124,0.2238
tfidf_chi2,Logistic,BlackConcentration,9,High,8,291,0.692,0.2405
tfidf_chi2,Logistic,BlackConcentration,9,High,9,280,0.8178,0.3393
tfidf_chi2,Logistic,SES_group,10,Low,0,337,0.1563,0.0267
tfidf_chi2,Logistic,SES_group,10,Low,1,307,0.2482,0.0619
tfidf_chi2,Logistic,SES_group,10,Low,2,258,0.3118,0.0775
tfidf_chi2,Logistic,SES_group,10,Low,3,269,0.366,0.0818
tfidf_chi2,Logistic,SES_group,10,Low,4,285,0.4195,0.1123
tfidf_chi2,Logistic,SES_group,10,Low,5,262,0.4763,0.1603
tfidf_chi2,Logistic,SES_group,10,Low,6,260,0.5291,0.2077
tfidf_chi2,Logistic,SES_group,10,Low,7,270,0.593,0.1667
tfidf_chi2,Logistic,SES_group,10,Low,8,239,0.6664,0.2218
tfidf_chi2,Logistic,SES_group,10,Low,9,224,0.7765,0.3393
tfidf_chi2,Logistic,SES_group,10,High,0,113,0.1557,0.0442
tfidf_chi2,Logistic,SES_group,10,High,1,119,0.25,0.0672
tfidf_chi2,Logistic,SES_group,10,High,2,148,0.3145,0.1149
tfidf_chi2,Logistic,SES_group,10,High,3,126,0.3685,0.0714
tfidf_chi2,Logistic,SES_group,10,High,4,120,0.42,0.0667
tfidf_chi2,Logistic,SES_group,10,High,5,139,0.4742,0.1727
tfidf_chi2,Logistic,SES_group,10,High,6,150,0.5321,0.1267
tfidf_chi2,Logistic,SES_group,10,High,7,137,0.5924,0.1387
tfidf_chi2,Logistic,SES_group,10,High,8,156,0.6655,0.2949
tfidf_chi2,Logistic,SES_group,10,High,9,148,0.7781,0.3649
tfidf_chi2,Logistic,BlackConcentration,10,Low,0,93,0.1536,0.043
tfidf_chi2,Logistic,BlackConcentration,10,Low,1,112,0.2464,0.0714
tfidf_chi2,Logistic,BlackConcentration,10,Low,2,102,0.3138,0.098
tfidf_chi2,Logistic,BlackConcentration,10,Low,3,104,0.3652,0.0865
tfidf_chi2,Logistic,BlackConcentration,10,Low,4,109,0.419,0.1009
tfidf_chi2,Logistic,BlackConcentration,10,Low,5,100,0.4752,0.15
tfidf_chi2,Logistic,BlackConcentration,10,Low,6,101,0.5282,0.1584
tfidf_chi2,Logistic,BlackConcentration,10,Low,7,91,0.594,0.1868
tfidf_chi2,Logistic,BlackConcentration,10,Low,8,96,0.6667,0.2188
tfidf_chi2,Logistic,BlackConcentration,10,Low,9,104,0.7773,0.2692
tfidf_chi2,Logistic,BlackConcentration,10,High,0,278,0.1555,0.0324
tfidf_chi2,Logistic,BlackConcentration,10,High,1,250,0.2509,0.08
tfidf_chi2,Logistic,BlackConcentration,10,High,2,269,0.312,0.0967
tfidf_chi2,Logistic,BlackConcentration,10,High,3,253,0.3675,0.0949
tfidf_chi2,Logistic,BlackConcentration,10,High,4,250,0.4194,0.152
tfidf_chi2,Logistic,BlackConcentration,10,High,5,273,0.4743,0.1502
tfidf_chi2,Logistic,BlackConcentration,10,High,6,270,0.5318,0.1519
tfidf_chi2,Logistic,BlackConcentration,10,High,7,282,0.5928,0.1773
tfidf_chi2,Logistic,BlackConcentration,10,High,8,290,0.6674,0.2931
tfidf_chi2,Logistic,BlackConcentration,10,High,9,279,0.7805,0.3978
tfidf_chi2,Logistic,SES_group,11,Low,0,455,0.1601,0.0308
tfidf_chi2,Logistic,SES_group,11,Low,1,396,0.2571,0.0581
tfidf_chi2,Logistic,SES_group,11,Low,2,369,0.3225,0.0894
tfidf_chi2,Logistic,SES_group,11,Low,3,374,0.3814,0.0882
tfidf_chi2,Logistic,SES_group,11,Low,4,350,0.4378,0.1371
tfidf_chi2,Logistic,SES_group,11,Low,5,355,0.4871,0.1268
tfidf_chi2,Logistic,SES_group,11,Low,6,368,0.5455,0.1467
tfidf_chi2,Logistic,SES_group,11,Low,7,332,0.605,0.2259
tfidf_chi2,Logistic,SES_group,11,Low,8,334,0.6709,0.2605
tfidf_chi2,Logistic,SES_group,11,Low,9,314,0.7864,0.3217
tfidf_chi2,Logistic,SES_group,11,High,0,138,0.1602,0.029
tfidf_chi2,Logistic,SES_group,11,High,1,173,0.2587,0.0173
tfidf_chi2,Logistic,SES_group,11,High,2,176,0.3241,0.0795
tfidf_chi2,Logistic,SES_group,11,High,3,194,0.3834,0.0567
tfidf_chi2,Logistic,SES_group,11,High,4,206,0.4359,0.1262
tfidf_chi2,Logistic,SES_group,11,High,5,204,0.4893,0.1765
tfidf_chi2,Logistic,SES_group,11,High,6,183,0.5461,0.1639
tfidf_chi2,Logistic,SES_group,11,High,7,189,0.6048,0.1746
tfidf_chi2,Logistic,SES_group,11,High,8,232,0.6732,0.2931
tfidf_chi2,Logistic,SES_group,11,High,9,205,0.787,0.3415
tfidf_chi2,Logistic,BlackConcentration,11,Low,0,158,0.1572,0.0127
tfidf_chi2,Logistic,BlackConcentration,11,Low,1,131,0.2572,0.0305
tfidf_chi2,Logistic,BlackConcentration,11,Low,2,135,0.3193,0.0963
tfidf_chi2,Logistic,BlackConcentration,11,Low,3,138,0.3789,0.0725
tfidf_chi2,Logistic,BlackConcentration,11,Low,4,141,0.4365,0.1206
tfidf_chi2,Logistic,BlackConcentration,11,Low,5,143,0.4897,0.0769
tfidf_chi2,Logistic,BlackConcentration,11,Low,6,130,0.5452,0.1385
tfidf_chi2,Logistic,BlackConcentration,11,Low,7,133,0.6065,0.2256
tfidf_chi2,Logistic,BlackConcentration,11,Low,8,130,0.6689,0.2462
tfidf_chi2,Logistic,BlackConcentration,11,Low,9,139,0.7901,0.2374
tfidf_chi2,Logistic,BlackConcentration,11,High,0,331,0.1631,0.0393
tfidf_chi2,Logistic,BlackConcentration,11,High,1,368,0.259,0.0598
tfidf_chi2,Logistic,BlackConcentration,11,High,2,353,0.3242,0.0793
tfidf_chi2,Logistic,BlackConcentration,11,High,3,356,0.3813,0.0787
tfidf_chi2,Logistic,BlackConcentration,11,High,4,362,0.4376,0.116
tfidf_chi2,Logistic,BlackConcentration,11,High,5,350,0.4887,0.1714
tfidf_chi2,Logistic,BlackConcentration,11,High,6,352,0.5458,0.1875
tfidf_chi2,Logistic,BlackConcentration,11,High,7,345,0.6055,0.1913
tfidf_chi2,Logistic,BlackConcentration,11,High,8,367,0.6713,0.2398
tfidf_chi2,Logistic,BlackConcentration,11,High,9,379,0.7869,0.3034
tfidf_chi2,Logistic,SES_group,12,Low,0,548,0.1681,0.0201
tfidf_chi2,Logistic,SES_group,12,Low,1,528,0.2715,0.0682
tfidf_chi2,Logistic,SES_group,12,Low,2,479,0.3392,0.0647
tfidf_chi2,Logistic,SES_group,12,Low,3,471,0.3954,0.1062
tfidf_chi2,Logistic,SES_group,12,Low,4,463,0.4481,0.1188
tfidf_chi2,Logistic,SES_group,12,Low,5,476,0.5012,0.166
tfidf_chi2,Logistic,SES_group,12,Low,6,431,0.5524,0.1926
tfidf_chi2,Logistic,SES_group,12,Low,7,437,0.6101,0.2357
tfidf_chi2,Logistic,SES_group,12,Low,8,451,0.6781,0.2328
tfidf_chi2,Logistic,SES_group,12,Low,9,421,0.7825,0.323
tfidf_chi2,Logistic,SES_group,12,High,0,185,0.1756,0.0378
tfidf_chi2,Logistic,SES_group,12,High,1,248,0.2729,0.0605
tfidf_chi2,Logistic,SES_group,12,High,2,268,0.3395,0.0597
tfidf_chi2,Logistic,SES_group,12,High,3,276,0.3964,0.0833
tfidf_chi2,Logistic,SES_group,12,High,4,246,0.4485,0.1707
tfidf_chi2,Logistic,SES_group,12,High,5,269,0.5004,0.1301
tfidf_chi2,Logistic,SES_group,12,High,6,264,0.5532,0.2008
tfidf_chi2,Logistic,SES_group,12,High,7,306,0.6103,0.2516
tfidf_chi2,Logistic,SES_group,12,High,8,265,0.6785,0.2642
tfidf_chi2,Logistic,SES_group,12,High,9,281,0.7764,0.3808
tfidf_chi2,Logistic,BlackConcentration,12,Low,0,204,0.1722,0.0245
tfidf_chi2,Logistic,BlackConcentration,12,Low,1,190,0.271,0.0632
tfidf_chi2,Logistic,BlackConcentration,12,Low,2,189,0.3401,0.0582
tfidf_chi2,Logistic,BlackConcentration,12,Low,3,167,0.3946,0.0898
tfidf_chi2,Logistic,BlackConcentration,12,Low,4,178,0.4499,0.1348
tfidf_chi2,Logistic,BlackConcentration,12,Low,5,182,0.5027,0.1648
tfidf_chi2,Logistic,BlackConcentration,12,Low,6,195,0.5525,0.1744
tfidf_chi2,Logistic,BlackConcentration,12,Low,7,163,0.6094,0.2147
tfidf_chi2,Logistic,BlackConcentration,12,Low,8,176,0.6778,0.2557
tfidf_chi2,Logistic,BlackConcentration,12,Low,9,148,0.7789,0.3581
tfidf_chi2,Logistic,BlackConcentration,12,High,0,458,0.1702,0.0262
tfidf_chi2,Logistic,BlackConcentration,12,High,1,447,0.2714,0.0626
tfidf_chi2,Logistic,BlackConcentration,12,High,2,455,0.3385,0.0593
tfidf_chi2,Logistic,BlackConcentration,12,High,3,490,0.3955,0.1122
tfidf_chi2,Logistic,BlackConcentration,12,High,4,487,0.4478,0.1458
tfidf_chi2,Logistic,BlackConcentration,12,High,5,492,0.5001,0.1565
tfidf_chi2,Logistic,BlackConcentration,12,High,6,532,0.5528,0.1992
tfidf_chi2,Logistic,BlackConcentration,12,High,7,518,0.6103,0.2143
tfidf_chi2,Logistic,BlackConcentration,12,High,8,504,0.679,0.2718
tfidf_chi2,Logistic,BlackConcentration,12,High,9,515,0.7791,0.3592
tfidf_chi2,Logistic,SES_group,13,Low,0,665,0.1764,0.0331
tfidf_chi2,Logistic,SES_group,13,Low,1,643,0.2722,0.0747
tfidf_chi2,Logistic,SES_group,13,Low,2,585,0.3381,0.0684
tfidf_chi2,Logistic,SES_group,13,Low,3,581,0.3941,0.1325
tfidf_chi2,Logistic,SES_group,13,Low,4,573,0.4471,0.1257
tfidf_chi2,Logistic,SES_group,13,Low,5,515,0.4982,0.1379
tfidf_chi2,Logistic,SES_group,13,Low,6,539,0.5504,0.18
tfidf_chi2,Logistic,SES_group,13,Low,7,562,0.6069,0.2384
tfidf_chi2,Logistic,SES_group,13,Low,8,526,0.6768,0.2529
tfidf_chi2,Logistic,SES_group,13,Low,9,497,0.7798,0.2877
tfidf_chi2,Logistic,SES_group,13,High,0,238,0.1816,0.0336
tfidf_chi2,Logistic,SES_group,13,High,1,241,0.2747,0.0498
tfidf_chi2,Logistic,SES_group,13,High,2,276,0.3382,0.1051
tfidf_chi2,Logistic,SES_group,13,High,3,299,0.3946,0.0836
tfidf_chi2,Logistic,SES_group,13,High,4,305,0.4467,0.1377
tfidf_chi2,Logistic,SES_group,13,High,5,340,0.4984,0.1147
tfidf_chi2,Logistic,SES_group,13,High,6,315,0.5494,0.1746
tfidf_chi2,Logistic,SES_group,13,High,7,313,0.6087,0.2396
tfidf_chi2,Logistic,SES_group,13,High,8,331,0.6772,0.2508
tfidf_chi2,Logistic,SES_group,13,High,9,345,0.7855,0.4
tfidf_chi2,Logistic,BlackConcentration,13,Low,0,229,0.1807,0.0349
tfidf_chi2,Logistic,BlackConcentration,13,Low,1,245,0.2737,0.0531
tfidf_chi2,Logistic,BlackConcentration,13,Low,2,232,0.3371,0.0862
tfidf_chi2,Logistic,BlackConcentration,13,Low,3,223,0.3946,0.1345
tfidf_chi2,Logistic,BlackConcentration,13,Low,4,231,0.4459,0.0823
tfidf_chi2,Logistic,BlackConcentration,13,Low,5,202,0.4962,0.1683
tfidf_chi2,Logistic,BlackConcentration,13,Low,6,197,0.5496,0.1218
tfidf_chi2,Logistic,BlackConcentration,13,Low,7,232,0.6081,0.2457
tfidf_chi2,Logistic,BlackConcentration,13,Low,8,192,0.6778,0.2396
tfidf_chi2,Logistic,BlackConcentration,13,Low,9,187,0.7809,0.2995
tfidf_chi2,Logistic,BlackConcentration,13,High,0,565,0.1773,0.0389
tfidf_chi2,Logistic,BlackConcentration,13,High,1,491,0.2738,0.0611
tfidf_chi2,Logistic,BlackConcentration,13,High,2,535,0.3381,0.0822
tfidf_chi2,Logistic,BlackConcentration,13,High,3,546,0.3945,0.0934
tfidf_chi2,Logistic,BlackConcentration,13,High,4,543,0.4466,0.1547
tfidf_chi2,Logistic,BlackConcentration,13,High,5,570,0.4986,0.1281
tfidf_chi2,Logistic,BlackConcentration,13,High,6,579,0.5507,0.1762
tfidf_chi2,Logistic,BlackConcentration,13,High,7,574,0.6077,0.2317
tfidf_chi2,Logistic,BlackConcentration,13,High,8,611,0.6762,0.275
tfidf_chi2,Logistic,BlackConcentration,13,High,9,614,0.7822,0.3616
tfidf_chi2,Logistic,SES_group,14,Low,0,793,0.164,0.0227
tfidf_chi2,Logistic,SES_group,14,Low,1,717,0.2559,0.0572
tfidf_chi2,Logistic,SES_group,14,Low,2,734,0.3182,0.0886
tfidf_chi2,Logistic,SES_group,14,Low,3,633,0.3722,0.1137
tfidf_chi2,Logistic,SES_group,14,Low,4,644,0.4246,0.1087
tfidf_chi2,Logistic,SES_group,14,Low,5,646,0.476,0.1316
tfidf_chi2,Logistic,SES_group,14,Low,6,660,0.5306,0.1909
tfidf_chi2,Logistic,SES_group,14,Low,7,636,0.593,0.2186
tfidf_chi2,Logistic,SES_group,14,Low,8,643,0.662,0.2877
tfidf_chi2,Logistic,SES_group,14,Low,9,601,0.7701,0.3045
tfidf_chi2,Logistic,SES_group,14,High,0,279,0.1648,0.0394
tfidf_chi2,Logistic,SES_group,14,High,1,307,0.2552,0.0586
tfidf_chi2,Logistic,SES_group,14,High,2,308,0.3176,0.0844
tfidf_chi2,Logistic,SES_group,14,High,3,332,0.3726,0.1084
tfidf_chi2,Logistic,SES_group,14,High,4,373,0.4246,0.0858
tfidf_chi2,Logistic,SES_group,14,High,5,343,0.4764,0.1429
tfidf_chi2,Logistic,SES_group,14,High,6,368,0.53,0.1576
tfidf_chi2,Logistic,SES_group,14,High,7,329,0.5924,0.1945
tfidf_chi2,Logistic,SES_group,14,High,8,358,0.6672,0.2793
tfidf_chi2,Logistic,SES_group,14,High,9,402,0.7698,0.3607
tfidf_chi2,Logistic,BlackConcentration,14,Low,0,306,0.1681,0.0196
tfidf_chi2,Logistic,BlackConcentration,14,Low,1,270,0.2565,0.0926
tfidf_chi2,Logistic,BlackConcentration,14,Low,2,293,0.3192,0.0819
tfidf_chi2,Logistic,BlackConcentration,14,Low,3,293,0.3726,0.1331
tfidf_chi2,Logistic,BlackConcentration,14,Low,4,268,0.424,0.097
tfidf_chi2,Logistic,BlackConcentration,14,Low,5,282,0.4769,0.1738
tfidf_chi2,Logistic,BlackConcentration,14,Low,6,247,0.53,0.1741
tfidf_chi2,Logistic,BlackConcentration,14,Low,7,256,0.5945,0.2031
tfidf_chi2,Logistic,BlackConcentration,14,Low,8,232,0.6628,0.2629
tfidf_chi2,Logistic,BlackConcentration,14,Low,9,237,0.7671,0.3165
tfidf_chi2,Logistic,BlackConcentration,14,High,0,594,0.1669,0.0455
tfidf_chi2,Logistic,BlackConcentration,14,High,1,685,0.2552,0.0511
tfidf_chi2,Logistic,BlackConcentration,14,High,2,647,0.3185,0.0866
tfidf_chi2,Logistic,BlackConcentration,14,High,3,625,0.3724,0.1056
tfidf_chi2,Logistic,BlackConcentration,14,High,4,655,0.425,0.1023
tfidf_chi2,Logistic,BlackConcentration,14,High,5,645,0.4762,0.1488
tfidf_chi2,Logistic,BlackConcentration,14,High,6,663,0.5312,0.1825
tfidf_chi2,Logistic,BlackConcentration,14,High,7,668,0.5924,0.2126
tfidf_chi2,Logistic,BlackConcentration,14,High,8,669,0.6646,0.299
tfidf_chi2,Logistic,BlackConcentration,14,High,9,719,0.7725,0.3394
tfidf_chi2,XGBoost,SES_group,1,Low,0,54,0.0885,0.0556
tfidf_chi2,XGBoost,SES_group,1,Low,1,59,0.1541,0.0847
tfidf_chi2,XGBoost,SES_group,1,Low,2,56,0.2322,0.1071
tfidf_chi2,XGBoost,SES_group,1,Low,3,58,0.3081,0.0517
tfidf_chi2,XGBoost,SES_group,1,Low,4,43,0.3847,0.186
tfidf_chi2,XGBoost,SES_group,1,Low,5,41,0.4487,0.1707
tfidf_chi2,XGBoost,SES_group,1,Low,6,53,0.5081,0.2075
tfidf_chi2,XGBoost,SES_group,1,Low,7,48,0.5739,0.1458
tfidf_chi2,XGBoost,SES_group,1,Low,8,52,0.6407,0.2308
tfidf_chi2,XGBoost,SES_group,1,Low,9,51,0.7407,0.2745
tfidf_chi2,XGBoost,SES_group,1,High,0,18,0.0883,0.1111
tfidf_chi2,XGBoost,SES_group,1,High,1,16,0.1631,0.1875
tfidf_chi2,XGBoost,SES_group,1,High,2,20,0.2346,0.1
tfidf_chi2,XGBoost,SES_group,1,High,3,16,0.3075,0.0625
tfidf_chi2,XGBoost,SES_group,1,High,4,30,0.3858,0.1
tfidf_chi2,XGBoost,SES_group,1,High,5,20,0.4469,0.1
tfidf_chi2,XGBoost,SES_group,1,High,6,20,0.5079,0.15
tfidf_chi2,XGBoost,SES_group,1,High,7,23,0.5649,0.2609
tfidf_chi2,XGBoost,SES_group,1,High,8,24,0.6335,0.1667
tfidf_chi2,XGBoost,SES_group,1,High,9,27,0.7403,0.3333
tfidf_chi2,XGBoost,BlackConcentration,1,Low,0,18,0.0853,0.0556
tfidf_chi2,XGBoost,BlackConcentration,1,Low,1,17,0.1623,0.1176
tfidf_chi2,XGBoost,BlackConcentration,1,Low,2,14,0.232,0.0714
tfidf_chi2,XGBoost,BlackConcentration,1,Low,3,25,0.302,0.16
tfidf_chi2,XGBoost,BlackConcentration,1,Low,4,16,0.3789,0.25
tfidf_chi2,XGBoost,BlackConcentration,1,Low,5,14,0.4446,0.1429
tfidf_chi2,XGBoost,BlackConcentration,1,Low,6,24,0.5068,0.3333
tfidf_chi2,XGBoost,BlackConcentration,1,Low,7,14,0.5657,0.0714
tfidf_chi2,XGBoost,BlackConcentration,1,Low,8,16,0.6339,0.3125
tfidf_chi2,XGBoost,BlackConcentration,1,Low,9,22,0.7435,0.2273
tfidf_chi2,XGBoost,BlackConcentration,1,High,0,51,0.0885,0.0392
tfidf_chi2,XGBoost,BlackConcentration,1,High,1,43,0.1555,0.0465
tfidf_chi2,XGBoost,BlackConcentration,1,High,2,48,0.2333,0.0833
tfidf_chi2,XGBoost,BlackConcentration,1,High,3,44,0.3106,0.0455
tfidf_chi2,XGBoost,BlackConcentration,1,High,4,46,0.3844,0.1522
tfidf_chi2,XGBoost,BlackConcentration,1,High,5,43,0.4514,0.2558
tfidf_chi2,XGBoost,BlackConcentration,1,High,6,44,0.5071,0.2273
tfidf_chi2,XGBoost,BlackConcentration,1,High,7,45,0.5704,0.2
tfidf_chi2,XGBoost,BlackConcentration,1,High,8,52,0.6368,0.1346
tfidf_chi2,XGBoost,BlackConcentration,1,High,9,44,0.7526,0.3182
tfidf_chi2,XGBoost,SES_group,2,Low,0,54,0.0627,0.0
tfidf_chi2,XGBoost,SES_group,2,Low,1,59,0.1136,0.0
tfidf_chi2,XGBoost,SES_group,2,Low,2,57,0.1738,0.0351
tfidf_chi2,XGBoost,SES_group,2,Low,3,57,0.2347,0.0526
tfidf_chi2,XGBoost,SES_group,2,Low,4,56,0.3042,0.1071
tfidf_chi2,XGBoost,SES_group,2,Low,5,66,0.3836,0.1061
tfidf_chi2,XGBoost,SES_group,2,Low,6,54,0.4496,0.1111
tfidf_chi2,XGBoost,SES_group,2,Low,7,55,0.5304,0.1636
tfidf_chi2,XGBoost,SES_group,2,Low,8,58,0.6098,0.1897
tfidf_chi2,XGBoost,SES_group,2,Low,9,45,0.7148,0.1778
tfidf_chi2,XGBoost,SES_group,2,High,0,25,0.0617,0.12
tfidf_chi2,XGBoost,SES_group,2,High,1,29,0.1155,0.1379
tfidf_chi2,XGBoost,SES_group,2,High,2,17,0.1751,0.1176
tfidf_chi2,XGBoost,SES_group,2,High,3,23,0.2281,0.0
tfidf_chi2,XGBoost,SES_group,2,High,4,30,0.3043,0.1
tfidf_chi2,XGBoost,SES_group,2,High,5,19,0.3894,0.1579
tfidf_chi2,XGBoost,SES_group,2,High,6,30,0.4572,0.1333
tfidf_chi2,XGBoost,SES_group,2,High,7,29,0.5315,0.2069
tfidf_chi2,XGBoost,SES_group,2,High,8,25,0.5982,0.2
tfidf_chi2,XGBoost,SES_group,2,High,9,36,0.7243,0.3056
tfidf_chi2,XGBoost,SES_group,3,Low,0,75,0.1028,0.0133
tfidf_chi2,XGBoost,SES_group,3,Low,1,70,0.1805,0.0
tfidf_chi2,XGBoost,SES_group,3,Low,2,56,0.2476,0.0
tfidf_chi2,XGBoost,SES_group,3,Low,3,64,0.3158,0.0781
tfidf_chi2,XGBoost,SES_group,3,Low,4,61,0.3784,0.082
tfidf_chi2,XGBoost,SES_group,3,Low,5,59,0.4509,0.1017
tfidf_chi2,XGBoost,SES_group,3,Low,6,57,0.5244,0.1754
tfidf_chi2,XGBoost,SES_group,3,Low,7,57,0.5817,0.1579
tfidf_chi2,XGBoost,SES_group,3,Low,8,50,0.6431,0.08
tfidf_chi2,XGBoost,SES_group,3,Low,9,57,0.7456,0.4211
tfidf_chi2,XGBoost,SES_group,3,High,0,23,0.102,0.087
tfidf_chi2,XGBoost,SES_group,3,High,1,27,0.1776,0.037
tfidf_chi2,XGBoost,SES_group,3,High,2,26,0.237,0.1923
tfidf_chi2,XGBoost,SES_group,3,High,3,23,0.3208,0.1304
tfidf_chi2,XGBoost,SES_group,3,High,4,20,0.3826,0.25
tfidf_chi2,XGBoost,SES_group,3,High,5,31,0.444,0.1613
tfidf_chi2,XGBoost,SES_group,3,High,6,31,0.5223,0.0968
tfidf_chi2,XGBoost,SES_group,3,High,7,34,0.5776,0.2059
tfidf_chi2,XGBoost,SES_group,3,High,8,39,0.64,0.359
tfidf_chi2,XGBoost,SES_group,3,High,9,38,0.7397,0.3421
tfidf_chi2,XGBoost,SES_group,4,Low,0,92,0.093,0.0109
tfidf_chi2,XGBoost,SES_group,4,Low,1,83,0.1802,0.0241
tfidf_chi2,XGBoost,SES_group,4,Low,2,77,0.2613,0.0519
tfidf_chi2,XGBoost,SES_group,4,Low,3,92,0.3262,0.1739
tfidf_chi2,XGBoost,SES_group,4,Low,4,84,0.4001,0.119
tfidf_chi2,XGBoost,SES_group,4,Low,5,69,0.4712,0.1884
tfidf_chi2,XGBoost,SES_group,4,Low,6,82,0.5309,0.1707
tfidf_chi2,XGBoost,SES_group,4,Low,7,91,0.5949,0.2198
tfidf_chi2,XGBoost,SES_group,4,Low,8,67,0.6484,0.1642
tfidf_chi2,XGBoost,SES_group,4,Low,9,77,0.7334,0.2468
tfidf_chi2,XGBoost,SES_group,4,High,0,37,0.0956,0.0
tfidf_chi2,XGBoost,SES_group,4,High,1,41,0.18,0.0244
tfidf_chi2,XGBoost,SES_group,4,High,2,42,0.2568,0.0238
tfidf_chi2,XGBoost,SES_group,4,High,3,40,0.337,0.05
tfidf_chi2,XGBoost,SES_group,4,High,4,39,0.4025,0.0513
tfidf_chi2,XGBoost,SES_group,4,High,5,44,0.4679,0.1364
tfidf_chi2,XGBoost,SES_group,4,High,6,45,0.5314,0.1778
tfidf_chi2,XGBoost,SES_group,4,High,7,27,0.599,0.3333
tfidf_chi2,XGBoost,SES_group,4,High,8,41,0.6553,0.1951
tfidf_chi2,XGBoost,SES_group,4,High,9,41,0.7362,0.4634
tfidf_chi2,XGBoost,BlackConcentration,4,Low,0,25,0.0868,0.0
tfidf_chi2,XGBoost,BlackConcentration,4,Low,1,26,0.1808,0.1538
tfidf_chi2,XGBoost,BlackConcentration,4,Low,2,15,0.2581,0.0
tfidf_chi2,XGBoost,BlackConcentration,4,Low,3,23,0.3308,0.1739
tfidf_chi2,XGBoost,BlackConcentration,4,Low,4,25,0.4065,0.12
tfidf_chi2,XGBoost,BlackConcentration,4,Low,5,22,0.477,0.2273
tfidf_chi2,XGBoost,BlackConcentration,4,Low,6,39,0.5344,0.1282
tfidf_chi2,XGBoost,BlackConcentration,4,Low,7,22,0.5945,0.1818
tfidf_chi2,XGBoost,BlackConcentration,4,Low,8,21,0.6549,0.2381
tfidf_chi2,XGBoost,BlackConcentration,4,Low,9,31,0.7304,0.2903
tfidf_chi2,XGBoost,BlackConcentration,4,High,0,85,0.0999,0.0235
tfidf_chi2,XGBoost,BlackConcentration,4,High,1,77,0.1781,0.026
tfidf_chi2,XGBoost,BlackConcentration,4,High,2,87,0.2588,0.1149
tfidf_chi2,XGBoost,BlackConcentration,4,High,3,79,0.3271,0.0886
tfidf_chi2,XGBoost,BlackConcentration,4,High,4,83,0.4009,0.1205
tfidf_chi2,XGBoost,BlackConcentration,4,High,5,96,0.4675,0.1354
tfidf_chi2,XGBoost,BlackConcentration,4,High,6,86,0.533,0.1744
tfidf_chi2,XGBoost,BlackConcentration,4,High,7,80,0.5954,0.2375
tfidf_chi2,XGBoost,BlackConcentration,4,High,8,84,0.6533,0.2143
tfidf_chi2,XGBoost,BlackConcentration,4,High,9,84,0.7402,0.369
tfidf_chi2,XGBoost,SES_group,5,Low,0,93,0.1023,0.043
tfidf_chi2,XGBoost,SES_group,5,Low,1,103,0.1771,0.0194
tfidf_chi2,XGBoost,SES_group,5,Low,2,90,0.2647,0.0667
tfidf_chi2,XGBoost,SES_group,5,Low,3,83,0.3293,0.1325
tfidf_chi2,XGBoost,SES_group,5,Low,4,95,0.3937,0.1263
tfidf_chi2,XGBoost,SES_group,5,Low,5,93,0.451,0.129
tfidf_chi2,XGBoost,SES_group,5,Low,6,84,0.5102,0.1905
tfidf_chi2,XGBoost,SES_group,5,Low,7,98,0.5712,0.1837
tfidf_chi2,XGBoost,SES_group,5,Low,8,90,0.6378,0.2222
tfidf_chi2,XGBoost,SES_group,5,Low,9,81,0.7237,0.4074
tfidf_chi2,XGBoost,SES_group,5,High,0,28,0.0999,0.0
tfidf_chi2,XGBoost,SES_group,5,High,1,39,0.1775,0.0256
tfidf_chi2,XGBoost,SES_group,5,High,2,40,0.2595,0.05
tfidf_chi2,XGBoost,SES_group,5,High,3,38,0.3289,0.1316
tfidf_chi2,XGBoost,SES_group,5,High,4,45,0.3931,0.0444
tfidf_chi2,XGBoost,SES_group,5,High,5,44,0.4493,0.1364
tfidf_chi2,XGBoost,SES_group,5,High,6,43,0.51,0.2093
tfidf_chi2,XGBoost,SES_group,5,High,7,45,0.5747,0.2
tfidf_chi2,XGBoost,SES_group,5,High,8,44,0.6458,0.1591
tfidf_chi2,XGBoost,SES_group,5,High,9,64,0.7362,0.3438
tfidf_chi2,XGBoost,BlackConcentration,5,Low,0,33,0.1065,0.0303
tfidf_chi2,XGBoost,BlackConcentration,5,Low,1,30,0.175,0.0
tfidf_chi2,XGBoost,BlackConcentration,5,Low,2,28,0.2684,0.1071
tfidf_chi2,XGBoost,BlackConcentration,5,Low,3,35,0.3305,0.0571
tfidf_chi2,XGBoost,BlackConcentration,5,Low,4,27,0.3935,0.1481
tfidf_chi2,XGBoost,BlackConcentration,5,Low,5,24,0.4483,0.125
tfidf_chi2,XGBoost,BlackConcentration,5,Low,6,28,0.5098,0.1429
tfidf_chi2,XGBoost,BlackConcentration,5,Low,7,27,0.5711,0.2593
tfidf_chi2,XGBoost,BlackConcentration,5,Low,8,30,0.6374,0.1333
tfidf_chi2,XGBoost,BlackConcentration,5,Low,9,31,0.7268,0.4516
tfidf_chi2,XGBoost,BlackConcentration,5,High,0,97,0.0983,0.0
tfidf_chi2,XGBoost,BlackConcentration,5,High,1,78,0.1754,0.0385
tfidf_chi2,XGBoost,BlackConcentration,5,High,2,99,0.2594,0.0606
tfidf_chi2,XGBoost,BlackConcentration,5,High,3,96,0.3307,0.0833
tfidf_chi2,XGBoost,BlackConcentration,5,High,4,86,0.3945,0.1047
tfidf_chi2,XGBoost,BlackConcentration,5,High,5,98,0.4513,0.1224
tfidf_chi2,XGBoost,BlackConcentration,5,High,6,81,0.5089,0.1975
tfidf_chi2,XGBoost,BlackConcentration,5,High,7,93,0.5744,0.2151
tfidf_chi2,XGBoost,BlackConcentration,5,High,8,93,0.6387,0.1935
tfidf_chi2,XGBoost,BlackConcentration,5,High,9,88,0.7297,0.4659
tfidf_chi2,XGBoost,SES_group,6,Low,0,103,0.1685,0.0388
tfidf_chi2,XGBoost,SES_group,6,Low,1,101,0.28,0.0594
tfidf_chi2,XGBoost,SES_group,6,Low,2,90,0.358,0.1222
tfidf_chi2,XGBoost,SES_group,6,Low,3,103,0.4251,0.1456
tfidf_chi2,XGBoost,SES_group,6,Low,4,95,0.4801,0.1263
tfidf_chi2,XGBoost,SES_group,6,Low,5,89,0.5257,0.1573
tfidf_chi2,XGBoost,SES_group,6,Low,6,97,0.5798,0.2165
tfidf_chi2,XGBoost,SES_group,6,Low,7,100,0.6377,0.26
tfidf_chi2,XGBoost,SES_group,6,Low,8,101,0.6919,0.2772
tfidf_chi2,XGBoost,SES_group,6,Low,9,80,0.7609,0.4625
tfidf_chi2,XGBoost,SES_group,6,High,0,40,0.1679,0.025
tfidf_chi2,XGBoost,SES_group,6,High,1,49,0.2873,0.2041
tfidf_chi2,XGBoost,SES_group,6,High,2,46,0.3575,0.0652
tfidf_chi2,XGBoost,SES_group,6,High,3,46,0.4278,0.1304
tfidf_chi2,XGBoost,SES_group,6,High,4,54,0.4754,0.1296
tfidf_chi2,XGBoost,SES_group,6,High,5,49,0.5276,0.3061
tfidf_chi2,XGBoost,SES_group,6,High,6,57,0.5791,0.2807
tfidf_chi2,XGBoost,SES_group,6,High,7,55,0.6402,0.2727
tfidf_chi2,XGBoost,SES_group,6,High,8,53,0.6964,0.283
tfidf_chi2,XGBoost,SES_group,6,High,9,58,0.7572,0.2759
tfidf_chi2,XGBoost,BlackConcentration,6,Low,0,24,0.1718,0.0
tfidf_chi2,XGBoost,BlackConcentration,6,Low,1,41,0.277,0.0732
tfidf_chi2,XGBoost,BlackConcentration,6,Low,2,33,0.3566,0.1515
tfidf_chi2,XGBoost,BlackConcentration,6,Low,3,32,0.4238,0.0938
tfidf_chi2,XGBoost,BlackConcentration,6,Low,4,40,0.4786,0.125
tfidf_chi2,XGBoost,BlackConcentration,6,Low,5,41,0.5265,0.1463
tfidf_chi2,XGBoost,BlackConcentration,6,Low,6,43,0.582,0.2558
tfidf_chi2,XGBoost,BlackConcentration,6,Low,7,30,0.6363,0.2667
tfidf_chi2,XGBoost,BlackConcentration,6,Low,8,31,0.6857,0.2258
tfidf_chi2,XGBoost,BlackConcentration,6,Low,9,34,0.7626,0.3529
tfidf_chi2,XGBoost,BlackConcentration,6,High,0,108,0.1669,0.0185
tfidf_chi2,XGBoost,BlackConcentration,6,High,1,108,0.2838,0.1111
tfidf_chi2,XGBoost,BlackConcentration,6,High,2,109,0.357,0.0734
tfidf_chi2,XGBoost,BlackConcentration,6,High,3,91,0.4252,0.1319
tfidf_chi2,XGBoost,BlackConcentration,6,High,4,94,0.4783,0.1383
tfidf_chi2,XGBoost,BlackConcentration,6,High,5,88,0.5274,0.2386
tfidf_chi2,XGBoost,BlackConcentration,6,High,6,92,0.5785,0.2609
tfidf_chi2,XGBoost,BlackConcentration,6,High,7,104,0.6372,0.2981
tfidf_chi2,XGBoost,BlackConcentration,6,High,8,102,0.6972,0.3137
tfidf_chi2,XGBoost,BlackConcentration,6,High,9,106,0.7582,0.3491
tfidf_chi2,XGBoost,SES_group,7,Low,0,142,0.146,0.0493
tfidf_chi2,XGBoost,SES_group,7,Low,1,138,0.2565,0.0652
tfidf_chi2,XGBoost,SES_group,7,Low,2,126,0.3139,0.0794
tfidf_chi2,XGBoost,SES_group,7,Low,3,138,0.3663,0.087
tfidf_chi2,XGBoost,SES_group,7,Low,4,110,0.4144,0.0727
tfidf_chi2,XGBoost,SES_group,7,Low,5,103,0.4639,0.1748
tfidf_chi2,XGBoost,SES_group,7,Low,6,106,0.5129,0.2075
tfidf_chi2,XGBoost,SES_group,7,Low,7,120,0.5674,0.1583
tfidf_chi2,XGBoost,SES_group,7,Low,8,98,0.6288,0.2449
tfidf_chi2,XGBoost,SES_group,7,Low,9,130,0.7432,0.3231
tfidf_chi2,XGBoost,SES_group,7,High,0,53,0.1419,0.0755
tfidf_chi2,XGBoost,SES_group,7,High,1,66,0.2554,0.0606
tfidf_chi2,XGBoost,SES_group,7,High,2,72,0.3145,0.0694
tfidf_chi2,XGBoost,SES_group,7,High,3,48,0.3652,0.0625
tfidf_chi2,XGBoost,SES_group,7,High,4,70,0.4171,0.1571
tfidf_chi2,XGBoost,SES_group,7,High,5,77,0.4637,0.1039
tfidf_chi2,XGBoost,SES_group,7,High,6,74,0.512,0.2027
tfidf_chi2,XGBoost,SES_group,7,High,7,70,0.5646,0.2
tfidf_chi2,XGBoost,SES_group,7,High,8,79,0.6332,0.3038
tfidf_chi2,XGBoost,SES_group,7,High,9,67,0.746,0.3582
tfidf_chi2,XGBoost,BlackConcentration,7,Low,0,35,0.1495,0.0571
tfidf_chi2,XGBoost,BlackConcentration,7,Low,1,41,0.2613,0.0976
tfidf_chi2,XGBoost,BlackConcentration,7,Low,2,39,0.3162,0.0513
tfidf_chi2,XGBoost,BlackConcentration,7,Low,3,47,0.3635,0.0638
tfidf_chi2,XGBoost,BlackConcentration,7,Low,4,34,0.4145,0.0588
tfidf_chi2,XGBoost,BlackConcentration,7,Low,5,45,0.4639,0.1556
tfidf_chi2,XGBoost,BlackConcentration,7,Low,6,43,0.511,0.1628
tfidf_chi2,XGBoost,BlackConcentration,7,Low,7,42,0.5725,0.0952
tfidf_chi2,XGBoost,BlackConcentration,7,Low,8,49,0.6288,0.2857
tfidf_chi2,XGBoost,BlackConcentration,7,Low,9,53,0.7414,0.3585
tfidf_chi2,XGBoost,BlackConcentration,7,High,0,134,0.1494,0.0522
tfidf_chi2,XGBoost,BlackConcentration,7,High,1,126,0.2565,0.0635
tfidf_chi2,XGBoost,BlackConcentration,7,High,2,136,0.3136,0.0662
tfidf_chi2,XGBoost,BlackConcentration,7,High,3,123,0.3652,0.0894
tfidf_chi2,XGBoost,BlackConcentration,7,High,4,126,0.4164,0.0952
tfidf_chi2,XGBoost,BlackConcentration,7,High,5,132,0.4629,0.1136
tfidf_chi2,XGBoost,BlackConcentration,7,High,6,123,0.5107,0.2195
tfidf_chi2,XGBoost,BlackConcentration,7,High,7,117,0.5649,0.2222
tfidf_chi2,XGBoost,BlackConcentration,7,High,8,133,0.6305,0.2556
tfidf_chi2,XGBoost,BlackConcentration,7,High,9,126,0.7426,0.3333
tfidf_chi2,XGBoost,SES_group,8,Low,0,190,0.1562,0.0579
tfidf_chi2,XGBoost,SES_group,8,Low,1,188,0.2896,0.0957
tfidf_chi2,XGBoost,SES_group,8,Low,2,177,0.3701,0.096
tfidf_chi2,XGBoost,SES_group,8,Low,3,168,0.4318,0.1012
tfidf_chi2,XGBoost,SES_group,8,Low,4,157,0.4834,0.1465
tfidf_chi2,XGBoost,SES_group,8,Low,5,166,0.531,0.1867
tfidf_chi2,XGBoost,SES_group,8,Low,6,175,0.5787,0.2114
tfidf_chi2,XGBoost,SES_group,8,Low,7,158,0.6306,0.2468
tfidf_chi2,XGBoost,SES_group,8,Low,8,171,0.6904,0.3567
tfidf_chi2,XGBoost,SES_group,8,Low,9,165,0.7721,0.3152
tfidf_chi2,XGBoost,SES_group,8,High,0,85,0.1519,0.0706
tfidf_chi2,XGBoost,SES_group,8,High,1,77,0.2949,0.0909
tfidf_chi2,XGBoost,SES_group,8,High,2,85,0.3686,0.0706
tfidf_chi2,XGBoost,SES_group,8,High,3,88,0.4316,0.1023
tfidf_chi2,XGBoost,SES_group,8,High,4,95,0.4834,0.1684
tfidf_chi2,XGBoost,SES_group,8,High,5,81,0.5325,0.1481
tfidf_chi2,XGBoost,SES_group,8,High,6,68,0.5782,0.1765
tfidf_chi2,XGBoost,SES_group,8,High,7,90,0.6274,0.3111
tfidf_chi2,XGBoost,SES_group,8,High,8,94,0.6898,0.2872
tfidf_chi2,XGBoost,SES_group,8,High,9,75,0.7742,0.4933
tfidf_chi2,XGBoost,BlackConcentration,8,Low,0,56,0.1504,0.0179
tfidf_chi2,XGBoost,BlackConcentration,8,Low,1,54,0.2871,0.1296
tfidf_chi2,XGBoost,BlackConcentration,8,Low,2,62,0.3679,0.0806
tfidf_chi2,XGBoost,BlackConcentration,8,Low,3,55,0.4317,0.1636
tfidf_chi2,XGBoost,BlackConcentration,8,Low,4,53,0.4832,0.2264
tfidf_chi2,XGBoost,BlackConcentration,8,Low,5,56,0.5288,0.1607
tfidf_chi2,XGBoost,BlackConcentration,8,Low,6,51,0.5774,0.2353
tfidf_chi2,XGBoost,BlackConcentration,8,Low,7,46,0.6315,0.1522
tfidf_chi2,XGBoost,BlackConcentration,8,Low,8,59,0.6887,0.3051
tfidf_chi2,XGBoost,BlackConcentration,8,Low,9,63,0.7779,0.3968
tfidf_chi2,XGBoost,BlackConcentration,8,High,0,175,0.1566,0.0686
tfidf_chi2,XGBoost,BlackConcentration,8,High,1,171,0.2951,0.0936
tfidf_chi2,XGBoost,BlackConcentration,8,High,2,177,0.3687,0.096
tfidf_chi2,XGBoost,BlackConcentration,8,High,3,169,0.4331,0.1361
tfidf_chi2,XGBoost,BlackConcentration,8,High,4,183,0.4819,0.153
tfidf_chi2,XGBoost,BlackConcentration,8,High,5,193,0.5327,0.1347
tfidf_chi2,XGBoost,BlackConcentration,8,High,6,178,0.5797,0.2584
tfidf_chi2,XGBoost,BlackConcentration,8,High,7,189,0.6286,0.3016
tfidf_chi2,XGBoost,BlackConcentration,8,High,8,167,0.6892,0.2994
tfidf_chi2,XGBoost,BlackConcentration,8,High,9,181,0.7722,0.3923
tfidf_chi2,XGBoost,SES_group,9,Low,0,299,0.1436,0.0301
tfidf_chi2,XGBoost,SES_group,9,Low,1,284,0.2605,0.0317
tfidf_chi2,XGBoost,SES_group,9,Low,2,286,0.3333,0.0769
tfidf_chi2,XGBoost,SES_group,9,Low,3,275,0.3904,0.08
tfidf_chi2,XGBoost,SES_group,9,Low,4,256,0.4434,0.1406
tfidf_chi2,XGBoost,SES_group,9,Low,5,251,0.4927,0.1554
tfidf_chi2,XGBoost,SES_group,9,Low,6,233,0.5383,0.1717
tfidf_chi2,XGBoost,SES_group,9,Low,7,227,0.5869,0.1894
tfidf_chi2,XGBoost,SES_group,9,Low,8,254,0.6481,0.2992
tfidf_chi2,XGBoost,SES_group,9,Low,9,230,0.739,0.3348
tfidf_chi2,XGBoost,SES_group,9,High,0,120,0.1447,0.0333
tfidf_chi2,XGBoost,SES_group,9,High,1,127,0.2636,0.0787
tfidf_chi2,XGBoost,SES_group,9,High,2,136,0.3357,0.0809
tfidf_chi2,XGBoost,SES_group,9,High,3,129,0.3892,0.093
tfidf_chi2,XGBoost,SES_group,9,High,4,138,0.4401,0.1014
tfidf_chi2,XGBoost,SES_group,9,High,5,151,0.4927,0.1258
tfidf_chi2,XGBoost,SES_group,9,High,6,150,0.5412,0.1067
tfidf_chi2,XGBoost,SES_group,9,High,7,174,0.5875,0.2126
tfidf_chi2,XGBoost,SES_group,9,High,8,136,0.6486,0.2794
tfidf_chi2,XGBoost,SES_group,9,High,9,168,0.7434,0.3869
tfidf_chi2,XGBoost,BlackConcentration,9,Low,0,105,0.1491,0.0095
tfidf_chi2,XGBoost,BlackConcentration,9,Low,1,88,0.2614,0.0114
tfidf_chi2,XGBoost,BlackConcentration,9,Low,2,104,0.3325,0.0769
tfidf_chi2,XGBoost,BlackConcentration,9,Low,3,109,0.3918,0.0917
tfidf_chi2,XGBoost,BlackConcentration,9,Low,4,95,0.4425,0.1474
tfidf_chi2,XGBoost,BlackConcentration,9,Low,5,103,0.4931,0.1262
tfidf_chi2,XGBoost,BlackConcentration,9,Low,6,112,0.539,0.1607
tfidf_chi2,XGBoost,BlackConcentration,9,Low,7,95,0.5864,0.1895
tfidf_chi2,XGBoost,BlackConcentration,9,Low,8,118,0.6487,0.2797
tfidf_chi2,XGBoost,BlackConcentration,9,Low,9,91,0.7477,0.2967
tfidf_chi2,XGBoost,BlackConcentration,9,High,0,280,0.1443,0.0286
tfidf_chi2,XGBoost,BlackConcentration,9,High,1,286,0.2633,0.049
tfidf_chi2,XGBoost,BlackConcentration,9,High,2,283,0.3356,0.106
tfidf_chi2,XGBoost,BlackConcentration,9,High,3,246,0.3876,0.0976
tfidf_chi2,XGBoost,BlackConcentration,9,High,4,264,0.4412,0.0871
tfidf_chi2,XGBoost,BlackConcentration,9,High,5,257,0.4923,0.144
tfidf_chi2,XGBoost,BlackConcentration,9,High,6,268,0.5391,0.1604
tfidf_chi2,XGBoost,BlackConcentration,9,High,7,290,0.5882,0.2345
tfidf_chi2,XGBoost,BlackConcentration,9,High,8,259,0.65,0.2471
tfidf_chi2,XGBoost,BlackConcentration,9,High,9,282,0.7414,0.3582
tfidf_chi2,XGBoost,SES_group,10,Low,0,333,0.137,0.045
tfidf_chi2,XGBoost,SES_group,10,Low,1,297,0.2309,0.0471
tfidf_chi2,XGBoost,SES_group,10,Low,2,285,0.2942,0.0877
tfidf_chi2,XGBoost,SES_group,10,Low,3,274,0.3496,0.0949
tfidf_chi2,XGBoost,SES_group,10,Low,4,266,0.4036,0.1053
tfidf_chi2,XGBoost,SES_group,10,Low,5,258,0.4601,0.1628
tfidf_chi2,XGBoost,SES_group,10,Low,6,254,0.5157,0.1378
tfidf_chi2,XGBoost,SES_group,10,Low,7,260,0.5746,0.2
tfidf_chi2,XGBoost,SES_group,10,Low,8,261,0.6362,0.2107
tfidf_chi2,XGBoost,SES_group,10,Low,9,223,0.7305,0.3587
tfidf_chi2,XGBoost,SES_group,10,High,0,115,0.1403,0.0522
tfidf_chi2,XGBoost,SES_group,10,High,1,131,0.2322,0.0305
tfidf_chi2,XGBoost,SES_group,10,High,2,117,0.2932,0.1197
tfidf_chi2,XGBoost,SES_group,10,High,3,130,0.351,0.0692
tfidf_chi2,XGBoost,SES_group,10,High,4,145,0.4071,0.1379
tfidf_chi2,XGBoost,SES_group,10,High,5,150,0.4583,0.1067
tfidf_chi2,XGBoost,SES_group,10,High,6,136,0.517,0.1471
tfidf_chi2,XGBoost,SES_group,10,High,7,143,0.5776,0.2098
tfidf_chi2,XGBoost,SES_group,10,High,8,130,0.6392,0.3077
tfidf_chi2,XGBoost,SES_group,10,High,9,159,0.7325,0.3145
tfidf_chi2,XGBoost,BlackConcentration,10,Low,0,97,0.1403,0.0309
tfidf_chi2,XGBoost,BlackConcentration,10,Low,1,95,0.2335,0.0632
tfidf_chi2,XGBoost,BlackConcentration,10,Low,2,101,0.2947,0.1089
tfidf_chi2,XGBoost,BlackConcentration,10,Low,3,99,0.3486,0.0808
tfidf_chi2,XGBoost,BlackConcentration,10,Low,4,91,0.4018,0.0879
tfidf_chi2,XGBoost,BlackConcentration,10,Low,5,105,0.4597,0.181
tfidf_chi2,XGBoost,BlackConcentration,10,Low,6,109,0.5145,0.1284
tfidf_chi2,XGBoost,BlackConcentration,10,Low,7,102,0.5755,0.1471
tfidf_chi2,XGBoost,BlackConcentration,10,Low,8,109,0.6388,0.2294
tfidf_chi2,XGBoost,BlackConcentration,10,Low,9,104,0.7355,0.2885
tfidf_chi2,XGBoost,BlackConcentration,10,High,0,272,0.1378,0.0404
tfidf_chi2,XGBoost,BlackConcentration,10,High,1,261,0.2311,0.0421
tfidf_chi2,XGBoost,BlackConcentration,10,High,2,258,0.2943,0.093
tfidf_chi2,XGBoost,BlackConcentration,10,High,3,253,0.3506,0.1225
tfidf_chi2,XGBoost,BlackConcentration,10,High,4,277,0.4053,0.1625
tfidf_chi2,XGBoost,BlackConcentration,10,High,5,275,0.4594,0.1527
tfidf_chi2,XGBoost,BlackConcentration,10,High,6,252,0.5139,0.1468
tfidf_chi2,XGBoost,BlackConcentration,10,High,7,291,0.5751,0.1993
tfidf_chi2,XGBoost,BlackConcentration,10,High,8,266,0.6388,0.2707
tfidf_chi2,XGBoost,BlackConcentration,10,High,9,289,0.7365,0.3945
tfidf_chi2,XGBoost,SES_group,11,Low,0,442,0.1494,0.0339
tfidf_chi2,XGBoost,SES_group,11,Low,1,405,0.2514,0.0642
tfidf_chi2,XGBoost,SES_group,11,Low,2,385,0.3171,0.0883
tfidf_chi2,XGBoost,SES_group,11,Low,3,369,0.3772,0.0894
tfidf_chi2,XGBoost,SES_group,11,Low,4,350,0.4338,0.1229
tfidf_chi2,XGBoost,SES_group,11,Low,5,351,0.4897,0.1396
tfidf_chi2,XGBoost,SES_group,11,Low,6,348,0.5421,0.1523
tfidf_chi2,XGBoost,SES_group,11,Low,7,331,0.5958,0.2054
tfidf_chi2,XGBoost,SES_group,11,Low,8,322,0.6504,0.2484
tfidf_chi2,XGBoost,SES_group,11,Low,9,344,0.739,0.3256
tfidf_chi2,XGBoost,SES_group,11,High,0,145,0.1525,0.0276
tfidf_chi2,XGBoost,SES_group,11,High,1,166,0.2538,0.0422
tfidf_chi2,XGBoost,SES_group,11,High,2,169,0.3209,0.0473
tfidf_chi2,XGBoost,SES_group,11,High,3,196,0.3783,0.0918
tfidf_chi2,XGBoost,SES_group,11,High,4,207,0.4332,0.1063
tfidf_chi2,XGBoost,SES_group,11,High,5,193,0.4899,0.1399
tfidf_chi2,XGBoost,SES_group,11,High,6,209,0.5409,0.177
tfidf_chi2,XGBoost,SES_group,11,High,7,214,0.5946,0.2009
tfidf_chi2,XGBoost,SES_group,11,High,8,198,0.6535,0.298
tfidf_chi2,XGBoost,SES_group,11,High,9,203,0.735,0.3448
tfidf_chi2,XGBoost,BlackConcentration,11,Low,0,148,0.1484,0.0135
tfidf_chi2,XGBoost,BlackConcentration,11,Low,1,139,0.25,0.0647
tfidf_chi2,XGBoost,BlackConcentration,11,Low,2,135,0.3194,0.0444
tfidf_chi2,XGBoost,BlackConcentration,11,Low,3,130,0.3791,0.0846
tfidf_chi2,XGBoost,BlackConcentration,11,Low,4,125,0.4358,0.12
tfidf_chi2,XGBoost,BlackConcentration,11,Low,5,141,0.4899,0.1064
tfidf_chi2,XGBoost,BlackConcentration,11,Low,6,128,0.5411,0.125
tfidf_chi2,XGBoost,BlackConcentration,11,Low,7,143,0.5959,0.1958
tfidf_chi2,XGBoost,BlackConcentration,11,Low,8,146,0.6501,0.1986
tfidf_chi2,XGBoost,BlackConcentration,11,Low,9,143,0.7418,0.2727
tfidf_chi2,XGBoost,BlackConcentration,11,High,0,336,0.153,0.0387
tfidf_chi2,XGBoost,BlackConcentration,11,High,1,349,0.2529,0.0602
tfidf_chi2,XGBoost,BlackConcentration,11,High,2,349,0.3188,0.0688
tfidf_chi2,XGBoost,BlackConcentration,11,High,3,341,0.3771,0.0997
tfidf_chi2,XGBoost,BlackConcentration,11,High,4,381,0.4329,0.1129
tfidf_chi2,XGBoost,BlackConcentration,11,High,5,382,0.489,0.1414
tfidf_chi2,XGBoost,BlackConcentration,11,High,6,344,0.5405,0.218
tfidf_chi2,XGBoost,BlackConcentration,11,High,7,365,0.5951,0.1863
tfidf_chi2,XGBoost,BlackConcentration,11,High,8,362,0.6514,0.2431
tfidf_chi2,XGBoost,BlackConcentration,11,High,9,354,0.7357,0.3051
tfidf_chi2,XGBoost,SES_group,12,Low,0,536,0.1709,0.0149
tfidf_chi2,XGBoost,SES_group,12,Low,1,490,0.2863,0.0796
tfidf_chi2,XGBoost,SES_group,12,Low,2,495,0.35,0.0768
tfidf_chi2,XGBoost,SES_group,12,Low,3,476,0.4044,0.084
tfidf_chi2,XGBoost,SES_group,12,Low,4,462,0.453,0.1277
tfidf_chi2,XGBoost,SES_group,12,Low,5,478,0.5043,0.1506
tfidf_chi2,XGBoost,SES_group,12,Low,6,457,0.5534,0.1991
tfidf_chi2,XGBoost,SES_group,12,Low,7,442,0.6036,0.2104
tfidf_chi2,XGBoost,SES_group,12,Low,8,420,0.6641,0.2452
tfidf_chi2,XGBoost,SES_group,12,Low,9,449,0.753,0.3252
tfidf_chi2,XGBoost,SES_group,12,High,0,213,0.1785,0.0376
tfidf_chi2,XGBoost,SES_group,12,High,1,257,0.2847,0.0661
tfidf_chi2,XGBoost,SES_group,12,High,2,261,0.3511,0.0843
tfidf_chi2,XGBoost,SES_group,12,High,3,256,0.4035,0.0898
tfidf_chi2,XGBoost,SES_group,12,High,4,261,0.4548,0.1341
tfidf_chi2,XGBoost,SES_group,12,High,5,257,0.506,0.144
tfidf_chi2,XGBoost,SES_group,12,High,6,267,0.5542,0.206
tfidf_chi2,XGBoost,SES_group,12,High,7,280,0.6036,0.2357
tfidf_chi2,XGBoost,SES_group,12,High,8,290,0.6626,0.2897
tfidf_chi2,XGBoost,SES_group,12,High,9,266,0.7535,0.3684
tfidf_chi2,XGBoost,BlackConcentration,12,Low,0,202,0.1794,0.005
tfidf_chi2,XGBoost,BlackConcentration,12,Low,1,184,0.2857,0.0652
tfidf_chi2,XGBoost,BlackConcentration,12,Low,2,177,0.3506,0.0734
tfidf_chi2,XGBoost,BlackConcentration,12,Low,3,147,0.4045,0.0884
tfidf_chi2,XGBoost,BlackConcentration,12,Low,4,173,0.4532,0.1329
tfidf_chi2,XGBoost,BlackConcentration,12,Low,5,196,0.5053,0.1531
tfidf_chi2,XGBoost,BlackConcentration,12,Low,6,192,0.5527,0.1979
tfidf_chi2,XGBoost,BlackConcentration,12,Low,7,177,0.6029,0.1864
tfidf_chi2,XGBoost,BlackConcentration,12,Low,8,187,0.6649,0.2888
tfidf_chi2,XGBoost,BlackConcentration,12,Low,9,157,0.7509,0.2994
tfidf_chi2,XGBoost,BlackConcentration,12,High,0,450,0.1727,0.0178
tfidf_chi2,XGBoost,BlackConcentration,12,High,1,460,0.2863,0.0783
tfidf_chi2,XGBoost,BlackConcentration,12,High,2,494,0.3502,0.0729
tfidf_chi2,XGBoost,BlackConcentration,12,High,3,477,0.404,0.1195
tfidf_chi2,XGBoost,BlackConcentration,12,High,4,482,0.4534,0.1515
tfidf_chi2,XGBoost,BlackConcentration,12,High,5,489,0.5059,0.1288
tfidf_chi2,XGBoost,BlackConcentration,12,High,6,518,0.5541,0.1969
tfidf_chi2,XGBoost,BlackConcentration,12,High,7,514,0.6041,0.2179
tfidf_chi2,XGBoost,BlackConcentration,12,High,8,502,0.6629,0.2729
tfidf_chi2,XGBoost,BlackConcentration,12,High,9,512,0.7504,0.3613
tfidf_chi2,XGBoost,SES_group,13,Low,0,655,0.1742,0.0321
tfidf_chi2,XGBoost,SES_group,13,Low,1,606,0.2791,0.066
tfidf_chi2,XGBoost,SES_group,13,Low,2,614,0.3388,0.0717
tfidf_chi2,XGBoost,SES_group,13,Low,3,576,0.3973,0.1163
tfidf_chi2,XGBoost,SES_group,13,Low,4,537,0.4497,0.1266
tfidf_chi2,XGBoost,SES_group,13,Low,5,546,0.5013,0.1538
tfidf_chi2,XGBoost,SES_group,13,Low,6,536,0.5508,0.1866
tfidf_chi2,XGBoost,SES_group,13,Low,7,573,0.6012,0.2164
tfidf_chi2,XGBoost,SES_group,13,Low,8,524,0.6611,0.2538
tfidf_chi2,XGBoost,SES_group,13,Low,9,519,0.747,0.3006
tfidf_chi2,XGBoost,SES_group,13,High,0,235,0.1769,0.0255
tfidf_chi2,XGBoost,SES_group,13,High,1,253,0.2792,0.0632
tfidf_chi2,XGBoost,SES_group,13,High,2,280,0.3406,0.075
tfidf_chi2,XGBoost,SES_group,13,High,3,306,0.3991,0.1176
tfidf_chi2,XGBoost,SES_group,13,High,4,339,0.4504,0.1298
tfidf_chi2,XGBoost,SES_group,13,High,5,305,0.4996,0.1672
tfidf_chi2,XGBoost,SES_group,13,High,6,320,0.5516,0.175
tfidf_chi2,XGBoost,SES_group,13,High,7,311,0.6035,0.1994
tfidf_chi2,XGBoost,SES_group,13,High,8,317,0.6606,0.2902
tfidf_chi2,XGBoost,SES_group,13,High,9,337,0.7532,0.362
tfidf_chi2,XGBoost,BlackConcentration,13,Low,0,215,0.1784,0.0279
tfidf_chi2,XGBoost,BlackConcentration,13,Low,1,213,0.2785,0.0563
tfidf_chi2,XGBoost,BlackConcentration,13,Low,2,231,0.3413,0.0779
tfidf_chi2,XGBoost,BlackConcentration,13,Low,3,233,0.3977,0.0987
tfidf_chi2,XGBoost,BlackConcentration,13,Low,4,219,0.4508,0.1142
tfidf_chi2,XGBoost,BlackConcentration,13,Low,5,227,0.5013,0.163
tfidf_chi2,XGBoost,BlackConcentration,13,Low,6,207,0.5518,0.1691
tfidf_chi2,XGBoost,BlackConcentration,13,Low,7,216,0.6015,0.162
tfidf_chi2,XGBoost,BlackConcentration,13,Low,8,212,0.6643,0.2736
tfidf_chi2,XGBoost,BlackConcentration,13,Low,9,197,0.7498,0.2944
tfidf_chi2,XGBoost,BlackConcentration,13,High,0,561,0.1735,0.0321
tfidf_chi2,XGBoost,BlackConcentration,13,High,1,518,0.2781,0.0676
tfidf_chi2,XGBoost,BlackConcentration,13,High,2,525,0.34,0.0629
tfidf_chi2,XGBoost,BlackConcentration,13,High,3,566,0.3982,0.1201
tfidf_chi2,XGBoost,BlackConcentration,13,High,4,539,0.4508,0.1336
tfidf_chi2,XGBoost,BlackConcentration,13,High,5,531,0.5004,0.162
tfidf_chi2,XGBoost,BlackConcentration,13,High,6,593,0.551,0.1855
tfidf_chi2,XGBoost,BlackConcentration,13,High,7,602,0.6025,0.196
tfidf_chi2,XGBoost,BlackConcentration,13,High,8,605,0.6597,0.2893
tfidf_chi2,XGBoost,BlackConcentration,13,High,9,588,0.75,0.3639
tfidf_chi2,XGBoost,SES_group,14,Low,0,787,0.162,0.0229
tfidf_chi2,XGBoost,SES_group,14,Low,1,705,0.2567,0.0553
tfidf_chi2,XGBoost,SES_group,14,Low,2,682,0.3177,0.0733
tfidf_chi2,XGBoost,SES_group,14,Low,3,684,0.3733,0.1184
tfidf_chi2,XGBoost,SES_group,14,Low,4,669,0.4268,0.1375
tfidf_chi2,XGBoost,SES_group,14,Low,5,653,0.4797,0.1041
tfidf_chi2,XGBoost,SES_group,14,Low,6,644,0.5321,0.1553
tfidf_chi2,XGBoost,SES_group,14,Low,7,629,0.5872,0.2544
tfidf_chi2,XGBoost,SES_group,14,Low,8,627,0.6527,0.2982
tfidf_chi2,XGBoost,SES_group,14,Low,9,627,0.7393,0.3014
tfidf_chi2,XGBoost,SES_group,14,High,0,302,0.1689,0.0397
tfidf_chi2,XGBoost,SES_group,14,High,1,313,0.2558,0.0607
tfidf_chi2,XGBoost,SES_group,14,High,2,312,0.3173,0.0962
tfidf_chi2,XGBoost,SES_group,14,High,3,312,0.3739,0.0929
tfidf_chi2,XGBoost,SES_group,14,High,4,351,0.4276,0.1168
tfidf_chi2,XGBoost,SES_group,14,High,5,339,0.4794,0.0944
tfidf_chi2,XGBoost,SES_group,14,High,6,372,0.5316,0.1667
tfidf_chi2,XGBoost,SES_group,14,High,7,367,0.5863,0.1935
tfidf_chi2,XGBoost,SES_group,14,High,8,343,0.6519,0.3003
tfidf_chi2,XGBoost,SES_group,14,High,9,388,0.7418,0.3608
tfidf_chi2,XGBoost,BlackConcentration,14,Low,0,272,0.1678,0.0221
tfidf_chi2,XGBoost,BlackConcentration,14,Low,1,283,0.2577,0.0565
tfidf_chi2,XGBoost,BlackConcentration,14,Low,2,282,0.3184,0.0887
tfidf_chi2,XGBoost,BlackConcentration,14,Low,3,285,0.3747,0.1368
tfidf_chi2,XGBoost,BlackConcentration,14,Low,4,277,0.4266,0.148
tfidf_chi2,XGBoost,BlackConcentration,14,Low,5,270,0.4799,0.1333
tfidf_chi2,XGBoost,BlackConcentration,14,Low,6,274,0.5337,0.1533
tfidf_chi2,XGBoost,BlackConcentration,14,Low,7,241,0.5882,0.1867
tfidf_chi2,XGBoost,BlackConcentration,14,Low,8,249,0.6511,0.2811
tfidf_chi2,XGBoost,BlackConcentration,14,Low,9,251,0.7371,0.3187
tfidf_chi2,XGBoost,BlackConcentration,14,High,0,629,0.1661,0.0445
tfidf_chi2,XGBoost,BlackConcentration,14,High,1,654,0.2563,0.0443
tfidf_chi2,XGBoost,BlackConcentration,14,High,2,653,0.3175,0.0919
tfidf_chi2,XGBoost,BlackConcentration,14,High,3,645,0.3727,0.1116
tfidf_chi2,XGBoost,BlackConcentration,14,High,4,652,0.4276,0.1212
tfidf_chi2,XGBoost,BlackConcentration,14,High,5,639,0.4795,0.1142
tfidf_chi2,XGBoost,BlackConcentration,14,High,6,655,0.5317,0.1664
tfidf_chi2,XGBoost,BlackConcentration,14,High,7,675,0.5865,0.2341
tfidf_chi2,XGBoost,BlackConcentration,14,High,8,662,0.6523,0.2991
tfidf_chi2,XGBoost,BlackConcentration,14,High,9,706,0.7425,0.3513
finbert_768,Logistic,SES_group,1,Low,0,56,0.0062,0.125
finbert_768,Logistic,SES_group,1,Low,1,54,0.0512,0.1111
finbert_768,Logistic,SES_group,1,Low,2,50,0.1222,0.08
finbert_768,Logistic,SES_group,1,Low,3,56,0.2082,0.0714
finbert_768,Logistic,SES_group,1,Low,4,52,0.2982,0.1346
finbert_768,Logistic,SES_group,1,Low,5,50,0.4117,0.12
finbert_768,Logistic,SES_group,1,Low,6,45,0.5204,0.0889
finbert_768,Logistic,SES_group,1,Low,7,53,0.6268,0.2453
finbert_768,Logistic,SES_group,1,Low,8,47,0.7494,0.3191
finbert_768,Logistic,SES_group,1,Low,9,52,0.9011,0.1923
finbert_768,Logistic,SES_group,1,High,0,17,0.0079,0.1176
finbert_768,Logistic,SES_group,1,High,1,26,0.049,0.1154
finbert_768,Logistic,SES_group,1,High,2,24,0.1228,0.2083
finbert_768,Logistic,SES_group,1,High,3,14,0.2024,0.0714
finbert_768,Logistic,SES_group,1,High,4,21,0.298,0.0952
finbert_768,Logistic,SES_group,1,High,5,21,0.4105,0.0476
finbert_768,Logistic,SES_group,1,High,6,25,0.5206,0.28
finbert_768,Logistic,SES_group,1,High,7,24,0.6199,0.1667
finbert_768,Logistic,SES_group,1,High,8,20,0.7715,0.2
finbert_768,Logistic,SES_group,1,High,9,22,0.913,0.2727
finbert_768,Logistic,BlackConcentration,1,Low,0,21,0.0064,0.1905
finbert_768,Logistic,BlackConcentration,1,Low,1,15,0.0539,0.1333
finbert_768,Logistic,BlackConcentration,1,Low,2,11,0.1188,0.2727
finbert_768,Logistic,BlackConcentration,1,Low,3,16,0.2131,0.125
finbert_768,Logistic,BlackConcentration,1,Low,4,23,0.2966,0.2174
finbert_768,Logistic,BlackConcentration,1,Low,5,20,0.4139,0.15
finbert_768,Logistic,BlackConcentration,1,Low,6,18,0.526,0.1111
finbert_768,Logistic,BlackConcentration,1,Low,7,20,0.6197,0.15
finbert_768,Logistic,BlackConcentration,1,Low,8,16,0.7609,0.375
finbert_768,Logistic,BlackConcentration,1,Low,9,20,0.8875,0.15
finbert_768,Logistic,BlackConcentration,1,High,0,46,0.0072,0.1087
finbert_768,Logistic,BlackConcentration,1,High,1,47,0.0488,0.0851
finbert_768,Logistic,BlackConcentration,1,High,2,53,0.1193,0.0755
finbert_768,Logistic,BlackConcentration,1,High,3,46,0.2081,0.0435
finbert_768,Logistic,BlackConcentration,1,High,4,39,0.3022,0.1282
finbert_768,Logistic,BlackConcentration,1,High,5,41,0.4043,0.1463
finbert_768,Logistic,BlackConcentration,1,High,6,45,0.5219,0.2
finbert_768,Logistic,BlackConcentration,1,High,7,48,0.6222,0.2708
finbert_768,Logistic,BlackConcentration,1,High,8,47,0.7576,0.234
finbert_768,Logistic,BlackConcentration,1,High,9,48,0.9111,0.1875
finbert_768,Logistic,SES_group,2,Low,0,61,0.0139,0.0984
finbert_768,Logistic,SES_group,2,Low,1,59,0.0574,0.0508
finbert_768,Logistic,SES_group,2,Low,2,60,0.1181,0.0
finbert_768,Logistic,SES_group,2,Low,3,63,0.1788,0.0317
finbert_768,Logistic,SES_group,2,Low,4,49,0.2554,0.0408
finbert_768,Logistic,SES_group,2,Low,5,57,0.3477,0.1053
finbert_768,Logistic,SES_group,2,Low,6,56,0.4469,0.0714
finbert_768,Logistic,SES_group,2,Low,7,49,0.5747,0.1224
finbert_768,Logistic,SES_group,2,Low,8,55,0.7227,0.2182
finbert_768,Logistic,SES_group,2,Low,9,52,0.8854,0.2115
finbert_768,Logistic,SES_group,2,High,0,18,0.0122,0.1111
finbert_768,Logistic,SES_group,2,High,1,21,0.0606,0.1905
finbert_768,Logistic,SES_group,2,High,2,26,0.122,0.0769
finbert_768,Logistic,SES_group,2,High,3,22,0.1837,0.0455
finbert_768,Logistic,SES_group,2,High,4,29,0.2517,0.069
finbert_768,Logistic,SES_group,2,High,5,31,0.3447,0.1613
finbert_768,Logistic,SES_group,2,High,6,27,0.454,0.0741
finbert_768,Logistic,SES_group,2,High,7,35,0.5826,0.3143
finbert_768,Logistic,SES_group,2,High,8,26,0.73,0.1154
finbert_768,Logistic,SES_group,2,High,9,28,0.9035,0.3214
finbert_768,Logistic,SES_group,3,Low,0,70,0.0368,0.0
finbert_768,Logistic,SES_group,3,Low,1,72,0.1142,0.0417
finbert_768,Logistic,SES_group,3,Low,2,60,0.1866,0.0333
finbert_768,Logistic,SES_group,3,Low,3,65,0.2698,0.0462
finbert_768,Logistic,SES_group,3,Low,4,54,0.3583,0.1111
finbert_768,Logistic,SES_group,3,Low,5,66,0.4357,0.0758
finbert_768,Logistic,SES_group,3,Low,6,45,0.5198,0.1778
finbert_768,Logistic,SES_group,3,Low,7,53,0.6363,0.1698
finbert_768,Logistic,SES_group,3,Low,8,65,0.738,0.2308
finbert_768,Logistic,SES_group,3,Low,9,56,0.8922,0.2321
finbert_768,Logistic,SES_group,3,High,0,24,0.0366,0.0417
finbert_768,Logistic,SES_group,3,High,1,24,0.1097,0.125
finbert_768,Logistic,SES_group,3,High,2,22,0.1901,0.1364
finbert_768,Logistic,SES_group,3,High,3,15,0.2783,0.2
finbert_768,Logistic,SES_group,3,High,4,27,0.353,0.1111
finbert_768,Logistic,SES_group,3,High,5,36,0.4344,0.2222
finbert_768,Logistic,SES_group,3,High,6,37,0.5264,0.1351
finbert_768,Logistic,SES_group,3,High,7,33,0.6284,0.1818
finbert_768,Logistic,SES_group,3,High,8,42,0.7444,0.3095
finbert_768,Logistic,SES_group,3,High,9,32,0.8764,0.4062
finbert_768,Logistic,SES_group,4,Low,0,95,0.0465,0.1053
finbert_768,Logistic,SES_group,4,Low,1,82,0.1285,0.0854
finbert_768,Logistic,SES_group,4,Low,2,73,0.2018,0.0548
finbert_768,Logistic,SES_group,4,Low,3,79,0.2823,0.1646
finbert_768,Logistic,SES_group,4,Low,4,75,0.3606,0.0533
finbert_768,Logistic,SES_group,4,Low,5,90,0.4466,0.1444
finbert_768,Logistic,SES_group,4,Low,6,100,0.5465,0.14
finbert_768,Logistic,SES_group,4,Low,7,77,0.6308,0.1948
finbert_768,Logistic,SES_group,4,Low,8,78,0.7422,0.141
finbert_768,Logistic,SES_group,4,Low,9,65,0.874,0.2923
finbert_768,Logistic,SES_group,4,High,0,35,0.0421,0.0857
finbert_768,Logistic,SES_group,4,High,1,43,0.1285,0.0233
finbert_768,Logistic,SES_group,4,High,2,48,0.2035,0.0417
finbert_768,Logistic,SES_group,4,High,3,37,0.2803,0.1081
finbert_768,Logistic,SES_group,4,High,4,41,0.3592,0.0976
finbert_768,Logistic,SES_group,4,High,5,37,0.4477,0.0811
finbert_768,Logistic,SES_group,4,High,6,32,0.547,0.1562
finbert_768,Logistic,SES_group,4,High,7,37,0.6286,0.1622
finbert_768,Logistic,SES_group,4,High,8,41,0.7441,0.3171
finbert_768,Logistic,SES_group,4,High,9,46,0.8821,0.3261
finbert_768,Logistic,BlackConcentration,4,Low,0,25,0.0467,0.16
finbert_768,Logistic,BlackConcentration,4,Low,1,34,0.1308,0.0882
finbert_768,Logistic,BlackConcentration,4,Low,2,25,0.1992,0.12
finbert_768,Logistic,BlackConcentration,4,Low,3,17,0.2745,0.1765
finbert_768,Logistic,BlackConcentration,4,Low,4,28,0.3532,0.0
finbert_768,Logistic,BlackConcentration,4,Low,5,21,0.4477,0.1905
finbert_768,Logistic,BlackConcentration,4,Low,6,25,0.5404,0.2
finbert_768,Logistic,BlackConcentration,4,Low,7,22,0.6292,0.1364
finbert_768,Logistic,BlackConcentration,4,Low,8,26,0.7416,0.1923
finbert_768,Logistic,BlackConcentration,4,Low,9,26,0.8853,0.3462
finbert_768,Logistic,BlackConcentration,4,High,0,85,0.0455,0.1059
finbert_768,Logistic,BlackConcentration,4,High,1,74,0.128,0.0676
finbert_768,Logistic,BlackConcentration,4,High,2,87,0.2043,0.046
finbert_768,Logistic,BlackConcentration,4,High,3,79,0.2811,0.1519
finbert_768,Logistic,BlackConcentration,4,High,4,86,0.3603,0.1279
finbert_768,Logistic,BlackConcentration,4,High,5,83,0.4457,0.0964
finbert_768,Logistic,BlackConcentration,4,High,6,77,0.5418,0.1818
finbert_768,Logistic,BlackConcentration,4,High,7,86,0.6288,0.1977
finbert_768,Logistic,BlackConcentration,4,High,8,88,0.7442,0.2159
finbert_768,Logistic,BlackConcentration,4,High,9,96,0.8753,0.2917
finbert_768,Logistic,SES_group,5,Low,0,101,0.0796,0.0198
finbert_768,Logistic,SES_group,5,Low,1,103,0.1727,0.068
finbert_768,Logistic,SES_group,5,Low,2,89,0.2397,0.0225
finbert_768,Logistic,SES_group,5,Low,3,104,0.3057,0.125
finbert_768,Logistic,SES_group,5,Low,4,76,0.375,0.1053
finbert_768,Logistic,SES_group,5,Low,5,93,0.4464,0.1828
finbert_768,Logistic,SES_group,5,Low,6,82,0.5269,0.1341
finbert_768,Logistic,SES_group,5,Low,7,97,0.604,0.2062
finbert_768,Logistic,SES_group,5,Low,8,84,0.7046,0.2738
finbert_768,Logistic,SES_group,5,Low,9,81,0.8344,0.3827
finbert_768,Logistic,SES_group,5,High,0,34,0.0731,0.0294
finbert_768,Logistic,SES_group,5,High,1,36,0.1766,0.0278
finbert_768,Logistic,SES_group,5,High,2,34,0.2421,0.0882
finbert_768,Logistic,SES_group,5,High,3,37,0.3046,0.027
finbert_768,Logistic,SES_group,5,High,4,51,0.3721,0.098
finbert_768,Logistic,SES_group,5,High,5,43,0.4552,0.2093
finbert_768,Logistic,SES_group,5,High,6,46,0.5291,0.1739
finbert_768,Logistic,SES_group,5,High,7,43,0.6012,0.186
finbert_768,Logistic,SES_group,5,High,8,48,0.7033,0.1667
finbert_768,Logistic,SES_group,5,High,9,58,0.8531,0.3276
finbert_768,Logistic,BlackConcentration,5,Low,0,29,0.0811,0.0345
finbert_768,Logistic,BlackConcentration,5,Low,1,37,0.1756,0.0811
finbert_768,Logistic,BlackConcentration,5,Low,2,29,0.2389,0.0345
finbert_768,Logistic,BlackConcentration,5,Low,3,36,0.3022,0.1111
finbert_768,Logistic,BlackConcentration,5,Low,4,15,0.3704,0.2
finbert_768,Logistic,BlackConcentration,5,Low,5,34,0.4484,0.1765
finbert_768,Logistic,BlackConcentration,5,Low,6,26,0.5249,0.0385
finbert_768,Logistic,BlackConcentration,5,Low,7,22,0.6095,0.1818
finbert_768,Logistic,BlackConcentration,5,Low,8,35,0.7013,0.2
finbert_768,Logistic,BlackConcentration,5,Low,9,30,0.822,0.4
finbert_768,Logistic,BlackConcentration,5,High,0,92,0.0759,0.0
finbert_768,Logistic,BlackConcentration,5,High,1,85,0.1711,0.0118
finbert_768,Logistic,BlackConcentration,5,High,2,87,0.2396,0.046
finbert_768,Logistic,BlackConcentration,5,High,3,87,0.3028,0.092
finbert_768,Logistic,BlackConcentration,5,High,4,94,0.3721,0.0745
finbert_768,Logistic,BlackConcentration,5,High,5,90,0.4515,0.1667
finbert_768,Logistic,BlackConcentration,5,High,6,104,0.5269,0.1442
finbert_768,Logistic,BlackConcentration,5,High,7,89,0.603,0.2472
finbert_768,Logistic,BlackConcentration,5,High,8,83,0.704,0.2289
finbert_768,Logistic,BlackConcentration,5,High,9,98,0.843,0.4286
finbert_768,Logistic,SES_group,6,Low,0,113,0.1171,0.0885
finbert_768,Logistic,SES_group,6,Low,1,103,0.2365,0.0583
finbert_768,Logistic,SES_group,6,Low,2,96,0.3267,0.1042
finbert_768,Logistic,SES_group,6,Low,3,96,0.4028,0.0625
finbert_768,Logistic,SES_group,6,Low,4,90,0.4701,0.1556
finbert_768,Logistic,SES_group,6,Low,5,91,0.5372,0.2198
finbert_768,Logistic,SES_group,6,Low,6,86,0.5975,0.2326
finbert_768,Logistic,SES_group,6,Low,7,89,0.6691,0.191
finbert_768,Logistic,SES_group,6,Low,8,103,0.7416,0.3204
finbert_768,Logistic,SES_group,6,Low,9,92,0.8533,0.413
finbert_768,Logistic,SES_group,6,High,0,38,0.1237,0.0526
finbert_768,Logistic,SES_group,6,High,1,48,0.2428,0.0833
finbert_768,Logistic,SES_group,6,High,2,49,0.3295,0.1224
finbert_768,Logistic,SES_group,6,High,3,57,0.4039,0.1228
finbert_768,Logistic,SES_group,6,High,4,48,0.4722,0.1458
finbert_768,Logistic,SES_group,6,High,5,53,0.5367,0.3208
finbert_768,Logistic,SES_group,6,High,6,55,0.6,0.3636
finbert_768,Logistic,SES_group,6,High,7,52,0.6654,0.1923
finbert_768,Logistic,SES_group,6,High,8,52,0.7431,0.2692
finbert_768,Logistic,SES_group,6,High,9,55,0.8616,0.3091
finbert_768,Logistic,BlackConcentration,6,Low,0,27,0.1107,0.0741
finbert_768,Logistic,BlackConcentration,6,Low,1,24,0.2377,0.0417
finbert_768,Logistic,BlackConcentration,6,Low,2,46,0.3236,0.1087
finbert_768,Logistic,BlackConcentration,6,Low,3,36,0.4056,0.1389
finbert_768,Logistic,BlackConcentration,6,Low,4,41,0.4682,0.122
finbert_768,Logistic,BlackConcentration,6,Low,5,36,0.5396,0.1111
finbert_768,Logistic,BlackConcentration,6,Low,6,40,0.5991,0.325
finbert_768,Logistic,BlackConcentration,6,Low,7,37,0.6677,0.1622
finbert_768,Logistic,BlackConcentration,6,Low,8,34,0.7422,0.2647
finbert_768,Logistic,BlackConcentration,6,Low,9,28,0.8481,0.3571
finbert_768,Logistic,BlackConcentration,6,High,0,107,0.1257,0.0654
finbert_768,Logistic,BlackConcentration,6,High,1,114,0.2385,0.0526
finbert_768,Logistic,BlackConcentration,6,High,2,101,0.3288,0.1485
finbert_768,Logistic,BlackConcentration,6,High,3,93,0.405,0.0753
finbert_768,Logistic,BlackConcentration,6,High,4,100,0.47,0.12
finbert_768,Logistic,BlackConcentration,6,High,5,89,0.5357,0.3258
finbert_768,Logistic,BlackConcentration,6,High,6,96,0.5982,0.25
finbert_768,Logistic,BlackConcentration,6,High,7,98,0.6662,0.1837
finbert_768,Logistic,BlackConcentration,6,High,8,97,0.7392,0.3196
finbert_768,Logistic,BlackConcentration,6,High,9,107,0.8527,0.4019
finbert_768,Logistic,SES_group,7,Low,0,140,0.1105,0.0643
finbert_768,Logistic,SES_group,7,Low,1,128,0.2113,0.0859
finbert_768,Logistic,SES_group,7,Low,2,138,0.2768,0.058
finbert_768,Logistic,SES_group,7,Low,3,131,0.3344,0.0763
finbert_768,Logistic,SES_group,7,Low,4,122,0.3955,0.123
finbert_768,Logistic,SES_group,7,Low,5,116,0.4548,0.2069
finbert_768,Logistic,SES_group,7,Low,6,112,0.5244,0.1429
finbert_768,Logistic,SES_group,7,Low,7,96,0.5942,0.125
finbert_768,Logistic,SES_group,7,Low,8,126,0.6736,0.2063
finbert_768,Logistic,SES_group,7,Low,9,102,0.8118,0.3922
finbert_768,Logistic,SES_group,7,High,0,59,0.1136,0.0847
finbert_768,Logistic,SES_group,7,High,1,62,0.2058,0.0323
finbert_768,Logistic,SES_group,7,High,2,60,0.2798,0.0667
finbert_768,Logistic,SES_group,7,High,3,66,0.337,0.0606
finbert_768,Logistic,SES_group,7,High,4,77,0.3942,0.0779
finbert_768,Logistic,SES_group,7,High,5,70,0.4565,0.1429
finbert_768,Logistic,SES_group,7,High,6,74,0.5212,0.1622
finbert_768,Logistic,SES_group,7,High,7,64,0.5924,0.25
finbert_768,Logistic,SES_group,7,High,8,64,0.6753,0.3438
finbert_768,Logistic,SES_group,7,High,9,80,0.8128,0.3875
finbert_768,Logistic,BlackConcentration,7,Low,0,37,0.1103,0.0541
finbert_768,Logistic,BlackConcentration,7,Low,1,40,0.2073,0.15
finbert_768,Logistic,BlackConcentration,7,Low,2,44,0.2799,0.0227
finbert_768,Logistic,BlackConcentration,7,Low,3,49,0.3361,0.0612
finbert_768,Logistic,BlackConcentration,7,Low,4,39,0.398,0.1026
finbert_768,Logistic,BlackConcentration,7,Low,5,43,0.4571,0.0698
finbert_768,Logistic,BlackConcentration,7,Low,6,46,0.5256,0.1739
finbert_768,Logistic,BlackConcentration,7,Low,7,41,0.5969,0.1951
finbert_768,Logistic,BlackConcentration,7,Low,8,43,0.6675,0.2326
finbert_768,Logistic,BlackConcentration,7,Low,9,46,0.8006,0.413
finbert_768,Logistic,BlackConcentration,7,High,0,136,0.1125,0.0809
finbert_768,Logistic,BlackConcentration,7,High,1,119,0.2099,0.0504
finbert_768,Logistic,BlackConcentration,7,High,2,127,0.2784,0.0157
finbert_768,Logistic,BlackConcentration,7,High,3,130,0.3371,0.0692
finbert_768,Logistic,BlackConcentration,7,High,4,124,0.3947,0.1371
finbert_768,Logistic,BlackConcentration,7,High,5,130,0.4572,0.1846
finbert_768,Logistic,BlackConcentration,7,High,6,131,0.5205,0.1756
finbert_768,Logistic,BlackConcentration,7,High,7,130,0.5923,0.1692
finbert_768,Logistic,BlackConcentration,7,High,8,116,0.6797,0.2672
finbert_768,Logistic,BlackConcentration,7,High,9,133,0.8151,0.3459
finbert_768,Logistic,SES_group,8,Low,0,213,0.1256,0.061
finbert_768,Logistic,SES_group,8,Low,1,183,0.253,0.1038
finbert_768,Logistic,SES_group,8,Low,2,159,0.3355,0.1069
finbert_768,Logistic,SES_group,8,Low,3,175,0.4111,0.1314
finbert_768,Logistic,SES_group,8,Low,4,160,0.4837,0.1688
finbert_768,Logistic,SES_group,8,Low,5,163,0.546,0.227
finbert_768,Logistic,SES_group,8,Low,6,175,0.6086,0.1829
finbert_768,Logistic,SES_group,8,Low,7,156,0.676,0.2692
finbert_768,Logistic,SES_group,8,Low,8,181,0.7537,0.2707
finbert_768,Logistic,SES_group,8,Low,9,150,0.8547,0.3133
finbert_768,Logistic,SES_group,8,High,0,71,0.1205,0.0141
finbert_768,Logistic,SES_group,8,High,1,83,0.2503,0.1446
finbert_768,Logistic,SES_group,8,High,2,88,0.3362,0.0795
finbert_768,Logistic,SES_group,8,High,3,70,0.4122,0.0857
finbert_768,Logistic,SES_group,8,High,4,99,0.4809,0.1313
finbert_768,Logistic,SES_group,8,High,5,80,0.5483,0.2125
finbert_768,Logistic,SES_group,8,High,6,87,0.6051,0.2644
finbert_768,Logistic,SES_group,8,High,7,86,0.6764,0.1628
finbert_768,Logistic,SES_group,8,High,8,82,0.7534,0.3293
finbert_768,Logistic,SES_group,8,High,9,92,0.8652,0.4348
finbert_768,Logistic,BlackConcentration,8,Low,0,67,0.1263,0.0448
finbert_768,Logistic,BlackConcentration,8,Low,1,60,0.2523,0.1
finbert_768,Logistic,BlackConcentration,8,Low,2,54,0.333,0.1111
finbert_768,Logistic,BlackConcentration,8,Low,3,58,0.4058,0.1034
finbert_768,Logistic,BlackConcentration,8,Low,4,50,0.4877,0.24
finbert_768,Logistic,BlackConcentration,8,Low,5,55,0.5463,0.2
finbert_768,Logistic,BlackConcentration,8,Low,6,55,0.6087,0.2727
finbert_768,Logistic,BlackConcentration,8,Low,7,59,0.6784,0.2203
finbert_768,Logistic,BlackConcentration,8,Low,8,48,0.7559,0.2708
finbert_768,Logistic,BlackConcentration,8,Low,9,49,0.8637,0.4082
finbert_768,Logistic,BlackConcentration,8,High,0,163,0.1196,0.0491
finbert_768,Logistic,BlackConcentration,8,High,1,165,0.2513,0.1152
finbert_768,Logistic,BlackConcentration,8,High,2,182,0.3392,0.0989
finbert_768,Logistic,BlackConcentration,8,High,3,170,0.4139,0.1412
finbert_768,Logistic,BlackConcentration,8,High,4,188,0.4838,0.1755
finbert_768,Logistic,BlackConcentration,8,High,5,184,0.5461,0.25
finbert_768,Logistic,BlackConcentration,8,High,6,179,0.6069,0.2291
finbert_768,Logistic,BlackConcentration,8,High,7,176,0.6756,0.1989
finbert_768,Logistic,BlackConcentration,8,High,8,182,0.7512,0.2637
finbert_768,Logistic,BlackConcentration,8,High,9,194,0.8574,0.3814
finbert_768,Logistic,SES_group,9,Low,0,308,0.1116,0.0292
finbert_768,Logistic,SES_group,9,Low,1,290,0.2151,0.069
finbert_768,Logistic,SES_group,9,Low,2,279,0.2945,0.0681
finbert_768,Logistic,SES_group,9,Low,3,277,0.3589,0.0939
finbert_768,Logistic,SES_group,9,Low,4,247,0.4238,0.1336
finbert_768,Logistic,SES_group,9,Low,5,252,0.4862,0.1349
finbert_768,Logistic,SES_group,9,Low,6,241,0.5499,0.166
finbert_768,Logistic,SES_group,9,Low,7,238,0.6258,0.2059
finbert_768,Logistic,SES_group,9,Low,8,235,0.7135,0.2511
finbert_768,Logistic,SES_group,9,Low,9,228,0.8365,0.3684
finbert_768,Logistic,SES_group,9,High,0,117,0.1129,0.0684
finbert_768,Logistic,SES_group,9,High,1,117,0.2159,0.0598
finbert_768,Logistic,SES_group,9,High,2,136,0.2915,0.0809
finbert_768,Logistic,SES_group,9,High,3,129,0.3592,0.1085
finbert_768,Logistic,SES_group,9,High,4,137,0.4213,0.1022
finbert_768,Logistic,SES_group,9,High,5,150,0.488,0.1533
finbert_768,Logistic,SES_group,9,High,6,163,0.5532,0.1534
finbert_768,Logistic,SES_group,9,High,7,152,0.6238,0.1579
finbert_768,Logistic,SES_group,9,High,8,161,0.7069,0.2795
finbert_768,Logistic,SES_group,9,High,9,167,0.8333,0.3293
finbert_768,Logistic,BlackConcentration,9,Low,0,112,0.1158,0.0089
finbert_768,Logistic,BlackConcentration,9,Low,1,103,0.2143,0.0874
finbert_768,Logistic,BlackConcentration,9,Low,2,95,0.293,0.1053
finbert_768,Logistic,BlackConcentration,9,Low,3,101,0.3595,0.0891
finbert_768,Logistic,BlackConcentration,9,Low,4,115,0.4229,0.1304
finbert_768,Logistic,BlackConcentration,9,Low,5,94,0.4871,0.117
finbert_768,Logistic,BlackConcentration,9,Low,6,83,0.5481,0.1566
finbert_768,Logistic,BlackConcentration,9,Low,7,105,0.6221,0.1143
finbert_768,Logistic,BlackConcentration,9,Low,8,95,0.7108,0.2632
finbert_768,Logistic,BlackConcentration,9,Low,9,117,0.83,0.3248
finbert_768,Logistic,BlackConcentration,9,High,0,275,0.1146,0.0436
finbert_768,Logistic,BlackConcentration,9,High,1,261,0.2151,0.0651
finbert_768,Logistic,BlackConcentration,9,High,2,288,0.2931,0.0729
finbert_768,Logistic,BlackConcentration,9,High,3,260,0.3597,0.1077
finbert_768,Logistic,BlackConcentration,9,High,4,258,0.4245,0.1279
finbert_768,Logistic,BlackConcentration,9,High,5,293,0.4867,0.1399
finbert_768,Logistic,BlackConcentration,9,High,6,267,0.5535,0.1985
finbert_768,Logistic,BlackConcentration,9,High,7,268,0.6243,0.2052
finbert_768,Logistic,BlackConcentration,9,High,8,274,0.7103,0.2518
finbert_768,Logistic,BlackConcentration,9,High,9,271,0.8405,0.3063
finbert_768,Logistic,SES_group,10,Low,0,320,0.1322,0.0375
finbert_768,Logistic,SES_group,10,Low,1,301,0.2277,0.0664
finbert_768,Logistic,SES_group,10,Low,2,277,0.2972,0.0614
finbert_768,Logistic,SES_group,10,Low,3,276,0.3551,0.0761
finbert_768,Logistic,SES_group,10,Low,4,271,0.4107,0.1218
finbert_768,Logistic,SES_group,10,Low,5,268,0.4667,0.1642
finbert_768,Logistic,SES_group,10,Low,6,260,0.5233,0.1731
finbert_768,Logistic,SES_group,10,Low,7,270,0.5922,0.1852
finbert_768,Logistic,SES_group,10,Low,8,235,0.6695,0.2085
finbert_768,Logistic,SES_group,10,Low,9,233,0.7906,0.3476
finbert_768,Logistic,SES_group,10,High,0,120,0.1341,0.0667
finbert_768,Logistic,SES_group,10,High,1,119,0.2288,0.0672
finbert_768,Logistic,SES_group,10,High,2,118,0.2986,0.0678
finbert_768,Logistic,SES_group,10,High,3,135,0.3549,0.1259
finbert_768,Logistic,SES_group,10,High,4,138,0.4103,0.0652
finbert_768,Logistic,SES_group,10,High,5,134,0.4666,0.1343
finbert_768,Logistic,SES_group,10,High,6,143,0.5244,0.1469
finbert_768,Logistic,SES_group,10,High,7,142,0.5959,0.1549
finbert_768,Logistic,SES_group,10,High,8,158,0.6741,0.2595
finbert_768,Logistic,SES_group,10,High,9,149,0.7929,0.3826
finbert_768,Logistic,BlackConcentration,10,Low,0,98,0.1322,0.051
finbert_768,Logistic,BlackConcentration,10,Low,1,103,0.2241,0.068
finbert_768,Logistic,BlackConcentration,10,Low,2,105,0.2986,0.1143
finbert_768,Logistic,BlackConcentration,10,Low,3,95,0.3544,0.0526
finbert_768,Logistic,BlackConcentration,10,Low,4,113,0.4101,0.1327
finbert_768,Logistic,BlackConcentration,10,Low,5,96,0.4676,0.125
finbert_768,Logistic,BlackConcentration,10,Low,6,111,0.5242,0.1351
finbert_768,Logistic,BlackConcentration,10,Low,7,95,0.5973,0.1895
finbert_768,Logistic,BlackConcentration,10,Low,8,92,0.6694,0.1739
finbert_768,Logistic,BlackConcentration,10,Low,9,104,0.7971,0.3269
finbert_768,Logistic,BlackConcentration,10,High,0,269,0.1326,0.0632
finbert_768,Logistic,BlackConcentration,10,High,1,256,0.229,0.0781
finbert_768,Logistic,BlackConcentration,10,High,2,261,0.2978,0.0575
finbert_768,Logistic,BlackConcentration,10,High,3,282,0.3542,0.117
finbert_768,Logistic,BlackConcentration,10,High,4,262,0.4109,0.1107
finbert_768,Logistic,BlackConcentration,10,High,5,260,0.4659,0.1615
finbert_768,Logistic,BlackConcentration,10,High,6,269,0.523,0.1859
finbert_768,Logistic,BlackConcentration,10,High,7,261,0.5945,0.1724
finbert_768,Logistic,BlackConcentration,10,High,8,287,0.6723,0.2892
finbert_768,Logistic,BlackConcentration,10,High,9,287,0.7955,0.3868
finbert_768,Logistic,SES_group,11,Low,0,443,0.1445,0.0339
finbert_768,Logistic,SES_group,11,Low,1,391,0.2431,0.0639
finbert_768,Logistic,SES_group,11,Low,2,376,0.31,0.0532
finbert_768,Logistic,SES_group,11,Low,3,386,0.3707,0.101
finbert_768,Logistic,SES_group,11,Low,4,355,0.427,0.1408
finbert_768,Logistic,SES_group,11,Low,5,359,0.4824,0.1421
finbert_768,Logistic,SES_group,11,Low,6,352,0.5412,0.1847
finbert_768,Logistic,SES_group,11,Low,7,327,0.6055,0.1988
finbert_768,Logistic,SES_group,11,Low,8,337,0.6732,0.2463
finbert_768,Logistic,SES_group,11,Low,9,321,0.7942,0.3115
finbert_768,Logistic,SES_group,11,High,0,146,0.15,0.0068
finbert_768,Logistic,SES_group,11,High,1,185,0.2445,0.0324
finbert_768,Logistic,SES_group,11,High,2,165,0.3115,0.103
finbert_768,Logistic,SES_group,11,High,3,175,0.3713,0.0629
finbert_768,Logistic,SES_group,11,High,4,203,0.4274,0.1182
finbert_768,Logistic,SES_group,11,High,5,187,0.4829,0.139
finbert_768,Logistic,SES_group,11,High,6,200,0.5391,0.21
finbert_768,Logistic,SES_group,11,High,7,229,0.6039,0.179
finbert_768,Logistic,SES_group,11,High,8,203,0.6758,0.2414
finbert_768,Logistic,SES_group,11,High,9,207,0.7964,0.3768
finbert_768,Logistic,BlackConcentration,11,Low,0,153,0.1413,0.0261
finbert_768,Logistic,BlackConcentration,11,Low,1,133,0.2428,0.0376
finbert_768,Logistic,BlackConcentration,11,Low,2,150,0.3115,0.06
finbert_768,Logistic,BlackConcentration,11,Low,3,136,0.3724,0.0809
finbert_768,Logistic,BlackConcentration,11,Low,4,125,0.4271,0.104
finbert_768,Logistic,BlackConcentration,11,Low,5,151,0.4817,0.106
finbert_768,Logistic,BlackConcentration,11,Low,6,126,0.542,0.1667
finbert_768,Logistic,BlackConcentration,11,Low,7,136,0.6048,0.2353
finbert_768,Logistic,BlackConcentration,11,Low,8,127,0.6741,0.2047
finbert_768,Logistic,BlackConcentration,11,Low,9,141,0.7943,0.234
finbert_768,Logistic,BlackConcentration,11,High,0,349,0.1502,0.0372
finbert_768,Logistic,BlackConcentration,11,High,1,361,0.2454,0.0554
finbert_768,Logistic,BlackConcentration,11,High,2,331,0.31,0.0574
finbert_768,Logistic,BlackConcentration,11,High,3,343,0.3697,0.102
finbert_768,Logistic,BlackConcentration,11,High,4,369,0.4273,0.1328
finbert_768,Logistic,BlackConcentration,11,High,5,353,0.482,0.153
finbert_768,Logistic,BlackConcentration,11,High,6,358,0.5406,0.1983
finbert_768,Logistic,BlackConcentration,11,High,7,361,0.6042,0.1773
finbert_768,Logistic,BlackConcentration,11,High,8,374,0.6757,0.2487
finbert_768,Logistic,BlackConcentration,11,High,9,364,0.7978,0.3022
finbert_768,Logistic,SES_group,12,Low,0,557,0.1653,0.0305
finbert_768,Logistic,SES_group,12,Low,1,507,0.2673,0.0493
finbert_768,Logistic,SES_group,12,Low,2,493,0.3347,0.0832
finbert_768,Logistic,SES_group,12,Low,3,478,0.3907,0.0941
finbert_768,Logistic,SES_group,12,Low,4,452,0.4415,0.1305
finbert_768,Logistic,SES_group,12,Low,5,467,0.4948,0.1413
finbert_768,Logistic,SES_group,12,Low,6,439,0.5481,0.1845
finbert_768,Logistic,SES_group,12,Low,7,455,0.6065,0.2396
finbert_768,Logistic,SES_group,12,Low,8,414,0.6767,0.244
finbert_768,Logistic,SES_group,12,Low,9,443,0.7868,0.3273
finbert_768,Logistic,SES_group,12,High,0,194,0.174,0.0412
finbert_768,Logistic,SES_group,12,High,1,249,0.2683,0.0683
finbert_768,Logistic,SES_group,12,High,2,255,0.3344,0.0706
finbert_768,Logistic,SES_group,12,High,3,261,0.3901,0.1226
finbert_768,Logistic,SES_group,12,High,4,270,0.4431,0.1222
finbert_768,Logistic,SES_group,12,High,5,262,0.495,0.1221
finbert_768,Logistic,SES_group,12,High,6,285,0.5474,0.2
finbert_768,Logistic,SES_group,12,High,7,286,0.6061,0.2133
finbert_768,Logistic,SES_group,12,High,8,275,0.6774,0.2764
finbert_768,Logistic,SES_group,12,High,9,271,0.7847,0.4096
finbert_768,Logistic,BlackConcentration,12,Low,0,203,0.1677,0.0394
finbert_768,Logistic,BlackConcentration,12,Low,1,198,0.2654,0.0404
finbert_768,Logistic,BlackConcentration,12,Low,2,182,0.3379,0.0659
finbert_768,Logistic,BlackConcentration,12,Low,3,169,0.3921,0.1183
finbert_768,Logistic,BlackConcentration,12,Low,4,158,0.4424,0.1076
finbert_768,Logistic,BlackConcentration,12,Low,5,215,0.4966,0.1535
finbert_768,Logistic,BlackConcentration,12,Low,6,181,0.5475,0.1989
finbert_768,Logistic,BlackConcentration,12,Low,7,170,0.6064,0.2059
finbert_768,Logistic,BlackConcentration,12,Low,8,170,0.6768,0.2706
finbert_768,Logistic,BlackConcentration,12,Low,9,146,0.7782,0.3356
finbert_768,Logistic,BlackConcentration,12,High,0,465,0.1679,0.0344
finbert_768,Logistic,BlackConcentration,12,High,1,444,0.2675,0.0428
finbert_768,Logistic,BlackConcentration,12,High,2,466,0.3332,0.0815
finbert_768,Logistic,BlackConcentration,12,High,3,480,0.3911,0.1229
finbert_768,Logistic,BlackConcentration,12,High,4,505,0.4431,0.1485
finbert_768,Logistic,BlackConcentration,12,High,5,469,0.4951,0.1471
finbert_768,Logistic,BlackConcentration,12,High,6,521,0.5484,0.1823
finbert_768,Logistic,BlackConcentration,12,High,7,513,0.6067,0.1852
finbert_768,Logistic,BlackConcentration,12,High,8,510,0.6758,0.2863
finbert_768,Logistic,BlackConcentration,12,High,9,525,0.7859,0.3752
finbert_768,Logistic,SES_group,13,Low,0,682,0.1735,0.0396
finbert_768,Logistic,SES_group,13,Low,1,642,0.2716,0.067
finbert_768,Logistic,SES_group,13,Low,2,573,0.3368,0.0838
finbert_768,Logistic,SES_group,13,Low,3,580,0.3918,0.1121
finbert_768,Logistic,SES_group,13,Low,4,570,0.4435,0.1386
finbert_768,Logistic,SES_group,13,Low,5,521,0.4945,0.1401
finbert_768,Logistic,SES_group,13,Low,6,547,0.5474,0.1755
finbert_768,Logistic,SES_group,13,Low,7,554,0.6053,0.2256
finbert_768,Logistic,SES_group,13,Low,8,509,0.675,0.2652
finbert_768,Logistic,SES_group,13,Low,9,508,0.7807,0.2874
finbert_768,Logistic,SES_group,13,High,0,230,0.1787,0.0261
finbert_768,Logistic,SES_group,13,High,1,237,0.2732,0.0675
finbert_768,Logistic,SES_group,13,High,2,284,0.3375,0.0986
finbert_768,Logistic,SES_group,13,High,3,294,0.3931,0.0884
finbert_768,Logistic,SES_group,13,High,4,303,0.4427,0.1122
finbert_768,Logistic,SES_group,13,High,5,338,0.4933,0.1509
finbert_768,Logistic,SES_group,13,High,6,319,0.5468,0.1755
finbert_768,Logistic,SES_group,13,High,7,324,0.6062,0.2191
finbert_768,Logistic,SES_group,13,High,8,335,0.6746,0.2537
finbert_768,Logistic,SES_group,13,High,9,339,0.7863,0.3923
finbert_768,Logistic,BlackConcentration,13,Low,0,233,0.1775,0.03
finbert_768,Logistic,BlackConcentration,13,Low,1,246,0.2729,0.0691
finbert_768,Logistic,BlackConcentration,13,Low,2,221,0.3367,0.0995
finbert_768,Logistic,BlackConcentration,13,Low,3,235,0.3929,0.0936
finbert_768,Logistic,BlackConcentration,13,Low,4,213,0.4433,0.0657
finbert_768,Logistic,BlackConcentration,13,Low,5,210,0.4926,0.1762
finbert_768,Logistic,BlackConcentration,13,Low,6,200,0.5468,0.135
finbert_768,Logistic,BlackConcentration,13,Low,7,227,0.6046,0.2555
finbert_768,Logistic,BlackConcentration,13,Low,8,196,0.6763,0.2296
finbert_768,Logistic,BlackConcentration,13,Low,9,189,0.7766,0.3069
finbert_768,Logistic,BlackConcentration,13,High,0,555,0.1732,0.0252
finbert_768,Logistic,BlackConcentration,13,High,1,502,0.2724,0.0717
finbert_768,Logistic,BlackConcentration,13,High,2,538,0.3373,0.0911
finbert_768,Logistic,BlackConcentration,13,High,3,522,0.3931,0.1034
finbert_768,Logistic,BlackConcentration,13,High,4,552,0.4444,0.1304
finbert_768,Logistic,BlackConcentration,13,High,5,574,0.4939,0.1429
finbert_768,Logistic,BlackConcentration,13,High,6,607,0.5478,0.1713
finbert_768,Logistic,BlackConcentration,13,High,7,566,0.606,0.2191
finbert_768,Logistic,BlackConcentration,13,High,8,612,0.674,0.2827
finbert_768,Logistic,BlackConcentration,13,High,9,600,0.7853,0.3683
finbert_768,Logistic,SES_group,14,Low,0,787,0.163,0.0229
finbert_768,Logistic,SES_group,14,Low,1,733,0.2548,0.0573
finbert_768,Logistic,SES_group,14,Low,2,693,0.3183,0.088
finbert_768,Logistic,SES_group,14,Low,3,671,0.3716,0.1058
finbert_768,Logistic,SES_group,14,Low,4,650,0.4234,0.1215
finbert_768,Logistic,SES_group,14,Low,5,628,0.474,0.1099
finbert_768,Logistic,SES_group,14,Low,6,653,0.5293,0.1899
finbert_768,Logistic,SES_group,14,Low,7,664,0.5918,0.2304
finbert_768,Logistic,SES_group,14,Low,8,632,0.6648,0.2864
finbert_768,Logistic,SES_group,14,Low,9,596,0.7742,0.3121
finbert_768,Logistic,SES_group,14,High,0,295,0.1646,0.0407
finbert_768,Logistic,SES_group,14,High,1,297,0.2559,0.0741
finbert_768,Logistic,SES_group,14,High,2,314,0.317,0.1146
finbert_768,Logistic,SES_group,14,High,3,321,0.3715,0.0592
finbert_768,Logistic,SES_group,14,High,4,361,0.4217,0.0914
finbert_768,Logistic,SES_group,14,High,5,343,0.4739,0.1341
finbert_768,Logistic,SES_group,14,High,6,371,0.5292,0.1725
finbert_768,Logistic,SES_group,14,High,7,319,0.5923,0.1975
finbert_768,Logistic,SES_group,14,High,8,384,0.6655,0.2708
finbert_768,Logistic,SES_group,14,High,9,394,0.7732,0.3553
finbert_768,Logistic,BlackConcentration,14,Low,0,299,0.1683,0.0201
finbert_768,Logistic,BlackConcentration,14,Low,1,312,0.2557,0.0994
finbert_768,Logistic,BlackConcentration,14,Low,2,274,0.319,0.0839
finbert_768,Logistic,BlackConcentration,14,Low,3,289,0.371,0.1003
finbert_768,Logistic,BlackConcentration,14,Low,4,249,0.4232,0.1285
finbert_768,Logistic,BlackConcentration,14,Low,5,283,0.4736,0.1555
finbert_768,Logistic,BlackConcentration,14,Low,6,251,0.5279,0.1873
finbert_768,Logistic,BlackConcentration,14,Low,7,258,0.5926,0.2171
finbert_768,Logistic,BlackConcentration,14,Low,8,246,0.6665,0.248
finbert_768,Logistic,BlackConcentration,14,Low,9,223,0.7693,0.3184
finbert_768,Logistic,BlackConcentration,14,High,0,621,0.167,0.0467
finbert_768,Logistic,BlackConcentration,14,High,1,646,0.2551,0.0604
finbert_768,Logistic,BlackConcentration,14,High,2,680,0.3173,0.0882
finbert_768,Logistic,BlackConcentration,14,High,3,598,0.3727,0.0819
finbert_768,Logistic,BlackConcentration,14,High,4,665,0.4225,0.1203
finbert_768,Logistic,BlackConcentration,14,High,5,651,0.4741,0.1229
finbert_768,Logistic,BlackConcentration,14,High,6,659,0.5299,0.1973
finbert_768,Logistic,BlackConcentration,14,High,7,645,0.5922,0.2295
finbert_768,Logistic,BlackConcentration,14,High,8,669,0.6649,0.2945
finbert_768,Logistic,BlackConcentration,14,High,9,736,0.7745,0.3288
finbert_768,XGBoost,SES_group,1,Low,0,61,0.0532,0.1148
finbert_768,XGBoost,SES_group,1,Low,1,57,0.1111,0.0526
finbert_768,XGBoost,SES_group,1,Low,2,63,0.1537,0.0794
finbert_768,XGBoost,SES_group,1,Low,3,47,0.208,0.1277
finbert_768,XGBoost,SES_group,1,Low,4,43,0.2718,0.0698
finbert_768,XGBoost,SES_group,1,Low,5,43,0.3427,0.2558
finbert_768,XGBoost,SES_group,1,Low,6,45,0.4121,0.1556
finbert_768,XGBoost,SES_group,1,Low,7,44,0.479,0.2045
finbert_768,XGBoost,SES_group,1,Low,8,60,0.5631,0.25
finbert_768,XGBoost,SES_group,1,Low,9,52,0.6806,0.1923
finbert_768,XGBoost,SES_group,1,High,0,17,0.0487,0.0588
finbert_768,XGBoost,SES_group,1,High,1,17,0.106,0.1176
finbert_768,XGBoost,SES_group,1,High,2,17,0.1645,0.1176
finbert_768,XGBoost,SES_group,1,High,3,23,0.2059,0.2609
finbert_768,XGBoost,SES_group,1,High,4,19,0.2696,0.1053
finbert_768,XGBoost,SES_group,1,High,5,26,0.3508,0.0769
finbert_768,XGBoost,SES_group,1,High,6,25,0.4158,0.16
finbert_768,XGBoost,SES_group,1,High,7,26,0.4754,0.1923
finbert_768,XGBoost,SES_group,1,High,8,22,0.5688,0.1364
finbert_768,XGBoost,SES_group,1,High,9,22,0.6977,0.3636
finbert_768,XGBoost,BlackConcentration,1,Low,0,17,0.0562,0.1176
finbert_768,XGBoost,BlackConcentration,1,Low,1,19,0.1099,0.0
finbert_768,XGBoost,BlackConcentration,1,Low,2,19,0.1545,0.1579
finbert_768,XGBoost,BlackConcentration,1,Low,3,14,0.2112,0.2143
finbert_768,XGBoost,BlackConcentration,1,Low,4,22,0.2717,0.1818
finbert_768,XGBoost,BlackConcentration,1,Low,5,16,0.3488,0.3125
finbert_768,XGBoost,BlackConcentration,1,Low,6,17,0.4114,0.1176
finbert_768,XGBoost,BlackConcentration,1,Low,7,13,0.484,0.2308
finbert_768,XGBoost,BlackConcentration,1,Low,8,21,0.5618,0.2857
finbert_768,XGBoost,BlackConcentration,1,Low,9,22,0.6726,0.2273
finbert_768,XGBoost,BlackConcentration,1,High,0,48,0.0525,0.0625
finbert_768,XGBoost,BlackConcentration,1,High,1,41,0.1055,0.0732
finbert_768,XGBoost,BlackConcentration,1,High,2,43,0.157,0.1163
finbert_768,XGBoost,BlackConcentration,1,High,3,44,0.2077,0.1591
finbert_768,XGBoost,BlackConcentration,1,High,4,44,0.2767,0.0227
finbert_768,XGBoost,BlackConcentration,1,High,5,49,0.3438,0.2449
finbert_768,XGBoost,BlackConcentration,1,High,6,48,0.4164,0.1875
finbert_768,XGBoost,BlackConcentration,1,High,7,55,0.4773,0.2
finbert_768,XGBoost,BlackConcentration,1,High,8,42,0.5637,0.1429
finbert_768,XGBoost,BlackConcentration,1,High,9,46,0.698,0.2391
finbert_768,XGBoost,SES_group,2,Low,0,50,0.0422,0.0
finbert_768,XGBoost,SES_group,2,Low,1,55,0.0818,0.0364
finbert_768,XGBoost,SES_group,2,Low,2,66,0.1311,0.0455
finbert_768,XGBoost,SES_group,2,Low,3,52,0.1766,0.0577
finbert_768,XGBoost,SES_group,2,Low,4,60,0.2341,0.05
finbert_768,XGBoost,SES_group,2,Low,5,58,0.3014,0.0862
finbert_768,XGBoost,SES_group,2,Low,6,61,0.3797,0.1475
finbert_768,XGBoost,SES_group,2,Low,7,54,0.4617,0.1667
finbert_768,XGBoost,SES_group,2,Low,8,53,0.5431,0.1321
finbert_768,XGBoost,SES_group,2,Low,9,52,0.6626,0.2115
finbert_768,XGBoost,SES_group,2,High,0,28,0.0378,0.1429
finbert_768,XGBoost,SES_group,2,High,1,24,0.0808,0.0
finbert_768,XGBoost,SES_group,2,High,2,17,0.1263,0.1176
finbert_768,XGBoost,SES_group,2,High,3,34,0.184,0.1765
finbert_768,XGBoost,SES_group,2,High,4,24,0.236,0.0833
finbert_768,XGBoost,SES_group,2,High,5,27,0.296,0.1481
finbert_768,XGBoost,SES_group,2,High,6,24,0.3739,0.25
finbert_768,XGBoost,SES_group,2,High,7,22,0.4589,0.1364
finbert_768,XGBoost,SES_group,2,High,8,34,0.5379,0.2647
finbert_768,XGBoost,SES_group,2,High,9,29,0.6684,0.1724
finbert_768,XGBoost,SES_group,3,Low,0,68,0.0736,0.0
finbert_768,XGBoost,SES_group,3,Low,1,76,0.1414,0.0132
finbert_768,XGBoost,SES_group,3,Low,2,59,0.1997,0.0339
finbert_768,XGBoost,SES_group,3,Low,3,59,0.2589,0.0508
finbert_768,XGBoost,SES_group,3,Low,4,63,0.3183,0.1111
finbert_768,XGBoost,SES_group,3,Low,5,55,0.3815,0.1455
finbert_768,XGBoost,SES_group,3,Low,6,62,0.4477,0.129
finbert_768,XGBoost,SES_group,3,Low,7,61,0.519,0.1148
finbert_768,XGBoost,SES_group,3,Low,8,53,0.5959,0.283
finbert_768,XGBoost,SES_group,3,Low,9,50,0.7059,0.26
finbert_768,XGBoost,SES_group,3,High,0,31,0.0742,0.0645
finbert_768,XGBoost,SES_group,3,High,1,17,0.1434,0.0588
finbert_768,XGBoost,SES_group,3,High,2,28,0.2047,0.1786
finbert_768,XGBoost,SES_group,3,High,3,31,0.2595,0.1613
finbert_768,XGBoost,SES_group,3,High,4,28,0.322,0.0714
finbert_768,XGBoost,SES_group,3,High,5,29,0.3797,0.1379
finbert_768,XGBoost,SES_group,3,High,6,26,0.449,0.4231
finbert_768,XGBoost,SES_group,3,High,7,29,0.5221,0.2414
finbert_768,XGBoost,SES_group,3,High,8,36,0.5985,0.25
finbert_768,XGBoost,SES_group,3,High,9,37,0.7002,0.3243
finbert_768,XGBoost,SES_group,4,Low,0,88,0.0779,0.0227
finbert_768,XGBoost,SES_group,4,Low,1,79,0.1447,0.038
finbert_768,XGBoost,SES_group,4,Low,2,73,0.2064,0.0959
finbert_768,XGBoost,SES_group,4,Low,3,84,0.2722,0.1667
finbert_768,XGBoost,SES_group,4,Low,4,83,0.3417,0.2289
finbert_768,XGBoost,SES_group,4,Low,5,86,0.4057,0.1512
finbert_768,XGBoost,SES_group,4,Low,6,78,0.4746,0.1667
finbert_768,XGBoost,SES_group,4,Low,7,90,0.5451,0.1444
finbert_768,XGBoost,SES_group,4,Low,8,76,0.614,0.1184
finbert_768,XGBoost,SES_group,4,Low,9,77,0.7076,0.2208
finbert_768,XGBoost,SES_group,4,High,0,39,0.0818,0.0256
finbert_768,XGBoost,SES_group,4,High,1,42,0.1483,0.0238
finbert_768,XGBoost,SES_group,4,High,2,49,0.2058,0.0816
finbert_768,XGBoost,SES_group,4,High,3,38,0.2699,0.0789
finbert_768,XGBoost,SES_group,4,High,4,41,0.3436,0.122
finbert_768,XGBoost,SES_group,4,High,5,36,0.4049,0.1389
finbert_768,XGBoost,SES_group,4,High,6,35,0.4734,0.0571
finbert_768,XGBoost,SES_group,4,High,7,35,0.5422,0.2857
finbert_768,XGBoost,SES_group,4,High,8,43,0.6174,0.186
finbert_768,XGBoost,SES_group,4,High,9,39,0.7072,0.4359
finbert_768,XGBoost,BlackConcentration,4,Low,0,33,0.0808,0.0
finbert_768,XGBoost,BlackConcentration,4,Low,1,25,0.1498,0.08
finbert_768,XGBoost,BlackConcentration,4,Low,2,14,0.2103,0.2857
finbert_768,XGBoost,BlackConcentration,4,Low,3,20,0.2744,0.1
finbert_768,XGBoost,BlackConcentration,4,Low,4,26,0.3492,0.2308
finbert_768,XGBoost,BlackConcentration,4,Low,5,28,0.4086,0.1071
finbert_768,XGBoost,BlackConcentration,4,Low,6,28,0.4733,0.2143
finbert_768,XGBoost,BlackConcentration,4,Low,7,30,0.5451,0.2
finbert_768,XGBoost,BlackConcentration,4,Low,8,19,0.6166,0.2105
finbert_768,XGBoost,BlackConcentration,4,Low,9,26,0.7173,0.2308
finbert_768,XGBoost,BlackConcentration,4,High,0,80,0.0786,0.0375
finbert_768,XGBoost,BlackConcentration,4,High,1,83,0.1454,0.0723
finbert_768,XGBoost,BlackConcentration,4,High,2,87,0.2064,0.0575
finbert_768,XGBoost,BlackConcentration,4,High,3,84,0.2715,0.1071
finbert_768,XGBoost,BlackConcentration,4,High,4,97,0.3423,0.1856
finbert_768,XGBoost,BlackConcentration,4,High,5,77,0.4066,0.2338
finbert_768,XGBoost,BlackConcentration,4,High,6,84,0.4721,0.1071
finbert_768,XGBoost,BlackConcentration,4,High,7,85,0.5436,0.1882
finbert_768,XGBoost,BlackConcentration,4,High,8,78,0.6136,0.1538
finbert_768,XGBoost,BlackConcentration,4,High,9,86,0.7026,0.3605
finbert_768,XGBoost,SES_group,5,Low,0,99,0.0827,0.0303
finbert_768,XGBoost,SES_group,5,Low,1,97,0.1553,0.0412
finbert_768,XGBoost,SES_group,5,Low,2,93,0.2294,0.043
finbert_768,XGBoost,SES_group,5,Low,3,85,0.2972,0.1059
finbert_768,XGBoost,SES_group,5,Low,4,95,0.3584,0.1579
finbert_768,XGBoost,SES_group,5,Low,5,85,0.4146,0.1647
finbert_768,XGBoost,SES_group,5,Low,6,94,0.4692,0.1383
finbert_768,XGBoost,SES_group,5,Low,7,93,0.536,0.1935
finbert_768,XGBoost,SES_group,5,Low,8,88,0.607,0.2045
finbert_768,XGBoost,SES_group,5,Low,9,81,0.7101,0.4444
finbert_768,XGBoost,SES_group,5,High,0,28,0.0822,0.0
finbert_768,XGBoost,SES_group,5,High,1,39,0.1558,0.0513
finbert_768,XGBoost,SES_group,5,High,2,38,0.2196,0.0526
finbert_768,XGBoost,SES_group,5,High,3,44,0.3028,0.1136
finbert_768,XGBoost,SES_group,5,High,4,37,0.358,0.1081
finbert_768,XGBoost,SES_group,5,High,5,54,0.4155,0.1111
finbert_768,XGBoost,SES_group,5,High,6,33,0.4682,0.0909
finbert_768,XGBoost,SES_group,5,High,7,45,0.5311,0.2667
finbert_768,XGBoost,SES_group,5,High,8,45,0.6116,0.0889
finbert_768,XGBoost,SES_group,5,High,9,67,0.7086,0.3731
finbert_768,XGBoost,BlackConcentration,5,Low,0,39,0.0849,0.0256
finbert_768,XGBoost,BlackConcentration,5,Low,1,28,0.1535,0.0
finbert_768,XGBoost,BlackConcentration,5,Low,2,26,0.222,0.0385
finbert_768,XGBoost,BlackConcentration,5,Low,3,29,0.3004,0.1379
finbert_768,XGBoost,BlackConcentration,5,Low,4,31,0.3557,0.1935
finbert_768,XGBoost,BlackConcentration,5,Low,5,30,0.4145,0.1667
finbert_768,XGBoost,BlackConcentration,5,Low,6,25,0.4713,0.12
finbert_768,XGBoost,BlackConcentration,5,Low,7,25,0.5288,0.16
finbert_768,XGBoost,BlackConcentration,5,Low,8,28,0.6124,0.1429
finbert_768,XGBoost,BlackConcentration,5,Low,9,32,0.7006,0.4375
finbert_768,XGBoost,BlackConcentration,5,High,0,89,0.0828,0.0112
finbert_768,XGBoost,BlackConcentration,5,High,1,91,0.1578,0.0659
finbert_768,XGBoost,BlackConcentration,5,High,2,95,0.2248,0.0421
finbert_768,XGBoost,BlackConcentration,5,High,3,98,0.2964,0.0612
finbert_768,XGBoost,BlackConcentration,5,High,4,75,0.3585,0.1067
finbert_768,XGBoost,BlackConcentration,5,High,5,103,0.413,0.1456
finbert_768,XGBoost,BlackConcentration,5,High,6,90,0.47,0.1111
finbert_768,XGBoost,BlackConcentration,5,High,7,98,0.5362,0.2551
finbert_768,XGBoost,BlackConcentration,5,High,8,80,0.6099,0.2
finbert_768,XGBoost,BlackConcentration,5,High,9,90,0.7071,0.4667
finbert_768,XGBoost,SES_group,6,Low,0,103,0.1424,0.0388
finbert_768,XGBoost,SES_group,6,Low,1,105,0.2495,0.0762
finbert_768,XGBoost,SES_group,6,Low,2,90,0.3178,0.1222
finbert_768,XGBoost,SES_group,6,Low,3,88,0.3897,0.1023
finbert_768,XGBoost,SES_group,6,Low,4,110,0.4499,0.1455
finbert_768,XGBoost,SES_group,6,Low,5,105,0.507,0.1333
finbert_768,XGBoost,SES_group,6,Low,6,88,0.5518,0.2386
finbert_768,XGBoost,SES_group,6,Low,7,86,0.599,0.2442
finbert_768,XGBoost,SES_group,6,Low,8,100,0.6613,0.31
finbert_768,XGBoost,SES_group,6,Low,9,84,0.7471,0.4643
finbert_768,XGBoost,SES_group,6,High,0,44,0.156,0.0682
finbert_768,XGBoost,SES_group,6,High,1,41,0.2479,0.1707
finbert_768,XGBoost,SES_group,6,High,2,45,0.3164,0.1111
finbert_768,XGBoost,SES_group,6,High,3,63,0.3813,0.1587
finbert_768,XGBoost,SES_group,6,High,4,39,0.4516,0.1282
finbert_768,XGBoost,SES_group,6,High,5,44,0.5082,0.2273
finbert_768,XGBoost,SES_group,6,High,6,58,0.5532,0.2759
finbert_768,XGBoost,SES_group,6,High,7,52,0.595,0.2692
finbert_768,XGBoost,SES_group,6,High,8,55,0.6571,0.2
finbert_768,XGBoost,SES_group,6,High,9,66,0.7461,0.3485
finbert_768,XGBoost,BlackConcentration,6,Low,0,29,0.1507,0.0
finbert_768,XGBoost,BlackConcentration,6,Low,1,29,0.2497,0.069
finbert_768,XGBoost,BlackConcentration,6,Low,2,35,0.3136,0.1429
finbert_768,XGBoost,BlackConcentration,6,Low,3,43,0.3854,0.093
finbert_768,XGBoost,BlackConcentration,6,Low,4,35,0.4539,0.1429
finbert_768,XGBoost,BlackConcentration,6,Low,5,44,0.5044,0.1591
finbert_768,XGBoost,BlackConcentration,6,Low,6,36,0.5523,0.3056
finbert_768,XGBoost,BlackConcentration,6,Low,7,37,0.5985,0.2432
finbert_768,XGBoost,BlackConcentration,6,Low,8,35,0.6601,0.2286
finbert_768,XGBoost,BlackConcentration,6,Low,9,26,0.7508,0.3462
finbert_768,XGBoost,BlackConcentration,6,High,0,115,0.15,0.0435
finbert_768,XGBoost,BlackConcentration,6,High,1,108,0.2507,0.1111
finbert_768,XGBoost,BlackConcentration,6,High,2,109,0.3199,0.0917
finbert_768,XGBoost,BlackConcentration,6,High,3,87,0.385,0.1149
finbert_768,XGBoost,BlackConcentration,6,High,4,88,0.4491,0.1932
finbert_768,XGBoost,BlackConcentration,6,High,5,93,0.5074,0.1505
finbert_768,XGBoost,BlackConcentration,6,High,6,88,0.5493,0.2955
finbert_768,XGBoost,BlackConcentration,6,High,7,107,0.5984,0.271
finbert_768,XGBoost,BlackConcentration,6,High,8,93,0.6578,0.2581
finbert_768,XGBoost,BlackConcentration,6,High,9,114,0.7452,0.3947
finbert_768,XGBoost,SES_group,7,Low,0,139,0.1268,0.0504
finbert_768,XGBoost,SES_group,7,Low,1,135,0.2244,0.0519
finbert_768,XGBoost,SES_group,7,Low,2,128,0.2867,0.0703
finbert_768,XGBoost,SES_group,7,Low,3,123,0.3398,0.0813
finbert_768,XGBoost,SES_group,7,Low,4,117,0.3859,0.1795
finbert_768,XGBoost,SES_group,7,Low,5,123,0.4392,0.122
finbert_768,XGBoost,SES_group,7,Low,6,108,0.4934,0.1667
finbert_768,XGBoost,SES_group,7,Low,7,110,0.5438,0.1545
finbert_768,XGBoost,SES_group,7,Low,8,109,0.6083,0.2018
finbert_768,XGBoost,SES_group,7,Low,9,119,0.7152,0.3782
finbert_768,XGBoost,SES_group,7,High,0,60,0.1303,0.0667
finbert_768,XGBoost,SES_group,7,High,1,57,0.2269,0.0702
finbert_768,XGBoost,SES_group,7,High,2,60,0.2857,0.0667
finbert_768,XGBoost,SES_group,7,High,3,63,0.3358,0.0952
finbert_768,XGBoost,SES_group,7,High,4,74,0.39,0.1081
finbert_768,XGBoost,SES_group,7,High,5,67,0.4397,0.0746
finbert_768,XGBoost,SES_group,7,High,6,75,0.4883,0.16
finbert_768,XGBoost,SES_group,7,High,7,73,0.5455,0.1781
finbert_768,XGBoost,SES_group,7,High,8,76,0.6035,0.3947
finbert_768,XGBoost,SES_group,7,High,9,71,0.7201,0.3662
finbert_768,XGBoost,BlackConcentration,7,Low,0,38,0.1267,0.0526
finbert_768,XGBoost,BlackConcentration,7,Low,1,38,0.2248,0.0
finbert_768,XGBoost,BlackConcentration,7,Low,2,45,0.2877,0.1778
finbert_768,XGBoost,BlackConcentration,7,Low,3,44,0.336,0.0
finbert_768,XGBoost,BlackConcentration,7,Low,4,29,0.3867,0.1724
finbert_768,XGBoost,BlackConcentration,7,Low,5,39,0.4386,0.1282
finbert_768,XGBoost,BlackConcentration,7,Low,6,41,0.4881,0.1951
finbert_768,XGBoost,BlackConcentration,7,Low,7,44,0.5434,0.1136
finbert_768,XGBoost,BlackConcentration,7,Low,8,57,0.6055,0.193
finbert_768,XGBoost,BlackConcentration,7,Low,9,53,0.7109,0.3774
finbert_768,XGBoost,BlackConcentration,7,High,0,128,0.1291,0.0625
finbert_768,XGBoost,BlackConcentration,7,High,1,133,0.2225,0.0602
finbert_768,XGBoost,BlackConcentration,7,High,2,122,0.2871,0.041
finbert_768,XGBoost,BlackConcentration,7,High,3,140,0.3382,0.0929
finbert_768,XGBoost,BlackConcentration,7,High,4,134,0.3895,0.1269
finbert_768,XGBoost,BlackConcentration,7,High,5,124,0.4412,0.1129
finbert_768,XGBoost,BlackConcentration,7,High,6,124,0.4892,0.1855
finbert_768,XGBoost,BlackConcentration,7,High,7,123,0.5464,0.1951
finbert_768,XGBoost,BlackConcentration,7,High,8,123,0.6058,0.2927
finbert_768,XGBoost,BlackConcentration,7,High,9,125,0.7185,0.344
finbert_768,XGBoost,SES_group,8,Low,0,197,0.148,0.0558
finbert_768,XGBoost,SES_group,8,Low,1,184,0.2716,0.0978
finbert_768,XGBoost,SES_group,8,Low,2,187,0.347,0.1016
finbert_768,XGBoost,SES_group,8,Low,3,163,0.409,0.135
finbert_768,XGBoost,SES_group,8,Low,4,157,0.4578,0.1401
finbert_768,XGBoost,SES_group,8,Low,5,167,0.5071,0.1796
finbert_768,XGBoost,SES_group,8,Low,6,168,0.5558,0.2262
finbert_768,XGBoost,SES_group,8,Low,7,168,0.6105,0.3155
finbert_768,XGBoost,SES_group,8,Low,8,168,0.6672,0.256
finbert_768,XGBoost,SES_group,8,Low,9,156,0.7602,0.3205
finbert_768,XGBoost,SES_group,8,High,0,76,0.1428,0.0395
finbert_768,XGBoost,SES_group,8,High,1,76,0.2677,0.1053
finbert_768,XGBoost,SES_group,8,High,2,91,0.352,0.0989
finbert_768,XGBoost,SES_group,8,High,3,88,0.4086,0.1136
finbert_768,XGBoost,SES_group,8,High,4,87,0.4622,0.1379
finbert_768,XGBoost,SES_group,8,High,5,82,0.5089,0.1463
finbert_768,XGBoost,SES_group,8,High,6,82,0.5559,0.2561
finbert_768,XGBoost,SES_group,8,High,7,79,0.6116,0.1899
finbert_768,XGBoost,SES_group,8,High,8,81,0.6711,0.3457
finbert_768,XGBoost,SES_group,8,High,9,96,0.7628,0.4375
finbert_768,XGBoost,BlackConcentration,8,Low,0,66,0.1527,0.0455
finbert_768,XGBoost,BlackConcentration,8,Low,1,52,0.2669,0.1154
finbert_768,XGBoost,BlackConcentration,8,Low,2,56,0.3536,0.0893
finbert_768,XGBoost,BlackConcentration,8,Low,3,51,0.4105,0.1765
finbert_768,XGBoost,BlackConcentration,8,Low,4,49,0.4563,0.1837
finbert_768,XGBoost,BlackConcentration,8,Low,5,55,0.5074,0.1636
finbert_768,XGBoost,BlackConcentration,8,Low,6,60,0.5576,0.2333
finbert_768,XGBoost,BlackConcentration,8,Low,7,54,0.6134,0.2778
finbert_768,XGBoost,BlackConcentration,8,Low,8,63,0.6696,0.254
finbert_768,XGBoost,BlackConcentration,8,Low,9,49,0.761,0.3878
finbert_768,XGBoost,BlackConcentration,8,High,0,158,0.1406,0.0443
finbert_768,XGBoost,BlackConcentration,8,High,1,173,0.2709,0.104
finbert_768,XGBoost,BlackConcentration,8,High,2,181,0.3476,0.1215
finbert_768,XGBoost,BlackConcentration,8,High,3,183,0.4083,0.1148
finbert_768,XGBoost,BlackConcentration,8,High,4,188,0.4606,0.1489
finbert_768,XGBoost,BlackConcentration,8,High,5,179,0.507,0.1564
finbert_768,XGBoost,BlackConcentration,8,High,6,181,0.5551,0.2818
finbert_768,XGBoost,BlackConcentration,8,High,7,171,0.6105,0.3041
finbert_768,XGBoost,BlackConcentration,8,High,8,177,0.6716,0.2655
finbert_768,XGBoost,BlackConcentration,8,High,9,192,0.7592,0.375
finbert_768,XGBoost,SES_group,9,Low,0,293,0.1446,0.0239
finbert_768,XGBoost,SES_group,9,Low,1,303,0.2558,0.0528
finbert_768,XGBoost,SES_group,9,Low,2,264,0.3276,0.0644
finbert_768,XGBoost,SES_group,9,Low,3,279,0.3841,0.1039
finbert_768,XGBoost,SES_group,9,Low,4,260,0.4361,0.1038
finbert_768,XGBoost,SES_group,9,Low,5,231,0.4887,0.1558
finbert_768,XGBoost,SES_group,9,Low,6,245,0.5387,0.151
finbert_768,XGBoost,SES_group,9,Low,7,235,0.5931,0.2553
finbert_768,XGBoost,SES_group,9,Low,8,259,0.6533,0.2432
finbert_768,XGBoost,SES_group,9,Low,9,226,0.7482,0.3584
finbert_768,XGBoost,SES_group,9,High,0,134,0.1462,0.0597
finbert_768,XGBoost,SES_group,9,High,1,115,0.2541,0.0522
finbert_768,XGBoost,SES_group,9,High,2,137,0.3238,0.1022
finbert_768,XGBoost,SES_group,9,High,3,131,0.3833,0.0916
finbert_768,XGBoost,SES_group,9,High,4,139,0.4369,0.1367
finbert_768,XGBoost,SES_group,9,High,5,152,0.49,0.1118
finbert_768,XGBoost,SES_group,9,High,6,161,0.5395,0.1429
finbert_768,XGBoost,SES_group,9,High,7,154,0.5959,0.1883
finbert_768,XGBoost,SES_group,9,High,8,139,0.6544,0.2662
finbert_768,XGBoost,SES_group,9,High,9,167,0.7447,0.3653
finbert_768,XGBoost,BlackConcentration,9,Low,0,108,0.1447,0.0093
finbert_768,XGBoost,BlackConcentration,9,Low,1,102,0.2564,0.0392
finbert_768,XGBoost,BlackConcentration,9,Low,2,107,0.3247,0.1121
finbert_768,XGBoost,BlackConcentration,9,Low,3,99,0.3838,0.101
finbert_768,XGBoost,BlackConcentration,9,Low,4,93,0.4375,0.1613
finbert_768,XGBoost,BlackConcentration,9,Low,5,97,0.4871,0.134
finbert_768,XGBoost,BlackConcentration,9,Low,6,104,0.5399,0.1154
finbert_768,XGBoost,BlackConcentration,9,Low,7,106,0.5945,0.2075
finbert_768,XGBoost,BlackConcentration,9,Low,8,109,0.6567,0.2477
finbert_768,XGBoost,BlackConcentration,9,Low,9,95,0.7519,0.2842
finbert_768,XGBoost,BlackConcentration,9,High,0,274,0.1451,0.0328
finbert_768,XGBoost,BlackConcentration,9,High,1,277,0.255,0.065
finbert_768,XGBoost,BlackConcentration,9,High,2,262,0.3259,0.0687
finbert_768,XGBoost,BlackConcentration,9,High,3,260,0.3828,0.1077
finbert_768,XGBoost,BlackConcentration,9,High,4,280,0.4374,0.1214
finbert_768,XGBoost,BlackConcentration,9,High,5,273,0.4896,0.1099
finbert_768,XGBoost,BlackConcentration,9,High,6,278,0.5385,0.1619
finbert_768,XGBoost,BlackConcentration,9,High,7,259,0.5935,0.251
finbert_768,XGBoost,BlackConcentration,9,High,8,282,0.6537,0.2411
finbert_768,XGBoost,BlackConcentration,9,High,9,270,0.7431,0.3593
finbert_768,XGBoost,SES_group,10,Low,0,319,0.126,0.0376
finbert_768,XGBoost,SES_group,10,Low,1,328,0.2232,0.064
finbert_768,XGBoost,SES_group,10,Low,2,275,0.2864,0.0691
finbert_768,XGBoost,SES_group,10,Low,3,271,0.3382,0.0849
finbert_768,XGBoost,SES_group,10,Low,4,263,0.3948,0.1293
finbert_768,XGBoost,SES_group,10,Low,5,265,0.4509,0.1472
finbert_768,XGBoost,SES_group,10,Low,6,261,0.5094,0.1724
finbert_768,XGBoost,SES_group,10,Low,7,246,0.5669,0.1829
finbert_768,XGBoost,SES_group,10,Low,8,257,0.6277,0.2296
finbert_768,XGBoost,SES_group,10,Low,9,226,0.7227,0.3319
finbert_768,XGBoost,SES_group,10,High,0,113,0.1225,0.0442
finbert_768,XGBoost,SES_group,10,High,1,127,0.2229,0.0866
finbert_768,XGBoost,SES_group,10,High,2,124,0.2865,0.1129
finbert_768,XGBoost,SES_group,10,High,3,117,0.3428,0.0684
finbert_768,XGBoost,SES_group,10,High,4,144,0.3939,0.0694
finbert_768,XGBoost,SES_group,10,High,5,147,0.4505,0.1429
finbert_768,XGBoost,SES_group,10,High,6,135,0.5094,0.1407
finbert_768,XGBoost,SES_group,10,High,7,159,0.5702,0.1887
finbert_768,XGBoost,SES_group,10,High,8,124,0.6306,0.2742
finbert_768,XGBoost,SES_group,10,High,9,166,0.7301,0.3434
finbert_768,XGBoost,BlackConcentration,10,Low,0,98,0.1318,0.0408
finbert_768,XGBoost,BlackConcentration,10,Low,1,98,0.2243,0.0714
finbert_768,XGBoost,BlackConcentration,10,Low,2,104,0.2851,0.0769
finbert_768,XGBoost,BlackConcentration,10,Low,3,90,0.3385,0.0889
finbert_768,XGBoost,BlackConcentration,10,Low,4,90,0.3925,0.1
finbert_768,XGBoost,BlackConcentration,10,Low,5,102,0.4507,0.1275
finbert_768,XGBoost,BlackConcentration,10,Low,6,120,0.5064,0.1583
finbert_768,XGBoost,BlackConcentration,10,Low,7,87,0.5695,0.2184
finbert_768,XGBoost,BlackConcentration,10,Low,8,115,0.6296,0.1565
finbert_768,XGBoost,BlackConcentration,10,Low,9,108,0.7305,0.3148
finbert_768,XGBoost,BlackConcentration,10,High,0,270,0.1264,0.037
finbert_768,XGBoost,BlackConcentration,10,High,1,251,0.2234,0.0717
finbert_768,XGBoost,BlackConcentration,10,High,2,266,0.2859,0.1015
finbert_768,XGBoost,BlackConcentration,10,High,3,265,0.3408,0.0981
finbert_768,XGBoost,BlackConcentration,10,High,4,278,0.3954,0.1223
finbert_768,XGBoost,BlackConcentration,10,High,5,266,0.4521,0.1842
finbert_768,XGBoost,BlackConcentration,10,High,6,257,0.5082,0.1556
finbert_768,XGBoost,BlackConcentration,10,High,7,278,0.5689,0.2014
finbert_768,XGBoost,BlackConcentration,10,High,8,267,0.6274,0.2584
finbert_768,XGBoost,BlackConcentration,10,High,9,296,0.7317,0.3919
finbert_768,XGBoost,SES_group,11,Low,0,447,0.1454,0.0358
finbert_768,XGBoost,SES_group,11,Low,1,419,0.2475,0.0764
finbert_768,XGBoost,SES_group,11,Low,2,352,0.3148,0.0739
finbert_768,XGBoost,SES_group,11,Low,3,376,0.3743,0.0878
finbert_768,XGBoost,SES_group,11,Low,4,364,0.4305,0.1264
finbert_768,XGBoost,SES_group,11,Low,5,356,0.4833,0.1404
finbert_768,XGBoost,SES_group,11,Low,6,326,0.5345,0.181
finbert_768,XGBoost,SES_group,11,Low,7,348,0.5883,0.1868
finbert_768,XGBoost,SES_group,11,Low,8,336,0.6452,0.2351
finbert_768,XGBoost,SES_group,11,Low,9,323,0.7364,0.3313
finbert_768,XGBoost,SES_group,11,High,0,141,0.1494,0.0213
finbert_768,XGBoost,SES_group,11,High,1,155,0.2489,0.0323
finbert_768,XGBoost,SES_group,11,High,2,192,0.3159,0.0573
finbert_768,XGBoost,SES_group,11,High,3,191,0.3742,0.089
finbert_768,XGBoost,SES_group,11,High,4,198,0.4322,0.101
finbert_768,XGBoost,SES_group,11,High,5,187,0.4835,0.1497
finbert_768,XGBoost,SES_group,11,High,6,222,0.5306,0.1712
finbert_768,XGBoost,SES_group,11,High,7,207,0.5907,0.2029
finbert_768,XGBoost,SES_group,11,High,8,195,0.646,0.2872
finbert_768,XGBoost,SES_group,11,High,9,212,0.7311,0.3538
finbert_768,XGBoost,BlackConcentration,11,Low,0,149,0.1418,0.0268
finbert_768,XGBoost,BlackConcentration,11,Low,1,141,0.2471,0.0638
finbert_768,XGBoost,BlackConcentration,11,Low,2,131,0.315,0.0382
finbert_768,XGBoost,BlackConcentration,11,Low,3,127,0.3759,0.0866
finbert_768,XGBoost,BlackConcentration,11,Low,4,130,0.4324,0.1154
finbert_768,XGBoost,BlackConcentration,11,Low,5,131,0.4841,0.1145
finbert_768,XGBoost,BlackConcentration,11,Low,6,147,0.5338,0.1361
finbert_768,XGBoost,BlackConcentration,11,Low,7,144,0.5858,0.1319
finbert_768,XGBoost,BlackConcentration,11,Low,8,133,0.6444,0.2406
finbert_768,XGBoost,BlackConcentration,11,Low,9,145,0.7393,0.2759
finbert_768,XGBoost,BlackConcentration,11,High,0,338,0.1478,0.0414
finbert_768,XGBoost,BlackConcentration,11,High,1,334,0.2495,0.0599
finbert_768,XGBoost,BlackConcentration,11,High,2,359,0.3147,0.0613
finbert_768,XGBoost,BlackConcentration,11,High,3,364,0.3742,0.0934
finbert_768,XGBoost,BlackConcentration,11,High,4,375,0.4318,0.112
finbert_768,XGBoost,BlackConcentration,11,High,5,363,0.4832,0.1543
finbert_768,XGBoost,BlackConcentration,11,High,6,362,0.5322,0.1934
finbert_768,XGBoost,BlackConcentration,11,High,7,340,0.5889,0.2206
finbert_768,XGBoost,BlackConcentration,11,High,8,373,0.6459,0.2279
finbert_768,XGBoost,BlackConcentration,11,High,9,355,0.7326,0.3099
finbert_768,XGBoost,SES_group,12,Low,0,550,0.1731,0.0273
finbert_768,XGBoost,SES_group,12,Low,1,493,0.2831,0.0588
finbert_768,XGBoost,SES_group,12,Low,2,471,0.3444,0.0828
finbert_768,XGBoost,SES_group,12,Low,3,478,0.3992,0.0962
finbert_768,XGBoost,SES_group,12,Low,4,489,0.4503,0.1104
finbert_768,XGBoost,SES_group,12,Low,5,450,0.5015,0.1489
finbert_768,XGBoost,SES_group,12,Low,6,461,0.5513,0.1952
finbert_768,XGBoost,SES_group,12,Low,7,417,0.5995,0.2206
finbert_768,XGBoost,SES_group,12,Low,8,441,0.6561,0.2472
finbert_768,XGBoost,SES_group,12,Low,9,455,0.7458,0.3253
finbert_768,XGBoost,SES_group,12,High,0,213,0.1805,0.0423
finbert_768,XGBoost,SES_group,12,High,1,251,0.284,0.0637
finbert_768,XGBoost,SES_group,12,High,2,264,0.3466,0.0909
finbert_768,XGBoost,SES_group,12,High,3,247,0.3994,0.085
finbert_768,XGBoost,SES_group,12,High,4,260,0.4488,0.1192
finbert_768,XGBoost,SES_group,12,High,5,268,0.5004,0.1716
finbert_768,XGBoost,SES_group,12,High,6,273,0.5519,0.1722
finbert_768,XGBoost,SES_group,12,High,7,294,0.5998,0.2721
finbert_768,XGBoost,SES_group,12,High,8,279,0.658,0.2832
finbert_768,XGBoost,SES_group,12,High,9,259,0.7494,0.3552
finbert_768,XGBoost,BlackConcentration,12,Low,0,204,0.1818,0.0245
finbert_768,XGBoost,BlackConcentration,12,Low,1,181,0.2833,0.0331
finbert_768,XGBoost,BlackConcentration,12,Low,2,177,0.3469,0.0734
finbert_768,XGBoost,BlackConcentration,12,Low,3,165,0.4002,0.1091
finbert_768,XGBoost,BlackConcentration,12,Low,4,174,0.4515,0.1207
finbert_768,XGBoost,BlackConcentration,12,Low,5,192,0.5027,0.1458
finbert_768,XGBoost,BlackConcentration,12,Low,6,175,0.5508,0.2229
finbert_768,XGBoost,BlackConcentration,12,Low,7,177,0.5999,0.2203
finbert_768,XGBoost,BlackConcentration,12,Low,8,182,0.6571,0.2473
finbert_768,XGBoost,BlackConcentration,12,Low,9,165,0.7452,0.303
finbert_768,XGBoost,BlackConcentration,12,High,0,448,0.1745,0.0268
finbert_768,XGBoost,BlackConcentration,12,High,1,459,0.2832,0.0654
finbert_768,XGBoost,BlackConcentration,12,High,2,493,0.3451,0.0974
finbert_768,XGBoost,BlackConcentration,12,High,3,475,0.3998,0.0947
finbert_768,XGBoost,BlackConcentration,12,High,4,486,0.4497,0.1337
finbert_768,XGBoost,BlackConcentration,12,High,5,490,0.5011,0.1571
finbert_768,XGBoost,BlackConcentration,12,High,6,534,0.5516,0.191
finbert_768,XGBoost,BlackConcentration,12,High,7,518,0.6009,0.2259
finbert_768,XGBoost,BlackConcentration,12,High,8,487,0.6575,0.2669
finbert_768,XGBoost,BlackConcentration,12,High,9,508,0.7461,0.3602
finbert_768,XGBoost,SES_group,13,Low,0,658,0.1716,0.0289
finbert_768,XGBoost,SES_group,13,Low,1,621,0.277,0.0757
finbert_768,XGBoost,SES_group,13,Low,2,606,0.3375,0.0726
finbert_768,XGBoost,SES_group,13,Low,3,560,0.3945,0.1143
finbert_768,XGBoost,SES_group,13,Low,4,528,0.4453,0.1231
finbert_768,XGBoost,SES_group,13,Low,5,548,0.4967,0.1661
finbert_768,XGBoost,SES_group,13,Low,6,565,0.549,0.1717
finbert_768,XGBoost,SES_group,13,Low,7,555,0.6005,0.2252
finbert_768,XGBoost,SES_group,13,Low,8,532,0.6587,0.2237
finbert_768,XGBoost,SES_group,13,Low,9,513,0.7474,0.3236
finbert_768,XGBoost,SES_group,13,High,0,236,0.1762,0.0339
finbert_768,XGBoost,SES_group,13,High,1,251,0.2793,0.0637
finbert_768,XGBoost,SES_group,13,High,2,282,0.3386,0.078
finbert_768,XGBoost,SES_group,13,High,3,314,0.3938,0.1178
finbert_768,XGBoost,SES_group,13,High,4,331,0.4447,0.1329
finbert_768,XGBoost,SES_group,13,High,5,307,0.4965,0.1433
finbert_768,XGBoost,SES_group,13,High,6,293,0.548,0.1706
finbert_768,XGBoost,SES_group,13,High,7,329,0.5996,0.1854
finbert_768,XGBoost,SES_group,13,High,8,315,0.6596,0.2794
finbert_768,XGBoost,SES_group,13,High,9,345,0.7479,0.3942
finbert_768,XGBoost,BlackConcentration,13,Low,0,215,0.1763,0.0279
finbert_768,XGBoost,BlackConcentration,13,Low,1,206,0.276,0.0825
finbert_768,XGBoost,BlackConcentration,13,Low,2,237,0.3366,0.0717
finbert_768,XGBoost,BlackConcentration,13,Low,3,235,0.3933,0.0809
finbert_768,XGBoost,BlackConcentration,13,Low,4,221,0.4452,0.1041
finbert_768,XGBoost,BlackConcentration,13,Low,5,217,0.4962,0.1475
finbert_768,XGBoost,BlackConcentration,13,Low,6,220,0.5491,0.1773
finbert_768,XGBoost,BlackConcentration,13,Low,7,209,0.5993,0.2105
finbert_768,XGBoost,BlackConcentration,13,Low,8,220,0.6595,0.2318
finbert_768,XGBoost,BlackConcentration,13,Low,9,190,0.7482,0.3105
finbert_768,XGBoost,BlackConcentration,13,High,0,564,0.1712,0.0248
finbert_768,XGBoost,BlackConcentration,13,High,1,511,0.2776,0.0744
finbert_768,XGBoost,BlackConcentration,13,High,2,524,0.3373,0.0782
finbert_768,XGBoost,BlackConcentration,13,High,3,549,0.3938,0.1056
finbert_768,XGBoost,BlackConcentration,13,High,4,546,0.4455,0.141
finbert_768,XGBoost,BlackConcentration,13,High,5,572,0.4967,0.1573
finbert_768,XGBoost,BlackConcentration,13,High,6,571,0.5493,0.1769
finbert_768,XGBoost,BlackConcentration,13,High,7,593,0.6005,0.204
finbert_768,XGBoost,BlackConcentration,13,High,8,604,0.6589,0.2632
finbert_768,XGBoost,BlackConcentration,13,High,9,594,0.7469,0.3872
finbert_768,XGBoost,SES_group,14,Low,0,778,0.1598,0.018
finbert_768,XGBoost,SES_group,14,Low,1,699,0.2518,0.0558
finbert_768,XGBoost,SES_group,14,Low,2,701,0.3145,0.0856
finbert_768,XGBoost,SES_group,14,Low,3,678,0.3686,0.1195
finbert_768,XGBoost,SES_group,14,Low,4,652,0.4237,0.1258
finbert_768,XGBoost,SES_group,14,Low,5,662,0.4751,0.1042
finbert_768,XGBoost,SES_group,14,Low,6,670,0.5288,0.1746
finbert_768,XGBoost,SES_group,14,Low,7,614,0.5846,0.2345
finbert_768,XGBoost,SES_group,14,Low,8,625,0.6502,0.28
finbert_768,XGBoost,SES_group,14,Low,9,628,0.7394,0.3232
finbert_768,XGBoost,SES_group,14,High,0,303,0.1659,0.0462
finbert_768,XGBoost,SES_group,14,High,1,319,0.2531,0.0533
finbert_768,XGBoost,SES_group,14,High,2,288,0.3136,0.1007
finbert_768,XGBoost,SES_group,14,High,3,342,0.3695,0.0936
finbert_768,XGBoost,SES_group,14,High,4,338,0.4253,0.0858
finbert_768,XGBoost,SES_group,14,High,5,352,0.477,0.1307
finbert_768,XGBoost,SES_group,14,High,6,343,0.5275,0.1837
finbert_768,XGBoost,SES_group,14,High,7,377,0.5831,0.1857
finbert_768,XGBoost,SES_group,14,High,8,356,0.6518,0.2837
finbert_768,XGBoost,SES_group,14,High,9,381,0.7424,0.3622
finbert_768,XGBoost,BlackConcentration,14,Low,0,264,0.1655,0.0227
finbert_768,XGBoost,BlackConcentration,14,Low,1,297,0.2534,0.0572
finbert_768,XGBoost,BlackConcentration,14,Low,2,279,0.3153,0.1075
finbert_768,XGBoost,BlackConcentration,14,Low,3,283,0.3682,0.1343
finbert_768,XGBoost,BlackConcentration,14,Low,4,270,0.4224,0.1074
finbert_768,XGBoost,BlackConcentration,14,Low,5,270,0.4751,0.1593
finbert_768,XGBoost,BlackConcentration,14,Low,6,275,0.5282,0.1564
finbert_768,XGBoost,BlackConcentration,14,Low,7,246,0.5854,0.1992
finbert_768,XGBoost,BlackConcentration,14,Low,8,250,0.6499,0.244
finbert_768,XGBoost,BlackConcentration,14,Low,9,250,0.7369,0.336
finbert_768,XGBoost,BlackConcentration,14,High,0,628,0.1641,0.0382
finbert_768,XGBoost,BlackConcentration,14,High,1,666,0.2524,0.0586
finbert_768,XGBoost,BlackConcentration,14,High,2,634,0.3131,0.0931
finbert_768,XGBoost,BlackConcentration,14,High,3,675,0.3692,0.1007
finbert_768,XGBoost,BlackConcentration,14,High,4,645,0.4252,0.1101
finbert_768,XGBoost,BlackConcentration,14,High,5,643,0.4767,0.1291
finbert_768,XGBoost,BlackConcentration,14,High,6,639,0.5283,0.1659
finbert_768,XGBoost,BlackConcentration,14,High,7,657,0.5837,0.2374
finbert_768,XGBoost,BlackConcentration,14,High,8,667,0.6502,0.2894
finbert_768,XGBoost,BlackConcentration,14,High,9,716,0.742,0.3561
finbert_pca50,Logistic,SES_group,1,Low,0,59,0.106,0.0508
finbert_pca50,Logistic,SES_group,1,Low,1,57,0.2161,0.0702
finbert_pca50,Logistic,SES_group,1,Low,2,57,0.2881,0.1228
finbert_pca50,Logistic,SES_group,1,Low,3,46,0.3679,0.0435
finbert_pca50,Logistic,SES_group,1,Low,4,45,0.433,0.0667
finbert_pca50,Logistic,SES_group,1,Low,5,49,0.4978,0.1633
finbert_pca50,Logistic,SES_group,1,Low,6,51,0.5602,0.1569
finbert_pca50,Logistic,SES_group,1,Low,7,48,0.6302,0.25
finbert_pca50,Logistic,SES_group,1,Low,8,51,0.7165,0.2941
finbert_pca50,Logistic,SES_group,1,Low,9,52,0.8191,0.2692
finbert_pca50,Logistic,SES_group,1,High,0,19,0.1233,0.1053
finbert_pca50,Logistic,SES_group,1,High,1,24,0.2145,0.125
finbert_pca50,Logistic,SES_group,1,High,2,14,0.2944,0.0714
finbert_pca50,Logistic,SES_group,1,High,3,27,0.3661,0.0741
finbert_pca50,Logistic,SES_group,1,High,4,24,0.4287,0.0833
finbert_pca50,Logistic,SES_group,1,High,5,16,0.4999,0.0625
finbert_pca50,Logistic,SES_group,1,High,6,19,0.565,0.3158
finbert_pca50,Logistic,SES_group,1,High,7,22,0.6267,0.2273
finbert_pca50,Logistic,SES_group,1,High,8,21,0.7117,0.2857
finbert_pca50,Logistic,SES_group,1,High,9,28,0.839,0.25
finbert_pca50,Logistic,BlackConcentration,1,Low,0,14,0.078,0.0
finbert_pca50,Logistic,BlackConcentration,1,Low,1,17,0.2109,0.0588
finbert_pca50,Logistic,BlackConcentration,1,Low,2,16,0.2821,0.125
finbert_pca50,Logistic,BlackConcentration,1,Low,3,16,0.3655,0.25
finbert_pca50,Logistic,BlackConcentration,1,Low,4,19,0.4303,0.2105
finbert_pca50,Logistic,BlackConcentration,1,Low,5,24,0.5011,0.125
finbert_pca50,Logistic,BlackConcentration,1,Low,6,17,0.5612,0.1765
finbert_pca50,Logistic,BlackConcentration,1,Low,7,23,0.6264,0.3043
finbert_pca50,Logistic,BlackConcentration,1,Low,8,18,0.7184,0.2778
finbert_pca50,Logistic,BlackConcentration,1,Low,9,16,0.8349,0.25
finbert_pca50,Logistic,BlackConcentration,1,High,0,52,0.1163,0.0385
finbert_pca50,Logistic,BlackConcentration,1,High,1,52,0.2126,0.0385
finbert_pca50,Logistic,BlackConcentration,1,High,2,44,0.29,0.0455
finbert_pca50,Logistic,BlackConcentration,1,High,3,44,0.367,0.0909
finbert_pca50,Logistic,BlackConcentration,1,High,4,45,0.4347,0.1111
finbert_pca50,Logistic,BlackConcentration,1,High,5,39,0.4998,0.1538
finbert_pca50,Logistic,BlackConcentration,1,High,6,42,0.5636,0.2619
finbert_pca50,Logistic,BlackConcentration,1,High,7,42,0.6308,0.1905
finbert_pca50,Logistic,BlackConcentration,1,High,8,52,0.7147,0.3269
finbert_pca50,Logistic,BlackConcentration,1,High,9,48,0.8285,0.2292
finbert_pca50,Logistic,SES_group,2,Low,0,65,0.1048,0.0
finbert_pca50,Logistic,SES_group,2,Low,1,55,0.1691,0.0182
finbert_pca50,Logistic,SES_group,2,Low,2,58,0.2201,0.069
finbert_pca50,Logistic,SES_group,2,Low,3,52,0.2752,0.0962
finbert_pca50,Logistic,SES_group,2,Low,4,54,0.3416,0.1111
finbert_pca50,Logistic,SES_group,2,Low,5,64,0.4069,0.0469
finbert_pca50,Logistic,SES_group,2,Low,6,59,0.4846,0.0508
finbert_pca50,Logistic,SES_group,2,Low,7,47,0.5723,0.1277
finbert_pca50,Logistic,SES_group,2,Low,8,57,0.6802,0.2281
finbert_pca50,Logistic,SES_group,2,Low,9,50,0.8058,0.22
finbert_pca50,Logistic,SES_group,2,High,0,16,0.1012,0.125
finbert_pca50,Logistic,SES_group,2,High,1,31,0.1706,0.0645
finbert_pca50,Logistic,SES_group,2,High,2,22,0.2209,0.1818
finbert_pca50,Logistic,SES_group,2,High,3,30,0.2792,0.1
finbert_pca50,Logistic,SES_group,2,High,4,26,0.3412,0.0385
finbert_pca50,Logistic,SES_group,2,High,5,19,0.4023,0.2105
finbert_pca50,Logistic,SES_group,2,High,6,30,0.4845,0.1667
finbert_pca50,Logistic,SES_group,2,High,7,27,0.5775,0.2222
finbert_pca50,Logistic,SES_group,2,High,8,28,0.6757,0.1429
finbert_pca50,Logistic,SES_group,2,High,9,34,0.8186,0.2941
finbert_pca50,Logistic,SES_group,3,Low,0,79,0.1318,0.0
finbert_pca50,Logistic,SES_group,3,Low,1,68,0.2245,0.0
finbert_pca50,Logistic,SES_group,3,Low,2,63,0.2811,0.0317
finbert_pca50,Logistic,SES_group,3,Low,3,58,0.348,0.0345
finbert_pca50,Logistic,SES_group,3,Low,4,53,0.414,0.0755
finbert_pca50,Logistic,SES_group,3,Low,5,60,0.4711,0.2333
finbert_pca50,Logistic,SES_group,3,Low,6,64,0.5415,0.1094
finbert_pca50,Logistic,SES_group,3,Low,7,57,0.6098,0.1404
finbert_pca50,Logistic,SES_group,3,Low,8,48,0.6874,0.1667
finbert_pca50,Logistic,SES_group,3,Low,9,56,0.8224,0.3393
finbert_pca50,Logistic,SES_group,3,High,0,21,0.1324,0.1429
finbert_pca50,Logistic,SES_group,3,High,1,28,0.2249,0.0714
finbert_pca50,Logistic,SES_group,3,High,2,19,0.2896,0.1053
finbert_pca50,Logistic,SES_group,3,High,3,26,0.3513,0.0769
finbert_pca50,Logistic,SES_group,3,High,4,30,0.4112,0.2
finbert_pca50,Logistic,SES_group,3,High,5,30,0.4699,0.1667
finbert_pca50,Logistic,SES_group,3,High,6,29,0.5354,0.1034
finbert_pca50,Logistic,SES_group,3,High,7,32,0.6106,0.1562
finbert_pca50,Logistic,SES_group,3,High,8,46,0.6926,0.3478
finbert_pca50,Logistic,SES_group,3,High,9,31,0.8132,0.4516
finbert_pca50,Logistic,SES_group,4,Low,0,97,0.1256,0.0103
finbert_pca50,Logistic,SES_group,4,Low,1,78,0.2111,0.0641
finbert_pca50,Logistic,SES_group,4,Low,2,82,0.2797,0.0854
finbert_pca50,Logistic,SES_group,4,Low,3,79,0.3455,0.0886
finbert_pca50,Logistic,SES_group,4,Low,4,92,0.4142,0.0978
finbert_pca50,Logistic,SES_group,4,Low,5,71,0.4843,0.2254
finbert_pca50,Logistic,SES_group,4,Low,6,90,0.551,0.1222
finbert_pca50,Logistic,SES_group,4,Low,7,86,0.6219,0.2558
finbert_pca50,Logistic,SES_group,4,Low,8,68,0.702,0.2059
finbert_pca50,Logistic,SES_group,4,Low,9,71,0.8171,0.2535
finbert_pca50,Logistic,SES_group,4,High,0,31,0.1306,0.0
finbert_pca50,Logistic,SES_group,4,High,1,50,0.2129,0.02
finbert_pca50,Logistic,SES_group,4,High,2,41,0.2758,0.0488
finbert_pca50,Logistic,SES_group,4,High,3,43,0.3486,0.0233
finbert_pca50,Logistic,SES_group,4,High,4,36,0.4172,0.0556
finbert_pca50,Logistic,SES_group,4,High,5,37,0.4824,0.1351
finbert_pca50,Logistic,SES_group,4,High,6,30,0.5489,0.2333
finbert_pca50,Logistic,SES_group,4,High,7,45,0.6288,0.1556
finbert_pca50,Logistic,SES_group,4,High,8,41,0.6983,0.2927
finbert_pca50,Logistic,SES_group,4,High,9,43,0.8153,0.4419
finbert_pca50,Logistic,BlackConcentration,4,Low,0,26,0.1303,0.0385
finbert_pca50,Logistic,BlackConcentration,4,Low,1,26,0.2103,0.1154
finbert_pca50,Logistic,BlackConcentration,4,Low,2,11,0.2741,0.1818
finbert_pca50,Logistic,BlackConcentration,4,Low,3,26,0.351,0.0769
finbert_pca50,Logistic,BlackConcentration,4,Low,4,23,0.4133,0.087
finbert_pca50,Logistic,BlackConcentration,4,Low,5,24,0.4841,0.125
finbert_pca50,Logistic,BlackConcentration,4,Low,6,26,0.5424,0.1923
finbert_pca50,Logistic,BlackConcentration,4,Low,7,29,0.6181,0.2414
finbert_pca50,Logistic,BlackConcentration,4,Low,8,35,0.7015,0.2286
finbert_pca50,Logistic,BlackConcentration,4,Low,9,23,0.8177,0.2609
finbert_pca50,Logistic,BlackConcentration,4,High,0,83,0.1249,0.0241
finbert_pca50,Logistic,BlackConcentration,4,High,1,81,0.2108,0.0494
finbert_pca50,Logistic,BlackConcentration,4,High,2,94,0.2809,0.0638
finbert_pca50,Logistic,BlackConcentration,4,High,3,84,0.3474,0.0714
finbert_pca50,Logistic,BlackConcentration,4,High,4,82,0.4182,0.0854
finbert_pca50,Logistic,BlackConcentration,4,High,5,87,0.4845,0.1839
finbert_pca50,Logistic,BlackConcentration,4,High,6,67,0.5508,0.1791
finbert_pca50,Logistic,BlackConcentration,4,High,7,83,0.6257,0.2048
finbert_pca50,Logistic,BlackConcentration,4,High,8,82,0.7059,0.2561
finbert_pca50,Logistic,BlackConcentration,4,High,9,98,0.8213,0.3673
finbert_pca50,Logistic,SES_group,5,Low,0,105,0.1433,0.0095
finbert_pca50,Logistic,SES_group,5,Low,1,95,0.2252,0.0632
finbert_pca50,Logistic,SES_group,5,Low,2,104,0.2934,0.0865
finbert_pca50,Logistic,SES_group,5,Low,3,91,0.3521,0.1429
finbert_pca50,Logistic,SES_group,5,Low,4,91,0.4106,0.0769
finbert_pca50,Logistic,SES_group,5,Low,5,81,0.4687,0.1481
finbert_pca50,Logistic,SES_group,5,Low,6,87,0.5352,0.1149
finbert_pca50,Logistic,SES_group,5,Low,7,103,0.6027,0.2524
finbert_pca50,Logistic,SES_group,5,Low,8,85,0.6795,0.2353
finbert_pca50,Logistic,SES_group,5,Low,9,68,0.7921,0.4412
finbert_pca50,Logistic,SES_group,5,High,0,33,0.1462,0.0
finbert_pca50,Logistic,SES_group,5,High,1,34,0.222,0.0882
finbert_pca50,Logistic,SES_group,5,High,2,34,0.2904,0.0294
finbert_pca50,Logistic,SES_group,5,High,3,44,0.3529,0.0909
finbert_pca50,Logistic,SES_group,5,High,4,40,0.4099,0.075
finbert_pca50,Logistic,SES_group,5,High,5,46,0.4682,0.1739
finbert_pca50,Logistic,SES_group,5,High,6,49,0.53,0.1224
finbert_pca50,Logistic,SES_group,5,High,7,38,0.6034,0.1842
finbert_pca50,Logistic,SES_group,5,High,8,46,0.6828,0.2391
finbert_pca50,Logistic,SES_group,5,High,9,66,0.8057,0.303
finbert_pca50,Logistic,BlackConcentration,5,Low,0,31,0.1436,0.0323
finbert_pca50,Logistic,BlackConcentration,5,Low,1,34,0.2258,0.0588
finbert_pca50,Logistic,BlackConcentration,5,Low,2,29,0.2925,0.069
finbert_pca50,Logistic,BlackConcentration,5,Low,3,29,0.3515,0.1034
finbert_pca50,Logistic,BlackConcentration,5,Low,4,27,0.4132,0.037
finbert_pca50,Logistic,BlackConcentration,5,Low,5,33,0.4669,0.1212
finbert_pca50,Logistic,BlackConcentration,5,Low,6,24,0.5322,0.0833
finbert_pca50,Logistic,BlackConcentration,5,Low,7,27,0.6013,0.2593
finbert_pca50,Logistic,BlackConcentration,5,Low,8,30,0.6791,0.2667
finbert_pca50,Logistic,BlackConcentration,5,Low,9,29,0.8032,0.4138
finbert_pca50,Logistic,BlackConcentration,5,High,0,93,0.1443,0.0
finbert_pca50,Logistic,BlackConcentration,5,High,1,85,0.225,0.0353
finbert_pca50,Logistic,BlackConcentration,5,High,2,97,0.2902,0.0412
finbert_pca50,Logistic,BlackConcentration,5,High,3,90,0.3494,0.0778
finbert_pca50,Logistic,BlackConcentration,5,High,4,90,0.4089,0.1
finbert_pca50,Logistic,BlackConcentration,5,High,5,90,0.47,0.1778
finbert_pca50,Logistic,BlackConcentration,5,High,6,96,0.5324,0.1146
finbert_pca50,Logistic,BlackConcentration,5,High,7,87,0.6015,0.2299
finbert_pca50,Logistic,BlackConcentration,5,High,8,89,0.6812,0.2921
finbert_pca50,Logistic,BlackConcentration,5,High,9,92,0.8008,0.4022
finbert_pca50,Logistic,SES_group,6,Low,0,118,0.1988,0.0424
finbert_pca50,Logistic,SES_group,6,Low,1,105,0.3024,0.0667
finbert_pca50,Logistic,SES_group,6,Low,2,91,0.3729,0.1209
finbert_pca50,Logistic,SES_group,6,Low,3,93,0.4348,0.086
finbert_pca50,Logistic,SES_group,6,Low,4,95,0.4889,0.1474
finbert_pca50,Logistic,SES_group,6,Low,5,104,0.5449,0.2019
finbert_pca50,Logistic,SES_group,6,Low,6,86,0.6009,0.1977
finbert_pca50,Logistic,SES_group,6,Low,7,84,0.6561,0.2381
finbert_pca50,Logistic,SES_group,6,Low,8,95,0.7264,0.3263
finbert_pca50,Logistic,SES_group,6,Low,9,88,0.8014,0.4545
finbert_pca50,Logistic,SES_group,6,High,0,37,0.2059,0.0541
finbert_pca50,Logistic,SES_group,6,High,1,46,0.3027,0.1304
finbert_pca50,Logistic,SES_group,6,High,2,49,0.374,0.0816
finbert_pca50,Logistic,SES_group,6,High,3,57,0.4366,0.1579
finbert_pca50,Logistic,SES_group,6,High,4,52,0.4908,0.2115
finbert_pca50,Logistic,SES_group,6,High,5,41,0.5418,0.2195
finbert_pca50,Logistic,SES_group,6,High,6,52,0.6032,0.3462
finbert_pca50,Logistic,SES_group,6,High,7,63,0.6555,0.1746
finbert_pca50,Logistic,SES_group,6,High,8,55,0.7245,0.3455
finbert_pca50,Logistic,SES_group,6,High,9,55,0.8255,0.2727
finbert_pca50,Logistic,BlackConcentration,6,Low,0,24,0.1959,0.0833
finbert_pca50,Logistic,BlackConcentration,6,Low,1,35,0.3068,0.0
finbert_pca50,Logistic,BlackConcentration,6,Low,2,36,0.3727,0.1111
finbert_pca50,Logistic,BlackConcentration,6,Low,3,42,0.4393,0.0952
finbert_pca50,Logistic,BlackConcentration,6,Low,4,39,0.4911,0.1538
finbert_pca50,Logistic,BlackConcentration,6,Low,5,44,0.5465,0.25
finbert_pca50,Logistic,BlackConcentration,6,Low,6,43,0.5974,0.186
finbert_pca50,Logistic,BlackConcentration,6,Low,7,35,0.6553,0.2
finbert_pca50,Logistic,BlackConcentration,6,Low,8,27,0.7291,0.2963
finbert_pca50,Logistic,BlackConcentration,6,Low,9,24,0.8281,0.4167
finbert_pca50,Logistic,BlackConcentration,6,High,0,113,0.2021,0.0265
finbert_pca50,Logistic,BlackConcentration,6,High,1,116,0.3031,0.1034
finbert_pca50,Logistic,BlackConcentration,6,High,2,93,0.3698,0.0968
finbert_pca50,Logistic,BlackConcentration,6,High,3,92,0.4377,0.0978
finbert_pca50,Logistic,BlackConcentration,6,High,4,91,0.4906,0.1209
finbert_pca50,Logistic,BlackConcentration,6,High,5,89,0.5423,0.2472
finbert_pca50,Logistic,BlackConcentration,6,High,6,93,0.6041,0.3011
finbert_pca50,Logistic,BlackConcentration,6,High,7,99,0.6574,0.2121
finbert_pca50,Logistic,BlackConcentration,6,High,8,112,0.722,0.3304
finbert_pca50,Logistic,BlackConcentration,6,High,9,104,0.8147,0.3846
finbert_pca50,Logistic,SES_group,7,Low,0,158,0.1712,0.0443
finbert_pca50,Logistic,SES_group,7,Low,1,132,0.251,0.0682
finbert_pca50,Logistic,SES_group,7,Low,2,129,0.3117,0.062
finbert_pca50,Logistic,SES_group,7,Low,3,112,0.3636,0.1339
finbert_pca50,Logistic,SES_group,7,Low,4,128,0.4154,0.1094
finbert_pca50,Logistic,SES_group,7,Low,5,118,0.466,0.1695
finbert_pca50,Logistic,SES_group,7,Low,6,112,0.5217,0.1518
finbert_pca50,Logistic,SES_group,7,Low,7,105,0.5885,0.181
finbert_pca50,Logistic,SES_group,7,Low,8,107,0.6709,0.2056
finbert_pca50,Logistic,SES_group,7,Low,9,110,0.7835,0.3636
finbert_pca50,Logistic,SES_group,7,High,0,53,0.1739,0.0755
finbert_pca50,Logistic,SES_group,7,High,1,59,0.2516,0.0
finbert_pca50,Logistic,SES_group,7,High,2,61,0.3103,0.0656
finbert_pca50,Logistic,SES_group,7,High,3,69,0.3619,0.1304
finbert_pca50,Logistic,SES_group,7,High,4,74,0.4112,0.0811
finbert_pca50,Logistic,SES_group,7,High,5,62,0.4691,0.0806
finbert_pca50,Logistic,SES_group,7,High,6,81,0.5252,0.1358
finbert_pca50,Logistic,SES_group,7,High,7,63,0.5868,0.2857
finbert_pca50,Logistic,SES_group,7,High,8,80,0.669,0.325
finbert_pca50,Logistic,SES_group,7,High,9,74,0.7907,0.3919
finbert_pca50,Logistic,BlackConcentration,7,Low,0,38,0.1734,0.0526
finbert_pca50,Logistic,BlackConcentration,7,Low,1,50,0.2506,0.06
finbert_pca50,Logistic,BlackConcentration,7,Low,2,36,0.3141,0.0278
finbert_pca50,Logistic,BlackConcentration,7,Low,3,34,0.3618,0.1765
finbert_pca50,Logistic,BlackConcentration,7,Low,4,39,0.4143,0.0769
finbert_pca50,Logistic,BlackConcentration,7,Low,5,42,0.4645,0.0714
finbert_pca50,Logistic,BlackConcentration,7,Low,6,51,0.5229,0.1569
finbert_pca50,Logistic,BlackConcentration,7,Low,7,46,0.5846,0.2391
finbert_pca50,Logistic,BlackConcentration,7,Low,8,43,0.6645,0.1628
finbert_pca50,Logistic,BlackConcentration,7,Low,9,49,0.781,0.4082
finbert_pca50,Logistic,BlackConcentration,7,High,0,127,0.1689,0.0787
finbert_pca50,Logistic,BlackConcentration,7,High,1,117,0.2526,0.0513
finbert_pca50,Logistic,BlackConcentration,7,High,2,129,0.3112,0.0388
finbert_pca50,Logistic,BlackConcentration,7,High,3,138,0.3632,0.0725
finbert_pca50,Logistic,BlackConcentration,7,High,4,131,0.4154,0.1374
finbert_pca50,Logistic,BlackConcentration,7,High,5,132,0.4668,0.1742
finbert_pca50,Logistic,BlackConcentration,7,High,6,117,0.5241,0.1197
finbert_pca50,Logistic,BlackConcentration,7,High,7,123,0.5894,0.2033
finbert_pca50,Logistic,BlackConcentration,7,High,8,129,0.6722,0.2713
finbert_pca50,Logistic,BlackConcentration,7,High,9,133,0.7838,0.3383
finbert_pca50,Logistic,SES_group,8,Low,0,200,0.1663,0.055
finbert_pca50,Logistic,SES_group,8,Low,1,191,0.2897,0.0995
finbert_pca50,Logistic,SES_group,8,Low,2,181,0.3688,0.0994
finbert_pca50,Logistic,SES_group,8,Low,3,159,0.4372,0.1195
finbert_pca50,Logistic,SES_group,8,Low,4,169,0.4981,0.1657
finbert_pca50,Logistic,SES_group,8,Low,5,170,0.554,0.2118
finbert_pca50,Logistic,SES_group,8,Low,6,167,0.6097,0.2156
finbert_pca50,Logistic,SES_group,8,Low,7,152,0.6694,0.2368
finbert_pca50,Logistic,SES_group,8,Low,8,166,0.7406,0.3012
finbert_pca50,Logistic,SES_group,8,Low,9,160,0.8299,0.3312
finbert_pca50,Logistic,SES_group,8,High,0,75,0.1701,0.0133
finbert_pca50,Logistic,SES_group,8,High,1,85,0.2898,0.0941
finbert_pca50,Logistic,SES_group,8,High,2,77,0.368,0.0519
finbert_pca50,Logistic,SES_group,8,High,3,83,0.4385,0.1325
finbert_pca50,Logistic,SES_group,8,High,4,83,0.4953,0.1928
finbert_pca50,Logistic,SES_group,8,High,5,78,0.5566,0.1538
finbert_pca50,Logistic,SES_group,8,High,6,89,0.6061,0.191
finbert_pca50,Logistic,SES_group,8,High,7,91,0.6728,0.2747
finbert_pca50,Logistic,SES_group,8,High,8,91,0.7381,0.2967
finbert_pca50,Logistic,SES_group,8,High,9,86,0.8362,0.4535
finbert_pca50,Logistic,BlackConcentration,8,Low,0,65,0.1648,0.0154
finbert_pca50,Logistic,BlackConcentration,8,Low,1,67,0.2894,0.0896
finbert_pca50,Logistic,BlackConcentration,8,Low,2,58,0.3734,0.1552
finbert_pca50,Logistic,BlackConcentration,8,Low,3,50,0.4342,0.18
finbert_pca50,Logistic,BlackConcentration,8,Low,4,60,0.4993,0.2333
finbert_pca50,Logistic,BlackConcentration,8,Low,5,52,0.5567,0.2308
finbert_pca50,Logistic,BlackConcentration,8,Low,6,48,0.6082,0.1875
finbert_pca50,Logistic,BlackConcentration,8,Low,7,61,0.6679,0.2131
finbert_pca50,Logistic,BlackConcentration,8,Low,8,43,0.7387,0.3023
finbert_pca50,Logistic,BlackConcentration,8,Low,9,51,0.8382,0.3725
finbert_pca50,Logistic,BlackConcentration,8,High,0,170,0.1652,0.0471
finbert_pca50,Logistic,BlackConcentration,8,High,1,167,0.2902,0.0958
finbert_pca50,Logistic,BlackConcentration,8,High,2,176,0.37,0.1023
finbert_pca50,Logistic,BlackConcentration,8,High,3,169,0.4382,0.1361
finbert_pca50,Logistic,BlackConcentration,8,High,4,179,0.4988,0.1508
finbert_pca50,Logistic,BlackConcentration,8,High,5,178,0.5538,0.2191
finbert_pca50,Logistic,BlackConcentration,8,High,6,192,0.6062,0.2188
finbert_pca50,Logistic,BlackConcentration,8,High,7,175,0.6709,0.2857
finbert_pca50,Logistic,BlackConcentration,8,High,8,203,0.7407,0.2611
finbert_pca50,Logistic,BlackConcentration,8,High,9,174,0.8338,0.4023
finbert_pca50,Logistic,SES_group,9,Low,0,315,0.13,0.0381
finbert_pca50,Logistic,SES_group,9,Low,1,291,0.2382,0.0412
finbert_pca50,Logistic,SES_group,9,Low,2,286,0.3105,0.0629
finbert_pca50,Logistic,SES_group,9,Low,3,266,0.3726,0.1053
finbert_pca50,Logistic,SES_group,9,Low,4,256,0.4296,0.1328
finbert_pca50,Logistic,SES_group,9,Low,5,244,0.4878,0.1393
finbert_pca50,Logistic,SES_group,9,Low,6,238,0.5472,0.1681
finbert_pca50,Logistic,SES_group,9,Low,7,242,0.6122,0.1942
finbert_pca50,Logistic,SES_group,9,Low,8,228,0.6953,0.2719
finbert_pca50,Logistic,SES_group,9,Low,9,229,0.8155,0.3755
finbert_pca50,Logistic,SES_group,9,High,0,116,0.138,0.0603
finbert_pca50,Logistic,SES_group,9,High,1,123,0.2346,0.0488
finbert_pca50,Logistic,SES_group,9,High,2,129,0.3098,0.0853
finbert_pca50,Logistic,SES_group,9,High,3,146,0.3723,0.1096
finbert_pca50,Logistic,SES_group,9,High,4,121,0.431,0.0992
finbert_pca50,Logistic,SES_group,9,High,5,154,0.4878,0.1234
finbert_pca50,Logistic,SES_group,9,High,6,159,0.5463,0.1761
finbert_pca50,Logistic,SES_group,9,High,7,150,0.6123,0.16
finbert_pca50,Logistic,SES_group,9,High,8,168,0.6944,0.2738
finbert_pca50,Logistic,SES_group,9,High,9,163,0.8161,0.3497
finbert_pca50,Logistic,BlackConcentration,9,Low,0,111,0.1364,0.018
finbert_pca50,Logistic,BlackConcentration,9,Low,1,102,0.2352,0.0392
finbert_pca50,Logistic,BlackConcentration,9,Low,2,97,0.31,0.0825
finbert_pca50,Logistic,BlackConcentration,9,Low,3,97,0.3729,0.0928
finbert_pca50,Logistic,BlackConcentration,9,Low,4,105,0.4291,0.1429
finbert_pca50,Logistic,BlackConcentration,9,Low,5,111,0.4876,0.1441
finbert_pca50,Logistic,BlackConcentration,9,Low,6,92,0.5488,0.1957
finbert_pca50,Logistic,BlackConcentration,9,Low,7,103,0.6173,0.1165
finbert_pca50,Logistic,BlackConcentration,9,Low,8,101,0.6992,0.2772
finbert_pca50,Logistic,BlackConcentration,9,Low,9,101,0.8178,0.3069
finbert_pca50,Logistic,BlackConcentration,9,High,0,270,0.1338,0.0593
finbert_pca50,Logistic,BlackConcentration,9,High,1,282,0.2384,0.0461
finbert_pca50,Logistic,BlackConcentration,9,High,2,273,0.3076,0.0623
finbert_pca50,Logistic,BlackConcentration,9,High,3,272,0.3727,0.0956
finbert_pca50,Logistic,BlackConcentration,9,High,4,254,0.4335,0.122
finbert_pca50,Logistic,BlackConcentration,9,High,5,261,0.4879,0.1303
finbert_pca50,Logistic,BlackConcentration,9,High,6,264,0.545,0.1818
finbert_pca50,Logistic,BlackConcentration,9,High,7,274,0.6109,0.2117
finbert_pca50,Logistic,BlackConcentration,9,High,8,287,0.696,0.2578
finbert_pca50,Logistic,BlackConcentration,9,High,9,278,0.8179,0.3417
finbert_pca50,Logistic,SES_group,10,Low,0,333,0.1552,0.03
finbert_pca50,Logistic,SES_group,10,Low,1,316,0.2464,0.0665
finbert_pca50,Logistic,SES_group,10,Low,2,257,0.3118,0.0623
finbert_pca50,Logistic,SES_group,10,Low,3,266,0.3627,0.094
finbert_pca50,Logistic,SES_group,10,Low,4,270,0.4191,0.0963
finbert_pca50,Logistic,SES_group,10,Low,5,274,0.4742,0.1898
finbert_pca50,Logistic,SES_group,10,Low,6,266,0.5294,0.1617
finbert_pca50,Logistic,SES_group,10,Low,7,259,0.5915,0.1931
finbert_pca50,Logistic,SES_group,10,Low,8,240,0.6638,0.2083
finbert_pca50,Logistic,SES_group,10,Low,9,230,0.7771,0.3435
finbert_pca50,Logistic,SES_group,10,High,0,115,0.1537,0.0435
finbert_pca50,Logistic,SES_group,10,High,1,110,0.2461,0.0545
finbert_pca50,Logistic,SES_group,10,High,2,139,0.313,0.1151
finbert_pca50,Logistic,SES_group,10,High,3,128,0.3653,0.1016
finbert_pca50,Logistic,SES_group,10,High,4,145,0.418,0.0828
finbert_pca50,Logistic,SES_group,10,High,5,128,0.4756,0.1172
finbert_pca50,Logistic,SES_group,10,High,6,142,0.5297,0.169
finbert_pca50,Logistic,SES_group,10,High,7,148,0.5936,0.1014
finbert_pca50,Logistic,SES_group,10,High,8,154,0.6665,0.2987
finbert_pca50,Logistic,SES_group,10,High,9,147,0.7781,0.3878
finbert_pca50,Logistic,BlackConcentration,10,Low,0,91,0.153,0.022
finbert_pca50,Logistic,BlackConcentration,10,Low,1,111,0.2423,0.0901
finbert_pca50,Logistic,BlackConcentration,10,Low,2,109,0.3107,0.1101
finbert_pca50,Logistic,BlackConcentration,10,Low,3,102,0.362,0.1078
finbert_pca50,Logistic,BlackConcentration,10,Low,4,110,0.4181,0.0636
finbert_pca50,Logistic,BlackConcentration,10,Low,5,98,0.4736,0.1224
finbert_pca50,Logistic,BlackConcentration,10,Low,6,97,0.5289,0.2062
finbert_pca50,Logistic,BlackConcentration,10,Low,7,90,0.5942,0.1667
finbert_pca50,Logistic,BlackConcentration,10,Low,8,91,0.6603,0.1758
finbert_pca50,Logistic,BlackConcentration,10,Low,9,113,0.7757,0.3009
finbert_pca50,Logistic,BlackConcentration,10,High,0,274,0.1535,0.0401
finbert_pca50,Logistic,BlackConcentration,10,High,1,251,0.2477,0.0637
finbert_pca50,Logistic,BlackConcentration,10,High,2,261,0.3109,0.0996
finbert_pca50,Logistic,BlackConcentration,10,High,3,263,0.3648,0.1027
finbert_pca50,Logistic,BlackConcentration,10,High,4,258,0.4183,0.124
finbert_pca50,Logistic,BlackConcentration,10,High,5,263,0.4752,0.1597
finbert_pca50,Logistic,BlackConcentration,10,High,6,272,0.5294,0.1618
finbert_pca50,Logistic,BlackConcentration,10,High,7,284,0.5915,0.1725
finbert_pca50,Logistic,BlackConcentration,10,High,8,287,0.6662,0.2927
finbert_pca50,Logistic,BlackConcentration,10,High,9,281,0.7804,0.4057
finbert_pca50,Logistic,SES_group,11,Low,0,457,0.1605,0.0372
finbert_pca50,Logistic,SES_group,11,Low,1,394,0.2555,0.0508
finbert_pca50,Logistic,SES_group,11,Low,2,368,0.3212,0.0842
finbert_pca50,Logistic,SES_group,11,Low,3,382,0.3795,0.0995
finbert_pca50,Logistic,SES_group,11,Low,4,359,0.4347,0.1226
finbert_pca50,Logistic,SES_group,11,Low,5,360,0.4867,0.125
finbert_pca50,Logistic,SES_group,11,Low,6,344,0.5419,0.1628
finbert_pca50,Logistic,SES_group,11,Low,7,342,0.6034,0.2368
finbert_pca50,Logistic,SES_group,11,Low,8,330,0.6707,0.2485
finbert_pca50,Logistic,SES_group,11,Low,9,311,0.7865,0.3183
finbert_pca50,Logistic,SES_group,11,High,0,140,0.1604,0.0214
finbert_pca50,Logistic,SES_group,11,High,1,172,0.2574,0.0349
finbert_pca50,Logistic,SES_group,11,High,2,182,0.3228,0.0495
finbert_pca50,Logistic,SES_group,11,High,3,198,0.3802,0.1061
finbert_pca50,Logistic,SES_group,11,High,4,186,0.4351,0.1183
finbert_pca50,Logistic,SES_group,11,High,5,196,0.4878,0.1224
finbert_pca50,Logistic,SES_group,11,High,6,198,0.5411,0.2121
finbert_pca50,Logistic,SES_group,11,High,7,198,0.6027,0.1768
finbert_pca50,Logistic,SES_group,11,High,8,214,0.6729,0.257
finbert_pca50,Logistic,SES_group,11,High,9,216,0.7837,0.3611
finbert_pca50,Logistic,BlackConcentration,11,Low,0,153,0.156,0.0196
finbert_pca50,Logistic,BlackConcentration,11,Low,1,140,0.2568,0.05
finbert_pca50,Logistic,BlackConcentration,11,Low,2,138,0.3216,0.0797
finbert_pca50,Logistic,BlackConcentration,11,Low,3,139,0.3801,0.0647
finbert_pca50,Logistic,BlackConcentration,11,Low,4,122,0.4367,0.1066
finbert_pca50,Logistic,BlackConcentration,11,Low,5,153,0.4882,0.0915
finbert_pca50,Logistic,BlackConcentration,11,Low,6,129,0.5407,0.155
finbert_pca50,Logistic,BlackConcentration,11,Low,7,142,0.6007,0.2465
finbert_pca50,Logistic,BlackConcentration,11,Low,8,113,0.6676,0.2212
finbert_pca50,Logistic,BlackConcentration,11,Low,9,149,0.7852,0.2215
finbert_pca50,Logistic,BlackConcentration,11,High,0,334,0.162,0.0449
finbert_pca50,Logistic,BlackConcentration,11,High,1,359,0.2562,0.0446
finbert_pca50,Logistic,BlackConcentration,11,High,2,358,0.3225,0.0698
finbert_pca50,Logistic,BlackConcentration,11,High,3,358,0.3795,0.1117
finbert_pca50,Logistic,BlackConcentration,11,High,4,363,0.435,0.1267
finbert_pca50,Logistic,BlackConcentration,11,High,5,339,0.4869,0.1268
finbert_pca50,Logistic,BlackConcentration,11,High,6,364,0.5413,0.206
finbert_pca50,Logistic,BlackConcentration,11,High,7,339,0.6025,0.1917
finbert_pca50,Logistic,BlackConcentration,11,High,8,381,0.6724,0.2178
finbert_pca50,Logistic,BlackConcentration,11,High,9,368,0.7881,0.3261
finbert_pca50,Logistic,SES_group,12,Low,0,557,0.173,0.0233
finbert_pca50,Logistic,SES_group,12,Low,1,502,0.2739,0.0538
finbert_pca50,Logistic,SES_group,12,Low,2,497,0.3387,0.0825
finbert_pca50,Logistic,SES_group,12,Low,3,455,0.3955,0.0945
finbert_pca50,Logistic,SES_group,12,Low,4,473,0.4444,0.1205
finbert_pca50,Logistic,SES_group,12,Low,5,476,0.4975,0.1555
finbert_pca50,Logistic,SES_group,12,Low,6,435,0.5495,0.1954
finbert_pca50,Logistic,SES_group,12,Low,7,447,0.6066,0.2215
finbert_pca50,Logistic,SES_group,12,Low,8,435,0.6751,0.2414
finbert_pca50,Logistic,SES_group,12,Low,9,428,0.7824,0.3388
finbert_pca50,Logistic,SES_group,12,High,0,186,0.1802,0.0323
finbert_pca50,Logistic,SES_group,12,High,1,261,0.2751,0.0766
finbert_pca50,Logistic,SES_group,12,High,2,256,0.3403,0.0508
finbert_pca50,Logistic,SES_group,12,High,3,276,0.3941,0.1087
finbert_pca50,Logistic,SES_group,12,High,4,259,0.4474,0.1429
finbert_pca50,Logistic,SES_group,12,High,5,255,0.4971,0.1255
finbert_pca50,Logistic,SES_group,12,High,6,272,0.5497,0.2059
finbert_pca50,Logistic,SES_group,12,High,7,296,0.6043,0.2365
finbert_pca50,Logistic,SES_group,12,High,8,269,0.6753,0.2714
finbert_pca50,Logistic,SES_group,12,High,9,278,0.7796,0.3885
finbert_pca50,Logistic,BlackConcentration,12,Low,0,199,0.1753,0.0201
finbert_pca50,Logistic,BlackConcentration,12,Low,1,199,0.2712,0.0603
finbert_pca50,Logistic,BlackConcentration,12,Low,2,180,0.3421,0.0611
finbert_pca50,Logistic,BlackConcentration,12,Low,3,168,0.3947,0.1012
finbert_pca50,Logistic,BlackConcentration,12,Low,4,163,0.4475,0.135
finbert_pca50,Logistic,BlackConcentration,12,Low,5,207,0.4983,0.1498
finbert_pca50,Logistic,BlackConcentration,12,Low,6,184,0.5487,0.1848
finbert_pca50,Logistic,BlackConcentration,12,Low,7,168,0.605,0.2083
finbert_pca50,Logistic,BlackConcentration,12,Low,8,174,0.6754,0.2701
finbert_pca50,Logistic,BlackConcentration,12,Low,9,150,0.7767,0.34
finbert_pca50,Logistic,BlackConcentration,12,High,0,462,0.1746,0.0303
finbert_pca50,Logistic,BlackConcentration,12,High,1,443,0.2743,0.0519
finbert_pca50,Logistic,BlackConcentration,12,High,2,469,0.3387,0.0768
finbert_pca50,Logistic,BlackConcentration,12,High,3,477,0.3953,0.1048
finbert_pca50,Logistic,BlackConcentration,12,High,4,498,0.4458,0.1466
finbert_pca50,Logistic,BlackConcentration,12,High,5,495,0.4978,0.1515
finbert_pca50,Logistic,BlackConcentration,12,High,6,513,0.5495,0.2086
finbert_pca50,Logistic,BlackConcentration,12,High,7,511,0.6063,0.1937
finbert_pca50,Logistic,BlackConcentration,12,High,8,503,0.6743,0.2763
finbert_pca50,Logistic,BlackConcentration,12,High,9,527,0.7804,0.3662
finbert_pca50,Logistic,SES_group,13,Low,0,687,0.1813,0.0349
finbert_pca50,Logistic,SES_group,13,Low,1,625,0.2761,0.0672
finbert_pca50,Logistic,SES_group,13,Low,2,580,0.3412,0.0793
finbert_pca50,Logistic,SES_group,13,Low,3,590,0.3955,0.1271
finbert_pca50,Logistic,SES_group,13,Low,4,544,0.445,0.1324
finbert_pca50,Logistic,SES_group,13,Low,5,532,0.495,0.1241
finbert_pca50,Logistic,SES_group,13,Low,6,543,0.5487,0.1731
finbert_pca50,Logistic,SES_group,13,Low,7,565,0.6045,0.2389
finbert_pca50,Logistic,SES_group,13,Low,8,516,0.6742,0.2558
finbert_pca50,Logistic,SES_group,13,Low,9,504,0.777,0.2996
finbert_pca50,Logistic,SES_group,13,High,0,224,0.1824,0.0357
finbert_pca50,Logistic,SES_group,13,High,1,256,0.2798,0.0508
finbert_pca50,Logistic,SES_group,13,High,2,275,0.3418,0.1164
finbert_pca50,Logistic,SES_group,13,High,3,293,0.3942,0.0887
finbert_pca50,Logistic,SES_group,13,High,4,319,0.4441,0.1066
finbert_pca50,Logistic,SES_group,13,High,5,333,0.4948,0.1381
finbert_pca50,Logistic,SES_group,13,High,6,310,0.5462,0.171
finbert_pca50,Logistic,SES_group,13,High,7,312,0.6043,0.2244
finbert_pca50,Logistic,SES_group,13,High,8,341,0.6733,0.2522
finbert_pca50,Logistic,SES_group,13,High,9,340,0.7838,0.4059
finbert_pca50,Logistic,BlackConcentration,13,Low,0,227,0.1836,0.0264
finbert_pca50,Logistic,BlackConcentration,13,Low,1,245,0.2774,0.0612
finbert_pca50,Logistic,BlackConcentration,13,Low,2,227,0.3401,0.0969
finbert_pca50,Logistic,BlackConcentration,13,Low,3,235,0.3952,0.1106
finbert_pca50,Logistic,BlackConcentration,13,Low,4,233,0.445,0.0901
finbert_pca50,Logistic,BlackConcentration,13,Low,5,204,0.4956,0.1422
finbert_pca50,Logistic,BlackConcentration,13,Low,6,194,0.5489,0.134
finbert_pca50,Logistic,BlackConcentration,13,Low,7,228,0.6051,0.2456
finbert_pca50,Logistic,BlackConcentration,13,Low,8,193,0.6748,0.2539
finbert_pca50,Logistic,BlackConcentration,13,Low,9,184,0.776,0.3098
finbert_pca50,Logistic,BlackConcentration,13,High,0,565,0.1805,0.0319
finbert_pca50,Logistic,BlackConcentration,13,High,1,503,0.2783,0.0716
finbert_pca50,Logistic,BlackConcentration,13,High,2,534,0.3416,0.0861
finbert_pca50,Logistic,BlackConcentration,13,High,3,525,0.3947,0.0971
finbert_pca50,Logistic,BlackConcentration,13,High,4,545,0.4462,0.1284
finbert_pca50,Logistic,BlackConcentration,13,High,5,566,0.4946,0.1343
finbert_pca50,Logistic,BlackConcentration,13,High,6,601,0.5479,0.1814
finbert_pca50,Logistic,BlackConcentration,13,High,7,565,0.6052,0.223
finbert_pca50,Logistic,BlackConcentration,13,High,8,620,0.6734,0.2694
finbert_pca50,Logistic,BlackConcentration,13,High,9,604,0.782,0.3808
finbert_pca50,Logistic,SES_group,14,Low,0,768,0.1668,0.0234
finbert_pca50,Logistic,SES_group,14,Low,1,752,0.2582,0.0572
finbert_pca50,Logistic,SES_group,14,Low,2,701,0.3207,0.0913
finbert_pca50,Logistic,SES_group,14,Low,3,667,0.3737,0.1109
finbert_pca50,Logistic,SES_group,14,Low,4,636,0.4252,0.1069
finbert_pca50,Logistic,SES_group,14,Low,5,641,0.4746,0.1248
finbert_pca50,Logistic,SES_group,14,Low,6,656,0.529,0.1707
finbert_pca50,Logistic,SES_group,14,Low,7,660,0.5913,0.2576
finbert_pca50,Logistic,SES_group,14,Low,8,629,0.663,0.275
finbert_pca50,Logistic,SES_group,14,Low,9,597,0.7708,0.3049
finbert_pca50,Logistic,SES_group,14,High,0,298,0.1723,0.0436
finbert_pca50,Logistic,SES_group,14,High,1,285,0.2594,0.0596
finbert_pca50,Logistic,SES_group,14,High,2,315,0.3205,0.1079
finbert_pca50,Logistic,SES_group,14,High,3,330,0.3745,0.0909
finbert_pca50,Logistic,SES_group,14,High,4,365,0.4238,0.0849
finbert_pca50,Logistic,SES_group,14,High,5,347,0.4751,0.1297
finbert_pca50,Logistic,SES_group,14,High,6,368,0.5296,0.1739
finbert_pca50,Logistic,SES_group,14,High,7,315,0.5907,0.1905
finbert_pca50,Logistic,SES_group,14,High,8,370,0.6638,0.2703
finbert_pca50,Logistic,SES_group,14,High,9,406,0.7687,0.3571
finbert_pca50,Logistic,BlackConcentration,14,Low,0,300,0.1713,0.02
finbert_pca50,Logistic,BlackConcentration,14,Low,1,290,0.2593,0.0862
finbert_pca50,Logistic,BlackConcentration,14,Low,2,285,0.3215,0.0912
finbert_pca50,Logistic,BlackConcentration,14,Low,3,285,0.3732,0.1228
finbert_pca50,Logistic,BlackConcentration,14,Low,4,267,0.4245,0.1161
finbert_pca50,Logistic,BlackConcentration,14,Low,5,282,0.4749,0.1596
finbert_pca50,Logistic,BlackConcentration,14,Low,6,251,0.5286,0.1713
finbert_pca50,Logistic,BlackConcentration,14,Low,7,250,0.5919,0.228
finbert_pca50,Logistic,BlackConcentration,14,Low,8,244,0.663,0.2418
finbert_pca50,Logistic,BlackConcentration,14,Low,9,230,0.7653,0.3174
finbert_pca50,Logistic,BlackConcentration,14,High,0,624,0.1728,0.0481
finbert_pca50,Logistic,BlackConcentration,14,High,1,639,0.2587,0.0595
finbert_pca50,Logistic,BlackConcentration,14,High,2,671,0.3205,0.082
finbert_pca50,Logistic,BlackConcentration,14,High,3,625,0.3752,0.1104
finbert_pca50,Logistic,BlackConcentration,14,High,4,642,0.4244,0.0997
finbert_pca50,Logistic,BlackConcentration,14,High,5,639,0.4745,0.1283
finbert_pca50,Logistic,BlackConcentration,14,High,6,678,0.5298,0.177
finbert_pca50,Logistic,BlackConcentration,14,High,7,655,0.5913,0.2382
finbert_pca50,Logistic,BlackConcentration,14,High,8,668,0.6635,0.2979
finbert_pca50,Logistic,BlackConcentration,14,High,9,729,0.7717,0.3306
finbert_pca50,XGBoost,SES_group,1,Low,0,58,0.0559,0.0345
finbert_pca50,XGBoost,SES_group,1,Low,1,60,0.1206,0.0833
finbert_pca50,XGBoost,SES_group,1,Low,2,55,0.177,0.0727
finbert_pca50,XGBoost,SES_group,1,Low,3,59,0.241,0.1356
finbert_pca50,XGBoost,SES_group,1,Low,4,51,0.3012,0.098
finbert_pca50,XGBoost,SES_group,1,Low,5,32,0.3566,0.0938
finbert_pca50,XGBoost,SES_group,1,Low,6,47,0.4246,0.2766
finbert_pca50,XGBoost,SES_group,1,Low,7,44,0.4988,0.1591
finbert_pca50,XGBoost,SES_group,1,Low,8,60,0.5699,0.2167
finbert_pca50,XGBoost,SES_group,1,Low,9,49,0.678,0.3265
finbert_pca50,XGBoost,SES_group,1,High,0,14,0.0552,0.1429
finbert_pca50,XGBoost,SES_group,1,High,1,18,0.1131,0.1667
finbert_pca50,XGBoost,SES_group,1,High,2,23,0.1822,0.087
finbert_pca50,XGBoost,SES_group,1,High,3,17,0.245,0.0588
finbert_pca50,XGBoost,SES_group,1,High,4,17,0.3027,0.1176
finbert_pca50,XGBoost,SES_group,1,High,5,32,0.3539,0.1875
finbert_pca50,XGBoost,SES_group,1,High,6,21,0.4283,0.1429
finbert_pca50,XGBoost,SES_group,1,High,7,24,0.499,0.0833
finbert_pca50,XGBoost,SES_group,1,High,8,20,0.5735,0.3
finbert_pca50,XGBoost,SES_group,1,High,9,28,0.7039,0.2857
finbert_pca50,XGBoost,BlackConcentration,1,Low,0,16,0.0621,0.0625
finbert_pca50,XGBoost,BlackConcentration,1,Low,1,20,0.1167,0.1
finbert_pca50,XGBoost,BlackConcentration,1,Low,2,16,0.1719,0.125
finbert_pca50,XGBoost,BlackConcentration,1,Low,3,13,0.2418,0.1538
finbert_pca50,XGBoost,BlackConcentration,1,Low,4,24,0.3037,0.1667
finbert_pca50,XGBoost,BlackConcentration,1,Low,5,14,0.3662,0.0714
finbert_pca50,XGBoost,BlackConcentration,1,Low,6,16,0.4264,0.375
finbert_pca50,XGBoost,BlackConcentration,1,Low,7,22,0.4959,0.1818
finbert_pca50,XGBoost,BlackConcentration,1,Low,8,24,0.5649,0.2917
finbert_pca50,XGBoost,BlackConcentration,1,Low,9,15,0.6769,0.2667
finbert_pca50,XGBoost,BlackConcentration,1,High,0,47,0.0595,0.0426
finbert_pca50,XGBoost,BlackConcentration,1,High,1,45,0.1175,0.0444
finbert_pca50,XGBoost,BlackConcentration,1,High,2,47,0.1816,0.0426
finbert_pca50,XGBoost,BlackConcentration,1,High,3,42,0.2381,0.1429
finbert_pca50,XGBoost,BlackConcentration,1,High,4,39,0.2998,0.2051
finbert_pca50,XGBoost,BlackConcentration,1,High,5,56,0.352,0.1786
finbert_pca50,XGBoost,BlackConcentration,1,High,6,44,0.4247,0.1818
finbert_pca50,XGBoost,BlackConcentration,1,High,7,46,0.4974,0.1522
finbert_pca50,XGBoost,BlackConcentration,1,High,8,45,0.5704,0.2
finbert_pca50,XGBoost,BlackConcentration,1,High,9,49,0.6912,0.2857
finbert_pca50,XGBoost,SES_group,2,Low,0,52,0.0432,0.0
finbert_pca50,XGBoost,SES_group,2,Low,1,54,0.0901,0.0
finbert_pca50,XGBoost,SES_group,2,Low,2,61,0.1465,0.082
finbert_pca50,XGBoost,SES_group,2,Low,3,63,0.2072,0.0476
finbert_pca50,XGBoost,SES_group,2,Low,4,66,0.2648,0.0455
finbert_pca50,XGBoost,SES_group,2,Low,5,53,0.335,0.1132
finbert_pca50,XGBoost,SES_group,2,Low,6,59,0.4082,0.1695
finbert_pca50,XGBoost,SES_group,2,Low,7,49,0.4809,0.0816
finbert_pca50,XGBoost,SES_group,2,Low,8,51,0.5594,0.1373
finbert_pca50,XGBoost,SES_group,2,Low,9,53,0.6971,0.2642
finbert_pca50,XGBoost,SES_group,2,High,0,27,0.0407,0.1481
finbert_pca50,XGBoost,SES_group,2,High,1,24,0.0855,0.0833
finbert_pca50,XGBoost,SES_group,2,High,2,25,0.1488,0.04
finbert_pca50,XGBoost,SES_group,2,High,3,20,0.2002,0.2
finbert_pca50,XGBoost,SES_group,2,High,4,28,0.2574,0.1429
finbert_pca50,XGBoost,SES_group,2,High,5,22,0.3311,0.1364
finbert_pca50,XGBoost,SES_group,2,High,6,27,0.4078,0.1111
finbert_pca50,XGBoost,SES_group,2,High,7,27,0.4903,0.1852
finbert_pca50,XGBoost,SES_group,2,High,8,34,0.5605,0.2353
finbert_pca50,XGBoost,SES_group,2,High,9,29,0.6984,0.2414
finbert_pca50,XGBoost,SES_group,3,Low,0,75,0.0786,0.0
finbert_pca50,XGBoost,SES_group,3,Low,1,70,0.1535,0.0286
finbert_pca50,XGBoost,SES_group,3,Low,2,64,0.2162,0.0156
finbert_pca50,XGBoost,SES_group,3,Low,3,56,0.2742,0.0179
finbert_pca50,XGBoost,SES_group,3,Low,4,57,0.3411,0.1404
finbert_pca50,XGBoost,SES_group,3,Low,5,62,0.4046,0.0968
finbert_pca50,XGBoost,SES_group,3,Low,6,59,0.4692,0.1186
finbert_pca50,XGBoost,SES_group,3,Low,7,61,0.5404,0.2131
finbert_pca50,XGBoost,SES_group,3,Low,8,48,0.6153,0.2292
finbert_pca50,XGBoost,SES_group,3,Low,9,54,0.735,0.2778
finbert_pca50,XGBoost,SES_group,3,High,0,25,0.0769,0.04
finbert_pca50,XGBoost,SES_group,3,High,1,22,0.1583,0.1364
finbert_pca50,XGBoost,SES_group,3,High,2,28,0.2177,0.1071
finbert_pca50,XGBoost,SES_group,3,High,3,27,0.2802,0.1481
finbert_pca50,XGBoost,SES_group,3,High,4,30,0.345,0.2
finbert_pca50,XGBoost,SES_group,3,High,5,29,0.4131,0.2414
finbert_pca50,XGBoost,SES_group,3,High,6,35,0.473,0.1714
finbert_pca50,XGBoost,SES_group,3,High,7,25,0.547,0.28
finbert_pca50,XGBoost,SES_group,3,High,8,33,0.6162,0.2727
finbert_pca50,XGBoost,SES_group,3,High,9,38,0.715,0.3158
finbert_pca50,XGBoost,SES_group,4,Low,0,93,0.0842,0.0108
finbert_pca50,XGBoost,SES_group,4,Low,1,81,0.1609,0.0494
finbert_pca50,XGBoost,SES_group,4,Low,2,74,0.2286,0.0946
finbert_pca50,XGBoost,SES_group,4,Low,3,81,0.2996,0.1728
finbert_pca50,XGBoost,SES_group,4,Low,4,88,0.3697,0.1364
finbert_pca50,XGBoost,SES_group,4,Low,5,88,0.437,0.1477
finbert_pca50,XGBoost,SES_group,4,Low,6,82,0.5042,0.1585
finbert_pca50,XGBoost,SES_group,4,Low,7,78,0.5683,0.1923
finbert_pca50,XGBoost,SES_group,4,Low,8,84,0.6304,0.1905
finbert_pca50,XGBoost,SES_group,4,Low,9,65,0.7231,0.2308
finbert_pca50,XGBoost,SES_group,4,High,0,38,0.0834,0.0
finbert_pca50,XGBoost,SES_group,4,High,1,45,0.1631,0.0444
finbert_pca50,XGBoost,SES_group,4,High,2,45,0.2309,0.0
finbert_pca50,XGBoost,SES_group,4,High,3,44,0.3,0.0227
finbert_pca50,XGBoost,SES_group,4,High,4,31,0.3714,0.2258
finbert_pca50,XGBoost,SES_group,4,High,5,33,0.4374,0.1515
finbert_pca50,XGBoost,SES_group,4,High,6,38,0.503,0.1316
finbert_pca50,XGBoost,SES_group,4,High,7,42,0.5702,0.2143
finbert_pca50,XGBoost,SES_group,4,High,8,36,0.6308,0.2222
finbert_pca50,XGBoost,SES_group,4,High,9,45,0.7216,0.4222
finbert_pca50,XGBoost,BlackConcentration,4,Low,0,25,0.0809,0.08
finbert_pca50,XGBoost,BlackConcentration,4,Low,1,18,0.1577,0.0
finbert_pca50,XGBoost,BlackConcentration,4,Low,2,24,0.2325,0.0833
finbert_pca50,XGBoost,BlackConcentration,4,Low,3,23,0.2894,0.0435
finbert_pca50,XGBoost,BlackConcentration,4,Low,4,23,0.3714,0.2174
finbert_pca50,XGBoost,BlackConcentration,4,Low,5,26,0.4337,0.2308
finbert_pca50,XGBoost,BlackConcentration,4,Low,6,39,0.5044,0.1282
finbert_pca50,XGBoost,BlackConcentration,4,Low,7,23,0.5694,0.2609
finbert_pca50,XGBoost,BlackConcentration,4,Low,8,26,0.634,0.1923
finbert_pca50,XGBoost,BlackConcentration,4,Low,9,22,0.7231,0.3182
finbert_pca50,XGBoost,BlackConcentration,4,High,0,79,0.0827,0.0127
finbert_pca50,XGBoost,BlackConcentration,4,High,1,84,0.1602,0.0476
finbert_pca50,XGBoost,BlackConcentration,4,High,2,98,0.2321,0.1122
finbert_pca50,XGBoost,BlackConcentration,4,High,3,78,0.2993,0.1154
finbert_pca50,XGBoost,BlackConcentration,4,High,4,90,0.3698,0.1333
finbert_pca50,XGBoost,BlackConcentration,4,High,5,81,0.4352,0.1235
finbert_pca50,XGBoost,BlackConcentration,4,High,6,77,0.5049,0.1429
finbert_pca50,XGBoost,BlackConcentration,4,High,7,83,0.5677,0.253
finbert_pca50,XGBoost,BlackConcentration,4,High,8,75,0.6294,0.2
finbert_pca50,XGBoost,BlackConcentration,4,High,9,96,0.7175,0.3438
finbert_pca50,XGBoost,SES_group,5,Low,0,100,0.087,0.02
finbert_pca50,XGBoost,SES_group,5,Low,1,93,0.1595,0.0753
finbert_pca50,XGBoost,SES_group,5,Low,2,88,0.2369,0.0682
finbert_pca50,XGBoost,SES_group,5,Low,3,95,0.3062,0.1474
finbert_pca50,XGBoost,SES_group,5,Low,4,94,0.364,0.0745
finbert_pca50,XGBoost,SES_group,5,Low,5,87,0.419,0.1264
finbert_pca50,XGBoost,SES_group,5,Low,6,89,0.4819,0.1798
finbert_pca50,XGBoost,SES_group,5,Low,7,96,0.5561,0.1875
finbert_pca50,XGBoost,SES_group,5,Low,8,92,0.6273,0.25
finbert_pca50,XGBoost,SES_group,5,Low,9,76,0.7246,0.3947
finbert_pca50,XGBoost,SES_group,5,High,0,28,0.0894,0.0
finbert_pca50,XGBoost,SES_group,5,High,1,38,0.1602,0.0263
finbert_pca50,XGBoost,SES_group,5,High,2,38,0.2378,0.1053
finbert_pca50,XGBoost,SES_group,5,High,3,39,0.299,0.0513
finbert_pca50,XGBoost,SES_group,5,High,4,46,0.3678,0.1304
finbert_pca50,XGBoost,SES_group,5,High,5,49,0.4206,0.0204
finbert_pca50,XGBoost,SES_group,5,High,6,42,0.4842,0.3095
finbert_pca50,XGBoost,SES_group,5,High,7,45,0.5563,0.1111
finbert_pca50,XGBoost,SES_group,5,High,8,43,0.6265,0.1628
finbert_pca50,XGBoost,SES_group,5,High,9,62,0.73,0.3871
finbert_pca50,XGBoost,BlackConcentration,5,Low,0,38,0.0847,0.0263
finbert_pca50,XGBoost,BlackConcentration,5,Low,1,27,0.1579,0.037
finbert_pca50,XGBoost,BlackConcentration,5,Low,2,26,0.2375,0.0769
finbert_pca50,XGBoost,BlackConcentration,5,Low,3,36,0.3059,0.1389
finbert_pca50,XGBoost,BlackConcentration,5,Low,4,28,0.3628,0.0357
finbert_pca50,XGBoost,BlackConcentration,5,Low,5,23,0.421,0.087
finbert_pca50,XGBoost,BlackConcentration,5,Low,6,26,0.4803,0.3077
finbert_pca50,XGBoost,BlackConcentration,5,Low,7,27,0.5548,0.1481
finbert_pca50,XGBoost,BlackConcentration,5,Low,8,31,0.6298,0.1613
finbert_pca50,XGBoost,BlackConcentration,5,Low,9,31,0.7183,0.4194
finbert_pca50,XGBoost,BlackConcentration,5,High,0,80,0.085,0.0
finbert_pca50,XGBoost,BlackConcentration,5,High,1,94,0.1599,0.0638
finbert_pca50,XGBoost,BlackConcentration,5,High,2,109,0.2383,0.055
finbert_pca50,XGBoost,BlackConcentration,5,High,3,80,0.303,0.025
finbert_pca50,XGBoost,BlackConcentration,5,High,4,87,0.3626,0.1609
finbert_pca50,XGBoost,BlackConcentration,5,High,5,96,0.4207,0.0521
finbert_pca50,XGBoost,BlackConcentration,5,High,6,97,0.4815,0.2165
finbert_pca50,XGBoost,BlackConcentration,5,High,7,91,0.5542,0.2308
finbert_pca50,XGBoost,BlackConcentration,5,High,8,84,0.6243,0.2143
finbert_pca50,XGBoost,BlackConcentration,5,High,9,91,0.7274,0.4396
finbert_pca50,XGBoost,SES_group,6,Low,0,111,0.1512,0.036
finbert_pca50,XGBoost,SES_group,6,Low,1,101,0.2608,0.0792
finbert_pca50,XGBoost,SES_group,6,Low,2,92,0.3378,0.1413
finbert_pca50,XGBoost,SES_group,6,Low,3,96,0.4024,0.0833
finbert_pca50,XGBoost,SES_group,6,Low,4,102,0.4586,0.1078
finbert_pca50,XGBoost,SES_group,6,Low,5,91,0.5105,0.1758
finbert_pca50,XGBoost,SES_group,6,Low,6,85,0.5579,0.2235
finbert_pca50,XGBoost,SES_group,6,Low,7,92,0.6151,0.2826
finbert_pca50,XGBoost,SES_group,6,Low,8,104,0.6782,0.3077
finbert_pca50,XGBoost,SES_group,6,Low,9,85,0.758,0.4353
finbert_pca50,XGBoost,SES_group,6,High,0,42,0.1579,0.0238
finbert_pca50,XGBoost,SES_group,6,High,1,43,0.2667,0.2558
finbert_pca50,XGBoost,SES_group,6,High,2,51,0.3393,0.0588
finbert_pca50,XGBoost,SES_group,6,High,3,59,0.4018,0.1186
finbert_pca50,XGBoost,SES_group,6,High,4,45,0.4587,0.1111
finbert_pca50,XGBoost,SES_group,6,High,5,49,0.5087,0.3265
finbert_pca50,XGBoost,SES_group,6,High,6,54,0.5595,0.2963
finbert_pca50,XGBoost,SES_group,6,High,7,57,0.6178,0.2281
finbert_pca50,XGBoost,SES_group,6,High,8,48,0.6773,0.2917
finbert_pca50,XGBoost,SES_group,6,High,9,59,0.7561,0.3051
finbert_pca50,XGBoost,BlackConcentration,6,Low,0,32,0.1556,0.0312
finbert_pca50,XGBoost,BlackConcentration,6,Low,1,29,0.2635,0.0345
finbert_pca50,XGBoost,BlackConcentration,6,Low,2,32,0.3381,0.0938
finbert_pca50,XGBoost,BlackConcentration,6,Low,3,40,0.4069,0.1
finbert_pca50,XGBoost,BlackConcentration,6,Low,4,40,0.4558,0.15
finbert_pca50,XGBoost,BlackConcentration,6,Low,5,39,0.5112,0.2308
finbert_pca50,XGBoost,BlackConcentration,6,Low,6,38,0.5529,0.1842
finbert_pca50,XGBoost,BlackConcentration,6,Low,7,37,0.6169,0.2703
finbert_pca50,XGBoost,BlackConcentration,6,Low,8,31,0.6721,0.1613
finbert_pca50,XGBoost,BlackConcentration,6,Low,9,31,0.7654,0.4516
finbert_pca50,XGBoost,BlackConcentration,6,High,0,116,0.1548,0.0172
finbert_pca50,XGBoost,BlackConcentration,6,High,1,105,0.2651,0.1238
finbert_pca50,XGBoost,BlackConcentration,6,High,2,105,0.3392,0.0857
finbert_pca50,XGBoost,BlackConcentration,6,High,3,92,0.4011,0.1196
finbert_pca50,XGBoost,BlackConcentration,6,High,4,98,0.4598,0.1224
finbert_pca50,XGBoost,BlackConcentration,6,High,5,92,0.5107,0.25
finbert_pca50,XGBoost,BlackConcentration,6,High,6,87,0.5573,0.2874
finbert_pca50,XGBoost,BlackConcentration,6,High,7,103,0.6165,0.2427
finbert_pca50,XGBoost,BlackConcentration,6,High,8,102,0.6816,0.3235
finbert_pca50,XGBoost,BlackConcentration,6,High,9,102,0.756,0.3824
finbert_pca50,XGBoost,SES_group,7,Low,0,147,0.131,0.0544
finbert_pca50,XGBoost,SES_group,7,Low,1,132,0.23,0.0606
finbert_pca50,XGBoost,SES_group,7,Low,2,125,0.2909,0.072
finbert_pca50,XGBoost,SES_group,7,Low,3,138,0.3408,0.087
finbert_pca50,XGBoost,SES_group,7,Low,4,109,0.3881,0.1927
finbert_pca50,XGBoost,SES_group,7,Low,5,116,0.4322,0.1207
finbert_pca50,XGBoost,SES_group,7,Low,6,108,0.4846,0.1481
finbert_pca50,XGBoost,SES_group,7,Low,7,107,0.542,0.1589
finbert_pca50,XGBoost,SES_group,7,Low,8,115,0.6148,0.2261
finbert_pca50,XGBoost,SES_group,7,Low,9,114,0.7391,0.3509
finbert_pca50,XGBoost,SES_group,7,High,0,58,0.1363,0.1207
finbert_pca50,XGBoost,SES_group,7,High,1,57,0.2313,0.0351
finbert_pca50,XGBoost,SES_group,7,High,2,62,0.2893,0.0806
finbert_pca50,XGBoost,SES_group,7,High,3,55,0.3423,0.0545
finbert_pca50,XGBoost,SES_group,7,High,4,77,0.388,0.0779
finbert_pca50,XGBoost,SES_group,7,High,5,69,0.4324,0.1304
finbert_pca50,XGBoost,SES_group,7,High,6,83,0.4846,0.1687
finbert_pca50,XGBoost,SES_group,7,High,7,75,0.5435,0.1467
finbert_pca50,XGBoost,SES_group,7,High,8,62,0.6109,0.4194
finbert_pca50,XGBoost,SES_group,7,High,9,78,0.7296,0.3718
finbert_pca50,XGBoost,BlackConcentration,7,Low,0,35,0.1296,0.0571
finbert_pca50,XGBoost,BlackConcentration,7,Low,1,38,0.2304,0.0789
finbert_pca50,XGBoost,BlackConcentration,7,Low,2,45,0.2863,0.0444
finbert_pca50,XGBoost,BlackConcentration,7,Low,3,37,0.3389,0.1081
finbert_pca50,XGBoost,BlackConcentration,7,Low,4,36,0.3878,0.1111
finbert_pca50,XGBoost,BlackConcentration,7,Low,5,42,0.4331,0.0952
finbert_pca50,XGBoost,BlackConcentration,7,Low,6,47,0.482,0.1489
finbert_pca50,XGBoost,BlackConcentration,7,Low,7,52,0.5421,0.1731
finbert_pca50,XGBoost,BlackConcentration,7,Low,8,46,0.6139,0.2391
finbert_pca50,XGBoost,BlackConcentration,7,Low,9,50,0.7359,0.36
finbert_pca50,XGBoost,BlackConcentration,7,High,0,126,0.132,0.0794
finbert_pca50,XGBoost,BlackConcentration,7,High,1,139,0.2289,0.0576
finbert_pca50,XGBoost,BlackConcentration,7,High,2,125,0.2901,0.056
finbert_pca50,XGBoost,BlackConcentration,7,High,3,120,0.3402,0.0667
finbert_pca50,XGBoost,BlackConcentration,7,High,4,137,0.3884,0.1606
finbert_pca50,XGBoost,BlackConcentration,7,High,5,129,0.4326,0.124
finbert_pca50,XGBoost,BlackConcentration,7,High,6,123,0.4836,0.1789
finbert_pca50,XGBoost,BlackConcentration,7,High,7,120,0.5444,0.125
finbert_pca50,XGBoost,BlackConcentration,7,High,8,128,0.6153,0.2969
finbert_pca50,XGBoost,BlackConcentration,7,High,9,129,0.7305,0.3488
finbert_pca50,XGBoost,SES_group,8,Low,0,194,0.1407,0.0515
finbert_pca50,XGBoost,SES_group,8,Low,1,187,0.2678,0.1016
finbert_pca50,XGBoost,SES_group,8,Low,2,187,0.3492,0.0909
finbert_pca50,XGBoost,SES_group,8,Low,3,157,0.4116,0.1529
finbert_pca50,XGBoost,SES_group,8,Low,4,165,0.4682,0.1636
finbert_pca50,XGBoost,SES_group,8,Low,5,161,0.5177,0.1304
finbert_pca50,XGBoost,SES_group,8,Low,6,163,0.5692,0.227
finbert_pca50,XGBoost,SES_group,8,Low,7,174,0.6241,0.3161
finbert_pca50,XGBoost,SES_group,8,Low,8,163,0.6832,0.3067
finbert_pca50,XGBoost,SES_group,8,Low,9,164,0.7695,0.2805
finbert_pca50,XGBoost,SES_group,8,High,0,82,0.1429,0.0488
finbert_pca50,XGBoost,SES_group,8,High,1,72,0.2722,0.0972
finbert_pca50,XGBoost,SES_group,8,High,2,76,0.3483,0.1053
finbert_pca50,XGBoost,SES_group,8,High,3,92,0.4138,0.1304
finbert_pca50,XGBoost,SES_group,8,High,4,93,0.4689,0.1183
finbert_pca50,XGBoost,SES_group,8,High,5,86,0.5193,0.1279
finbert_pca50,XGBoost,SES_group,8,High,6,81,0.5691,0.2222
finbert_pca50,XGBoost,SES_group,8,High,7,77,0.6238,0.2597
finbert_pca50,XGBoost,SES_group,8,High,8,89,0.6793,0.3146
finbert_pca50,XGBoost,SES_group,8,High,9,90,0.7763,0.4556
finbert_pca50,XGBoost,BlackConcentration,8,Low,0,62,0.14,0.0484
finbert_pca50,XGBoost,BlackConcentration,8,Low,1,51,0.2676,0.1176
finbert_pca50,XGBoost,BlackConcentration,8,Low,2,62,0.3508,0.0645
finbert_pca50,XGBoost,BlackConcentration,8,Low,3,51,0.4152,0.1961
finbert_pca50,XGBoost,BlackConcentration,8,Low,4,57,0.4689,0.2281
finbert_pca50,XGBoost,BlackConcentration,8,Low,5,40,0.5147,0.05
finbert_pca50,XGBoost,BlackConcentration,8,Low,6,52,0.5688,0.2692
finbert_pca50,XGBoost,BlackConcentration,8,Low,7,66,0.6228,0.2273
finbert_pca50,XGBoost,BlackConcentration,8,Low,8,57,0.6842,0.2982
finbert_pca50,XGBoost,BlackConcentration,8,Low,9,57,0.7728,0.3684
finbert_pca50,XGBoost,BlackConcentration,8,High,0,167,0.141,0.0479
finbert_pca50,XGBoost,BlackConcentration,8,High,1,164,0.2655,0.0976
finbert_pca50,XGBoost,BlackConcentration,8,High,2,190,0.3499,0.1105
finbert_pca50,XGBoost,BlackConcentration,8,High,3,182,0.4118,0.1209
finbert_pca50,XGBoost,BlackConcentration,8,High,4,176,0.4686,0.1591
finbert_pca50,XGBoost,BlackConcentration,8,High,5,187,0.52,0.1551
finbert_pca50,XGBoost,BlackConcentration,8,High,6,190,0.5687,0.2421
finbert_pca50,XGBoost,BlackConcentration,8,High,7,156,0.6229,0.2949
finbert_pca50,XGBoost,BlackConcentration,8,High,8,185,0.6834,0.3351
finbert_pca50,XGBoost,BlackConcentration,8,High,9,186,0.773,0.3656
finbert_pca50,XGBoost,SES_group,9,Low,0,311,0.1305,0.0257
finbert_pca50,XGBoost,SES_group,9,Low,1,277,0.2378,0.0469
finbert_pca50,XGBoost,SES_group,9,Low,2,287,0.3099,0.0697
finbert_pca50,XGBoost,SES_group,9,Low,3,277,0.3701,0.0975
finbert_pca50,XGBoost,SES_group,9,Low,4,259,0.4236,0.1158
finbert_pca50,XGBoost,SES_group,9,Low,5,220,0.4785,0.1818
finbert_pca50,XGBoost,SES_group,9,Low,6,245,0.53,0.1837
finbert_pca50,XGBoost,SES_group,9,Low,7,248,0.5823,0.1855
finbert_pca50,XGBoost,SES_group,9,Low,8,254,0.6513,0.2402
finbert_pca50,XGBoost,SES_group,9,Low,9,217,0.7462,0.3825
finbert_pca50,XGBoost,SES_group,9,High,0,123,0.1288,0.0569
finbert_pca50,XGBoost,SES_group,9,High,1,126,0.2399,0.0476
finbert_pca50,XGBoost,SES_group,9,High,2,127,0.3126,0.0866
finbert_pca50,XGBoost,SES_group,9,High,3,135,0.3713,0.1037
finbert_pca50,XGBoost,SES_group,9,High,4,143,0.4228,0.1049
finbert_pca50,XGBoost,SES_group,9,High,5,148,0.4773,0.1351
finbert_pca50,XGBoost,SES_group,9,High,6,156,0.5288,0.1282
finbert_pca50,XGBoost,SES_group,9,High,7,155,0.5835,0.2
finbert_pca50,XGBoost,SES_group,9,High,8,146,0.6488,0.3014
finbert_pca50,XGBoost,SES_group,9,High,9,170,0.7494,0.3412
finbert_pca50,XGBoost,BlackConcentration,9,Low,0,107,0.1233,0.0
finbert_pca50,XGBoost,BlackConcentration,9,Low,1,102,0.238,0.049
finbert_pca50,XGBoost,BlackConcentration,9,Low,2,100,0.3054,0.08
finbert_pca50,XGBoost,BlackConcentration,9,Low,3,103,0.3715,0.1553
finbert_pca50,XGBoost,BlackConcentration,9,Low,4,90,0.4204,0.1222
finbert_pca50,XGBoost,BlackConcentration,9,Low,5,100,0.4772,0.14
finbert_pca50,XGBoost,BlackConcentration,9,Low,6,97,0.5291,0.1649
finbert_pca50,XGBoost,BlackConcentration,9,Low,7,111,0.5829,0.1712
finbert_pca50,XGBoost,BlackConcentration,9,Low,8,105,0.6517,0.1905
finbert_pca50,XGBoost,BlackConcentration,9,Low,9,105,0.7473,0.3238
finbert_pca50,XGBoost,BlackConcentration,9,High,0,282,0.1326,0.0461
finbert_pca50,XGBoost,BlackConcentration,9,High,1,267,0.2371,0.0449
finbert_pca50,XGBoost,BlackConcentration,9,High,2,272,0.3117,0.0956
finbert_pca50,XGBoost,BlackConcentration,9,High,3,253,0.3706,0.083
finbert_pca50,XGBoost,BlackConcentration,9,High,4,273,0.4242,0.0879
finbert_pca50,XGBoost,BlackConcentration,9,High,5,273,0.4778,0.1758
finbert_pca50,XGBoost,BlackConcentration,9,High,6,268,0.5286,0.1493
finbert_pca50,XGBoost,BlackConcentration,9,High,7,291,0.584,0.2027
finbert_pca50,XGBoost,BlackConcentration,9,High,8,266,0.6503,0.2669
finbert_pca50,XGBoost,BlackConcentration,9,High,9,270,0.7498,0.363
finbert_pca50,XGBoost,SES_group,10,Low,0,325,0.1242,0.0338
finbert_pca50,XGBoost,SES_group,10,Low,1,315,0.218,0.0635
finbert_pca50,XGBoost,SES_group,10,Low,2,288,0.2787,0.0833
finbert_pca50,XGBoost,SES_group,10,Low,3,262,0.332,0.084
finbert_pca50,XGBoost,SES_group,10,Low,4,273,0.3899,0.1062
finbert_pca50,XGBoost,SES_group,10,Low,5,261,0.4462,0.1264
finbert_pca50,XGBoost,SES_group,10,Low,6,248,0.5029,0.1573
finbert_pca50,XGBoost,SES_group,10,Low,7,277,0.5635,0.1986
finbert_pca50,XGBoost,SES_group,10,Low,8,250,0.6286,0.272
finbert_pca50,XGBoost,SES_group,10,Low,9,212,0.7244,0.3349
finbert_pca50,XGBoost,SES_group,10,High,0,119,0.1281,0.042
finbert_pca50,XGBoost,SES_group,10,High,1,121,0.2195,0.0413
finbert_pca50,XGBoost,SES_group,10,High,2,116,0.2781,0.1379
finbert_pca50,XGBoost,SES_group,10,High,3,132,0.3339,0.0833
finbert_pca50,XGBoost,SES_group,10,High,4,137,0.3901,0.0803
finbert_pca50,XGBoost,SES_group,10,High,5,139,0.4456,0.1295
finbert_pca50,XGBoost,SES_group,10,High,6,153,0.5044,0.1569
finbert_pca50,XGBoost,SES_group,10,High,7,135,0.5613,0.1852
finbert_pca50,XGBoost,SES_group,10,High,8,135,0.6259,0.237
finbert_pca50,XGBoost,SES_group,10,High,9,169,0.7291,0.3669
finbert_pca50,XGBoost,BlackConcentration,10,Low,0,94,0.1287,0.0319
finbert_pca50,XGBoost,BlackConcentration,10,Low,1,101,0.2179,0.0891
finbert_pca50,XGBoost,BlackConcentration,10,Low,2,99,0.28,0.101
finbert_pca50,XGBoost,BlackConcentration,10,Low,3,103,0.3308,0.0388
finbert_pca50,XGBoost,BlackConcentration,10,Low,4,86,0.3905,0.093
finbert_pca50,XGBoost,BlackConcentration,10,Low,5,113,0.4491,0.1327
finbert_pca50,XGBoost,BlackConcentration,10,Low,6,99,0.5,0.1515
finbert_pca50,XGBoost,BlackConcentration,10,Low,7,106,0.5618,0.2075
finbert_pca50,XGBoost,BlackConcentration,10,Low,8,115,0.6296,0.1913
finbert_pca50,XGBoost,BlackConcentration,10,Low,9,96,0.7303,0.3229
finbert_pca50,XGBoost,BlackConcentration,10,High,0,263,0.127,0.0342
finbert_pca50,XGBoost,BlackConcentration,10,High,1,263,0.2181,0.038
finbert_pca50,XGBoost,BlackConcentration,10,High,2,257,0.2784,0.1167
finbert_pca50,XGBoost,BlackConcentration,10,High,3,252,0.3333,0.127
finbert_pca50,XGBoost,BlackConcentration,10,High,4,283,0.3894,0.1307
finbert_pca50,XGBoost,BlackConcentration,10,High,5,265,0.4453,0.1283
finbert_pca50,XGBoost,BlackConcentration,10,High,6,276,0.5052,0.1812
finbert_pca50,XGBoost,BlackConcentration,10,High,7,263,0.562,0.2015
finbert_pca50,XGBoost,BlackConcentration,10,High,8,267,0.6263,0.2846
finbert_pca50,XGBoost,BlackConcentration,10,High,9,305,0.7312,0.3738
finbert_pca50,XGBoost,SES_group,11,Low,0,444,0.1358,0.036
finbert_pca50,XGBoost,SES_group,11,Low,1,409,0.2331,0.0587
finbert_pca50,XGBoost,SES_group,11,Low,2,386,0.2994,0.0777
finbert_pca50,XGBoost,SES_group,11,Low,3,367,0.3573,0.1063
finbert_pca50,XGBoost,SES_group,11,Low,4,352,0.4146,0.1392
finbert_pca50,XGBoost,SES_group,11,Low,5,334,0.4664,0.1437
finbert_pca50,XGBoost,SES_group,11,Low,6,359,0.5205,0.1588
finbert_pca50,XGBoost,SES_group,11,Low,7,319,0.5749,0.1912
finbert_pca50,XGBoost,SES_group,11,Low,8,347,0.6324,0.219
finbert_pca50,XGBoost,SES_group,11,Low,9,330,0.7325,0.3424
finbert_pca50,XGBoost,SES_group,11,High,0,138,0.1363,0.029
finbert_pca50,XGBoost,SES_group,11,High,1,158,0.2348,0.0316
finbert_pca50,XGBoost,SES_group,11,High,2,184,0.3028,0.038
finbert_pca50,XGBoost,SES_group,11,High,3,196,0.3574,0.1224
finbert_pca50,XGBoost,SES_group,11,High,4,196,0.415,0.102
finbert_pca50,XGBoost,SES_group,11,High,5,205,0.4692,0.1561
finbert_pca50,XGBoost,SES_group,11,High,6,209,0.5195,0.1579
finbert_pca50,XGBoost,SES_group,11,High,7,199,0.5782,0.201
finbert_pca50,XGBoost,SES_group,11,High,8,207,0.6384,0.2754
finbert_pca50,XGBoost,SES_group,11,High,9,208,0.728,0.351
finbert_pca50,XGBoost,BlackConcentration,11,Low,0,151,0.1359,0.0199
finbert_pca50,XGBoost,BlackConcentration,11,Low,1,138,0.2322,0.0652
finbert_pca50,XGBoost,BlackConcentration,11,Low,2,131,0.3017,0.0458
finbert_pca50,XGBoost,BlackConcentration,11,Low,3,124,0.3579,0.0968
finbert_pca50,XGBoost,BlackConcentration,11,Low,4,129,0.4135,0.124
finbert_pca50,XGBoost,BlackConcentration,11,Low,5,150,0.4678,0.1067
finbert_pca50,XGBoost,BlackConcentration,11,Low,6,136,0.5212,0.1324
finbert_pca50,XGBoost,BlackConcentration,11,Low,7,144,0.5782,0.1875
finbert_pca50,XGBoost,BlackConcentration,11,Low,8,136,0.6363,0.1838
finbert_pca50,XGBoost,BlackConcentration,11,Low,9,139,0.739,0.2734
finbert_pca50,XGBoost,BlackConcentration,11,High,0,326,0.1392,0.0368
finbert_pca50,XGBoost,BlackConcentration,11,High,1,357,0.2349,0.0448
finbert_pca50,XGBoost,BlackConcentration,11,High,2,346,0.3,0.0694
finbert_pca50,XGBoost,BlackConcentration,11,High,3,372,0.3575,0.1022
finbert_pca50,XGBoost,BlackConcentration,11,High,4,364,0.4139,0.1181
finbert_pca50,XGBoost,BlackConcentration,11,High,5,366,0.4677,0.1639
finbert_pca50,XGBoost,BlackConcentration,11,High,6,352,0.5206,0.1875
finbert_pca50,XGBoost,BlackConcentration,11,High,7,367,0.5766,0.1935
finbert_pca50,XGBoost,BlackConcentration,11,High,8,357,0.635,0.2437
finbert_pca50,XGBoost,BlackConcentration,11,High,9,356,0.7294,0.3118
finbert_pca50,XGBoost,SES_group,12,Low,0,555,0.1634,0.0234
finbert_pca50,XGBoost,SES_group,12,Low,1,490,0.2707,0.0551
finbert_pca50,XGBoost,SES_group,12,Low,2,487,0.3338,0.0945
finbert_pca50,XGBoost,SES_group,12,Low,3,478,0.388,0.0879
finbert_pca50,XGBoost,SES_group,12,Low,4,462,0.4378,0.1212
finbert_pca50,XGBoost,SES_group,12,Low,5,472,0.4893,0.1208
finbert_pca50,XGBoost,SES_group,12,Low,6,443,0.5392,0.219
finbert_pca50,XGBoost,SES_group,12,Low,7,437,0.5914,0.2082
finbert_pca50,XGBoost,SES_group,12,Low,8,439,0.6514,0.2597
finbert_pca50,XGBoost,SES_group,12,Low,9,442,0.7478,0.3303
finbert_pca50,XGBoost,SES_group,12,High,0,200,0.169,0.035
finbert_pca50,XGBoost,SES_group,12,High,1,262,0.2711,0.0649
finbert_pca50,XGBoost,SES_group,12,High,2,258,0.3344,0.0853
finbert_pca50,XGBoost,SES_group,12,High,3,253,0.3884,0.0909
finbert_pca50,XGBoost,SES_group,12,High,4,268,0.4373,0.1157
finbert_pca50,XGBoost,SES_group,12,High,5,258,0.4902,0.186
finbert_pca50,XGBoost,SES_group,12,High,6,283,0.5397,0.2085
finbert_pca50,XGBoost,SES_group,12,High,7,272,0.5903,0.2096
finbert_pca50,XGBoost,SES_group,12,High,8,284,0.6515,0.2746
finbert_pca50,XGBoost,SES_group,12,High,9,270,0.7495,0.3815
finbert_pca50,XGBoost,BlackConcentration,12,Low,0,204,0.1695,0.0196
finbert_pca50,XGBoost,BlackConcentration,12,Low,1,179,0.2702,0.0503
finbert_pca50,XGBoost,BlackConcentration,12,Low,2,161,0.3353,0.0559
finbert_pca50,XGBoost,BlackConcentration,12,Low,3,169,0.3869,0.1124
finbert_pca50,XGBoost,BlackConcentration,12,Low,4,191,0.4383,0.1204
finbert_pca50,XGBoost,BlackConcentration,12,Low,5,187,0.4911,0.139
finbert_pca50,XGBoost,BlackConcentration,12,Low,6,181,0.5382,0.221
finbert_pca50,XGBoost,BlackConcentration,12,Low,7,183,0.5928,0.2077
finbert_pca50,XGBoost,BlackConcentration,12,Low,8,194,0.6528,0.2732
finbert_pca50,XGBoost,BlackConcentration,12,Low,9,143,0.7469,0.3007
finbert_pca50,XGBoost,BlackConcentration,12,High,0,436,0.163,0.0229
finbert_pca50,XGBoost,BlackConcentration,12,High,1,475,0.271,0.0653
finbert_pca50,XGBoost,BlackConcentration,12,High,2,489,0.333,0.0798
finbert_pca50,XGBoost,BlackConcentration,12,High,3,485,0.3874,0.1072
finbert_pca50,XGBoost,BlackConcentration,12,High,4,484,0.4386,0.1364
finbert_pca50,XGBoost,BlackConcentration,12,High,5,488,0.4899,0.1434
finbert_pca50,XGBoost,BlackConcentration,12,High,6,508,0.5395,0.2047
finbert_pca50,XGBoost,BlackConcentration,12,High,7,525,0.5908,0.2076
finbert_pca50,XGBoost,BlackConcentration,12,High,8,481,0.6517,0.2869
finbert_pca50,XGBoost,BlackConcentration,12,High,9,527,0.7454,0.3605
finbert_pca50,XGBoost,SES_group,13,Low,0,655,0.168,0.0351
finbert_pca50,XGBoost,SES_group,13,Low,1,629,0.2743,0.0684
finbert_pca50,XGBoost,SES_group,13,Low,2,602,0.3347,0.0764
finbert_pca50,XGBoost,SES_group,13,Low,3,579,0.3915,0.0984
finbert_pca50,XGBoost,SES_group,13,Low,4,526,0.4434,0.1445
finbert_pca50,XGBoost,SES_group,13,Low,5,555,0.4954,0.1387
finbert_pca50,XGBoost,SES_group,13,Low,6,555,0.5476,0.1838
finbert_pca50,XGBoost,SES_group,13,Low,7,545,0.6008,0.2239
finbert_pca50,XGBoost,SES_group,13,Low,8,525,0.6615,0.2457
finbert_pca50,XGBoost,SES_group,13,Low,9,515,0.7498,0.3146
finbert_pca50,XGBoost,SES_group,13,High,0,232,0.1723,0.0302
finbert_pca50,XGBoost,SES_group,13,High,1,243,0.2742,0.0658
finbert_pca50,XGBoost,SES_group,13,High,2,290,0.3353,0.0793
finbert_pca50,XGBoost,SES_group,13,High,3,305,0.3907,0.1148
finbert_pca50,XGBoost,SES_group,13,High,4,331,0.4429,0.1148
finbert_pca50,XGBoost,SES_group,13,High,5,304,0.4945,0.1645
finbert_pca50,XGBoost,SES_group,13,High,6,319,0.5448,0.1567
finbert_pca50,XGBoost,SES_group,13,High,7,320,0.6016,0.1938
finbert_pca50,XGBoost,SES_group,13,High,8,316,0.6618,0.3038
finbert_pca50,XGBoost,SES_group,13,High,9,343,0.7518,0.3761
finbert_pca50,XGBoost,BlackConcentration,13,Low,0,211,0.1695,0.0237
finbert_pca50,XGBoost,BlackConcentration,13,Low,1,222,0.2743,0.0766
finbert_pca50,XGBoost,BlackConcentration,13,Low,2,224,0.3343,0.0804
finbert_pca50,XGBoost,BlackConcentration,13,Low,3,251,0.3896,0.0757
finbert_pca50,XGBoost,BlackConcentration,13,Low,4,219,0.444,0.105
finbert_pca50,XGBoost,BlackConcentration,13,Low,5,217,0.4965,0.1336
finbert_pca50,XGBoost,BlackConcentration,13,Low,6,212,0.5466,0.184
finbert_pca50,XGBoost,BlackConcentration,13,Low,7,212,0.6013,0.2075
finbert_pca50,XGBoost,BlackConcentration,13,Low,8,211,0.6619,0.2512
finbert_pca50,XGBoost,BlackConcentration,13,Low,9,191,0.7503,0.3141
finbert_pca50,XGBoost,BlackConcentration,13,High,0,567,0.1689,0.0317
finbert_pca50,XGBoost,BlackConcentration,13,High,1,514,0.2755,0.0739
finbert_pca50,XGBoost,BlackConcentration,13,High,2,517,0.3355,0.087
finbert_pca50,XGBoost,BlackConcentration,13,High,3,556,0.3913,0.0989
finbert_pca50,XGBoost,BlackConcentration,13,High,4,538,0.4432,0.119
finbert_pca50,XGBoost,BlackConcentration,13,High,5,560,0.4944,0.1643
finbert_pca50,XGBoost,BlackConcentration,13,High,6,587,0.5457,0.1755
finbert_pca50,XGBoost,BlackConcentration,13,High,7,595,0.6007,0.2017
finbert_pca50,XGBoost,BlackConcentration,13,High,8,594,0.6613,0.2862
finbert_pca50,XGBoost,BlackConcentration,13,High,9,600,0.7513,0.3733
finbert_pca50,XGBoost,SES_group,14,Low,0,779,0.157,0.0193
finbert_pca50,XGBoost,SES_group,14,Low,1,706,0.2514,0.0567
finbert_pca50,XGBoost,SES_group,14,Low,2,691,0.3136,0.0839
finbert_pca50,XGBoost,SES_group,14,Low,3,674,0.3688,0.1157
finbert_pca50,XGBoost,SES_group,14,Low,4,667,0.4226,0.1184
finbert_pca50,XGBoost,SES_group,14,Low,5,668,0.4753,0.1287
finbert_pca50,XGBoost,SES_group,14,Low,6,646,0.5292,0.144
finbert_pca50,XGBoost,SES_group,14,Low,7,630,0.5851,0.2524
finbert_pca50,XGBoost,SES_group,14,Low,8,610,0.651,0.2902
finbert_pca50,XGBoost,SES_group,14,Low,9,636,0.742,0.3129
finbert_pca50,XGBoost,SES_group,14,High,0,301,0.1628,0.0399
finbert_pca50,XGBoost,SES_group,14,High,1,319,0.251,0.0596
finbert_pca50,XGBoost,SES_group,14,High,2,301,0.312,0.1096
finbert_pca50,XGBoost,SES_group,14,High,3,323,0.3702,0.0867
finbert_pca50,XGBoost,SES_group,14,High,4,349,0.4222,0.0888
finbert_pca50,XGBoost,SES_group,14,High,5,358,0.4747,0.1313
finbert_pca50,XGBoost,SES_group,14,High,6,346,0.528,0.1618
finbert_pca50,XGBoost,SES_group,14,High,7,364,0.5852,0.2033
finbert_pca50,XGBoost,SES_group,14,High,8,357,0.6523,0.2661
finbert_pca50,XGBoost,SES_group,14,High,9,381,0.7437,0.378
finbert_pca50,XGBoost,BlackConcentration,14,Low,0,267,0.1625,0.015
finbert_pca50,XGBoost,BlackConcentration,14,Low,1,291,0.2519,0.0619
finbert_pca50,XGBoost,BlackConcentration,14,Low,2,281,0.313,0.0996
finbert_pca50,XGBoost,BlackConcentration,14,Low,3,293,0.3682,0.1433
finbert_pca50,XGBoost,BlackConcentration,14,Low,4,266,0.4214,0.109
finbert_pca50,XGBoost,BlackConcentration,14,Low,5,271,0.4749,0.1624
finbert_pca50,XGBoost,BlackConcentration,14,Low,6,279,0.5296,0.1254
finbert_pca50,XGBoost,BlackConcentration,14,Low,7,250,0.5872,0.212
finbert_pca50,XGBoost,BlackConcentration,14,Low,8,245,0.6526,0.2612
finbert_pca50,XGBoost,BlackConcentration,14,Low,9,241,0.7402,0.3444
finbert_pca50,XGBoost,BlackConcentration,14,High,0,634,0.1613,0.0426
finbert_pca50,XGBoost,BlackConcentration,14,High,1,665,0.251,0.0526
finbert_pca50,XGBoost,BlackConcentration,14,High,2,635,0.3129,0.1024
finbert_pca50,XGBoost,BlackConcentration,14,High,3,646,0.3691,0.0898
finbert_pca50,XGBoost,BlackConcentration,14,High,4,653,0.4227,0.1118
finbert_pca50,XGBoost,BlackConcentration,14,High,5,637,0.4749,0.1397
finbert_pca50,XGBoost,BlackConcentration,14,High,6,645,0.5287,0.1535
finbert_pca50,XGBoost,BlackConcentration,14,High,7,675,0.5851,0.24
finbert_pca50,XGBoost,BlackConcentration,14,High,8,659,0.6516,0.2853
finbert_pca50,XGBoost,BlackConcentration,14,High,9,721,0.7442,0.3578
