representation,model,grouping,fold,group_level,bin,n,mean_pred,observed_rate
structured,Logistic,SES_group,1,Low,0,61,0.1496,0.0492
structured,Logistic,SES_group,1,Low,1,55,0.2473,0.0545
structured,Logistic,SES_group,1,Low,2,55,0.316,0.0545
structured,Logistic,SES_group,1,Low,3,48,0.3815,0.1042
structured,Logistic,SES_group,1,Low,4,52,0.4416,0.1731
structured,Logistic,SES_group,1,Low,5,53,0.4976,0.1509
structured,Logistic,SES_group,1,Low,6,39,0.5523,0.1795
structured,Logistic,SES_group,1,Low,7,45,0.6198,0.2222
structured,Logistic,SES_group,1,Low,8,58,0.6988,0.2586
structured,Logistic,SES_group,1,Low,9,49,0.8065,0.2653
structured,Logistic,SES_group,1,High,0,20,0.1683,0.1
structured,Logistic,SES_group,1,High,1,23,0.24,0.1304
structured,Logistic,SES_group,1,High,2,17,0.3201,0.0588
structured,Logistic,SES_group,1,High,3,24,0.379,0.0833
structured,Logistic,SES_group,1,High,4,19,0.4433,0.0526
structured,Logistic,SES_group,1,High,5,20,0.4928,0.1
structured,Logistic,SES_group,1,High,6,20,0.5574,0.15
structured,Logistic,SES_group,1,High,7,27,0.616,0.4074
structured,Logistic,SES_group,1,High,8,20,0.6996,0.05
structured,Logistic,SES_group,1,High,9,24,0.8087,0.375
structured,Logistic,BlackConcentration,1,Low,0,18,0.1318,0.1111
structured,Logistic,BlackConcentration,1,Low,1,20,0.2511,0.0
structured,Logistic,BlackConcentration,1,Low,2,16,0.3131,0.125
structured,Logistic,BlackConcentration,1,Low,3,12,0.3794,0.0833
structured,Logistic,BlackConcentration,1,Low,4,20,0.443,0.3
structured,Logistic,BlackConcentration,1,Low,5,17,0.4992,0.1765
structured,Logistic,BlackConcentration,1,Low,6,19,0.5536,0.1579
structured,Logistic,BlackConcentration,1,Low,7,19,0.6156,0.3684
structured,Logistic,BlackConcentration,1,Low,8,22,0.7067,0.2727
structured,Logistic,BlackConcentration,1,Low,9,17,0.8262,0.1765
structured,Logistic,BlackConcentration,1,High,0,54,0.1555,0.037
structured,Logistic,BlackConcentration,1,High,1,50,0.2439,0.04
structured,Logistic,BlackConcentration,1,High,2,43,0.321,0.0465
structured,Logistic,BlackConcentration,1,High,3,49,0.3809,0.102
structured,Logistic,BlackConcentration,1,High,4,31,0.4441,0.0968
structured,Logistic,BlackConcentration,1,High,5,50,0.4977,0.18
structured,Logistic,BlackConcentration,1,High,6,35,0.5548,0.2
structured,Logistic,BlackConcentration,1,High,7,51,0.6174,0.2549
structured,Logistic,BlackConcentration,1,High,8,51,0.6956,0.1961
structured,Logistic,BlackConcentration,1,High,9,46,0.804,0.3261
structured,Logistic,SES_group,2,Low,0,62,0.1353,0.0
structured,Logistic,SES_group,2,Low,1,60,0.2032,0.0
structured,Logistic,SES_group,2,Low,2,58,0.2588,0.069
structured,Logistic,SES_group,2,Low,3,59,0.3093,0.0678
structured,Logistic,SES_group,2,Low,4,48,0.3772,0.1042
structured,Logistic,SES_group,2,Low,5,69,0.4336,0.1159
structured,Logistic,SES_group,2,Low,6,50,0.4994,0.1
structured,Logistic,SES_group,2,Low,7,53,0.5872,0.1509
structured,Logistic,SES_group,2,Low,8,52,0.6744,0.1538
structured,Logistic,SES_group,2,Low,9,50,0.7977,0.2
structured,Logistic,SES_group,2,High,0,19,0.1381,0.0526
structured,Logistic,SES_group,2,High,1,29,0.203,0.1379
structured,Logistic,SES_group,2,High,2,25,0.2521,0.12
structured,Logistic,SES_group,2,High,3,23,0.3109,0.0435
structured,Logistic,SES_group,2,High,4,23,0.3671,0.1304
structured,Logistic,SES_group,2,High,5,23,0.4308,0.087
structured,Logistic,SES_group,2,High,6,32,0.5056,0.2188
structured,Logistic,SES_group,2,High,7,29,0.5851,0.2414
structured,Logistic,SES_group,2,High,8,24,0.666,0.0417
structured,Logistic,SES_group,2,High,9,36,0.7974,0.3333
structured,Logistic,SES_group,3,Low,0,84,0.1622,0.0
structured,Logistic,SES_group,3,Low,1,62,0.2478,0.0
structured,Logistic,SES_group,3,Low,2,66,0.3014,0.0152
structured,Logistic,SES_group,3,Low,3,53,0.3589,0.0755
structured,Logistic,SES_group,3,Low,4,62,0.4202,0.1129
structured,Logistic,SES_group,3,Low,5,59,0.4825,0.1186
structured,Logistic,SES_group,3,Low,6,54,0.5526,0.1111
structured,Logistic,SES_group,3,Low,7,58,0.6171,0.2069
structured,Logistic,SES_group,3,Low,8,56,0.6866,0.1964
structured,Logistic,SES_group,3,Low,9,52,0.7974,0.3077
structured,Logistic,SES_group,3,High,0,18,0.1576,0.1111
structured,Logistic,SES_group,3,High,1,27,0.2434,0.1481
structured,Logistic,SES_group,3,High,2,18,0.3026,0.0556
structured,Logistic,SES_group,3,High,3,31,0.3616,0.0645
structured,Logistic,SES_group,3,High,4,28,0.4251,0.2143
structured,Logistic,SES_group,3,High,5,28,0.4856,0.0714
structured,Logistic,SES_group,3,High,6,37,0.5556,0.1622
structured,Logistic,SES_group,3,High,7,31,0.6179,0.2258
structured,Logistic,SES_group,3,High,8,40,0.6899,0.3
structured,Logistic,SES_group,3,High,9,34,0.7945,0.4706
structured,Logistic,SES_group,4,Low,0,95,0.1414,0.0211
structured,Logistic,SES_group,4,Low,1,82,0.2308,0.0366
structured,Logistic,SES_group,4,Low,2,80,0.2901,0.1375
structured,Logistic,SES_group,4,Low,3,83,0.3516,0.0482
structured,Logistic,SES_group,4,Low,4,86,0.414,0.1395
structured,Logistic,SES_group,4,Low,5,79,0.4767,0.1772
structured,Logistic,SES_group,4,Low,6,91,0.5422,0.1319
structured,Logistic,SES_group,4,Low,7,77,0.6065,0.2468
structured,Logistic,SES_group,4,Low,8,74,0.6852,0.2297
structured,Logistic,SES_group,4,Low,9,67,0.7988,0.2388
structured,Logistic,SES_group,4,High,0,30,0.1531,0.0
structured,Logistic,SES_group,4,High,1,47,0.2261,0.0
structured,Logistic,SES_group,4,High,2,44,0.2933,0.0455
structured,Logistic,SES_group,4,High,3,39,0.3535,0.0769
structured,Logistic,SES_group,4,High,4,34,0.4148,0.0588
structured,Logistic,SES_group,4,High,5,37,0.4706,0.1081
structured,Logistic,SES_group,4,High,6,35,0.5399,0.1429
structured,Logistic,SES_group,4,High,7,47,0.6069,0.1702
structured,Logistic,SES_group,4,High,8,38,0.682,0.3421
structured,Logistic,SES_group,4,High,9,46,0.792,0.413
structured,Logistic,BlackConcentration,4,Low,0,26,0.1482,0.0385
structured,Logistic,BlackConcentration,4,Low,1,22,0.2262,0.0909
structured,Logistic,BlackConcentration,4,Low,2,17,0.2936,0.1176
structured,Logistic,BlackConcentration,4,Low,3,19,0.358,0.1053
structured,Logistic,BlackConcentration,4,Low,4,31,0.4107,0.1613
structured,Logistic,BlackConcentration,4,Low,5,25,0.4769,0.12
structured,Logistic,BlackConcentration,4,Low,6,24,0.5396,0.0833
structured,Logistic,BlackConcentration,4,Low,7,30,0.6148,0.3333
structured,Logistic,BlackConcentration,4,Low,8,32,0.6826,0.2188
structured,Logistic,BlackConcentration,4,Low,9,23,0.8052,0.2174
structured,Logistic,BlackConcentration,4,High,0,79,0.1465,0.0253
structured,Logistic,BlackConcentration,4,High,1,86,0.2284,0.0581
structured,Logistic,BlackConcentration,4,High,2,90,0.2929,0.0667
structured,Logistic,BlackConcentration,4,High,3,89,0.3519,0.0899
structured,Logistic,BlackConcentration,4,High,4,75,0.4118,0.1333
structured,Logistic,BlackConcentration,4,High,5,78,0.4738,0.141
structured,Logistic,BlackConcentration,4,High,6,79,0.5401,0.1266
structured,Logistic,BlackConcentration,4,High,7,83,0.6068,0.2169
structured,Logistic,BlackConcentration,4,High,8,85,0.6899,0.2824
structured,Logistic,BlackConcentration,4,High,9,97,0.8022,0.3402
structured,Logistic,SES_group,5,Low,0,112,0.1583,0.0089
structured,Logistic,SES_group,5,Low,1,86,0.2343,0.0698
structured,Logistic,SES_group,5,Low,2,90,0.2928,0.0889
structured,Logistic,SES_group,5,Low,3,101,0.3476,0.1188
structured,Logistic,SES_group,5,Low,4,91,0.4033,0.0879
structured,Logistic,SES_group,5,Low,5,77,0.4608,0.1429
structured,Logistic,SES_group,5,Low,6,92,0.52,0.1413
structured,Logistic,SES_group,5,Low,7,105,0.5845,0.2476
structured,Logistic,SES_group,5,Low,8,94,0.6617,0.2234
structured,Logistic,SES_group,5,Low,9,62,0.7686,0.4516
structured,Logistic,SES_group,5,High,0,31,0.162,0.0
structured,Logistic,SES_group,5,High,1,38,0.2325,0.1053
structured,Logistic,SES_group,5,High,2,34,0.2917,0.0588
structured,Logistic,SES_group,5,High,3,44,0.3495,0.0455
structured,Logistic,SES_group,5,High,4,39,0.4049,0.0513
structured,Logistic,SES_group,5,High,5,52,0.4636,0.1923
structured,Logistic,SES_group,5,High,6,40,0.5247,0.125
structured,Logistic,SES_group,5,High,7,41,0.5826,0.1707
structured,Logistic,SES_group,5,High,8,40,0.6622,0.25
structured,Logistic,SES_group,5,High,9,71,0.781,0.2958
structured,Logistic,BlackConcentration,5,Low,0,30,0.1602,0.0333
structured,Logistic,BlackConcentration,5,Low,1,29,0.2286,0.0345
structured,Logistic,BlackConcentration,5,Low,2,37,0.2945,0.0541
structured,Logistic,BlackConcentration,5,Low,3,25,0.3491,0.12
structured,Logistic,BlackConcentration,5,Low,4,24,0.4085,0.125
structured,Logistic,BlackConcentration,5,Low,5,37,0.4631,0.027
structured,Logistic,BlackConcentration,5,Low,6,26,0.5191,0.1538
structured,Logistic,BlackConcentration,5,Low,7,27,0.5836,0.2593
structured,Logistic,BlackConcentration,5,Low,8,30,0.6606,0.2333
structured,Logistic,BlackConcentration,5,Low,9,28,0.7744,0.4643
structured,Logistic,BlackConcentration,5,High,0,92,0.1554,0.0
structured,Logistic,BlackConcentration,5,High,1,95,0.233,0.0421
structured,Logistic,BlackConcentration,5,High,2,88,0.2954,0.0568
structured,Logistic,BlackConcentration,5,High,3,98,0.3481,0.0918
structured,Logistic,BlackConcentration,5,High,4,88,0.4009,0.0909
structured,Logistic,BlackConcentration,5,High,5,89,0.4663,0.1798
structured,Logistic,BlackConcentration,5,High,6,93,0.5236,0.0753
structured,Logistic,BlackConcentration,5,High,7,88,0.5823,0.2955
structured,Logistic,BlackConcentration,5,High,8,78,0.6617,0.2051
structured,Logistic,BlackConcentration,5,High,9,100,0.7774,0.42
structured,Logistic,SES_group,6,Low,0,118,0.2071,0.0508
structured,Logistic,SES_group,6,Low,1,100,0.3056,0.08
structured,Logistic,SES_group,6,Low,2,98,0.3721,0.1429
structured,Logistic,SES_group,6,Low,3,92,0.4304,0.0761
structured,Logistic,SES_group,6,Low,4,99,0.4825,0.1414
structured,Logistic,SES_group,6,Low,5,90,0.5351,0.1222
structured,Logistic,SES_group,6,Low,6,85,0.5884,0.2824
structured,Logistic,SES_group,6,Low,7,96,0.646,0.2083
structured,Logistic,SES_group,6,Low,8,100,0.7149,0.34
structured,Logistic,SES_group,6,Low,9,81,0.7911,0.4444
structured,Logistic,SES_group,6,High,0,37,0.2125,0.0541
structured,Logistic,SES_group,6,High,1,44,0.3092,0.1591
structured,Logistic,SES_group,6,High,2,56,0.3723,0.1429
structured,Logistic,SES_group,6,High,3,50,0.4299,0.1
structured,Logistic,SES_group,6,High,4,44,0.4844,0.1591
structured,Logistic,SES_group,6,High,5,51,0.5333,0.2745
structured,Logistic,SES_group,6,High,6,55,0.5914,0.3273
structured,Logistic,SES_group,6,High,7,62,0.6523,0.1774
structured,Logistic,SES_group,6,High,8,48,0.7127,0.3333
structured,Logistic,SES_group,6,High,9,60,0.8042,0.2667
structured,Logistic,BlackConcentration,6,Low,0,26,0.2155,0.0385
structured,Logistic,BlackConcentration,6,Low,1,34,0.3031,0.0588
structured,Logistic,BlackConcentration,6,Low,2,34,0.3708,0.1471
structured,Logistic,BlackConcentration,6,Low,3,40,0.4307,0.025
structured,Logistic,BlackConcentration,6,Low,4,42,0.4823,0.1667
structured,Logistic,BlackConcentration,6,Low,5,46,0.5347,0.1957
structured,Logistic,BlackConcentration,6,Low,6,38,0.5876,0.2632
structured,Logistic,BlackConcentration,6,Low,7,35,0.6438,0.1714
structured,Logistic,BlackConcentration,6,Low,8,27,0.7177,0.2963
structured,Logistic,BlackConcentration,6,Low,9,27,0.8027,0.4074
structured,Logistic,BlackConcentration,6,High,0,109,0.2059,0.0367
structured,Logistic,BlackConcentration,6,High,1,122,0.3083,0.1148
structured,Logistic,BlackConcentration,6,High,2,89,0.3716,0.1011
structured,Logistic,BlackConcentration,6,High,3,94,0.4305,0.0851
structured,Logistic,BlackConcentration,6,High,4,96,0.4831,0.1458
structured,Logistic,BlackConcentration,6,High,5,83,0.5335,0.1928
structured,Logistic,BlackConcentration,6,High,6,90,0.5906,0.3222
structured,Logistic,BlackConcentration,6,High,7,100,0.6494,0.25
structured,Logistic,BlackConcentration,6,High,8,106,0.7119,0.3019
structured,Logistic,BlackConcentration,6,High,9,113,0.7998,0.3628
structured,Logistic,SES_group,7,Low,0,155,0.1811,0.0452
structured,Logistic,SES_group,7,Low,1,133,0.2624,0.0677
structured,Logistic,SES_group,7,Low,2,134,0.3172,0.0821
structured,Logistic,SES_group,7,Low,3,113,0.3667,0.0708
structured,Logistic,SES_group,7,Low,4,125,0.4168,0.12
structured,Logistic,SES_group,7,Low,5,115,0.4664,0.1478
structured,Logistic,SES_group,7,Low,6,120,0.5215,0.1833
structured,Logistic,SES_group,7,Low,7,90,0.5836,0.1889
structured,Logistic,SES_group,7,Low,8,108,0.6575,0.213
structured,Logistic,SES_group,7,Low,9,118,0.7722,0.3559
structured,Logistic,SES_group,7,High,0,58,0.1871,0.0345
structured,Logistic,SES_group,7,High,1,55,0.2647,0.0545
structured,Logistic,SES_group,7,High,2,55,0.317,0.0727
structured,Logistic,SES_group,7,High,3,77,0.3675,0.0909
structured,Logistic,SES_group,7,High,4,69,0.4165,0.058
structured,Logistic,SES_group,7,High,5,72,0.4684,0.1528
structured,Logistic,SES_group,7,High,6,69,0.5199,0.1304
structured,Logistic,SES_group,7,High,7,73,0.5818,0.3151
structured,Logistic,SES_group,7,High,8,77,0.6607,0.2987
structured,Logistic,SES_group,7,High,9,71,0.7785,0.3662
structured,Logistic,BlackConcentration,7,Low,0,39,0.1846,0.0769
structured,Logistic,BlackConcentration,7,Low,1,54,0.2612,0.0741
structured,Logistic,BlackConcentration,7,Low,2,32,0.3163,0.0312
structured,Logistic,BlackConcentration,7,Low,3,32,0.3673,0.125
structured,Logistic,BlackConcentration,7,Low,4,40,0.4174,0.025
structured,Logistic,BlackConcentration,7,Low,5,47,0.4657,0.1064
structured,Logistic,BlackConcentration,7,Low,6,49,0.5226,0.1837
structured,Logistic,BlackConcentration,7,Low,7,42,0.5826,0.2143
structured,Logistic,BlackConcentration,7,Low,8,46,0.656,0.2391
structured,Logistic,BlackConcentration,7,Low,9,47,0.7731,0.3617
structured,Logistic,BlackConcentration,7,High,0,127,0.1818,0.0551
structured,Logistic,BlackConcentration,7,High,1,111,0.2635,0.0541
structured,Logistic,BlackConcentration,7,High,2,138,0.3169,0.0507
structured,Logistic,BlackConcentration,7,High,3,132,0.3677,0.0758
structured,Logistic,BlackConcentration,7,High,4,129,0.4159,0.1318
structured,Logistic,BlackConcentration,7,High,5,139,0.4667,0.1583
structured,Logistic,BlackConcentration,7,High,6,121,0.5223,0.1488
structured,Logistic,BlackConcentration,7,High,7,121,0.5835,0.2562
structured,Logistic,BlackConcentration,7,High,8,124,0.6634,0.2258
structured,Logistic,BlackConcentration,7,High,9,134,0.7734,0.3358
structured,Logistic,SES_group,8,Low,0,198,0.1743,0.0606
structured,Logistic,SES_group,8,Low,1,188,0.2957,0.0957
structured,Logistic,SES_group,8,Low,2,184,0.3774,0.1087
structured,Logistic,SES_group,8,Low,3,162,0.4442,0.1111
structured,Logistic,SES_group,8,Low,4,161,0.502,0.1366
structured,Logistic,SES_group,8,Low,5,172,0.5533,0.2035
structured,Logistic,SES_group,8,Low,6,163,0.6066,0.1902
structured,Logistic,SES_group,8,Low,7,158,0.6647,0.2911
structured,Logistic,SES_group,8,Low,8,164,0.7322,0.2866
structured,Logistic,SES_group,8,Low,9,165,0.8226,0.3455
structured,Logistic,SES_group,8,High,0,77,0.1792,0.039
structured,Logistic,SES_group,8,High,1,86,0.2975,0.0581
structured,Logistic,SES_group,8,High,2,79,0.3775,0.1139
structured,Logistic,SES_group,8,High,3,81,0.4447,0.1111
structured,Logistic,SES_group,8,High,4,84,0.5038,0.1905
structured,Logistic,SES_group,8,High,5,87,0.5558,0.1839
structured,Logistic,SES_group,8,High,6,79,0.6036,0.2025
structured,Logistic,SES_group,8,High,7,97,0.6672,0.268
structured,Logistic,SES_group,8,High,8,84,0.7312,0.25
structured,Logistic,SES_group,8,High,9,84,0.8269,0.4643
structured,Logistic,BlackConcentration,8,Low,0,62,0.1707,0.0161
structured,Logistic,BlackConcentration,8,Low,1,67,0.2953,0.1045
structured,Logistic,BlackConcentration,8,Low,2,58,0.381,0.1207
structured,Logistic,BlackConcentration,8,Low,3,53,0.4459,0.2264
structured,Logistic,BlackConcentration,8,Low,4,58,0.5018,0.1724
structured,Logistic,BlackConcentration,8,Low,5,53,0.5553,0.2264
structured,Logistic,BlackConcentration,8,Low,6,51,0.604,0.2353
structured,Logistic,BlackConcentration,8,Low,7,55,0.6624,0.2
structured,Logistic,BlackConcentration,8,Low,8,41,0.7373,0.2439
structured,Logistic,BlackConcentration,8,Low,9,57,0.8253,0.4035
structured,Logistic,BlackConcentration,8,High,0,172,0.176,0.064
structured,Logistic,BlackConcentration,8,High,1,161,0.2977,0.087
structured,Logistic,BlackConcentration,8,High,2,180,0.3771,0.1056
structured,Logistic,BlackConcentration,8,High,3,172,0.4434,0.1453
structured,Logistic,BlackConcentration,8,High,4,179,0.5029,0.1453
structured,Logistic,BlackConcentration,8,High,5,183,0.5534,0.2131
structured,Logistic,BlackConcentration,8,High,6,184,0.6052,0.2228
structured,Logistic,BlackConcentration,8,High,7,186,0.6656,0.2581
structured,Logistic,BlackConcentration,8,High,8,191,0.7338,0.2565
structured,Logistic,BlackConcentration,8,High,9,175,0.8272,0.4229
structured,Logistic,SES_group,9,Low,0,314,0.1386,0.035
structured,Logistic,SES_group,9,Low,1,284,0.2445,0.0458
structured,Logistic,SES_group,9,Low,2,282,0.3154,0.0851
structured,Logistic,SES_group,9,Low,3,274,0.377,0.1095
structured,Logistic,SES_group,9,Low,4,269,0.4336,0.1264
structured,Logistic,SES_group,9,Low,5,223,0.4908,0.1121
structured,Logistic,SES_group,9,Low,6,252,0.5461,0.1468
structured,Logistic,SES_group,9,Low,7,243,0.6104,0.2428
structured,Logistic,SES_group,9,Low,8,223,0.689,0.2197
structured,Logistic,SES_group,9,Low,9,231,0.8093,0.3939
structured,Logistic,SES_group,9,High,0,118,0.1459,0.0424
structured,Logistic,SES_group,9,High,1,133,0.2485,0.0602
structured,Logistic,SES_group,9,High,2,132,0.3152,0.1364
structured,Logistic,SES_group,9,High,3,131,0.3788,0.0382
structured,Logistic,SES_group,9,High,4,124,0.4349,0.0968
structured,Logistic,SES_group,9,High,5,165,0.4894,0.1697
structured,Logistic,SES_group,9,High,6,153,0.5471,0.1699
structured,Logistic,SES_group,9,High,7,140,0.6112,0.1643
structured,Logistic,SES_group,9,High,8,171,0.6911,0.269
structured,Logistic,SES_group,9,High,9,162,0.8097,0.3395
structured,Logistic,BlackConcentration,9,Low,0,115,0.1468,0.0174
structured,Logistic,BlackConcentration,9,Low,1,86,0.2452,0.0465
structured,Logistic,BlackConcentration,9,Low,2,107,0.3144,0.1028
structured,Logistic,BlackConcentration,9,Low,3,100,0.3762,0.09
structured,Logistic,BlackConcentration,9,Low,4,108,0.4308,0.0926
structured,Logistic,BlackConcentration,9,Low,5,109,0.4878,0.1284
structured,Logistic,BlackConcentration,9,Low,6,97,0.5449,0.1856
structured,Logistic,BlackConcentration,9,Low,7,90,0.6126,0.1889
structured,Logistic,BlackConcentration,9,Low,8,105,0.6893,0.2857
structured,Logistic,BlackConcentration,9,Low,9,103,0.8068,0.2718
structured,Logistic,BlackConcentration,9,High,0,272,0.1431,0.0515
structured,Logistic,BlackConcentration,9,High,1,296,0.2459,0.0642
structured,Logistic,BlackConcentration,9,High,2,266,0.3154,0.0714
structured,Logistic,BlackConcentration,9,High,3,256,0.3766,0.0586
structured,Logistic,BlackConcentration,9,High,4,260,0.4363,0.1231
structured,Logistic,BlackConcentration,9,High,5,258,0.4901,0.1318
structured,Logistic,BlackConcentration,9,High,6,263,0.5476,0.1901
structured,Logistic,BlackConcentration,9,High,7,283,0.6112,0.2297
structured,Logistic,BlackConcentration,9,High,8,285,0.6899,0.2421
structured,Logistic,BlackConcentration,9,High,9,276,0.8108,0.3442
structured,Logistic,SES_group,10,Low,0,334,0.1585,0.0269
structured,Logistic,SES_group,10,Low,1,317,0.2524,0.0694
structured,Logistic,SES_group,10,Low,2,255,0.3155,0.0667
structured,Logistic,SES_group,10,Low,3,264,0.3674,0.0758
structured,Logistic,SES_group,10,Low,4,280,0.419,0.125
structured,Logistic,SES_group,10,Low,5,275,0.4744,0.16
structured,Logistic,SES_group,10,Low,6,251,0.5286,0.1873
structured,Logistic,SES_group,10,Low,7,269,0.5904,0.1784
structured,Logistic,SES_group,10,Low,8,237,0.661,0.2363
structured,Logistic,SES_group,10,Low,9,229,0.7715,0.3231
structured,Logistic,SES_group,10,High,0,118,0.1626,0.0424
structured,Logistic,SES_group,10,High,1,109,0.2525,0.0826
structured,Logistic,SES_group,10,High,2,148,0.3154,0.1081
structured,Logistic,SES_group,10,High,3,125,0.3692,0.072
structured,Logistic,SES_group,10,High,4,131,0.4191,0.0916
structured,Logistic,SES_group,10,High,5,132,0.4739,0.1515
structured,Logistic,SES_group,10,High,6,148,0.5285,0.1284
structured,Logistic,SES_group,10,High,7,146,0.588,0.1301
structured,Logistic,SES_group,10,High,8,147,0.6641,0.2925
structured,Logistic,SES_group,10,High,9,152,0.7735,0.375
structured,Logistic,BlackConcentration,10,Low,0,101,0.1596,0.0297
structured,Logistic,BlackConcentration,10,Low,1,102,0.2514,0.0882
structured,Logistic,BlackConcentration,10,Low,2,99,0.314,0.1111
structured,Logistic,BlackConcentration,10,Low,3,104,0.367,0.0577
structured,Logistic,BlackConcentration,10,Low,4,117,0.4191,0.1282
structured,Logistic,BlackConcentration,10,Low,5,91,0.4746,0.1429
structured,Logistic,BlackConcentration,10,Low,6,108,0.5284,0.1481
structured,Logistic,BlackConcentration,10,Low,7,94,0.5927,0.2021
structured,Logistic,BlackConcentration,10,Low,8,89,0.6604,0.2022
structured,Logistic,BlackConcentration,10,Low,9,107,0.7734,0.271
structured,Logistic,BlackConcentration,10,High,0,274,0.1581,0.0328
structured,Logistic,BlackConcentration,10,High,1,250,0.2525,0.084
structured,Logistic,BlackConcentration,10,High,2,277,0.3146,0.0903
structured,Logistic,BlackConcentration,10,High,3,260,0.3692,0.1038
structured,Logistic,BlackConcentration,10,High,4,248,0.42,0.125
structured,Logistic,BlackConcentration,10,High,5,267,0.4735,0.1685
structured,Logistic,BlackConcentration,10,High,6,272,0.5292,0.1618
structured,Logistic,BlackConcentration,10,High,7,276,0.5883,0.1594
structured,Logistic,BlackConcentration,10,High,8,289,0.6637,0.2941
structured,Logistic,BlackConcentration,10,High,9,281,0.776,0.4057
structured,Logistic,SES_group,11,Low,0,457,0.1646,0.035
structured,Logistic,SES_group,11,Low,1,379,0.2589,0.0475
structured,Logistic,SES_group,11,Low,2,381,0.3246,0.0945
structured,Logistic,SES_group,11,Low,3,388,0.3814,0.1005
structured,Logistic,SES_group,11,Low,4,354,0.4374,0.113
structured,Logistic,SES_group,11,Low,5,341,0.487,0.1173
structured,Logistic,SES_group,11,Low,6,360,0.5415,0.1833
structured,Logistic,SES_group,11,Low,7,339,0.6011,0.236
structured,Logistic,SES_group,11,Low,8,333,0.6672,0.2312
structured,Logistic,SES_group,11,Low,9,315,0.7818,0.3206
structured,Logistic,SES_group,11,High,0,139,0.1662,0.0288
structured,Logistic,SES_group,11,High,1,178,0.2618,0.0225
structured,Logistic,SES_group,11,High,2,176,0.3267,0.0682
structured,Logistic,SES_group,11,High,3,184,0.3819,0.087
structured,Logistic,SES_group,11,High,4,203,0.4344,0.1232
structured,Logistic,SES_group,11,High,5,201,0.488,0.1443
structured,Logistic,SES_group,11,High,6,200,0.5434,0.19
structured,Logistic,SES_group,11,High,7,194,0.6025,0.1701
structured,Logistic,SES_group,11,High,8,210,0.6704,0.281
structured,Logistic,SES_group,11,High,9,215,0.7818,0.3488
structured,Logistic,BlackConcentration,11,Low,0,159,0.1644,0.0126
structured,Logistic,BlackConcentration,11,Low,1,139,0.2608,0.036
structured,Logistic,BlackConcentration,11,Low,2,134,0.3239,0.0896
structured,Logistic,BlackConcentration,11,Low,3,136,0.3799,0.0956
structured,Logistic,BlackConcentration,11,Low,4,133,0.4386,0.0977
structured,Logistic,BlackConcentration,11,Low,5,150,0.4871,0.0933
structured,Logistic,BlackConcentration,11,Low,6,120,0.5418,0.1583
structured,Logistic,BlackConcentration,11,Low,7,139,0.5993,0.2374
structured,Logistic,BlackConcentration,11,Low,8,122,0.6639,0.2049
structured,Logistic,BlackConcentration,11,Low,9,146,0.7821,0.2329
structured,Logistic,BlackConcentration,11,High,0,339,0.168,0.0442
structured,Logistic,BlackConcentration,11,High,1,353,0.2614,0.0482
structured,Logistic,BlackConcentration,11,High,2,364,0.3267,0.0907
structured,Logistic,BlackConcentration,11,High,3,353,0.3816,0.0793
structured,Logistic,BlackConcentration,11,High,4,361,0.4363,0.1302
structured,Logistic,BlackConcentration,11,High,5,344,0.4874,0.1453
structured,Logistic,BlackConcentration,11,High,6,365,0.5416,0.189
structured,Logistic,BlackConcentration,11,High,7,338,0.6017,0.1982
structured,Logistic,BlackConcentration,11,High,8,377,0.6698,0.2361
structured,Logistic,BlackConcentration,11,High,9,369,0.786,0.3062
structured,Logistic,SES_group,12,Low,0,552,0.1733,0.0236
structured,Logistic,SES_group,12,Low,1,519,0.2745,0.0617
structured,Logistic,SES_group,12,Low,2,495,0.3403,0.0788
structured,Logistic,SES_group,12,Low,3,459,0.3958,0.1068
structured,Logistic,SES_group,12,Low,4,463,0.4456,0.1015
structured,Logistic,SES_group,12,Low,5,485,0.4983,0.167
structured,Logistic,SES_group,12,Low,6,426,0.5486,0.1948
structured,Logistic,SES_group,12,Low,7,441,0.6063,0.22
structured,Logistic,SES_group,12,Low,8,445,0.6746,0.2584
structured,Logistic,SES_group,12,Low,9,420,0.7803,0.3167
structured,Logistic,SES_group,12,High,0,182,0.1808,0.0549
structured,Logistic,SES_group,12,High,1,250,0.2751,0.06
structured,Logistic,SES_group,12,High,2,270,0.34,0.0519
structured,Logistic,SES_group,12,High,3,271,0.3951,0.0996
structured,Logistic,SES_group,12,High,4,265,0.4469,0.1472
structured,Logistic,SES_group,12,High,5,245,0.4973,0.1265
structured,Logistic,SES_group,12,High,6,272,0.55,0.2059
structured,Logistic,SES_group,12,High,7,309,0.6055,0.233
structured,Logistic,SES_group,12,High,8,262,0.6737,0.2863
structured,Logistic,SES_group,12,High,9,282,0.7751,0.3759
structured,Logistic,BlackConcentration,12,Low,0,205,0.1781,0.0244
structured,Logistic,BlackConcentration,12,Low,1,189,0.2722,0.0582
structured,Logistic,BlackConcentration,12,Low,2,181,0.3417,0.0773
structured,Logistic,BlackConcentration,12,Low,3,167,0.3935,0.0838
structured,Logistic,BlackConcentration,12,Low,4,173,0.4479,0.1098
structured,Logistic,BlackConcentration,12,Low,5,195,0.4986,0.159
structured,Logistic,BlackConcentration,12,Low,6,202,0.5499,0.2079
structured,Logistic,BlackConcentration,12,Low,7,152,0.6062,0.1776
structured,Logistic,BlackConcentration,12,Low,8,178,0.6726,0.2809
structured,Logistic,BlackConcentration,12,Low,9,150,0.7754,0.34
structured,Logistic,BlackConcentration,12,High,0,462,0.1757,0.0303
structured,Logistic,BlackConcentration,12,High,1,449,0.2751,0.0601
structured,Logistic,BlackConcentration,12,High,2,460,0.3398,0.0565
structured,Logistic,BlackConcentration,12,High,3,482,0.3961,0.1245
structured,Logistic,BlackConcentration,12,High,4,506,0.4455,0.1403
structured,Logistic,BlackConcentration,12,High,5,485,0.4976,0.1505
structured,Logistic,BlackConcentration,12,High,6,506,0.5491,0.1917
structured,Logistic,BlackConcentration,12,High,7,530,0.6057,0.2132
structured,Logistic,BlackConcentration,12,High,8,494,0.674,0.2895
structured,Logistic,BlackConcentration,12,High,9,524,0.7769,0.3531
structured,Logistic,SES_group,13,Low,0,672,0.1821,0.0342
structured,Logistic,SES_group,13,Low,1,638,0.2774,0.0752
structured,Logistic,SES_group,13,Low,2,580,0.3421,0.0741
structured,Logistic,SES_group,13,Low,3,587,0.3948,0.1107
structured,Logistic,SES_group,13,Low,4,561,0.4451,0.1319
structured,Logistic,SES_group,13,Low,5,527,0.4946,0.1385
structured,Logistic,SES_group,13,Low,6,529,0.5468,0.1871
structured,Logistic,SES_group,13,Low,7,581,0.6027,0.2375
structured,Logistic,SES_group,13,Low,8,507,0.6726,0.2584
structured,Logistic,SES_group,13,Low,9,504,0.7749,0.2837
structured,Logistic,SES_group,13,High,0,232,0.1849,0.0345
structured,Logistic,SES_group,13,High,1,249,0.2793,0.0442
structured,Logistic,SES_group,13,High,2,285,0.3422,0.1123
structured,Logistic,SES_group,13,High,3,291,0.3964,0.0722
structured,Logistic,SES_group,13,High,4,309,0.4458,0.1133
structured,Logistic,SES_group,13,High,5,337,0.4955,0.1513
structured,Logistic,SES_group,13,High,6,315,0.5459,0.1619
structured,Logistic,SES_group,13,High,7,299,0.6045,0.2408
structured,Logistic,SES_group,13,High,8,345,0.6715,0.2638
structured,Logistic,SES_group,13,High,9,341,0.7827,0.393
structured,Logistic,BlackConcentration,13,Low,0,234,0.187,0.0342
structured,Logistic,BlackConcentration,13,Low,1,237,0.2804,0.0717
structured,Logistic,BlackConcentration,13,Low,2,238,0.3415,0.0756
structured,Logistic,BlackConcentration,13,Low,3,234,0.3956,0.1197
structured,Logistic,BlackConcentration,13,Low,4,220,0.4451,0.0682
structured,Logistic,BlackConcentration,13,Low,5,201,0.494,0.1642
structured,Logistic,BlackConcentration,13,Low,6,201,0.5481,0.1443
structured,Logistic,BlackConcentration,13,Low,7,223,0.6026,0.2422
structured,Logistic,BlackConcentration,13,Low,8,188,0.6691,0.2447
structured,Logistic,BlackConcentration,13,Low,9,194,0.7729,0.3041
structured,Logistic,BlackConcentration,13,High,0,560,0.182,0.0357
structured,Logistic,BlackConcentration,13,High,1,500,0.2784,0.066
structured,Logistic,BlackConcentration,13,High,2,537,0.3416,0.0819
structured,Logistic,BlackConcentration,13,High,3,541,0.3951,0.0832
structured,Logistic,BlackConcentration,13,High,4,539,0.4463,0.1558
structured,Logistic,BlackConcentration,13,High,5,575,0.4946,0.1339
structured,Logistic,BlackConcentration,13,High,6,582,0.5471,0.1821
structured,Logistic,BlackConcentration,13,High,7,562,0.6038,0.226
structured,Logistic,BlackConcentration,13,High,8,627,0.6725,0.2791
structured,Logistic,BlackConcentration,13,High,9,605,0.7797,0.3603
structured,Logistic,SES_group,14,Low,0,785,0.1691,0.0217
structured,Logistic,SES_group,14,Low,1,729,0.2608,0.0604
structured,Logistic,SES_group,14,Low,2,715,0.3216,0.0895
structured,Logistic,SES_group,14,Low,3,662,0.3739,0.1148
structured,Logistic,SES_group,14,Low,4,627,0.4246,0.1164
structured,Logistic,SES_group,14,Low,5,652,0.475,0.1212
structured,Logistic,SES_group,14,Low,6,656,0.5276,0.1799
structured,Logistic,SES_group,14,Low,7,641,0.5895,0.2402
structured,Logistic,SES_group,14,Low,8,643,0.6604,0.283
structured,Logistic,SES_group,14,Low,9,597,0.7667,0.2965
structured,Logistic,SES_group,14,High,0,296,0.1731,0.0405
structured,Logistic,SES_group,14,High,1,292,0.2618,0.0582
structured,Logistic,SES_group,14,High,2,311,0.3222,0.0932
structured,Logistic,SES_group,14,High,3,320,0.3737,0.0938
structured,Logistic,SES_group,14,High,4,368,0.4231,0.0924
structured,Logistic,SES_group,14,High,5,360,0.4737,0.1278
structured,Logistic,SES_group,14,High,6,361,0.5279,0.1801
structured,Logistic,SES_group,14,High,7,329,0.5889,0.1976
structured,Logistic,SES_group,14,High,8,360,0.6629,0.2611
structured,Logistic,SES_group,14,High,9,402,0.7659,0.3657
structured,Logistic,BlackConcentration,14,Low,0,304,0.1731,0.023
structured,Logistic,BlackConcentration,14,Low,1,286,0.261,0.0979
structured,Logistic,BlackConcentration,14,Low,2,294,0.324,0.0714
structured,Logistic,BlackConcentration,14,Low,3,278,0.3739,0.1223
structured,Logistic,BlackConcentration,14,Low,4,270,0.4246,0.1259
structured,Logistic,BlackConcentration,14,Low,5,271,0.4743,0.1697
structured,Logistic,BlackConcentration,14,Low,6,254,0.5273,0.1575
structured,Logistic,BlackConcentration,14,Low,7,257,0.5905,0.214
structured,Logistic,BlackConcentration,14,Low,8,237,0.6611,0.2658
structured,Logistic,BlackConcentration,14,Low,9,233,0.7626,0.309
structured,Logistic,BlackConcentration,14,High,0,607,0.1731,0.0461
structured,Logistic,BlackConcentration,14,High,1,661,0.2607,0.0545
structured,Logistic,BlackConcentration,14,High,2,657,0.3217,0.0852
structured,Logistic,BlackConcentration,14,High,3,632,0.3745,0.1123
structured,Logistic,BlackConcentration,14,High,4,647,0.4248,0.102
structured,Logistic,BlackConcentration,14,High,5,646,0.4743,0.1223
structured,Logistic,BlackConcentration,14,High,6,673,0.5284,0.1917
structured,Logistic,BlackConcentration,14,High,7,656,0.5889,0.2378
structured,Logistic,BlackConcentration,14,High,8,661,0.6604,0.289
structured,Logistic,BlackConcentration,14,High,9,730,0.7685,0.3315
structured,RandomForest,SES_group,1,Low,0,58,0.1282,0.0517
structured,RandomForest,SES_group,1,Low,1,52,0.2148,0.0962
structured,RandomForest,SES_group,1,Low,2,51,0.2985,0.0588
structured,RandomForest,SES_group,1,Low,3,56,0.3585,0.125
structured,RandomForest,SES_group,1,Low,4,45,0.4042,0.1333
structured,RandomForest,SES_group,1,Low,5,57,0.4329,0.1404
structured,RandomForest,SES_group,1,Low,6,50,0.472,0.16
structured,RandomForest,SES_group,1,Low,7,38,0.5211,0.2105
structured,RandomForest,SES_group,1,Low,8,55,0.5808,0.2727
structured,RandomForest,SES_group,1,Low,9,53,0.6541,0.2453
structured,RandomForest,SES_group,1,High,0,20,0.1263,0.2
structured,RandomForest,SES_group,1,High,1,20,0.2261,0.05
structured,RandomForest,SES_group,1,High,2,22,0.3044,0.0455
structured,RandomForest,SES_group,1,High,3,17,0.3627,0.0588
structured,RandomForest,SES_group,1,High,4,21,0.4036,0.2381
structured,RandomForest,SES_group,1,High,5,19,0.434,0.1579
structured,RandomForest,SES_group,1,High,6,19,0.4749,0.1579
structured,RandomForest,SES_group,1,High,7,30,0.5198,0.2
structured,RandomForest,SES_group,1,High,8,25,0.5806,0.2
structured,RandomForest,SES_group,1,High,9,21,0.6551,0.2857
structured,RandomForest,BlackConcentration,1,Low,0,17,0.1202,0.0
structured,RandomForest,BlackConcentration,1,Low,1,17,0.2116,0.1176
structured,RandomForest,BlackConcentration,1,Low,2,17,0.2949,0.0588
structured,RandomForest,BlackConcentration,1,Low,3,15,0.3614,0.2
structured,RandomForest,BlackConcentration,1,Low,4,14,0.4033,0.2143
structured,RandomForest,BlackConcentration,1,Low,5,27,0.4296,0.1852
structured,RandomForest,BlackConcentration,1,Low,6,16,0.4723,0.3125
structured,RandomForest,BlackConcentration,1,Low,7,16,0.5199,0.1875
structured,RandomForest,BlackConcentration,1,Low,8,23,0.5829,0.3043
structured,RandomForest,BlackConcentration,1,Low,9,18,0.6669,0.2222
structured,RandomForest,BlackConcentration,1,High,0,49,0.1333,0.0612
structured,RandomForest,BlackConcentration,1,High,1,51,0.2117,0.0196
structured,RandomForest,BlackConcentration,1,High,2,43,0.3,0.0698
structured,RandomForest,BlackConcentration,1,High,3,45,0.3591,0.1111
structured,RandomForest,BlackConcentration,1,High,4,42,0.4045,0.2381
structured,RandomForest,BlackConcentration,1,High,5,42,0.4351,0.119
structured,RandomForest,BlackConcentration,1,High,6,46,0.474,0.2391
structured,RandomForest,BlackConcentration,1,High,7,51,0.5236,0.1569
structured,RandomForest,BlackConcentration,1,High,8,41,0.5812,0.2439
structured,RandomForest,BlackConcentration,1,High,9,50,0.6508,0.24
structured,RandomForest,SES_group,2,Low,0,57,0.1277,0.0
structured,RandomForest,SES_group,2,Low,1,51,0.1811,0.0392
structured,RandomForest,SES_group,2,Low,2,51,0.2323,0.0196
structured,RandomForest,SES_group,2,Low,3,60,0.2788,0.0667
structured,RandomForest,SES_group,2,Low,4,59,0.3468,0.0678
structured,RandomForest,SES_group,2,Low,5,61,0.4041,0.1148
structured,RandomForest,SES_group,2,Low,6,56,0.4464,0.125
structured,RandomForest,SES_group,2,Low,7,56,0.4909,0.1786
structured,RandomForest,SES_group,2,Low,8,52,0.5525,0.1346
structured,RandomForest,SES_group,2,Low,9,58,0.6333,0.1724
structured,RandomForest,SES_group,2,High,0,22,0.1162,0.1818
structured,RandomForest,SES_group,2,High,1,29,0.187,0.1034
structured,RandomForest,SES_group,2,High,2,28,0.2299,0.0357
structured,RandomForest,SES_group,2,High,3,21,0.2803,0.1429
structured,RandomForest,SES_group,2,High,4,21,0.3454,0.0476
structured,RandomForest,SES_group,2,High,5,24,0.4044,0.2083
structured,RandomForest,SES_group,2,High,6,31,0.4479,0.0968
structured,RandomForest,SES_group,2,High,7,29,0.4934,0.1724
structured,RandomForest,SES_group,2,High,8,29,0.5558,0.3103
structured,RandomForest,SES_group,2,High,9,29,0.639,0.2414
structured,RandomForest,SES_group,3,Low,0,79,0.1062,0.0127
structured,RandomForest,SES_group,3,Low,1,64,0.1705,0.0
structured,RandomForest,SES_group,3,Low,2,58,0.2192,0.0172
structured,RandomForest,SES_group,3,Low,3,64,0.2751,0.0625
structured,RandomForest,SES_group,3,Low,4,55,0.3221,0.1091
structured,RandomForest,SES_group,3,Low,5,58,0.3761,0.1379
structured,RandomForest,SES_group,3,Low,6,57,0.424,0.0877
structured,RandomForest,SES_group,3,Low,7,56,0.473,0.1607
structured,RandomForest,SES_group,3,Low,8,60,0.5314,0.2
structured,RandomForest,SES_group,3,Low,9,55,0.6029,0.3273
structured,RandomForest,SES_group,3,High,0,23,0.1043,0.087
structured,RandomForest,SES_group,3,High,1,20,0.1687,0.1
structured,RandomForest,SES_group,3,High,2,25,0.2236,0.12
structured,RandomForest,SES_group,3,High,3,28,0.2718,0.0714
structured,RandomForest,SES_group,3,High,4,31,0.3257,0.2258
structured,RandomForest,SES_group,3,High,5,28,0.3709,0.0714
structured,RandomForest,SES_group,3,High,6,38,0.4216,0.1053
structured,RandomForest,SES_group,3,High,7,31,0.4774,0.3548
structured,RandomForest,SES_group,3,High,8,28,0.5276,0.2857
structured,RandomForest,SES_group,3,High,9,40,0.6042,0.425
structured,RandomForest,SES_group,4,Low,0,87,0.148,0.0115
structured,RandomForest,SES_group,4,Low,1,70,0.2259,0.0143
structured,RandomForest,SES_group,4,Low,2,82,0.3066,0.1341
structured,RandomForest,SES_group,4,Low,3,85,0.3694,0.1294
structured,RandomForest,SES_group,4,Low,4,90,0.4249,0.0667
structured,RandomForest,SES_group,4,Low,5,73,0.4758,0.2329
structured,RandomForest,SES_group,4,Low,6,82,0.5231,0.1585
structured,RandomForest,SES_group,4,Low,7,83,0.5629,0.1807
structured,RandomForest,SES_group,4,Low,8,84,0.6106,0.2381
structured,RandomForest,SES_group,4,Low,9,78,0.6665,0.1923
structured,RandomForest,SES_group,4,High,0,42,0.1543,0.0
structured,RandomForest,SES_group,4,High,1,48,0.2308,0.0208
structured,RandomForest,SES_group,4,High,2,39,0.3097,0.0256
structured,RandomForest,SES_group,4,High,3,32,0.3737,0.0312
structured,RandomForest,SES_group,4,High,4,41,0.4249,0.122
structured,RandomForest,SES_group,4,High,5,39,0.4741,0.0769
structured,RandomForest,SES_group,4,High,6,42,0.5195,0.2143
structured,RandomForest,SES_group,4,High,7,38,0.5662,0.2895
structured,RandomForest,SES_group,4,High,8,34,0.6138,0.2059
structured,RandomForest,SES_group,4,High,9,42,0.6627,0.4286
structured,RandomForest,BlackConcentration,4,Low,0,25,0.1451,0.04
structured,RandomForest,BlackConcentration,4,Low,1,22,0.2322,0.0909
structured,RandomForest,BlackConcentration,4,Low,2,19,0.3064,0.1053
structured,RandomForest,BlackConcentration,4,Low,3,27,0.3667,0.1481
structured,RandomForest,BlackConcentration,4,Low,4,23,0.4266,0.1304
structured,RandomForest,BlackConcentration,4,Low,5,28,0.4738,0.1071
structured,RandomForest,BlackConcentration,4,Low,6,30,0.5203,0.2
structured,RandomForest,BlackConcentration,4,Low,7,22,0.5654,0.2727
structured,RandomForest,BlackConcentration,4,Low,8,29,0.6156,0.2069
structured,RandomForest,BlackConcentration,4,Low,9,24,0.664,0.25
structured,RandomForest,BlackConcentration,4,High,0,81,0.1546,0.0123
structured,RandomForest,BlackConcentration,4,High,1,88,0.2274,0.0568
structured,RandomForest,BlackConcentration,4,High,2,84,0.3082,0.1071
structured,RandomForest,BlackConcentration,4,High,3,78,0.371,0.0897
structured,RandomForest,BlackConcentration,4,High,4,87,0.426,0.1034
structured,RandomForest,BlackConcentration,4,High,5,82,0.4771,0.1463
structured,RandomForest,BlackConcentration,4,High,6,78,0.5188,0.1795
structured,RandomForest,BlackConcentration,4,High,7,85,0.5651,0.2588
structured,RandomForest,BlackConcentration,4,High,8,88,0.6111,0.2386
structured,RandomForest,BlackConcentration,4,High,9,90,0.6681,0.3
structured,RandomForest,SES_group,5,Low,0,97,0.1543,0.0103
structured,RandomForest,SES_group,5,Low,1,97,0.2256,0.0619
structured,RandomForest,SES_group,5,Low,2,88,0.2876,0.1023
structured,RandomForest,SES_group,5,Low,3,82,0.3509,0.061
structured,RandomForest,SES_group,5,Low,4,97,0.3967,0.0825
structured,RandomForest,SES_group,5,Low,5,86,0.4463,0.186
structured,RandomForest,SES_group,5,Low,6,97,0.4941,0.1443
structured,RandomForest,SES_group,5,Low,7,97,0.5441,0.1856
structured,RandomForest,SES_group,5,Low,8,85,0.6,0.2588
structured,RandomForest,SES_group,5,Low,9,84,0.6636,0.4167
structured,RandomForest,SES_group,5,High,0,29,0.1587,0.0
structured,RandomForest,SES_group,5,High,1,42,0.2231,0.0476
structured,RandomForest,SES_group,5,High,2,41,0.2888,0.0488
structured,RandomForest,SES_group,5,High,3,49,0.3463,0.1429
structured,RandomForest,SES_group,5,High,4,38,0.3975,0.1316
structured,RandomForest,SES_group,5,High,5,36,0.441,0.0833
structured,RandomForest,SES_group,5,High,6,45,0.4902,0.1778
structured,RandomForest,SES_group,5,High,7,39,0.547,0.2051
structured,RandomForest,SES_group,5,High,8,54,0.5992,0.1481
structured,RandomForest,SES_group,5,High,9,57,0.6717,0.3509
structured,RandomForest,BlackConcentration,5,Low,0,34,0.1567,0.0294
structured,RandomForest,BlackConcentration,5,Low,1,26,0.2281,0.0385
structured,RandomForest,BlackConcentration,5,Low,2,30,0.2917,0.0667
structured,RandomForest,BlackConcentration,5,Low,3,37,0.3434,0.1081
structured,RandomForest,BlackConcentration,5,Low,4,28,0.3964,0.0357
structured,RandomForest,BlackConcentration,5,Low,5,24,0.4426,0.1667
structured,RandomForest,BlackConcentration,5,Low,6,21,0.4941,0.0952
structured,RandomForest,BlackConcentration,5,Low,7,41,0.544,0.1463
structured,RandomForest,BlackConcentration,5,Low,8,24,0.6054,0.375
structured,RandomForest,BlackConcentration,5,Low,9,28,0.6728,0.4286
structured,RandomForest,BlackConcentration,5,High,0,87,0.1506,0.0
structured,RandomForest,BlackConcentration,5,High,1,94,0.2256,0.0851
structured,RandomForest,BlackConcentration,5,High,2,101,0.2887,0.0396
structured,RandomForest,BlackConcentration,5,High,3,90,0.3484,0.1
structured,RandomForest,BlackConcentration,5,High,4,88,0.3966,0.0795
structured,RandomForest,BlackConcentration,5,High,5,88,0.4451,0.1364
structured,RandomForest,BlackConcentration,5,High,6,102,0.4919,0.1667
structured,RandomForest,BlackConcentration,5,High,7,70,0.5483,0.1714
structured,RandomForest,BlackConcentration,5,High,8,96,0.6007,0.2083
structured,RandomForest,BlackConcentration,5,High,9,93,0.6644,0.4731
structured,RandomForest,SES_group,6,Low,0,105,0.1329,0.0381
structured,RandomForest,SES_group,6,Low,1,102,0.2127,0.0784
structured,RandomForest,SES_group,6,Low,2,101,0.2626,0.1089
structured,RandomForest,SES_group,6,Low,3,95,0.3096,0.1263
structured,RandomForest,SES_group,6,Low,4,85,0.3517,0.1059
structured,RandomForest,SES_group,6,Low,5,86,0.3981,0.1395
structured,RandomForest,SES_group,6,Low,6,98,0.4473,0.2347
structured,RandomForest,SES_group,6,Low,7,112,0.5106,0.2321
structured,RandomForest,SES_group,6,Low,8,97,0.5758,0.3918
structured,RandomForest,SES_group,6,Low,9,78,0.6492,0.3974
structured,RandomForest,SES_group,6,High,0,44,0.1345,0.1364
structured,RandomForest,SES_group,6,High,1,42,0.2136,0.0952
structured,RandomForest,SES_group,6,High,2,52,0.2588,0.0962
structured,RandomForest,SES_group,6,High,3,44,0.3068,0.1591
structured,RandomForest,SES_group,6,High,4,53,0.3578,0.1321
structured,RandomForest,SES_group,6,High,5,56,0.3988,0.2679
structured,RandomForest,SES_group,6,High,6,48,0.4497,0.3125
structured,RandomForest,SES_group,6,High,7,47,0.51,0.234
structured,RandomForest,SES_group,6,High,8,69,0.5749,0.3043
structured,RandomForest,SES_group,6,High,9,52,0.6581,0.25
structured,RandomForest,BlackConcentration,6,Low,0,30,0.1435,0.0333
structured,RandomForest,BlackConcentration,6,Low,1,33,0.2122,0.0606
structured,RandomForest,BlackConcentration,6,Low,2,33,0.261,0.1212
structured,RandomForest,BlackConcentration,6,Low,3,38,0.3086,0.1053
structured,RandomForest,BlackConcentration,6,Low,4,44,0.3531,0.0909
structured,RandomForest,BlackConcentration,6,Low,5,35,0.3977,0.1143
structured,RandomForest,BlackConcentration,6,Low,6,35,0.4467,0.2286
structured,RandomForest,BlackConcentration,6,Low,7,41,0.5121,0.2683
structured,RandomForest,BlackConcentration,6,Low,8,36,0.5787,0.3889
structured,RandomForest,BlackConcentration,6,Low,9,24,0.6659,0.3333
structured,RandomForest,BlackConcentration,6,High,0,108,0.1286,0.0741
structured,RandomForest,BlackConcentration,6,High,1,108,0.2127,0.0741
structured,RandomForest,BlackConcentration,6,High,2,108,0.2617,0.0833
structured,RandomForest,BlackConcentration,6,High,3,76,0.3073,0.1184
structured,RandomForest,BlackConcentration,6,High,4,99,0.3554,0.1414
structured,RandomForest,BlackConcentration,6,High,5,94,0.3997,0.2553
structured,RandomForest,BlackConcentration,6,High,6,89,0.4487,0.2584
structured,RandomForest,BlackConcentration,6,High,7,100,0.5076,0.24
structured,RandomForest,BlackConcentration,6,High,8,103,0.5742,0.301
structured,RandomForest,BlackConcentration,6,High,9,117,0.6525,0.359
structured,RandomForest,SES_group,7,Low,0,136,0.1194,0.0662
structured,RandomForest,SES_group,7,Low,1,131,0.1937,0.0687
structured,RandomForest,SES_group,7,Low,2,121,0.2393,0.0579
structured,RandomForest,SES_group,7,Low,3,132,0.2769,0.0758
structured,RandomForest,SES_group,7,Low,4,116,0.3118,0.0776
structured,RandomForest,SES_group,7,Low,5,115,0.3485,0.1565
structured,RandomForest,SES_group,7,Low,6,120,0.3869,0.1667
structured,RandomForest,SES_group,7,Low,7,103,0.4343,0.2039
structured,RandomForest,SES_group,7,Low,8,109,0.4957,0.211
structured,RandomForest,SES_group,7,Low,9,128,0.6293,0.3516
structured,RandomForest,SES_group,7,High,0,58,0.1264,0.069
structured,RandomForest,SES_group,7,High,1,68,0.1938,0.0882
structured,RandomForest,SES_group,7,High,2,64,0.2417,0.125
structured,RandomForest,SES_group,7,High,3,60,0.282,0.05
structured,RandomForest,SES_group,7,High,4,72,0.3129,0.0972
structured,RandomForest,SES_group,7,High,5,66,0.3472,0.0455
structured,RandomForest,SES_group,7,High,6,68,0.3873,0.1912
structured,RandomForest,SES_group,7,High,7,74,0.4345,0.2568
structured,RandomForest,SES_group,7,High,8,81,0.5,0.321
structured,RandomForest,SES_group,7,High,9,65,0.6252,0.3538
structured,RandomForest,BlackConcentration,7,Low,0,39,0.1235,0.1026
structured,RandomForest,BlackConcentration,7,Low,1,45,0.1956,0.0889
structured,RandomForest,BlackConcentration,7,Low,2,30,0.2381,0.0333
structured,RandomForest,BlackConcentration,7,Low,3,38,0.2772,0.0263
structured,RandomForest,BlackConcentration,7,Low,4,37,0.3146,0.0
structured,RandomForest,BlackConcentration,7,Low,5,49,0.3507,0.102
structured,RandomForest,BlackConcentration,7,Low,6,49,0.388,0.2041
structured,RandomForest,BlackConcentration,7,Low,7,42,0.4308,0.2381
structured,RandomForest,BlackConcentration,7,Low,8,47,0.4957,0.1915
structured,RandomForest,BlackConcentration,7,Low,9,52,0.6342,0.3846
structured,RandomForest,BlackConcentration,7,High,0,132,0.1266,0.0606
structured,RandomForest,BlackConcentration,7,High,1,118,0.1942,0.0593
structured,RandomForest,BlackConcentration,7,High,2,134,0.239,0.0896
structured,RandomForest,BlackConcentration,7,High,3,128,0.2786,0.1016
structured,RandomForest,BlackConcentration,7,High,4,140,0.3123,0.0929
structured,RandomForest,BlackConcentration,7,High,5,121,0.348,0.1488
structured,RandomForest,BlackConcentration,7,High,6,125,0.3867,0.176
structured,RandomForest,BlackConcentration,7,High,7,116,0.4335,0.1983
structured,RandomForest,BlackConcentration,7,High,8,131,0.4995,0.2366
structured,RandomForest,BlackConcentration,7,High,9,131,0.6201,0.3359
structured,RandomForest,SES_group,8,Low,0,188,0.1745,0.0691
structured,RandomForest,SES_group,8,Low,1,191,0.2827,0.0995
structured,RandomForest,SES_group,8,Low,2,161,0.3469,0.118
structured,RandomForest,SES_group,8,Low,3,170,0.3912,0.0765
structured,RandomForest,SES_group,8,Low,4,157,0.4305,0.1656
structured,RandomForest,SES_group,8,Low,5,158,0.4698,0.1456
structured,RandomForest,SES_group,8,Low,6,167,0.5111,0.2275
structured,RandomForest,SES_group,8,Low,7,186,0.5544,0.2043
structured,RandomForest,SES_group,8,Low,8,162,0.6052,0.3951
structured,RandomForest,SES_group,8,Low,9,175,0.6868,0.3029
structured,RandomForest,SES_group,8,High,0,87,0.1806,0.046
structured,RandomForest,SES_group,8,High,1,79,0.2831,0.0886
structured,RandomForest,SES_group,8,High,2,82,0.3466,0.0488
structured,RandomForest,SES_group,8,High,3,77,0.3912,0.1429
structured,RandomForest,SES_group,8,High,4,98,0.4291,0.2041
structured,RandomForest,SES_group,8,High,5,92,0.467,0.1522
structured,RandomForest,SES_group,8,High,6,85,0.5101,0.2
structured,RandomForest,SES_group,8,High,7,66,0.5522,0.2273
structured,RandomForest,SES_group,8,High,8,98,0.6057,0.3163
structured,RandomForest,SES_group,8,High,9,74,0.6914,0.5
structured,RandomForest,BlackConcentration,8,Low,0,61,0.1704,0.0492
structured,RandomForest,BlackConcentration,8,Low,1,68,0.2832,0.1176
structured,RandomForest,BlackConcentration,8,Low,2,48,0.3462,0.0833
structured,RandomForest,BlackConcentration,8,Low,3,59,0.3906,0.1186
structured,RandomForest,BlackConcentration,8,Low,4,60,0.4294,0.1833
structured,RandomForest,BlackConcentration,8,Low,5,35,0.4695,0.2571
structured,RandomForest,BlackConcentration,8,Low,6,52,0.5126,0.1538
structured,RandomForest,BlackConcentration,8,Low,7,59,0.5573,0.2542
structured,RandomForest,BlackConcentration,8,Low,8,57,0.6088,0.2807
structured,RandomForest,BlackConcentration,8,Low,9,56,0.692,0.4286
structured,RandomForest,BlackConcentration,8,High,0,165,0.1754,0.0606
structured,RandomForest,BlackConcentration,8,High,1,160,0.2837,0.1062
structured,RandomForest,BlackConcentration,8,High,2,184,0.3456,0.1196
structured,RandomForest,BlackConcentration,8,High,3,178,0.391,0.1292
structured,RandomForest,BlackConcentration,8,High,4,187,0.4295,0.1872
structured,RandomForest,BlackConcentration,8,High,5,186,0.4685,0.1344
structured,RandomForest,BlackConcentration,8,High,6,182,0.5103,0.2527
structured,RandomForest,BlackConcentration,8,High,7,172,0.5529,0.2326
structured,RandomForest,BlackConcentration,8,High,8,193,0.6054,0.3057
structured,RandomForest,BlackConcentration,8,High,9,176,0.6882,0.392
structured,RandomForest,SES_group,9,Low,0,300,0.1565,0.03
structured,RandomForest,SES_group,9,Low,1,288,0.2211,0.0521
structured,RandomForest,SES_group,9,Low,2,282,0.261,0.0745
structured,RandomForest,SES_group,9,Low,3,255,0.2979,0.102
structured,RandomForest,SES_group,9,Low,4,249,0.3321,0.0843
structured,RandomForest,SES_group,9,Low,5,231,0.3651,0.1515
structured,RandomForest,SES_group,9,Low,6,241,0.4016,0.195
structured,RandomForest,SES_group,9,Low,7,251,0.4415,0.2151
structured,RandomForest,SES_group,9,Low,8,249,0.4962,0.241
structured,RandomForest,SES_group,9,Low,9,249,0.5976,0.3414
structured,RandomForest,SES_group,9,High,0,119,0.1606,0.0336
structured,RandomForest,SES_group,9,High,1,133,0.2196,0.0602
structured,RandomForest,SES_group,9,High,2,136,0.2613,0.0662
structured,RandomForest,SES_group,9,High,3,140,0.2965,0.1286
structured,RandomForest,SES_group,9,High,4,143,0.3315,0.0909
structured,RandomForest,SES_group,9,High,5,153,0.3646,0.1569
structured,RandomForest,SES_group,9,High,6,156,0.3986,0.1731
structured,RandomForest,SES_group,9,High,7,153,0.4399,0.183
structured,RandomForest,SES_group,9,High,8,141,0.4966,0.305
structured,RandomForest,SES_group,9,High,9,155,0.5999,0.3355
structured,RandomForest,BlackConcentration,9,Low,0,124,0.1623,0.0081
structured,RandomForest,BlackConcentration,9,Low,1,113,0.2217,0.0265
structured,RandomForest,BlackConcentration,9,Low,2,88,0.2615,0.1023
structured,RandomForest,BlackConcentration,9,Low,3,102,0.2976,0.098
structured,RandomForest,BlackConcentration,9,Low,4,95,0.3322,0.1579
structured,RandomForest,BlackConcentration,9,Low,5,97,0.365,0.1546
structured,RandomForest,BlackConcentration,9,Low,6,103,0.4024,0.2039
structured,RandomForest,BlackConcentration,9,Low,7,104,0.4437,0.1923
structured,RandomForest,BlackConcentration,9,Low,8,93,0.4976,0.2258
structured,RandomForest,BlackConcentration,9,Low,9,101,0.6041,0.2772
structured,RandomForest,BlackConcentration,9,High,0,262,0.16,0.0305
structured,RandomForest,BlackConcentration,9,High,1,266,0.2196,0.0526
structured,RandomForest,BlackConcentration,9,High,2,275,0.2614,0.0545
structured,RandomForest,BlackConcentration,9,High,3,275,0.2977,0.1236
structured,RandomForest,BlackConcentration,9,High,4,273,0.3324,0.0916
structured,RandomForest,BlackConcentration,9,High,5,263,0.3651,0.1483
structured,RandomForest,BlackConcentration,9,High,6,270,0.4,0.1926
structured,RandomForest,BlackConcentration,9,High,7,274,0.4413,0.1898
structured,RandomForest,BlackConcentration,9,High,8,277,0.496,0.2599
structured,RandomForest,BlackConcentration,9,High,9,280,0.5976,0.3607
structured,RandomForest,SES_group,10,Low,0,313,0.1681,0.0351
structured,RandomForest,SES_group,10,Low,1,302,0.2288,0.0596
structured,RandomForest,SES_group,10,Low,2,286,0.2639,0.0909
structured,RandomForest,SES_group,10,Low,3,278,0.2999,0.0899
structured,RandomForest,SES_group,10,Low,4,253,0.3387,0.1225
structured,RandomForest,SES_group,10,Low,5,277,0.3806,0.1191
structured,RandomForest,SES_group,10,Low,6,266,0.4233,0.1805
structured,RandomForest,SES_group,10,Low,7,256,0.4695,0.1875
structured,RandomForest,SES_group,10,Low,8,239,0.5233,0.2259
structured,RandomForest,SES_group,10,Low,9,241,0.6203,0.3237
structured,RandomForest,SES_group,10,High,0,122,0.1756,0.041
structured,RandomForest,SES_group,10,High,1,121,0.2282,0.0826
structured,RandomForest,SES_group,10,High,2,131,0.2661,0.0534
structured,RandomForest,SES_group,10,High,3,125,0.3011,0.064
structured,RandomForest,SES_group,10,High,4,145,0.3387,0.131
structured,RandomForest,SES_group,10,High,5,137,0.3795,0.1168
structured,RandomForest,SES_group,10,High,6,122,0.4246,0.1393
structured,RandomForest,SES_group,10,High,7,140,0.4689,0.1929
structured,RandomForest,SES_group,10,High,8,162,0.5256,0.2778
structured,RandomForest,SES_group,10,High,9,151,0.63,0.3642
structured,RandomForest,BlackConcentration,10,Low,0,91,0.1692,0.022
structured,RandomForest,BlackConcentration,10,Low,1,112,0.2301,0.0714
structured,RandomForest,BlackConcentration,10,Low,2,90,0.2648,0.0778
structured,RandomForest,BlackConcentration,10,Low,3,106,0.3012,0.1132
structured,RandomForest,BlackConcentration,10,Low,4,92,0.3383,0.0761
structured,RandomForest,BlackConcentration,10,Low,5,98,0.3803,0.1327
structured,RandomForest,BlackConcentration,10,Low,6,109,0.4243,0.2018
structured,RandomForest,BlackConcentration,10,Low,7,102,0.4689,0.1373
structured,RandomForest,BlackConcentration,10,Low,8,108,0.5256,0.2222
structured,RandomForest,BlackConcentration,10,Low,9,104,0.6249,0.2885
structured,RandomForest,BlackConcentration,10,High,0,269,0.1718,0.026
structured,RandomForest,BlackConcentration,10,High,1,251,0.2284,0.0837
structured,RandomForest,BlackConcentration,10,High,2,264,0.266,0.0758
structured,RandomForest,BlackConcentration,10,High,3,258,0.3002,0.1008
structured,RandomForest,BlackConcentration,10,High,4,264,0.3384,0.178
structured,RandomForest,BlackConcentration,10,High,5,267,0.3797,0.1199
structured,RandomForest,BlackConcentration,10,High,6,279,0.4242,0.147
structured,RandomForest,BlackConcentration,10,High,7,282,0.4695,0.2057
structured,RandomForest,BlackConcentration,10,High,8,276,0.5224,0.3007
structured,RandomForest,BlackConcentration,10,High,9,284,0.6311,0.3873
structured,RandomForest,SES_group,11,Low,0,450,0.1797,0.0289
structured,RandomForest,SES_group,11,Low,1,390,0.2609,0.0641
structured,RandomForest,SES_group,11,Low,2,378,0.315,0.0979
structured,RandomForest,SES_group,11,Low,3,373,0.3612,0.0965
structured,RandomForest,SES_group,11,Low,4,352,0.4067,0.125
structured,RandomForest,SES_group,11,Low,5,338,0.4522,0.1183
structured,RandomForest,SES_group,11,Low,6,334,0.4971,0.1856
structured,RandomForest,SES_group,11,Low,7,349,0.5433,0.2006
structured,RandomForest,SES_group,11,Low,8,339,0.59,0.236
structured,RandomForest,SES_group,11,Low,9,344,0.6736,0.3081
structured,RandomForest,SES_group,11,High,0,145,0.1823,0.0414
structured,RandomForest,SES_group,11,High,1,151,0.2619,0.0265
structured,RandomForest,SES_group,11,High,2,192,0.3163,0.0625
structured,RandomForest,SES_group,11,High,3,201,0.3602,0.1095
structured,RandomForest,SES_group,11,High,4,186,0.4066,0.1129
structured,RandomForest,SES_group,11,High,5,218,0.4505,0.1422
structured,RandomForest,SES_group,11,High,6,213,0.4982,0.1455
structured,RandomForest,SES_group,11,High,7,183,0.5436,0.2077
structured,RandomForest,SES_group,11,High,8,206,0.5901,0.267
structured,RandomForest,SES_group,11,High,9,205,0.6699,0.3659
structured,RandomForest,BlackConcentration,11,Low,0,159,0.1789,0.0189
structured,RandomForest,BlackConcentration,11,Low,1,140,0.2593,0.05
structured,RandomForest,BlackConcentration,11,Low,2,125,0.3154,0.088
structured,RandomForest,BlackConcentration,11,Low,3,129,0.3599,0.0698
structured,RandomForest,BlackConcentration,11,Low,4,128,0.405,0.1172
structured,RandomForest,BlackConcentration,11,Low,5,140,0.4526,0.1071
structured,RandomForest,BlackConcentration,11,Low,6,140,0.4978,0.1714
structured,RandomForest,BlackConcentration,11,Low,7,136,0.544,0.1765
structured,RandomForest,BlackConcentration,11,Low,8,135,0.5888,0.163
structured,RandomForest,BlackConcentration,11,Low,9,146,0.6729,0.274
structured,RandomForest,BlackConcentration,11,High,0,329,0.1838,0.0426
structured,RandomForest,BlackConcentration,11,High,1,340,0.2617,0.0441
structured,RandomForest,BlackConcentration,11,High,2,350,0.315,0.0829
structured,RandomForest,BlackConcentration,11,High,3,353,0.3606,0.102
structured,RandomForest,BlackConcentration,11,High,4,377,0.4066,0.1194
structured,RandomForest,BlackConcentration,11,High,5,395,0.4522,0.1544
structured,RandomForest,BlackConcentration,11,High,6,358,0.4968,0.1927
structured,RandomForest,BlackConcentration,11,High,7,337,0.5445,0.2018
structured,RandomForest,BlackConcentration,11,High,8,355,0.5894,0.2197
structured,RandomForest,BlackConcentration,11,High,9,369,0.6689,0.3062
structured,RandomForest,SES_group,12,Low,0,537,0.1468,0.0261
structured,RandomForest,SES_group,12,Low,1,502,0.2307,0.0657
structured,RandomForest,SES_group,12,Low,2,473,0.2805,0.0803
structured,RandomForest,SES_group,12,Low,3,475,0.3209,0.0884
structured,RandomForest,SES_group,12,Low,4,476,0.3639,0.1366
structured,RandomForest,SES_group,12,Low,5,448,0.4074,0.1473
structured,RandomForest,SES_group,12,Low,6,441,0.4516,0.2086
structured,RandomForest,SES_group,12,Low,7,466,0.4978,0.1953
structured,RandomForest,SES_group,12,Low,8,432,0.5551,0.2477
structured,RandomForest,SES_group,12,Low,9,455,0.6605,0.3099
structured,RandomForest,SES_group,12,High,0,211,0.1542,0.0427
structured,RandomForest,SES_group,12,High,1,259,0.2318,0.0541
structured,RandomForest,SES_group,12,High,2,246,0.2798,0.0854
structured,RandomForest,SES_group,12,High,3,289,0.3207,0.0865
structured,RandomForest,SES_group,12,High,4,232,0.364,0.1164
structured,RandomForest,SES_group,12,High,5,266,0.4076,0.1692
structured,RandomForest,SES_group,12,High,6,288,0.4526,0.2431
structured,RandomForest,SES_group,12,High,7,277,0.4973,0.2058
structured,RandomForest,SES_group,12,High,8,279,0.5575,0.2903
structured,RandomForest,SES_group,12,High,9,261,0.6619,0.3678
structured,RandomForest,BlackConcentration,12,Low,0,195,0.1504,0.0205
structured,RandomForest,BlackConcentration,12,Low,1,186,0.2298,0.0376
structured,RandomForest,BlackConcentration,12,Low,2,173,0.2803,0.0636
structured,RandomForest,BlackConcentration,12,Low,3,172,0.32,0.1337
structured,RandomForest,BlackConcentration,12,Low,4,171,0.3636,0.117
structured,RandomForest,BlackConcentration,12,Low,5,183,0.4081,0.1421
structured,RandomForest,BlackConcentration,12,Low,6,183,0.4528,0.2077
structured,RandomForest,BlackConcentration,12,Low,7,179,0.4972,0.2123
structured,RandomForest,BlackConcentration,12,Low,8,187,0.5569,0.2727
structured,RandomForest,BlackConcentration,12,Low,9,163,0.6578,0.2822
structured,RandomForest,BlackConcentration,12,High,0,445,0.1495,0.0225
structured,RandomForest,BlackConcentration,12,High,1,453,0.23,0.0728
structured,RandomForest,BlackConcentration,12,High,2,501,0.2798,0.0838
structured,RandomForest,BlackConcentration,12,High,3,490,0.3209,0.1082
structured,RandomForest,BlackConcentration,12,High,4,476,0.3633,0.1345
structured,RandomForest,BlackConcentration,12,High,5,510,0.4071,0.1588
structured,RandomForest,BlackConcentration,12,High,6,504,0.4521,0.1925
structured,RandomForest,BlackConcentration,12,High,7,523,0.4988,0.2027
structured,RandomForest,BlackConcentration,12,High,8,503,0.5577,0.3022
structured,RandomForest,BlackConcentration,12,High,9,493,0.6598,0.3469
structured,RandomForest,SES_group,13,Low,0,643,0.1438,0.0295
structured,RandomForest,SES_group,13,Low,1,617,0.2271,0.0827
structured,RandomForest,SES_group,13,Low,2,597,0.2738,0.0804
structured,RandomForest,SES_group,13,Low,3,568,0.3172,0.1021
structured,RandomForest,SES_group,13,Low,4,559,0.36,0.1181
structured,RandomForest,SES_group,13,Low,5,542,0.4032,0.1624
structured,RandomForest,SES_group,13,Low,6,565,0.4509,0.1965
structured,RandomForest,SES_group,13,Low,7,526,0.4985,0.2034
structured,RandomForest,SES_group,13,Low,8,553,0.5557,0.2514
structured,RandomForest,SES_group,13,Low,9,516,0.6537,0.2907
structured,RandomForest,SES_group,13,High,0,236,0.1464,0.0254
structured,RandomForest,SES_group,13,High,1,258,0.2268,0.0698
structured,RandomForest,SES_group,13,High,2,287,0.2747,0.0836
structured,RandomForest,SES_group,13,High,3,317,0.3196,0.0946
structured,RandomForest,SES_group,13,High,4,322,0.3598,0.1553
structured,RandomForest,SES_group,13,High,5,296,0.4025,0.1554
structured,RandomForest,SES_group,13,High,6,307,0.4505,0.1498
structured,RandomForest,SES_group,13,High,7,320,0.499,0.2188
structured,RandomForest,SES_group,13,High,8,323,0.5567,0.2786
structured,RandomForest,SES_group,13,High,9,337,0.6592,0.3739
structured,RandomForest,BlackConcentration,13,Low,0,227,0.146,0.0308
structured,RandomForest,BlackConcentration,13,Low,1,213,0.2272,0.0798
structured,RandomForest,BlackConcentration,13,Low,2,220,0.2738,0.0864
structured,RandomForest,BlackConcentration,13,Low,3,238,0.3186,0.0756
structured,RandomForest,BlackConcentration,13,Low,4,216,0.3597,0.0926
structured,RandomForest,BlackConcentration,13,Low,5,212,0.4036,0.1698
structured,RandomForest,BlackConcentration,13,Low,6,194,0.4493,0.201
structured,RandomForest,BlackConcentration,13,Low,7,217,0.4989,0.1659
structured,RandomForest,BlackConcentration,13,Low,8,225,0.5538,0.2356
structured,RandomForest,BlackConcentration,13,Low,9,208,0.654,0.2981
structured,RandomForest,BlackConcentration,13,High,0,547,0.1418,0.0384
structured,RandomForest,BlackConcentration,13,High,1,523,0.2269,0.0535
structured,RandomForest,BlackConcentration,13,High,2,543,0.275,0.0755
structured,RandomForest,BlackConcentration,13,High,3,531,0.3173,0.1299
structured,RandomForest,BlackConcentration,13,High,4,554,0.3591,0.139
structured,RandomForest,BlackConcentration,13,High,5,571,0.4032,0.1629
structured,RandomForest,BlackConcentration,13,High,6,592,0.4503,0.1453
structured,RandomForest,BlackConcentration,13,High,7,605,0.4993,0.2017
structured,RandomForest,BlackConcentration,13,High,8,586,0.5574,0.3157
structured,RandomForest,BlackConcentration,13,High,9,576,0.6551,0.3594
structured,RandomForest,SES_group,14,Low,0,797,0.1359,0.0251
structured,RandomForest,SES_group,14,Low,1,695,0.2126,0.059
structured,RandomForest,SES_group,14,Low,2,680,0.2577,0.0676
structured,RandomForest,SES_group,14,Low,3,675,0.2998,0.1274
structured,RandomForest,SES_group,14,Low,4,676,0.3427,0.1169
structured,RandomForest,SES_group,14,Low,5,653,0.3853,0.1271
structured,RandomForest,SES_group,14,Low,6,640,0.4312,0.1703
structured,RandomForest,SES_group,14,Low,7,608,0.481,0.2418
structured,RandomForest,SES_group,14,Low,8,660,0.5437,0.2682
structured,RandomForest,SES_group,14,Low,9,623,0.6395,0.3146
structured,RandomForest,SES_group,14,High,0,303,0.1399,0.0462
structured,RandomForest,SES_group,14,High,1,303,0.2113,0.0528
structured,RandomForest,SES_group,14,High,2,311,0.2578,0.0804
structured,RandomForest,SES_group,14,High,3,331,0.3002,0.0906
structured,RandomForest,SES_group,14,High,4,325,0.3415,0.1169
structured,RandomForest,SES_group,14,High,5,369,0.3866,0.1301
structured,RandomForest,SES_group,14,High,6,361,0.4295,0.1745
structured,RandomForest,SES_group,14,High,7,372,0.4828,0.1909
structured,RandomForest,SES_group,14,High,8,346,0.5442,0.263
structured,RandomForest,SES_group,14,High,9,378,0.6413,0.3783
structured,RandomForest,BlackConcentration,14,Low,0,281,0.1374,0.0285
structured,RandomForest,BlackConcentration,14,Low,1,278,0.2126,0.0576
structured,RandomForest,BlackConcentration,14,Low,2,279,0.2578,0.086
structured,RandomForest,BlackConcentration,14,Low,3,284,0.2997,0.1479
structured,RandomForest,BlackConcentration,14,Low,4,265,0.3414,0.1208
structured,RandomForest,BlackConcentration,14,Low,5,268,0.3853,0.1343
structured,RandomForest,BlackConcentration,14,Low,6,274,0.4297,0.1788
structured,RandomForest,BlackConcentration,14,Low,7,250,0.4815,0.204
structured,RandomForest,BlackConcentration,14,Low,8,254,0.5437,0.2126
structured,RandomForest,BlackConcentration,14,Low,9,251,0.6401,0.3506
structured,RandomForest,BlackConcentration,14,High,0,609,0.1374,0.0394
structured,RandomForest,BlackConcentration,14,High,1,676,0.2121,0.0577
structured,RandomForest,BlackConcentration,14,High,2,641,0.2576,0.0796
structured,RandomForest,BlackConcentration,14,High,3,653,0.2995,0.1149
structured,RandomForest,BlackConcentration,14,High,4,643,0.3423,0.1011
structured,RandomForest,BlackConcentration,14,High,5,668,0.3855,0.1512
structured,RandomForest,BlackConcentration,14,High,6,660,0.4303,0.1788
structured,RandomForest,BlackConcentration,14,High,7,662,0.4817,0.2175
structured,RandomForest,BlackConcentration,14,High,8,660,0.5431,0.2803
structured,RandomForest,BlackConcentration,14,High,9,698,0.6414,0.361
structured,XGBoost,SES_group,1,Low,0,55,0.0908,0.0545
structured,XGBoost,SES_group,1,Low,1,59,0.1847,0.0678
structured,XGBoost,SES_group,1,Low,2,62,0.2679,0.0968
structured,XGBoost,SES_group,1,Low,3,52,0.3362,0.0962
structured,XGBoost,SES_group,1,Low,4,49,0.3954,0.102
structured,XGBoost,SES_group,1,Low,5,44,0.458,0.2045
structured,XGBoost,SES_group,1,Low,6,35,0.5165,0.0286
structured,XGBoost,SES_group,1,Low,7,50,0.5688,0.26
structured,XGBoost,SES_group,1,Low,8,56,0.6359,0.3036
structured,XGBoost,SES_group,1,Low,9,53,0.7443,0.2453
structured,XGBoost,SES_group,1,High,0,19,0.0943,0.0526
structured,XGBoost,SES_group,1,High,1,18,0.1795,0.2222
structured,XGBoost,SES_group,1,High,2,18,0.2793,0.0
structured,XGBoost,SES_group,1,High,3,26,0.3355,0.0385
structured,XGBoost,SES_group,1,High,4,19,0.4011,0.1053
structured,XGBoost,SES_group,1,High,5,16,0.4501,0.1875
structured,XGBoost,SES_group,1,High,6,32,0.5052,0.1875
structured,XGBoost,SES_group,1,High,7,20,0.574,0.15
structured,XGBoost,SES_group,1,High,8,16,0.6378,0.4375
structured,XGBoost,SES_group,1,High,9,30,0.7482,0.2667
structured,XGBoost,BlackConcentration,1,Low,0,17,0.0868,0.0
structured,XGBoost,BlackConcentration,1,Low,1,17,0.1849,0.0588
structured,XGBoost,BlackConcentration,1,Low,2,16,0.2556,0.1875
structured,XGBoost,BlackConcentration,1,Low,3,12,0.3367,0.0833
structured,XGBoost,BlackConcentration,1,Low,4,24,0.4007,0.125
structured,XGBoost,BlackConcentration,1,Low,5,14,0.4628,0.3571
structured,XGBoost,BlackConcentration,1,Low,6,13,0.5143,0.0769
structured,XGBoost,BlackConcentration,1,Low,7,16,0.5701,0.3125
structured,XGBoost,BlackConcentration,1,Low,8,27,0.6297,0.3333
structured,XGBoost,BlackConcentration,1,Low,9,24,0.7382,0.2083
structured,XGBoost,BlackConcentration,1,High,0,50,0.0878,0.02
structured,XGBoost,BlackConcentration,1,High,1,44,0.1802,0.0455
structured,XGBoost,BlackConcentration,1,High,2,48,0.2737,0.0625
structured,XGBoost,BlackConcentration,1,High,3,54,0.3353,0.1481
structured,XGBoost,BlackConcentration,1,High,4,39,0.3957,0.1282
structured,XGBoost,BlackConcentration,1,High,5,40,0.4536,0.125
structured,XGBoost,BlackConcentration,1,High,6,56,0.5107,0.1964
structured,XGBoost,BlackConcentration,1,High,7,48,0.5708,0.2292
structured,XGBoost,BlackConcentration,1,High,8,36,0.6396,0.3056
structured,XGBoost,BlackConcentration,1,High,9,45,0.7578,0.2444
structured,XGBoost,SES_group,2,Low,0,54,0.0562,0.0
structured,XGBoost,SES_group,2,Low,1,52,0.1295,0.0192
structured,XGBoost,SES_group,2,Low,2,61,0.1894,0.0
structured,XGBoost,SES_group,2,Low,3,62,0.2572,0.0645
structured,XGBoost,SES_group,2,Low,4,61,0.3273,0.0984
structured,XGBoost,SES_group,2,Low,5,66,0.408,0.1061
structured,XGBoost,SES_group,2,Low,6,55,0.4802,0.1636
structured,XGBoost,SES_group,2,Low,7,48,0.5528,0.125
structured,XGBoost,SES_group,2,Low,8,52,0.6172,0.1731
structured,XGBoost,SES_group,2,Low,9,50,0.7273,0.2
structured,XGBoost,SES_group,2,High,0,26,0.0531,0.1154
structured,XGBoost,SES_group,2,High,1,29,0.124,0.1034
structured,XGBoost,SES_group,2,High,2,19,0.1948,0.1053
structured,XGBoost,SES_group,2,High,3,25,0.2522,0.12
structured,XGBoost,SES_group,2,High,4,22,0.3387,0.1818
structured,XGBoost,SES_group,2,High,5,21,0.4059,0.0476
structured,XGBoost,SES_group,2,High,6,22,0.4789,0.1818
structured,XGBoost,SES_group,2,High,7,39,0.5509,0.1795
structured,XGBoost,SES_group,2,High,8,27,0.6209,0.1852
structured,XGBoost,SES_group,2,High,9,33,0.7389,0.2727
structured,XGBoost,SES_group,3,Low,0,73,0.11,0.0137
structured,XGBoost,SES_group,3,Low,1,66,0.1897,0.0
structured,XGBoost,SES_group,3,Low,2,72,0.2635,0.0
structured,XGBoost,SES_group,3,Low,3,56,0.3297,0.1071
structured,XGBoost,SES_group,3,Low,4,64,0.3988,0.0938
structured,XGBoost,SES_group,3,Low,5,56,0.4726,0.1607
structured,XGBoost,SES_group,3,Low,6,62,0.5321,0.0968
structured,XGBoost,SES_group,3,Low,7,55,0.5862,0.1636
structured,XGBoost,SES_group,3,Low,8,48,0.6502,0.1667
structured,XGBoost,SES_group,3,Low,9,54,0.7481,0.3519
structured,XGBoost,SES_group,3,High,0,26,0.1133,0.1154
structured,XGBoost,SES_group,3,High,1,20,0.188,0.15
structured,XGBoost,SES_group,3,High,2,26,0.263,0.0769
structured,XGBoost,SES_group,3,High,3,25,0.3263,0.08
structured,XGBoost,SES_group,3,High,4,22,0.3917,0.2273
structured,XGBoost,SES_group,3,High,5,33,0.4628,0.1212
structured,XGBoost,SES_group,3,High,6,26,0.5373,0.1154
structured,XGBoost,SES_group,3,High,7,37,0.5866,0.2703
structured,XGBoost,SES_group,3,High,8,43,0.6496,0.3488
structured,XGBoost,SES_group,3,High,9,34,0.752,0.3235
structured,XGBoost,SES_group,4,Low,0,93,0.0996,0.0108
structured,XGBoost,SES_group,4,Low,1,73,0.1907,0.0411
structured,XGBoost,SES_group,4,Low,2,84,0.2784,0.0952
structured,XGBoost,SES_group,4,Low,3,84,0.3461,0.119
structured,XGBoost,SES_group,4,Low,4,85,0.4127,0.1529
structured,XGBoost,SES_group,4,Low,5,88,0.4763,0.1818
structured,XGBoost,SES_group,4,Low,6,73,0.5314,0.2192
structured,XGBoost,SES_group,4,Low,7,89,0.5931,0.1573
structured,XGBoost,SES_group,4,Low,8,74,0.658,0.2027
structured,XGBoost,SES_group,4,Low,9,71,0.7445,0.1972
structured,XGBoost,SES_group,4,High,0,38,0.1083,0.0
structured,XGBoost,SES_group,4,High,1,42,0.1881,0.0238
structured,XGBoost,SES_group,4,High,2,37,0.2761,0.0541
structured,XGBoost,SES_group,4,High,3,42,0.3464,0.0238
structured,XGBoost,SES_group,4,High,4,39,0.4089,0.1282
structured,XGBoost,SES_group,4,High,5,34,0.4795,0.0588
structured,XGBoost,SES_group,4,High,6,48,0.5318,0.1667
structured,XGBoost,SES_group,4,High,7,31,0.589,0.2903
structured,XGBoost,SES_group,4,High,8,40,0.6556,0.2
structured,XGBoost,SES_group,4,High,9,46,0.7449,0.4348
structured,XGBoost,BlackConcentration,4,Low,0,24,0.0935,0.0
structured,XGBoost,BlackConcentration,4,Low,1,24,0.1959,0.125
structured,XGBoost,BlackConcentration,4,Low,2,17,0.2819,0.0
structured,XGBoost,BlackConcentration,4,Low,3,23,0.3501,0.1304
structured,XGBoost,BlackConcentration,4,Low,4,24,0.4133,0.25
structured,XGBoost,BlackConcentration,4,Low,5,31,0.4785,0.1613
structured,XGBoost,BlackConcentration,4,Low,6,29,0.5287,0.2069
structured,XGBoost,BlackConcentration,4,Low,7,27,0.5905,0.1481
structured,XGBoost,BlackConcentration,4,Low,8,21,0.6631,0.2381
structured,XGBoost,BlackConcentration,4,Low,9,29,0.745,0.2414
structured,XGBoost,BlackConcentration,4,High,0,79,0.1015,0.0253
structured,XGBoost,BlackConcentration,4,High,1,92,0.1924,0.087
structured,XGBoost,BlackConcentration,4,High,2,85,0.2763,0.0706
structured,XGBoost,BlackConcentration,4,High,3,84,0.3454,0.0714
structured,XGBoost,BlackConcentration,4,High,4,83,0.4095,0.1205
structured,XGBoost,BlackConcentration,4,High,5,72,0.4767,0.1806
structured,XGBoost,BlackConcentration,4,High,6,90,0.5327,0.1778
structured,XGBoost,BlackConcentration,4,High,7,83,0.5938,0.2048
structured,XGBoost,BlackConcentration,4,High,8,82,0.6557,0.1829
structured,XGBoost,BlackConcentration,4,High,9,91,0.7477,0.3736
structured,XGBoost,SES_group,5,Low,0,99,0.1013,0.0404
structured,XGBoost,SES_group,5,Low,1,101,0.1951,0.0297
structured,XGBoost,SES_group,5,Low,2,85,0.2763,0.1294
structured,XGBoost,SES_group,5,Low,3,84,0.3409,0.0714
structured,XGBoost,SES_group,5,Low,4,105,0.3977,0.1048
structured,XGBoost,SES_group,5,Low,5,85,0.4566,0.1176
structured,XGBoost,SES_group,5,Low,6,84,0.5176,0.1548
structured,XGBoost,SES_group,5,Low,7,102,0.5796,0.2059
structured,XGBoost,SES_group,5,Low,8,95,0.6496,0.2947
structured,XGBoost,SES_group,5,Low,9,70,0.7354,0.3857
structured,XGBoost,SES_group,5,High,0,30,0.1045,0.0
structured,XGBoost,SES_group,5,High,1,32,0.1959,0.0312
structured,XGBoost,SES_group,5,High,2,43,0.2796,0.093
structured,XGBoost,SES_group,5,High,3,50,0.3444,0.08
structured,XGBoost,SES_group,5,High,4,41,0.3974,0.0732
structured,XGBoost,SES_group,5,High,5,42,0.4601,0.2143
structured,XGBoost,SES_group,5,High,6,36,0.5169,0.1667
structured,XGBoost,SES_group,5,High,7,42,0.5755,0.119
structured,XGBoost,SES_group,5,High,8,46,0.6528,0.1739
structured,XGBoost,SES_group,5,High,9,68,0.7396,0.3382
structured,XGBoost,BlackConcentration,5,Low,0,30,0.1034,0.0333
structured,XGBoost,BlackConcentration,5,Low,1,26,0.1908,0.0
structured,XGBoost,BlackConcentration,5,Low,2,31,0.2738,0.1935
structured,XGBoost,BlackConcentration,5,Low,3,37,0.3371,0.0
structured,XGBoost,BlackConcentration,5,Low,4,29,0.3963,0.1034
structured,XGBoost,BlackConcentration,5,Low,5,24,0.4549,0.0833
structured,XGBoost,BlackConcentration,5,Low,6,30,0.5209,0.1333
structured,XGBoost,BlackConcentration,5,Low,7,29,0.5868,0.2069
structured,XGBoost,BlackConcentration,5,Low,8,31,0.6527,0.2258
structured,XGBoost,BlackConcentration,5,Low,9,26,0.7424,0.5
structured,XGBoost,BlackConcentration,5,High,0,93,0.0993,0.0
structured,XGBoost,BlackConcentration,5,High,1,91,0.1989,0.0549
structured,XGBoost,BlackConcentration,5,High,2,99,0.2811,0.0505
structured,XGBoost,BlackConcentration,5,High,3,95,0.3434,0.1158
structured,XGBoost,BlackConcentration,5,High,4,84,0.3969,0.0357
structured,XGBoost,BlackConcentration,5,High,5,97,0.4579,0.1959
structured,XGBoost,BlackConcentration,5,High,6,73,0.5162,0.1644
structured,XGBoost,BlackConcentration,5,High,7,99,0.5771,0.1616
structured,XGBoost,BlackConcentration,5,High,8,75,0.645,0.24
structured,XGBoost,BlackConcentration,5,High,9,103,0.7332,0.4272
structured,XGBoost,SES_group,6,Low,0,114,0.181,0.0351
structured,XGBoost,SES_group,6,Low,1,95,0.2966,0.0737
structured,XGBoost,SES_group,6,Low,2,97,0.3676,0.1237
structured,XGBoost,SES_group,6,Low,3,101,0.4231,0.1089
structured,XGBoost,SES_group,6,Low,4,91,0.4773,0.1319
structured,XGBoost,SES_group,6,Low,5,89,0.5296,0.1348
structured,XGBoost,SES_group,6,Low,6,102,0.5832,0.2941
structured,XGBoost,SES_group,6,Low,7,98,0.6352,0.2347
structured,XGBoost,SES_group,6,Low,8,92,0.6948,0.2826
structured,XGBoost,SES_group,6,Low,9,80,0.7666,0.4625
structured,XGBoost,SES_group,6,High,0,32,0.1622,0.0312
structured,XGBoost,SES_group,6,High,1,58,0.2972,0.1379
structured,XGBoost,SES_group,6,High,2,44,0.3668,0.1591
structured,XGBoost,SES_group,6,High,3,56,0.4227,0.1071
structured,XGBoost,SES_group,6,High,4,47,0.4784,0.1277
structured,XGBoost,SES_group,6,High,5,48,0.5268,0.3542
structured,XGBoost,SES_group,6,High,6,45,0.5803,0.2444
structured,XGBoost,SES_group,6,High,7,58,0.6355,0.2414
structured,XGBoost,SES_group,6,High,8,63,0.6957,0.3175
structured,XGBoost,SES_group,6,High,9,56,0.7706,0.25
structured,XGBoost,BlackConcentration,6,Low,0,28,0.1869,0.0
structured,XGBoost,BlackConcentration,6,Low,1,32,0.2953,0.0625
structured,XGBoost,BlackConcentration,6,Low,2,40,0.3666,0.125
structured,XGBoost,BlackConcentration,6,Low,3,34,0.4272,0.0588
structured,XGBoost,BlackConcentration,6,Low,4,45,0.4797,0.2
structured,XGBoost,BlackConcentration,6,Low,5,41,0.53,0.1707
structured,XGBoost,BlackConcentration,6,Low,6,35,0.5807,0.2
structured,XGBoost,BlackConcentration,6,Low,7,31,0.6365,0.3226
structured,XGBoost,BlackConcentration,6,Low,8,34,0.6891,0.2647
structured,XGBoost,BlackConcentration,6,Low,9,29,0.7737,0.3103
structured,XGBoost,BlackConcentration,6,High,0,113,0.1771,0.0265
structured,XGBoost,BlackConcentration,6,High,1,119,0.2976,0.0924
structured,XGBoost,BlackConcentration,6,High,2,90,0.3677,0.0889
structured,XGBoost,BlackConcentration,6,High,3,100,0.4214,0.14
structured,XGBoost,BlackConcentration,6,High,4,78,0.4759,0.1538
structured,XGBoost,BlackConcentration,6,High,5,98,0.5274,0.1939
structured,XGBoost,BlackConcentration,6,High,6,90,0.5814,0.3333
structured,XGBoost,BlackConcentration,6,High,7,104,0.6359,0.2596
structured,XGBoost,BlackConcentration,6,High,8,98,0.6976,0.2959
structured,XGBoost,BlackConcentration,6,High,9,112,0.7664,0.3482
structured,XGBoost,SES_group,7,Low,0,149,0.157,0.0537
structured,XGBoost,SES_group,7,Low,1,130,0.2635,0.0538
structured,XGBoost,SES_group,7,Low,2,143,0.322,0.0769
structured,XGBoost,SES_group,7,Low,3,126,0.3713,0.1349
structured,XGBoost,SES_group,7,Low,4,103,0.4121,0.0388
structured,XGBoost,SES_group,7,Low,5,113,0.4584,0.1504
structured,XGBoost,SES_group,7,Low,6,114,0.5094,0.1667
structured,XGBoost,SES_group,7,Low,7,105,0.5644,0.1714
structured,XGBoost,SES_group,7,Low,8,111,0.6338,0.2432
structured,XGBoost,SES_group,7,Low,9,117,0.7502,0.3675
structured,XGBoost,SES_group,7,High,0,56,0.1547,0.0714
structured,XGBoost,SES_group,7,High,1,63,0.2644,0.0794
structured,XGBoost,SES_group,7,High,2,57,0.3222,0.0175
structured,XGBoost,SES_group,7,High,3,61,0.3681,0.0656
structured,XGBoost,SES_group,7,High,4,66,0.4105,0.1364
structured,XGBoost,SES_group,7,High,5,82,0.4591,0.0976
structured,XGBoost,SES_group,7,High,6,67,0.5074,0.209
structured,XGBoost,SES_group,7,High,7,80,0.5646,0.1875
structured,XGBoost,SES_group,7,High,8,70,0.635,0.3571
structured,XGBoost,SES_group,7,High,9,74,0.7498,0.3649
structured,XGBoost,BlackConcentration,7,Low,0,39,0.166,0.0513
structured,XGBoost,BlackConcentration,7,Low,1,45,0.2626,0.0889
structured,XGBoost,BlackConcentration,7,Low,2,35,0.3238,0.0286
structured,XGBoost,BlackConcentration,7,Low,3,34,0.3667,0.1176
structured,XGBoost,BlackConcentration,7,Low,4,36,0.4133,0.0
structured,XGBoost,BlackConcentration,7,Low,5,53,0.458,0.1509
structured,XGBoost,BlackConcentration,7,Low,6,39,0.5082,0.1282
structured,XGBoost,BlackConcentration,7,Low,7,51,0.5615,0.1569
structured,XGBoost,BlackConcentration,7,Low,8,44,0.6378,0.2955
structured,XGBoost,BlackConcentration,7,Low,9,52,0.7454,0.3654
structured,XGBoost,BlackConcentration,7,High,0,128,0.1545,0.0547
structured,XGBoost,BlackConcentration,7,High,1,125,0.2624,0.064
structured,XGBoost,BlackConcentration,7,High,2,134,0.3226,0.0522
structured,XGBoost,BlackConcentration,7,High,3,125,0.3695,0.12
structured,XGBoost,BlackConcentration,7,High,4,141,0.4118,0.0851
structured,XGBoost,BlackConcentration,7,High,5,125,0.4582,0.136
structured,XGBoost,BlackConcentration,7,High,6,125,0.5087,0.184
structured,XGBoost,BlackConcentration,7,High,7,116,0.5649,0.1897
structured,XGBoost,BlackConcentration,7,High,8,127,0.6353,0.2913
structured,XGBoost,BlackConcentration,7,High,9,130,0.7477,0.3308
structured,XGBoost,SES_group,8,Low,0,194,0.1381,0.0464
structured,XGBoost,SES_group,8,Low,1,189,0.2726,0.0952
structured,XGBoost,SES_group,8,Low,2,174,0.351,0.0977
structured,XGBoost,SES_group,8,Low,3,167,0.4123,0.1557
structured,XGBoost,SES_group,8,Low,4,164,0.4692,0.0793
structured,XGBoost,SES_group,8,Low,5,162,0.5198,0.1852
structured,XGBoost,SES_group,8,Low,6,167,0.5689,0.2455
structured,XGBoost,SES_group,8,Low,7,163,0.6204,0.2761
structured,XGBoost,SES_group,8,Low,8,182,0.6846,0.3352
structured,XGBoost,SES_group,8,Low,9,153,0.7854,0.3007
structured,XGBoost,SES_group,8,High,0,84,0.1367,0.0238
structured,XGBoost,SES_group,8,High,1,73,0.2741,0.0685
structured,XGBoost,SES_group,8,High,2,83,0.3499,0.0602
structured,XGBoost,SES_group,8,High,3,89,0.4144,0.1348
structured,XGBoost,SES_group,8,High,4,86,0.4672,0.186
structured,XGBoost,SES_group,8,High,5,80,0.5215,0.225
structured,XGBoost,SES_group,8,High,6,91,0.5678,0.2198
structured,XGBoost,SES_group,8,High,7,80,0.6212,0.225
structured,XGBoost,SES_group,8,High,8,86,0.6873,0.2558
structured,XGBoost,SES_group,8,High,9,86,0.7864,0.4884
structured,XGBoost,BlackConcentration,8,Low,0,61,0.1358,0.0328
structured,XGBoost,BlackConcentration,8,Low,1,57,0.2708,0.0877
structured,XGBoost,BlackConcentration,8,Low,2,50,0.3523,0.14
structured,XGBoost,BlackConcentration,8,Low,3,57,0.4169,0.1754
structured,XGBoost,BlackConcentration,8,Low,4,67,0.4687,0.1194
structured,XGBoost,BlackConcentration,8,Low,5,40,0.5193,0.225
structured,XGBoost,BlackConcentration,8,Low,6,53,0.5726,0.2453
structured,XGBoost,BlackConcentration,8,Low,7,55,0.6208,0.2
structured,XGBoost,BlackConcentration,8,Low,8,63,0.6865,0.2698
structured,XGBoost,BlackConcentration,8,Low,9,52,0.7904,0.4423
structured,XGBoost,BlackConcentration,8,High,0,170,0.1349,0.0471
structured,XGBoost,BlackConcentration,8,High,1,166,0.2722,0.0904
structured,XGBoost,BlackConcentration,8,High,2,186,0.3481,0.086
structured,XGBoost,BlackConcentration,8,High,3,173,0.4148,0.1734
structured,XGBoost,BlackConcentration,8,High,4,178,0.4688,0.1517
structured,XGBoost,BlackConcentration,8,High,5,180,0.5197,0.2
structured,XGBoost,BlackConcentration,8,High,6,193,0.5687,0.2073
structured,XGBoost,BlackConcentration,8,High,7,176,0.6203,0.2898
structured,XGBoost,BlackConcentration,8,High,8,169,0.6851,0.2899
structured,XGBoost,BlackConcentration,8,High,9,192,0.7829,0.3854
structured,XGBoost,SES_group,9,Low,0,309,0.1522,0.0259
structured,XGBoost,SES_group,9,Low,1,283,0.265,0.0424
structured,XGBoost,SES_group,9,Low,2,297,0.3306,0.0774
structured,XGBoost,SES_group,9,Low,3,269,0.3847,0.0818
structured,XGBoost,SES_group,9,Low,4,232,0.4366,0.1336
structured,XGBoost,SES_group,9,Low,5,240,0.4857,0.1625
structured,XGBoost,SES_group,9,Low,6,231,0.5341,0.1602
structured,XGBoost,SES_group,9,Low,7,257,0.5856,0.214
structured,XGBoost,SES_group,9,Low,8,259,0.6519,0.2703
structured,XGBoost,SES_group,9,Low,9,218,0.7512,0.3486
structured,XGBoost,SES_group,9,High,0,118,0.1511,0.0424
structured,XGBoost,SES_group,9,High,1,129,0.2614,0.0465
structured,XGBoost,SES_group,9,High,2,129,0.3292,0.0698
structured,XGBoost,SES_group,9,High,3,138,0.386,0.0942
structured,XGBoost,SES_group,9,High,4,147,0.44,0.0952
structured,XGBoost,SES_group,9,High,5,164,0.4868,0.1707
structured,XGBoost,SES_group,9,High,6,150,0.5371,0.1733
structured,XGBoost,SES_group,9,High,7,140,0.5887,0.1857
structured,XGBoost,SES_group,9,High,8,153,0.6494,0.2549
structured,XGBoost,SES_group,9,High,9,161,0.7518,0.3727
structured,XGBoost,BlackConcentration,9,Low,0,111,0.1569,0.0
structured,XGBoost,BlackConcentration,9,Low,1,108,0.2686,0.037
structured,XGBoost,BlackConcentration,9,Low,2,99,0.3292,0.0707
structured,XGBoost,BlackConcentration,9,Low,3,89,0.387,0.1011
structured,XGBoost,BlackConcentration,9,Low,4,104,0.4383,0.1154
structured,XGBoost,BlackConcentration,9,Low,5,110,0.4853,0.1727
structured,XGBoost,BlackConcentration,9,Low,6,88,0.535,0.1705
structured,XGBoost,BlackConcentration,9,Low,7,107,0.5849,0.2243
structured,XGBoost,BlackConcentration,9,Low,8,105,0.6528,0.2381
structured,XGBoost,BlackConcentration,9,Low,9,99,0.7562,0.2828
structured,XGBoost,BlackConcentration,9,High,0,262,0.1526,0.0344
structured,XGBoost,BlackConcentration,9,High,1,274,0.2615,0.0584
structured,XGBoost,BlackConcentration,9,High,2,285,0.3296,0.0842
structured,XGBoost,BlackConcentration,9,High,3,264,0.3857,0.0795
structured,XGBoost,BlackConcentration,9,High,4,262,0.4394,0.1069
structured,XGBoost,BlackConcentration,9,High,5,265,0.4869,0.1283
structured,XGBoost,BlackConcentration,9,High,6,290,0.5344,0.1966
structured,XGBoost,BlackConcentration,9,High,7,258,0.5867,0.1822
structured,XGBoost,BlackConcentration,9,High,8,278,0.6503,0.2626
structured,XGBoost,BlackConcentration,9,High,9,277,0.75,0.3718
structured,XGBoost,SES_group,10,Low,0,333,0.1334,0.042
structured,XGBoost,SES_group,10,Low,1,304,0.2321,0.0592
structured,XGBoost,SES_group,10,Low,2,292,0.2946,0.0753
structured,XGBoost,SES_group,10,Low,3,259,0.3496,0.1004
structured,XGBoost,SES_group,10,Low,4,270,0.4068,0.1074
structured,XGBoost,SES_group,10,Low,5,251,0.4618,0.1434
structured,XGBoost,SES_group,10,Low,6,258,0.5178,0.1512
structured,XGBoost,SES_group,10,Low,7,265,0.5794,0.1849
structured,XGBoost,SES_group,10,Low,8,259,0.6401,0.2394
structured,XGBoost,SES_group,10,Low,9,220,0.7359,0.35
structured,XGBoost,SES_group,10,High,0,111,0.1356,0.045
structured,XGBoost,SES_group,10,High,1,130,0.2339,0.0538
structured,XGBoost,SES_group,10,High,2,119,0.2955,0.1261
structured,XGBoost,SES_group,10,High,3,142,0.3525,0.0704
structured,XGBoost,SES_group,10,High,4,138,0.4105,0.0942
structured,XGBoost,SES_group,10,High,5,134,0.4629,0.1269
structured,XGBoost,SES_group,10,High,6,145,0.5203,0.1379
structured,XGBoost,SES_group,10,High,7,128,0.58,0.1484
structured,XGBoost,SES_group,10,High,8,146,0.6424,0.3356
structured,XGBoost,SES_group,10,High,9,163,0.739,0.3313
structured,XGBoost,BlackConcentration,10,Low,0,91,0.1347,0.022
structured,XGBoost,BlackConcentration,10,Low,1,100,0.233,0.09
structured,XGBoost,BlackConcentration,10,Low,2,96,0.2979,0.1042
structured,XGBoost,BlackConcentration,10,Low,3,106,0.3476,0.0566
structured,XGBoost,BlackConcentration,10,Low,4,87,0.4045,0.1149
structured,XGBoost,BlackConcentration,10,Low,5,101,0.4632,0.1287
structured,XGBoost,BlackConcentration,10,Low,6,110,0.518,0.1636
structured,XGBoost,BlackConcentration,10,Low,7,111,0.5809,0.1622
structured,XGBoost,BlackConcentration,10,Low,8,107,0.6445,0.243
structured,XGBoost,BlackConcentration,10,Low,9,103,0.7417,0.2621
structured,XGBoost,BlackConcentration,10,High,0,261,0.1344,0.0307
structured,XGBoost,BlackConcentration,10,High,1,269,0.2333,0.0669
structured,XGBoost,BlackConcentration,10,High,2,258,0.2959,0.0853
structured,XGBoost,BlackConcentration,10,High,3,255,0.3517,0.1137
structured,XGBoost,BlackConcentration,10,High,4,286,0.4091,0.1434
structured,XGBoost,BlackConcentration,10,High,5,277,0.4625,0.1625
structured,XGBoost,BlackConcentration,10,High,6,257,0.5191,0.1245
structured,XGBoost,BlackConcentration,10,High,7,268,0.5789,0.2015
structured,XGBoost,BlackConcentration,10,High,8,269,0.6412,0.2974
structured,XGBoost,BlackConcentration,10,High,9,294,0.741,0.3946
structured,XGBoost,SES_group,11,Low,0,449,0.1493,0.0312
structured,XGBoost,SES_group,11,Low,1,401,0.2536,0.0673
structured,XGBoost,SES_group,11,Low,2,378,0.3219,0.1005
structured,XGBoost,SES_group,11,Low,3,366,0.3797,0.082
structured,XGBoost,SES_group,11,Low,4,361,0.4348,0.1136
structured,XGBoost,SES_group,11,Low,5,343,0.4885,0.1458
structured,XGBoost,SES_group,11,Low,6,332,0.5413,0.1446
structured,XGBoost,SES_group,11,Low,7,354,0.5963,0.2288
structured,XGBoost,SES_group,11,Low,8,326,0.6529,0.2301
structured,XGBoost,SES_group,11,Low,9,337,0.7433,0.3234
structured,XGBoost,SES_group,11,High,0,136,0.1526,0.0221
structured,XGBoost,SES_group,11,High,1,156,0.2559,0.0385
structured,XGBoost,SES_group,11,High,2,197,0.323,0.0558
structured,XGBoost,SES_group,11,High,3,205,0.3827,0.0878
structured,XGBoost,SES_group,11,High,4,183,0.4355,0.1257
structured,XGBoost,SES_group,11,High,5,201,0.4906,0.1592
structured,XGBoost,SES_group,11,High,6,219,0.5416,0.1553
structured,XGBoost,SES_group,11,High,7,191,0.596,0.1885
structured,XGBoost,SES_group,11,High,8,215,0.6556,0.2791
structured,XGBoost,SES_group,11,High,9,197,0.7413,0.3655
structured,XGBoost,BlackConcentration,11,Low,0,158,0.15,0.019
structured,XGBoost,BlackConcentration,11,Low,1,133,0.2553,0.0602
structured,XGBoost,BlackConcentration,11,Low,2,133,0.324,0.0602
structured,XGBoost,BlackConcentration,11,Low,3,129,0.3804,0.1008
structured,XGBoost,BlackConcentration,11,Low,4,125,0.4348,0.088
structured,XGBoost,BlackConcentration,11,Low,5,139,0.4878,0.1151
structured,XGBoost,BlackConcentration,11,Low,6,155,0.5422,0.1355
structured,XGBoost,BlackConcentration,11,Low,7,123,0.5971,0.1707
structured,XGBoost,BlackConcentration,11,Low,8,141,0.6557,0.2199
structured,XGBoost,BlackConcentration,11,Low,9,142,0.7464,0.2676
structured,XGBoost,BlackConcentration,11,High,0,326,0.1543,0.0307
structured,XGBoost,BlackConcentration,11,High,1,340,0.2554,0.0588
structured,XGBoost,BlackConcentration,11,High,2,377,0.3212,0.0875
structured,XGBoost,BlackConcentration,11,High,3,349,0.3809,0.0659
structured,XGBoost,BlackConcentration,11,High,4,369,0.4348,0.1274
structured,XGBoost,BlackConcentration,11,High,5,384,0.4882,0.1719
structured,XGBoost,BlackConcentration,11,High,6,348,0.5424,0.1695
structured,XGBoost,BlackConcentration,11,High,7,341,0.5958,0.217
structured,XGBoost,BlackConcentration,11,High,8,377,0.6536,0.244
structured,XGBoost,BlackConcentration,11,High,9,352,0.7423,0.2955
structured,XGBoost,SES_group,12,Low,0,554,0.1596,0.0235
structured,XGBoost,SES_group,12,Low,1,502,0.2707,0.0558
structured,XGBoost,SES_group,12,Low,2,469,0.3366,0.1002
structured,XGBoost,SES_group,12,Low,3,480,0.3905,0.0938
structured,XGBoost,SES_group,12,Low,4,494,0.4425,0.1113
structured,XGBoost,SES_group,12,Low,5,439,0.4954,0.1435
structured,XGBoost,SES_group,12,Low,6,455,0.546,0.1912
structured,XGBoost,SES_group,12,Low,7,440,0.6018,0.2227
structured,XGBoost,SES_group,12,Low,8,417,0.6619,0.2518
structured,XGBoost,SES_group,12,Low,9,455,0.7563,0.3253
structured,XGBoost,SES_group,12,High,0,199,0.1632,0.0402
structured,XGBoost,SES_group,12,High,1,269,0.2726,0.0595
structured,XGBoost,SES_group,12,High,2,268,0.3383,0.0896
structured,XGBoost,SES_group,12,High,3,255,0.3902,0.0824
structured,XGBoost,SES_group,12,High,4,238,0.4424,0.1387
structured,XGBoost,SES_group,12,High,5,268,0.4954,0.1604
structured,XGBoost,SES_group,12,High,6,277,0.5466,0.2058
structured,XGBoost,SES_group,12,High,7,279,0.6013,0.2151
structured,XGBoost,SES_group,12,High,8,298,0.6629,0.2785
structured,XGBoost,SES_group,12,High,9,257,0.7591,0.3891
structured,XGBoost,BlackConcentration,12,Low,0,210,0.1653,0.0238
structured,XGBoost,BlackConcentration,12,Low,1,189,0.2716,0.0476
structured,XGBoost,BlackConcentration,12,Low,2,160,0.3372,0.0875
structured,XGBoost,BlackConcentration,12,Low,3,163,0.3907,0.0859
structured,XGBoost,BlackConcentration,12,Low,4,187,0.4444,0.107
structured,XGBoost,BlackConcentration,12,Low,5,181,0.4953,0.1492
structured,XGBoost,BlackConcentration,12,Low,6,182,0.5459,0.2308
structured,XGBoost,BlackConcentration,12,Low,7,186,0.6007,0.1935
structured,XGBoost,BlackConcentration,12,Low,8,189,0.6651,0.2698
structured,XGBoost,BlackConcentration,12,Low,9,145,0.7563,0.3172
structured,XGBoost,BlackConcentration,12,High,0,442,0.1602,0.0204
structured,XGBoost,BlackConcentration,12,High,1,468,0.2714,0.0705
structured,XGBoost,BlackConcentration,12,High,2,490,0.3368,0.0776
structured,XGBoost,BlackConcentration,12,High,3,482,0.3905,0.1141
structured,XGBoost,BlackConcentration,12,High,4,478,0.4419,0.1276
structured,XGBoost,BlackConcentration,12,High,5,502,0.4949,0.1554
structured,XGBoost,BlackConcentration,12,High,6,519,0.5458,0.1869
structured,XGBoost,BlackConcentration,12,High,7,501,0.6012,0.2156
structured,XGBoost,BlackConcentration,12,High,8,506,0.6629,0.2866
structured,XGBoost,BlackConcentration,12,High,9,510,0.7547,0.3627
structured,XGBoost,SES_group,13,Low,0,651,0.1589,0.0338
structured,XGBoost,SES_group,13,Low,1,626,0.2707,0.0703
structured,XGBoost,SES_group,13,Low,2,595,0.3332,0.0773
structured,XGBoost,SES_group,13,Low,3,593,0.3919,0.1096
structured,XGBoost,SES_group,13,Low,4,528,0.4442,0.1004
structured,XGBoost,SES_group,13,Low,5,541,0.4946,0.1793
structured,XGBoost,SES_group,13,Low,6,565,0.5458,0.1823
structured,XGBoost,SES_group,13,Low,7,550,0.6017,0.2145
structured,XGBoost,SES_group,13,Low,8,525,0.6656,0.2648
structured,XGBoost,SES_group,13,Low,9,512,0.7593,0.293
structured,XGBoost,SES_group,13,High,0,234,0.1621,0.0385
structured,XGBoost,SES_group,13,High,1,250,0.268,0.06
structured,XGBoost,SES_group,13,High,2,284,0.3344,0.0704
structured,XGBoost,SES_group,13,High,3,281,0.3928,0.0925
structured,XGBoost,SES_group,13,High,4,345,0.4436,0.1333
structured,XGBoost,SES_group,13,High,5,338,0.4936,0.1361
structured,XGBoost,SES_group,13,High,6,291,0.5485,0.2096
structured,XGBoost,SES_group,13,High,7,313,0.6019,0.1917
structured,XGBoost,SES_group,13,High,8,327,0.6669,0.2813
structured,XGBoost,SES_group,13,High,9,340,0.762,0.3853
structured,XGBoost,BlackConcentration,13,Low,0,220,0.159,0.0227
structured,XGBoost,BlackConcentration,13,Low,1,215,0.2692,0.0698
structured,XGBoost,BlackConcentration,13,Low,2,248,0.3342,0.0968
structured,XGBoost,BlackConcentration,13,Low,3,249,0.3919,0.0763
structured,XGBoost,BlackConcentration,13,Low,4,210,0.4436,0.0857
structured,XGBoost,BlackConcentration,13,Low,5,196,0.4925,0.148
structured,XGBoost,BlackConcentration,13,Low,6,224,0.5451,0.2188
structured,XGBoost,BlackConcentration,13,Low,7,221,0.6016,0.1629
structured,XGBoost,BlackConcentration,13,Low,8,197,0.6663,0.2741
structured,XGBoost,BlackConcentration,13,Low,9,190,0.7576,0.3053
structured,XGBoost,BlackConcentration,13,High,0,563,0.159,0.0426
structured,XGBoost,BlackConcentration,13,High,1,492,0.2695,0.063
structured,XGBoost,BlackConcentration,13,High,2,550,0.334,0.0673
structured,XGBoost,BlackConcentration,13,High,3,517,0.3924,0.1122
structured,XGBoost,BlackConcentration,13,High,4,564,0.4435,0.117
structured,XGBoost,BlackConcentration,13,High,5,606,0.494,0.1667
structured,XGBoost,BlackConcentration,13,High,6,536,0.5478,0.1903
structured,XGBoost,BlackConcentration,13,High,7,593,0.6022,0.2057
structured,XGBoost,BlackConcentration,13,High,8,598,0.6651,0.2709
structured,XGBoost,BlackConcentration,13,High,9,609,0.7604,0.3711
structured,XGBoost,SES_group,14,Low,0,787,0.152,0.0178
structured,XGBoost,SES_group,14,Low,1,711,0.2462,0.0591
structured,XGBoost,SES_group,14,Low,2,680,0.3108,0.0809
structured,XGBoost,SES_group,14,Low,3,692,0.3664,0.1084
structured,XGBoost,SES_group,14,Low,4,664,0.421,0.125
structured,XGBoost,SES_group,14,Low,5,671,0.4757,0.149
structured,XGBoost,SES_group,14,Low,6,635,0.5297,0.1496
structured,XGBoost,SES_group,14,Low,7,628,0.5868,0.2245
structured,XGBoost,SES_group,14,Low,8,610,0.6539,0.2852
structured,XGBoost,SES_group,14,Low,9,629,0.7484,0.3259
structured,XGBoost,SES_group,14,High,0,309,0.1567,0.0356
structured,XGBoost,SES_group,14,High,1,295,0.2478,0.0407
structured,XGBoost,SES_group,14,High,2,305,0.3114,0.1082
structured,XGBoost,SES_group,14,High,3,319,0.3657,0.1034
structured,XGBoost,SES_group,14,High,4,359,0.4199,0.0891
structured,XGBoost,SES_group,14,High,5,345,0.4745,0.1275
structured,XGBoost,SES_group,14,High,6,370,0.5292,0.1486
structured,XGBoost,SES_group,14,High,7,348,0.5875,0.2471
structured,XGBoost,SES_group,14,High,8,368,0.6544,0.25
structured,XGBoost,SES_group,14,High,9,381,0.7511,0.3701
structured,XGBoost,BlackConcentration,14,Low,0,286,0.1553,0.0175
structured,XGBoost,BlackConcentration,14,Low,1,292,0.2471,0.0616
structured,XGBoost,BlackConcentration,14,Low,2,294,0.3113,0.0918
structured,XGBoost,BlackConcentration,14,Low,3,266,0.3667,0.1241
structured,XGBoost,BlackConcentration,14,Low,4,276,0.4202,0.1377
structured,XGBoost,BlackConcentration,14,Low,5,282,0.4745,0.156
structured,XGBoost,BlackConcentration,14,Low,6,255,0.5297,0.1255
structured,XGBoost,BlackConcentration,14,Low,7,247,0.5871,0.2348
structured,XGBoost,BlackConcentration,14,Low,8,249,0.6533,0.257
structured,XGBoost,BlackConcentration,14,Low,9,237,0.7472,0.3418
structured,XGBoost,BlackConcentration,14,High,0,608,0.1543,0.0395
structured,XGBoost,BlackConcentration,14,High,1,658,0.247,0.0441
structured,XGBoost,BlackConcentration,14,High,2,633,0.3102,0.1011
structured,XGBoost,BlackConcentration,14,High,3,661,0.3665,0.0983
structured,XGBoost,BlackConcentration,14,High,4,645,0.4202,0.1209
structured,XGBoost,BlackConcentration,14,High,5,654,0.4755,0.1346
structured,XGBoost,BlackConcentration,14,High,6,648,0.5301,0.1559
structured,XGBoost,BlackConcentration,14,High,7,684,0.5875,0.2295
structured,XGBoost,BlackConcentration,14,High,8,662,0.6539,0.2855
structured,XGBoost,BlackConcentration,14,High,9,717,0.7513,0.3612
tfidf_full,Logistic,SES_group,1,Low,0,61,0.1522,0.0492
tfidf_full,Logistic,SES_group,1,Low,1,57,0.2505,0.0702
tfidf_full,Logistic,SES_group,1,Low,2,53,0.318,0.0377
tfidf_full,Logistic,SES_group,1,Low,3,47,0.3816,0.1064
tfidf_full,Logistic,SES_group,1,Low,4,53,0.4418,0.2075
tfidf_full,Logistic,SES_group,1,Low,5,53,0.4963,0.1509
tfidf_full,Logistic,SES_group,1,Low,6,37,0.5516,0.1351
tfidf_full,Logistic,SES_group,1,Low,7,49,0.6184,0.2245
tfidf_full,Logistic,SES_group,1,Low,8,56,0.6997,0.2679
tfidf_full,Logistic,SES_group,1,Low,9,49,0.805,0.2449
tfidf_full,Logistic,SES_group,1,High,0,19,0.166,0.0526
tfidf_full,Logistic,SES_group,1,High,1,23,0.238,0.1739
tfidf_full,Logistic,SES_group,1,High,2,19,0.3234,0.0526
tfidf_full,Logistic,SES_group,1,High,3,25,0.3826,0.08
tfidf_full,Logistic,SES_group,1,High,4,16,0.4456,0.0625
tfidf_full,Logistic,SES_group,1,High,5,20,0.4908,0.1
tfidf_full,Logistic,SES_group,1,High,6,23,0.5582,0.1739
tfidf_full,Logistic,SES_group,1,High,7,24,0.6199,0.375
tfidf_full,Logistic,SES_group,1,High,8,20,0.6966,0.1
tfidf_full,Logistic,SES_group,1,High,9,25,0.8069,0.36
tfidf_full,Logistic,BlackConcentration,1,Low,0,17,0.1315,0.1176
tfidf_full,Logistic,BlackConcentration,1,Low,1,20,0.2511,0.0
tfidf_full,Logistic,BlackConcentration,1,Low,2,17,0.3134,0.1176
tfidf_full,Logistic,BlackConcentration,1,Low,3,12,0.376,0.1667
tfidf_full,Logistic,BlackConcentration,1,Low,4,20,0.444,0.25
tfidf_full,Logistic,BlackConcentration,1,Low,5,20,0.4991,0.2
tfidf_full,Logistic,BlackConcentration,1,Low,6,16,0.558,0.125
tfidf_full,Logistic,BlackConcentration,1,Low,7,20,0.6148,0.4
tfidf_full,Logistic,BlackConcentration,1,Low,8,21,0.7106,0.2381
tfidf_full,Logistic,BlackConcentration,1,Low,9,17,0.827,0.1765
tfidf_full,Logistic,BlackConcentration,1,High,0,56,0.1592,0.0179
tfidf_full,Logistic,BlackConcentration,1,High,1,48,0.2487,0.0625
tfidf_full,Logistic,BlackConcentration,1,High,2,45,0.3242,0.0667
tfidf_full,Logistic,BlackConcentration,1,High,3,49,0.3841,0.0816
tfidf_full,Logistic,BlackConcentration,1,High,4,28,0.4436,0.1429
tfidf_full,Logistic,BlackConcentration,1,High,5,46,0.4941,0.1739
tfidf_full,Logistic,BlackConcentration,1,High,6,42,0.5537,0.1905
tfidf_full,Logistic,BlackConcentration,1,High,7,50,0.621,0.24
tfidf_full,Logistic,BlackConcentration,1,High,8,51,0.6991,0.2353
tfidf_full,Logistic,BlackConcentration,1,High,9,45,0.8043,0.2889
tfidf_full,Logistic,SES_group,2,Low,0,64,0.1126,0.0
tfidf_full,Logistic,SES_group,2,Low,1,56,0.1771,0.0179
tfidf_full,Logistic,SES_group,2,Low,2,61,0.2307,0.082
tfidf_full,Logistic,SES_group,2,Low,3,51,0.2827,0.0196
tfidf_full,Logistic,SES_group,2,Low,4,56,0.345,0.0893
tfidf_full,Logistic,SES_group,2,Low,5,67,0.4078,0.1194
tfidf_full,Logistic,SES_group,2,Low,6,49,0.4808,0.102
tfidf_full,Logistic,SES_group,2,Low,7,58,0.5754,0.0862
tfidf_full,Logistic,SES_group,2,Low,8,52,0.6646,0.2308
tfidf_full,Logistic,SES_group,2,Low,9,47,0.7921,0.2128
tfidf_full,Logistic,SES_group,2,High,0,17,0.1087,0.0588
tfidf_full,Logistic,SES_group,2,High,1,34,0.1787,0.1176
tfidf_full,Logistic,SES_group,2,High,2,22,0.2257,0.0909
tfidf_full,Logistic,SES_group,2,High,3,27,0.2828,0.1111
tfidf_full,Logistic,SES_group,2,High,4,24,0.3476,0.125
tfidf_full,Logistic,SES_group,2,High,5,19,0.4023,0.0526
tfidf_full,Logistic,SES_group,2,High,6,32,0.4889,0.1562
tfidf_full,Logistic,SES_group,2,High,7,26,0.5675,0.2692
tfidf_full,Logistic,SES_group,2,High,8,26,0.6611,0.1538
tfidf_full,Logistic,SES_group,2,High,9,36,0.7975,0.3056
tfidf_full,Logistic,SES_group,3,Low,0,81,0.1436,0.0
tfidf_full,Logistic,SES_group,3,Low,1,67,0.2238,0.0
tfidf_full,Logistic,SES_group,3,Low,2,63,0.2831,0.0159
tfidf_full,Logistic,SES_group,3,Low,3,53,0.3362,0.0943
tfidf_full,Logistic,SES_group,3,Low,4,62,0.394,0.0645
tfidf_full,Logistic,SES_group,3,Low,5,64,0.4612,0.0938
tfidf_full,Logistic,SES_group,3,Low,6,53,0.5376,0.2453
tfidf_full,Logistic,SES_group,3,Low,7,54,0.6021,0.1296
tfidf_full,Logistic,SES_group,3,Low,8,55,0.6809,0.1455
tfidf_full,Logistic,SES_group,3,Low,9,54,0.8159,0.3704
tfidf_full,Logistic,SES_group,3,High,0,20,0.1464,0.15
tfidf_full,Logistic,SES_group,3,High,1,23,0.2217,0.1304
tfidf_full,Logistic,SES_group,3,High,2,25,0.293,0.08
tfidf_full,Logistic,SES_group,3,High,3,24,0.3382,0.0417
tfidf_full,Logistic,SES_group,3,High,4,32,0.3992,0.1562
tfidf_full,Logistic,SES_group,3,High,5,26,0.4773,0.1923
tfidf_full,Logistic,SES_group,3,High,6,33,0.531,0.1515
tfidf_full,Logistic,SES_group,3,High,7,38,0.6005,0.2105
tfidf_full,Logistic,SES_group,3,High,8,38,0.6934,0.2895
tfidf_full,Logistic,SES_group,3,High,9,33,0.8088,0.4545
tfidf_full,Logistic,SES_group,4,Low,0,94,0.1429,0.0213
tfidf_full,Logistic,SES_group,4,Low,1,85,0.233,0.0353
tfidf_full,Logistic,SES_group,4,Low,2,79,0.2917,0.1392
tfidf_full,Logistic,SES_group,4,Low,3,83,0.3531,0.0482
tfidf_full,Logistic,SES_group,4,Low,4,87,0.4144,0.1379
tfidf_full,Logistic,SES_group,4,Low,5,74,0.4774,0.1757
tfidf_full,Logistic,SES_group,4,Low,6,97,0.5401,0.134
tfidf_full,Logistic,SES_group,4,Low,7,71,0.6052,0.2394
tfidf_full,Logistic,SES_group,4,Low,8,77,0.6833,0.2338
tfidf_full,Logistic,SES_group,4,Low,9,67,0.7975,0.2537
tfidf_full,Logistic,SES_group,4,High,0,33,0.1581,0.0
tfidf_full,Logistic,SES_group,4,High,1,43,0.2285,0.0
tfidf_full,Logistic,SES_group,4,High,2,45,0.2939,0.0444
tfidf_full,Logistic,SES_group,4,High,3,39,0.356,0.0769
tfidf_full,Logistic,SES_group,4,High,4,34,0.4133,0.0588
tfidf_full,Logistic,SES_group,4,High,5,37,0.4686,0.0811
tfidf_full,Logistic,SES_group,4,High,6,37,0.5386,0.1622
tfidf_full,Logistic,SES_group,4,High,7,48,0.6094,0.1875
tfidf_full,Logistic,SES_group,4,High,8,35,0.6854,0.3429
tfidf_full,Logistic,SES_group,4,High,9,46,0.7908,0.413
tfidf_full,Logistic,BlackConcentration,4,Low,0,26,0.1501,0.0385
tfidf_full,Logistic,BlackConcentration,4,Low,1,22,0.2292,0.0909
tfidf_full,Logistic,BlackConcentration,4,Low,2,16,0.2959,0.125
tfidf_full,Logistic,BlackConcentration,4,Low,3,21,0.3594,0.0952
tfidf_full,Logistic,BlackConcentration,4,Low,4,31,0.4149,0.1613
tfidf_full,Logistic,BlackConcentration,4,Low,5,24,0.4778,0.0833
tfidf_full,Logistic,BlackConcentration,4,Low,6,25,0.5366,0.16
tfidf_full,Logistic,BlackConcentration,4,Low,7,29,0.6139,0.3103
tfidf_full,Logistic,BlackConcentration,4,Low,8,32,0.6825,0.2188
tfidf_full,Logistic,BlackConcentration,4,Low,9,23,0.8045,0.2174
tfidf_full,Logistic,BlackConcentration,4,High,0,81,0.1494,0.0247
tfidf_full,Logistic,BlackConcentration,4,High,1,85,0.231,0.0588
tfidf_full,Logistic,BlackConcentration,4,High,2,88,0.2937,0.0682
tfidf_full,Logistic,BlackConcentration,4,High,3,90,0.3524,0.0889
tfidf_full,Logistic,BlackConcentration,4,High,4,75,0.4121,0.1333
tfidf_full,Logistic,BlackConcentration,4,High,5,82,0.4748,0.1341
tfidf_full,Logistic,BlackConcentration,4,High,6,76,0.5402,0.1184
tfidf_full,Logistic,BlackConcentration,4,High,7,83,0.6068,0.241
tfidf_full,Logistic,BlackConcentration,4,High,8,84,0.6898,0.25
tfidf_full,Logistic,BlackConcentration,4,High,9,97,0.801,0.3608
tfidf_full,Logistic,SES_group,5,Low,0,105,0.141,0.0095
tfidf_full,Logistic,SES_group,5,Low,1,97,0.2149,0.0619
tfidf_full,Logistic,SES_group,5,Low,2,93,0.2769,0.086
tfidf_full,Logistic,SES_group,5,Low,3,92,0.3358,0.0978
tfidf_full,Logistic,SES_group,5,Low,4,95,0.397,0.1158
tfidf_full,Logistic,SES_group,5,Low,5,78,0.4574,0.1154
tfidf_full,Logistic,SES_group,5,Low,6,96,0.5188,0.1979
tfidf_full,Logistic,SES_group,5,Low,7,92,0.5866,0.2174
tfidf_full,Logistic,SES_group,5,Low,8,96,0.6642,0.2188
tfidf_full,Logistic,SES_group,5,Low,9,66,0.7748,0.4545
tfidf_full,Logistic,SES_group,5,High,0,29,0.1361,0.0
tfidf_full,Logistic,SES_group,5,High,1,38,0.2094,0.1053
tfidf_full,Logistic,SES_group,5,High,2,35,0.2733,0.0286
tfidf_full,Logistic,SES_group,5,High,3,44,0.3403,0.0455
tfidf_full,Logistic,SES_group,5,High,4,42,0.3954,0.0952
tfidf_full,Logistic,SES_group,5,High,5,49,0.4601,0.1633
tfidf_full,Logistic,SES_group,5,High,6,40,0.516,0.15
tfidf_full,Logistic,SES_group,5,High,7,43,0.5845,0.186
tfidf_full,Logistic,SES_group,5,High,8,41,0.6641,0.2195
tfidf_full,Logistic,SES_group,5,High,9,69,0.7879,0.3043
tfidf_full,Logistic,BlackConcentration,5,Low,0,32,0.1427,0.0
tfidf_full,Logistic,BlackConcentration,5,Low,1,31,0.2163,0.0645
tfidf_full,Logistic,BlackConcentration,5,Low,2,32,0.2812,0.0312
tfidf_full,Logistic,BlackConcentration,5,Low,3,23,0.337,0.1739
tfidf_full,Logistic,BlackConcentration,5,Low,4,26,0.3927,0.0769
tfidf_full,Logistic,BlackConcentration,5,Low,5,30,0.4559,0.0667
tfidf_full,Logistic,BlackConcentration,5,Low,6,37,0.5166,0.1622
tfidf_full,Logistic,BlackConcentration,5,Low,7,21,0.5822,0.1905
tfidf_full,Logistic,BlackConcentration,5,Low,8,29,0.6662,0.2414
tfidf_full,Logistic,BlackConcentration,5,Low,9,32,0.7777,0.4375
tfidf_full,Logistic,BlackConcentration,5,High,0,91,0.1368,0.0
tfidf_full,Logistic,BlackConcentration,5,High,1,95,0.2114,0.0211
tfidf_full,Logistic,BlackConcentration,5,High,2,90,0.2747,0.0889
tfidf_full,Logistic,BlackConcentration,5,High,3,93,0.3362,0.0645
tfidf_full,Logistic,BlackConcentration,5,High,4,94,0.3951,0.1383
tfidf_full,Logistic,BlackConcentration,5,High,5,89,0.4573,0.1124
tfidf_full,Logistic,BlackConcentration,5,High,6,90,0.5194,0.1444
tfidf_full,Logistic,BlackConcentration,5,High,7,94,0.5875,0.2447
tfidf_full,Logistic,BlackConcentration,5,High,8,76,0.669,0.25
tfidf_full,Logistic,BlackConcentration,5,High,9,97,0.7846,0.4021
tfidf_full,Logistic,SES_group,6,Low,0,118,0.1975,0.0339
tfidf_full,Logistic,SES_group,6,Low,1,108,0.2965,0.0833
tfidf_full,Logistic,SES_group,6,Low,2,88,0.3652,0.1364
tfidf_full,Logistic,SES_group,6,Low,3,95,0.427,0.1158
tfidf_full,Logistic,SES_group,6,Low,4,94,0.4817,0.1277
tfidf_full,Logistic,SES_group,6,Low,5,88,0.5396,0.1818
tfidf_full,Logistic,SES_group,6,Low,6,98,0.5932,0.1735
tfidf_full,Logistic,SES_group,6,Low,7,84,0.6541,0.2381
tfidf_full,Logistic,SES_group,6,Low,8,107,0.7173,0.3084
tfidf_full,Logistic,SES_group,6,Low,9,79,0.7952,0.5063
tfidf_full,Logistic,SES_group,6,High,0,39,0.199,0.0769
tfidf_full,Logistic,SES_group,6,High,1,44,0.3016,0.1136
tfidf_full,Logistic,SES_group,6,High,2,47,0.3646,0.1489
tfidf_full,Logistic,SES_group,6,High,3,51,0.4262,0.1373
tfidf_full,Logistic,SES_group,6,High,4,52,0.4782,0.1538
tfidf_full,Logistic,SES_group,6,High,5,50,0.5413,0.18
tfidf_full,Logistic,SES_group,6,High,6,48,0.5943,0.375
tfidf_full,Logistic,SES_group,6,High,7,67,0.6522,0.2537
tfidf_full,Logistic,SES_group,6,High,8,50,0.7195,0.28
tfidf_full,Logistic,SES_group,6,High,9,59,0.8104,0.2712
tfidf_full,Logistic,BlackConcentration,6,Low,0,26,0.2095,0.0385
tfidf_full,Logistic,BlackConcentration,6,Low,1,32,0.2915,0.0625
tfidf_full,Logistic,BlackConcentration,6,Low,2,40,0.3627,0.075
tfidf_full,Logistic,BlackConcentration,6,Low,3,43,0.4275,0.1163
tfidf_full,Logistic,BlackConcentration,6,Low,4,34,0.4847,0.1765
tfidf_full,Logistic,BlackConcentration,6,Low,5,45,0.5392,0.1778
tfidf_full,Logistic,BlackConcentration,6,Low,6,46,0.5909,0.1957
tfidf_full,Logistic,BlackConcentration,6,Low,7,25,0.6542,0.28
tfidf_full,Logistic,BlackConcentration,6,Low,8,31,0.7123,0.2258
tfidf_full,Logistic,BlackConcentration,6,Low,9,27,0.8054,0.4444
tfidf_full,Logistic,BlackConcentration,6,High,0,112,0.1958,0.0446
tfidf_full,Logistic,BlackConcentration,6,High,1,115,0.2979,0.0783
tfidf_full,Logistic,BlackConcentration,6,High,2,94,0.3649,0.1383
tfidf_full,Logistic,BlackConcentration,6,High,3,82,0.4293,0.0732
tfidf_full,Logistic,BlackConcentration,6,High,4,100,0.4821,0.13
tfidf_full,Logistic,BlackConcentration,6,High,5,86,0.5368,0.186
tfidf_full,Logistic,BlackConcentration,6,High,6,90,0.5935,0.3
tfidf_full,Logistic,BlackConcentration,6,High,7,105,0.6542,0.2857
tfidf_full,Logistic,BlackConcentration,6,High,8,110,0.7171,0.2818
tfidf_full,Logistic,BlackConcentration,6,High,9,108,0.8077,0.3889
tfidf_full,Logistic,SES_group,7,Low,0,149,0.1723,0.047
tfidf_full,Logistic,SES_group,7,Low,1,127,0.2504,0.0551
tfidf_full,Logistic,SES_group,7,Low,2,131,0.3111,0.0687
tfidf_full,Logistic,SES_group,7,Low,3,124,0.3633,0.1048
tfidf_full,Logistic,SES_group,7,Low,4,127,0.4159,0.1102
tfidf_full,Logistic,SES_group,7,Low,5,119,0.4696,0.1765
tfidf_full,Logistic,SES_group,7,Low,6,112,0.524,0.1607
tfidf_full,Logistic,SES_group,7,Low,7,103,0.5885,0.2039
tfidf_full,Logistic,SES_group,7,Low,8,103,0.6702,0.1845
tfidf_full,Logistic,SES_group,7,Low,9,116,0.7812,0.3621
tfidf_full,Logistic,SES_group,7,High,0,56,0.1771,0.0179
tfidf_full,Logistic,SES_group,7,High,1,62,0.2522,0.0645
tfidf_full,Logistic,SES_group,7,High,2,65,0.3111,0.0923
tfidf_full,Logistic,SES_group,7,High,3,64,0.3674,0.0938
tfidf_full,Logistic,SES_group,7,High,4,65,0.4197,0.0462
tfidf_full,Logistic,SES_group,7,High,5,68,0.471,0.1029
tfidf_full,Logistic,SES_group,7,High,6,79,0.5262,0.2025
tfidf_full,Logistic,SES_group,7,High,7,75,0.5901,0.2533
tfidf_full,Logistic,SES_group,7,High,8,71,0.6691,0.3099
tfidf_full,Logistic,SES_group,7,High,9,71,0.7849,0.3944
tfidf_full,Logistic,BlackConcentration,7,Low,0,41,0.173,0.0488
tfidf_full,Logistic,BlackConcentration,7,Low,1,49,0.2517,0.0816
tfidf_full,Logistic,BlackConcentration,7,Low,2,28,0.3159,0.1071
tfidf_full,Logistic,BlackConcentration,7,Low,3,46,0.3641,0.0652
tfidf_full,Logistic,BlackConcentration,7,Low,4,39,0.4161,0.0513
tfidf_full,Logistic,BlackConcentration,7,Low,5,37,0.4691,0.1081
tfidf_full,Logistic,BlackConcentration,7,Low,6,47,0.5242,0.2128
tfidf_full,Logistic,BlackConcentration,7,Low,7,51,0.5852,0.1961
tfidf_full,Logistic,BlackConcentration,7,Low,8,45,0.6685,0.1556
tfidf_full,Logistic,BlackConcentration,7,Low,9,45,0.7775,0.4222
tfidf_full,Logistic,BlackConcentration,7,High,0,136,0.1745,0.0515
tfidf_full,Logistic,BlackConcentration,7,High,1,112,0.2543,0.0625
tfidf_full,Logistic,BlackConcentration,7,High,2,139,0.3113,0.0504
tfidf_full,Logistic,BlackConcentration,7,High,3,114,0.3642,0.0877
tfidf_full,Logistic,BlackConcentration,7,High,4,130,0.4184,0.0846
tfidf_full,Logistic,BlackConcentration,7,High,5,139,0.4688,0.1655
tfidf_full,Logistic,BlackConcentration,7,High,6,134,0.5249,0.1642
tfidf_full,Logistic,BlackConcentration,7,High,7,108,0.5909,0.2407
tfidf_full,Logistic,BlackConcentration,7,High,8,122,0.6686,0.2295
tfidf_full,Logistic,BlackConcentration,7,High,9,142,0.7779,0.3521
tfidf_full,Logistic,SES_group,8,Low,0,196,0.1654,0.0612
tfidf_full,Logistic,SES_group,8,Low,1,190,0.2888,0.0789
tfidf_full,Logistic,SES_group,8,Low,2,181,0.3688,0.0994
tfidf_full,Logistic,SES_group,8,Low,3,152,0.4336,0.1513
tfidf_full,Logistic,SES_group,8,Low,4,168,0.4939,0.1131
tfidf_full,Logistic,SES_group,8,Low,5,162,0.549,0.216
tfidf_full,Logistic,SES_group,8,Low,6,176,0.6013,0.2159
tfidf_full,Logistic,SES_group,8,Low,7,159,0.6621,0.283
tfidf_full,Logistic,SES_group,8,Low,8,174,0.7341,0.2356
tfidf_full,Logistic,SES_group,8,Low,9,157,0.8272,0.3822
tfidf_full,Logistic,SES_group,8,High,0,79,0.1727,0.0253
tfidf_full,Logistic,SES_group,8,High,1,81,0.2885,0.0741
tfidf_full,Logistic,SES_group,8,High,2,78,0.3699,0.1026
tfidf_full,Logistic,SES_group,8,High,3,92,0.4365,0.1304
tfidf_full,Logistic,SES_group,8,High,4,83,0.4943,0.1325
tfidf_full,Logistic,SES_group,8,High,5,91,0.5497,0.1758
tfidf_full,Logistic,SES_group,8,High,6,73,0.6046,0.1918
tfidf_full,Logistic,SES_group,8,High,7,93,0.6661,0.3333
tfidf_full,Logistic,SES_group,8,High,8,85,0.7323,0.2471
tfidf_full,Logistic,SES_group,8,High,9,83,0.8315,0.4699
tfidf_full,Logistic,BlackConcentration,8,Low,0,68,0.1674,0.0147
tfidf_full,Logistic,BlackConcentration,8,Low,1,60,0.2902,0.1
tfidf_full,Logistic,BlackConcentration,8,Low,2,56,0.3695,0.1429
tfidf_full,Logistic,BlackConcentration,8,Low,3,61,0.4376,0.2131
tfidf_full,Logistic,BlackConcentration,8,Low,4,57,0.4971,0.1228
tfidf_full,Logistic,BlackConcentration,8,Low,5,46,0.5487,0.3043
tfidf_full,Logistic,BlackConcentration,8,Low,6,59,0.5983,0.1695
tfidf_full,Logistic,BlackConcentration,8,Low,7,48,0.6674,0.2917
tfidf_full,Logistic,BlackConcentration,8,Low,8,49,0.7381,0.1837
tfidf_full,Logistic,BlackConcentration,8,Low,9,51,0.8356,0.451
tfidf_full,Logistic,BlackConcentration,8,High,0,172,0.1691,0.0581
tfidf_full,Logistic,BlackConcentration,8,High,1,168,0.2904,0.0952
tfidf_full,Logistic,BlackConcentration,8,High,2,166,0.3691,0.0964
tfidf_full,Logistic,BlackConcentration,8,High,3,174,0.4345,0.1552
tfidf_full,Logistic,BlackConcentration,8,High,4,179,0.4919,0.1229
tfidf_full,Logistic,BlackConcentration,8,High,5,195,0.5498,0.1846
tfidf_full,Logistic,BlackConcentration,8,High,6,163,0.6018,0.2699
tfidf_full,Logistic,BlackConcentration,8,High,7,201,0.6634,0.2836
tfidf_full,Logistic,BlackConcentration,8,High,8,187,0.7323,0.2193
tfidf_full,Logistic,BlackConcentration,8,High,9,178,0.8299,0.4326
tfidf_full,Logistic,SES_group,9,Low,0,318,0.1268,0.0377
tfidf_full,Logistic,SES_group,9,Low,1,282,0.2317,0.039
tfidf_full,Logistic,SES_group,9,Low,2,266,0.3009,0.0827
tfidf_full,Logistic,SES_group,9,Low,3,291,0.3663,0.1306
tfidf_full,Logistic,SES_group,9,Low,4,255,0.4253,0.0863
tfidf_full,Logistic,SES_group,9,Low,5,247,0.4813,0.1215
tfidf_full,Logistic,SES_group,9,Low,6,237,0.5409,0.1561
tfidf_full,Logistic,SES_group,9,Low,7,245,0.6088,0.2327
tfidf_full,Logistic,SES_group,9,Low,8,230,0.6946,0.2478
tfidf_full,Logistic,SES_group,9,Low,9,224,0.8152,0.3884
tfidf_full,Logistic,SES_group,9,High,0,119,0.1355,0.0504
tfidf_full,Logistic,SES_group,9,High,1,122,0.2334,0.0492
tfidf_full,Logistic,SES_group,9,High,2,145,0.3037,0.0966
tfidf_full,Logistic,SES_group,9,High,3,124,0.3655,0.0726
tfidf_full,Logistic,SES_group,9,High,4,133,0.4231,0.1053
tfidf_full,Logistic,SES_group,9,High,5,140,0.4804,0.1643
tfidf_full,Logistic,SES_group,9,High,6,161,0.5424,0.1553
tfidf_full,Logistic,SES_group,9,High,7,145,0.6078,0.1793
tfidf_full,Logistic,SES_group,9,High,8,182,0.6954,0.2692
tfidf_full,Logistic,SES_group,9,High,9,158,0.8163,0.3418
tfidf_full,Logistic,BlackConcentration,9,Low,0,110,0.1306,0.0091
tfidf_full,Logistic,BlackConcentration,9,Low,1,92,0.2305,0.0435
tfidf_full,Logistic,BlackConcentration,9,Low,2,106,0.3014,0.066
tfidf_full,Logistic,BlackConcentration,9,Low,3,105,0.3693,0.1333
tfidf_full,Logistic,BlackConcentration,9,Low,4,106,0.4262,0.0849
tfidf_full,Logistic,BlackConcentration,9,Low,5,101,0.4827,0.1386
tfidf_full,Logistic,BlackConcentration,9,Low,6,101,0.5398,0.1485
tfidf_full,Logistic,BlackConcentration,9,Low,7,99,0.6091,0.2222
tfidf_full,Logistic,BlackConcentration,9,Low,8,100,0.6978,0.28
tfidf_full,Logistic,BlackConcentration,9,Low,9,100,0.8149,0.29
tfidf_full,Logistic,BlackConcentration,9,High,0,276,0.1322,0.0507
tfidf_full,Logistic,BlackConcentration,9,High,1,278,0.233,0.0504
tfidf_full,Logistic,BlackConcentration,9,High,2,286,0.3019,0.0804
tfidf_full,Logistic,BlackConcentration,9,High,3,240,0.3666,0.0708
tfidf_full,Logistic,BlackConcentration,9,High,4,262,0.4243,0.1031
tfidf_full,Logistic,BlackConcentration,9,High,5,263,0.4818,0.1445
tfidf_full,Logistic,BlackConcentration,9,High,6,256,0.5403,0.1953
tfidf_full,Logistic,BlackConcentration,9,High,7,292,0.6115,0.2226
tfidf_full,Logistic,BlackConcentration,9,High,8,281,0.6938,0.2562
tfidf_full,Logistic,BlackConcentration,9,High,9,281,0.816,0.3274
tfidf_full,Logistic,SES_group,10,Low,0,332,0.1529,0.0301
tfidf_full,Logistic,SES_group,10,Low,1,310,0.2445,0.0581
tfidf_full,Logistic,SES_group,10,Low,2,263,0.3084,0.076
tfidf_full,Logistic,SES_group,10,Low,3,271,0.3631,0.0849
tfidf_full,Logistic,SES_group,10,Low,4,266,0.4164,0.0977
tfidf_full,Logistic,SES_group,10,Low,5,282,0.4718,0.1738
tfidf_full,Logistic,SES_group,10,Low,6,257,0.5267,0.1829
tfidf_full,Logistic,SES_group,10,Low,7,269,0.5887,0.1822
tfidf_full,Logistic,SES_group,10,Low,8,236,0.6655,0.2458
tfidf_full,Logistic,SES_group,10,Low,9,225,0.774,0.32
tfidf_full,Logistic,SES_group,10,High,0,115,0.1514,0.0435
tfidf_full,Logistic,SES_group,10,High,1,116,0.2455,0.0517
tfidf_full,Logistic,SES_group,10,High,2,130,0.3074,0.1077
tfidf_full,Logistic,SES_group,10,High,3,149,0.3625,0.1007
tfidf_full,Logistic,SES_group,10,High,4,125,0.4173,0.08
tfidf_full,Logistic,SES_group,10,High,5,123,0.4716,0.1463
tfidf_full,Logistic,SES_group,10,High,6,162,0.5267,0.1358
tfidf_full,Logistic,SES_group,10,High,7,134,0.5889,0.1343
tfidf_full,Logistic,SES_group,10,High,8,151,0.6616,0.2914
tfidf_full,Logistic,SES_group,10,High,9,151,0.7731,0.3775
tfidf_full,Logistic,BlackConcentration,10,Low,0,92,0.15,0.0217
tfidf_full,Logistic,BlackConcentration,10,Low,1,111,0.243,0.0721
tfidf_full,Logistic,BlackConcentration,10,Low,2,110,0.3089,0.1091
tfidf_full,Logistic,BlackConcentration,10,Low,3,111,0.3633,0.0991
tfidf_full,Logistic,BlackConcentration,10,Low,4,100,0.4177,0.11
tfidf_full,Logistic,BlackConcentration,10,Low,5,95,0.4732,0.1789
tfidf_full,Logistic,BlackConcentration,10,Low,6,102,0.5249,0.1176
tfidf_full,Logistic,BlackConcentration,10,Low,7,88,0.5908,0.1591
tfidf_full,Logistic,BlackConcentration,10,Low,8,101,0.6644,0.2475
tfidf_full,Logistic,BlackConcentration,10,Low,9,102,0.7762,0.2647
tfidf_full,Logistic,BlackConcentration,10,High,0,283,0.1531,0.0353
tfidf_full,Logistic,BlackConcentration,10,High,1,243,0.2477,0.0782
tfidf_full,Logistic,BlackConcentration,10,High,2,260,0.3078,0.0692
tfidf_full,Logistic,BlackConcentration,10,High,3,256,0.3635,0.1211
tfidf_full,Logistic,BlackConcentration,10,High,4,268,0.4168,0.1381
tfidf_full,Logistic,BlackConcentration,10,High,5,253,0.4725,0.1344
tfidf_full,Logistic,BlackConcentration,10,High,6,278,0.5274,0.1727
tfidf_full,Logistic,BlackConcentration,10,High,7,288,0.5881,0.1736
tfidf_full,Logistic,BlackConcentration,10,High,8,280,0.6635,0.3
tfidf_full,Logistic,BlackConcentration,10,High,9,285,0.776,0.4
tfidf_full,Logistic,SES_group,11,Low,0,446,0.1556,0.0359
tfidf_full,Logistic,SES_group,11,Low,1,415,0.2532,0.053
tfidf_full,Logistic,SES_group,11,Low,2,362,0.3182,0.0856
tfidf_full,Logistic,SES_group,11,Low,3,367,0.3774,0.0899
tfidf_full,Logistic,SES_group,11,Low,4,366,0.4314,0.1311
tfidf_full,Logistic,SES_group,11,Low,5,356,0.4846,0.132
tfidf_full,Logistic,SES_group,11,Low,6,350,0.5407,0.1657
tfidf_full,Logistic,SES_group,11,Low,7,353,0.6022,0.2153
tfidf_full,Logistic,SES_group,11,Low,8,317,0.6691,0.2587
tfidf_full,Logistic,SES_group,11,Low,9,315,0.7843,0.3175
tfidf_full,Logistic,SES_group,11,High,0,145,0.1588,0.0276
tfidf_full,Logistic,SES_group,11,High,1,162,0.2557,0.0185
tfidf_full,Logistic,SES_group,11,High,2,186,0.3192,0.0753
tfidf_full,Logistic,SES_group,11,High,3,187,0.3781,0.0856
tfidf_full,Logistic,SES_group,11,High,4,209,0.4322,0.1005
tfidf_full,Logistic,SES_group,11,High,5,186,0.4849,0.1505
tfidf_full,Logistic,SES_group,11,High,6,203,0.541,0.1773
tfidf_full,Logistic,SES_group,11,High,7,178,0.6036,0.1742
tfidf_full,Logistic,SES_group,11,High,8,238,0.669,0.2941
tfidf_full,Logistic,SES_group,11,High,9,206,0.7851,0.3495
tfidf_full,Logistic,BlackConcentration,11,Low,0,159,0.1529,0.0189
tfidf_full,Logistic,BlackConcentration,11,Low,1,142,0.2581,0.0282
tfidf_full,Logistic,BlackConcentration,11,Low,2,125,0.3174,0.088
tfidf_full,Logistic,BlackConcentration,11,Low,3,143,0.3769,0.0909
tfidf_full,Logistic,BlackConcentration,11,Low,4,129,0.4322,0.1085
tfidf_full,Logistic,BlackConcentration,11,Low,5,146,0.4828,0.0959
tfidf_full,Logistic,BlackConcentration,11,Low,6,134,0.5395,0.1567
tfidf_full,Logistic,BlackConcentration,11,Low,7,138,0.6016,0.2174
tfidf_full,Logistic,BlackConcentration,11,Low,8,116,0.6678,0.2414
tfidf_full,Logistic,BlackConcentration,11,Low,9,146,0.7849,0.2192
tfidf_full,Logistic,BlackConcentration,11,High,0,337,0.1605,0.0386
tfidf_full,Logistic,BlackConcentration,11,High,1,338,0.2533,0.0503
tfidf_full,Logistic,BlackConcentration,11,High,2,377,0.3182,0.0849
tfidf_full,Logistic,BlackConcentration,11,High,3,348,0.3766,0.0977
tfidf_full,Logistic,BlackConcentration,11,High,4,380,0.4329,0.1
tfidf_full,Logistic,BlackConcentration,11,High,5,335,0.4856,0.1642
tfidf_full,Logistic,BlackConcentration,11,High,6,352,0.541,0.1903
tfidf_full,Logistic,BlackConcentration,11,High,7,343,0.6023,0.1837
tfidf_full,Logistic,BlackConcentration,11,High,8,379,0.6693,0.2559
tfidf_full,Logistic,BlackConcentration,11,High,9,374,0.7869,0.2995
tfidf_full,Logistic,SES_group,12,Low,0,549,0.166,0.02
tfidf_full,Logistic,SES_group,12,Low,1,521,0.2687,0.0672
tfidf_full,Logistic,SES_group,12,Low,2,484,0.3364,0.0785
tfidf_full,Logistic,SES_group,12,Low,3,472,0.3918,0.0953
tfidf_full,Logistic,SES_group,12,Low,4,450,0.445,0.1089
tfidf_full,Logistic,SES_group,12,Low,5,483,0.4976,0.1739
tfidf_full,Logistic,SES_group,12,Low,6,442,0.5499,0.1765
tfidf_full,Logistic,SES_group,12,Low,7,434,0.6083,0.2396
tfidf_full,Logistic,SES_group,12,Low,8,449,0.6764,0.2383
tfidf_full,Logistic,SES_group,12,Low,9,421,0.7835,0.3278
tfidf_full,Logistic,SES_group,12,High,0,190,0.1739,0.0421
tfidf_full,Logistic,SES_group,12,High,1,255,0.2707,0.0627
tfidf_full,Logistic,SES_group,12,High,2,259,0.3374,0.0463
tfidf_full,Logistic,SES_group,12,High,3,259,0.3929,0.0965
tfidf_full,Logistic,SES_group,12,High,4,272,0.4447,0.1434
tfidf_full,Logistic,SES_group,12,High,5,260,0.4979,0.1615
tfidf_full,Logistic,SES_group,12,High,6,262,0.5492,0.1756
tfidf_full,Logistic,SES_group,12,High,7,303,0.6086,0.2376
tfidf_full,Logistic,SES_group,12,High,8,263,0.677,0.2776
tfidf_full,Logistic,SES_group,12,High,9,285,0.7755,0.393
tfidf_full,Logistic,BlackConcentration,12,Low,0,205,0.1696,0.0293
tfidf_full,Logistic,BlackConcentration,12,Low,1,196,0.2694,0.051
tfidf_full,Logistic,BlackConcentration,12,Low,2,172,0.3373,0.0872
tfidf_full,Logistic,BlackConcentration,12,Low,3,186,0.3935,0.086
tfidf_full,Logistic,BlackConcentration,12,Low,4,170,0.4482,0.1294
tfidf_full,Logistic,BlackConcentration,12,Low,5,187,0.4982,0.1604
tfidf_full,Logistic,BlackConcentration,12,Low,6,188,0.5493,0.1755
tfidf_full,Logistic,BlackConcentration,12,Low,7,166,0.6078,0.2048
tfidf_full,Logistic,BlackConcentration,12,Low,8,170,0.6762,0.2529
tfidf_full,Logistic,BlackConcentration,12,Low,9,152,0.7785,0.3618
tfidf_full,Logistic,BlackConcentration,12,High,0,455,0.1674,0.0264
tfidf_full,Logistic,BlackConcentration,12,High,1,459,0.269,0.0588
tfidf_full,Logistic,BlackConcentration,12,High,2,447,0.3362,0.0738
tfidf_full,Logistic,BlackConcentration,12,High,3,477,0.3919,0.0922
tfidf_full,Logistic,BlackConcentration,12,High,4,510,0.4442,0.1275
tfidf_full,Logistic,BlackConcentration,12,High,5,487,0.4981,0.1848
tfidf_full,Logistic,BlackConcentration,12,High,6,523,0.55,0.1836
tfidf_full,Logistic,BlackConcentration,12,High,7,518,0.6087,0.2259
tfidf_full,Logistic,BlackConcentration,12,High,8,499,0.6772,0.2585
tfidf_full,Logistic,BlackConcentration,12,High,9,523,0.7783,0.3748
tfidf_full,Logistic,SES_group,13,Low,0,675,0.1751,0.0326
tfidf_full,Logistic,SES_group,13,Low,1,634,0.2697,0.0804
tfidf_full,Logistic,SES_group,13,Low,2,588,0.3354,0.0595
tfidf_full,Logistic,SES_group,13,Low,3,570,0.3907,0.1281
tfidf_full,Logistic,SES_group,13,Low,4,570,0.4435,0.1316
tfidf_full,Logistic,SES_group,13,Low,5,527,0.4955,0.1423
tfidf_full,Logistic,SES_group,13,Low,6,553,0.5495,0.1591
tfidf_full,Logistic,SES_group,13,Low,7,552,0.6067,0.2572
tfidf_full,Logistic,SES_group,13,Low,8,522,0.677,0.2433
tfidf_full,Logistic,SES_group,13,Low,9,495,0.7796,0.301
tfidf_full,Logistic,SES_group,13,High,0,237,0.178,0.0295
tfidf_full,Logistic,SES_group,13,High,1,246,0.2711,0.0569
tfidf_full,Logistic,SES_group,13,High,2,274,0.3346,0.0985
tfidf_full,Logistic,SES_group,13,High,3,312,0.3931,0.0833
tfidf_full,Logistic,SES_group,13,High,4,297,0.4439,0.1481
tfidf_full,Logistic,SES_group,13,High,5,336,0.4961,0.1101
tfidf_full,Logistic,SES_group,13,High,6,313,0.5483,0.1661
tfidf_full,Logistic,SES_group,13,High,7,308,0.6072,0.2468
tfidf_full,Logistic,SES_group,13,High,8,336,0.6761,0.2649
tfidf_full,Logistic,SES_group,13,High,9,344,0.7851,0.3895
tfidf_full,Logistic,BlackConcentration,13,Low,0,224,0.1766,0.0268
tfidf_full,Logistic,BlackConcentration,13,Low,1,261,0.2713,0.069
tfidf_full,Logistic,BlackConcentration,13,Low,2,231,0.3356,0.0693
tfidf_full,Logistic,BlackConcentration,13,Low,3,208,0.3907,0.1298
tfidf_full,Logistic,BlackConcentration,13,Low,4,225,0.4414,0.1022
tfidf_full,Logistic,BlackConcentration,13,Low,5,222,0.4932,0.1577
tfidf_full,Logistic,BlackConcentration,13,Low,6,192,0.5485,0.1406
tfidf_full,Logistic,BlackConcentration,13,Low,7,221,0.6066,0.2081
tfidf_full,Logistic,BlackConcentration,13,Low,8,204,0.6769,0.2745
tfidf_full,Logistic,BlackConcentration,13,Low,9,182,0.7813,0.2912
tfidf_full,Logistic,BlackConcentration,13,High,0,562,0.1746,0.0374
tfidf_full,Logistic,BlackConcentration,13,High,1,494,0.2705,0.0628
tfidf_full,Logistic,BlackConcentration,13,High,2,534,0.3347,0.0768
tfidf_full,Logistic,BlackConcentration,13,High,3,560,0.3926,0.1018
tfidf_full,Logistic,BlackConcentration,13,High,4,542,0.4448,0.1476
tfidf_full,Logistic,BlackConcentration,13,High,5,548,0.4962,0.1314
tfidf_full,Logistic,BlackConcentration,13,High,6,590,0.5486,0.1814
tfidf_full,Logistic,BlackConcentration,13,High,7,572,0.6056,0.2185
tfidf_full,Logistic,BlackConcentration,13,High,8,618,0.6763,0.2816
tfidf_full,Logistic,BlackConcentration,13,High,9,608,0.7833,0.3635
tfidf_full,Logistic,SES_group,14,Low,0,778,0.1613,0.0257
tfidf_full,Logistic,SES_group,14,Low,1,743,0.2516,0.0592
tfidf_full,Logistic,SES_group,14,Low,2,704,0.313,0.0838
tfidf_full,Logistic,SES_group,14,Low,3,659,0.3682,0.1077
tfidf_full,Logistic,SES_group,14,Low,4,660,0.4207,0.1121
tfidf_full,Logistic,SES_group,14,Low,5,636,0.4725,0.1211
tfidf_full,Logistic,SES_group,14,Low,6,653,0.5271,0.2021
tfidf_full,Logistic,SES_group,14,Low,7,641,0.5892,0.2184
tfidf_full,Logistic,SES_group,14,Low,8,622,0.6603,0.2862
tfidf_full,Logistic,SES_group,14,Low,9,611,0.7673,0.3093
tfidf_full,Logistic,SES_group,14,High,0,285,0.1636,0.0316
tfidf_full,Logistic,SES_group,14,High,1,306,0.2529,0.0588
tfidf_full,Logistic,SES_group,14,High,2,313,0.3147,0.0895
tfidf_full,Logistic,SES_group,14,High,3,310,0.3683,0.1065
tfidf_full,Logistic,SES_group,14,High,4,357,0.4195,0.1092
tfidf_full,Logistic,SES_group,14,High,5,375,0.4727,0.112
tfidf_full,Logistic,SES_group,14,High,6,359,0.526,0.1866
tfidf_full,Logistic,SES_group,14,High,7,332,0.5889,0.1717
tfidf_full,Logistic,SES_group,14,High,8,360,0.6635,0.275
tfidf_full,Logistic,SES_group,14,High,9,402,0.7677,0.3657
tfidf_full,Logistic,BlackConcentration,14,Low,0,294,0.1655,0.0204
tfidf_full,Logistic,BlackConcentration,14,Low,1,271,0.2513,0.0849
tfidf_full,Logistic,BlackConcentration,14,Low,2,298,0.3135,0.0839
tfidf_full,Logistic,BlackConcentration,14,Low,3,293,0.3677,0.1297
tfidf_full,Logistic,BlackConcentration,14,Low,4,284,0.4198,0.1056
tfidf_full,Logistic,BlackConcentration,14,Low,5,272,0.4725,0.1618
tfidf_full,Logistic,BlackConcentration,14,Low,6,244,0.526,0.1926
tfidf_full,Logistic,BlackConcentration,14,Low,7,246,0.5902,0.1911
tfidf_full,Logistic,BlackConcentration,14,Low,8,248,0.6599,0.2702
tfidf_full,Logistic,BlackConcentration,14,Low,9,234,0.7669,0.312
tfidf_full,Logistic,BlackConcentration,14,High,0,610,0.1655,0.0443
tfidf_full,Logistic,BlackConcentration,14,High,1,671,0.2522,0.0522
tfidf_full,Logistic,BlackConcentration,14,High,2,656,0.3146,0.0899
tfidf_full,Logistic,BlackConcentration,14,High,3,627,0.3686,0.1021
tfidf_full,Logistic,BlackConcentration,14,High,4,624,0.4205,0.109
tfidf_full,Logistic,BlackConcentration,14,High,5,664,0.473,0.1416
tfidf_full,Logistic,BlackConcentration,14,High,6,666,0.5272,0.1877
tfidf_full,Logistic,BlackConcentration,14,High,7,679,0.5894,0.2106
tfidf_full,Logistic,BlackConcentration,14,High,8,654,0.6617,0.2951
tfidf_full,Logistic,BlackConcentration,14,High,9,719,0.7699,0.3421
tfidf_full,RandomForest,SES_group,1,Low,0,59,0.3795,0.0169
tfidf_full,RandomForest,SES_group,1,Low,1,51,0.4068,0.1176
tfidf_full,RandomForest,SES_group,1,Low,2,49,0.4366,0.1429
tfidf_full,RandomForest,SES_group,1,Low,3,48,0.4633,0.0417
tfidf_full,RandomForest,SES_group,1,Low,4,50,0.4817,0.1
tfidf_full,RandomForest,SES_group,1,Low,5,56,0.4975,0.25
tfidf_full,RandomForest,SES_group,1,Low,6,60,0.5103,0.15
tfidf_full,RandomForest,SES_group,1,Low,7,42,0.5251,0.1905
tfidf_full,RandomForest,SES_group,1,Low,8,49,0.5415,0.1837
tfidf_full,RandomForest,SES_group,1,Low,9,51,0.5603,0.2941
tfidf_full,RandomForest,SES_group,1,High,0,20,0.3806,0.1
tfidf_full,RandomForest,SES_group,1,High,1,19,0.4066,0.1579
tfidf_full,RandomForest,SES_group,1,High,2,20,0.4361,0.1
tfidf_full,RandomForest,SES_group,1,High,3,21,0.4633,0.0476
tfidf_full,RandomForest,SES_group,1,High,4,22,0.4823,0.1818
tfidf_full,RandomForest,SES_group,1,High,5,17,0.4976,0.1176
tfidf_full,RandomForest,SES_group,1,High,6,20,0.5107,0.1
tfidf_full,RandomForest,SES_group,1,High,7,25,0.5259,0.24
tfidf_full,RandomForest,SES_group,1,High,8,24,0.5406,0.1667
tfidf_full,RandomForest,SES_group,1,High,9,26,0.563,0.3462
tfidf_full,RandomForest,BlackConcentration,1,Low,0,17,0.3816,0.0
tfidf_full,RandomForest,BlackConcentration,1,Low,1,20,0.4081,0.1
tfidf_full,RandomForest,BlackConcentration,1,Low,2,17,0.4386,0.1765
tfidf_full,RandomForest,BlackConcentration,1,Low,3,17,0.4664,0.1176
tfidf_full,RandomForest,BlackConcentration,1,Low,4,19,0.4812,0.2632
tfidf_full,RandomForest,BlackConcentration,1,Low,5,20,0.4966,0.3
tfidf_full,RandomForest,BlackConcentration,1,Low,6,22,0.5114,0.1818
tfidf_full,RandomForest,BlackConcentration,1,Low,7,14,0.5258,0.2143
tfidf_full,RandomForest,BlackConcentration,1,Low,8,16,0.5411,0.3125
tfidf_full,RandomForest,BlackConcentration,1,Low,9,18,0.5661,0.1667
tfidf_full,RandomForest,BlackConcentration,1,High,0,55,0.3795,0.0364
tfidf_full,RandomForest,BlackConcentration,1,High,1,41,0.407,0.0244
tfidf_full,RandomForest,BlackConcentration,1,High,2,46,0.4373,0.087
tfidf_full,RandomForest,BlackConcentration,1,High,3,47,0.4637,0.0851
tfidf_full,RandomForest,BlackConcentration,1,High,4,37,0.4828,0.1892
tfidf_full,RandomForest,BlackConcentration,1,High,5,46,0.4983,0.2826
tfidf_full,RandomForest,BlackConcentration,1,High,6,41,0.5092,0.1463
tfidf_full,RandomForest,BlackConcentration,1,High,7,47,0.5258,0.1489
tfidf_full,RandomForest,BlackConcentration,1,High,8,55,0.541,0.1818
tfidf_full,RandomForest,BlackConcentration,1,High,9,45,0.5605,0.3111
tfidf_full,RandomForest,SES_group,2,Low,0,48,0.3794,0.0208
tfidf_full,RandomForest,SES_group,2,Low,1,56,0.3997,0.0357
tfidf_full,RandomForest,SES_group,2,Low,2,49,0.4152,0.0204
tfidf_full,RandomForest,SES_group,2,Low,3,59,0.4363,0.0508
tfidf_full,RandomForest,SES_group,2,Low,4,52,0.462,0.0577
tfidf_full,RandomForest,SES_group,2,Low,5,60,0.4826,0.05
tfidf_full,RandomForest,SES_group,2,Low,6,69,0.5012,0.1449
tfidf_full,RandomForest,SES_group,2,Low,7,56,0.5168,0.1786
tfidf_full,RandomForest,SES_group,2,Low,8,60,0.5363,0.1333
tfidf_full,RandomForest,SES_group,2,Low,9,52,0.5641,0.2115
tfidf_full,RandomForest,SES_group,2,High,0,26,0.3813,0.0769
tfidf_full,RandomForest,SES_group,2,High,1,22,0.3974,0.1364
tfidf_full,RandomForest,SES_group,2,High,2,31,0.414,0.0323
tfidf_full,RandomForest,SES_group,2,High,3,20,0.4382,0.1
tfidf_full,RandomForest,SES_group,2,High,4,25,0.4611,0.12
tfidf_full,RandomForest,SES_group,2,High,5,31,0.4804,0.1613
tfidf_full,RandomForest,SES_group,2,High,6,19,0.4994,0.1579
tfidf_full,RandomForest,SES_group,2,High,7,26,0.5165,0.2308
tfidf_full,RandomForest,SES_group,2,High,8,29,0.5336,0.2414
tfidf_full,RandomForest,SES_group,2,High,9,34,0.5619,0.2647
tfidf_full,RandomForest,SES_group,3,Low,0,73,0.3069,0.0
tfidf_full,RandomForest,SES_group,3,Low,1,62,0.3458,0.0161
tfidf_full,RandomForest,SES_group,3,Low,2,65,0.3793,0.0462
tfidf_full,RandomForest,SES_group,3,Low,3,65,0.4181,0.0462
tfidf_full,RandomForest,SES_group,3,Low,4,56,0.4507,0.0357
tfidf_full,RandomForest,SES_group,3,Low,5,56,0.4751,0.1071
tfidf_full,RandomForest,SES_group,3,Low,6,56,0.5005,0.1607
tfidf_full,RandomForest,SES_group,3,Low,7,61,0.5276,0.2295
tfidf_full,RandomForest,SES_group,3,Low,8,61,0.5584,0.2131
tfidf_full,RandomForest,SES_group,3,Low,9,51,0.5965,0.2549
tfidf_full,RandomForest,SES_group,3,High,0,25,0.3088,0.04
tfidf_full,RandomForest,SES_group,3,High,1,22,0.3498,0.0909
tfidf_full,RandomForest,SES_group,3,High,2,26,0.382,0.1538
tfidf_full,RandomForest,SES_group,3,High,3,26,0.4166,0.1154
tfidf_full,RandomForest,SES_group,3,High,4,31,0.4483,0.1935
tfidf_full,RandomForest,SES_group,3,High,5,28,0.4743,0.2857
tfidf_full,RandomForest,SES_group,3,High,6,28,0.5012,0.1786
tfidf_full,RandomForest,SES_group,3,High,7,33,0.5257,0.2727
tfidf_full,RandomForest,SES_group,3,High,8,31,0.5618,0.2258
tfidf_full,RandomForest,SES_group,3,High,9,42,0.599,0.3095
tfidf_full,RandomForest,SES_group,4,Low,0,86,0.3046,0.0
tfidf_full,RandomForest,SES_group,4,Low,1,82,0.3474,0.0488
tfidf_full,RandomForest,SES_group,4,Low,2,71,0.3823,0.1127
tfidf_full,RandomForest,SES_group,4,Low,3,83,0.4159,0.1205
tfidf_full,RandomForest,SES_group,4,Low,4,78,0.4488,0.1282
tfidf_full,RandomForest,SES_group,4,Low,5,78,0.481,0.0897
tfidf_full,RandomForest,SES_group,4,Low,6,96,0.5079,0.1979
tfidf_full,RandomForest,SES_group,4,Low,7,78,0.5311,0.1667
tfidf_full,RandomForest,SES_group,4,Low,8,88,0.5567,0.2386
tfidf_full,RandomForest,SES_group,4,Low,9,74,0.5945,0.2432
tfidf_full,RandomForest,SES_group,4,High,0,38,0.3044,0.0
tfidf_full,RandomForest,SES_group,4,High,1,46,0.3467,0.0217
tfidf_full,RandomForest,SES_group,4,High,2,48,0.3805,0.0208
tfidf_full,RandomForest,SES_group,4,High,3,32,0.4159,0.0938
tfidf_full,RandomForest,SES_group,4,High,4,45,0.4552,0.1111
tfidf_full,RandomForest,SES_group,4,High,5,40,0.4797,0.075
tfidf_full,RandomForest,SES_group,4,High,6,36,0.5052,0.1667
tfidf_full,RandomForest,SES_group,4,High,7,34,0.5348,0.3235
tfidf_full,RandomForest,SES_group,4,High,8,40,0.5569,0.3
tfidf_full,RandomForest,SES_group,4,High,9,38,0.5946,0.3684
tfidf_full,RandomForest,BlackConcentration,4,Low,0,22,0.3058,0.0455
tfidf_full,RandomForest,BlackConcentration,4,Low,1,21,0.346,0.1429
tfidf_full,RandomForest,BlackConcentration,4,Low,2,24,0.3824,0.125
tfidf_full,RandomForest,BlackConcentration,4,Low,3,31,0.4155,0.0645
tfidf_full,RandomForest,BlackConcentration,4,Low,4,14,0.4512,0.0
tfidf_full,RandomForest,BlackConcentration,4,Low,5,30,0.482,0.1
tfidf_full,RandomForest,BlackConcentration,4,Low,6,26,0.5096,0.1923
tfidf_full,RandomForest,BlackConcentration,4,Low,7,30,0.5333,0.4
tfidf_full,RandomForest,BlackConcentration,4,Low,8,25,0.5551,0.24
tfidf_full,RandomForest,BlackConcentration,4,Low,9,26,0.5976,0.1538
tfidf_full,RandomForest,BlackConcentration,4,High,0,85,0.3069,0.0
tfidf_full,RandomForest,BlackConcentration,4,High,1,88,0.3462,0.0455
tfidf_full,RandomForest,BlackConcentration,4,High,2,85,0.3807,0.0941
tfidf_full,RandomForest,BlackConcentration,4,High,3,73,0.4176,0.1507
tfidf_full,RandomForest,BlackConcentration,4,High,4,82,0.4533,0.1341
tfidf_full,RandomForest,BlackConcentration,4,High,5,81,0.4796,0.0864
tfidf_full,RandomForest,BlackConcentration,4,High,6,85,0.5062,0.2
tfidf_full,RandomForest,BlackConcentration,4,High,7,79,0.5319,0.2152
tfidf_full,RandomForest,BlackConcentration,4,High,8,86,0.5568,0.2209
tfidf_full,RandomForest,BlackConcentration,4,High,9,97,0.5943,0.3402
tfidf_full,RandomForest,SES_group,5,Low,0,91,0.2698,0.044
tfidf_full,RandomForest,SES_group,5,Low,1,99,0.3152,0.0505
tfidf_full,RandomForest,SES_group,5,Low,2,85,0.3488,0.0471
tfidf_full,RandomForest,SES_group,5,Low,3,92,0.3839,0.1087
tfidf_full,RandomForest,SES_group,5,Low,4,95,0.4168,0.0737
tfidf_full,RandomForest,SES_group,5,Low,5,96,0.4495,0.1979
tfidf_full,RandomForest,SES_group,5,Low,6,79,0.4775,0.2025
tfidf_full,RandomForest,SES_group,5,Low,7,105,0.5107,0.1714
tfidf_full,RandomForest,SES_group,5,Low,8,85,0.5446,0.1882
tfidf_full,RandomForest,SES_group,5,Low,9,83,0.599,0.4217
tfidf_full,RandomForest,SES_group,5,High,0,28,0.27,0.0357
tfidf_full,RandomForest,SES_group,5,High,1,38,0.3179,0.0
tfidf_full,RandomForest,SES_group,5,High,2,56,0.3492,0.0714
tfidf_full,RandomForest,SES_group,5,High,3,41,0.385,0.0976
tfidf_full,RandomForest,SES_group,5,High,4,36,0.4195,0.1667
tfidf_full,RandomForest,SES_group,5,High,5,32,0.4482,0.125
tfidf_full,RandomForest,SES_group,5,High,6,49,0.4754,0.1429
tfidf_full,RandomForest,SES_group,5,High,7,40,0.508,0.125
tfidf_full,RandomForest,SES_group,5,High,8,55,0.5449,0.3091
tfidf_full,RandomForest,SES_group,5,High,9,55,0.6002,0.2727
tfidf_full,RandomForest,BlackConcentration,5,Low,0,33,0.2646,0.0606
tfidf_full,RandomForest,BlackConcentration,5,Low,1,29,0.3179,0.0
tfidf_full,RandomForest,BlackConcentration,5,Low,2,30,0.3479,0.0
tfidf_full,RandomForest,BlackConcentration,5,Low,3,31,0.3831,0.1613
tfidf_full,RandomForest,BlackConcentration,5,Low,4,25,0.4176,0.12
tfidf_full,RandomForest,BlackConcentration,5,Low,5,37,0.4482,0.1622
tfidf_full,RandomForest,BlackConcentration,5,Low,6,25,0.4809,0.24
tfidf_full,RandomForest,BlackConcentration,5,Low,7,25,0.5111,0.12
tfidf_full,RandomForest,BlackConcentration,5,Low,8,30,0.5475,0.2333
tfidf_full,RandomForest,BlackConcentration,5,Low,9,28,0.6052,0.3571
tfidf_full,RandomForest,BlackConcentration,5,High,0,89,0.2673,0.0112
tfidf_full,RandomForest,BlackConcentration,5,High,1,87,0.3135,0.023
tfidf_full,RandomForest,BlackConcentration,5,High,2,101,0.3495,0.0594
tfidf_full,RandomForest,BlackConcentration,5,High,3,95,0.3841,0.1158
tfidf_full,RandomForest,BlackConcentration,5,High,4,85,0.4178,0.0941
tfidf_full,RandomForest,BlackConcentration,5,High,5,83,0.448,0.1687
tfidf_full,RandomForest,BlackConcentration,5,High,6,94,0.4768,0.1596
tfidf_full,RandomForest,BlackConcentration,5,High,7,95,0.5093,0.1474
tfidf_full,RandomForest,BlackConcentration,5,High,8,88,0.5445,0.2955
tfidf_full,RandomForest,BlackConcentration,5,High,9,92,0.5995,0.3913
tfidf_full,RandomForest,SES_group,6,Low,0,103,0.302,0.0388
tfidf_full,RandomForest,SES_group,6,Low,1,105,0.3583,0.0857
tfidf_full,RandomForest,SES_group,6,Low,2,96,0.3947,0.1146
tfidf_full,RandomForest,SES_group,6,Low,3,89,0.428,0.1236
tfidf_full,RandomForest,SES_group,6,Low,4,94,0.4599,0.1277
tfidf_full,RandomForest,SES_group,6,Low,5,101,0.4894,0.1386
tfidf_full,RandomForest,SES_group,6,Low,6,96,0.5188,0.2604
tfidf_full,RandomForest,SES_group,6,Low,7,96,0.5438,0.1875
tfidf_full,RandomForest,SES_group,6,Low,8,78,0.5726,0.3077
tfidf_full,RandomForest,SES_group,6,Low,9,101,0.6125,0.4554
tfidf_full,RandomForest,SES_group,6,High,0,56,0.3045,0.125
tfidf_full,RandomForest,SES_group,6,High,1,37,0.3589,0.1081
tfidf_full,RandomForest,SES_group,6,High,2,45,0.3942,0.1556
tfidf_full,RandomForest,SES_group,6,High,3,47,0.428,0.1277
tfidf_full,RandomForest,SES_group,6,High,4,53,0.4612,0.1321
tfidf_full,RandomForest,SES_group,6,High,5,42,0.4895,0.1667
tfidf_full,RandomForest,SES_group,6,High,6,54,0.5179,0.2593
tfidf_full,RandomForest,SES_group,6,High,7,49,0.5431,0.3878
tfidf_full,RandomForest,SES_group,6,High,8,73,0.5726,0.274
tfidf_full,RandomForest,SES_group,6,High,9,51,0.6154,0.2549
tfidf_full,RandomForest,BlackConcentration,6,Low,0,29,0.3105,0.069
tfidf_full,RandomForest,BlackConcentration,6,Low,1,39,0.3589,0.0513
tfidf_full,RandomForest,BlackConcentration,6,Low,2,38,0.3935,0.1316
tfidf_full,RandomForest,BlackConcentration,6,Low,3,32,0.4304,0.125
tfidf_full,RandomForest,BlackConcentration,6,Low,4,37,0.4568,0.1081
tfidf_full,RandomForest,BlackConcentration,6,Low,5,41,0.4901,0.0976
tfidf_full,RandomForest,BlackConcentration,6,Low,6,29,0.519,0.2069
tfidf_full,RandomForest,BlackConcentration,6,Low,7,39,0.5428,0.2051
tfidf_full,RandomForest,BlackConcentration,6,Low,8,34,0.5704,0.3824
tfidf_full,RandomForest,BlackConcentration,6,Low,9,31,0.6123,0.3871
tfidf_full,RandomForest,BlackConcentration,6,High,0,118,0.3028,0.0593
tfidf_full,RandomForest,BlackConcentration,6,High,1,96,0.3587,0.1146
tfidf_full,RandomForest,BlackConcentration,6,High,2,96,0.3933,0.0833
tfidf_full,RandomForest,BlackConcentration,6,High,3,90,0.4273,0.1111
tfidf_full,RandomForest,BlackConcentration,6,High,4,100,0.4602,0.15
tfidf_full,RandomForest,BlackConcentration,6,High,5,90,0.4895,0.2111
tfidf_full,RandomForest,BlackConcentration,6,High,6,96,0.5176,0.2292
tfidf_full,RandomForest,BlackConcentration,6,High,7,92,0.5437,0.2935
tfidf_full,RandomForest,BlackConcentration,6,High,8,118,0.5728,0.2627
tfidf_full,RandomForest,BlackConcentration,6,High,9,106,0.6144,0.3962
tfidf_full,RandomForest,SES_group,7,Low,0,131,0.3028,0.0458
tfidf_full,RandomForest,SES_group,7,Low,1,124,0.3483,0.1048
tfidf_full,RandomForest,SES_group,7,Low,2,133,0.3775,0.0526
tfidf_full,RandomForest,SES_group,7,Low,3,118,0.4066,0.0847
tfidf_full,RandomForest,SES_group,7,Low,4,116,0.4302,0.1379
tfidf_full,RandomForest,SES_group,7,Low,5,117,0.4553,0.1624
tfidf_full,RandomForest,SES_group,7,Low,6,113,0.483,0.0973
tfidf_full,RandomForest,SES_group,7,Low,7,124,0.5156,0.1452
tfidf_full,RandomForest,SES_group,7,Low,8,105,0.5494,0.3238
tfidf_full,RandomForest,SES_group,7,Low,9,130,0.6054,0.2846
tfidf_full,RandomForest,SES_group,7,High,0,61,0.3053,0.0984
tfidf_full,RandomForest,SES_group,7,High,1,63,0.3473,0.0635
tfidf_full,RandomForest,SES_group,7,High,2,64,0.3773,0.0625
tfidf_full,RandomForest,SES_group,7,High,3,69,0.406,0.1159
tfidf_full,RandomForest,SES_group,7,High,4,70,0.4319,0.0714
tfidf_full,RandomForest,SES_group,7,High,5,71,0.4545,0.1268
tfidf_full,RandomForest,SES_group,7,High,6,72,0.4875,0.25
tfidf_full,RandomForest,SES_group,7,High,7,69,0.515,0.2174
tfidf_full,RandomForest,SES_group,7,High,8,78,0.5488,0.2821
tfidf_full,RandomForest,SES_group,7,High,9,59,0.6018,0.3559
tfidf_full,RandomForest,BlackConcentration,7,Low,0,45,0.3068,0.0444
tfidf_full,RandomForest,BlackConcentration,7,Low,1,39,0.3482,0.0256
tfidf_full,RandomForest,BlackConcentration,7,Low,2,43,0.377,0.1395
tfidf_full,RandomForest,BlackConcentration,7,Low,3,39,0.4078,0.0769
tfidf_full,RandomForest,BlackConcentration,7,Low,4,38,0.4325,0.0526
tfidf_full,RandomForest,BlackConcentration,7,Low,5,41,0.4547,0.0976
tfidf_full,RandomForest,BlackConcentration,7,Low,6,42,0.4856,0.1905
tfidf_full,RandomForest,BlackConcentration,7,Low,7,48,0.5177,0.1875
tfidf_full,RandomForest,BlackConcentration,7,Low,8,46,0.549,0.2609
tfidf_full,RandomForest,BlackConcentration,7,Low,9,47,0.606,0.3617
tfidf_full,RandomForest,BlackConcentration,7,High,0,123,0.3048,0.065
tfidf_full,RandomForest,BlackConcentration,7,High,1,142,0.3476,0.0915
tfidf_full,RandomForest,BlackConcentration,7,High,2,114,0.3786,0.0439
tfidf_full,RandomForest,BlackConcentration,7,High,3,122,0.4058,0.0902
tfidf_full,RandomForest,BlackConcentration,7,High,4,137,0.4298,0.1168
tfidf_full,RandomForest,BlackConcentration,7,High,5,126,0.4553,0.1429
tfidf_full,RandomForest,BlackConcentration,7,High,6,131,0.4856,0.1603
tfidf_full,RandomForest,BlackConcentration,7,High,7,117,0.5148,0.2308
tfidf_full,RandomForest,BlackConcentration,7,High,8,131,0.5476,0.2443
tfidf_full,RandomForest,BlackConcentration,7,High,9,133,0.6022,0.3008
tfidf_full,RandomForest,SES_group,8,Low,0,181,0.3604,0.0552
tfidf_full,RandomForest,SES_group,8,Low,1,188,0.4155,0.0904
tfidf_full,RandomForest,SES_group,8,Low,2,162,0.4478,0.1605
tfidf_full,RandomForest,SES_group,8,Low,3,149,0.4747,0.1141
tfidf_full,RandomForest,SES_group,8,Low,4,156,0.4974,0.0769
tfidf_full,RandomForest,SES_group,8,Low,5,174,0.5204,0.1552
tfidf_full,RandomForest,SES_group,8,Low,6,183,0.5394,0.224
tfidf_full,RandomForest,SES_group,8,Low,7,168,0.5578,0.25
tfidf_full,RandomForest,SES_group,8,Low,8,179,0.5775,0.3017
tfidf_full,RandomForest,SES_group,8,Low,9,175,0.6099,0.3429
tfidf_full,RandomForest,SES_group,8,High,0,85,0.3651,0.0353
tfidf_full,RandomForest,SES_group,8,High,1,88,0.4152,0.0682
tfidf_full,RandomForest,SES_group,8,High,2,85,0.4489,0.1529
tfidf_full,RandomForest,SES_group,8,High,3,102,0.4749,0.1569
tfidf_full,RandomForest,SES_group,8,High,4,82,0.4979,0.1829
tfidf_full,RandomForest,SES_group,8,High,5,87,0.5196,0.1839
tfidf_full,RandomForest,SES_group,8,High,6,74,0.5391,0.1757
tfidf_full,RandomForest,SES_group,8,High,7,71,0.5585,0.2113
tfidf_full,RandomForest,SES_group,8,High,8,82,0.5777,0.3171
tfidf_full,RandomForest,SES_group,8,High,9,82,0.6066,0.4512
tfidf_full,RandomForest,BlackConcentration,8,Low,0,66,0.3637,0.0455
tfidf_full,RandomForest,BlackConcentration,8,Low,1,66,0.4168,0.0909
tfidf_full,RandomForest,BlackConcentration,8,Low,2,54,0.4496,0.1667
tfidf_full,RandomForest,BlackConcentration,8,Low,3,53,0.4763,0.1509
tfidf_full,RandomForest,BlackConcentration,8,Low,4,50,0.4966,0.2
tfidf_full,RandomForest,BlackConcentration,8,Low,5,50,0.5196,0.16
tfidf_full,RandomForest,BlackConcentration,8,Low,6,52,0.5405,0.1538
tfidf_full,RandomForest,BlackConcentration,8,Low,7,49,0.5579,0.3061
tfidf_full,RandomForest,BlackConcentration,8,Low,8,57,0.5775,0.2281
tfidf_full,RandomForest,BlackConcentration,8,Low,9,58,0.6106,0.431
tfidf_full,RandomForest,BlackConcentration,8,High,0,158,0.3601,0.0443
tfidf_full,RandomForest,BlackConcentration,8,High,1,161,0.4159,0.0745
tfidf_full,RandomForest,BlackConcentration,8,High,2,170,0.4479,0.1765
tfidf_full,RandomForest,BlackConcentration,8,High,3,209,0.4741,0.1244
tfidf_full,RandomForest,BlackConcentration,8,High,4,162,0.4971,0.1543
tfidf_full,RandomForest,BlackConcentration,8,High,5,193,0.5206,0.1813
tfidf_full,RandomForest,BlackConcentration,8,High,6,176,0.539,0.2443
tfidf_full,RandomForest,BlackConcentration,8,High,7,190,0.5579,0.2474
tfidf_full,RandomForest,BlackConcentration,8,High,8,182,0.5778,0.3297
tfidf_full,RandomForest,BlackConcentration,8,High,9,182,0.6079,0.3352
tfidf_full,RandomForest,SES_group,9,Low,0,295,0.3652,0.0305
tfidf_full,RandomForest,SES_group,9,Low,1,285,0.4105,0.0632
tfidf_full,RandomForest,SES_group,9,Low,2,267,0.4384,0.0599
tfidf_full,RandomForest,SES_group,9,Low,3,239,0.4633,0.0795
tfidf_full,RandomForest,SES_group,9,Low,4,252,0.4878,0.1468
tfidf_full,RandomForest,SES_group,9,Low,5,230,0.511,0.1522
tfidf_full,RandomForest,SES_group,9,Low,6,269,0.5318,0.1487
tfidf_full,RandomForest,SES_group,9,Low,7,272,0.552,0.2169
tfidf_full,RandomForest,SES_group,9,Low,8,243,0.5735,0.2428
tfidf_full,RandomForest,SES_group,9,Low,9,243,0.605,0.3333
tfidf_full,RandomForest,SES_group,9,High,0,124,0.3668,0.0403
tfidf_full,RandomForest,SES_group,9,High,1,139,0.4088,0.0647
tfidf_full,RandomForest,SES_group,9,High,2,123,0.4385,0.0732
tfidf_full,RandomForest,SES_group,9,High,3,157,0.4645,0.0955
tfidf_full,RandomForest,SES_group,9,High,4,142,0.4878,0.1479
tfidf_full,RandomForest,SES_group,9,High,5,157,0.5124,0.1338
tfidf_full,RandomForest,SES_group,9,High,6,144,0.5326,0.1458
tfidf_full,RandomForest,SES_group,9,High,7,148,0.5523,0.2365
tfidf_full,RandomForest,SES_group,9,High,8,139,0.5731,0.2446
tfidf_full,RandomForest,SES_group,9,High,9,156,0.6062,0.359
tfidf_full,RandomForest,BlackConcentration,9,Low,0,113,0.3642,0.0177
tfidf_full,RandomForest,BlackConcentration,9,Low,1,104,0.4099,0.0288
tfidf_full,RandomForest,BlackConcentration,9,Low,2,122,0.4388,0.0492
tfidf_full,RandomForest,BlackConcentration,9,Low,3,84,0.4644,0.1667
tfidf_full,RandomForest,BlackConcentration,9,Low,4,92,0.4874,0.1522
tfidf_full,RandomForest,BlackConcentration,9,Low,5,88,0.5106,0.1023
tfidf_full,RandomForest,BlackConcentration,9,Low,6,102,0.5315,0.1765
tfidf_full,RandomForest,BlackConcentration,9,Low,7,115,0.552,0.2174
tfidf_full,RandomForest,BlackConcentration,9,Low,8,89,0.5733,0.2022
tfidf_full,RandomForest,BlackConcentration,9,Low,9,111,0.6065,0.3063
tfidf_full,RandomForest,BlackConcentration,9,High,0,270,0.3661,0.0333
tfidf_full,RandomForest,BlackConcentration,9,High,1,263,0.4102,0.057
tfidf_full,RandomForest,BlackConcentration,9,High,2,269,0.4378,0.0595
tfidf_full,RandomForest,BlackConcentration,9,High,3,285,0.4639,0.0947
tfidf_full,RandomForest,BlackConcentration,9,High,4,274,0.4887,0.1423
tfidf_full,RandomForest,BlackConcentration,9,High,5,273,0.512,0.1502
tfidf_full,RandomForest,BlackConcentration,9,High,6,271,0.5318,0.1771
tfidf_full,RandomForest,BlackConcentration,9,High,7,264,0.5521,0.2386
tfidf_full,RandomForest,BlackConcentration,9,High,8,262,0.5733,0.2252
tfidf_full,RandomForest,BlackConcentration,9,High,9,284,0.6044,0.3345
tfidf_full,RandomForest,SES_group,10,Low,0,325,0.3474,0.0369
tfidf_full,RandomForest,SES_group,10,Low,1,271,0.3954,0.0738
tfidf_full,RandomForest,SES_group,10,Low,2,288,0.422,0.0625
tfidf_full,RandomForest,SES_group,10,Low,3,271,0.4448,0.107
tfidf_full,RandomForest,SES_group,10,Low,4,272,0.467,0.114
tfidf_full,RandomForest,SES_group,10,Low,5,268,0.4884,0.1455
tfidf_full,RandomForest,SES_group,10,Low,6,273,0.509,0.1612
tfidf_full,RandomForest,SES_group,10,Low,7,258,0.5318,0.1744
tfidf_full,RandomForest,SES_group,10,Low,8,247,0.5558,0.251
tfidf_full,RandomForest,SES_group,10,Low,9,238,0.5933,0.3025
tfidf_full,RandomForest,SES_group,10,High,0,121,0.3485,0.0331
tfidf_full,RandomForest,SES_group,10,High,1,136,0.3958,0.0515
tfidf_full,RandomForest,SES_group,10,High,2,123,0.4218,0.0894
tfidf_full,RandomForest,SES_group,10,High,3,137,0.4438,0.0803
tfidf_full,RandomForest,SES_group,10,High,4,120,0.4663,0.1333
tfidf_full,RandomForest,SES_group,10,High,5,129,0.488,0.0775
tfidf_full,RandomForest,SES_group,10,High,6,133,0.5098,0.1504
tfidf_full,RandomForest,SES_group,10,High,7,154,0.531,0.2338
tfidf_full,RandomForest,SES_group,10,High,8,150,0.5539,0.2467
tfidf_full,RandomForest,SES_group,10,High,9,153,0.5941,0.3725
tfidf_full,RandomForest,BlackConcentration,10,Low,0,105,0.351,0.0095
tfidf_full,RandomForest,BlackConcentration,10,Low,1,91,0.397,0.0659
tfidf_full,RandomForest,BlackConcentration,10,Low,2,109,0.4217,0.0826
tfidf_full,RandomForest,BlackConcentration,10,Low,3,112,0.4453,0.1339
tfidf_full,RandomForest,BlackConcentration,10,Low,4,100,0.4661,0.16
tfidf_full,RandomForest,BlackConcentration,10,Low,5,97,0.4872,0.1237
tfidf_full,RandomForest,BlackConcentration,10,Low,6,88,0.5098,0.1364
tfidf_full,RandomForest,BlackConcentration,10,Low,7,103,0.5317,0.1359
tfidf_full,RandomForest,BlackConcentration,10,Low,8,100,0.5549,0.24
tfidf_full,RandomForest,BlackConcentration,10,Low,9,107,0.5933,0.2804
tfidf_full,RandomForest,BlackConcentration,10,High,0,264,0.347,0.0341
tfidf_full,RandomForest,BlackConcentration,10,High,1,265,0.3954,0.0604
tfidf_full,RandomForest,BlackConcentration,10,High,2,229,0.4222,0.1266
tfidf_full,RandomForest,BlackConcentration,10,High,3,263,0.4444,0.0913
tfidf_full,RandomForest,BlackConcentration,10,High,4,272,0.4664,0.1324
tfidf_full,RandomForest,BlackConcentration,10,High,5,266,0.488,0.1241
tfidf_full,RandomForest,BlackConcentration,10,High,6,284,0.5092,0.1796
tfidf_full,RandomForest,BlackConcentration,10,High,7,284,0.531,0.2289
tfidf_full,RandomForest,BlackConcentration,10,High,8,288,0.5554,0.2465
tfidf_full,RandomForest,BlackConcentration,10,High,9,279,0.595,0.3978
tfidf_full,RandomForest,SES_group,11,Low,0,446,0.3391,0.0381
tfidf_full,RandomForest,SES_group,11,Low,1,373,0.3842,0.0643
tfidf_full,RandomForest,SES_group,11,Low,2,386,0.4132,0.0829
tfidf_full,RandomForest,SES_group,11,Low,3,385,0.4399,0.0987
tfidf_full,RandomForest,SES_group,11,Low,4,343,0.4685,0.1137
tfidf_full,RandomForest,SES_group,11,Low,5,356,0.4934,0.1545
tfidf_full,RandomForest,SES_group,11,Low,6,343,0.5162,0.1808
tfidf_full,RandomForest,SES_group,11,Low,7,340,0.5378,0.2088
tfidf_full,RandomForest,SES_group,11,Low,8,332,0.5603,0.2319
tfidf_full,RandomForest,SES_group,11,Low,9,343,0.598,0.2857
tfidf_full,RandomForest,SES_group,11,High,0,137,0.3362,0.0219
tfidf_full,RandomForest,SES_group,11,High,1,181,0.3854,0.0387
tfidf_full,RandomForest,SES_group,11,High,2,177,0.4132,0.0734
tfidf_full,RandomForest,SES_group,11,High,3,193,0.4407,0.1244
tfidf_full,RandomForest,SES_group,11,High,4,202,0.4672,0.1089
tfidf_full,RandomForest,SES_group,11,High,5,192,0.4942,0.1302
tfidf_full,RandomForest,SES_group,11,High,6,209,0.5156,0.1435
tfidf_full,RandomForest,SES_group,11,High,7,200,0.538,0.215
tfidf_full,RandomForest,SES_group,11,High,8,207,0.5607,0.2512
tfidf_full,RandomForest,SES_group,11,High,9,202,0.5978,0.3762
tfidf_full,RandomForest,BlackConcentration,11,Low,0,157,0.3379,0.0255
tfidf_full,RandomForest,BlackConcentration,11,Low,1,140,0.3851,0.0643
tfidf_full,RandomForest,BlackConcentration,11,Low,2,127,0.4127,0.0866
tfidf_full,RandomForest,BlackConcentration,11,Low,3,133,0.4396,0.0677
tfidf_full,RandomForest,BlackConcentration,11,Low,4,138,0.4681,0.1159
tfidf_full,RandomForest,BlackConcentration,11,Low,5,122,0.4942,0.123
tfidf_full,RandomForest,BlackConcentration,11,Low,6,138,0.5152,0.1232
tfidf_full,RandomForest,BlackConcentration,11,Low,7,151,0.5372,0.1987
tfidf_full,RandomForest,BlackConcentration,11,Low,8,133,0.5605,0.1729
tfidf_full,RandomForest,BlackConcentration,11,Low,9,139,0.5968,0.259
tfidf_full,RandomForest,BlackConcentration,11,High,0,327,0.3397,0.0489
tfidf_full,RandomForest,BlackConcentration,11,High,1,349,0.3851,0.0458
tfidf_full,RandomForest,BlackConcentration,11,High,2,350,0.4132,0.0714
tfidf_full,RandomForest,BlackConcentration,11,High,3,343,0.4405,0.1283
tfidf_full,RandomForest,BlackConcentration,11,High,4,360,0.4677,0.1222
tfidf_full,RandomForest,BlackConcentration,11,High,5,379,0.4939,0.1504
tfidf_full,RandomForest,BlackConcentration,11,High,6,374,0.516,0.1578
tfidf_full,RandomForest,BlackConcentration,11,High,7,349,0.5377,0.1948
tfidf_full,RandomForest,BlackConcentration,11,High,8,359,0.5607,0.2368
tfidf_full,RandomForest,BlackConcentration,11,High,9,373,0.5979,0.3056
tfidf_full,RandomForest,SES_group,12,Low,0,519,0.3465,0.027
tfidf_full,RandomForest,SES_group,12,Low,1,500,0.3967,0.062
tfidf_full,RandomForest,SES_group,12,Low,2,488,0.425,0.0861
tfidf_full,RandomForest,SES_group,12,Low,3,448,0.45,0.1004
tfidf_full,RandomForest,SES_group,12,Low,4,473,0.4775,0.1395
tfidf_full,RandomForest,SES_group,12,Low,5,467,0.5035,0.1692
tfidf_full,RandomForest,SES_group,12,Low,6,465,0.5251,0.1742
tfidf_full,RandomForest,SES_group,12,Low,7,458,0.5449,0.1987
tfidf_full,RandomForest,SES_group,12,Low,8,434,0.5677,0.2627
tfidf_full,RandomForest,SES_group,12,Low,9,453,0.6045,0.2781
tfidf_full,RandomForest,SES_group,12,High,0,220,0.3523,0.05
tfidf_full,RandomForest,SES_group,12,High,1,239,0.395,0.0795
tfidf_full,RandomForest,SES_group,12,High,2,273,0.4249,0.0696
tfidf_full,RandomForest,SES_group,12,High,3,275,0.4507,0.0836
tfidf_full,RandomForest,SES_group,12,High,4,268,0.4781,0.1306
tfidf_full,RandomForest,SES_group,12,High,5,255,0.5035,0.1686
tfidf_full,RandomForest,SES_group,12,High,6,270,0.5254,0.2074
tfidf_full,RandomForest,SES_group,12,High,7,274,0.5453,0.2518
tfidf_full,RandomForest,SES_group,12,High,8,272,0.5662,0.2463
tfidf_full,RandomForest,SES_group,12,High,9,262,0.6039,0.3931
tfidf_full,RandomForest,BlackConcentration,12,Low,0,178,0.3467,0.0225
tfidf_full,RandomForest,BlackConcentration,12,Low,1,210,0.396,0.081
tfidf_full,RandomForest,BlackConcentration,12,Low,2,192,0.4249,0.0469
tfidf_full,RandomForest,BlackConcentration,12,Low,3,159,0.4507,0.1321
tfidf_full,RandomForest,BlackConcentration,12,Low,4,176,0.4772,0.108
tfidf_full,RandomForest,BlackConcentration,12,Low,5,171,0.5038,0.1404
tfidf_full,RandomForest,BlackConcentration,12,Low,6,182,0.5253,0.1703
tfidf_full,RandomForest,BlackConcentration,12,Low,7,175,0.5451,0.2514
tfidf_full,RandomForest,BlackConcentration,12,Low,8,181,0.5669,0.2707
tfidf_full,RandomForest,BlackConcentration,12,Low,9,168,0.6028,0.2738
tfidf_full,RandomForest,BlackConcentration,12,High,0,474,0.3485,0.0338
tfidf_full,RandomForest,BlackConcentration,12,High,1,455,0.3961,0.0571
tfidf_full,RandomForest,BlackConcentration,12,High,2,451,0.4249,0.1042
tfidf_full,RandomForest,BlackConcentration,12,High,3,511,0.4502,0.1135
tfidf_full,RandomForest,BlackConcentration,12,High,4,472,0.478,0.1462
tfidf_full,RandomForest,BlackConcentration,12,High,5,502,0.5035,0.1753
tfidf_full,RandomForest,BlackConcentration,12,High,6,513,0.5255,0.1832
tfidf_full,RandomForest,BlackConcentration,12,High,7,527,0.545,0.2163
tfidf_full,RandomForest,BlackConcentration,12,High,8,510,0.5673,0.2627
tfidf_full,RandomForest,BlackConcentration,12,High,9,483,0.6044,0.3375
tfidf_full,RandomForest,SES_group,13,Low,0,643,0.3494,0.0327
tfidf_full,RandomForest,SES_group,13,Low,1,604,0.3952,0.0662
tfidf_full,RandomForest,SES_group,13,Low,2,613,0.4234,0.0995
tfidf_full,RandomForest,SES_group,13,Low,3,550,0.4496,0.1255
tfidf_full,RandomForest,SES_group,13,Low,4,547,0.4758,0.1133
tfidf_full,RandomForest,SES_group,13,Low,5,575,0.5005,0.1513
tfidf_full,RandomForest,SES_group,13,Low,6,559,0.5224,0.195
tfidf_full,RandomForest,SES_group,13,Low,7,552,0.5421,0.2283
tfidf_full,RandomForest,SES_group,13,Low,8,542,0.5623,0.2103
tfidf_full,RandomForest,SES_group,13,Low,9,501,0.5981,0.2954
tfidf_full,RandomForest,SES_group,13,High,0,248,0.3528,0.0444
tfidf_full,RandomForest,SES_group,13,High,1,249,0.3959,0.0683
tfidf_full,RandomForest,SES_group,13,High,2,290,0.4247,0.0897
tfidf_full,RandomForest,SES_group,13,High,3,321,0.45,0.1277
tfidf_full,RandomForest,SES_group,13,High,4,319,0.4757,0.1223
tfidf_full,RandomForest,SES_group,13,High,5,291,0.4996,0.1512
tfidf_full,RandomForest,SES_group,13,High,6,292,0.522,0.1815
tfidf_full,RandomForest,SES_group,13,High,7,328,0.5427,0.2104
tfidf_full,RandomForest,SES_group,13,High,8,310,0.5628,0.2516
tfidf_full,RandomForest,SES_group,13,High,9,355,0.5997,0.3606
tfidf_full,RandomForest,BlackConcentration,13,Low,0,230,0.3532,0.0304
tfidf_full,RandomForest,BlackConcentration,13,Low,1,227,0.396,0.0661
tfidf_full,RandomForest,BlackConcentration,13,Low,2,231,0.4237,0.0823
tfidf_full,RandomForest,BlackConcentration,13,Low,3,214,0.4499,0.1168
tfidf_full,RandomForest,BlackConcentration,13,Low,4,225,0.4763,0.1244
tfidf_full,RandomForest,BlackConcentration,13,Low,5,208,0.5012,0.1635
tfidf_full,RandomForest,BlackConcentration,13,Low,6,199,0.5221,0.1508
tfidf_full,RandomForest,BlackConcentration,13,Low,7,221,0.5422,0.1855
tfidf_full,RandomForest,BlackConcentration,13,Low,8,207,0.5624,0.2174
tfidf_full,RandomForest,BlackConcentration,13,Low,9,208,0.5971,0.3029
tfidf_full,RandomForest,BlackConcentration,13,High,0,531,0.3492,0.0358
tfidf_full,RandomForest,BlackConcentration,13,High,1,520,0.3952,0.0731
tfidf_full,RandomForest,BlackConcentration,13,High,2,526,0.4242,0.1027
tfidf_full,RandomForest,BlackConcentration,13,High,3,581,0.4499,0.1033
tfidf_full,RandomForest,BlackConcentration,13,High,4,563,0.4754,0.1332
tfidf_full,RandomForest,BlackConcentration,13,High,5,555,0.5005,0.1297
tfidf_full,RandomForest,BlackConcentration,13,High,6,568,0.5221,0.1849
tfidf_full,RandomForest,BlackConcentration,13,High,7,602,0.5422,0.2458
tfidf_full,RandomForest,BlackConcentration,13,High,8,577,0.5626,0.2426
tfidf_full,RandomForest,BlackConcentration,13,High,9,605,0.5994,0.3603
tfidf_full,RandomForest,SES_group,14,Low,0,771,0.3482,0.0259
tfidf_full,RandomForest,SES_group,14,Low,1,716,0.3908,0.0601
tfidf_full,RandomForest,SES_group,14,Low,2,681,0.4176,0.0881
tfidf_full,RandomForest,SES_group,14,Low,3,666,0.4411,0.1201
tfidf_full,RandomForest,SES_group,14,Low,4,650,0.4664,0.0969
tfidf_full,RandomForest,SES_group,14,Low,5,648,0.4917,0.1358
tfidf_full,RandomForest,SES_group,14,Low,6,674,0.5161,0.1795
tfidf_full,RandomForest,SES_group,14,Low,7,654,0.5383,0.2095
tfidf_full,RandomForest,SES_group,14,Low,8,638,0.56,0.2931
tfidf_full,RandomForest,SES_group,14,Low,9,609,0.5938,0.3038
tfidf_full,RandomForest,SES_group,14,High,0,299,0.3503,0.0334
tfidf_full,RandomForest,SES_group,14,High,1,319,0.3924,0.0878
tfidf_full,RandomForest,SES_group,14,High,2,312,0.4182,0.0673
tfidf_full,RandomForest,SES_group,14,High,3,315,0.4404,0.0984
tfidf_full,RandomForest,SES_group,14,High,4,329,0.4659,0.1064
tfidf_full,RandomForest,SES_group,14,High,5,357,0.4917,0.1429
tfidf_full,RandomForest,SES_group,14,High,6,347,0.516,0.1499
tfidf_full,RandomForest,SES_group,14,High,7,380,0.5383,0.2
tfidf_full,RandomForest,SES_group,14,High,8,338,0.5598,0.2663
tfidf_full,RandomForest,SES_group,14,High,9,403,0.5939,0.3598
tfidf_full,RandomForest,BlackConcentration,14,Low,0,278,0.3513,0.0396
tfidf_full,RandomForest,BlackConcentration,14,Low,1,285,0.3906,0.0807
tfidf_full,RandomForest,BlackConcentration,14,Low,2,290,0.4179,0.0966
tfidf_full,RandomForest,BlackConcentration,14,Low,3,277,0.4406,0.1119
tfidf_full,RandomForest,BlackConcentration,14,Low,4,260,0.4666,0.1346
tfidf_full,RandomForest,BlackConcentration,14,Low,5,251,0.4926,0.1235
tfidf_full,RandomForest,BlackConcentration,14,Low,6,282,0.5151,0.1667
tfidf_full,RandomForest,BlackConcentration,14,Low,7,274,0.5378,0.1825
tfidf_full,RandomForest,BlackConcentration,14,Low,8,242,0.5598,0.2934
tfidf_full,RandomForest,BlackConcentration,14,Low,9,245,0.5936,0.298
tfidf_full,RandomForest,BlackConcentration,14,High,0,624,0.35,0.0321
tfidf_full,RandomForest,BlackConcentration,14,High,1,659,0.3914,0.0713
tfidf_full,RandomForest,BlackConcentration,14,High,2,619,0.4179,0.0743
tfidf_full,RandomForest,BlackConcentration,14,High,3,647,0.4406,0.1097
tfidf_full,RandomForest,BlackConcentration,14,High,4,672,0.4659,0.1057
tfidf_full,RandomForest,BlackConcentration,14,High,5,654,0.4917,0.1529
tfidf_full,RandomForest,BlackConcentration,14,High,6,656,0.5163,0.1707
tfidf_full,RandomForest,BlackConcentration,14,High,7,660,0.5384,0.2136
tfidf_full,RandomForest,BlackConcentration,14,High,8,684,0.5601,0.2968
tfidf_full,RandomForest,BlackConcentration,14,High,9,695,0.5942,0.3496
tfidf_full,XGBoost,SES_group,1,Low,0,63,0.1242,0.0476
tfidf_full,XGBoost,SES_group,1,Low,1,50,0.2082,0.06
tfidf_full,XGBoost,SES_group,1,Low,2,53,0.2784,0.0943
tfidf_full,XGBoost,SES_group,1,Low,3,54,0.3467,0.1481
tfidf_full,XGBoost,SES_group,1,Low,4,56,0.4124,0.0893
tfidf_full,XGBoost,SES_group,1,Low,5,49,0.471,0.1633
tfidf_full,XGBoost,SES_group,1,Low,6,52,0.522,0.1923
tfidf_full,XGBoost,SES_group,1,Low,7,47,0.572,0.1915
tfidf_full,XGBoost,SES_group,1,Low,8,43,0.6255,0.2326
tfidf_full,XGBoost,SES_group,1,Low,9,48,0.7268,0.3125
tfidf_full,XGBoost,SES_group,1,High,0,16,0.1225,0.0625
tfidf_full,XGBoost,SES_group,1,High,1,17,0.2041,0.1176
tfidf_full,XGBoost,SES_group,1,High,2,22,0.2822,0.1364
tfidf_full,XGBoost,SES_group,1,High,3,17,0.3373,0.0
tfidf_full,XGBoost,SES_group,1,High,4,23,0.4105,0.1304
tfidf_full,XGBoost,SES_group,1,High,5,21,0.4755,0.1905
tfidf_full,XGBoost,SES_group,1,High,6,17,0.5198,0.0588
tfidf_full,XGBoost,SES_group,1,High,7,29,0.5717,0.1724
tfidf_full,XGBoost,SES_group,1,High,8,22,0.6258,0.2273
tfidf_full,XGBoost,SES_group,1,High,9,30,0.724,0.3667
tfidf_full,XGBoost,BlackConcentration,1,Low,0,15,0.1345,0.0667
tfidf_full,XGBoost,BlackConcentration,1,Low,1,21,0.1969,0.0952
tfidf_full,XGBoost,BlackConcentration,1,Low,2,15,0.2786,0.0667
tfidf_full,XGBoost,BlackConcentration,1,Low,3,17,0.3414,0.1765
tfidf_full,XGBoost,BlackConcentration,1,Low,4,21,0.4077,0.1905
tfidf_full,XGBoost,BlackConcentration,1,Low,5,21,0.4704,0.381
tfidf_full,XGBoost,BlackConcentration,1,Low,6,15,0.5194,0.2
tfidf_full,XGBoost,BlackConcentration,1,Low,7,18,0.574,0.1111
tfidf_full,XGBoost,BlackConcentration,1,Low,8,17,0.6291,0.2941
tfidf_full,XGBoost,BlackConcentration,1,Low,9,20,0.722,0.2
tfidf_full,XGBoost,BlackConcentration,1,High,0,51,0.1241,0.0196
tfidf_full,XGBoost,BlackConcentration,1,High,1,45,0.2052,0.0667
tfidf_full,XGBoost,BlackConcentration,1,High,2,39,0.2817,0.0256
tfidf_full,XGBoost,BlackConcentration,1,High,3,45,0.3421,0.1333
tfidf_full,XGBoost,BlackConcentration,1,High,4,55,0.4104,0.1091
tfidf_full,XGBoost,BlackConcentration,1,High,5,40,0.4698,0.225
tfidf_full,XGBoost,BlackConcentration,1,High,6,46,0.5208,0.2391
tfidf_full,XGBoost,BlackConcentration,1,High,7,41,0.5695,0.1463
tfidf_full,XGBoost,BlackConcentration,1,High,8,54,0.6271,0.1667
tfidf_full,XGBoost,BlackConcentration,1,High,9,44,0.7217,0.3636
tfidf_full,XGBoost,SES_group,2,Low,0,50,0.104,0.0
tfidf_full,XGBoost,SES_group,2,Low,1,63,0.1624,0.0317
tfidf_full,XGBoost,SES_group,2,Low,2,50,0.2115,0.0
tfidf_full,XGBoost,SES_group,2,Low,3,54,0.2761,0.037
tfidf_full,XGBoost,SES_group,2,Low,4,61,0.3482,0.0492
tfidf_full,XGBoost,SES_group,2,Low,5,60,0.4074,0.1333
tfidf_full,XGBoost,SES_group,2,Low,6,64,0.4717,0.1406
tfidf_full,XGBoost,SES_group,2,Low,7,57,0.5394,0.1404
tfidf_full,XGBoost,SES_group,2,Low,8,54,0.6186,0.1296
tfidf_full,XGBoost,SES_group,2,Low,9,48,0.7089,0.2708
tfidf_full,XGBoost,SES_group,2,High,0,26,0.0972,0.1154
tfidf_full,XGBoost,SES_group,2,High,1,27,0.1635,0.1481
tfidf_full,XGBoost,SES_group,2,High,2,25,0.2194,0.0
tfidf_full,XGBoost,SES_group,2,High,3,29,0.2699,0.1379
tfidf_full,XGBoost,SES_group,2,High,4,20,0.3405,0.05
tfidf_full,XGBoost,SES_group,2,High,5,20,0.4138,0.2
tfidf_full,XGBoost,SES_group,2,High,6,22,0.4695,0.0909
tfidf_full,XGBoost,SES_group,2,High,7,34,0.5387,0.1765
tfidf_full,XGBoost,SES_group,2,High,8,32,0.6155,0.25
tfidf_full,XGBoost,SES_group,2,High,9,28,0.7214,0.3214
tfidf_full,XGBoost,SES_group,3,Low,0,70,0.0786,0.0
tfidf_full,XGBoost,SES_group,3,Low,1,63,0.1481,0.0317
tfidf_full,XGBoost,SES_group,3,Low,2,73,0.2027,0.0137
tfidf_full,XGBoost,SES_group,3,Low,3,59,0.2601,0.0847
tfidf_full,XGBoost,SES_group,3,Low,4,58,0.3199,0.069
tfidf_full,XGBoost,SES_group,3,Low,5,59,0.3895,0.1525
tfidf_full,XGBoost,SES_group,3,Low,6,55,0.4501,0.1818
tfidf_full,XGBoost,SES_group,3,Low,7,59,0.5314,0.1356
tfidf_full,XGBoost,SES_group,3,Low,8,63,0.6207,0.1905
tfidf_full,XGBoost,SES_group,3,Low,9,47,0.7295,0.2766
tfidf_full,XGBoost,SES_group,3,High,0,27,0.0922,0.1852
tfidf_full,XGBoost,SES_group,3,High,1,31,0.1483,0.0645
tfidf_full,XGBoost,SES_group,3,High,2,18,0.1994,0.1111
tfidf_full,XGBoost,SES_group,3,High,3,33,0.2579,0.1212
tfidf_full,XGBoost,SES_group,3,High,4,27,0.3256,0.1481
tfidf_full,XGBoost,SES_group,3,High,5,26,0.3844,0.1154
tfidf_full,XGBoost,SES_group,3,High,6,28,0.4469,0.2143
tfidf_full,XGBoost,SES_group,3,High,7,28,0.5416,0.3571
tfidf_full,XGBoost,SES_group,3,High,8,37,0.6352,0.2703
tfidf_full,XGBoost,SES_group,3,High,9,37,0.7248,0.3243
tfidf_full,XGBoost,SES_group,4,Low,0,92,0.129,0.0109
tfidf_full,XGBoost,SES_group,4,Low,1,76,0.2094,0.0132
tfidf_full,XGBoost,SES_group,4,Low,2,74,0.2908,0.0405
tfidf_full,XGBoost,SES_group,4,Low,3,84,0.3586,0.1667
tfidf_full,XGBoost,SES_group,4,Low,4,81,0.4183,0.1852
tfidf_full,XGBoost,SES_group,4,Low,5,90,0.4804,0.1111
tfidf_full,XGBoost,SES_group,4,Low,6,90,0.5368,0.1444
tfidf_full,XGBoost,SES_group,4,Low,7,76,0.5963,0.1974
tfidf_full,XGBoost,SES_group,4,Low,8,75,0.6475,0.24
tfidf_full,XGBoost,SES_group,4,Low,9,76,0.7252,0.2632
tfidf_full,XGBoost,SES_group,4,High,0,32,0.1247,0.0
tfidf_full,XGBoost,SES_group,4,High,1,46,0.205,0.0217
tfidf_full,XGBoost,SES_group,4,High,2,46,0.2904,0.0435
tfidf_full,XGBoost,SES_group,4,High,3,42,0.3564,0.0238
tfidf_full,XGBoost,SES_group,4,High,4,39,0.4202,0.0513
tfidf_full,XGBoost,SES_group,4,High,5,30,0.4833,0.1333
tfidf_full,XGBoost,SES_group,4,High,6,39,0.5357,0.1795
tfidf_full,XGBoost,SES_group,4,High,7,43,0.5917,0.2093
tfidf_full,XGBoost,SES_group,4,High,8,34,0.649,0.2941
tfidf_full,XGBoost,SES_group,4,High,9,46,0.723,0.4348
tfidf_full,XGBoost,BlackConcentration,4,Low,0,24,0.1177,0.0417
tfidf_full,XGBoost,BlackConcentration,4,Low,1,17,0.2144,0.0588
tfidf_full,XGBoost,BlackConcentration,4,Low,2,30,0.293,0.1333
tfidf_full,XGBoost,BlackConcentration,4,Low,3,16,0.3523,0.0
tfidf_full,XGBoost,BlackConcentration,4,Low,4,26,0.4185,0.1923
tfidf_full,XGBoost,BlackConcentration,4,Low,5,23,0.4898,0.1304
tfidf_full,XGBoost,BlackConcentration,4,Low,6,33,0.536,0.1818
tfidf_full,XGBoost,BlackConcentration,4,Low,7,24,0.5903,0.1667
tfidf_full,XGBoost,BlackConcentration,4,Low,8,25,0.6484,0.36
tfidf_full,XGBoost,BlackConcentration,4,Low,9,31,0.731,0.1935
tfidf_full,XGBoost,BlackConcentration,4,High,0,85,0.1363,0.0235
tfidf_full,XGBoost,BlackConcentration,4,High,1,86,0.2095,0.0233
tfidf_full,XGBoost,BlackConcentration,4,High,2,78,0.2894,0.0641
tfidf_full,XGBoost,BlackConcentration,4,High,3,91,0.3562,0.1429
tfidf_full,XGBoost,BlackConcentration,4,High,4,79,0.4203,0.1266
tfidf_full,XGBoost,BlackConcentration,4,High,5,81,0.4804,0.1481
tfidf_full,XGBoost,BlackConcentration,4,High,6,81,0.5355,0.1235
tfidf_full,XGBoost,BlackConcentration,4,High,7,84,0.5957,0.2024
tfidf_full,XGBoost,BlackConcentration,4,High,8,86,0.6505,0.2442
tfidf_full,XGBoost,BlackConcentration,4,High,9,90,0.7311,0.3889
tfidf_full,XGBoost,SES_group,5,Low,0,92,0.1299,0.0109
tfidf_full,XGBoost,SES_group,5,Low,1,101,0.2012,0.0594
tfidf_full,XGBoost,SES_group,5,Low,2,93,0.2798,0.0645
tfidf_full,XGBoost,SES_group,5,Low,3,84,0.3537,0.0357
tfidf_full,XGBoost,SES_group,5,Low,4,96,0.4085,0.1458
tfidf_full,XGBoost,SES_group,5,Low,5,88,0.4588,0.2159
tfidf_full,XGBoost,SES_group,5,Low,6,90,0.5162,0.1333
tfidf_full,XGBoost,SES_group,5,Low,7,93,0.5777,0.2043
tfidf_full,XGBoost,SES_group,5,Low,8,94,0.6403,0.2447
tfidf_full,XGBoost,SES_group,5,Low,9,79,0.7145,0.3924
tfidf_full,XGBoost,SES_group,5,High,0,26,0.1276,0.0
tfidf_full,XGBoost,SES_group,5,High,1,43,0.2073,0.0465
tfidf_full,XGBoost,SES_group,5,High,2,41,0.2817,0.0
tfidf_full,XGBoost,SES_group,5,High,3,39,0.3525,0.1538
tfidf_full,XGBoost,SES_group,5,High,4,42,0.4113,0.119
tfidf_full,XGBoost,SES_group,5,High,5,44,0.4585,0.0909
tfidf_full,XGBoost,SES_group,5,High,6,45,0.5176,0.1556
tfidf_full,XGBoost,SES_group,5,High,7,47,0.5772,0.2128
tfidf_full,XGBoost,SES_group,5,High,8,39,0.6428,0.2051
tfidf_full,XGBoost,SES_group,5,High,9,64,0.7272,0.3281
tfidf_full,XGBoost,BlackConcentration,5,Low,0,35,0.1329,0.0286
tfidf_full,XGBoost,BlackConcentration,5,Low,1,30,0.206,0.0333
tfidf_full,XGBoost,BlackConcentration,5,Low,2,28,0.2837,0.0
tfidf_full,XGBoost,BlackConcentration,5,Low,3,30,0.3526,0.0667
tfidf_full,XGBoost,BlackConcentration,5,Low,4,23,0.4093,0.2174
tfidf_full,XGBoost,BlackConcentration,5,Low,5,34,0.4594,0.1765
tfidf_full,XGBoost,BlackConcentration,5,Low,6,23,0.5211,0.2174
tfidf_full,XGBoost,BlackConcentration,5,Low,7,28,0.5837,0.1429
tfidf_full,XGBoost,BlackConcentration,5,Low,8,38,0.6412,0.2368
tfidf_full,XGBoost,BlackConcentration,5,Low,9,24,0.7248,0.375
tfidf_full,XGBoost,BlackConcentration,5,High,0,98,0.129,0.0
tfidf_full,XGBoost,BlackConcentration,5,High,1,86,0.2016,0.0581
tfidf_full,XGBoost,BlackConcentration,5,High,2,93,0.2809,0.0645
tfidf_full,XGBoost,BlackConcentration,5,High,3,86,0.3532,0.0814
tfidf_full,XGBoost,BlackConcentration,5,High,4,100,0.4082,0.1
tfidf_full,XGBoost,BlackConcentration,5,High,5,87,0.4585,0.092
tfidf_full,XGBoost,BlackConcentration,5,High,6,95,0.515,0.1158
tfidf_full,XGBoost,BlackConcentration,5,High,7,84,0.576,0.2738
tfidf_full,XGBoost,BlackConcentration,5,High,8,90,0.6406,0.2889
tfidf_full,XGBoost,BlackConcentration,5,High,9,90,0.7231,0.4111
tfidf_full,XGBoost,SES_group,6,Low,0,110,0.1973,0.0545
tfidf_full,XGBoost,SES_group,6,Low,1,104,0.3084,0.0865
tfidf_full,XGBoost,SES_group,6,Low,2,85,0.3816,0.0941
tfidf_full,XGBoost,SES_group,6,Low,3,93,0.439,0.1075
tfidf_full,XGBoost,SES_group,6,Low,4,92,0.4914,0.163
tfidf_full,XGBoost,SES_group,6,Low,5,99,0.5408,0.1616
tfidf_full,XGBoost,SES_group,6,Low,6,98,0.5877,0.1837
tfidf_full,XGBoost,SES_group,6,Low,7,95,0.6349,0.2842
tfidf_full,XGBoost,SES_group,6,Low,8,96,0.6864,0.2812
tfidf_full,XGBoost,SES_group,6,Low,9,87,0.7423,0.4368
tfidf_full,XGBoost,SES_group,6,High,0,37,0.1853,0.027
tfidf_full,XGBoost,SES_group,6,High,1,49,0.3055,0.1633
tfidf_full,XGBoost,SES_group,6,High,2,52,0.3793,0.1538
tfidf_full,XGBoost,SES_group,6,High,3,51,0.4384,0.1176
tfidf_full,XGBoost,SES_group,6,High,4,49,0.4923,0.2245
tfidf_full,XGBoost,SES_group,6,High,5,47,0.5426,0.0638
tfidf_full,XGBoost,SES_group,6,High,6,50,0.5843,0.44
tfidf_full,XGBoost,SES_group,6,High,7,53,0.6345,0.283
tfidf_full,XGBoost,SES_group,6,High,8,62,0.6831,0.1774
tfidf_full,XGBoost,SES_group,6,High,9,57,0.7433,0.3333
tfidf_full,XGBoost,BlackConcentration,6,Low,0,27,0.2017,0.0
tfidf_full,XGBoost,BlackConcentration,6,Low,1,36,0.3068,0.0833
tfidf_full,XGBoost,BlackConcentration,6,Low,2,37,0.3801,0.0811
tfidf_full,XGBoost,BlackConcentration,6,Low,3,31,0.4378,0.129
tfidf_full,XGBoost,BlackConcentration,6,Low,4,38,0.4929,0.1316
tfidf_full,XGBoost,BlackConcentration,6,Low,5,42,0.5398,0.1667
tfidf_full,XGBoost,BlackConcentration,6,Low,6,40,0.5821,0.225
tfidf_full,XGBoost,BlackConcentration,6,Low,7,40,0.6357,0.2
tfidf_full,XGBoost,BlackConcentration,6,Low,8,26,0.6868,0.3077
tfidf_full,XGBoost,BlackConcentration,6,Low,9,32,0.744,0.4062
tfidf_full,XGBoost,BlackConcentration,6,High,0,116,0.1953,0.0431
tfidf_full,XGBoost,BlackConcentration,6,High,1,105,0.3102,0.0857
tfidf_full,XGBoost,BlackConcentration,6,High,2,97,0.3782,0.1237
tfidf_full,XGBoost,BlackConcentration,6,High,3,100,0.4395,0.15
tfidf_full,XGBoost,BlackConcentration,6,High,4,95,0.4918,0.1474
tfidf_full,XGBoost,BlackConcentration,6,High,5,83,0.5415,0.0964
tfidf_full,XGBoost,BlackConcentration,6,High,6,92,0.5855,0.3152
tfidf_full,XGBoost,BlackConcentration,6,High,7,97,0.635,0.3299
tfidf_full,XGBoost,BlackConcentration,6,High,8,120,0.6855,0.25
tfidf_full,XGBoost,BlackConcentration,6,High,9,97,0.743,0.3918
tfidf_full,XGBoost,SES_group,7,Low,0,148,0.177,0.0473
tfidf_full,XGBoost,SES_group,7,Low,1,130,0.2835,0.0769
tfidf_full,XGBoost,SES_group,7,Low,2,124,0.3355,0.0968
tfidf_full,XGBoost,SES_group,7,Low,3,125,0.3801,0.048
tfidf_full,XGBoost,SES_group,7,Low,4,117,0.4256,0.1282
tfidf_full,XGBoost,SES_group,7,Low,5,105,0.4686,0.1048
tfidf_full,XGBoost,SES_group,7,Low,6,119,0.5141,0.2017
tfidf_full,XGBoost,SES_group,7,Low,7,110,0.5664,0.1545
tfidf_full,XGBoost,SES_group,7,Low,8,100,0.6263,0.25
tfidf_full,XGBoost,SES_group,7,Low,9,133,0.7284,0.3308
tfidf_full,XGBoost,SES_group,7,High,0,54,0.1704,0.0556
tfidf_full,XGBoost,SES_group,7,High,1,57,0.2795,0.1053
tfidf_full,XGBoost,SES_group,7,High,2,67,0.3374,0.0746
tfidf_full,XGBoost,SES_group,7,High,3,64,0.3811,0.0312
tfidf_full,XGBoost,SES_group,7,High,4,75,0.4253,0.1067
tfidf_full,XGBoost,SES_group,7,High,5,73,0.4693,0.1096
tfidf_full,XGBoost,SES_group,7,High,6,69,0.5137,0.2029
tfidf_full,XGBoost,SES_group,7,High,7,75,0.5695,0.28
tfidf_full,XGBoost,SES_group,7,High,8,78,0.6242,0.2821
tfidf_full,XGBoost,SES_group,7,High,9,64,0.7291,0.3594
tfidf_full,XGBoost,BlackConcentration,7,Low,0,37,0.1862,0.0541
tfidf_full,XGBoost,BlackConcentration,7,Low,1,40,0.284,0.1
tfidf_full,XGBoost,BlackConcentration,7,Low,2,46,0.3355,0.0652
tfidf_full,XGBoost,BlackConcentration,7,Low,3,38,0.379,0.0263
tfidf_full,XGBoost,BlackConcentration,7,Low,4,41,0.4274,0.0976
tfidf_full,XGBoost,BlackConcentration,7,Low,5,39,0.4691,0.1282
tfidf_full,XGBoost,BlackConcentration,7,Low,6,40,0.5156,0.2
tfidf_full,XGBoost,BlackConcentration,7,Low,7,51,0.5693,0.098
tfidf_full,XGBoost,BlackConcentration,7,Low,8,47,0.6248,0.3191
tfidf_full,XGBoost,BlackConcentration,7,Low,9,49,0.7296,0.3469
tfidf_full,XGBoost,BlackConcentration,7,High,0,134,0.1779,0.0522
tfidf_full,XGBoost,BlackConcentration,7,High,1,128,0.2812,0.0781
tfidf_full,XGBoost,BlackConcentration,7,High,2,126,0.3359,0.0635
tfidf_full,XGBoost,BlackConcentration,7,High,3,128,0.3809,0.0703
tfidf_full,XGBoost,BlackConcentration,7,High,4,143,0.4251,0.1049
tfidf_full,XGBoost,BlackConcentration,7,High,5,117,0.468,0.1197
tfidf_full,XGBoost,BlackConcentration,7,High,6,115,0.5147,0.1739
tfidf_full,XGBoost,BlackConcentration,7,High,7,126,0.5676,0.2619
tfidf_full,XGBoost,BlackConcentration,7,High,8,132,0.6265,0.2652
tfidf_full,XGBoost,BlackConcentration,7,High,9,127,0.727,0.315
tfidf_full,XGBoost,SES_group,8,Low,0,192,0.1716,0.0469
tfidf_full,XGBoost,SES_group,8,Low,1,174,0.3,0.1092
tfidf_full,XGBoost,SES_group,8,Low,2,187,0.3778,0.107
tfidf_full,XGBoost,SES_group,8,Low,3,163,0.4352,0.0982
tfidf_full,XGBoost,SES_group,8,Low,4,152,0.4845,0.1513
tfidf_full,XGBoost,SES_group,8,Low,5,176,0.5301,0.1761
tfidf_full,XGBoost,SES_group,8,Low,6,154,0.577,0.1818
tfidf_full,XGBoost,SES_group,8,Low,7,177,0.6249,0.2655
tfidf_full,XGBoost,SES_group,8,Low,8,178,0.679,0.3596
tfidf_full,XGBoost,SES_group,8,Low,9,162,0.763,0.3025
tfidf_full,XGBoost,SES_group,8,High,0,89,0.1768,0.0787
tfidf_full,XGBoost,SES_group,8,High,1,84,0.3038,0.1071
tfidf_full,XGBoost,SES_group,8,High,2,74,0.3811,0.0946
tfidf_full,XGBoost,SES_group,8,High,3,88,0.4364,0.0795
tfidf_full,XGBoost,SES_group,8,High,4,84,0.4845,0.1429
tfidf_full,XGBoost,SES_group,8,High,5,79,0.5289,0.2278
tfidf_full,XGBoost,SES_group,8,High,6,85,0.5767,0.2118
tfidf_full,XGBoost,SES_group,8,High,7,87,0.6235,0.2299
tfidf_full,XGBoost,SES_group,8,High,8,79,0.6789,0.2911
tfidf_full,XGBoost,SES_group,8,High,9,89,0.7619,0.4382
tfidf_full,XGBoost,BlackConcentration,8,Low,0,54,0.171,0.0556
tfidf_full,XGBoost,BlackConcentration,8,Low,1,61,0.3032,0.1311
tfidf_full,XGBoost,BlackConcentration,8,Low,2,61,0.3772,0.1311
tfidf_full,XGBoost,BlackConcentration,8,Low,3,62,0.4378,0.0806
tfidf_full,XGBoost,BlackConcentration,8,Low,4,51,0.4852,0.1569
tfidf_full,XGBoost,BlackConcentration,8,Low,5,52,0.5287,0.2885
tfidf_full,XGBoost,BlackConcentration,8,Low,6,53,0.5796,0.1321
tfidf_full,XGBoost,BlackConcentration,8,Low,7,49,0.6253,0.2449
tfidf_full,XGBoost,BlackConcentration,8,Low,8,54,0.6774,0.2963
tfidf_full,XGBoost,BlackConcentration,8,Low,9,58,0.772,0.3966
tfidf_full,XGBoost,BlackConcentration,8,High,0,179,0.1711,0.0615
tfidf_full,XGBoost,BlackConcentration,8,High,1,171,0.3044,0.1228
tfidf_full,XGBoost,BlackConcentration,8,High,2,167,0.3784,0.0958
tfidf_full,XGBoost,BlackConcentration,8,High,3,175,0.4338,0.1314
tfidf_full,XGBoost,BlackConcentration,8,High,4,181,0.4853,0.1381
tfidf_full,XGBoost,BlackConcentration,8,High,5,174,0.5312,0.2011
tfidf_full,XGBoost,BlackConcentration,8,High,6,186,0.5773,0.2097
tfidf_full,XGBoost,BlackConcentration,8,High,7,191,0.6233,0.2775
tfidf_full,XGBoost,BlackConcentration,8,High,8,179,0.6799,0.2905
tfidf_full,XGBoost,BlackConcentration,8,High,9,180,0.7633,0.3944
tfidf_full,XGBoost,SES_group,9,Low,0,289,0.1858,0.0311
tfidf_full,XGBoost,SES_group,9,Low,1,310,0.3064,0.0452
tfidf_full,XGBoost,SES_group,9,Low,2,280,0.3737,0.0714
tfidf_full,XGBoost,SES_group,9,Low,3,254,0.4248,0.0748
tfidf_full,XGBoost,SES_group,9,Low,4,252,0.4762,0.1389
tfidf_full,XGBoost,SES_group,9,Low,5,238,0.5229,0.1387
tfidf_full,XGBoost,SES_group,9,Low,6,234,0.5661,0.1538
tfidf_full,XGBoost,SES_group,9,Low,7,262,0.6113,0.229
tfidf_full,XGBoost,SES_group,9,Low,8,237,0.6621,0.2405
tfidf_full,XGBoost,SES_group,9,Low,9,239,0.7429,0.3766
tfidf_full,XGBoost,SES_group,9,High,0,128,0.1902,0.0312
tfidf_full,XGBoost,SES_group,9,High,1,119,0.3116,0.0756
tfidf_full,XGBoost,SES_group,9,High,2,134,0.3729,0.0672
tfidf_full,XGBoost,SES_group,9,High,3,134,0.4258,0.0672
tfidf_full,XGBoost,SES_group,9,High,4,141,0.4774,0.1277
tfidf_full,XGBoost,SES_group,9,High,5,158,0.5236,0.1329
tfidf_full,XGBoost,SES_group,9,High,6,140,0.5666,0.1643
tfidf_full,XGBoost,SES_group,9,High,7,168,0.6107,0.1845
tfidf_full,XGBoost,SES_group,9,High,8,156,0.6626,0.3077
tfidf_full,XGBoost,SES_group,9,High,9,151,0.7473,0.3576
tfidf_full,XGBoost,BlackConcentration,9,Low,0,103,0.1891,0.0097
tfidf_full,XGBoost,BlackConcentration,9,Low,1,93,0.3083,0.0323
tfidf_full,XGBoost,BlackConcentration,9,Low,2,103,0.373,0.0485
tfidf_full,XGBoost,BlackConcentration,9,Low,3,107,0.4243,0.0841
tfidf_full,XGBoost,BlackConcentration,9,Low,4,96,0.4758,0.1458
tfidf_full,XGBoost,BlackConcentration,9,Low,5,104,0.521,0.1442
tfidf_full,XGBoost,BlackConcentration,9,Low,6,105,0.5646,0.1333
tfidf_full,XGBoost,BlackConcentration,9,Low,7,112,0.6111,0.25
tfidf_full,XGBoost,BlackConcentration,9,Low,8,92,0.6634,0.2065
tfidf_full,XGBoost,BlackConcentration,9,Low,9,105,0.7478,0.3333
tfidf_full,XGBoost,BlackConcentration,9,High,0,281,0.1879,0.032
tfidf_full,XGBoost,BlackConcentration,9,High,1,276,0.3073,0.0688
tfidf_full,XGBoost,BlackConcentration,9,High,2,262,0.3726,0.0611
tfidf_full,XGBoost,BlackConcentration,9,High,3,279,0.4245,0.086
tfidf_full,XGBoost,BlackConcentration,9,High,4,270,0.4761,0.1333
tfidf_full,XGBoost,BlackConcentration,9,High,5,251,0.524,0.1275
tfidf_full,XGBoost,BlackConcentration,9,High,6,273,0.5663,0.1685
tfidf_full,XGBoost,BlackConcentration,9,High,7,269,0.6098,0.2416
tfidf_full,XGBoost,BlackConcentration,9,High,8,283,0.6627,0.265
tfidf_full,XGBoost,BlackConcentration,9,High,9,271,0.7435,0.3321
tfidf_full,XGBoost,SES_group,10,Low,0,321,0.1575,0.0467
tfidf_full,XGBoost,SES_group,10,Low,1,313,0.2543,0.0447
tfidf_full,XGBoost,SES_group,10,Low,2,278,0.319,0.0755
tfidf_full,XGBoost,SES_group,10,Low,3,274,0.3696,0.1168
tfidf_full,XGBoost,SES_group,10,Low,4,266,0.4286,0.0902
tfidf_full,XGBoost,SES_group,10,Low,5,259,0.479,0.1351
tfidf_full,XGBoost,SES_group,10,Low,6,254,0.5331,0.1654
tfidf_full,XGBoost,SES_group,10,Low,7,271,0.5858,0.1919
tfidf_full,XGBoost,SES_group,10,Low,8,245,0.6415,0.2449
tfidf_full,XGBoost,SES_group,10,Low,9,230,0.7253,0.3348
tfidf_full,XGBoost,SES_group,10,High,0,116,0.1591,0.0431
tfidf_full,XGBoost,SES_group,10,High,1,127,0.2585,0.0866
tfidf_full,XGBoost,SES_group,10,High,2,124,0.317,0.0806
tfidf_full,XGBoost,SES_group,10,High,3,130,0.3712,0.0615
tfidf_full,XGBoost,SES_group,10,High,4,138,0.4258,0.1232
tfidf_full,XGBoost,SES_group,10,High,5,137,0.4801,0.1022
tfidf_full,XGBoost,SES_group,10,High,6,144,0.5326,0.125
tfidf_full,XGBoost,SES_group,10,High,7,139,0.5886,0.2086
tfidf_full,XGBoost,SES_group,10,High,8,147,0.6418,0.3265
tfidf_full,XGBoost,SES_group,10,High,9,154,0.7283,0.3182
tfidf_full,XGBoost,BlackConcentration,10,Low,0,92,0.1566,0.0326
tfidf_full,XGBoost,BlackConcentration,10,Low,1,106,0.2573,0.0566
tfidf_full,XGBoost,BlackConcentration,10,Low,2,83,0.3203,0.0843
tfidf_full,XGBoost,BlackConcentration,10,Low,3,108,0.3673,0.0833
tfidf_full,XGBoost,BlackConcentration,10,Low,4,94,0.4266,0.1489
tfidf_full,XGBoost,BlackConcentration,10,Low,5,102,0.4791,0.1373
tfidf_full,XGBoost,BlackConcentration,10,Low,6,106,0.5328,0.1509
tfidf_full,XGBoost,BlackConcentration,10,Low,7,89,0.5853,0.1124
tfidf_full,XGBoost,BlackConcentration,10,Low,8,120,0.6437,0.2167
tfidf_full,XGBoost,BlackConcentration,10,Low,9,112,0.7305,0.3036
tfidf_full,XGBoost,BlackConcentration,10,High,0,277,0.1615,0.0469
tfidf_full,XGBoost,BlackConcentration,10,High,1,247,0.2582,0.0607
tfidf_full,XGBoost,BlackConcentration,10,High,2,268,0.3184,0.0896
tfidf_full,XGBoost,BlackConcentration,10,High,3,253,0.3713,0.1225
tfidf_full,XGBoost,BlackConcentration,10,High,4,271,0.4267,0.1292
tfidf_full,XGBoost,BlackConcentration,10,High,5,284,0.4814,0.1268
tfidf_full,XGBoost,BlackConcentration,10,High,6,261,0.5326,0.1533
tfidf_full,XGBoost,BlackConcentration,10,High,7,292,0.5881,0.2295
tfidf_full,XGBoost,BlackConcentration,10,High,8,260,0.6432,0.3038
tfidf_full,XGBoost,BlackConcentration,10,High,9,281,0.7319,0.3737
tfidf_full,XGBoost,SES_group,11,Low,0,443,0.1667,0.0384
tfidf_full,XGBoost,SES_group,11,Low,1,417,0.2708,0.06
tfidf_full,XGBoost,SES_group,11,Low,2,373,0.3351,0.0992
tfidf_full,XGBoost,SES_group,11,Low,3,370,0.3908,0.0811
tfidf_full,XGBoost,SES_group,11,Low,4,352,0.4471,0.1193
tfidf_full,XGBoost,SES_group,11,Low,5,351,0.4965,0.1453
tfidf_full,XGBoost,SES_group,11,Low,6,324,0.5474,0.1605
tfidf_full,XGBoost,SES_group,11,Low,7,369,0.5991,0.1951
tfidf_full,XGBoost,SES_group,11,Low,8,308,0.6517,0.2662
tfidf_full,XGBoost,SES_group,11,Low,9,340,0.7333,0.3088
tfidf_full,XGBoost,SES_group,11,High,0,136,0.1645,0.0221
tfidf_full,XGBoost,SES_group,11,High,1,172,0.2697,0.0465
tfidf_full,XGBoost,SES_group,11,High,2,175,0.3357,0.0571
tfidf_full,XGBoost,SES_group,11,High,3,195,0.3926,0.0872
tfidf_full,XGBoost,SES_group,11,High,4,198,0.4477,0.1313
tfidf_full,XGBoost,SES_group,11,High,5,200,0.4972,0.135
tfidf_full,XGBoost,SES_group,11,High,6,223,0.5478,0.1525
tfidf_full,XGBoost,SES_group,11,High,7,189,0.5998,0.2169
tfidf_full,XGBoost,SES_group,11,High,8,215,0.653,0.2651
tfidf_full,XGBoost,SES_group,11,High,9,197,0.7306,0.3655
tfidf_full,XGBoost,BlackConcentration,11,Low,0,159,0.1667,0.0189
tfidf_full,XGBoost,BlackConcentration,11,Low,1,124,0.2692,0.0645
tfidf_full,XGBoost,BlackConcentration,11,Low,2,129,0.3351,0.062
tfidf_full,XGBoost,BlackConcentration,11,Low,3,136,0.3902,0.0809
tfidf_full,XGBoost,BlackConcentration,11,Low,4,133,0.4494,0.1128
tfidf_full,XGBoost,BlackConcentration,11,Low,5,131,0.4961,0.1374
tfidf_full,XGBoost,BlackConcentration,11,Low,6,144,0.5488,0.1111
tfidf_full,XGBoost,BlackConcentration,11,Low,7,136,0.598,0.1985
tfidf_full,XGBoost,BlackConcentration,11,Low,8,141,0.6499,0.2057
tfidf_full,XGBoost,BlackConcentration,11,Low,9,145,0.7345,0.2414
tfidf_full,XGBoost,BlackConcentration,11,High,0,322,0.1682,0.0435
tfidf_full,XGBoost,BlackConcentration,11,High,1,351,0.2697,0.0627
tfidf_full,XGBoost,BlackConcentration,11,High,2,370,0.3352,0.0676
tfidf_full,XGBoost,BlackConcentration,11,High,3,341,0.3913,0.085
tfidf_full,XGBoost,BlackConcentration,11,High,4,375,0.4464,0.1333
tfidf_full,XGBoost,BlackConcentration,11,High,5,392,0.4975,0.1429
tfidf_full,XGBoost,BlackConcentration,11,High,6,350,0.5473,0.1943
tfidf_full,XGBoost,BlackConcentration,11,High,7,332,0.6002,0.2199
tfidf_full,XGBoost,BlackConcentration,11,High,8,372,0.6528,0.2312
tfidf_full,XGBoost,BlackConcentration,11,High,9,358,0.7306,0.2933
tfidf_full,XGBoost,SES_group,12,Low,0,528,0.1796,0.0114
tfidf_full,XGBoost,SES_group,12,Low,1,508,0.2926,0.0787
tfidf_full,XGBoost,SES_group,12,Low,2,491,0.3552,0.0754
tfidf_full,XGBoost,SES_group,12,Low,3,462,0.409,0.0974
tfidf_full,XGBoost,SES_group,12,Low,4,470,0.4579,0.0979
tfidf_full,XGBoost,SES_group,12,Low,5,467,0.5092,0.1649
tfidf_full,XGBoost,SES_group,12,Low,6,450,0.5566,0.22
tfidf_full,XGBoost,SES_group,12,Low,7,446,0.6039,0.1973
tfidf_full,XGBoost,SES_group,12,Low,8,444,0.6609,0.2523
tfidf_full,XGBoost,SES_group,12,Low,9,439,0.7466,0.3166
tfidf_full,XGBoost,SES_group,12,High,0,217,0.1892,0.0415
tfidf_full,XGBoost,SES_group,12,High,1,252,0.2942,0.0714
tfidf_full,XGBoost,SES_group,12,High,2,262,0.356,0.0725
tfidf_full,XGBoost,SES_group,12,High,3,250,0.4087,0.084
tfidf_full,XGBoost,SES_group,12,High,4,266,0.4583,0.1316
tfidf_full,XGBoost,SES_group,12,High,5,259,0.5094,0.1467
tfidf_full,XGBoost,SES_group,12,High,6,277,0.5558,0.1986
tfidf_full,XGBoost,SES_group,12,High,7,273,0.6039,0.2564
tfidf_full,XGBoost,SES_group,12,High,8,287,0.6595,0.2892
tfidf_full,XGBoost,SES_group,12,High,9,265,0.7487,0.366
tfidf_full,XGBoost,BlackConcentration,12,Low,0,188,0.1873,0.016
tfidf_full,XGBoost,BlackConcentration,12,Low,1,195,0.292,0.0615
tfidf_full,XGBoost,BlackConcentration,12,Low,2,169,0.3551,0.0651
tfidf_full,XGBoost,BlackConcentration,12,Low,3,165,0.4076,0.0909
tfidf_full,XGBoost,BlackConcentration,12,Low,4,173,0.4597,0.1156
tfidf_full,XGBoost,BlackConcentration,12,Low,5,185,0.5117,0.173
tfidf_full,XGBoost,BlackConcentration,12,Low,6,189,0.5561,0.1958
tfidf_full,XGBoost,BlackConcentration,12,Low,7,181,0.6053,0.1989
tfidf_full,XGBoost,BlackConcentration,12,Low,8,175,0.6625,0.2629
tfidf_full,XGBoost,BlackConcentration,12,Low,9,172,0.7407,0.3023
tfidf_full,XGBoost,BlackConcentration,12,High,0,459,0.183,0.0174
tfidf_full,XGBoost,BlackConcentration,12,High,1,457,0.2935,0.0832
tfidf_full,XGBoost,BlackConcentration,12,High,2,484,0.3556,0.0764
tfidf_full,XGBoost,BlackConcentration,12,High,3,484,0.409,0.0992
tfidf_full,XGBoost,BlackConcentration,12,High,4,488,0.4584,0.1332
tfidf_full,XGBoost,BlackConcentration,12,High,5,492,0.5085,0.1504
tfidf_full,XGBoost,BlackConcentration,12,High,6,512,0.5566,0.2051
tfidf_full,XGBoost,BlackConcentration,12,High,7,515,0.6043,0.2369
tfidf_full,XGBoost,BlackConcentration,12,High,8,508,0.6607,0.2638
tfidf_full,XGBoost,BlackConcentration,12,High,9,499,0.7452,0.3567
tfidf_full,XGBoost,SES_group,13,Low,0,651,0.1813,0.0338
tfidf_full,XGBoost,SES_group,13,Low,1,614,0.2846,0.0733
tfidf_full,XGBoost,SES_group,13,Low,2,614,0.3439,0.0733
tfidf_full,XGBoost,SES_group,13,Low,3,566,0.4012,0.1131
tfidf_full,XGBoost,SES_group,13,Low,4,547,0.4528,0.117
tfidf_full,XGBoost,SES_group,13,Low,5,541,0.5021,0.1682
tfidf_full,XGBoost,SES_group,13,Low,6,540,0.55,0.1759
tfidf_full,XGBoost,SES_group,13,Low,7,561,0.6009,0.2193
tfidf_full,XGBoost,SES_group,13,Low,8,543,0.6586,0.2505
tfidf_full,XGBoost,SES_group,13,Low,9,509,0.7456,0.2986
tfidf_full,XGBoost,SES_group,13,High,0,233,0.1841,0.0343
tfidf_full,XGBoost,SES_group,13,High,1,247,0.2842,0.0567
tfidf_full,XGBoost,SES_group,13,High,2,304,0.346,0.0789
tfidf_full,XGBoost,SES_group,13,High,3,309,0.4022,0.1165
tfidf_full,XGBoost,SES_group,13,High,4,321,0.4522,0.1308
tfidf_full,XGBoost,SES_group,13,High,5,313,0.5001,0.1629
tfidf_full,XGBoost,SES_group,13,High,6,306,0.5504,0.1503
tfidf_full,XGBoost,SES_group,13,High,7,323,0.6021,0.2043
tfidf_full,XGBoost,SES_group,13,High,8,314,0.6595,0.3057
tfidf_full,XGBoost,SES_group,13,High,9,333,0.751,0.3694
tfidf_full,XGBoost,BlackConcentration,13,Low,0,210,0.1848,0.0238
tfidf_full,XGBoost,BlackConcentration,13,Low,1,212,0.2832,0.0708
tfidf_full,XGBoost,BlackConcentration,13,Low,2,241,0.3447,0.0954
tfidf_full,XGBoost,BlackConcentration,13,Low,3,229,0.3985,0.0655
tfidf_full,XGBoost,BlackConcentration,13,Low,4,226,0.4521,0.1239
tfidf_full,XGBoost,BlackConcentration,13,Low,5,217,0.5012,0.1659
tfidf_full,XGBoost,BlackConcentration,13,Low,6,194,0.5499,0.1495
tfidf_full,XGBoost,BlackConcentration,13,Low,7,233,0.6014,0.206
tfidf_full,XGBoost,BlackConcentration,13,Low,8,198,0.6572,0.2273
tfidf_full,XGBoost,BlackConcentration,13,Low,9,210,0.7446,0.3
tfidf_full,XGBoost,BlackConcentration,13,High,0,563,0.181,0.0373
tfidf_full,XGBoost,BlackConcentration,13,High,1,519,0.2847,0.0559
tfidf_full,XGBoost,BlackConcentration,13,High,2,514,0.3454,0.0759
tfidf_full,XGBoost,BlackConcentration,13,High,3,562,0.4018,0.1174
tfidf_full,XGBoost,BlackConcentration,13,High,4,550,0.4527,0.1218
tfidf_full,XGBoost,BlackConcentration,13,High,5,574,0.5024,0.1725
tfidf_full,XGBoost,BlackConcentration,13,High,6,564,0.5509,0.1596
tfidf_full,XGBoost,BlackConcentration,13,High,7,588,0.6012,0.2228
tfidf_full,XGBoost,BlackConcentration,13,High,8,603,0.6582,0.2819
tfidf_full,XGBoost,BlackConcentration,13,High,9,591,0.7468,0.3672
tfidf_full,XGBoost,SES_group,14,Low,0,788,0.1723,0.0203
tfidf_full,XGBoost,SES_group,14,Low,1,693,0.2632,0.0577
tfidf_full,XGBoost,SES_group,14,Low,2,701,0.3238,0.087
tfidf_full,XGBoost,SES_group,14,Low,3,676,0.3819,0.1139
tfidf_full,XGBoost,SES_group,14,Low,4,652,0.4347,0.1212
tfidf_full,XGBoost,SES_group,14,Low,5,673,0.4868,0.1233
tfidf_full,XGBoost,SES_group,14,Low,6,628,0.5373,0.1656
tfidf_full,XGBoost,SES_group,14,Low,7,615,0.5885,0.2423
tfidf_full,XGBoost,SES_group,14,Low,8,645,0.6492,0.2791
tfidf_full,XGBoost,SES_group,14,Low,9,636,0.7338,0.3066
tfidf_full,XGBoost,SES_group,14,High,0,303,0.1768,0.0429
tfidf_full,XGBoost,SES_group,14,High,1,320,0.2646,0.0656
tfidf_full,XGBoost,SES_group,14,High,2,293,0.3254,0.0922
tfidf_full,XGBoost,SES_group,14,High,3,317,0.3826,0.0915
tfidf_full,XGBoost,SES_group,14,High,4,356,0.436,0.1096
tfidf_full,XGBoost,SES_group,14,High,5,343,0.4893,0.1079
tfidf_full,XGBoost,SES_group,14,High,6,381,0.536,0.1601
tfidf_full,XGBoost,SES_group,14,High,7,360,0.5887,0.2028
tfidf_full,XGBoost,SES_group,14,High,8,350,0.6495,0.2857
tfidf_full,XGBoost,SES_group,14,High,9,376,0.7368,0.3697
tfidf_full,XGBoost,BlackConcentration,14,Low,0,262,0.1787,0.0267
tfidf_full,XGBoost,BlackConcentration,14,Low,1,278,0.2628,0.0647
tfidf_full,XGBoost,BlackConcentration,14,Low,2,293,0.3246,0.0717
tfidf_full,XGBoost,BlackConcentration,14,Low,3,289,0.3823,0.1522
tfidf_full,XGBoost,BlackConcentration,14,Low,4,269,0.4356,0.1301
tfidf_full,XGBoost,BlackConcentration,14,Low,5,268,0.4874,0.1343
tfidf_full,XGBoost,BlackConcentration,14,Low,6,267,0.5376,0.1498
tfidf_full,XGBoost,BlackConcentration,14,Low,7,246,0.5905,0.2033
tfidf_full,XGBoost,BlackConcentration,14,Low,8,250,0.6474,0.252
tfidf_full,XGBoost,BlackConcentration,14,Low,9,262,0.7321,0.3282
tfidf_full,XGBoost,BlackConcentration,14,High,0,626,0.1746,0.0367
tfidf_full,XGBoost,BlackConcentration,14,High,1,680,0.2634,0.0632
tfidf_full,XGBoost,BlackConcentration,14,High,2,640,0.3248,0.0953
tfidf_full,XGBoost,BlackConcentration,14,High,3,644,0.3823,0.0978
tfidf_full,XGBoost,BlackConcentration,14,High,4,650,0.4352,0.1154
tfidf_full,XGBoost,BlackConcentration,14,High,5,628,0.4887,0.1146
tfidf_full,XGBoost,BlackConcentration,14,High,6,689,0.537,0.1698
tfidf_full,XGBoost,BlackConcentration,14,High,7,648,0.5893,0.2531
tfidf_full,XGBoost,BlackConcentration,14,High,8,669,0.6496,0.281
tfidf_full,XGBoost,BlackConcentration,14,High,9,696,0.7374,0.3563
finbert_pca50,Logistic,SES_group,1,Low,0,58,0.1294,0.0517
finbert_pca50,Logistic,SES_group,1,Low,1,59,0.2352,0.0678
finbert_pca50,Logistic,SES_group,1,Low,2,55,0.3004,0.1091
finbert_pca50,Logistic,SES_group,1,Low,3,47,0.3711,0.0638
finbert_pca50,Logistic,SES_group,1,Low,4,47,0.4333,0.0638
finbert_pca50,Logistic,SES_group,1,Low,5,48,0.4922,0.2083
finbert_pca50,Logistic,SES_group,1,Low,6,50,0.5476,0.1
finbert_pca50,Logistic,SES_group,1,Low,7,49,0.6269,0.2653
finbert_pca50,Logistic,SES_group,1,Low,8,50,0.705,0.32
finbert_pca50,Logistic,SES_group,1,Low,9,52,0.8121,0.25
finbert_pca50,Logistic,SES_group,1,High,0,20,0.1479,0.1
finbert_pca50,Logistic,SES_group,1,High,1,22,0.2332,0.1364
finbert_pca50,Logistic,SES_group,1,High,2,17,0.3058,0.0588
finbert_pca50,Logistic,SES_group,1,High,3,26,0.3757,0.0769
finbert_pca50,Logistic,SES_group,1,High,4,24,0.432,0.0833
finbert_pca50,Logistic,SES_group,1,High,5,12,0.49,0.0833
finbert_pca50,Logistic,SES_group,1,High,6,23,0.5575,0.2609
finbert_pca50,Logistic,SES_group,1,High,7,21,0.6217,0.2857
finbert_pca50,Logistic,SES_group,1,High,8,22,0.7052,0.2273
finbert_pca50,Logistic,SES_group,1,High,9,27,0.8315,0.2593
finbert_pca50,Logistic,BlackConcentration,1,Low,0,15,0.1169,0.0
finbert_pca50,Logistic,BlackConcentration,1,Low,1,17,0.2314,0.0588
finbert_pca50,Logistic,BlackConcentration,1,Low,2,16,0.2995,0.125
finbert_pca50,Logistic,BlackConcentration,1,Low,3,15,0.3689,0.2667
finbert_pca50,Logistic,BlackConcentration,1,Low,4,21,0.4326,0.1905
finbert_pca50,Logistic,BlackConcentration,1,Low,5,21,0.4951,0.1905
finbert_pca50,Logistic,BlackConcentration,1,Low,6,19,0.551,0.1579
finbert_pca50,Logistic,BlackConcentration,1,Low,7,21,0.6131,0.2857
finbert_pca50,Logistic,BlackConcentration,1,Low,8,20,0.7055,0.3
finbert_pca50,Logistic,BlackConcentration,1,Low,9,15,0.8319,0.2
finbert_pca50,Logistic,BlackConcentration,1,High,0,49,0.1394,0.0408
finbert_pca50,Logistic,BlackConcentration,1,High,1,54,0.2315,0.037
finbert_pca50,Logistic,BlackConcentration,1,High,2,43,0.3035,0.0465
finbert_pca50,Logistic,BlackConcentration,1,High,3,45,0.3724,0.0667
finbert_pca50,Logistic,BlackConcentration,1,High,4,41,0.4322,0.1463
finbert_pca50,Logistic,BlackConcentration,1,High,5,44,0.4915,0.1364
finbert_pca50,Logistic,BlackConcentration,1,High,6,38,0.5511,0.2368
finbert_pca50,Logistic,BlackConcentration,1,High,7,49,0.6253,0.2449
finbert_pca50,Logistic,BlackConcentration,1,High,8,47,0.7071,0.3191
finbert_pca50,Logistic,BlackConcentration,1,High,9,50,0.8166,0.22
finbert_pca50,Logistic,SES_group,2,Low,0,65,0.1046,0.0
finbert_pca50,Logistic,SES_group,2,Low,1,56,0.1694,0.0179
finbert_pca50,Logistic,SES_group,2,Low,2,57,0.2203,0.0702
finbert_pca50,Logistic,SES_group,2,Low,3,52,0.2751,0.0962
finbert_pca50,Logistic,SES_group,2,Low,4,54,0.3415,0.1111
finbert_pca50,Logistic,SES_group,2,Low,5,64,0.4067,0.0469
finbert_pca50,Logistic,SES_group,2,Low,6,59,0.4844,0.0508
finbert_pca50,Logistic,SES_group,2,Low,7,47,0.5724,0.1489
finbert_pca50,Logistic,SES_group,2,Low,8,57,0.6803,0.2105
finbert_pca50,Logistic,SES_group,2,Low,9,50,0.8063,0.22
finbert_pca50,Logistic,SES_group,2,High,0,16,0.101,0.125
finbert_pca50,Logistic,SES_group,2,High,1,31,0.1705,0.0645
finbert_pca50,Logistic,SES_group,2,High,2,22,0.2205,0.1818
finbert_pca50,Logistic,SES_group,2,High,3,30,0.2798,0.1
finbert_pca50,Logistic,SES_group,2,High,4,26,0.3409,0.0385
finbert_pca50,Logistic,SES_group,2,High,5,19,0.4015,0.2105
finbert_pca50,Logistic,SES_group,2,High,6,30,0.4844,0.1667
finbert_pca50,Logistic,SES_group,2,High,7,27,0.5774,0.2222
finbert_pca50,Logistic,SES_group,2,High,8,28,0.6758,0.1429
finbert_pca50,Logistic,SES_group,2,High,9,34,0.8188,0.2941
finbert_pca50,Logistic,SES_group,3,Low,0,78,0.1454,0.0
finbert_pca50,Logistic,SES_group,3,Low,1,68,0.2368,0.0
finbert_pca50,Logistic,SES_group,3,Low,2,63,0.2938,0.0317
finbert_pca50,Logistic,SES_group,3,Low,3,56,0.3563,0.0357
finbert_pca50,Logistic,SES_group,3,Low,4,57,0.4192,0.0702
finbert_pca50,Logistic,SES_group,3,Low,5,61,0.4802,0.2295
finbert_pca50,Logistic,SES_group,3,Low,6,57,0.5493,0.0877
finbert_pca50,Logistic,SES_group,3,Low,7,62,0.6144,0.1613
finbert_pca50,Logistic,SES_group,3,Low,8,54,0.6851,0.2222
finbert_pca50,Logistic,SES_group,3,Low,9,50,0.807,0.3
finbert_pca50,Logistic,SES_group,3,High,0,22,0.1489,0.1364
finbert_pca50,Logistic,SES_group,3,High,1,27,0.2371,0.0741
finbert_pca50,Logistic,SES_group,3,High,2,17,0.2943,0.1176
finbert_pca50,Logistic,SES_group,3,High,3,30,0.3606,0.0667
finbert_pca50,Logistic,SES_group,3,High,4,27,0.4136,0.1852
finbert_pca50,Logistic,SES_group,3,High,5,30,0.4785,0.1667
finbert_pca50,Logistic,SES_group,3,High,6,34,0.5488,0.1471
finbert_pca50,Logistic,SES_group,3,High,7,28,0.613,0.1786
finbert_pca50,Logistic,SES_group,3,High,8,41,0.6856,0.2927
finbert_pca50,Logistic,SES_group,3,High,9,36,0.7985,0.4722
finbert_pca50,Logistic,SES_group,4,Low,0,98,0.1355,0.0102
finbert_pca50,Logistic,SES_group,4,Low,1,77,0.2205,0.0779
finbert_pca50,Logistic,SES_group,4,Low,2,85,0.2846,0.0706
finbert_pca50,Logistic,SES_group,4,Low,3,80,0.3474,0.0875
finbert_pca50,Logistic,SES_group,4,Low,4,86,0.4074,0.093
finbert_pca50,Logistic,SES_group,4,Low,5,73,0.4764,0.2055
finbert_pca50,Logistic,SES_group,4,Low,6,92,0.543,0.163
finbert_pca50,Logistic,SES_group,4,Low,7,83,0.6115,0.241
finbert_pca50,Logistic,SES_group,4,Low,8,69,0.6915,0.2029
finbert_pca50,Logistic,SES_group,4,Low,9,71,0.8073,0.2535
finbert_pca50,Logistic,SES_group,4,High,0,31,0.1411,0.0
finbert_pca50,Logistic,SES_group,4,High,1,50,0.2214,0.02
finbert_pca50,Logistic,SES_group,4,High,2,42,0.2826,0.0476
finbert_pca50,Logistic,SES_group,4,High,3,38,0.3477,0.0263
finbert_pca50,Logistic,SES_group,4,High,4,41,0.4102,0.0488
finbert_pca50,Logistic,SES_group,4,High,5,33,0.4744,0.1515
finbert_pca50,Logistic,SES_group,4,High,6,35,0.5407,0.2286
finbert_pca50,Logistic,SES_group,4,High,7,44,0.6185,0.0909
finbert_pca50,Logistic,SES_group,4,High,8,41,0.6894,0.3659
finbert_pca50,Logistic,SES_group,4,High,9,42,0.8057,0.4286
finbert_pca50,Logistic,BlackConcentration,4,Low,0,26,0.1429,0.0385
finbert_pca50,Logistic,BlackConcentration,4,Low,1,25,0.2171,0.12
finbert_pca50,Logistic,BlackConcentration,4,Low,2,12,0.2814,0.1667
finbert_pca50,Logistic,BlackConcentration,4,Low,3,24,0.3485,0.0833
finbert_pca50,Logistic,BlackConcentration,4,Low,4,24,0.4055,0.0833
finbert_pca50,Logistic,BlackConcentration,4,Low,5,28,0.4773,0.0714
finbert_pca50,Logistic,BlackConcentration,4,Low,6,25,0.5412,0.32
finbert_pca50,Logistic,BlackConcentration,4,Low,7,30,0.6135,0.2
finbert_pca50,Logistic,BlackConcentration,4,Low,8,31,0.6902,0.2258
finbert_pca50,Logistic,BlackConcentration,4,Low,9,24,0.8049,0.25
finbert_pca50,Logistic,BlackConcentration,4,High,0,80,0.1335,0.025
finbert_pca50,Logistic,BlackConcentration,4,High,1,88,0.2209,0.0568
finbert_pca50,Logistic,BlackConcentration,4,High,2,89,0.2862,0.0562
finbert_pca50,Logistic,BlackConcentration,4,High,3,83,0.3476,0.0482
finbert_pca50,Logistic,BlackConcentration,4,High,4,81,0.4109,0.0988
finbert_pca50,Logistic,BlackConcentration,4,High,5,83,0.4747,0.1928
finbert_pca50,Logistic,BlackConcentration,4,High,6,73,0.5395,0.1781
finbert_pca50,Logistic,BlackConcentration,4,High,7,85,0.6149,0.2
finbert_pca50,Logistic,BlackConcentration,4,High,8,83,0.6962,0.2892
finbert_pca50,Logistic,BlackConcentration,4,High,9,96,0.8118,0.3438
finbert_pca50,Logistic,SES_group,5,Low,0,105,0.1493,0.0095
finbert_pca50,Logistic,SES_group,5,Low,1,96,0.2302,0.0625
finbert_pca50,Logistic,SES_group,5,Low,2,100,0.2941,0.08
finbert_pca50,Logistic,SES_group,5,Low,3,93,0.3493,0.1505
finbert_pca50,Logistic,SES_group,5,Low,4,92,0.4054,0.0761
finbert_pca50,Logistic,SES_group,5,Low,5,77,0.463,0.1429
finbert_pca50,Logistic,SES_group,5,Low,6,89,0.525,0.1348
finbert_pca50,Logistic,SES_group,5,Low,7,106,0.5922,0.217
finbert_pca50,Logistic,SES_group,5,Low,8,85,0.6713,0.2706
finbert_pca50,Logistic,SES_group,5,Low,9,67,0.7829,0.4328
finbert_pca50,Logistic,SES_group,5,High,0,32,0.1524,0.0
finbert_pca50,Logistic,SES_group,5,High,1,35,0.2257,0.0857
finbert_pca50,Logistic,SES_group,5,High,2,36,0.2946,0.0278
finbert_pca50,Logistic,SES_group,5,High,3,42,0.3518,0.0714
finbert_pca50,Logistic,SES_group,5,High,4,39,0.4077,0.0769
finbert_pca50,Logistic,SES_group,5,High,5,54,0.4647,0.2037
finbert_pca50,Logistic,SES_group,5,High,6,41,0.5256,0.122
finbert_pca50,Logistic,SES_group,5,High,7,38,0.5931,0.1579
finbert_pca50,Logistic,SES_group,5,High,8,47,0.6716,0.234
finbert_pca50,Logistic,SES_group,5,High,9,66,0.7976,0.303
finbert_pca50,Logistic,BlackConcentration,5,Low,0,30,0.1486,0.0333
finbert_pca50,Logistic,BlackConcentration,5,Low,1,31,0.2254,0.0645
finbert_pca50,Logistic,BlackConcentration,5,Low,2,31,0.2893,0.0645
finbert_pca50,Logistic,BlackConcentration,5,Low,3,31,0.3484,0.0968
finbert_pca50,Logistic,BlackConcentration,5,Low,4,31,0.4125,0.0645
finbert_pca50,Logistic,BlackConcentration,5,Low,5,28,0.465,0.1071
finbert_pca50,Logistic,BlackConcentration,5,Low,6,25,0.525,0.08
finbert_pca50,Logistic,BlackConcentration,5,Low,7,26,0.5904,0.2308
finbert_pca50,Logistic,BlackConcentration,5,Low,8,31,0.6658,0.2903
finbert_pca50,Logistic,BlackConcentration,5,Low,9,29,0.7927,0.4138
finbert_pca50,Logistic,BlackConcentration,5,High,0,95,0.1516,0.0
finbert_pca50,Logistic,BlackConcentration,5,High,1,85,0.2305,0.0353
finbert_pca50,Logistic,BlackConcentration,5,High,2,97,0.2932,0.0412
finbert_pca50,Logistic,BlackConcentration,5,High,3,87,0.3497,0.0805
finbert_pca50,Logistic,BlackConcentration,5,High,4,89,0.4046,0.0899
finbert_pca50,Logistic,BlackConcentration,5,High,5,92,0.465,0.1848
finbert_pca50,Logistic,BlackConcentration,5,High,6,93,0.5229,0.1183
finbert_pca50,Logistic,BlackConcentration,5,High,7,90,0.5922,0.2222
finbert_pca50,Logistic,BlackConcentration,5,High,8,90,0.6738,0.3111
finbert_pca50,Logistic,BlackConcentration,5,High,9,91,0.7933,0.3846
finbert_pca50,Logistic,SES_group,6,Low,0,119,0.201,0.0336
finbert_pca50,Logistic,SES_group,6,Low,1,104,0.3019,0.0769
finbert_pca50,Logistic,SES_group,6,Low,2,97,0.3719,0.1237
finbert_pca50,Logistic,SES_group,6,Low,3,87,0.4318,0.1034
finbert_pca50,Logistic,SES_group,6,Low,4,98,0.4841,0.1327
finbert_pca50,Logistic,SES_group,6,Low,5,96,0.5379,0.1875
finbert_pca50,Logistic,SES_group,6,Low,6,92,0.5929,0.2065
finbert_pca50,Logistic,SES_group,6,Low,7,82,0.6496,0.2439
finbert_pca50,Logistic,SES_group,6,Low,8,96,0.72,0.3333
finbert_pca50,Logistic,SES_group,6,Low,9,88,0.7963,0.4432
finbert_pca50,Logistic,SES_group,6,High,0,37,0.2093,0.0541
finbert_pca50,Logistic,SES_group,6,High,1,44,0.3009,0.1364
finbert_pca50,Logistic,SES_group,6,High,2,49,0.3692,0.0816
finbert_pca50,Logistic,SES_group,6,High,3,59,0.431,0.1525
finbert_pca50,Logistic,SES_group,6,High,4,50,0.4832,0.22
finbert_pca50,Logistic,SES_group,6,High,5,46,0.5352,0.1957
finbert_pca50,Logistic,SES_group,6,High,6,48,0.5984,0.3333
finbert_pca50,Logistic,SES_group,6,High,7,63,0.6482,0.2063
finbert_pca50,Logistic,SES_group,6,High,8,54,0.7171,0.3148
finbert_pca50,Logistic,SES_group,6,High,9,57,0.8186,0.2982
finbert_pca50,Logistic,BlackConcentration,6,Low,0,24,0.1979,0.0833
finbert_pca50,Logistic,BlackConcentration,6,Low,1,34,0.3057,0.0
finbert_pca50,Logistic,BlackConcentration,6,Low,2,37,0.3699,0.1081
finbert_pca50,Logistic,BlackConcentration,6,Low,3,42,0.4351,0.0952
finbert_pca50,Logistic,BlackConcentration,6,Low,4,37,0.4843,0.1892
finbert_pca50,Logistic,BlackConcentration,6,Low,5,45,0.5361,0.2
finbert_pca50,Logistic,BlackConcentration,6,Low,6,44,0.5913,0.2045
finbert_pca50,Logistic,BlackConcentration,6,Low,7,35,0.6491,0.2
finbert_pca50,Logistic,BlackConcentration,6,Low,8,27,0.722,0.2963
finbert_pca50,Logistic,BlackConcentration,6,Low,9,24,0.8243,0.4167
finbert_pca50,Logistic,BlackConcentration,6,High,0,115,0.2053,0.0261
finbert_pca50,Logistic,BlackConcentration,6,High,1,114,0.3029,0.1053
finbert_pca50,Logistic,BlackConcentration,6,High,2,93,0.3673,0.1075
finbert_pca50,Logistic,BlackConcentration,6,High,3,88,0.4315,0.1023
finbert_pca50,Logistic,BlackConcentration,6,High,4,97,0.4836,0.1237
finbert_pca50,Logistic,BlackConcentration,6,High,5,86,0.536,0.2326
finbert_pca50,Logistic,BlackConcentration,6,High,6,89,0.5959,0.2921
finbert_pca50,Logistic,BlackConcentration,6,High,7,105,0.6496,0.219
finbert_pca50,Logistic,BlackConcentration,6,High,8,109,0.7165,0.3211
finbert_pca50,Logistic,BlackConcentration,6,High,9,106,0.8091,0.3962
finbert_pca50,Logistic,SES_group,7,Low,0,160,0.1741,0.0437
finbert_pca50,Logistic,SES_group,7,Low,1,130,0.2523,0.0692
finbert_pca50,Logistic,SES_group,7,Low,2,128,0.3112,0.0625
finbert_pca50,Logistic,SES_group,7,Low,3,110,0.3611,0.1182
finbert_pca50,Logistic,SES_group,7,Low,4,132,0.4117,0.1288
finbert_pca50,Logistic,SES_group,7,Low,5,118,0.4618,0.161
finbert_pca50,Logistic,SES_group,7,Low,6,114,0.5167,0.1579
finbert_pca50,Logistic,SES_group,7,Low,7,101,0.5826,0.1782
finbert_pca50,Logistic,SES_group,7,Low,8,106,0.6626,0.1981
finbert_pca50,Logistic,SES_group,7,Low,9,112,0.7772,0.3661
finbert_pca50,Logistic,SES_group,7,High,0,50,0.1738,0.08
finbert_pca50,Logistic,SES_group,7,High,1,61,0.2512,0.0
finbert_pca50,Logistic,SES_group,7,High,2,64,0.3117,0.0625
finbert_pca50,Logistic,SES_group,7,High,3,70,0.3617,0.1286
finbert_pca50,Logistic,SES_group,7,High,4,71,0.4092,0.0704
finbert_pca50,Logistic,SES_group,7,High,5,61,0.4648,0.0984
finbert_pca50,Logistic,SES_group,7,High,6,80,0.5188,0.1375
finbert_pca50,Logistic,SES_group,7,High,7,66,0.5807,0.2727
finbert_pca50,Logistic,SES_group,7,High,8,79,0.6633,0.3291
finbert_pca50,Logistic,SES_group,7,High,9,74,0.7852,0.3919
finbert_pca50,Logistic,BlackConcentration,7,Low,0,39,0.1774,0.0513
finbert_pca50,Logistic,BlackConcentration,7,Low,1,47,0.2517,0.0638
finbert_pca50,Logistic,BlackConcentration,7,Low,2,39,0.3133,0.0256
finbert_pca50,Logistic,BlackConcentration,7,Low,3,30,0.3602,0.1667
finbert_pca50,Logistic,BlackConcentration,7,Low,4,41,0.4102,0.0976
finbert_pca50,Logistic,BlackConcentration,7,Low,5,44,0.4601,0.0682
finbert_pca50,Logistic,BlackConcentration,7,Low,6,48,0.5167,0.1667
finbert_pca50,Logistic,BlackConcentration,7,Low,7,47,0.5768,0.234
finbert_pca50,Logistic,BlackConcentration,7,Low,8,44,0.6563,0.1591
finbert_pca50,Logistic,BlackConcentration,7,Low,9,49,0.776,0.4082
finbert_pca50,Logistic,BlackConcentration,7,High,0,128,0.1715,0.0781
finbert_pca50,Logistic,BlackConcentration,7,High,1,115,0.2535,0.0522
finbert_pca50,Logistic,BlackConcentration,7,High,2,131,0.3116,0.0382
finbert_pca50,Logistic,BlackConcentration,7,High,3,139,0.3624,0.0719
finbert_pca50,Logistic,BlackConcentration,7,High,4,130,0.4124,0.1462
finbert_pca50,Logistic,BlackConcentration,7,High,5,130,0.4623,0.1692
finbert_pca50,Logistic,BlackConcentration,7,High,6,119,0.5185,0.1176
finbert_pca50,Logistic,BlackConcentration,7,High,7,122,0.5837,0.2049
finbert_pca50,Logistic,BlackConcentration,7,High,8,128,0.6651,0.2656
finbert_pca50,Logistic,BlackConcentration,7,High,9,134,0.7778,0.3433
finbert_pca50,Logistic,SES_group,8,Low,0,201,0.1675,0.0597
finbert_pca50,Logistic,SES_group,8,Low,1,189,0.2901,0.0952
finbert_pca50,Logistic,SES_group,8,Low,2,181,0.3687,0.0994
finbert_pca50,Logistic,SES_group,8,Low,3,161,0.4373,0.118
finbert_pca50,Logistic,SES_group,8,Low,4,170,0.4986,0.1588
finbert_pca50,Logistic,SES_group,8,Low,5,166,0.5541,0.2108
finbert_pca50,Logistic,SES_group,8,Low,6,169,0.6091,0.2308
finbert_pca50,Logistic,SES_group,8,Low,7,150,0.6684,0.2333
finbert_pca50,Logistic,SES_group,8,Low,8,168,0.7397,0.2976
finbert_pca50,Logistic,SES_group,8,Low,9,160,0.8293,0.3312
finbert_pca50,Logistic,SES_group,8,High,0,74,0.1697,0.0135
finbert_pca50,Logistic,SES_group,8,High,1,87,0.2902,0.092
finbert_pca50,Logistic,SES_group,8,High,2,76,0.3688,0.0658
finbert_pca50,Logistic,SES_group,8,High,3,82,0.4383,0.122
finbert_pca50,Logistic,SES_group,8,High,4,82,0.494,0.1829
finbert_pca50,Logistic,SES_group,8,High,5,82,0.5562,0.1707
finbert_pca50,Logistic,SES_group,8,High,6,87,0.6062,0.1839
finbert_pca50,Logistic,SES_group,8,High,7,92,0.6722,0.2717
finbert_pca50,Logistic,SES_group,8,High,8,90,0.7382,0.3
finbert_pca50,Logistic,SES_group,8,High,9,86,0.8352,0.4535
finbert_pca50,Logistic,BlackConcentration,8,Low,0,65,0.1656,0.0154
finbert_pca50,Logistic,BlackConcentration,8,Low,1,67,0.29,0.0896
finbert_pca50,Logistic,BlackConcentration,8,Low,2,55,0.372,0.1636
finbert_pca50,Logistic,BlackConcentration,8,Low,3,53,0.4329,0.1698
finbert_pca50,Logistic,BlackConcentration,8,Low,4,59,0.4986,0.2203
finbert_pca50,Logistic,BlackConcentration,8,Low,5,53,0.556,0.2453
finbert_pca50,Logistic,BlackConcentration,8,Low,6,49,0.6085,0.2041
finbert_pca50,Logistic,BlackConcentration,8,Low,7,61,0.6683,0.1967
finbert_pca50,Logistic,BlackConcentration,8,Low,8,43,0.7398,0.3023
finbert_pca50,Logistic,BlackConcentration,8,Low,9,50,0.8389,0.38
finbert_pca50,Logistic,BlackConcentration,8,High,0,169,0.1655,0.0473
finbert_pca50,Logistic,BlackConcentration,8,High,1,169,0.2906,0.0947
finbert_pca50,Logistic,BlackConcentration,8,High,2,178,0.3709,0.1067
finbert_pca50,Logistic,BlackConcentration,8,High,3,166,0.4389,0.1325
finbert_pca50,Logistic,BlackConcentration,8,High,4,179,0.4984,0.1453
finbert_pca50,Logistic,BlackConcentration,8,High,5,179,0.5537,0.2235
finbert_pca50,Logistic,BlackConcentration,8,High,6,192,0.6063,0.2188
finbert_pca50,Logistic,BlackConcentration,8,High,7,173,0.6704,0.2832
finbert_pca50,Logistic,BlackConcentration,8,High,8,203,0.7399,0.266
finbert_pca50,Logistic,BlackConcentration,8,High,9,175,0.8327,0.4
finbert_pca50,Logistic,SES_group,9,Low,0,315,0.13,0.0381
finbert_pca50,Logistic,SES_group,9,Low,1,291,0.2382,0.0412
finbert_pca50,Logistic,SES_group,9,Low,2,286,0.3105,0.0629
finbert_pca50,Logistic,SES_group,9,Low,3,266,0.3726,0.1053
finbert_pca50,Logistic,SES_group,9,Low,4,256,0.4296,0.1328
finbert_pca50,Logistic,SES_group,9,Low,5,244,0.4878,0.1393
finbert_pca50,Logistic,SES_group,9,Low,6,238,0.5472,0.1681
finbert_pca50,Logistic,SES_group,9,Low,7,242,0.6122,0.1942
finbert_pca50,Logistic,SES_group,9,Low,8,228,0.6953,0.2719
finbert_pca50,Logistic,SES_group,9,Low,9,229,0.8155,0.3755
finbert_pca50,Logistic,SES_group,9,High,0,116,0.138,0.0603
finbert_pca50,Logistic,SES_group,9,High,1,123,0.2346,0.0488
finbert_pca50,Logistic,SES_group,9,High,2,129,0.3098,0.0853
finbert_pca50,Logistic,SES_group,9,High,3,146,0.3723,0.1096
finbert_pca50,Logistic,SES_group,9,High,4,121,0.431,0.0992
finbert_pca50,Logistic,SES_group,9,High,5,154,0.4878,0.1234
finbert_pca50,Logistic,SES_group,9,High,6,159,0.5463,0.1761
finbert_pca50,Logistic,SES_group,9,High,7,150,0.6123,0.16
finbert_pca50,Logistic,SES_group,9,High,8,168,0.6944,0.2738
finbert_pca50,Logistic,SES_group,9,High,9,163,0.8161,0.3497
finbert_pca50,Logistic,BlackConcentration,9,Low,0,111,0.1364,0.018
finbert_pca50,Logistic,BlackConcentration,9,Low,1,102,0.2352,0.0392
finbert_pca50,Logistic,BlackConcentration,9,Low,2,97,0.31,0.0825
finbert_pca50,Logistic,BlackConcentration,9,Low,3,97,0.3729,0.0928
finbert_pca50,Logistic,BlackConcentration,9,Low,4,105,0.4291,0.1429
finbert_pca50,Logistic,BlackConcentration,9,Low,5,111,0.4876,0.1441
finbert_pca50,Logistic,BlackConcentration,9,Low,6,92,0.5488,0.1957
finbert_pca50,Logistic,BlackConcentration,9,Low,7,103,0.6173,0.1165
finbert_pca50,Logistic,BlackConcentration,9,Low,8,101,0.6992,0.2772
finbert_pca50,Logistic,BlackConcentration,9,Low,9,101,0.8178,0.3069
finbert_pca50,Logistic,BlackConcentration,9,High,0,270,0.1338,0.0593
finbert_pca50,Logistic,BlackConcentration,9,High,1,282,0.2384,0.0461
finbert_pca50,Logistic,BlackConcentration,9,High,2,273,0.3076,0.0623
finbert_pca50,Logistic,BlackConcentration,9,High,3,272,0.3727,0.0956
finbert_pca50,Logistic,BlackConcentration,9,High,4,254,0.4335,0.122
finbert_pca50,Logistic,BlackConcentration,9,High,5,261,0.4879,0.1303
finbert_pca50,Logistic,BlackConcentration,9,High,6,264,0.545,0.1818
finbert_pca50,Logistic,BlackConcentration,9,High,7,274,0.6109,0.2117
finbert_pca50,Logistic,BlackConcentration,9,High,8,287,0.696,0.2578
finbert_pca50,Logistic,BlackConcentration,9,High,9,278,0.8179,0.3417
finbert_pca50,Logistic,SES_group,10,Low,0,333,0.1552,0.03
finbert_pca50,Logistic,SES_group,10,Low,1,316,0.2464,0.0665
finbert_pca50,Logistic,SES_group,10,Low,2,257,0.3118,0.0623
finbert_pca50,Logistic,SES_group,10,Low,3,266,0.3627,0.094
finbert_pca50,Logistic,SES_group,10,Low,4,270,0.4191,0.0963
finbert_pca50,Logistic,SES_group,10,Low,5,274,0.4742,0.1898
finbert_pca50,Logistic,SES_group,10,Low,6,266,0.5294,0.1617
finbert_pca50,Logistic,SES_group,10,Low,7,259,0.5915,0.1931
finbert_pca50,Logistic,SES_group,10,Low,8,240,0.6638,0.2083
finbert_pca50,Logistic,SES_group,10,Low,9,230,0.7771,0.3435
finbert_pca50,Logistic,SES_group,10,High,0,115,0.1537,0.0435
finbert_pca50,Logistic,SES_group,10,High,1,110,0.2461,0.0545
finbert_pca50,Logistic,SES_group,10,High,2,139,0.313,0.1151
finbert_pca50,Logistic,SES_group,10,High,3,128,0.3653,0.1016
finbert_pca50,Logistic,SES_group,10,High,4,145,0.418,0.0828
finbert_pca50,Logistic,SES_group,10,High,5,128,0.4756,0.1172
finbert_pca50,Logistic,SES_group,10,High,6,142,0.5297,0.169
finbert_pca50,Logistic,SES_group,10,High,7,148,0.5936,0.1014
finbert_pca50,Logistic,SES_group,10,High,8,154,0.6665,0.2987
finbert_pca50,Logistic,SES_group,10,High,9,147,0.7781,0.3878
finbert_pca50,Logistic,BlackConcentration,10,Low,0,91,0.153,0.022
finbert_pca50,Logistic,BlackConcentration,10,Low,1,111,0.2423,0.0901
finbert_pca50,Logistic,BlackConcentration,10,Low,2,109,0.3107,0.1101
finbert_pca50,Logistic,BlackConcentration,10,Low,3,102,0.362,0.1078
finbert_pca50,Logistic,BlackConcentration,10,Low,4,110,0.4181,0.0636
finbert_pca50,Logistic,BlackConcentration,10,Low,5,98,0.4736,0.1224
finbert_pca50,Logistic,BlackConcentration,10,Low,6,97,0.5289,0.2062
finbert_pca50,Logistic,BlackConcentration,10,Low,7,90,0.5942,0.1667
finbert_pca50,Logistic,BlackConcentration,10,Low,8,91,0.6603,0.1758
finbert_pca50,Logistic,BlackConcentration,10,Low,9,113,0.7757,0.3009
finbert_pca50,Logistic,BlackConcentration,10,High,0,274,0.1535,0.0401
finbert_pca50,Logistic,BlackConcentration,10,High,1,251,0.2477,0.0637
finbert_pca50,Logistic,BlackConcentration,10,High,2,261,0.3109,0.0996
finbert_pca50,Logistic,BlackConcentration,10,High,3,263,0.3648,0.1027
finbert_pca50,Logistic,BlackConcentration,10,High,4,258,0.4183,0.124
finbert_pca50,Logistic,BlackConcentration,10,High,5,263,0.4752,0.1597
finbert_pca50,Logistic,BlackConcentration,10,High,6,272,0.5294,0.1618
finbert_pca50,Logistic,BlackConcentration,10,High,7,284,0.5915,0.1725
finbert_pca50,Logistic,BlackConcentration,10,High,8,287,0.6662,0.2927
finbert_pca50,Logistic,BlackConcentration,10,High,9,281,0.7804,0.4057
finbert_pca50,Logistic,SES_group,11,Low,0,457,0.1605,0.0372
finbert_pca50,Logistic,SES_group,11,Low,1,394,0.2555,0.0508
finbert_pca50,Logistic,SES_group,11,Low,2,368,0.3212,0.0842
finbert_pca50,Logistic,SES_group,11,Low,3,382,0.3795,0.0995
finbert_pca50,Logistic,SES_group,11,Low,4,359,0.4347,0.1226
finbert_pca50,Logistic,SES_group,11,Low,5,360,0.4867,0.125
finbert_pca50,Logistic,SES_group,11,Low,6,344,0.5419,0.1628
finbert_pca50,Logistic,SES_group,11,Low,7,343,0.6035,0.2362
finbert_pca50,Logistic,SES_group,11,Low,8,329,0.6708,0.2492
finbert_pca50,Logistic,SES_group,11,Low,9,311,0.7865,0.3183
finbert_pca50,Logistic,SES_group,11,High,0,140,0.1604,0.0214
finbert_pca50,Logistic,SES_group,11,High,1,172,0.2574,0.0349
finbert_pca50,Logistic,SES_group,11,High,2,182,0.3228,0.0495
finbert_pca50,Logistic,SES_group,11,High,3,198,0.3802,0.1061
finbert_pca50,Logistic,SES_group,11,High,4,186,0.4351,0.1183
finbert_pca50,Logistic,SES_group,11,High,5,196,0.4878,0.1224
finbert_pca50,Logistic,SES_group,11,High,6,198,0.5411,0.2121
finbert_pca50,Logistic,SES_group,11,High,7,198,0.6027,0.1768
finbert_pca50,Logistic,SES_group,11,High,8,214,0.6729,0.257
finbert_pca50,Logistic,SES_group,11,High,9,216,0.7837,0.3611
finbert_pca50,Logistic,BlackConcentration,11,Low,0,153,0.156,0.0196
finbert_pca50,Logistic,BlackConcentration,11,Low,1,140,0.2568,0.05
finbert_pca50,Logistic,BlackConcentration,11,Low,2,138,0.3216,0.0797
finbert_pca50,Logistic,BlackConcentration,11,Low,3,139,0.3801,0.0647
finbert_pca50,Logistic,BlackConcentration,11,Low,4,122,0.4366,0.1066
finbert_pca50,Logistic,BlackConcentration,11,Low,5,153,0.4882,0.0915
finbert_pca50,Logistic,BlackConcentration,11,Low,6,129,0.5407,0.155
finbert_pca50,Logistic,BlackConcentration,11,Low,7,141,0.6004,0.2482
finbert_pca50,Logistic,BlackConcentration,11,Low,8,114,0.6673,0.2193
finbert_pca50,Logistic,BlackConcentration,11,Low,9,149,0.7852,0.2215
finbert_pca50,Logistic,BlackConcentration,11,High,0,334,0.162,0.0449
finbert_pca50,Logistic,BlackConcentration,11,High,1,359,0.2562,0.0446
finbert_pca50,Logistic,BlackConcentration,11,High,2,358,0.3225,0.0698
finbert_pca50,Logistic,BlackConcentration,11,High,3,358,0.3795,0.1117
finbert_pca50,Logistic,BlackConcentration,11,High,4,363,0.435,0.1267
finbert_pca50,Logistic,BlackConcentration,11,High,5,339,0.4869,0.1268
finbert_pca50,Logistic,BlackConcentration,11,High,6,364,0.5413,0.206
finbert_pca50,Logistic,BlackConcentration,11,High,7,339,0.6025,0.1917
finbert_pca50,Logistic,BlackConcentration,11,High,8,381,0.6724,0.2178
finbert_pca50,Logistic,BlackConcentration,11,High,9,368,0.788,0.3261
finbert_pca50,Logistic,SES_group,12,Low,0,557,0.173,0.0233
finbert_pca50,Logistic,SES_group,12,Low,1,502,0.2739,0.0538
finbert_pca50,Logistic,SES_group,12,Low,2,497,0.3387,0.0825
finbert_pca50,Logistic,SES_group,12,Low,3,455,0.3955,0.0945
finbert_pca50,Logistic,SES_group,12,Low,4,473,0.4444,0.1205
finbert_pca50,Logistic,SES_group,12,Low,5,476,0.4975,0.1555
finbert_pca50,Logistic,SES_group,12,Low,6,435,0.5495,0.1954
finbert_pca50,Logistic,SES_group,12,Low,7,447,0.6066,0.2215
finbert_pca50,Logistic,SES_group,12,Low,8,435,0.6751,0.2414
finbert_pca50,Logistic,SES_group,12,Low,9,428,0.7824,0.3388
finbert_pca50,Logistic,SES_group,12,High,0,186,0.1802,0.0323
finbert_pca50,Logistic,SES_group,12,High,1,261,0.2751,0.0766
finbert_pca50,Logistic,SES_group,12,High,2,256,0.3403,0.0508
finbert_pca50,Logistic,SES_group,12,High,3,276,0.3941,0.1087
finbert_pca50,Logistic,SES_group,12,High,4,259,0.4474,0.1429
finbert_pca50,Logistic,SES_group,12,High,5,255,0.4971,0.1255
finbert_pca50,Logistic,SES_group,12,High,6,272,0.5497,0.2059
finbert_pca50,Logistic,SES_group,12,High,7,296,0.6043,0.2365
finbert_pca50,Logistic,SES_group,12,High,8,269,0.6753,0.2714
finbert_pca50,Logistic,SES_group,12,High,9,278,0.7796,0.3885
finbert_pca50,Logistic,BlackConcentration,12,Low,0,199,0.1753,0.0201
finbert_pca50,Logistic,BlackConcentration,12,Low,1,199,0.2712,0.0603
finbert_pca50,Logistic,BlackConcentration,12,Low,2,180,0.3421,0.0611
finbert_pca50,Logistic,BlackConcentration,12,Low,3,168,0.3947,0.1012
finbert_pca50,Logistic,BlackConcentration,12,Low,4,163,0.4475,0.135
finbert_pca50,Logistic,BlackConcentration,12,Low,5,207,0.4983,0.1498
finbert_pca50,Logistic,BlackConcentration,12,Low,6,184,0.5487,0.1848
finbert_pca50,Logistic,BlackConcentration,12,Low,7,168,0.605,0.2083
finbert_pca50,Logistic,BlackConcentration,12,Low,8,174,0.6754,0.2701
finbert_pca50,Logistic,BlackConcentration,12,Low,9,150,0.7767,0.34
finbert_pca50,Logistic,BlackConcentration,12,High,0,462,0.1746,0.0303
finbert_pca50,Logistic,BlackConcentration,12,High,1,443,0.2743,0.0519
finbert_pca50,Logistic,BlackConcentration,12,High,2,469,0.3387,0.0768
finbert_pca50,Logistic,BlackConcentration,12,High,3,477,0.3953,0.1048
finbert_pca50,Logistic,BlackConcentration,12,High,4,498,0.4458,0.1466
finbert_pca50,Logistic,BlackConcentration,12,High,5,495,0.4978,0.1515
finbert_pca50,Logistic,BlackConcentration,12,High,6,513,0.5495,0.2086
finbert_pca50,Logistic,BlackConcentration,12,High,7,511,0.6063,0.1937
finbert_pca50,Logistic,BlackConcentration,12,High,8,503,0.6743,0.2763
finbert_pca50,Logistic,BlackConcentration,12,High,9,527,0.7804,0.3662
finbert_pca50,Logistic,SES_group,13,Low,0,687,0.1813,0.0349
finbert_pca50,Logistic,SES_group,13,Low,1,625,0.2761,0.0672
finbert_pca50,Logistic,SES_group,13,Low,2,580,0.3412,0.0793
finbert_pca50,Logistic,SES_group,13,Low,3,590,0.3955,0.1271
finbert_pca50,Logistic,SES_group,13,Low,4,544,0.445,0.1324
finbert_pca50,Logistic,SES_group,13,Low,5,532,0.495,0.1241
finbert_pca50,Logistic,SES_group,13,Low,6,543,0.5487,0.1731
finbert_pca50,Logistic,SES_group,13,Low,7,564,0.6045,0.2394
finbert_pca50,Logistic,SES_group,13,Low,8,517,0.6742,0.2553
finbert_pca50,Logistic,SES_group,13,Low,9,504,0.777,0.2996
finbert_pca50,Logistic,SES_group,13,High,0,224,0.1824,0.0357
finbert_pca50,Logistic,SES_group,13,High,1,256,0.2798,0.0508
finbert_pca50,Logistic,SES_group,13,High,2,274,0.3417,0.1168
finbert_pca50,Logistic,SES_group,13,High,3,294,0.3941,0.0884
finbert_pca50,Logistic,SES_group,13,High,4,319,0.4441,0.1066
finbert_pca50,Logistic,SES_group,13,High,5,333,0.4948,0.1381
finbert_pca50,Logistic,SES_group,13,High,6,310,0.5461,0.171
finbert_pca50,Logistic,SES_group,13,High,7,313,0.6044,0.2236
finbert_pca50,Logistic,SES_group,13,High,8,340,0.6734,0.2529
finbert_pca50,Logistic,SES_group,13,High,9,340,0.7838,0.4059
finbert_pca50,Logistic,BlackConcentration,13,Low,0,227,0.1836,0.0264
finbert_pca50,Logistic,BlackConcentration,13,Low,1,245,0.2774,0.0612
finbert_pca50,Logistic,BlackConcentration,13,Low,2,228,0.3402,0.0965
finbert_pca50,Logistic,BlackConcentration,13,Low,3,233,0.3952,0.1116
finbert_pca50,Logistic,BlackConcentration,13,Low,4,234,0.4449,0.0897
finbert_pca50,Logistic,BlackConcentration,13,Low,5,204,0.4956,0.1422
finbert_pca50,Logistic,BlackConcentration,13,Low,6,194,0.5489,0.134
finbert_pca50,Logistic,BlackConcentration,13,Low,7,226,0.6048,0.2478
finbert_pca50,Logistic,BlackConcentration,13,Low,8,195,0.6744,0.2513
finbert_pca50,Logistic,BlackConcentration,13,Low,9,184,0.776,0.3098
finbert_pca50,Logistic,BlackConcentration,13,High,0,565,0.1805,0.0319
finbert_pca50,Logistic,BlackConcentration,13,High,1,503,0.2783,0.0716
finbert_pca50,Logistic,BlackConcentration,13,High,2,533,0.3416,0.0863
finbert_pca50,Logistic,BlackConcentration,13,High,3,526,0.3947,0.097
finbert_pca50,Logistic,BlackConcentration,13,High,4,545,0.4462,0.1284
finbert_pca50,Logistic,BlackConcentration,13,High,5,566,0.4946,0.1343
finbert_pca50,Logistic,BlackConcentration,13,High,6,601,0.5479,0.1814
finbert_pca50,Logistic,BlackConcentration,13,High,7,567,0.6053,0.2222
finbert_pca50,Logistic,BlackConcentration,13,High,8,618,0.6735,0.2702
finbert_pca50,Logistic,BlackConcentration,13,High,9,604,0.782,0.3808
finbert_pca50,Logistic,SES_group,14,Low,0,768,0.1668,0.0234
finbert_pca50,Logistic,SES_group,14,Low,1,752,0.2582,0.0572
finbert_pca50,Logistic,SES_group,14,Low,2,701,0.3207,0.0913
finbert_pca50,Logistic,SES_group,14,Low,3,666,0.3737,0.1111
finbert_pca50,Logistic,SES_group,14,Low,4,638,0.4252,0.1066
finbert_pca50,Logistic,SES_group,14,Low,5,640,0.4747,0.125
finbert_pca50,Logistic,SES_group,14,Low,6,656,0.529,0.1707
finbert_pca50,Logistic,SES_group,14,Low,7,659,0.5912,0.258
finbert_pca50,Logistic,SES_group,14,Low,8,630,0.6629,0.2746
finbert_pca50,Logistic,SES_group,14,Low,9,597,0.7708,0.3049
finbert_pca50,Logistic,SES_group,14,High,0,297,0.1721,0.0438
finbert_pca50,Logistic,SES_group,14,High,1,286,0.2592,0.0594
finbert_pca50,Logistic,SES_group,14,High,2,316,0.3206,0.1076
finbert_pca50,Logistic,SES_group,14,High,3,329,0.3746,0.0912
finbert_pca50,Logistic,SES_group,14,High,4,363,0.4237,0.0826
finbert_pca50,Logistic,SES_group,14,High,5,349,0.4749,0.1318
finbert_pca50,Logistic,SES_group,14,High,6,368,0.5296,0.1739
finbert_pca50,Logistic,SES_group,14,High,7,315,0.5907,0.1905
finbert_pca50,Logistic,SES_group,14,High,8,370,0.6638,0.2703
finbert_pca50,Logistic,SES_group,14,High,9,406,0.7687,0.3571
finbert_pca50,Logistic,BlackConcentration,14,Low,0,300,0.1713,0.02
finbert_pca50,Logistic,BlackConcentration,14,Low,1,290,0.2593,0.0862
finbert_pca50,Logistic,BlackConcentration,14,Low,2,286,0.3216,0.0909
finbert_pca50,Logistic,BlackConcentration,14,Low,3,284,0.3733,0.1232
finbert_pca50,Logistic,BlackConcentration,14,Low,4,267,0.4245,0.1161
finbert_pca50,Logistic,BlackConcentration,14,Low,5,282,0.4749,0.1596
finbert_pca50,Logistic,BlackConcentration,14,Low,6,251,0.5286,0.1713
finbert_pca50,Logistic,BlackConcentration,14,Low,7,250,0.5919,0.228
finbert_pca50,Logistic,BlackConcentration,14,Low,8,244,0.663,0.2418
finbert_pca50,Logistic,BlackConcentration,14,Low,9,230,0.7653,0.3174
finbert_pca50,Logistic,BlackConcentration,14,High,0,623,0.1727,0.0482
finbert_pca50,Logistic,BlackConcentration,14,High,1,640,0.2586,0.0594
finbert_pca50,Logistic,BlackConcentration,14,High,2,670,0.3205,0.0821
finbert_pca50,Logistic,BlackConcentration,14,High,3,625,0.3751,0.1104
finbert_pca50,Logistic,BlackConcentration,14,High,4,644,0.4244,0.0994
finbert_pca50,Logistic,BlackConcentration,14,High,5,639,0.4746,0.1283
finbert_pca50,Logistic,BlackConcentration,14,High,6,677,0.5299,0.1773
finbert_pca50,Logistic,BlackConcentration,14,High,7,655,0.5913,0.2382
finbert_pca50,Logistic,BlackConcentration,14,High,8,668,0.6635,0.2979
finbert_pca50,Logistic,BlackConcentration,14,High,9,729,0.7716,0.3306
finbert_pca50,RandomForest,SES_group,1,Low,0,61,0.1675,0.0164
finbert_pca50,RandomForest,SES_group,1,Low,1,49,0.2573,0.1224
finbert_pca50,RandomForest,SES_group,1,Low,2,53,0.3219,0.0755
finbert_pca50,RandomForest,SES_group,1,Low,3,56,0.3865,0.125
finbert_pca50,RandomForest,SES_group,1,Low,4,46,0.423,0.1957
finbert_pca50,RandomForest,SES_group,1,Low,5,46,0.4505,0.1739
finbert_pca50,RandomForest,SES_group,1,Low,6,54,0.4838,0.0741
finbert_pca50,RandomForest,SES_group,1,Low,7,46,0.5327,0.2174
finbert_pca50,RandomForest,SES_group,1,Low,8,49,0.5783,0.2245
finbert_pca50,RandomForest,SES_group,1,Low,9,55,0.6248,0.2909
finbert_pca50,RandomForest,SES_group,1,High,0,18,0.1671,0.2222
finbert_pca50,RandomForest,SES_group,1,High,1,21,0.2513,0.0
finbert_pca50,RandomForest,SES_group,1,High,2,21,0.3222,0.0476
finbert_pca50,RandomForest,SES_group,1,High,3,21,0.382,0.1429
finbert_pca50,RandomForest,SES_group,1,High,4,24,0.4208,0.2083
finbert_pca50,RandomForest,SES_group,1,High,5,17,0.4513,0.1765
finbert_pca50,RandomForest,SES_group,1,High,6,14,0.4873,0.1429
finbert_pca50,RandomForest,SES_group,1,High,7,34,0.5357,0.2059
finbert_pca50,RandomForest,SES_group,1,High,8,23,0.5776,0.2609
finbert_pca50,RandomForest,SES_group,1,High,9,21,0.6213,0.1905
finbert_pca50,RandomForest,BlackConcentration,1,Low,0,14,0.1582,0.0
finbert_pca50,RandomForest,BlackConcentration,1,Low,1,20,0.2561,0.05
finbert_pca50,RandomForest,BlackConcentration,1,Low,2,15,0.3242,0.1333
finbert_pca50,RandomForest,BlackConcentration,1,Low,3,20,0.3862,0.2
finbert_pca50,RandomForest,BlackConcentration,1,Low,4,24,0.4228,0.3333
finbert_pca50,RandomForest,BlackConcentration,1,Low,5,17,0.4508,0.1765
finbert_pca50,RandomForest,BlackConcentration,1,Low,6,19,0.4849,0.0526
finbert_pca50,RandomForest,BlackConcentration,1,Low,7,16,0.5346,0.375
finbert_pca50,RandomForest,BlackConcentration,1,Low,8,14,0.5785,0.2143
finbert_pca50,RandomForest,BlackConcentration,1,Low,9,21,0.6259,0.2381
finbert_pca50,RandomForest,BlackConcentration,1,High,0,52,0.177,0.0577
finbert_pca50,RandomForest,BlackConcentration,1,High,1,49,0.25,0.0204
finbert_pca50,RandomForest,BlackConcentration,1,High,2,42,0.3194,0.0238
finbert_pca50,RandomForest,BlackConcentration,1,High,3,44,0.3837,0.1591
finbert_pca50,RandomForest,BlackConcentration,1,High,4,37,0.419,0.1351
finbert_pca50,RandomForest,BlackConcentration,1,High,5,49,0.4509,0.3061
finbert_pca50,RandomForest,BlackConcentration,1,High,6,37,0.4867,0.1351
finbert_pca50,RandomForest,BlackConcentration,1,High,7,54,0.5331,0.1667
finbert_pca50,RandomForest,BlackConcentration,1,High,8,54,0.5788,0.2222
finbert_pca50,RandomForest,BlackConcentration,1,High,9,42,0.6228,0.2381
finbert_pca50,RandomForest,SES_group,2,Low,0,52,0.1685,0.0
finbert_pca50,RandomForest,SES_group,2,Low,1,53,0.2234,0.0189
finbert_pca50,RandomForest,SES_group,2,Low,2,51,0.2648,0.0392
finbert_pca50,RandomForest,SES_group,2,Low,3,64,0.3159,0.0625
finbert_pca50,RandomForest,SES_group,2,Low,4,57,0.3736,0.0702
finbert_pca50,RandomForest,SES_group,2,Low,5,59,0.4248,0.0678
finbert_pca50,RandomForest,SES_group,2,Low,6,51,0.4642,0.1765
finbert_pca50,RandomForest,SES_group,2,Low,7,62,0.5061,0.1935
finbert_pca50,RandomForest,SES_group,2,Low,8,55,0.5541,0.0909
finbert_pca50,RandomForest,SES_group,2,Low,9,57,0.6201,0.193
finbert_pca50,RandomForest,SES_group,2,High,0,28,0.1673,0.1429
finbert_pca50,RandomForest,SES_group,2,High,1,20,0.2247,0.05
finbert_pca50,RandomForest,SES_group,2,High,2,25,0.2674,0.12
finbert_pca50,RandomForest,SES_group,2,High,3,27,0.3158,0.1111
finbert_pca50,RandomForest,SES_group,2,High,4,18,0.3728,0.0
finbert_pca50,RandomForest,SES_group,2,High,5,36,0.4233,0.1111
finbert_pca50,RandomForest,SES_group,2,High,6,28,0.4688,0.2143
finbert_pca50,RandomForest,SES_group,2,High,7,17,0.5021,0.3529
finbert_pca50,RandomForest,SES_group,2,High,8,34,0.5516,0.1765
finbert_pca50,RandomForest,SES_group,2,High,9,30,0.6205,0.2667
finbert_pca50,RandomForest,SES_group,3,Low,0,70,0.0962,0.0143
finbert_pca50,RandomForest,SES_group,3,Low,1,63,0.1558,0.0
finbert_pca50,RandomForest,SES_group,3,Low,2,62,0.2064,0.0323
finbert_pca50,RandomForest,SES_group,3,Low,3,58,0.2498,0.069
finbert_pca50,RandomForest,SES_group,3,Low,4,59,0.2881,0.0508
finbert_pca50,RandomForest,SES_group,3,Low,5,66,0.3252,0.0909
finbert_pca50,RandomForest,SES_group,3,Low,6,53,0.3616,0.1509
finbert_pca50,RandomForest,SES_group,3,Low,7,66,0.4026,0.1818
finbert_pca50,RandomForest,SES_group,3,Low,8,59,0.4558,0.2373
finbert_pca50,RandomForest,SES_group,3,Low,9,50,0.5453,0.28
finbert_pca50,RandomForest,SES_group,3,High,0,21,0.0956,0.0476
finbert_pca50,RandomForest,SES_group,3,High,1,22,0.1537,0.0909
finbert_pca50,RandomForest,SES_group,3,High,2,32,0.2053,0.125
finbert_pca50,RandomForest,SES_group,3,High,3,31,0.2477,0.129
finbert_pca50,RandomForest,SES_group,3,High,4,27,0.2906,0.1852
finbert_pca50,RandomForest,SES_group,3,High,5,29,0.3252,0.2069
finbert_pca50,RandomForest,SES_group,3,High,6,30,0.3636,0.1333
finbert_pca50,RandomForest,SES_group,3,High,7,29,0.407,0.3448
finbert_pca50,RandomForest,SES_group,3,High,8,30,0.4528,0.2667
finbert_pca50,RandomForest,SES_group,3,High,9,41,0.5392,0.3415
finbert_pca50,RandomForest,SES_group,4,Low,0,83,0.1553,0.0
finbert_pca50,RandomForest,SES_group,4,Low,1,78,0.2388,0.0513
finbert_pca50,RandomForest,SES_group,4,Low,2,74,0.2981,0.0811
finbert_pca50,RandomForest,SES_group,4,Low,3,90,0.3513,0.1222
finbert_pca50,RandomForest,SES_group,4,Low,4,74,0.401,0.1486
finbert_pca50,RandomForest,SES_group,4,Low,5,85,0.4507,0.1765
finbert_pca50,RandomForest,SES_group,4,Low,6,86,0.4972,0.1279
finbert_pca50,RandomForest,SES_group,4,Low,7,92,0.5347,0.2283
finbert_pca50,RandomForest,SES_group,4,Low,8,73,0.5799,0.1644
finbert_pca50,RandomForest,SES_group,4,Low,9,79,0.6383,0.2405
finbert_pca50,RandomForest,SES_group,4,High,0,44,0.1507,0.0
finbert_pca50,RandomForest,SES_group,4,High,1,42,0.2327,0.0476
finbert_pca50,RandomForest,SES_group,4,High,2,44,0.3006,0.0227
finbert_pca50,RandomForest,SES_group,4,High,3,37,0.3524,0.0541
finbert_pca50,RandomForest,SES_group,4,High,4,44,0.4015,0.1364
finbert_pca50,RandomForest,SES_group,4,High,5,35,0.4536,0.0571
finbert_pca50,RandomForest,SES_group,4,High,6,36,0.4923,0.25
finbert_pca50,RandomForest,SES_group,4,High,7,33,0.5315,0.1818
finbert_pca50,RandomForest,SES_group,4,High,8,46,0.5794,0.2826
finbert_pca50,RandomForest,SES_group,4,High,9,36,0.6314,0.4167
finbert_pca50,RandomForest,BlackConcentration,4,Low,0,24,0.1491,0.0
finbert_pca50,RandomForest,BlackConcentration,4,Low,1,20,0.2367,0.15
finbert_pca50,RandomForest,BlackConcentration,4,Low,2,21,0.2976,0.1429
finbert_pca50,RandomForest,BlackConcentration,4,Low,3,27,0.3496,0.1111
finbert_pca50,RandomForest,BlackConcentration,4,Low,4,27,0.404,0.1111
finbert_pca50,RandomForest,BlackConcentration,4,Low,5,25,0.4484,0.04
finbert_pca50,RandomForest,BlackConcentration,4,Low,6,27,0.4959,0.2593
finbert_pca50,RandomForest,BlackConcentration,4,Low,7,27,0.5317,0.2963
finbert_pca50,RandomForest,BlackConcentration,4,Low,8,26,0.5825,0.2308
finbert_pca50,RandomForest,BlackConcentration,4,Low,9,25,0.6344,0.2
finbert_pca50,RandomForest,BlackConcentration,4,High,0,83,0.1583,0.012
finbert_pca50,RandomForest,BlackConcentration,4,High,1,82,0.2336,0.0488
finbert_pca50,RandomForest,BlackConcentration,4,High,2,90,0.2997,0.0556
finbert_pca50,RandomForest,BlackConcentration,4,High,3,78,0.3542,0.1282
finbert_pca50,RandomForest,BlackConcentration,4,High,4,86,0.4035,0.1512
finbert_pca50,RandomForest,BlackConcentration,4,High,5,82,0.454,0.1585
finbert_pca50,RandomForest,BlackConcentration,4,High,6,78,0.4958,0.2179
finbert_pca50,RandomForest,BlackConcentration,4,High,7,80,0.5335,0.15
finbert_pca50,RandomForest,BlackConcentration,4,High,8,93,0.5777,0.2151
finbert_pca50,RandomForest,BlackConcentration,4,High,9,89,0.635,0.3596
finbert_pca50,RandomForest,SES_group,5,Low,0,85,0.1519,0.0118
finbert_pca50,RandomForest,SES_group,5,Low,1,100,0.2222,0.04
finbert_pca50,RandomForest,SES_group,5,Low,2,91,0.2774,0.0989
finbert_pca50,RandomForest,SES_group,5,Low,3,84,0.3371,0.0833
finbert_pca50,RandomForest,SES_group,5,Low,4,88,0.3825,0.0795
finbert_pca50,RandomForest,SES_group,5,Low,5,94,0.422,0.1809
finbert_pca50,RandomForest,SES_group,5,Low,6,102,0.4707,0.1765
finbert_pca50,RandomForest,SES_group,5,Low,7,92,0.5202,0.1522
finbert_pca50,RandomForest,SES_group,5,Low,8,93,0.5728,0.2581
finbert_pca50,RandomForest,SES_group,5,Low,9,81,0.6403,0.4074
finbert_pca50,RandomForest,SES_group,5,High,0,41,0.1604,0.0
finbert_pca50,RandomForest,SES_group,5,High,1,31,0.2317,0.0968
finbert_pca50,RandomForest,SES_group,5,High,2,40,0.2827,0.075
finbert_pca50,RandomForest,SES_group,5,High,3,48,0.3382,0.1042
finbert_pca50,RandomForest,SES_group,5,High,4,43,0.3843,0.1163
finbert_pca50,RandomForest,SES_group,5,High,5,31,0.4253,0.0968
finbert_pca50,RandomForest,SES_group,5,High,6,43,0.4694,0.2093
finbert_pca50,RandomForest,SES_group,5,High,7,43,0.5219,0.1628
finbert_pca50,RandomForest,SES_group,5,High,8,51,0.5735,0.1569
finbert_pca50,RandomForest,SES_group,5,High,9,59,0.6425,0.339
finbert_pca50,RandomForest,BlackConcentration,5,Low,0,27,0.1494,0.037
finbert_pca50,RandomForest,BlackConcentration,5,Low,1,35,0.2246,0.0286
finbert_pca50,RandomForest,BlackConcentration,5,Low,2,30,0.2794,0.0667
finbert_pca50,RandomForest,BlackConcentration,5,Low,3,34,0.3342,0.0882
finbert_pca50,RandomForest,BlackConcentration,5,Low,4,36,0.3814,0.1111
finbert_pca50,RandomForest,BlackConcentration,5,Low,5,17,0.4227,0.1176
finbert_pca50,RandomForest,BlackConcentration,5,Low,6,28,0.4719,0.2143
finbert_pca50,RandomForest,BlackConcentration,5,Low,7,29,0.5154,0.069
finbert_pca50,RandomForest,BlackConcentration,5,Low,8,27,0.5708,0.3333
finbert_pca50,RandomForest,BlackConcentration,5,Low,9,30,0.6466,0.4
finbert_pca50,RandomForest,BlackConcentration,5,High,0,87,0.1563,0.023
finbert_pca50,RandomForest,BlackConcentration,5,High,1,96,0.2262,0.0521
finbert_pca50,RandomForest,BlackConcentration,5,High,2,100,0.279,0.05
finbert_pca50,RandomForest,BlackConcentration,5,High,3,85,0.3356,0.0824
finbert_pca50,RandomForest,BlackConcentration,5,High,4,83,0.3838,0.0964
finbert_pca50,RandomForest,BlackConcentration,5,High,5,96,0.4252,0.125
finbert_pca50,RandomForest,BlackConcentration,5,High,6,91,0.4691,0.1978
finbert_pca50,RandomForest,BlackConcentration,5,High,7,84,0.5222,0.1429
finbert_pca50,RandomForest,BlackConcentration,5,High,8,96,0.576,0.2708
finbert_pca50,RandomForest,BlackConcentration,5,High,9,91,0.6384,0.4176
finbert_pca50,RandomForest,SES_group,6,Low,0,106,0.202,0.0472
finbert_pca50,RandomForest,SES_group,6,Low,1,96,0.2926,0.125
finbert_pca50,RandomForest,SES_group,6,Low,2,93,0.343,0.086
finbert_pca50,RandomForest,SES_group,6,Low,3,103,0.3953,0.0971
finbert_pca50,RandomForest,SES_group,6,Low,4,89,0.4403,0.0787
finbert_pca50,RandomForest,SES_group,6,Low,5,89,0.484,0.1798
finbert_pca50,RandomForest,SES_group,6,Low,6,92,0.5217,0.163
finbert_pca50,RandomForest,SES_group,6,Low,7,115,0.5697,0.287
finbert_pca50,RandomForest,SES_group,6,Low,8,93,0.6156,0.3118
finbert_pca50,RandomForest,SES_group,6,Low,9,83,0.667,0.4699
finbert_pca50,RandomForest,SES_group,6,High,0,42,0.1949,0.0714
finbert_pca50,RandomForest,SES_group,6,High,1,53,0.2889,0.1698
finbert_pca50,RandomForest,SES_group,6,High,2,45,0.3443,0.0889
finbert_pca50,RandomForest,SES_group,6,High,3,42,0.3919,0.1667
finbert_pca50,RandomForest,SES_group,6,High,4,47,0.4422,0.1489
finbert_pca50,RandomForest,SES_group,6,High,5,56,0.482,0.1964
finbert_pca50,RandomForest,SES_group,6,High,6,58,0.524,0.3103
finbert_pca50,RandomForest,SES_group,6,High,7,45,0.5673,0.2222
finbert_pca50,RandomForest,SES_group,6,High,8,61,0.6153,0.2623
finbert_pca50,RandomForest,SES_group,6,High,9,58,0.6671,0.3276
finbert_pca50,RandomForest,BlackConcentration,6,Low,0,27,0.2026,0.0
finbert_pca50,RandomForest,BlackConcentration,6,Low,1,33,0.2923,0.1212
finbert_pca50,RandomForest,BlackConcentration,6,Low,2,37,0.3423,0.0811
finbert_pca50,RandomForest,BlackConcentration,6,Low,3,39,0.3948,0.1282
finbert_pca50,RandomForest,BlackConcentration,6,Low,4,39,0.4395,0.1282
finbert_pca50,RandomForest,BlackConcentration,6,Low,5,42,0.4824,0.1429
finbert_pca50,RandomForest,BlackConcentration,6,Low,6,39,0.5221,0.2564
finbert_pca50,RandomForest,BlackConcentration,6,Low,7,40,0.5681,0.2
finbert_pca50,RandomForest,BlackConcentration,6,Low,8,26,0.6149,0.2692
finbert_pca50,RandomForest,BlackConcentration,6,Low,9,27,0.6735,0.4444
finbert_pca50,RandomForest,BlackConcentration,6,High,0,111,0.1993,0.0631
finbert_pca50,RandomForest,BlackConcentration,6,High,1,107,0.2888,0.0935
finbert_pca50,RandomForest,BlackConcentration,6,High,2,100,0.3434,0.09
finbert_pca50,RandomForest,BlackConcentration,6,High,3,87,0.3942,0.1034
finbert_pca50,RandomForest,BlackConcentration,6,High,4,84,0.4422,0.131
finbert_pca50,RandomForest,BlackConcentration,6,High,5,95,0.4838,0.1895
finbert_pca50,RandomForest,BlackConcentration,6,High,6,96,0.5228,0.25
finbert_pca50,RandomForest,BlackConcentration,6,High,7,98,0.5688,0.2857
finbert_pca50,RandomForest,BlackConcentration,6,High,8,109,0.6158,0.3119
finbert_pca50,RandomForest,BlackConcentration,6,High,9,115,0.6664,0.3652
finbert_pca50,RandomForest,SES_group,7,Low,0,136,0.1805,0.0588
finbert_pca50,RandomForest,SES_group,7,Low,1,128,0.2602,0.0781
finbert_pca50,RandomForest,SES_group,7,Low,2,121,0.3056,0.0579
finbert_pca50,RandomForest,SES_group,7,Low,3,130,0.3418,0.0692
finbert_pca50,RandomForest,SES_group,7,Low,4,118,0.3783,0.1017
finbert_pca50,RandomForest,SES_group,7,Low,5,115,0.4159,0.2
finbert_pca50,RandomForest,SES_group,7,Low,6,112,0.4551,0.1518
finbert_pca50,RandomForest,SES_group,7,Low,7,106,0.4961,0.1604
finbert_pca50,RandomForest,SES_group,7,Low,8,121,0.5551,0.2231
finbert_pca50,RandomForest,SES_group,7,Low,9,124,0.6601,0.3306
finbert_pca50,RandomForest,SES_group,7,High,0,59,0.1782,0.0678
finbert_pca50,RandomForest,SES_group,7,High,1,62,0.2614,0.0484
finbert_pca50,RandomForest,SES_group,7,High,2,64,0.3044,0.1406
finbert_pca50,RandomForest,SES_group,7,High,3,68,0.3425,0.0882
finbert_pca50,RandomForest,SES_group,7,High,4,73,0.3787,0.0548
finbert_pca50,RandomForest,SES_group,7,High,5,65,0.4139,0.1231
finbert_pca50,RandomForest,SES_group,7,High,6,70,0.4552,0.1
finbert_pca50,RandomForest,SES_group,7,High,7,83,0.4969,0.3253
finbert_pca50,RandomForest,SES_group,7,High,8,64,0.5556,0.3125
finbert_pca50,RandomForest,SES_group,7,High,9,68,0.6526,0.3529
finbert_pca50,RandomForest,BlackConcentration,7,Low,0,39,0.1808,0.0513
finbert_pca50,RandomForest,BlackConcentration,7,Low,1,45,0.263,0.0444
finbert_pca50,RandomForest,BlackConcentration,7,Low,2,42,0.3079,0.119
finbert_pca50,RandomForest,BlackConcentration,7,Low,3,45,0.3409,0.0444
finbert_pca50,RandomForest,BlackConcentration,7,Low,4,29,0.377,0.1379
finbert_pca50,RandomForest,BlackConcentration,7,Low,5,37,0.4153,0.1351
finbert_pca50,RandomForest,BlackConcentration,7,Low,6,49,0.4571,0.102
finbert_pca50,RandomForest,BlackConcentration,7,Low,7,48,0.4948,0.125
finbert_pca50,RandomForest,BlackConcentration,7,Low,8,44,0.5581,0.2955
finbert_pca50,RandomForest,BlackConcentration,7,Low,9,50,0.664,0.4
finbert_pca50,RandomForest,BlackConcentration,7,High,0,127,0.1835,0.0551
finbert_pca50,RandomForest,BlackConcentration,7,High,1,113,0.2592,0.0708
finbert_pca50,RandomForest,BlackConcentration,7,High,2,136,0.3065,0.0809
finbert_pca50,RandomForest,BlackConcentration,7,High,3,124,0.3427,0.0806
finbert_pca50,RandomForest,BlackConcentration,7,High,4,142,0.379,0.1127
finbert_pca50,RandomForest,BlackConcentration,7,High,5,132,0.4143,0.1364
finbert_pca50,RandomForest,BlackConcentration,7,High,6,116,0.4552,0.1293
finbert_pca50,RandomForest,BlackConcentration,7,High,7,128,0.4989,0.2891
finbert_pca50,RandomForest,BlackConcentration,7,High,8,124,0.552,0.2258
finbert_pca50,RandomForest,BlackConcentration,7,High,9,134,0.6505,0.306
finbert_pca50,RandomForest,SES_group,8,Low,0,186,0.1769,0.0645
finbert_pca50,RandomForest,SES_group,8,Low,1,189,0.2643,0.1217
finbert_pca50,RandomForest,SES_group,8,Low,2,176,0.3186,0.0852
finbert_pca50,RandomForest,SES_group,8,Low,3,158,0.3587,0.1139
finbert_pca50,RandomForest,SES_group,8,Low,4,148,0.3963,0.1149
finbert_pca50,RandomForest,SES_group,8,Low,5,173,0.4309,0.1561
finbert_pca50,RandomForest,SES_group,8,Low,6,175,0.4681,0.2629
finbert_pca50,RandomForest,SES_group,8,Low,7,164,0.5095,0.2317
finbert_pca50,RandomForest,SES_group,8,Low,8,171,0.5631,0.2924
finbert_pca50,RandomForest,SES_group,8,Low,9,175,0.6495,0.3429
finbert_pca50,RandomForest,SES_group,8,High,0,87,0.1825,0.046
finbert_pca50,RandomForest,SES_group,8,High,1,70,0.2618,0.0857
finbert_pca50,RandomForest,SES_group,8,High,2,84,0.3167,0.0714
finbert_pca50,RandomForest,SES_group,8,High,3,95,0.3591,0.1158
finbert_pca50,RandomForest,SES_group,8,High,4,86,0.3951,0.2209
finbert_pca50,RandomForest,SES_group,8,High,5,91,0.4319,0.1758
finbert_pca50,RandomForest,SES_group,8,High,6,89,0.4683,0.2022
finbert_pca50,RandomForest,SES_group,8,High,7,81,0.5075,0.3086
finbert_pca50,RandomForest,SES_group,8,High,8,80,0.5615,0.2625
finbert_pca50,RandomForest,SES_group,8,High,9,75,0.6508,0.4533
finbert_pca50,RandomForest,BlackConcentration,8,Low,0,61,0.1781,0.0328
finbert_pca50,RandomForest,BlackConcentration,8,Low,1,56,0.262,0.1429
finbert_pca50,RandomForest,BlackConcentration,8,Low,2,72,0.3186,0.1111
finbert_pca50,RandomForest,BlackConcentration,8,Low,3,48,0.3593,0.1042
finbert_pca50,RandomForest,BlackConcentration,8,Low,4,52,0.3986,0.2115
finbert_pca50,RandomForest,BlackConcentration,8,Low,5,44,0.4318,0.2045
finbert_pca50,RandomForest,BlackConcentration,8,Low,6,58,0.4691,0.2069
finbert_pca50,RandomForest,BlackConcentration,8,Low,7,55,0.5122,0.2364
finbert_pca50,RandomForest,BlackConcentration,8,Low,8,50,0.5651,0.28
finbert_pca50,RandomForest,BlackConcentration,8,Low,9,59,0.6449,0.3898
finbert_pca50,RandomForest,BlackConcentration,8,High,0,159,0.1737,0.0629
finbert_pca50,RandomForest,BlackConcentration,8,High,1,169,0.2642,0.1124
finbert_pca50,RandomForest,BlackConcentration,8,High,2,173,0.3179,0.104
finbert_pca50,RandomForest,BlackConcentration,8,High,3,185,0.3599,0.1081
finbert_pca50,RandomForest,BlackConcentration,8,High,4,173,0.3962,0.1965
finbert_pca50,RandomForest,BlackConcentration,8,High,5,191,0.431,0.1571
finbert_pca50,RandomForest,BlackConcentration,8,High,6,178,0.4679,0.2472
finbert_pca50,RandomForest,BlackConcentration,8,High,7,195,0.5069,0.2718
finbert_pca50,RandomForest,BlackConcentration,8,High,8,180,0.561,0.2889
finbert_pca50,RandomForest,BlackConcentration,8,High,9,180,0.6513,0.3667
finbert_pca50,RandomForest,SES_group,9,Low,0,305,0.1567,0.0197
finbert_pca50,RandomForest,SES_group,9,Low,1,287,0.2162,0.0453
finbert_pca50,RandomForest,SES_group,9,Low,2,264,0.2528,0.0871
finbert_pca50,RandomForest,SES_group,9,Low,3,278,0.2844,0.0971
finbert_pca50,RandomForest,SES_group,9,Low,4,230,0.3146,0.1261
finbert_pca50,RandomForest,SES_group,9,Low,5,239,0.3434,0.1464
finbert_pca50,RandomForest,SES_group,9,Low,6,239,0.3768,0.1841
finbert_pca50,RandomForest,SES_group,9,Low,7,264,0.4141,0.2008
finbert_pca50,RandomForest,SES_group,9,Low,8,236,0.4675,0.2669
finbert_pca50,RandomForest,SES_group,9,Low,9,253,0.5606,0.3162
finbert_pca50,RandomForest,SES_group,9,High,0,123,0.1561,0.0244
finbert_pca50,RandomForest,SES_group,9,High,1,127,0.2159,0.1102
finbert_pca50,RandomForest,SES_group,9,High,2,137,0.2526,0.0584
finbert_pca50,RandomForest,SES_group,9,High,3,135,0.285,0.0593
finbert_pca50,RandomForest,SES_group,9,High,4,148,0.3155,0.1622
finbert_pca50,RandomForest,SES_group,9,High,5,160,0.3449,0.1562
finbert_pca50,RandomForest,SES_group,9,High,6,140,0.3758,0.1357
finbert_pca50,RandomForest,SES_group,9,High,7,161,0.4151,0.2112
finbert_pca50,RandomForest,SES_group,9,High,8,148,0.4663,0.2432
finbert_pca50,RandomForest,SES_group,9,High,9,150,0.5667,0.3667
finbert_pca50,RandomForest,BlackConcentration,9,Low,0,111,0.1521,0.009
finbert_pca50,RandomForest,BlackConcentration,9,Low,1,101,0.2153,0.0198
finbert_pca50,RandomForest,BlackConcentration,9,Low,2,95,0.2532,0.0947
finbert_pca50,RandomForest,BlackConcentration,9,Low,3,112,0.2839,0.0893
finbert_pca50,RandomForest,BlackConcentration,9,Low,4,93,0.3152,0.2043
finbert_pca50,RandomForest,BlackConcentration,9,Low,5,103,0.343,0.1553
finbert_pca50,RandomForest,BlackConcentration,9,Low,6,96,0.3762,0.1667
finbert_pca50,RandomForest,BlackConcentration,9,Low,7,99,0.4128,0.1818
finbert_pca50,RandomForest,BlackConcentration,9,Low,8,108,0.467,0.2222
finbert_pca50,RandomForest,BlackConcentration,9,Low,9,102,0.5685,0.2745
finbert_pca50,RandomForest,BlackConcentration,9,High,0,285,0.157,0.0246
finbert_pca50,RandomForest,BlackConcentration,9,High,1,261,0.2172,0.0766
finbert_pca50,RandomForest,BlackConcentration,9,High,2,272,0.2533,0.0735
finbert_pca50,RandomForest,BlackConcentration,9,High,3,268,0.2859,0.0709
finbert_pca50,RandomForest,BlackConcentration,9,High,4,261,0.315,0.1456
finbert_pca50,RandomForest,BlackConcentration,9,High,5,267,0.3443,0.1648
finbert_pca50,RandomForest,BlackConcentration,9,High,6,271,0.3749,0.1402
finbert_pca50,RandomForest,BlackConcentration,9,High,7,286,0.4147,0.2098
finbert_pca50,RandomForest,BlackConcentration,9,High,8,267,0.4686,0.2772
finbert_pca50,RandomForest,BlackConcentration,9,High,9,277,0.5635,0.3321
finbert_pca50,RandomForest,SES_group,10,Low,0,312,0.1418,0.0449
finbert_pca50,RandomForest,SES_group,10,Low,1,301,0.193,0.0498
finbert_pca50,RandomForest,SES_group,10,Low,2,279,0.2232,0.0502
finbert_pca50,RandomForest,SES_group,10,Low,3,285,0.2507,0.1123
finbert_pca50,RandomForest,SES_group,10,Low,4,246,0.28,0.1138
finbert_pca50,RandomForest,SES_group,10,Low,5,273,0.314,0.1502
finbert_pca50,RandomForest,SES_group,10,Low,6,266,0.3475,0.1692
finbert_pca50,RandomForest,SES_group,10,Low,7,266,0.3861,0.1842
finbert_pca50,RandomForest,SES_group,10,Low,8,248,0.4321,0.2379
finbert_pca50,RandomForest,SES_group,10,Low,9,235,0.5304,0.3191
finbert_pca50,RandomForest,SES_group,10,High,0,120,0.1454,0.0417
finbert_pca50,RandomForest,SES_group,10,High,1,111,0.1935,0.0721
finbert_pca50,RandomForest,SES_group,10,High,2,144,0.2239,0.0486
finbert_pca50,RandomForest,SES_group,10,High,3,128,0.2509,0.1172
finbert_pca50,RandomForest,SES_group,10,High,4,148,0.2805,0.0946
finbert_pca50,RandomForest,SES_group,10,High,5,121,0.3129,0.157
finbert_pca50,RandomForest,SES_group,10,High,6,143,0.3486,0.1538
finbert_pca50,RandomForest,SES_group,10,High,7,135,0.3851,0.1704
finbert_pca50,RandomForest,SES_group,10,High,8,149,0.4338,0.2349
finbert_pca50,RandomForest,SES_group,10,High,9,157,0.5439,0.3885
finbert_pca50,RandomForest,BlackConcentration,10,Low,0,109,0.1434,0.0459
finbert_pca50,RandomForest,BlackConcentration,10,Low,1,82,0.1939,0.0244
finbert_pca50,RandomForest,BlackConcentration,10,Low,2,99,0.2226,0.0505
finbert_pca50,RandomForest,BlackConcentration,10,Low,3,112,0.2496,0.1607
finbert_pca50,RandomForest,BlackConcentration,10,Low,4,107,0.2801,0.0748
finbert_pca50,RandomForest,BlackConcentration,10,Low,5,91,0.3138,0.1868
finbert_pca50,RandomForest,BlackConcentration,10,Low,6,101,0.3474,0.1782
finbert_pca50,RandomForest,BlackConcentration,10,Low,7,100,0.3842,0.11
finbert_pca50,RandomForest,BlackConcentration,10,Low,8,108,0.4337,0.2315
finbert_pca50,RandomForest,BlackConcentration,10,Low,9,103,0.5308,0.2913
finbert_pca50,RandomForest,BlackConcentration,10,High,0,259,0.1431,0.0463
finbert_pca50,RandomForest,BlackConcentration,10,High,1,265,0.1931,0.0604
finbert_pca50,RandomForest,BlackConcentration,10,High,2,260,0.2237,0.05
finbert_pca50,RandomForest,BlackConcentration,10,High,3,250,0.2508,0.152
finbert_pca50,RandomForest,BlackConcentration,10,High,4,269,0.2805,0.1301
finbert_pca50,RandomForest,BlackConcentration,10,High,5,270,0.3137,0.163
finbert_pca50,RandomForest,BlackConcentration,10,High,6,283,0.3486,0.1449
finbert_pca50,RandomForest,BlackConcentration,10,High,7,275,0.3856,0.2364
finbert_pca50,RandomForest,BlackConcentration,10,High,8,278,0.4319,0.259
finbert_pca50,RandomForest,BlackConcentration,10,High,9,285,0.5421,0.3825
finbert_pca50,RandomForest,SES_group,11,Low,0,450,0.1881,0.0333
finbert_pca50,RandomForest,SES_group,11,Low,1,384,0.2613,0.0599
finbert_pca50,RandomForest,SES_group,11,Low,2,376,0.3131,0.0745
finbert_pca50,RandomForest,SES_group,11,Low,3,379,0.3561,0.1187
finbert_pca50,RandomForest,SES_group,11,Low,4,367,0.4005,0.139
finbert_pca50,RandomForest,SES_group,11,Low,5,325,0.4445,0.1015
finbert_pca50,RandomForest,SES_group,11,Low,6,336,0.488,0.1994
finbert_pca50,RandomForest,SES_group,11,Low,7,352,0.5313,0.1932
finbert_pca50,RandomForest,SES_group,11,Low,8,335,0.5758,0.2209
finbert_pca50,RandomForest,SES_group,11,Low,9,343,0.6587,0.3178
finbert_pca50,RandomForest,SES_group,11,High,0,153,0.1926,0.0327
finbert_pca50,RandomForest,SES_group,11,High,1,147,0.2646,0.0408
finbert_pca50,RandomForest,SES_group,11,High,2,186,0.3136,0.0699
finbert_pca50,RandomForest,SES_group,11,High,3,207,0.3567,0.0966
finbert_pca50,RandomForest,SES_group,11,High,4,173,0.401,0.0983
finbert_pca50,RandomForest,SES_group,11,High,5,228,0.4438,0.1447
finbert_pca50,RandomForest,SES_group,11,High,6,201,0.4896,0.1791
finbert_pca50,RandomForest,SES_group,11,High,7,195,0.5298,0.1487
finbert_pca50,RandomForest,SES_group,11,High,8,206,0.5761,0.2961
finbert_pca50,RandomForest,SES_group,11,High,9,204,0.6557,0.3676
finbert_pca50,RandomForest,BlackConcentration,11,Low,0,154,0.1872,0.039
finbert_pca50,RandomForest,BlackConcentration,11,Low,1,144,0.2606,0.0486
finbert_pca50,RandomForest,BlackConcentration,11,Low,2,130,0.3132,0.0538
finbert_pca50,RandomForest,BlackConcentration,11,Low,3,125,0.3578,0.096
finbert_pca50,RandomForest,BlackConcentration,11,Low,4,135,0.4003,0.1185
finbert_pca50,RandomForest,BlackConcentration,11,Low,5,138,0.4461,0.0797
finbert_pca50,RandomForest,BlackConcentration,11,Low,6,138,0.4891,0.1884
finbert_pca50,RandomForest,BlackConcentration,11,Low,7,131,0.5309,0.1603
finbert_pca50,RandomForest,BlackConcentration,11,Low,8,133,0.5749,0.1579
finbert_pca50,RandomForest,BlackConcentration,11,Low,9,150,0.6552,0.2867
finbert_pca50,RandomForest,BlackConcentration,11,High,0,341,0.1929,0.044
finbert_pca50,RandomForest,BlackConcentration,11,High,1,330,0.264,0.0515
finbert_pca50,RandomForest,BlackConcentration,11,High,2,360,0.3128,0.075
finbert_pca50,RandomForest,BlackConcentration,11,High,3,344,0.3561,0.1017
finbert_pca50,RandomForest,BlackConcentration,11,High,4,370,0.4006,0.1351
finbert_pca50,RandomForest,BlackConcentration,11,High,5,385,0.4446,0.1481
finbert_pca50,RandomForest,BlackConcentration,11,High,6,356,0.4877,0.191
finbert_pca50,RandomForest,BlackConcentration,11,High,7,349,0.531,0.1719
finbert_pca50,RandomForest,BlackConcentration,11,High,8,376,0.5765,0.2447
finbert_pca50,RandomForest,BlackConcentration,11,High,9,352,0.6558,0.304
finbert_pca50,RandomForest,SES_group,12,Low,0,533,0.1487,0.0225
finbert_pca50,RandomForest,SES_group,12,Low,1,489,0.2315,0.0695
finbert_pca50,RandomForest,SES_group,12,Low,2,491,0.2761,0.0774
finbert_pca50,RandomForest,SES_group,12,Low,3,467,0.3185,0.1028
finbert_pca50,RandomForest,SES_group,12,Low,4,469,0.3589,0.113
finbert_pca50,RandomForest,SES_group,12,Low,5,454,0.4013,0.163
finbert_pca50,RandomForest,SES_group,12,Low,6,441,0.4438,0.1769
finbert_pca50,RandomForest,SES_group,12,Low,7,479,0.4876,0.2317
finbert_pca50,RandomForest,SES_group,12,Low,8,433,0.5425,0.2402
finbert_pca50,RandomForest,SES_group,12,Low,9,449,0.6477,0.3051
finbert_pca50,RandomForest,SES_group,12,High,0,215,0.1575,0.0372
finbert_pca50,RandomForest,SES_group,12,High,1,252,0.23,0.0675
finbert_pca50,RandomForest,SES_group,12,High,2,243,0.2774,0.07
finbert_pca50,RandomForest,SES_group,12,High,3,282,0.3175,0.0851
finbert_pca50,RandomForest,SES_group,12,High,4,251,0.3577,0.1275
finbert_pca50,RandomForest,SES_group,12,High,5,268,0.4026,0.1791
finbert_pca50,RandomForest,SES_group,12,High,6,289,0.4438,0.218
finbert_pca50,RandomForest,SES_group,12,High,7,264,0.4862,0.2235
finbert_pca50,RandomForest,SES_group,12,High,8,281,0.5429,0.2847
finbert_pca50,RandomForest,SES_group,12,High,9,263,0.6491,0.3688
finbert_pca50,RandomForest,BlackConcentration,12,Low,0,198,0.1551,0.0303
finbert_pca50,RandomForest,BlackConcentration,12,Low,1,179,0.2316,0.0391
finbert_pca50,RandomForest,BlackConcentration,12,Low,2,172,0.2772,0.0756
finbert_pca50,RandomForest,BlackConcentration,12,Low,3,171,0.3177,0.117
finbert_pca50,RandomForest,BlackConcentration,12,Low,4,177,0.3595,0.113
finbert_pca50,RandomForest,BlackConcentration,12,Low,5,178,0.4024,0.1292
finbert_pca50,RandomForest,BlackConcentration,12,Low,6,175,0.4434,0.2057
finbert_pca50,RandomForest,BlackConcentration,12,Low,7,192,0.4865,0.2135
finbert_pca50,RandomForest,BlackConcentration,12,Low,8,186,0.5436,0.2688
finbert_pca50,RandomForest,BlackConcentration,12,Low,9,164,0.6446,0.2927
finbert_pca50,RandomForest,BlackConcentration,12,High,0,446,0.1509,0.0224
finbert_pca50,RandomForest,BlackConcentration,12,High,1,478,0.2314,0.0753
finbert_pca50,RandomForest,BlackConcentration,12,High,2,479,0.2764,0.0898
finbert_pca50,RandomForest,BlackConcentration,12,High,3,486,0.3176,0.0926
finbert_pca50,RandomForest,BlackConcentration,12,High,4,488,0.3586,0.127
finbert_pca50,RandomForest,BlackConcentration,12,High,5,494,0.4019,0.1781
finbert_pca50,RandomForest,BlackConcentration,12,High,6,518,0.4442,0.1873
finbert_pca50,RandomForest,BlackConcentration,12,High,7,514,0.4869,0.2374
finbert_pca50,RandomForest,BlackConcentration,12,High,8,506,0.5437,0.2806
finbert_pca50,RandomForest,BlackConcentration,12,High,9,489,0.6468,0.3354
finbert_pca50,RandomForest,SES_group,13,Low,0,646,0.1482,0.031
finbert_pca50,RandomForest,SES_group,13,Low,1,629,0.2288,0.0811
finbert_pca50,RandomForest,SES_group,13,Low,2,589,0.273,0.0781
finbert_pca50,RandomForest,SES_group,13,Low,3,570,0.3144,0.1123
finbert_pca50,RandomForest,SES_group,13,Low,4,537,0.3561,0.121
finbert_pca50,RandomForest,SES_group,13,Low,5,566,0.3985,0.1502
finbert_pca50,RandomForest,SES_group,13,Low,6,540,0.4432,0.2037
finbert_pca50,RandomForest,SES_group,13,Low,7,540,0.4872,0.1944
finbert_pca50,RandomForest,SES_group,13,Low,8,558,0.5425,0.2384
finbert_pca50,RandomForest,SES_group,13,Low,9,511,0.6382,0.3092
finbert_pca50,RandomForest,SES_group,13,High,0,226,0.1493,0.0221
finbert_pca50,RandomForest,SES_group,13,High,1,252,0.2284,0.0754
finbert_pca50,RandomForest,SES_group,13,High,2,310,0.2739,0.0871
finbert_pca50,RandomForest,SES_group,13,High,3,296,0.3143,0.1014
finbert_pca50,RandomForest,SES_group,13,High,4,340,0.3559,0.1471
finbert_pca50,RandomForest,SES_group,13,High,5,295,0.3991,0.139
finbert_pca50,RandomForest,SES_group,13,High,6,307,0.4435,0.1629
finbert_pca50,RandomForest,SES_group,13,High,7,317,0.488,0.2114
finbert_pca50,RandomForest,SES_group,13,High,8,327,0.5446,0.2813
finbert_pca50,RandomForest,SES_group,13,High,9,333,0.6454,0.3754
finbert_pca50,RandomForest,BlackConcentration,13,Low,0,221,0.1499,0.0317
finbert_pca50,RandomForest,BlackConcentration,13,Low,1,230,0.2313,0.087
finbert_pca50,RandomForest,BlackConcentration,13,Low,2,212,0.2732,0.0708
finbert_pca50,RandomForest,BlackConcentration,13,Low,3,216,0.3143,0.0648
finbert_pca50,RandomForest,BlackConcentration,13,Low,4,222,0.3551,0.1081
finbert_pca50,RandomForest,BlackConcentration,13,Low,5,216,0.3975,0.1667
finbert_pca50,RandomForest,BlackConcentration,13,Low,6,214,0.443,0.1822
finbert_pca50,RandomForest,BlackConcentration,13,Low,7,210,0.4867,0.1952
finbert_pca50,RandomForest,BlackConcentration,13,Low,8,233,0.5422,0.2103
finbert_pca50,RandomForest,BlackConcentration,13,Low,9,196,0.6417,0.3163
finbert_pca50,RandomForest,BlackConcentration,13,High,0,543,0.1461,0.035
finbert_pca50,RandomForest,BlackConcentration,13,High,1,522,0.229,0.0536
finbert_pca50,RandomForest,BlackConcentration,13,High,2,542,0.2736,0.0886
finbert_pca50,RandomForest,BlackConcentration,13,High,3,549,0.3139,0.1348
finbert_pca50,RandomForest,BlackConcentration,13,High,4,557,0.3568,0.1257
finbert_pca50,RandomForest,BlackConcentration,13,High,5,562,0.3989,0.137
finbert_pca50,RandomForest,BlackConcentration,13,High,6,568,0.4434,0.1725
finbert_pca50,RandomForest,BlackConcentration,13,High,7,608,0.4872,0.2204
finbert_pca50,RandomForest,BlackConcentration,13,High,8,579,0.5422,0.2832
finbert_pca50,RandomForest,BlackConcentration,13,High,9,598,0.6398,0.3629
finbert_pca50,RandomForest,SES_group,14,Low,0,790,0.1692,0.0241
finbert_pca50,RandomForest,SES_group,14,Low,1,693,0.2503,0.0563
finbert_pca50,RandomForest,SES_group,14,Low,2,682,0.2988,0.0806
finbert_pca50,RandomForest,SES_group,14,Low,3,650,0.3454,0.1215
finbert_pca50,RandomForest,SES_group,14,Low,4,699,0.3912,0.0973
finbert_pca50,RandomForest,SES_group,14,Low,5,670,0.438,0.1478
finbert_pca50,RandomForest,SES_group,14,Low,6,620,0.4825,0.1565
finbert_pca50,RandomForest,SES_group,14,Low,7,625,0.5292,0.2592
finbert_pca50,RandomForest,SES_group,14,Low,8,652,0.5839,0.2561
finbert_pca50,RandomForest,SES_group,14,Low,9,626,0.6685,0.3179
finbert_pca50,RandomForest,SES_group,14,High,0,306,0.1762,0.0458
finbert_pca50,RandomForest,SES_group,14,High,1,308,0.252,0.0584
finbert_pca50,RandomForest,SES_group,14,High,2,313,0.2999,0.0767
finbert_pca50,RandomForest,SES_group,14,High,3,329,0.3461,0.0973
finbert_pca50,RandomForest,SES_group,14,High,4,320,0.391,0.1031
finbert_pca50,RandomForest,SES_group,14,High,5,359,0.4375,0.1309
finbert_pca50,RandomForest,SES_group,14,High,6,369,0.4814,0.1789
finbert_pca50,RandomForest,SES_group,14,High,7,363,0.5309,0.1956
finbert_pca50,RandomForest,SES_group,14,High,8,362,0.5853,0.2735
finbert_pca50,RandomForest,SES_group,14,High,9,370,0.6707,0.3649
finbert_pca50,RandomForest,BlackConcentration,14,Low,0,274,0.1734,0.0109
finbert_pca50,RandomForest,BlackConcentration,14,Low,1,293,0.2521,0.0751
finbert_pca50,RandomForest,BlackConcentration,14,Low,2,262,0.2991,0.0954
finbert_pca50,RandomForest,BlackConcentration,14,Low,3,302,0.3454,0.1391
finbert_pca50,RandomForest,BlackConcentration,14,Low,4,259,0.3918,0.1197
finbert_pca50,RandomForest,BlackConcentration,14,Low,5,268,0.4384,0.1269
finbert_pca50,RandomForest,BlackConcentration,14,Low,6,270,0.4826,0.1741
finbert_pca50,RandomForest,BlackConcentration,14,Low,7,248,0.5298,0.2016
finbert_pca50,RandomForest,BlackConcentration,14,Low,8,252,0.5838,0.2262
finbert_pca50,RandomForest,BlackConcentration,14,Low,9,256,0.6678,0.3477
finbert_pca50,RandomForest,BlackConcentration,14,High,0,628,0.1728,0.043
finbert_pca50,RandomForest,BlackConcentration,14,High,1,658,0.2505,0.0532
finbert_pca50,RandomForest,BlackConcentration,14,High,2,668,0.2994,0.0838
finbert_pca50,RandomForest,BlackConcentration,14,High,3,622,0.3454,0.1061
finbert_pca50,RandomForest,BlackConcentration,14,High,4,663,0.3917,0.098
finbert_pca50,RandomForest,BlackConcentration,14,High,5,652,0.4374,0.1564
finbert_pca50,RandomForest,BlackConcentration,14,High,6,657,0.4817,0.1735
finbert_pca50,RandomForest,BlackConcentration,14,High,7,659,0.5298,0.2322
finbert_pca50,RandomForest,BlackConcentration,14,High,8,674,0.5851,0.2849
finbert_pca50,RandomForest,BlackConcentration,14,High,9,689,0.6701,0.3541
finbert_pca50,XGBoost,SES_group,1,Low,0,58,0.0957,0.0517
finbert_pca50,XGBoost,SES_group,1,Low,1,58,0.1772,0.0517
finbert_pca50,XGBoost,SES_group,1,Low,2,62,0.2493,0.0968
finbert_pca50,XGBoost,SES_group,1,Low,3,54,0.3156,0.1111
finbert_pca50,XGBoost,SES_group,1,Low,4,46,0.3706,0.1522
finbert_pca50,XGBoost,SES_group,1,Low,5,39,0.4338,0.1026
finbert_pca50,XGBoost,SES_group,1,Low,6,44,0.4878,0.2045
finbert_pca50,XGBoost,SES_group,1,Low,7,44,0.5471,0.2273
finbert_pca50,XGBoost,SES_group,1,Low,8,55,0.6172,0.1818
finbert_pca50,XGBoost,SES_group,1,Low,9,55,0.7202,0.3273
finbert_pca50,XGBoost,SES_group,1,High,0,17,0.0999,0.1176
finbert_pca50,XGBoost,SES_group,1,High,1,15,0.1735,0.1333
finbert_pca50,XGBoost,SES_group,1,High,2,17,0.2497,0.0588
finbert_pca50,XGBoost,SES_group,1,High,3,21,0.3171,0.1429
finbert_pca50,XGBoost,SES_group,1,High,4,20,0.3736,0.05
finbert_pca50,XGBoost,SES_group,1,High,5,25,0.4326,0.2
finbert_pca50,XGBoost,SES_group,1,High,6,22,0.4833,0.1818
finbert_pca50,XGBoost,SES_group,1,High,7,31,0.5506,0.0968
finbert_pca50,XGBoost,SES_group,1,High,8,21,0.6178,0.2857
finbert_pca50,XGBoost,SES_group,1,High,9,25,0.735,0.32
finbert_pca50,XGBoost,BlackConcentration,1,Low,0,14,0.1006,0.0
finbert_pca50,XGBoost,BlackConcentration,1,Low,1,18,0.1795,0.1667
finbert_pca50,XGBoost,BlackConcentration,1,Low,2,19,0.2478,0.1053
finbert_pca50,XGBoost,BlackConcentration,1,Low,3,20,0.316,0.15
finbert_pca50,XGBoost,BlackConcentration,1,Low,4,21,0.3809,0.0952
finbert_pca50,XGBoost,BlackConcentration,1,Low,5,13,0.4379,0.3077
finbert_pca50,XGBoost,BlackConcentration,1,Low,6,16,0.4834,0.375
finbert_pca50,XGBoost,BlackConcentration,1,Low,7,24,0.5476,0.1667
finbert_pca50,XGBoost,BlackConcentration,1,Low,8,17,0.6213,0.2353
finbert_pca50,XGBoost,BlackConcentration,1,Low,9,18,0.7286,0.2778
finbert_pca50,XGBoost,BlackConcentration,1,High,0,48,0.1042,0.0417
finbert_pca50,XGBoost,BlackConcentration,1,High,1,45,0.1754,0.0222
finbert_pca50,XGBoost,BlackConcentration,1,High,2,43,0.2548,0.093
finbert_pca50,XGBoost,BlackConcentration,1,High,3,46,0.3138,0.1304
finbert_pca50,XGBoost,BlackConcentration,1,High,4,43,0.371,0.1395
finbert_pca50,XGBoost,BlackConcentration,1,High,5,45,0.4352,0.2222
finbert_pca50,XGBoost,BlackConcentration,1,High,6,50,0.4847,0.14
finbert_pca50,XGBoost,BlackConcentration,1,High,7,50,0.5491,0.18
finbert_pca50,XGBoost,BlackConcentration,1,High,8,42,0.6162,0.2381
finbert_pca50,XGBoost,BlackConcentration,1,High,9,48,0.7271,0.2708
finbert_pca50,XGBoost,SES_group,2,Low,0,46,0.0643,0.0
finbert_pca50,XGBoost,SES_group,2,Low,1,56,0.128,0.0
finbert_pca50,XGBoost,SES_group,2,Low,2,58,0.1924,0.0862
finbert_pca50,XGBoost,SES_group,2,Low,3,62,0.2574,0.0484
finbert_pca50,XGBoost,SES_group,2,Low,4,63,0.3189,0.0317
finbert_pca50,XGBoost,SES_group,2,Low,5,69,0.3867,0.087
finbert_pca50,XGBoost,SES_group,2,Low,6,56,0.4526,0.1071
finbert_pca50,XGBoost,SES_group,2,Low,7,49,0.5271,0.1429
finbert_pca50,XGBoost,SES_group,2,Low,8,51,0.5938,0.2157
finbert_pca50,XGBoost,SES_group,2,Low,9,51,0.7184,0.2353
finbert_pca50,XGBoost,SES_group,2,High,0,26,0.0583,0.1538
finbert_pca50,XGBoost,SES_group,2,High,1,24,0.1275,0.0833
finbert_pca50,XGBoost,SES_group,2,High,2,25,0.1901,0.08
finbert_pca50,XGBoost,SES_group,2,High,3,26,0.2552,0.0385
finbert_pca50,XGBoost,SES_group,2,High,4,22,0.3196,0.1364
finbert_pca50,XGBoost,SES_group,2,High,5,21,0.3874,0.2857
finbert_pca50,XGBoost,SES_group,2,High,6,28,0.4571,0.1071
finbert_pca50,XGBoost,SES_group,2,High,7,26,0.5292,0.1923
finbert_pca50,XGBoost,SES_group,2,High,8,35,0.6015,0.2286
finbert_pca50,XGBoost,SES_group,2,High,9,30,0.7192,0.2333
finbert_pca50,XGBoost,SES_group,3,Low,0,70,0.1043,0.0
finbert_pca50,XGBoost,SES_group,3,Low,1,68,0.1915,0.0147
finbert_pca50,XGBoost,SES_group,3,Low,2,65,0.2603,0.0
finbert_pca50,XGBoost,SES_group,3,Low,3,58,0.3262,0.0345
finbert_pca50,XGBoost,SES_group,3,Low,4,55,0.3903,0.1818
finbert_pca50,XGBoost,SES_group,3,Low,5,66,0.4555,0.0606
finbert_pca50,XGBoost,SES_group,3,Low,6,63,0.522,0.1905
finbert_pca50,XGBoost,SES_group,3,Low,7,53,0.5767,0.1132
finbert_pca50,XGBoost,SES_group,3,Low,8,54,0.6378,0.2593
finbert_pca50,XGBoost,SES_group,3,Low,9,54,0.7367,0.2778
finbert_pca50,XGBoost,SES_group,3,High,0,26,0.1079,0.0385
finbert_pca50,XGBoost,SES_group,3,High,1,20,0.1954,0.2
finbert_pca50,XGBoost,SES_group,3,High,2,29,0.2531,0.0345
finbert_pca50,XGBoost,SES_group,3,High,3,24,0.3238,0.2083
finbert_pca50,XGBoost,SES_group,3,High,4,35,0.3877,0.1429
finbert_pca50,XGBoost,SES_group,3,High,5,22,0.4537,0.2273
finbert_pca50,XGBoost,SES_group,3,High,6,33,0.5252,0.1818
finbert_pca50,XGBoost,SES_group,3,High,7,35,0.5817,0.2857
finbert_pca50,XGBoost,SES_group,3,High,8,37,0.6507,0.2703
finbert_pca50,XGBoost,SES_group,3,High,9,31,0.7363,0.3548
finbert_pca50,XGBoost,SES_group,4,Low,0,87,0.1029,0.0
finbert_pca50,XGBoost,SES_group,4,Low,1,81,0.1875,0.037
finbert_pca50,XGBoost,SES_group,4,Low,2,74,0.2715,0.0811
finbert_pca50,XGBoost,SES_group,4,Low,3,86,0.3347,0.1395
finbert_pca50,XGBoost,SES_group,4,Low,4,82,0.404,0.1707
finbert_pca50,XGBoost,SES_group,4,Low,5,89,0.4669,0.1573
finbert_pca50,XGBoost,SES_group,4,Low,6,79,0.5258,0.1646
finbert_pca50,XGBoost,SES_group,4,Low,7,92,0.5904,0.163
finbert_pca50,XGBoost,SES_group,4,Low,8,74,0.648,0.2432
finbert_pca50,XGBoost,SES_group,4,Low,9,70,0.7285,0.2143
finbert_pca50,XGBoost,SES_group,4,High,0,37,0.1047,0.027
finbert_pca50,XGBoost,SES_group,4,High,1,46,0.1895,0.0217
finbert_pca50,XGBoost,SES_group,4,High,2,46,0.2574,0.0217
finbert_pca50,XGBoost,SES_group,4,High,3,39,0.3327,0.0256
finbert_pca50,XGBoost,SES_group,4,High,4,41,0.4042,0.1951
finbert_pca50,XGBoost,SES_group,4,High,5,31,0.468,0.0968
finbert_pca50,XGBoost,SES_group,4,High,6,43,0.5301,0.1395
finbert_pca50,XGBoost,SES_group,4,High,7,33,0.5875,0.2121
finbert_pca50,XGBoost,SES_group,4,High,8,38,0.6484,0.2368
finbert_pca50,XGBoost,SES_group,4,High,9,43,0.7376,0.4419
finbert_pca50,XGBoost,BlackConcentration,4,Low,0,26,0.0999,0.0385
finbert_pca50,XGBoost,BlackConcentration,4,Low,1,16,0.1902,0.125
finbert_pca50,XGBoost,BlackConcentration,4,Low,2,24,0.2682,0.0833
finbert_pca50,XGBoost,BlackConcentration,4,Low,3,22,0.3396,0.0455
finbert_pca50,XGBoost,BlackConcentration,4,Low,4,25,0.4022,0.16
finbert_pca50,XGBoost,BlackConcentration,4,Low,5,25,0.4696,0.12
finbert_pca50,XGBoost,BlackConcentration,4,Low,6,40,0.5297,0.275
finbert_pca50,XGBoost,BlackConcentration,4,Low,7,23,0.5934,0.1304
finbert_pca50,XGBoost,BlackConcentration,4,Low,8,20,0.6485,0.25
finbert_pca50,XGBoost,BlackConcentration,4,Low,9,28,0.7422,0.25
finbert_pca50,XGBoost,BlackConcentration,4,High,0,80,0.1038,0.025
finbert_pca50,XGBoost,BlackConcentration,4,High,1,86,0.1883,0.0349
finbert_pca50,XGBoost,BlackConcentration,4,High,2,86,0.2645,0.1047
finbert_pca50,XGBoost,BlackConcentration,4,High,3,85,0.3322,0.0706
finbert_pca50,XGBoost,BlackConcentration,4,High,4,87,0.4029,0.1609
finbert_pca50,XGBoost,BlackConcentration,4,High,5,82,0.4699,0.1585
finbert_pca50,XGBoost,BlackConcentration,4,High,6,76,0.5252,0.1842
finbert_pca50,XGBoost,BlackConcentration,4,High,7,87,0.5897,0.1724
finbert_pca50,XGBoost,BlackConcentration,4,High,8,83,0.6494,0.2771
finbert_pca50,XGBoost,BlackConcentration,4,High,9,89,0.7316,0.3146
finbert_pca50,XGBoost,SES_group,5,Low,0,100,0.1104,0.02
finbert_pca50,XGBoost,SES_group,5,Low,1,96,0.1947,0.0521
finbert_pca50,XGBoost,SES_group,5,Low,2,96,0.2791,0.1042
finbert_pca50,XGBoost,SES_group,5,Low,3,75,0.3404,0.0933
finbert_pca50,XGBoost,SES_group,5,Low,4,93,0.3989,0.1075
finbert_pca50,XGBoost,SES_group,5,Low,5,96,0.4545,0.125
finbert_pca50,XGBoost,SES_group,5,Low,6,87,0.5119,0.1839
finbert_pca50,XGBoost,SES_group,5,Low,7,93,0.5738,0.1828
finbert_pca50,XGBoost,SES_group,5,Low,8,96,0.6389,0.2188
finbert_pca50,XGBoost,SES_group,5,Low,9,78,0.7313,0.4359
finbert_pca50,XGBoost,SES_group,5,High,0,26,0.1061,0.0
finbert_pca50,XGBoost,SES_group,5,High,1,34,0.1958,0.0294
finbert_pca50,XGBoost,SES_group,5,High,2,41,0.2812,0.122
finbert_pca50,XGBoost,SES_group,5,High,3,46,0.3458,0.1087
finbert_pca50,XGBoost,SES_group,5,High,4,49,0.4012,0.0612
finbert_pca50,XGBoost,SES_group,5,High,5,35,0.456,0.0857
finbert_pca50,XGBoost,SES_group,5,High,6,50,0.5167,0.2
finbert_pca50,XGBoost,SES_group,5,High,7,41,0.5756,0.0488
finbert_pca50,XGBoost,SES_group,5,High,8,45,0.6472,0.2444
finbert_pca50,XGBoost,SES_group,5,High,9,63,0.7414,0.3651
finbert_pca50,XGBoost,BlackConcentration,5,Low,0,36,0.1122,0.0278
finbert_pca50,XGBoost,BlackConcentration,5,Low,1,30,0.1979,0.0333
finbert_pca50,XGBoost,BlackConcentration,5,Low,2,28,0.2821,0.1071
finbert_pca50,XGBoost,BlackConcentration,5,Low,3,31,0.3403,0.0968
finbert_pca50,XGBoost,BlackConcentration,5,Low,4,28,0.4008,0.1071
finbert_pca50,XGBoost,BlackConcentration,5,Low,5,24,0.4561,0.0833
finbert_pca50,XGBoost,BlackConcentration,5,Low,6,32,0.5119,0.1562
finbert_pca50,XGBoost,BlackConcentration,5,Low,7,21,0.5752,0.2381
finbert_pca50,XGBoost,BlackConcentration,5,Low,8,36,0.6484,0.1667
finbert_pca50,XGBoost,BlackConcentration,5,Low,9,27,0.7306,0.4815
finbert_pca50,XGBoost,BlackConcentration,5,High,0,79,0.1035,0.0253
finbert_pca50,XGBoost,BlackConcentration,5,High,1,102,0.1954,0.0196
finbert_pca50,XGBoost,BlackConcentration,5,High,2,99,0.278,0.0707
finbert_pca50,XGBoost,BlackConcentration,5,High,3,84,0.3465,0.0714
finbert_pca50,XGBoost,BlackConcentration,5,High,4,92,0.3994,0.0652
finbert_pca50,XGBoost,BlackConcentration,5,High,5,87,0.4546,0.1379
finbert_pca50,XGBoost,BlackConcentration,5,High,6,91,0.5123,0.2198
finbert_pca50,XGBoost,BlackConcentration,5,High,7,97,0.5734,0.1546
finbert_pca50,XGBoost,BlackConcentration,5,High,8,91,0.6375,0.2527
finbert_pca50,XGBoost,BlackConcentration,5,High,9,87,0.7349,0.4598
finbert_pca50,XGBoost,SES_group,6,Low,0,109,0.1726,0.0459
finbert_pca50,XGBoost,SES_group,6,Low,1,104,0.2832,0.0962
finbert_pca50,XGBoost,SES_group,6,Low,2,94,0.3601,0.0851
finbert_pca50,XGBoost,SES_group,6,Low,3,89,0.4211,0.1011
finbert_pca50,XGBoost,SES_group,6,Low,4,102,0.48,0.0686
finbert_pca50,XGBoost,SES_group,6,Low,5,94,0.5239,0.2553
finbert_pca50,XGBoost,SES_group,6,Low,6,90,0.5745,0.1667
finbert_pca50,XGBoost,SES_group,6,Low,7,90,0.6243,0.2556
finbert_pca50,XGBoost,SES_group,6,Low,8,99,0.6851,0.2929
finbert_pca50,XGBoost,SES_group,6,Low,9,88,0.7562,0.5
finbert_pca50,XGBoost,SES_group,6,High,0,40,0.1793,0.05
finbert_pca50,XGBoost,SES_group,6,High,1,45,0.2919,0.1556
finbert_pca50,XGBoost,SES_group,6,High,2,49,0.3562,0.1224
finbert_pca50,XGBoost,SES_group,6,High,3,51,0.4211,0.0784
finbert_pca50,XGBoost,SES_group,6,High,4,49,0.4764,0.1429
finbert_pca50,XGBoost,SES_group,6,High,5,47,0.5272,0.3617
finbert_pca50,XGBoost,SES_group,6,High,6,61,0.5724,0.2295
finbert_pca50,XGBoost,SES_group,6,High,7,56,0.6261,0.25
finbert_pca50,XGBoost,SES_group,6,High,8,52,0.6894,0.2885
finbert_pca50,XGBoost,SES_group,6,High,9,57,0.7671,0.3158
finbert_pca50,XGBoost,BlackConcentration,6,Low,0,25,0.1629,0.0
finbert_pca50,XGBoost,BlackConcentration,6,Low,1,33,0.2846,0.0909
finbert_pca50,XGBoost,BlackConcentration,6,Low,2,37,0.3608,0.027
finbert_pca50,XGBoost,BlackConcentration,6,Low,3,34,0.4224,0.0882
finbert_pca50,XGBoost,BlackConcentration,6,Low,4,46,0.4779,0.1522
finbert_pca50,XGBoost,BlackConcentration,6,Low,5,40,0.5241,0.325
finbert_pca50,XGBoost,BlackConcentration,6,Low,6,37,0.5692,0.1892
finbert_pca50,XGBoost,BlackConcentration,6,Low,7,37,0.6265,0.2162
finbert_pca50,XGBoost,BlackConcentration,6,Low,8,30,0.6814,0.1667
finbert_pca50,XGBoost,BlackConcentration,6,Low,9,30,0.7584,0.4333
finbert_pca50,XGBoost,BlackConcentration,6,High,0,112,0.1792,0.0446
finbert_pca50,XGBoost,BlackConcentration,6,High,1,117,0.2867,0.0855
finbert_pca50,XGBoost,BlackConcentration,6,High,2,99,0.3573,0.101
finbert_pca50,XGBoost,BlackConcentration,6,High,3,97,0.4235,0.1031
finbert_pca50,XGBoost,BlackConcentration,6,High,4,75,0.4791,0.08
finbert_pca50,XGBoost,BlackConcentration,6,High,5,94,0.5267,0.2447
finbert_pca50,XGBoost,BlackConcentration,6,High,6,91,0.5723,0.2967
finbert_pca50,XGBoost,BlackConcentration,6,High,7,108,0.6274,0.25
finbert_pca50,XGBoost,BlackConcentration,6,High,8,96,0.6869,0.2917
finbert_pca50,XGBoost,BlackConcentration,6,High,9,113,0.7606,0.4071
finbert_pca50,XGBoost,SES_group,7,Low,0,148,0.1554,0.0473
finbert_pca50,XGBoost,SES_group,7,Low,1,127,0.2563,0.063
finbert_pca50,XGBoost,SES_group,7,Low,2,125,0.3127,0.056
finbert_pca50,XGBoost,SES_group,7,Low,3,125,0.36,0.12
finbert_pca50,XGBoost,SES_group,7,Low,4,119,0.4028,0.1345
finbert_pca50,XGBoost,SES_group,7,Low,5,117,0.4471,0.1538
finbert_pca50,XGBoost,SES_group,7,Low,6,124,0.4975,0.121
finbert_pca50,XGBoost,SES_group,7,Low,7,100,0.551,0.16
finbert_pca50,XGBoost,SES_group,7,Low,8,110,0.6228,0.2364
finbert_pca50,XGBoost,SES_group,7,Low,9,116,0.7352,0.3707
finbert_pca50,XGBoost,SES_group,7,High,0,54,0.1546,0.0926
finbert_pca50,XGBoost,SES_group,7,High,1,56,0.258,0.0357
finbert_pca50,XGBoost,SES_group,7,High,2,66,0.3118,0.0909
finbert_pca50,XGBoost,SES_group,7,High,3,69,0.3614,0.087
finbert_pca50,XGBoost,SES_group,7,High,4,68,0.4056,0.1029
finbert_pca50,XGBoost,SES_group,7,High,5,69,0.4495,0.1159
finbert_pca50,XGBoost,SES_group,7,High,6,69,0.4999,0.1014
finbert_pca50,XGBoost,SES_group,7,High,7,83,0.5509,0.2048
finbert_pca50,XGBoost,SES_group,7,High,8,72,0.6256,0.4167
finbert_pca50,XGBoost,SES_group,7,High,9,70,0.7347,0.3429
finbert_pca50,XGBoost,BlackConcentration,7,Low,0,34,0.1533,0.0588
finbert_pca50,XGBoost,BlackConcentration,7,Low,1,45,0.2552,0.0444
finbert_pca50,XGBoost,BlackConcentration,7,Low,2,38,0.3122,0.0526
finbert_pca50,XGBoost,BlackConcentration,7,Low,3,38,0.358,0.1316
finbert_pca50,XGBoost,BlackConcentration,7,Low,4,34,0.403,0.0588
finbert_pca50,XGBoost,BlackConcentration,7,Low,5,53,0.4502,0.1509
finbert_pca50,XGBoost,BlackConcentration,7,Low,6,41,0.4936,0.122
finbert_pca50,XGBoost,BlackConcentration,7,Low,7,48,0.5513,0.1458
finbert_pca50,XGBoost,BlackConcentration,7,Low,8,50,0.625,0.24
finbert_pca50,XGBoost,BlackConcentration,7,Low,9,47,0.7357,0.4043
finbert_pca50,XGBoost,BlackConcentration,7,High,0,131,0.1563,0.0687
finbert_pca50,XGBoost,BlackConcentration,7,High,1,124,0.2566,0.0565
finbert_pca50,XGBoost,BlackConcentration,7,High,2,131,0.3123,0.0534
finbert_pca50,XGBoost,BlackConcentration,7,High,3,131,0.3613,0.1069
finbert_pca50,XGBoost,BlackConcentration,7,High,4,137,0.4041,0.1095
finbert_pca50,XGBoost,BlackConcentration,7,High,5,116,0.447,0.1552
finbert_pca50,XGBoost,BlackConcentration,7,High,6,120,0.4986,0.1333
finbert_pca50,XGBoost,BlackConcentration,7,High,7,134,0.5524,0.1866
finbert_pca50,XGBoost,BlackConcentration,7,High,8,125,0.6239,0.296
finbert_pca50,XGBoost,BlackConcentration,7,High,9,127,0.7301,0.3386
finbert_pca50,XGBoost,SES_group,8,Low,0,197,0.1675,0.0609
finbert_pca50,XGBoost,SES_group,8,Low,1,188,0.3022,0.0904
finbert_pca50,XGBoost,SES_group,8,Low,2,180,0.3805,0.1
finbert_pca50,XGBoost,SES_group,8,Low,3,155,0.4377,0.1097
finbert_pca50,XGBoost,SES_group,8,Low,4,164,0.4871,0.1402
finbert_pca50,XGBoost,SES_group,8,Low,5,172,0.537,0.2209
finbert_pca50,XGBoost,SES_group,8,Low,6,162,0.5832,0.2037
finbert_pca50,XGBoost,SES_group,8,Low,7,174,0.6331,0.2874
finbert_pca50,XGBoost,SES_group,8,Low,8,161,0.6922,0.2981
finbert_pca50,XGBoost,SES_group,8,Low,9,162,0.7699,0.3086
finbert_pca50,XGBoost,SES_group,8,High,0,77,0.1662,0.026
finbert_pca50,XGBoost,SES_group,8,High,1,77,0.3036,0.0779
finbert_pca50,XGBoost,SES_group,8,High,2,81,0.3782,0.1111
finbert_pca50,XGBoost,SES_group,8,High,3,85,0.443,0.1176
finbert_pca50,XGBoost,SES_group,8,High,4,90,0.4897,0.1333
finbert_pca50,XGBoost,SES_group,8,High,5,82,0.535,0.2073
finbert_pca50,XGBoost,SES_group,8,High,6,92,0.5813,0.25
finbert_pca50,XGBoost,SES_group,8,High,7,77,0.6339,0.1688
finbert_pca50,XGBoost,SES_group,8,High,8,89,0.6926,0.2921
finbert_pca50,XGBoost,SES_group,8,High,9,88,0.7792,0.4773
finbert_pca50,XGBoost,BlackConcentration,8,Low,0,64,0.171,0.0625
finbert_pca50,XGBoost,BlackConcentration,8,Low,1,50,0.299,0.08
finbert_pca50,XGBoost,BlackConcentration,8,Low,2,51,0.3784,0.0784
finbert_pca50,XGBoost,BlackConcentration,8,Low,3,67,0.439,0.1343
finbert_pca50,XGBoost,BlackConcentration,8,Low,4,49,0.4884,0.2245
finbert_pca50,XGBoost,BlackConcentration,8,Low,5,56,0.5377,0.25
finbert_pca50,XGBoost,BlackConcentration,8,Low,6,50,0.5822,0.16
finbert_pca50,XGBoost,BlackConcentration,8,Low,7,57,0.6327,0.2632
finbert_pca50,XGBoost,BlackConcentration,8,Low,8,59,0.69,0.2712
finbert_pca50,XGBoost,BlackConcentration,8,Low,9,52,0.7829,0.3846
finbert_pca50,XGBoost,BlackConcentration,8,High,0,165,0.1662,0.0606
finbert_pca50,XGBoost,BlackConcentration,8,High,1,179,0.3029,0.0838
finbert_pca50,XGBoost,BlackConcentration,8,High,2,173,0.3812,0.0983
finbert_pca50,XGBoost,BlackConcentration,8,High,3,169,0.441,0.1065
finbert_pca50,XGBoost,BlackConcentration,8,High,4,185,0.4874,0.1568
finbert_pca50,XGBoost,BlackConcentration,8,High,5,173,0.5353,0.2312
finbert_pca50,XGBoost,BlackConcentration,8,High,6,195,0.583,0.2462
finbert_pca50,XGBoost,BlackConcentration,8,High,7,176,0.6325,0.2614
finbert_pca50,XGBoost,BlackConcentration,8,High,8,180,0.6935,0.2833
finbert_pca50,XGBoost,BlackConcentration,8,High,9,188,0.7752,0.383
finbert_pca50,XGBoost,SES_group,9,Low,0,306,0.1583,0.0229
finbert_pca50,XGBoost,SES_group,9,Low,1,291,0.273,0.0412
finbert_pca50,XGBoost,SES_group,9,Low,2,284,0.3406,0.081
finbert_pca50,XGBoost,SES_group,9,Low,3,260,0.3981,0.1154
finbert_pca50,XGBoost,SES_group,9,Low,4,248,0.4492,0.1008
finbert_pca50,XGBoost,SES_group,9,Low,5,244,0.4992,0.1639
finbert_pca50,XGBoost,SES_group,9,Low,6,238,0.5477,0.1723
finbert_pca50,XGBoost,SES_group,9,Low,7,258,0.5937,0.1938
finbert_pca50,XGBoost,SES_group,9,Low,8,224,0.6513,0.2232
finbert_pca50,XGBoost,SES_group,9,Low,9,242,0.742,0.3926
finbert_pca50,XGBoost,SES_group,9,High,0,125,0.1586,0.056
finbert_pca50,XGBoost,SES_group,9,High,1,122,0.2748,0.0574
finbert_pca50,XGBoost,SES_group,9,High,2,122,0.3404,0.0574
finbert_pca50,XGBoost,SES_group,9,High,3,141,0.3978,0.0993
finbert_pca50,XGBoost,SES_group,9,High,4,156,0.4514,0.0897
finbert_pca50,XGBoost,SES_group,9,High,5,143,0.5016,0.1678
finbert_pca50,XGBoost,SES_group,9,High,6,151,0.547,0.1722
finbert_pca50,XGBoost,SES_group,9,High,7,137,0.5958,0.1314
finbert_pca50,XGBoost,SES_group,9,High,8,175,0.6487,0.2857
finbert_pca50,XGBoost,SES_group,9,High,9,157,0.7464,0.3758
finbert_pca50,XGBoost,BlackConcentration,9,Low,0,103,0.1511,0.0
finbert_pca50,XGBoost,BlackConcentration,9,Low,1,109,0.2754,0.0275
finbert_pca50,XGBoost,BlackConcentration,9,Low,2,104,0.3432,0.0577
finbert_pca50,XGBoost,BlackConcentration,9,Low,3,89,0.3999,0.1685
finbert_pca50,XGBoost,BlackConcentration,9,Low,4,94,0.449,0.117
finbert_pca50,XGBoost,BlackConcentration,9,Low,5,108,0.5014,0.1574
finbert_pca50,XGBoost,BlackConcentration,9,Low,6,97,0.547,0.134
finbert_pca50,XGBoost,BlackConcentration,9,Low,7,109,0.5941,0.1743
finbert_pca50,XGBoost,BlackConcentration,9,Low,8,101,0.6512,0.2475
finbert_pca50,XGBoost,BlackConcentration,9,Low,9,106,0.7447,0.3208
finbert_pca50,XGBoost,BlackConcentration,9,High,0,283,0.162,0.0353
finbert_pca50,XGBoost,BlackConcentration,9,High,1,267,0.2726,0.0637
finbert_pca50,XGBoost,BlackConcentration,9,High,2,272,0.339,0.0772
finbert_pca50,XGBoost,BlackConcentration,9,High,3,260,0.3979,0.1115
finbert_pca50,XGBoost,BlackConcentration,9,High,4,270,0.45,0.0852
finbert_pca50,XGBoost,BlackConcentration,9,High,5,282,0.5009,0.1489
finbert_pca50,XGBoost,BlackConcentration,9,High,6,274,0.5469,0.1861
finbert_pca50,XGBoost,BlackConcentration,9,High,7,262,0.5944,0.2137
finbert_pca50,XGBoost,BlackConcentration,9,High,8,288,0.6508,0.2222
finbert_pca50,XGBoost,BlackConcentration,9,High,9,257,0.7462,0.3852
finbert_pca50,XGBoost,SES_group,10,Low,0,323,0.1378,0.0372
finbert_pca50,XGBoost,SES_group,10,Low,1,320,0.2379,0.0625
finbert_pca50,XGBoost,SES_group,10,Low,2,270,0.3001,0.0778
finbert_pca50,XGBoost,SES_group,10,Low,3,284,0.3536,0.0845
finbert_pca50,XGBoost,SES_group,10,Low,4,262,0.4096,0.0992
finbert_pca50,XGBoost,SES_group,10,Low,5,253,0.4658,0.1621
finbert_pca50,XGBoost,SES_group,10,Low,6,274,0.522,0.1642
finbert_pca50,XGBoost,SES_group,10,Low,7,245,0.5789,0.1796
finbert_pca50,XGBoost,SES_group,10,Low,8,260,0.6405,0.2385
finbert_pca50,XGBoost,SES_group,10,Low,9,220,0.7324,0.35
finbert_pca50,XGBoost,SES_group,10,High,0,115,0.1394,0.0435
finbert_pca50,XGBoost,SES_group,10,High,1,114,0.2384,0.0439
finbert_pca50,XGBoost,SES_group,10,High,2,141,0.3005,0.1135
finbert_pca50,XGBoost,SES_group,10,High,3,123,0.3538,0.0732
finbert_pca50,XGBoost,SES_group,10,High,4,142,0.4086,0.1056
finbert_pca50,XGBoost,SES_group,10,High,5,129,0.4633,0.124
finbert_pca50,XGBoost,SES_group,10,High,6,152,0.5204,0.1447
finbert_pca50,XGBoost,SES_group,10,High,7,133,0.5756,0.1579
finbert_pca50,XGBoost,SES_group,10,High,8,143,0.6407,0.2937
finbert_pca50,XGBoost,SES_group,10,High,9,164,0.7317,0.3537
finbert_pca50,XGBoost,BlackConcentration,10,Low,0,98,0.143,0.0204
finbert_pca50,XGBoost,BlackConcentration,10,Low,1,87,0.2396,0.0805
finbert_pca50,XGBoost,BlackConcentration,10,Low,2,103,0.2996,0.0971
finbert_pca50,XGBoost,BlackConcentration,10,Low,3,116,0.3519,0.069
finbert_pca50,XGBoost,BlackConcentration,10,Low,4,84,0.4073,0.0952
finbert_pca50,XGBoost,BlackConcentration,10,Low,5,100,0.4676,0.18
finbert_pca50,XGBoost,BlackConcentration,10,Low,6,110,0.5207,0.1273
finbert_pca50,XGBoost,BlackConcentration,10,Low,7,95,0.5763,0.2
finbert_pca50,XGBoost,BlackConcentration,10,Low,8,116,0.642,0.1552
finbert_pca50,XGBoost,BlackConcentration,10,Low,9,103,0.7375,0.3398
finbert_pca50,XGBoost,BlackConcentration,10,High,0,261,0.1387,0.0345
finbert_pca50,XGBoost,BlackConcentration,10,High,1,267,0.2384,0.0599
finbert_pca50,XGBoost,BlackConcentration,10,High,2,260,0.2992,0.1038
finbert_pca50,XGBoost,BlackConcentration,10,High,3,251,0.3541,0.1116
finbert_pca50,XGBoost,BlackConcentration,10,High,4,285,0.4097,0.1158
finbert_pca50,XGBoost,BlackConcentration,10,High,5,271,0.4649,0.1439
finbert_pca50,XGBoost,BlackConcentration,10,High,6,252,0.5208,0.1587
finbert_pca50,XGBoost,BlackConcentration,10,High,7,289,0.5778,0.2007
finbert_pca50,XGBoost,BlackConcentration,10,High,8,262,0.6395,0.3092
finbert_pca50,XGBoost,BlackConcentration,10,High,9,296,0.7366,0.3851
finbert_pca50,XGBoost,SES_group,11,Low,0,446,0.1432,0.0336
finbert_pca50,XGBoost,SES_group,11,Low,1,424,0.2441,0.0566
finbert_pca50,XGBoost,SES_group,11,Low,2,365,0.3102,0.1068
finbert_pca50,XGBoost,SES_group,11,Low,3,372,0.3672,0.0941
finbert_pca50,XGBoost,SES_group,11,Low,4,347,0.4209,0.121
finbert_pca50,XGBoost,SES_group,11,Low,5,334,0.4748,0.1257
finbert_pca50,XGBoost,SES_group,11,Low,6,344,0.5257,0.1715
finbert_pca50,XGBoost,SES_group,11,Low,7,351,0.5794,0.1823
finbert_pca50,XGBoost,SES_group,11,Low,8,333,0.6375,0.2492
finbert_pca50,XGBoost,SES_group,11,Low,9,331,0.728,0.3323
finbert_pca50,XGBoost,SES_group,11,High,0,143,0.1461,0.028
finbert_pca50,XGBoost,SES_group,11,High,1,146,0.2465,0.0205
finbert_pca50,XGBoost,SES_group,11,High,2,200,0.3115,0.065
finbert_pca50,XGBoost,SES_group,11,High,3,183,0.3659,0.0765
finbert_pca50,XGBoost,SES_group,11,High,4,196,0.4194,0.1327
finbert_pca50,XGBoost,SES_group,11,High,5,217,0.4753,0.1567
finbert_pca50,XGBoost,SES_group,11,High,6,212,0.5268,0.1415
finbert_pca50,XGBoost,SES_group,11,High,7,192,0.58,0.2292
finbert_pca50,XGBoost,SES_group,11,High,8,195,0.6372,0.2718
finbert_pca50,XGBoost,SES_group,11,High,9,216,0.7239,0.3426
finbert_pca50,XGBoost,BlackConcentration,11,Low,0,151,0.1406,0.0265
finbert_pca50,XGBoost,BlackConcentration,11,Low,1,144,0.2442,0.0625
finbert_pca50,XGBoost,BlackConcentration,11,Low,2,125,0.3101,0.064
finbert_pca50,XGBoost,BlackConcentration,11,Low,3,133,0.3658,0.0752
finbert_pca50,XGBoost,BlackConcentration,11,Low,4,126,0.4229,0.0873
finbert_pca50,XGBoost,BlackConcentration,11,Low,5,139,0.4753,0.1367
finbert_pca50,XGBoost,BlackConcentration,11,Low,6,142,0.5257,0.1268
finbert_pca50,XGBoost,BlackConcentration,11,Low,7,139,0.58,0.1727
finbert_pca50,XGBoost,BlackConcentration,11,Low,8,140,0.6372,0.2
finbert_pca50,XGBoost,BlackConcentration,11,Low,9,139,0.7336,0.2806
finbert_pca50,XGBoost,BlackConcentration,11,High,0,330,0.1473,0.0394
finbert_pca50,XGBoost,BlackConcentration,11,High,1,346,0.2464,0.0376
finbert_pca50,XGBoost,BlackConcentration,11,High,2,358,0.3095,0.0978
finbert_pca50,XGBoost,BlackConcentration,11,High,3,351,0.3662,0.0826
finbert_pca50,XGBoost,BlackConcentration,11,High,4,377,0.4203,0.1167
finbert_pca50,XGBoost,BlackConcentration,11,High,5,382,0.4754,0.1649
finbert_pca50,XGBoost,BlackConcentration,11,High,6,344,0.5276,0.1744
finbert_pca50,XGBoost,BlackConcentration,11,High,7,348,0.5807,0.204
finbert_pca50,XGBoost,BlackConcentration,11,High,8,377,0.6372,0.252
finbert_pca50,XGBoost,BlackConcentration,11,High,9,350,0.7257,0.3
finbert_pca50,XGBoost,SES_group,12,Low,0,551,0.1643,0.0181
finbert_pca50,XGBoost,SES_group,12,Low,1,494,0.272,0.0648
finbert_pca50,XGBoost,SES_group,12,Low,2,487,0.3353,0.0862
finbert_pca50,XGBoost,SES_group,12,Low,3,473,0.3888,0.0782
finbert_pca50,XGBoost,SES_group,12,Low,4,478,0.4393,0.1276
finbert_pca50,XGBoost,SES_group,12,Low,5,465,0.4897,0.1613
finbert_pca50,XGBoost,SES_group,12,Low,6,436,0.5396,0.1904
finbert_pca50,XGBoost,SES_group,12,Low,7,442,0.5933,0.2104
finbert_pca50,XGBoost,SES_group,12,Low,8,432,0.6538,0.2407
finbert_pca50,XGBoost,SES_group,12,Low,9,447,0.7475,0.34
finbert_pca50,XGBoost,SES_group,12,High,0,201,0.1683,0.0398
finbert_pca50,XGBoost,SES_group,12,High,1,256,0.2717,0.0625
finbert_pca50,XGBoost,SES_group,12,High,2,267,0.3353,0.0787
finbert_pca50,XGBoost,SES_group,12,High,3,254,0.3882,0.0945
finbert_pca50,XGBoost,SES_group,12,High,4,257,0.4386,0.144
finbert_pca50,XGBoost,SES_group,12,High,5,262,0.4909,0.145
finbert_pca50,XGBoost,SES_group,12,High,6,287,0.5402,0.1812
finbert_pca50,XGBoost,SES_group,12,High,7,270,0.5929,0.2667
finbert_pca50,XGBoost,SES_group,12,High,8,289,0.6544,0.2803
finbert_pca50,XGBoost,SES_group,12,High,9,265,0.7517,0.3623
finbert_pca50,XGBoost,BlackConcentration,12,Low,0,202,0.1706,0.0198
finbert_pca50,XGBoost,BlackConcentration,12,Low,1,182,0.2709,0.0495
finbert_pca50,XGBoost,BlackConcentration,12,Low,2,171,0.3337,0.0526
finbert_pca50,XGBoost,BlackConcentration,12,Low,3,173,0.3878,0.0925
finbert_pca50,XGBoost,BlackConcentration,12,Low,4,165,0.4391,0.1515
finbert_pca50,XGBoost,BlackConcentration,12,Low,5,202,0.4901,0.1584
finbert_pca50,XGBoost,BlackConcentration,12,Low,6,179,0.5403,0.1955
finbert_pca50,XGBoost,BlackConcentration,12,Low,7,181,0.5925,0.2099
finbert_pca50,XGBoost,BlackConcentration,12,Low,8,193,0.6551,0.2694
finbert_pca50,XGBoost,BlackConcentration,12,Low,9,144,0.7441,0.3056
finbert_pca50,XGBoost,BlackConcentration,12,High,0,451,0.1648,0.0244
finbert_pca50,XGBoost,BlackConcentration,12,High,1,461,0.2728,0.0629
finbert_pca50,XGBoost,BlackConcentration,12,High,2,487,0.3353,0.0924
finbert_pca50,XGBoost,BlackConcentration,12,High,3,476,0.3892,0.0882
finbert_pca50,XGBoost,BlackConcentration,12,High,4,496,0.4394,0.1472
finbert_pca50,XGBoost,BlackConcentration,12,High,5,484,0.4901,0.1446
finbert_pca50,XGBoost,BlackConcentration,12,High,6,505,0.5394,0.196
finbert_pca50,XGBoost,BlackConcentration,12,High,7,525,0.5931,0.2286
finbert_pca50,XGBoost,BlackConcentration,12,High,8,492,0.6541,0.2744
finbert_pca50,XGBoost,BlackConcentration,12,High,9,521,0.7467,0.3551
finbert_pca50,XGBoost,SES_group,13,Low,0,654,0.1691,0.0382
finbert_pca50,XGBoost,SES_group,13,Low,1,630,0.2756,0.0635
finbert_pca50,XGBoost,SES_group,13,Low,2,601,0.3366,0.0732
finbert_pca50,XGBoost,SES_group,13,Low,3,577,0.3938,0.1161
finbert_pca50,XGBoost,SES_group,13,Low,4,529,0.4442,0.1229
finbert_pca50,XGBoost,SES_group,13,Low,5,548,0.4958,0.1551
finbert_pca50,XGBoost,SES_group,13,Low,6,545,0.5472,0.178
finbert_pca50,XGBoost,SES_group,13,Low,7,561,0.5996,0.2228
finbert_pca50,XGBoost,SES_group,13,Low,8,537,0.6599,0.2533
finbert_pca50,XGBoost,SES_group,13,Low,9,504,0.7531,0.3036
finbert_pca50,XGBoost,SES_group,13,High,0,235,0.1729,0.0298
finbert_pca50,XGBoost,SES_group,13,High,1,244,0.2757,0.082
finbert_pca50,XGBoost,SES_group,13,High,2,283,0.3382,0.0742
finbert_pca50,XGBoost,SES_group,13,High,3,309,0.3933,0.11
finbert_pca50,XGBoost,SES_group,13,High,4,338,0.4437,0.1361
finbert_pca50,XGBoost,SES_group,13,High,5,314,0.494,0.1338
finbert_pca50,XGBoost,SES_group,13,High,6,318,0.5472,0.1604
finbert_pca50,XGBoost,SES_group,13,High,7,298,0.6014,0.2013
finbert_pca50,XGBoost,SES_group,13,High,8,316,0.661,0.2911
finbert_pca50,XGBoost,SES_group,13,High,9,348,0.7524,0.3822
finbert_pca50,XGBoost,BlackConcentration,13,Low,0,209,0.1705,0.0191
finbert_pca50,XGBoost,BlackConcentration,13,Low,1,229,0.2757,0.0742
finbert_pca50,XGBoost,BlackConcentration,13,Low,2,229,0.3383,0.0786
finbert_pca50,XGBoost,BlackConcentration,13,Low,3,235,0.3935,0.0894
finbert_pca50,XGBoost,BlackConcentration,13,Low,4,235,0.4451,0.0766
finbert_pca50,XGBoost,BlackConcentration,13,Low,5,206,0.4961,0.1942
finbert_pca50,XGBoost,BlackConcentration,13,Low,6,205,0.5466,0.161
finbert_pca50,XGBoost,BlackConcentration,13,Low,7,218,0.6002,0.1972
finbert_pca50,XGBoost,BlackConcentration,13,Low,8,209,0.6595,0.2679
finbert_pca50,XGBoost,BlackConcentration,13,Low,9,195,0.749,0.2923
finbert_pca50,XGBoost,BlackConcentration,13,High,0,571,0.1701,0.0245
finbert_pca50,XGBoost,BlackConcentration,13,High,1,491,0.2754,0.0733
finbert_pca50,XGBoost,BlackConcentration,13,High,2,536,0.3375,0.0802
finbert_pca50,XGBoost,BlackConcentration,13,High,3,548,0.3936,0.1077
finbert_pca50,XGBoost,BlackConcentration,13,High,4,545,0.444,0.1468
finbert_pca50,XGBoost,BlackConcentration,13,High,5,569,0.4945,0.1406
finbert_pca50,XGBoost,BlackConcentration,13,High,6,583,0.5474,0.1852
finbert_pca50,XGBoost,BlackConcentration,13,High,7,582,0.6005,0.1993
finbert_pca50,XGBoost,BlackConcentration,13,High,8,600,0.6597,0.275
finbert_pca50,XGBoost,BlackConcentration,13,High,9,603,0.7518,0.3781
finbert_pca50,XGBoost,SES_group,14,Low,0,778,0.1565,0.0141
finbert_pca50,XGBoost,SES_group,14,Low,1,693,0.2484,0.0577
finbert_pca50,XGBoost,SES_group,14,Low,2,721,0.3098,0.0929
finbert_pca50,XGBoost,SES_group,14,Low,3,653,0.3662,0.1118
finbert_pca50,XGBoost,SES_group,14,Low,4,687,0.4227,0.115
finbert_pca50,XGBoost,SES_group,14,Low,5,653,0.4751,0.1363
finbert_pca50,XGBoost,SES_group,14,Low,6,643,0.5308,0.1664
finbert_pca50,XGBoost,SES_group,14,Low,7,647,0.5862,0.2179
finbert_pca50,XGBoost,SES_group,14,Low,8,605,0.6556,0.286
finbert_pca50,XGBoost,SES_group,14,Low,9,627,0.752,0.3254
finbert_pca50,XGBoost,SES_group,14,High,0,303,0.161,0.0462
finbert_pca50,XGBoost,SES_group,14,High,1,327,0.249,0.0612
finbert_pca50,XGBoost,SES_group,14,High,2,285,0.3116,0.0842
finbert_pca50,XGBoost,SES_group,14,High,3,336,0.3691,0.0923
finbert_pca50,XGBoost,SES_group,14,High,4,331,0.4217,0.0906
finbert_pca50,XGBoost,SES_group,14,High,5,362,0.4743,0.1436
finbert_pca50,XGBoost,SES_group,14,High,6,367,0.5294,0.1689
finbert_pca50,XGBoost,SES_group,14,High,7,343,0.5867,0.2041
finbert_pca50,XGBoost,SES_group,14,High,8,363,0.6559,0.2617
finbert_pca50,XGBoost,SES_group,14,High,9,382,0.7519,0.3691
finbert_pca50,XGBoost,BlackConcentration,14,Low,0,274,0.1613,0.0182
finbert_pca50,XGBoost,BlackConcentration,14,Low,1,290,0.2476,0.0517
finbert_pca50,XGBoost,BlackConcentration,14,Low,2,292,0.31,0.1062
finbert_pca50,XGBoost,BlackConcentration,14,Low,3,270,0.3674,0.1444
finbert_pca50,XGBoost,BlackConcentration,14,Low,4,290,0.4223,0.1138
finbert_pca50,XGBoost,BlackConcentration,14,Low,5,262,0.4743,0.1603
finbert_pca50,XGBoost,BlackConcentration,14,Low,6,269,0.5308,0.145
finbert_pca50,XGBoost,BlackConcentration,14,Low,7,235,0.5833,0.2255
finbert_pca50,XGBoost,BlackConcentration,14,Low,8,265,0.6547,0.2415
finbert_pca50,XGBoost,BlackConcentration,14,Low,9,237,0.7498,0.3333
finbert_pca50,XGBoost,BlackConcentration,14,High,0,628,0.1599,0.0366
finbert_pca50,XGBoost,BlackConcentration,14,High,1,668,0.2487,0.0599
finbert_pca50,XGBoost,BlackConcentration,14,High,2,619,0.3105,0.0889
finbert_pca50,XGBoost,BlackConcentration,14,High,3,680,0.3671,0.0971
finbert_pca50,XGBoost,BlackConcentration,14,High,4,621,0.4218,0.1143
finbert_pca50,XGBoost,BlackConcentration,14,High,5,639,0.4748,0.1393
finbert_pca50,XGBoost,BlackConcentration,14,High,6,653,0.5306,0.1669
finbert_pca50,XGBoost,BlackConcentration,14,High,7,679,0.5866,0.2224
finbert_pca50,XGBoost,BlackConcentration,14,High,8,675,0.656,0.2874
finbert_pca50,XGBoost,BlackConcentration,14,High,9,708,0.7534,0.3616
