Feature,n_folds_selected,mean_rank_when_selected,mean_importance_share,mean_chi2_score,Model,pct_folds_selected
txt:help,14,17.79,0.006,4.59,Logistic,100.0
txt:ring,14,18.21,0.0058,5.51,Logistic,100.0
txt:ups,14,20.79,0.0055,5.74,Logistic,100.0
txt:engagement,14,25.29,0.0052,6.45,Logistic,100.0
txt:engagement ring,14,42.93,0.0042,5.18,Logistic,100.0
txt:apr,13,9.54,0.0077,5.2,Logistic,92.9
txt:pool,13,25.62,0.0092,11.85,Logistic,92.9
txt:mta,13,65.38,0.004,10.44,Logistic,92.9
txt:motorcycle,13,108.62,0.0028,3.75,Logistic,92.9
txt:help foot,13,293.77,0.0013,4.41,Logistic,92.9
txt:trailer,12,53.92,0.0036,2.72,Logistic,85.7
txt:excellent credit,12,104.58,0.0026,3.43,Logistic,85.7
txt:pay problem,12,149.25,0.002,3.19,Logistic,85.7
txt:buster,12,160.75,0.002,3.53,Logistic,85.7
txt:payday,12,219.08,0.0018,3.31,Logistic,85.7
txt:college,11,2.45,0.0119,4.57,Logistic,78.6
txt:university,11,6.73,0.0105,6.33,Logistic,78.6
txt:walmart,11,45.09,0.0043,5.33,Logistic,78.6
txt:harbor,11,73.91,0.0031,4.01,Logistic,78.6
txt:good payer,11,127.82,0.0022,7.58,Logistic,78.6
txt:refinance,11,168.18,0.0024,5.39,Logistic,78.6
txt:rate,10,8.6,0.0095,9.73,Logistic,71.4
txt:steel,10,22.3,0.0051,4.08,Logistic,71.4
txt:salary,10,33.3,0.0047,3.0,Logistic,71.4
txt:consulting,10,37.4,0.0044,2.98,Logistic,71.4
txt:fresh,10,62.6,0.0035,5.5,Logistic,71.4
txt:refi,10,70.5,0.0034,3.65,Logistic,71.4
txt:state postal,10,89.1,0.0028,3.41,Logistic,71.4
txt:trustworthy,10,120.8,0.0024,2.18,Logistic,71.4
txt:casino,10,133.5,0.0026,3.03,Logistic,71.4
txt:payment debt,10,150.4,0.0021,3.22,Logistic,71.4
txt:verizon communication,10,222.2,0.0016,4.52,Logistic,71.4
txt:know happy,10,278.7,0.0015,3.56,Logistic,71.4
txt:financial debt,10,328.2,0.0012,4.0,Logistic,71.4
txt:state highway,10,334.6,0.0011,3.63,Logistic,71.4
txt:card consolidation,9,14.22,0.0076,6.42,Logistic,64.3
txt:credit,9,25.11,0.0082,2.88,Logistic,64.3
txt:debt consolidation,9,30.78,0.0069,12.79,Logistic,64.3
txt:lockheed,9,53.0,0.0037,3.42,Logistic,64.3
txt:wedding,9,53.33,0.004,3.75,Logistic,64.3
txt:united nation,9,54.11,0.0037,7.37,Logistic,64.3
txt:learning,9,61.11,0.0032,3.38,Logistic,64.3
txt:fresh start,9,69.56,0.0032,6.14,Logistic,64.3
txt:starbucks,9,71.11,0.0035,8.91,Logistic,64.3
txt:marriott,9,72.78,0.0031,3.16,Logistic,64.3
txt:home care,9,78.78,0.0029,4.21,Logistic,64.3
txt:peace,9,93.44,0.0027,3.24,Logistic,64.3
txt:wanna,9,107.11,0.0024,6.39,Logistic,64.3
txt:relief,9,114.89,0.0035,4.66,Logistic,64.3
txt:consilidate,9,121.0,0.0023,4.99,Logistic,64.3
txt:hyundai,9,122.89,0.0023,4.99,Logistic,64.3
txt:vacation vacation,9,126.89,0.0023,3.15,Logistic,64.3
txt:marriott international,9,127.22,0.0022,4.97,Logistic,64.3
txt:jeweler,9,131.0,0.0022,3.82,Logistic,64.3
txt:debt buster,9,179.11,0.0018,4.44,Logistic,64.3
txt:jcpenney,9,179.22,0.002,3.59,Logistic,64.3
txt:suitable,9,260.11,0.0015,4.09,Logistic,64.3
txt:month know,9,382.56,0.001,2.59,Logistic,64.3
txt:debt hospital,9,386.0,0.0009,5.68,Logistic,64.3
txt:engineering,8,18.88,0.0055,3.59,Logistic,57.1
txt:card,8,35.62,0.0065,3.75,Logistic,57.1
txt:debt,8,42.88,0.0049,8.25,Logistic,57.1
txt:credit card,8,43.25,0.0058,3.61,Logistic,57.1
txt:com,8,51.12,0.0036,3.32,Logistic,57.1
txt:high intrest,8,68.38,0.0032,3.18,Logistic,57.1
txt:mother,8,101.5,0.0025,3.59,Logistic,57.1
txt:debt relief,8,103.75,0.0028,2.78,Logistic,57.1
txt:sheetmetal,8,107.12,0.0024,9.22,Logistic,57.1
txt:mind,8,109.88,0.0026,2.92,Logistic,57.1
txt:senate,8,118.12,0.0023,8.23,Logistic,57.1
txt:lausd,8,139.0,0.0022,3.68,Logistic,57.1
txt:nordstrom,8,139.25,0.0023,2.79,Logistic,57.1
txt:inter,8,148.75,0.0019,5.88,Logistic,57.1
txt:consolidation,8,155.25,0.0028,6.71,Logistic,57.1
txt:secure solution,8,162.5,0.0018,5.04,Logistic,57.1
txt:personnel,8,177.12,0.0018,3.11,Logistic,57.1
txt:debt verizon,8,216.75,0.0018,4.96,Logistic,57.1
txt:learning center,8,220.0,0.0016,3.78,Logistic,57.1
txt:pioneer,8,229.0,0.0017,2.76,Logistic,57.1
txt:sarah,8,243.25,0.0015,6.46,Logistic,57.1
txt:enhance,8,249.38,0.0016,3.14,Logistic,57.1
txt:marketing group,8,267.0,0.0013,3.46,Logistic,57.1
txt:wet,8,269.75,0.0013,3.61,Logistic,57.1
txt:happy new,8,281.88,0.0014,3.5,Logistic,57.1
txt:used debt,8,308.88,0.0014,2.57,Logistic,57.1
txt:card refinance,8,309.0,0.0014,3.91,Logistic,57.1
txt:card major,8,345.62,0.0011,3.21,Logistic,57.1
txt:patrick,8,349.25,0.0012,3.62,Logistic,57.1
txt:husband pay,8,350.5,0.0012,2.55,Logistic,57.1
txt:help don,8,379.75,0.001,2.68,Logistic,57.1
txt:money asap,8,424.25,0.0009,3.4,Logistic,57.1
txt:build business,8,470.88,0.0007,4.51,Logistic,57.1
txt:null freedom,8,520.25,0.0006,3.65,Logistic,57.1
txt:card payoff,7,25.43,0.005,2.98,Logistic,50.0
txt:intrest,7,27.0,0.0046,3.14,Logistic,50.0
txt:baby,7,33.86,0.004,2.52,Logistic,50.0
txt:bike,7,41.29,0.004,2.14,Logistic,50.0
txt:metal,7,48.43,0.0038,4.07,Logistic,50.0
txt:lockheed martin,7,55.43,0.0036,3.9,Logistic,50.0
txt:resort,7,59.57,0.0034,4.3,Logistic,50.0
txt:pay pay,7,65.43,0.0035,3.32,Logistic,50.0
txt:trump,7,66.86,0.0031,10.17,Logistic,50.0
txt:verizon,7,67.86,0.0036,4.17,Logistic,50.0
txt:matter,7,71.29,0.003,2.35,Logistic,50.0
txt:personal,7,77.0,0.0038,4.31,Logistic,50.0
txt:card refi,7,82.14,0.0036,4.38,Logistic,50.0
txt:frank,7,86.57,0.0029,3.64,Logistic,50.0
txt:paid consolidation,7,92.14,0.0027,3.81,Logistic,50.0
txt:hair,7,97.43,0.0026,5.41,Logistic,50.0
txt:payment instead,7,107.43,0.0033,5.65,Logistic,50.0
txt:lower monthly,7,114.29,0.0025,2.79,Logistic,50.0
txt:consolidation pacific,7,116.29,0.0025,4.49,Logistic,50.0
txt:help money,7,122.71,0.0025,3.95,Logistic,50.0
txt:debt consolidated,7,153.43,0.0022,3.29,Logistic,50.0
txt:work school,7,160.29,0.0021,3.19,Logistic,50.0
txt:garden,7,162.71,0.0024,2.5,Logistic,50.0
txt:thats,7,164.14,0.0019,2.59,Logistic,50.0
txt:medical medical,7,180.43,0.002,3.21,Logistic,50.0
txt:debt walmart,7,181.71,0.0016,5.79,Logistic,50.0
txt:piece mind,7,186.0,0.002,2.4,Logistic,50.0
txt:breathing,7,190.0,0.0018,2.26,Logistic,50.0
txt:payment new,7,193.0,0.0019,2.99,Logistic,50.0
txt:myloan,7,198.43,0.0019,3.52,Logistic,50.0
txt:home upgrade,7,198.71,0.0018,3.43,Logistic,50.0
txt:guidance,7,200.86,0.0016,5.74,Logistic,50.0
txt:hallmark,7,204.86,0.0015,5.72,Logistic,50.0
txt:atleast,7,207.43,0.0018,4.26,Logistic,50.0
txt:carol,7,219.43,0.0015,3.8,Logistic,50.0
txt:debt general,7,224.0,0.0015,4.77,Logistic,50.0
txt:tube,7,227.43,0.0014,5.28,Logistic,50.0
txt:new equipment,7,235.0,0.0014,3.31,Logistic,50.0
txt:going divorce,7,242.14,0.0017,2.16,Logistic,50.0
txt:dont,7,244.29,0.0018,1.78,Logistic,50.0
txt:chip,7,248.71,0.0014,3.29,Logistic,50.0
txt:ace,7,252.86,0.0016,3.3,Logistic,50.0
txt:life saver,7,258.86,0.0015,4.7,Logistic,50.0
txt:plane ticket,7,261.29,0.0015,3.13,Logistic,50.0
txt:merchandising,7,262.14,0.0015,3.43,Logistic,50.0
txt:printer,7,272.71,0.0012,5.45,Logistic,50.0
txt:disposal,7,274.57,0.0014,3.86,Logistic,50.0
txt:paying rent,7,276.71,0.0013,3.13,Logistic,50.0
txt:servicing,7,279.43,0.0014,2.58,Logistic,50.0
txt:month chase,7,285.86,0.0014,2.87,Logistic,50.0
txt:future investor,7,290.0,0.0014,2.52,Logistic,50.0
txt:swoop,7,324.14,0.0011,3.79,Logistic,50.0
txt:convenience store,7,325.29,0.0011,6.65,Logistic,50.0
txt:simple payment,7,329.57,0.0013,3.23,Logistic,50.0
txt:consolidation needed,7,334.71,0.0012,3.02,Logistic,50.0
txt:cod,7,344.43,0.0011,2.38,Logistic,50.0
txt:good value,7,346.14,0.0011,3.57,Logistic,50.0
txt:declared bankruptcy,7,350.57,0.0012,1.93,Logistic,50.0
txt:pseg,7,358.29,0.0011,4.32,Logistic,50.0
txt:repair damage,7,369.57,0.001,4.05,Logistic,50.0
txt:command,7,383.71,0.001,1.95,Logistic,50.0
txt:plan remain,7,384.43,0.0009,3.82,Logistic,50.0
txt:john debt,7,388.29,0.001,2.95,Logistic,50.0
txt:creates,7,418.0,0.0009,2.71,Logistic,50.0
txt:income employment,7,468.43,0.0008,3.28,Logistic,50.0
txt:odds,7,475.43,0.0007,3.01,Logistic,50.0
txt:income yearly,7,499.14,0.0007,2.82,Logistic,50.0
txt:currently,6,10.67,0.0088,3.09,Logistic,42.9
txt:travel,6,34.0,0.0045,2.35,Logistic,42.9
txt:lower rate,6,49.83,0.0042,9.13,Logistic,42.9
txt:swimming,6,50.5,0.0037,5.06,Logistic,42.9
txt:god,6,52.33,0.0035,2.65,Logistic,42.9
txt:mail,6,56.17,0.0034,2.31,Logistic,42.9
txt:swimming pool,6,56.83,0.0036,4.83,Logistic,42.9
txt:debt help,6,57.33,0.0034,2.92,Logistic,42.9
txt:postal service,6,59.0,0.0037,5.09,Logistic,42.9
txt:heart,6,61.83,0.0033,2.93,Logistic,42.9
txt:worker,6,63.83,0.0033,1.74,Logistic,42.9
txt:backyard,6,65.33,0.0032,4.21,Logistic,42.9
txt:freight,6,71.67,0.0033,3.69,Logistic,42.9
txt:consolidation california,6,79.83,0.0029,4.74,Logistic,42.9
txt:ralph,6,82.17,0.003,5.4,Logistic,42.9
txt:pizza,6,82.33,0.0032,3.21,Logistic,42.9
txt:standard,6,85.83,0.0038,3.76,Logistic,42.9
txt:revenue,6,86.5,0.0029,1.55,Logistic,42.9
txt:agent,6,90.83,0.0028,2.03,Logistic,42.9
txt:improvement home,6,95.17,0.0033,2.49,Logistic,42.9
txt:obtain,6,95.83,0.0028,1.84,Logistic,42.9
txt:stress,6,97.0,0.0029,2.28,Logistic,42.9
txt:bistro,6,107.67,0.0023,6.44,Logistic,42.9
txt:westin,6,110.17,0.0023,10.34,Logistic,42.9
txt:dyncorp,6,112.0,0.0024,3.63,Logistic,42.9
txt:new business,6,112.33,0.0023,4.87,Logistic,42.9
txt:mountain,6,115.17,0.0029,2.29,Logistic,42.9
txt:boat,6,118.5,0.0022,3.32,Logistic,42.9
txt:cosolidation,6,120.5,0.0024,2.65,Logistic,42.9
txt:refinance credit,6,123.5,0.0026,2.41,Logistic,42.9
txt:intrest credit,6,127.33,0.0023,2.14,Logistic,42.9
txt:foot,6,128.67,0.0025,1.85,Logistic,42.9
txt:level communication,6,133.33,0.0022,4.35,Logistic,42.9
txt:dst,6,137.83,0.0023,2.98,Logistic,42.9
txt:cape,6,140.17,0.0019,3.15,Logistic,42.9
txt:forum,6,145.0,0.0022,2.91,Logistic,42.9
txt:personal expense,6,146.0,0.0023,3.47,Logistic,42.9
txt:radiology,6,150.17,0.0022,3.8,Logistic,42.9
txt:debt consoldation,6,154.33,0.0019,3.54,Logistic,42.9
txt:excalibur,6,162.67,0.0017,8.17,Logistic,42.9
txt:internal revenue,6,163.17,0.0022,1.85,Logistic,42.9
txt:revenue service,6,163.17,0.0022,1.85,Logistic,42.9
txt:surface,6,167.17,0.0019,3.6,Logistic,42.9
txt:debt ups,6,168.17,0.002,4.87,Logistic,42.9
txt:toyota,6,175.33,0.0024,2.71,Logistic,42.9
txt:hertz,6,176.67,0.0018,4.02,Logistic,42.9
txt:prospect,6,176.83,0.0021,3.43,Logistic,42.9
txt:beaver,6,178.67,0.0018,3.19,Logistic,42.9
txt:consoladate,6,188.83,0.0017,3.6,Logistic,42.9
txt:famous,6,190.0,0.0017,5.93,Logistic,42.9
txt:atomics,6,190.33,0.0018,5.0,Logistic,42.9
txt:general atomics,6,190.33,0.0018,5.0,Logistic,42.9
txt:scripps,6,191.0,0.0016,3.3,Logistic,42.9
txt:cochran,6,194.5,0.0016,4.94,Logistic,42.9
txt:little breathing,6,194.67,0.0019,3.18,Logistic,42.9
txt:mobility,6,195.17,0.0018,2.73,Logistic,42.9
txt:sheet metal,6,199.0,0.0018,3.72,Logistic,42.9
txt:pool pool,6,200.83,0.0016,3.49,Logistic,42.9
txt:morse,6,204.67,0.0016,3.66,Logistic,42.9
txt:consolidation shaw,6,208.33,0.0015,5.47,Logistic,42.9
txt:consolidation walmart,6,208.5,0.0017,5.41,Logistic,42.9
txt:solomon,6,208.5,0.0015,5.31,Logistic,42.9
txt:kendall,6,210.67,0.0016,4.13,Logistic,42.9
txt:ann,6,214.83,0.0017,3.39,Logistic,42.9
txt:meal,6,215.0,0.0017,2.45,Logistic,42.9
txt:consolidation hope,6,215.67,0.0014,7.79,Logistic,42.9
txt:burger king,6,221.67,0.0014,4.05,Logistic,42.9
txt:pretty good,6,227.17,0.0018,2.11,Logistic,42.9
txt:maintained good,6,227.83,0.0016,4.48,Logistic,42.9
txt:consolidation ups,6,232.33,0.0017,3.45,Logistic,42.9
txt:lower intrest,6,234.67,0.0017,2.44,Logistic,42.9
txt:history paid,6,236.17,0.0017,2.84,Logistic,42.9
txt:pay hospital,6,239.0,0.0015,3.06,Logistic,42.9
txt:fix thing,6,244.0,0.0014,8.83,Logistic,42.9
txt:consolidation vision,6,244.33,0.0014,6.21,Logistic,42.9
txt:gaining,6,250.17,0.0016,3.69,Logistic,42.9
txt:personal debt,6,254.67,0.0016,1.45,Logistic,42.9
txt:debt consalidation,6,266.0,0.0015,3.6,Logistic,42.9
txt:superstore,6,268.5,0.0013,5.26,Logistic,42.9
txt:going vacation,6,284.0,0.0012,3.86,Logistic,42.9
txt:baking,6,284.67,0.0012,4.02,Logistic,42.9
txt:vaction,6,287.0,0.0013,3.18,Logistic,42.9
txt:consolidation kaiser,6,293.33,0.0014,3.08,Logistic,42.9
txt:airtran,6,299.33,0.0012,6.23,Logistic,42.9
txt:tarp,6,299.83,0.0012,3.88,Logistic,42.9
txt:heritage bank,6,302.33,0.0013,5.39,Logistic,42.9
txt:witch,6,302.67,0.0013,2.56,Logistic,42.9
txt:temporarily,6,305.0,0.0013,2.74,Logistic,42.9
txt:paralegal,6,307.33,0.0013,2.34,Logistic,42.9
txt:gca,6,310.0,0.0011,4.95,Logistic,42.9
txt:car service,6,316.83,0.0011,3.55,Logistic,42.9
txt:looking debt,6,333.0,0.0012,1.69,Logistic,42.9
txt:audio visual,6,334.83,0.0011,3.07,Logistic,42.9
txt:new start,6,335.33,0.0011,2.61,Logistic,42.9
txt:year account,6,343.17,0.0012,3.86,Logistic,42.9
txt:debt closing,6,344.5,0.001,3.04,Logistic,42.9
txt:federal gov,6,347.83,0.0012,2.28,Logistic,42.9
txt:bellevue,6,363.5,0.0011,4.31,Logistic,42.9
txt:pay book,6,364.5,0.001,3.31,Logistic,42.9
txt:irs credit,6,370.67,0.0011,2.61,Logistic,42.9
txt:ankle,6,373.17,0.0009,3.69,Logistic,42.9
txt:booming,6,374.17,0.001,2.62,Logistic,42.9
txt:treat,6,375.17,0.0009,3.16,Logistic,42.9
txt:debt consoldiation,6,377.83,0.0009,5.0,Logistic,42.9
txt:pay getting,6,408.0,0.001,3.63,Logistic,42.9
txt:year son,6,408.67,0.001,2.53,Logistic,42.9
txt:vacation year,6,425.67,0.0008,3.15,Logistic,42.9
txt:mushroom,6,430.17,0.0008,4.91,Logistic,42.9
txt:house company,6,433.17,0.0009,3.74,Logistic,42.9
txt:ddi,6,435.0,0.0008,4.26,Logistic,42.9
txt:body work,6,448.17,0.0009,2.47,Logistic,42.9
txt:recover,6,467.67,0.0007,2.02,Logistic,42.9
txt:emergency use,6,480.0,0.0007,2.44,Logistic,42.9
txt:excited started,6,532.83,0.0005,3.99,Logistic,42.9
txt:volunteer work,6,558.5,0.0004,3.19,Logistic,42.9
txt:logo,6,559.17,0.0004,4.36,Logistic,42.9
txt:school,5,2.4,0.0139,4.04,Logistic,35.7
txt:student,5,3.2,0.0075,1.37,Logistic,35.7
txt:water,5,20.4,0.0046,1.3,Logistic,35.7
txt:daughter,5,24.4,0.0044,1.51,Logistic,35.7
txt:brother,5,29.6,0.0042,1.46,Logistic,35.7
txt:change,5,31.0,0.0042,2.44,Logistic,35.7
txt:state university,5,41.0,0.0043,4.36,Logistic,35.7
txt:kid,5,49.6,0.0035,2.49,Logistic,35.7
txt:saver,5,53.2,0.0038,6.51,Logistic,35.7
txt:golf,5,60.0,0.0032,2.26,Logistic,35.7
txt:alot,5,64.6,0.0032,2.4,Logistic,35.7
txt:shaw,5,70.6,0.0031,2.65,Logistic,35.7
txt:commercial,5,78.2,0.0029,3.35,Logistic,35.7
txt:card rate,5,79.2,0.0029,3.55,Logistic,35.7
txt:beautiful,5,80.4,0.0029,2.63,Logistic,35.7
txt:paychex,5,80.6,0.0029,4.52,Logistic,35.7
txt:debt consildation,5,95.8,0.0027,5.36,Logistic,35.7
txt:aunt,5,97.0,0.0027,3.32,Logistic,35.7
txt:accenture,5,104.0,0.0025,2.56,Logistic,35.7
txt:cargill,5,111.8,0.0022,3.5,Logistic,35.7
txt:post office,5,115.6,0.0024,2.3,Logistic,35.7
txt:inground,5,120.6,0.0021,3.07,Logistic,35.7
txt:bailout,5,121.4,0.0022,4.84,Logistic,35.7
txt:michael,5,122.0,0.0023,3.11,Logistic,35.7
txt:personal department,5,123.2,0.0021,4.16,Logistic,35.7
txt:clothing,5,123.6,0.0021,4.04,Logistic,35.7
txt:highland,5,125.8,0.0023,3.8,Logistic,35.7
txt:select,5,127.6,0.0026,2.49,Logistic,35.7
txt:pratt,5,131.4,0.0022,4.12,Logistic,35.7
txt:car walmart,5,134.8,0.0022,3.76,Logistic,35.7
txt:university colorado,5,138.6,0.0022,3.12,Logistic,35.7
txt:alorica,5,139.4,0.0019,9.82,Logistic,35.7
txt:behavioral health,5,140.8,0.0021,3.73,Logistic,35.7
txt:dyncorp international,5,144.4,0.002,4.17,Logistic,35.7
txt:hyatt,5,150.6,0.0024,2.28,Logistic,35.7
txt:consildation,5,153.4,0.0024,4.54,Logistic,35.7
txt:receive fund,5,155.2,0.0022,2.36,Logistic,35.7
txt:pay payment,5,162.6,0.0022,2.24,Logistic,35.7
txt:great debt,5,163.0,0.0022,2.15,Logistic,35.7
txt:consolidation hudson,5,166.4,0.0017,6.93,Logistic,35.7
txt:aegis,5,167.8,0.0019,2.6,Logistic,35.7
txt:consolitation,5,171.6,0.0021,4.14,Logistic,35.7
txt:exterminator,5,180.8,0.0016,7.5,Logistic,35.7
txt:publix,5,181.0,0.0016,3.06,Logistic,35.7
txt:paid high,5,185.2,0.0019,3.12,Logistic,35.7
txt:needing consolidate,5,186.6,0.0019,3.97,Logistic,35.7
txt:midas,5,189.2,0.0016,5.96,Logistic,35.7
txt:consolidation mta,5,189.8,0.0016,6.56,Logistic,35.7
txt:blockbuster,5,191.6,0.0016,4.66,Logistic,35.7
txt:start,5,199.6,0.002,4.35,Logistic,35.7
txt:porter,5,199.8,0.0016,4.13,Logistic,35.7
txt:consolidation prince,5,201.8,0.0015,5.69,Logistic,35.7
txt:rate credit,5,203.4,0.002,4.51,Logistic,35.7
txt:lens,5,206.0,0.0018,2.08,Logistic,35.7
txt:barrel,5,209.4,0.0016,3.14,Logistic,35.7
txt:consolidation air,5,213.8,0.0016,3.04,Logistic,35.7
txt:shop rite,5,215.2,0.0014,4.42,Logistic,35.7
txt:cosolidate,5,220.2,0.0017,3.75,Logistic,35.7
txt:shelly,5,223.0,0.0014,3.58,Logistic,35.7
txt:blessed,5,228.6,0.0017,2.07,Logistic,35.7
txt:state prison,5,234.6,0.0014,3.54,Logistic,35.7
txt:pay ahead,5,236.0,0.0017,1.68,Logistic,35.7
txt:sheet,5,238.2,0.0016,2.53,Logistic,35.7
txt:sailing,5,242.2,0.0014,3.69,Logistic,35.7
txt:debt consolitation,5,244.2,0.0014,4.33,Logistic,35.7
txt:american airline,5,245.2,0.0016,3.31,Logistic,35.7
txt:sprint,5,248.8,0.0019,1.95,Logistic,35.7
txt:knowledge,5,249.0,0.0016,2.17,Logistic,35.7
txt:lifesaver,5,250.2,0.0013,4.27,Logistic,35.7
txt:flex,5,253.2,0.0015,2.8,Logistic,35.7
txt:rate job,5,254.0,0.0016,2.33,Logistic,35.7
txt:payment rent,5,255.6,0.0016,2.21,Logistic,35.7
txt:affordable debt,5,255.8,0.0012,5.11,Logistic,35.7
txt:scottsdale,5,261.0,0.0014,3.71,Logistic,35.7
txt:money way,5,267.4,0.0015,2.47,Logistic,35.7
txt:barker,5,269.0,0.0012,6.24,Logistic,35.7
txt:business start,5,269.4,0.0012,3.39,Logistic,35.7
txt:walsh,5,277.6,0.0012,5.89,Logistic,35.7
txt:surgery center,5,279.6,0.0015,3.55,Logistic,35.7
txt:functional,5,282.4,0.0014,2.19,Logistic,35.7
txt:abramson,5,282.6,0.0011,14.51,Logistic,35.7
txt:crdit card,5,286.6,0.0013,2.89,Logistic,35.7
txt:able budget,5,286.8,0.0015,1.66,Logistic,35.7
txt:crdit,5,288.8,0.0013,2.84,Logistic,35.7
txt:help right,5,289.4,0.0013,3.53,Logistic,35.7
txt:west marine,5,289.8,0.0013,3.97,Logistic,35.7
txt:moved apartment,5,292.0,0.0014,2.08,Logistic,35.7
txt:household bank,5,296.8,0.0013,2.8,Logistic,35.7
txt:auto center,5,301.8,0.0011,4.94,Logistic,35.7
txt:trip europe,5,304.8,0.0011,6.52,Logistic,35.7
txt:know debt,5,307.8,0.0012,2.67,Logistic,35.7
txt:really payment,5,308.8,0.0012,3.74,Logistic,35.7
txt:junior,5,311.4,0.0013,2.26,Logistic,35.7
txt:improvement good,5,311.6,0.0011,4.53,Logistic,35.7
txt:ace hardware,5,322.2,0.0012,3.8,Logistic,35.7
txt:way work,5,326.0,0.0013,2.74,Logistic,35.7
txt:accomplish,5,332.8,0.0012,1.26,Logistic,35.7
txt:singer,5,344.4,0.0012,2.64,Logistic,35.7
txt:card trip,5,344.6,0.001,5.29,Logistic,35.7
txt:fulfill,5,350.0,0.0013,3.17,Logistic,35.7
txt:monthly payment,5,353.2,0.0014,2.56,Logistic,35.7
txt:card hsbc,5,363.8,0.0011,3.13,Logistic,35.7
txt:refer,5,364.0,0.0012,1.6,Logistic,35.7
txt:consolidate debt,5,364.8,0.0009,3.38,Logistic,35.7
txt:pay funeral,5,366.6,0.001,3.04,Logistic,35.7
txt:online business,5,366.8,0.0009,4.42,Logistic,35.7
txt:job decent,5,367.4,0.0011,2.45,Logistic,35.7
txt:email bank,5,371.2,0.0011,2.08,Logistic,35.7
txt:house hold,5,373.0,0.0011,5.26,Logistic,35.7
txt:month installment,5,373.0,0.0009,4.96,Logistic,35.7
txt:recreation,5,374.2,0.0012,1.96,Logistic,35.7
txt:credti,5,379.0,0.0009,4.13,Logistic,35.7
txt:league,5,384.4,0.001,1.94,Logistic,35.7
txt:exsisting,5,385.6,0.0009,4.38,Logistic,35.7
txt:hot tub,5,386.8,0.0009,3.91,Logistic,35.7
txt:upcoming winter,5,390.4,0.0009,3.99,Logistic,35.7
txt:grace,5,390.6,0.001,2.27,Logistic,35.7
txt:morongo casino,5,392.2,0.0009,5.61,Logistic,35.7
txt:investor pay,5,401.8,0.001,2.75,Logistic,35.7
txt:city board,5,402.2,0.0009,4.35,Logistic,35.7
txt:currently job,5,404.0,0.001,1.55,Logistic,35.7
txt:public record,5,427.0,0.0009,1.74,Logistic,35.7
txt:used paid,5,431.2,0.0009,3.63,Logistic,35.7
txt:food debt,5,433.0,0.0009,2.89,Logistic,35.7
txt:transplant,5,435.4,0.0009,2.14,Logistic,35.7
txt:holiday expense,5,439.4,0.0008,4.32,Logistic,35.7
txt:reason high,5,441.8,0.0008,2.78,Logistic,35.7
txt:jus,5,447.4,0.0007,6.03,Logistic,35.7
txt:help lot,5,452.2,0.0008,1.97,Logistic,35.7
txt:lakewood,5,452.4,0.0008,3.56,Logistic,35.7
txt:deal money,5,456.6,0.0008,2.43,Logistic,35.7
txt:track consolidation,5,459.0,0.0008,2.37,Logistic,35.7
txt:debt trouble,5,460.8,0.0007,3.67,Logistic,35.7
txt:social worker,5,470.6,0.0007,3.21,Logistic,35.7
txt:payment business,5,477.0,0.0007,2.71,Logistic,35.7
txt:everyday life,5,487.2,0.0006,3.95,Logistic,35.7
txt:given chance,5,502.4,0.0006,3.91,Logistic,35.7
txt:late plan,5,513.2,0.0006,2.71,Logistic,35.7
txt:total total,5,524.2,0.0006,2.98,Logistic,35.7
txt:consolidation monterey,5,527.2,0.0005,4.53,Logistic,35.7
txt:impacting,5,538.0,0.0005,3.5,Logistic,35.7
txt:help mother,5,545.0,0.0004,2.13,Logistic,35.7
txt:cheney,5,560.4,0.0004,3.76,Logistic,35.7
txt:balance,4,13.0,0.0064,2.53,Logistic,28.6
txt:save money,4,18.25,0.0049,1.48,Logistic,28.6
txt:son,4,21.5,0.0046,1.26,Logistic,28.6
txt:global,4,27.5,0.0045,2.03,Logistic,28.6
txt:quality,4,29.75,0.0044,1.89,Logistic,28.6
txt:marine,4,30.0,0.0042,1.99,Logistic,28.6
txt:isd,4,34.25,0.0048,3.57,Logistic,28.6
txt:technology,4,35.0,0.0052,2.95,Logistic,28.6
txt:finish,4,39.25,0.0039,2.01,Logistic,28.6
txt:product,4,41.75,0.0038,2.55,Logistic,28.6
txt:postal,4,49.0,0.0039,6.32,Logistic,28.6
txt:help save,4,59.5,0.0034,2.23,Logistic,28.6
txt:cablevision,4,62.25,0.0032,2.66,Logistic,28.6
txt:pay faster,4,63.5,0.0033,1.19,Logistic,28.6
txt:credit consolidation,4,71.0,0.0033,1.44,Logistic,28.6
txt:hopefully,4,72.0,0.0032,1.87,Logistic,28.6
txt:clark,4,72.25,0.0031,3.2,Logistic,28.6
txt:great credit,4,77.0,0.003,1.44,Logistic,28.6
txt:apr credit,4,80.5,0.0028,2.99,Logistic,28.6
txt:pay medical,4,80.75,0.0031,2.79,Logistic,28.6
txt:cpa,4,90.0,0.0028,1.28,Logistic,28.6
txt:urban,4,90.75,0.0027,3.86,Logistic,28.6
txt:whitney,4,91.0,0.0026,4.36,Logistic,28.6
txt:productive,4,92.5,0.0027,2.77,Logistic,28.6
txt:caught,4,93.25,0.0026,3.99,Logistic,28.6
txt:refinancing,4,96.5,0.0031,2.96,Logistic,28.6
txt:warner,4,96.5,0.0027,1.85,Logistic,28.6
txt:zone,4,100.0,0.0027,2.8,Logistic,28.6
txt:wow,4,106.0,0.0026,3.01,Logistic,28.6
txt:lower,4,111.0,0.0027,3.75,Logistic,28.6
txt:payoffbills,4,113.5,0.0023,3.8,Logistic,28.6
txt:pratt whitney,4,114.0,0.0025,5.87,Logistic,28.6
txt:swedish,4,117.25,0.0021,3.26,Logistic,28.6
txt:payer,4,127.5,0.0029,1.9,Logistic,28.6
txt:bed,4,127.75,0.0026,3.68,Logistic,28.6
txt:madison,4,130.0,0.0023,2.58,Logistic,28.6
txt:dress,4,131.0,0.0023,3.03,Logistic,28.6
txt:heritage,4,131.25,0.0025,3.64,Logistic,28.6
txt:disney world,4,135.5,0.0023,3.65,Logistic,28.6
txt:consolodate,4,136.25,0.0022,2.57,Logistic,28.6
txt:circle,4,139.0,0.0023,5.82,Logistic,28.6
txt:bright,4,141.75,0.0022,2.04,Logistic,28.6
txt:music,4,144.75,0.0023,1.46,Logistic,28.6
txt:consolodate debt,4,148.75,0.0023,3.95,Logistic,28.6
txt:plaza,4,157.25,0.002,3.24,Logistic,28.6
txt:sister wedding,4,159.0,0.0022,2.33,Logistic,28.6
txt:supply company,4,159.75,0.0022,2.68,Logistic,28.6
txt:consolidation general,4,160.0,0.0022,2.31,Logistic,28.6
txt:rate paying,4,161.75,0.0022,1.56,Logistic,28.6
txt:crowne,4,164.0,0.0018,3.69,Logistic,28.6
txt:house couple,4,167.25,0.0021,1.64,Logistic,28.6
txt:consolidation john,4,169.0,0.002,2.7,Logistic,28.6
txt:flooring home,4,182.75,0.0017,3.01,Logistic,28.6
txt:sick,4,185.75,0.002,2.14,Logistic,28.6
txt:wisely,4,188.5,0.0021,2.43,Logistic,28.6
txt:money use,4,191.0,0.002,1.67,Logistic,28.6
txt:combine,4,191.75,0.0022,1.61,Logistic,28.6
txt:breathing room,4,194.5,0.0018,2.37,Logistic,28.6
txt:cobalt,4,196.0,0.0015,4.08,Logistic,28.6
txt:improvement general,4,198.25,0.0016,4.48,Logistic,28.6
txt:cedit,4,200.25,0.0018,3.76,Logistic,28.6
txt:lowes,4,200.5,0.0019,3.01,Logistic,28.6
txt:gabriel,4,202.75,0.0017,3.12,Logistic,28.6
txt:inn,4,205.25,0.0019,4.06,Logistic,28.6
txt:consolidation corp,4,205.5,0.0015,5.1,Logistic,28.6
txt:supreme,4,207.5,0.0016,3.95,Logistic,28.6
txt:current debt,4,209.25,0.0019,1.47,Logistic,28.6
txt:update home,4,209.5,0.0017,3.05,Logistic,28.6
txt:henry ford,4,215.5,0.0016,3.01,Logistic,28.6
txt:improvement ups,4,218.25,0.0013,5.47,Logistic,28.6
txt:building company,4,221.5,0.0013,4.96,Logistic,28.6
txt:consolidation aegis,4,222.0,0.0014,5.74,Logistic,28.6
txt:friday,4,223.0,0.0017,2.17,Logistic,28.6
txt:job going,4,224.0,0.0018,1.99,Logistic,28.6
txt:paid payment,4,225.0,0.0015,2.92,Logistic,28.6
txt:chopper,4,228.25,0.0017,3.19,Logistic,28.6
txt:dennys,4,228.25,0.0013,5.62,Logistic,28.6
txt:working capital,4,230.0,0.0013,4.33,Logistic,28.6
txt:bail bond,4,230.75,0.0014,6.28,Logistic,28.6
txt:consolidation tech,4,232.25,0.0014,4.31,Logistic,28.6
txt:hannaford,4,233.0,0.0013,9.15,Logistic,28.6
txt:dart,4,235.5,0.0013,3.44,Logistic,28.6
txt:debt miss,4,239.0,0.0016,4.65,Logistic,28.6
txt:looking reduce,4,240.75,0.0017,2.03,Logistic,28.6
txt:marketplace,4,240.75,0.0014,5.56,Logistic,28.6
txt:whats,4,240.75,0.0017,1.9,Logistic,28.6
txt:card air,4,243.5,0.0012,4.43,Logistic,28.6
txt:mad,4,244.0,0.0015,3.13,Logistic,28.6
txt:consolidation valic,4,249.25,0.0012,8.2,Logistic,28.6
txt:consolidation harbor,4,251.0,0.0013,5.06,Logistic,28.6
txt:pfizer,4,251.75,0.0017,3.6,Logistic,28.6
txt:work needed,4,252.0,0.0016,2.32,Logistic,28.6
txt:seperate,4,253.75,0.0015,2.5,Logistic,28.6
txt:lifespan,4,255.0,0.0012,5.14,Logistic,28.6
txt:ventura,4,255.25,0.0014,3.97,Logistic,28.6
txt:lung,4,256.25,0.0015,2.31,Logistic,28.6
txt:hyatt regency,4,258.5,0.0015,5.28,Logistic,28.6
txt:experis,4,260.5,0.0012,5.29,Logistic,28.6
txt:decoration,4,261.0,0.0013,4.32,Logistic,28.6
txt:consolidation iron,4,263.5,0.0012,3.37,Logistic,28.6
txt:borgata,4,268.75,0.0012,3.63,Logistic,28.6
txt:comprehensive,4,269.25,0.0016,2.17,Logistic,28.6
txt:bower,4,270.25,0.0014,3.96,Logistic,28.6
txt:consolidation usmc,4,271.25,0.0015,3.65,Logistic,28.6
txt:wyckoff,4,277.25,0.0012,7.25,Logistic,28.6
txt:laborer union,4,278.75,0.0011,5.41,Logistic,28.6
txt:secure pay,4,280.25,0.0014,5.28,Logistic,28.6
txt:implement,4,284.5,0.0014,2.14,Logistic,28.6
txt:bright horizon,4,286.75,0.0012,4.28,Logistic,28.6
txt:detroit medical,4,288.5,0.0011,6.63,Logistic,28.6
txt:consolidation kendall,4,293.0,0.0013,2.77,Logistic,28.6
txt:car smaller,4,294.25,0.0011,4.16,Logistic,28.6
txt:belt,4,296.0,0.0014,2.55,Logistic,28.6
txt:risk pay,4,296.75,0.0014,3.15,Logistic,28.6
txt:carpenter,4,297.0,0.0014,1.61,Logistic,28.6
txt:consolidation wal,4,300.5,0.0011,3.92,Logistic,28.6
txt:fastening,4,300.5,0.0011,5.73,Logistic,28.6
txt:consolidate current,4,302.25,0.0014,1.94,Logistic,28.6
txt:amo,4,302.75,0.001,5.75,Logistic,28.6
txt:month advance,4,306.0,0.0013,2.4,Logistic,28.6
txt:consolidation nypd,4,309.25,0.0011,3.7,Logistic,28.6
txt:really work,4,311.0,0.0013,3.41,Logistic,28.6
txt:lieu,4,311.5,0.0013,3.67,Logistic,28.6
txt:signature,4,315.5,0.0014,1.96,Logistic,28.6
txt:consolidation publix,4,316.5,0.001,4.93,Logistic,28.6
txt:reddy,4,319.0,0.001,5.54,Logistic,28.6
txt:used wedding,4,319.25,0.0013,1.75,Logistic,28.6
txt:consolidation service,4,322.75,0.0012,3.1,Logistic,28.6
txt:consolidation hill,4,323.5,0.0012,2.89,Logistic,28.6
txt:declared,4,326.5,0.0013,1.74,Logistic,28.6
txt:pay plus,4,327.25,0.0011,4.35,Logistic,28.6
txt:medical leave,4,330.5,0.0011,2.68,Logistic,28.6
txt:upgrade kitchen,4,331.0,0.0012,2.61,Logistic,28.6
txt:collapse,4,332.0,0.0012,1.75,Logistic,28.6
txt:year medical,4,335.0,0.0012,2.22,Logistic,28.6
txt:faith,4,338.5,0.0013,1.55,Logistic,28.6
txt:paid rest,4,340.0,0.0012,2.62,Logistic,28.6
txt:price chopper,4,342.75,0.001,3.67,Logistic,28.6
txt:stress free,4,343.5,0.0012,3.06,Logistic,28.6
txt:bel,4,346.0,0.0009,3.83,Logistic,28.6
txt:simpson,4,346.5,0.0011,3.45,Logistic,28.6
txt:advantage tax,4,351.0,0.0011,2.19,Logistic,28.6
txt:job history,4,351.75,0.0012,2.11,Logistic,28.6
txt:baby room,4,352.5,0.0012,1.91,Logistic,28.6
txt:car financing,4,353.0,0.0012,1.28,Logistic,28.6
txt:consolidation frontier,4,354.0,0.001,4.54,Logistic,28.6
txt:custody,4,354.75,0.0012,1.7,Logistic,28.6
txt:tomorrow,4,357.5,0.0011,1.52,Logistic,28.6
txt:card simple,4,360.25,0.0011,2.82,Logistic,28.6
txt:dmv,4,367.5,0.0009,3.49,Logistic,28.6
txt:sick family,4,367.5,0.001,3.62,Logistic,28.6
txt:wife debt,4,373.25,0.0011,1.67,Logistic,28.6
txt:know job,4,374.5,0.0011,1.5,Logistic,28.6
txt:ensure money,4,376.5,0.0011,2.36,Logistic,28.6
txt:senior living,4,379.25,0.0009,2.61,Logistic,28.6
txt:increased credit,4,391.25,0.001,3.41,Logistic,28.6
txt:debt boeing,4,393.25,0.0008,4.17,Logistic,28.6
txt:uncomfortable,4,397.5,0.001,3.35,Logistic,28.6
txt:honored,4,399.25,0.0008,5.0,Logistic,28.6
txt:shannon,4,400.0,0.001,3.01,Logistic,28.6
txt:outcome,4,404.5,0.001,1.69,Logistic,28.6
txt:purchase payoff,4,417.25,0.0008,4.38,Logistic,28.6
txt:tub,4,419.5,0.0008,3.42,Logistic,28.6
txt:life track,4,424.5,0.0009,2.82,Logistic,28.6
txt:consolidation vertex,4,424.75,0.0008,3.82,Logistic,28.6
txt:continue education,4,427.0,0.0009,3.26,Logistic,28.6
txt:properly,4,428.5,0.0009,1.56,Logistic,28.6
txt:credit mean,4,432.0,0.0008,2.72,Logistic,28.6
txt:regent,4,435.5,0.0008,3.04,Logistic,28.6
txt:alittle,4,440.5,0.0009,2.3,Logistic,28.6
txt:schulte,4,442.75,0.0008,3.48,Logistic,28.6
txt:consolidate new,4,445.0,0.0008,3.76,Logistic,28.6
txt:new outlook,4,446.75,0.0007,5.47,Logistic,28.6
txt:shoot,4,448.25,0.0008,1.82,Logistic,28.6
txt:card destroy,4,451.0,0.0008,4.83,Logistic,28.6
txt:sleepys,4,451.0,0.0008,5.04,Logistic,28.6
txt:incur new,4,452.75,0.0007,3.94,Logistic,28.6
txt:exiting,4,455.25,0.0008,3.37,Logistic,28.6
txt:dallas area,4,461.25,0.0007,4.56,Logistic,28.6
txt:schulte roth,4,461.75,0.0007,4.67,Logistic,28.6
txt:taking help,4,461.75,0.0008,2.4,Logistic,28.6
txt:shipbuilding,4,464.5,0.0007,3.58,Logistic,28.6
txt:consolidation hyatt,4,465.0,0.0007,3.33,Logistic,28.6
txt:account late,4,468.0,0.0008,1.22,Logistic,28.6
txt:new property,4,474.0,0.0007,5.0,Logistic,28.6
txt:oil change,4,474.75,0.0008,2.41,Logistic,28.6
txt:utility month,4,475.0,0.0007,2.95,Logistic,28.6
txt:beaverton,4,478.0,0.0008,2.01,Logistic,28.6
txt:army,4,485.0,0.0006,3.99,Logistic,28.6
txt:venetian,4,488.25,0.0005,1.9,Logistic,28.6
txt:track looking,4,489.25,0.0006,4.2,Logistic,28.6
txt:used needed,4,491.0,0.0007,3.56,Logistic,28.6
txt:went year,4,491.0,0.0007,2.51,Logistic,28.6
txt:medical department,4,493.5,0.0006,3.56,Logistic,28.6
txt:standing account,4,494.5,0.0007,2.99,Logistic,28.6
txt:fargo home,4,502.25,0.0006,2.74,Logistic,28.6
txt:cash vacation,4,503.5,0.0006,3.91,Logistic,28.6
txt:short month,4,508.5,0.0006,2.14,Logistic,28.6
txt:extremly,4,513.25,0.0006,2.94,Logistic,28.6
txt:dsi,4,515.25,0.0006,4.87,Logistic,28.6
txt:remodeling repair,4,522.0,0.0006,3.34,Logistic,28.6
txt:disputed,4,537.75,0.0005,3.52,Logistic,28.6
txt:medical paid,4,540.5,0.0004,2.55,Logistic,28.6
txt:soldier army,4,542.5,0.0005,3.33,Logistic,28.6
txt:aside emergency,4,589.75,0.0002,3.07,Logistic,28.6
txt:year,3,1.33,0.0155,4.45,Logistic,21.4
txt:minimum,3,3.33,0.0078,1.48,Logistic,21.4
txt:district,3,7.33,0.0055,1.27,Logistic,21.4
txt:pay credit,3,11.0,0.0098,4.67,Logistic,21.4
txt:room,3,28.0,0.0048,2.05,Logistic,21.4
txt:missed,3,29.0,0.0052,3.7,Logistic,21.4
txt:nation,3,31.0,0.0046,2.84,Logistic,21.4
txt:fry,3,36.67,0.004,2.76,Logistic,21.4
txt:graduate,3,37.67,0.0044,2.81,Logistic,21.4
txt:pay car,3,52.67,0.0035,3.17,Logistic,21.4
txt:consol,3,54.67,0.0034,1.6,Logistic,21.4
txt:arizona,3,57.67,0.0033,3.17,Logistic,21.4
txt:state california,3,65.0,0.0039,2.29,Logistic,21.4
txt:lone,3,78.33,0.003,4.56,Logistic,21.4
txt:verified,3,78.33,0.0028,2.67,Logistic,21.4
txt:card personal,3,80.33,0.0029,4.99,Logistic,21.4
txt:crew,3,81.0,0.0028,5.03,Logistic,21.4
txt:payoff city,3,81.33,0.0029,2.13,Logistic,21.4
txt:instead,3,85.33,0.0028,3.77,Logistic,21.4
txt:divorce,3,89.33,0.0029,1.31,Logistic,21.4
txt:washer,3,91.0,0.0028,1.55,Logistic,21.4
txt:creditor,3,91.67,0.0026,2.29,Logistic,21.4
txt:concentrate,3,93.0,0.0027,3.03,Logistic,21.4
txt:europe,3,97.67,0.0027,1.99,Logistic,21.4
txt:pay early,3,97.67,0.0028,1.27,Logistic,21.4
txt:question feel,3,97.67,0.0027,1.54,Logistic,21.4
txt:retired,3,98.0,0.0028,2.01,Logistic,21.4
txt:debtcon,3,102.67,0.0025,4.04,Logistic,21.4
txt:lower apr,3,103.67,0.0028,1.7,Logistic,21.4
txt:consoldation,3,104.67,0.0025,2.75,Logistic,21.4
txt:help home,3,105.0,0.0025,3.11,Logistic,21.4
txt:amex,3,105.67,0.0024,4.73,Logistic,21.4
txt:looking forward,3,111.67,0.0026,1.47,Logistic,21.4
txt:family member,3,112.33,0.0026,1.0,Logistic,21.4
txt:prep,3,114.33,0.0025,1.25,Logistic,21.4
txt:previously,3,116.33,0.0026,1.39,Logistic,21.4
txt:track,3,119.67,0.0028,1.6,Logistic,21.4
txt:relocation,3,122.67,0.0027,1.92,Logistic,21.4
txt:affiliated,3,124.67,0.0023,3.04,Logistic,21.4
txt:card repair,3,131.0,0.0019,4.13,Logistic,21.4
txt:north railroad,3,131.33,0.002,5.59,Logistic,21.4
txt:railroad,3,132.0,0.0025,2.53,Logistic,21.4
txt:consolidation costco,3,133.33,0.0023,4.47,Logistic,21.4
txt:trade,3,135.0,0.0024,1.97,Logistic,21.4
txt:online,3,137.33,0.0024,1.37,Logistic,21.4
txt:council,3,138.0,0.0021,3.02,Logistic,21.4
txt:new life,3,138.0,0.0024,1.47,Logistic,21.4
txt:graphic,3,140.0,0.0027,3.91,Logistic,21.4
txt:inova,3,140.0,0.002,3.38,Logistic,21.4
txt:home service,3,144.67,0.0018,5.43,Logistic,21.4
txt:rose,3,149.0,0.0023,3.49,Logistic,21.4
txt:home improve,3,149.33,0.0019,3.23,Logistic,21.4
txt:dish,3,152.0,0.0022,1.63,Logistic,21.4
txt:renovating,3,156.67,0.0022,2.35,Logistic,21.4
txt:solar,3,158.0,0.0021,2.04,Logistic,21.4
txt:worked employer,3,159.33,0.0021,1.68,Logistic,21.4
txt:crystal,3,160.0,0.0017,4.39,Logistic,21.4
txt:liz,3,160.0,0.0022,1.82,Logistic,21.4
txt:state hospital,3,160.0,0.0017,2.96,Logistic,21.4
txt:bath room,3,169.33,0.0017,4.06,Logistic,21.4
txt:outback steakhouse,3,171.33,0.002,1.97,Logistic,21.4
txt:home bank,3,173.67,0.0019,2.27,Logistic,21.4
txt:outback,3,174.33,0.002,1.87,Logistic,21.4
txt:new beginning,3,178.0,0.0019,2.75,Logistic,21.4
txt:discover,3,179.0,0.0017,3.98,Logistic,21.4
txt:higher rate,3,179.0,0.0016,4.48,Logistic,21.4
txt:centinela,3,179.67,0.0016,4.05,Logistic,21.4
txt:department energy,3,180.33,0.0019,3.85,Logistic,21.4
txt:surgeon,3,181.67,0.0019,2.11,Logistic,21.4
txt:card buy,3,183.0,0.0019,2.54,Logistic,21.4
txt:natural gas,3,183.0,0.0021,1.12,Logistic,21.4
txt:vinyl,3,183.0,0.0021,2.59,Logistic,21.4
txt:arc,3,189.67,0.0019,2.31,Logistic,21.4
txt:consolidation quality,3,192.0,0.0017,4.31,Logistic,21.4
txt:card post,3,192.33,0.0016,6.0,Logistic,21.4
txt:care service,3,193.0,0.0015,5.64,Logistic,21.4
txt:shield,3,198.0,0.0019,1.75,Logistic,21.4
txt:consolidation military,3,199.67,0.0014,5.24,Logistic,21.4
txt:telecommunication,3,201.33,0.0015,3.44,Logistic,21.4
txt:central transport,3,201.67,0.0015,11.66,Logistic,21.4
txt:consolidation green,3,202.33,0.0016,3.27,Logistic,21.4
txt:largo,3,205.0,0.0015,3.03,Logistic,21.4
txt:price,3,205.33,0.0025,2.06,Logistic,21.4
txt:vinyl siding,3,207.67,0.0018,2.26,Logistic,21.4
txt:service llc,3,212.67,0.002,2.54,Logistic,21.4
txt:telephone,3,213.0,0.0018,2.14,Logistic,21.4
txt:sun,3,216.0,0.0019,2.29,Logistic,21.4
txt:company business,3,217.0,0.0019,1.38,Logistic,21.4
txt:cbre,3,217.67,0.0015,2.83,Logistic,21.4
txt:battery,3,218.33,0.0016,2.48,Logistic,21.4
txt:american home,3,220.0,0.0017,2.54,Logistic,21.4
txt:light,3,221.0,0.0018,1.45,Logistic,21.4
txt:internal,3,221.67,0.0019,1.28,Logistic,21.4
txt:dept debt,3,222.67,0.0013,4.42,Logistic,21.4
txt:appreciate opportunity,3,224.33,0.0018,1.73,Logistic,21.4
txt:bic,3,224.33,0.0013,5.12,Logistic,21.4
txt:bonus year,3,226.67,0.0018,2.35,Logistic,21.4
txt:consolidation transportation,3,227.67,0.0014,4.89,Logistic,21.4
txt:starting fresh,3,227.67,0.0016,2.62,Logistic,21.4
txt:nova,3,228.67,0.0017,3.65,Logistic,21.4
txt:card finish,3,229.67,0.0017,3.31,Logistic,21.4
txt:consolidation corporation,3,229.67,0.0013,4.67,Logistic,21.4
txt:sce,3,229.67,0.0012,4.81,Logistic,21.4
txt:underground,3,230.67,0.0016,2.47,Logistic,21.4
txt:state post,3,235.67,0.0016,2.2,Logistic,21.4
txt:labcorp,3,236.0,0.0014,4.65,Logistic,21.4
txt:callaway,3,236.33,0.0013,11.74,Logistic,21.4
txt:higher,3,236.67,0.0019,6.02,Logistic,21.4
txt:body,3,237.67,0.0017,2.8,Logistic,21.4
txt:used finish,3,238.0,0.0017,1.79,Logistic,21.4
txt:southwest airline,3,239.0,0.0017,1.4,Logistic,21.4
txt:souther,3,240.0,0.0012,5.88,Logistic,21.4
txt:expense personal,3,241.33,0.0017,2.84,Logistic,21.4
txt:bail,3,242.0,0.0015,2.48,Logistic,21.4
txt:catering,3,242.33,0.0017,1.69,Logistic,21.4
txt:catch,3,245.67,0.0017,1.59,Logistic,21.4
txt:story consolidation,3,247.33,0.0013,3.26,Logistic,21.4
txt:vicious,3,250.67,0.0017,1.8,Logistic,21.4
txt:richard,3,255.33,0.0015,2.85,Logistic,21.4
txt:dunkin donut,3,255.67,0.0014,2.73,Logistic,21.4
txt:blue sky,3,256.0,0.0015,4.08,Logistic,21.4
txt:finacial,3,257.0,0.0012,2.93,Logistic,21.4
txt:iron mountain,3,257.0,0.0015,1.86,Logistic,21.4
txt:calif,3,257.33,0.0015,3.6,Logistic,21.4
txt:year secure,3,259.67,0.0017,2.16,Logistic,21.4
txt:bond,3,261.33,0.0014,2.09,Logistic,21.4
txt:consolidation howard,3,261.33,0.0014,3.75,Logistic,21.4
txt:debt finance,3,261.67,0.0015,3.09,Logistic,21.4
txt:history job,3,263.0,0.0015,2.63,Logistic,21.4
txt:credit builder,3,263.33,0.0013,4.25,Logistic,21.4
txt:carolina,3,263.67,0.0017,2.18,Logistic,21.4
txt:payoff premier,3,264.67,0.0011,5.97,Logistic,21.4
txt:looking obtain,3,265.0,0.0016,1.45,Logistic,21.4
txt:buddy,3,266.33,0.0013,4.38,Logistic,21.4
txt:nco,3,268.33,0.0014,4.32,Logistic,21.4
txt:consolidation michael,3,269.0,0.0011,3.7,Logistic,21.4
txt:consolidation scripps,3,270.33,0.0013,5.25,Logistic,21.4
txt:paying rate,3,275.0,0.0015,1.53,Logistic,21.4
txt:consolidation macy,3,276.33,0.0013,2.86,Logistic,21.4
txt:wedding help,3,276.67,0.0013,3.78,Logistic,21.4
txt:jefferson county,3,277.67,0.0014,2.1,Logistic,21.4
txt:debt medical,3,279.33,0.0015,2.18,Logistic,21.4
txt:bagel,3,281.67,0.0013,4.94,Logistic,21.4
txt:trucking,3,282.33,0.0017,2.37,Logistic,21.4
txt:food city,3,284.67,0.0011,8.49,Logistic,21.4
txt:circus,3,285.0,0.0011,6.09,Logistic,21.4
txt:inch,3,285.33,0.0014,1.79,Logistic,21.4
txt:reunion,3,288.33,0.0014,1.72,Logistic,21.4
txt:sister,3,290.67,0.0015,1.58,Logistic,21.4
txt:deco,3,291.33,0.0011,4.76,Logistic,21.4
txt:keiser,3,293.67,0.0011,3.84,Logistic,21.4
txt:county ventura,3,294.67,0.0011,5.11,Logistic,21.4
txt:garda,3,295.67,0.0012,2.97,Logistic,21.4
txt:treasure,3,299.67,0.0011,5.87,Logistic,21.4
txt:home fixing,3,300.0,0.001,4.3,Logistic,21.4
txt:payoff army,3,305.33,0.0011,3.96,Logistic,21.4
txt:fulcrum,3,307.0,0.001,5.29,Logistic,21.4
txt:consalidation,3,308.33,0.0014,2.34,Logistic,21.4
txt:tempe,3,308.33,0.0012,2.8,Logistic,21.4
txt:fund new,3,309.0,0.0013,2.37,Logistic,21.4
txt:fitch,3,309.67,0.0014,1.97,Logistic,21.4
txt:week ago,3,309.67,0.0014,1.48,Logistic,21.4
txt:home monthly,3,313.33,0.0014,1.65,Logistic,21.4
txt:freedom united,3,313.67,0.0011,5.45,Logistic,21.4
txt:consolidation power,3,314.0,0.0012,3.58,Logistic,21.4
txt:hra,3,315.0,0.0011,3.56,Logistic,21.4
txt:pay care,3,315.33,0.0013,2.99,Logistic,21.4
txt:consolidation harrahs,3,317.0,0.001,6.34,Logistic,21.4
txt:kept,3,318.33,0.0013,1.14,Logistic,21.4
txt:phoebe,3,319.67,0.0011,3.89,Logistic,21.4
txt:securitas,3,320.0,0.0012,2.82,Logistic,21.4
txt:transcription,3,321.0,0.001,5.06,Logistic,21.4
txt:consolidation specialty,3,321.33,0.001,3.43,Logistic,21.4
txt:violence,3,322.67,0.001,3.48,Logistic,21.4
txt:wested,3,323.0,0.0011,3.37,Logistic,21.4
txt:allowing pay,3,326.67,0.0013,2.24,Logistic,21.4
txt:consolidation securitas,3,327.67,0.001,6.15,Logistic,21.4
txt:morongo,3,329.0,0.001,4.33,Logistic,21.4
txt:plan consolidating,3,329.33,0.0013,2.13,Logistic,21.4
txt:powered,3,329.33,0.001,3.16,Logistic,21.4
txt:car replace,3,331.0,0.0012,3.38,Logistic,21.4
txt:blossom,3,334.33,0.001,8.33,Logistic,21.4
txt:brevard,3,335.0,0.001,3.9,Logistic,21.4
txt:debt ernst,3,335.0,0.0009,3.74,Logistic,21.4
txt:year bonus,3,337.67,0.0013,1.77,Logistic,21.4
txt:satisfy,3,338.0,0.0012,2.48,Logistic,21.4
txt:usaid,3,347.0,0.0009,4.64,Logistic,21.4
txt:ease use,3,347.67,0.0011,2.28,Logistic,21.4
txt:work going,3,349.67,0.0012,1.63,Logistic,21.4
txt:support far,3,350.0,0.0012,2.19,Logistic,21.4
txt:period credit,3,350.33,0.0012,2.35,Logistic,21.4
txt:ohl,3,350.67,0.0009,4.03,Logistic,21.4
txt:cut monthly,3,352.0,0.0012,2.12,Logistic,21.4
txt:breath easier,3,353.67,0.0009,5.35,Logistic,21.4
txt:airtran airway,3,358.0,0.001,5.22,Logistic,21.4
txt:credit income,3,359.0,0.0011,1.95,Logistic,21.4
txt:retina,3,359.33,0.0009,3.17,Logistic,21.4
txt:consolidation wireless,3,360.0,0.0009,5.72,Logistic,21.4
txt:rate come,3,360.33,0.001,3.26,Logistic,21.4
txt:group llp,3,361.0,0.0009,3.41,Logistic,21.4
txt:cty,3,361.67,0.0011,2.68,Logistic,21.4
txt:new shingle,3,361.67,0.0009,4.3,Logistic,21.4
txt:sun casino,3,366.0,0.001,3.58,Logistic,21.4
txt:grand wailea,3,367.0,0.0009,6.22,Logistic,21.4
txt:wailea,3,367.33,0.0009,6.22,Logistic,21.4
txt:freedom department,3,368.33,0.0011,2.16,Logistic,21.4
txt:money doing,3,369.67,0.001,2.63,Logistic,21.4
txt:peace mind,3,372.0,0.0011,1.78,Logistic,21.4
txt:medium network,3,373.0,0.0009,4.35,Logistic,21.4
txt:vacation debt,3,376.0,0.001,3.35,Logistic,21.4
txt:debt increase,3,377.67,0.001,2.26,Logistic,21.4
txt:learned credit,3,382.33,0.0011,1.38,Logistic,21.4
txt:ease financial,3,383.67,0.001,2.42,Logistic,21.4
txt:considerable money,3,384.0,0.0009,2.88,Logistic,21.4
txt:repair vehicle,3,384.0,0.001,2.46,Logistic,21.4
txt:confusing,3,384.33,0.0008,6.11,Logistic,21.4
txt:personal bank,3,384.67,0.001,1.83,Logistic,21.4
txt:business growth,3,385.33,0.001,3.64,Logistic,21.4
txt:consolidation sacramento,3,385.33,0.0009,4.18,Logistic,21.4
txt:sherwin,3,387.33,0.001,2.48,Logistic,21.4
txt:sherwin williams,3,387.67,0.001,2.48,Logistic,21.4
txt:consolidation process,3,389.67,0.0008,3.62,Logistic,21.4
txt:total payment,3,391.0,0.001,1.3,Logistic,21.4
txt:debt reducing,3,391.33,0.0009,2.76,Logistic,21.4
txt:receipt,3,394.0,0.001,1.81,Logistic,21.4
txt:correction center,3,395.0,0.0008,4.48,Logistic,21.4
txt:improvement update,3,396.67,0.0008,3.84,Logistic,21.4
txt:carl,3,397.67,0.001,3.79,Logistic,21.4
txt:card game,3,399.33,0.001,2.25,Logistic,21.4
txt:diagnosed,3,403.67,0.001,1.4,Logistic,21.4
txt:bless,3,404.0,0.001,1.45,Logistic,21.4
txt:expense happy,3,404.33,0.001,2.54,Logistic,21.4
txt:bag,3,405.33,0.001,3.14,Logistic,21.4
txt:funded pay,3,405.33,0.001,1.26,Logistic,21.4
txt:plane,3,406.67,0.001,1.36,Logistic,21.4
txt:provision,3,407.0,0.001,2.85,Logistic,21.4
txt:god bless,3,409.33,0.0009,1.33,Logistic,21.4
txt:possible consolidate,3,410.67,0.0008,3.9,Logistic,21.4
txt:save lower,3,410.67,0.001,2.49,Logistic,21.4
txt:bedroom set,3,411.0,0.0009,3.14,Logistic,21.4
txt:question let,3,412.33,0.001,1.22,Logistic,21.4
txt:tax collector,3,412.67,0.0008,4.49,Logistic,21.4
txt:island home,3,414.0,0.0008,5.29,Logistic,21.4
txt:mission hospital,3,414.0,0.0009,3.95,Logistic,21.4
txt:accomplish goal,3,415.33,0.0009,1.28,Logistic,21.4
txt:payment freedom,3,415.33,0.0009,2.74,Logistic,21.4
txt:compact,3,416.0,0.0009,2.15,Logistic,21.4
txt:year thing,3,417.67,0.0009,2.02,Logistic,21.4
txt:production service,3,418.33,0.0008,2.83,Logistic,21.4
txt:charity,3,419.0,0.001,1.52,Logistic,21.4
txt:company plus,3,419.33,0.0009,2.04,Logistic,21.4
txt:link,3,419.33,0.0009,2.31,Logistic,21.4
txt:budget help,3,422.67,0.0009,2.66,Logistic,21.4
txt:canal,3,422.67,0.0009,3.58,Logistic,21.4
txt:acct,3,423.67,0.001,2.2,Logistic,21.4
txt:dept navy,3,423.67,0.0009,3.07,Logistic,21.4
txt:credti card,3,424.67,0.0008,4.43,Logistic,21.4
txt:flooring house,3,428.67,0.0007,3.54,Logistic,21.4
txt:debt creditor,3,430.0,0.0008,3.18,Logistic,21.4
txt:home looking,3,431.33,0.0009,2.29,Logistic,21.4
txt:paying right,3,435.33,0.0009,2.04,Logistic,21.4
txt:bell,3,436.0,0.0009,2.1,Logistic,21.4
txt:month frame,3,436.33,0.0007,3.42,Logistic,21.4
txt:cbi,3,437.0,0.0007,5.39,Logistic,21.4
txt:devil,3,437.0,0.0008,6.04,Logistic,21.4
txt:expressed,3,438.0,0.0008,3.0,Logistic,21.4
txt:help school,3,438.0,0.0009,2.04,Logistic,21.4
txt:payment affordable,3,439.33,0.0009,2.25,Logistic,21.4
txt:consolidation ingram,3,441.0,0.0007,4.41,Logistic,21.4
txt:limestone,3,441.33,0.0007,4.03,Logistic,21.4
txt:year fund,3,442.0,0.0009,1.24,Logistic,21.4
txt:capable repaying,3,442.67,0.0009,1.98,Logistic,21.4
txt:outofdebt,3,444.33,0.0008,3.24,Logistic,21.4
txt:better chance,3,445.67,0.0008,3.59,Logistic,21.4
txt:student student,3,446.33,0.0009,1.44,Logistic,21.4
txt:dad,3,447.33,0.0008,1.27,Logistic,21.4
txt:income problem,3,448.67,0.0008,1.5,Logistic,21.4
txt:month add,3,449.33,0.0008,2.79,Logistic,21.4
txt:consolidation nordstrom,3,450.67,0.0008,4.11,Logistic,21.4
txt:say invested,3,451.33,0.0008,1.39,Logistic,21.4
txt:consolidation nyu,3,453.33,0.0007,4.3,Logistic,21.4
txt:free little,3,453.33,0.0008,3.19,Logistic,21.4
txt:redemption,3,455.67,0.0007,4.86,Logistic,21.4
txt:stress debt,3,455.67,0.0008,3.15,Logistic,21.4
txt:personal load,3,456.33,0.0008,3.71,Logistic,21.4
txt:investor really,3,458.0,0.0008,1.6,Logistic,21.4
txt:month come,3,458.33,0.0008,2.3,Logistic,21.4
txt:idea pay,3,458.67,0.0008,1.98,Logistic,21.4
txt:summer month,3,459.67,0.0008,2.43,Logistic,21.4
txt:cpc logistics,3,460.67,0.0007,3.26,Logistic,21.4
txt:expense dept,3,461.33,0.0008,2.63,Logistic,21.4
txt:payment cost,3,462.33,0.0008,2.42,Logistic,21.4
txt:star card,3,464.0,0.0008,2.84,Logistic,21.4
txt:consolidation wedding,3,464.33,0.0008,2.64,Logistic,21.4
txt:debt question,3,465.67,0.0008,1.55,Logistic,21.4
txt:promise pay,3,467.0,0.0008,1.61,Logistic,21.4
txt:yakima,3,468.67,0.0006,3.52,Logistic,21.4
txt:chop,3,469.33,0.0008,1.47,Logistic,21.4
txt:husband passed,3,469.33,0.0007,5.27,Logistic,21.4
txt:wife daughter,3,469.33,0.0007,3.69,Logistic,21.4
txt:comp,3,470.67,0.0007,1.56,Logistic,21.4
txt:hard establish,3,471.67,0.0007,2.89,Logistic,21.4
txt:rural,3,473.67,0.0007,1.7,Logistic,21.4
txt:amp expense,3,474.67,0.0007,3.84,Logistic,21.4
txt:emergency plan,3,476.0,0.0007,3.04,Logistic,21.4
txt:control plan,3,476.33,0.0006,5.43,Logistic,21.4
txt:investment future,3,476.33,0.0007,1.75,Logistic,21.4
txt:site service,3,480.67,0.0006,4.38,Logistic,21.4
txt:sunrise senior,3,480.67,0.0006,6.63,Logistic,21.4
txt:small thing,3,484.67,0.0007,2.05,Logistic,21.4
txt:past balance,3,486.0,0.0007,2.4,Logistic,21.4
txt:kantar,3,488.0,0.0006,4.35,Logistic,21.4
txt:package,3,488.33,0.0006,1.97,Logistic,21.4
txt:business stable,3,490.0,0.0007,1.86,Logistic,21.4
txt:consolidation physician,3,492.33,0.0006,4.15,Logistic,21.4
txt:card ricoh,3,493.0,0.0006,4.68,Logistic,21.4
txt:concentrate paying,3,493.0,0.0007,1.86,Logistic,21.4
txt:latin,3,494.33,0.0007,3.96,Logistic,21.4
txt:lower debt,3,502.67,0.0006,1.09,Logistic,21.4
txt:small investment,3,502.67,0.0006,1.48,Logistic,21.4
txt:roughly dollar,3,503.0,0.0006,1.58,Logistic,21.4
txt:track money,3,505.0,0.0006,3.49,Logistic,21.4
txt:order good,3,510.0,0.0006,3.4,Logistic,21.4
txt:reliable car,3,510.0,0.0006,1.43,Logistic,21.4
txt:card extra,3,510.67,0.0006,1.76,Logistic,21.4
txt:doing able,3,511.0,0.0006,3.57,Logistic,21.4
txt:dept commerce,3,511.33,0.0006,2.43,Logistic,21.4
txt:consolidation olive,3,513.67,0.0006,3.9,Logistic,21.4
txt:thing help,3,515.67,0.0006,1.79,Logistic,21.4
txt:consolidation sonic,3,522.33,0.0005,4.12,Logistic,21.4
txt:butterfly,3,525.0,0.0006,3.22,Logistic,21.4
txt:debt payment,3,529.33,0.0005,2.85,Logistic,21.4
txt:got really,3,530.67,0.0005,2.76,Logistic,21.4
txt:instead good,3,531.67,0.0006,3.24,Logistic,21.4
txt:farmer insurance,3,536.67,0.0004,1.35,Logistic,21.4
txt:good example,3,536.67,0.0005,4.39,Logistic,21.4
txt:expendable,3,540.0,0.0005,2.42,Logistic,21.4
txt:unexpected personal,3,544.33,0.0005,2.89,Logistic,21.4
txt:changing life,3,554.67,0.0004,3.54,Logistic,21.4
txt:add car,3,559.33,0.0004,3.33,Logistic,21.4
txt:gale,3,581.0,0.0004,4.26,Logistic,21.4
txt:northport,3,581.33,0.0004,6.86,Logistic,21.4
txt:bank,2,2.0,0.0132,3.81,Logistic,14.3
txt:chase,2,5.0,0.0058,1.17,Logistic,14.3
txt:card debt,2,7.0,0.008,2.53,Logistic,14.3
txt:school district,2,13.0,0.0048,1.21,Logistic,14.3
txt:pay,2,15.0,0.0081,3.87,Logistic,14.3
txt:business,2,20.0,0.0069,3.97,Logistic,14.3
txt:service,2,21.5,0.0064,6.45,Logistic,14.3
txt:repair,2,27.5,0.0049,2.4,Logistic,14.3
txt:group,2,28.5,0.0043,1.1,Logistic,14.3
txt:citi,2,32.5,0.004,1.65,Logistic,14.3
txt:lendingclub,2,36.5,0.0041,2.65,Logistic,14.3
txt:care,2,39.0,0.0044,3.02,Logistic,14.3
txt:know,2,41.5,0.0037,1.45,Logistic,14.3
txt:police,2,46.5,0.0035,1.49,Logistic,14.3
txt:dodge,2,47.0,0.0038,1.66,Logistic,14.3
txt:motor,2,47.5,0.0036,1.26,Logistic,14.3
txt:happy,2,48.5,0.0035,1.38,Logistic,14.3
txt:high apr,2,53.0,0.0037,3.47,Logistic,14.3
txt:memorial,2,54.5,0.0034,1.13,Logistic,14.3
txt:date,2,57.5,0.0034,1.98,Logistic,14.3
txt:tree,2,58.5,0.0034,2.11,Logistic,14.3
txt:let know,2,64.0,0.0032,0.89,Logistic,14.3
txt:consolidation university,2,67.5,0.0033,4.01,Logistic,14.3
txt:equity,2,70.0,0.0032,4.04,Logistic,14.3
txt:bank account,2,72.0,0.0028,2.28,Logistic,14.3
txt:condo,2,73.0,0.003,1.13,Logistic,14.3
txt:agency,2,75.0,0.0031,1.32,Logistic,14.3
txt:investor,2,78.5,0.003,1.04,Logistic,14.3
txt:card higher,2,79.5,0.0028,4.43,Logistic,14.3
txt:royal,2,79.5,0.0028,2.75,Logistic,14.3
txt:allstate insurance,2,81.5,0.0029,1.41,Logistic,14.3
txt:debt consilidation,2,85.0,0.0027,3.27,Logistic,14.3
txt:decent,2,85.0,0.003,1.39,Logistic,14.3
txt:harvard,2,86.5,0.0028,1.47,Logistic,14.3
txt:aircraft,2,87.5,0.0028,1.52,Logistic,14.3
txt:nan,2,89.0,0.0029,1.08,Logistic,14.3
txt:natural,2,90.0,0.0029,1.43,Logistic,14.3
txt:consolidation bank,2,91.5,0.0029,1.25,Logistic,14.3
txt:medical debt,2,91.5,0.0025,2.89,Logistic,14.3
txt:virginia beach,2,92.5,0.0027,3.68,Logistic,14.3
txt:cafe,2,94.0,0.0026,2.02,Logistic,14.3
txt:day pay,2,94.0,0.0028,1.29,Logistic,14.3
txt:consolidating credit,2,94.5,0.0027,1.21,Logistic,14.3
txt:working current,2,96.0,0.0028,1.92,Logistic,14.3
txt:hamilton,2,96.5,0.0024,2.48,Logistic,14.3
txt:financing,2,98.0,0.0025,3.55,Logistic,14.3
txt:use proceeds,2,98.5,0.0028,2.0,Logistic,14.3
txt:williams,2,99.0,0.0027,1.24,Logistic,14.3
txt:mastercard,2,100.5,0.0027,1.92,Logistic,14.3
txt:riverside,2,102.0,0.0026,2.46,Logistic,14.3
txt:vacation,2,104.5,0.0033,2.41,Logistic,14.3
txt:cover wedding,2,109.0,0.0024,2.92,Logistic,14.3
txt:stryker,2,109.5,0.0025,2.93,Logistic,14.3
txt:management llc,2,112.0,0.0022,3.73,Logistic,14.3
txt:national grid,2,114.0,0.0024,3.29,Logistic,14.3
txt:lendingclubloan,2,120.0,0.0021,3.54,Logistic,14.3
txt:consolidation pay,2,121.0,0.0025,0.93,Logistic,14.3
txt:grid,2,123.5,0.0025,2.11,Logistic,14.3
txt:metro north,2,124.5,0.002,4.85,Logistic,14.3
txt:continue,2,129.0,0.0025,1.15,Logistic,14.3
txt:talent,2,129.0,0.0023,3.35,Logistic,14.3
txt:adult,2,131.0,0.0024,2.39,Logistic,14.3
txt:card walmart,2,132.5,0.0022,4.39,Logistic,14.3
txt:cook,2,134.0,0.0024,2.47,Logistic,14.3
txt:debtbuster,2,135.0,0.0019,6.01,Logistic,14.3
txt:caremark,2,135.5,0.0023,2.52,Logistic,14.3
txt:pay small,2,139.5,0.0023,2.09,Logistic,14.3
txt:break,2,140.0,0.0023,2.17,Logistic,14.3
txt:creditcardloan,2,140.5,0.0018,4.03,Logistic,14.3
txt:attorney fee,2,146.5,0.0023,3.7,Logistic,14.3
txt:provided,2,151.0,0.0022,1.41,Logistic,14.3
txt:denver,2,151.5,0.0025,2.78,Logistic,14.3
txt:year paid,2,153.0,0.0022,1.06,Logistic,14.3
txt:high,2,153.5,0.0021,4.31,Logistic,14.3
txt:consolidation american,2,154.0,0.0022,2.37,Logistic,14.3
txt:glendale,2,154.5,0.002,5.44,Logistic,14.3
txt:needing,2,155.5,0.0024,0.93,Logistic,14.3
txt:staffing,2,156.0,0.0022,1.15,Logistic,14.3
txt:consolidation trump,2,160.0,0.0017,7.61,Logistic,14.3
txt:electro,2,164.0,0.0018,6.36,Logistic,14.3
txt:crowne plaza,2,164.5,0.0019,3.79,Logistic,14.3
txt:guaranty,2,167.0,0.0017,6.34,Logistic,14.3
txt:listing,2,168.0,0.0022,0.94,Logistic,14.3
txt:temple university,2,169.5,0.0016,4.54,Logistic,14.3
txt:waste management,2,169.5,0.0016,2.92,Logistic,14.3
txt:deloitte,2,170.0,0.0016,3.84,Logistic,14.3
txt:seterus,2,170.5,0.0016,7.84,Logistic,14.3
txt:town,2,170.5,0.0021,0.98,Logistic,14.3
txt:juice,2,171.0,0.002,2.09,Logistic,14.3
txt:spot,2,171.5,0.0021,1.7,Logistic,14.3
txt:iron,2,176.5,0.0021,3.64,Logistic,14.3
txt:begin,2,177.0,0.0021,1.18,Logistic,14.3
txt:casting,2,177.0,0.0018,2.52,Logistic,14.3
txt:builder,2,179.0,0.002,2.5,Logistic,14.3
txt:home update,2,180.5,0.0019,2.25,Logistic,14.3
txt:computer service,2,181.5,0.0019,2.02,Logistic,14.3
txt:coffee,2,182.0,0.0021,2.38,Logistic,14.3
txt:dispatch,2,182.0,0.0019,1.91,Logistic,14.3
txt:arbor,2,183.5,0.0019,2.72,Logistic,14.3
txt:interim,2,183.5,0.0016,3.17,Logistic,14.3
txt:sinai school,2,183.5,0.0018,2.29,Logistic,14.3
txt:jonathan,2,185.0,0.0019,4.66,Logistic,14.3
txt:girl,2,186.5,0.0021,2.11,Logistic,14.3
txt:jasper,2,187.5,0.0015,6.45,Logistic,14.3
txt:helper,2,188.5,0.0019,1.78,Logistic,14.3
txt:sacred,2,188.5,0.0019,1.71,Logistic,14.3
txt:consolidation aim,2,190.0,0.0015,4.52,Logistic,14.3
txt:nephew,2,192.0,0.0018,3.3,Logistic,14.3
txt:combustion,2,192.5,0.0014,10.91,Logistic,14.3
txt:maine,2,193.5,0.0015,3.31,Logistic,14.3
txt:pay wedding,2,194.0,0.002,0.88,Logistic,14.3
txt:cashcall,2,195.5,0.0014,4.73,Logistic,14.3
txt:par,2,195.5,0.0018,2.37,Logistic,14.3
txt:behavioral,2,199.0,0.0017,2.29,Logistic,14.3
txt:machining,2,199.0,0.0014,3.52,Logistic,14.3
txt:payment high,2,199.0,0.0018,1.52,Logistic,14.3
txt:bank pay,2,201.0,0.0017,2.36,Logistic,14.3
txt:gemini,2,201.5,0.0014,3.11,Logistic,14.3
txt:manageable monthly,2,202.5,0.0016,2.85,Logistic,14.3
txt:new heating,2,203.0,0.0018,1.44,Logistic,14.3
txt:roll,2,203.0,0.002,1.79,Logistic,14.3
txt:help help,2,203.5,0.0019,1.54,Logistic,14.3
txt:fiscal,2,204.5,0.0019,1.23,Logistic,14.3
txt:convenience,2,205.5,0.0019,1.3,Logistic,14.3
txt:parish school,2,209.0,0.0018,2.19,Logistic,14.3
txt:adjustment,2,210.0,0.0018,2.97,Logistic,14.3
txt:consolidation army,2,210.0,0.0016,2.69,Logistic,14.3
txt:hour,2,210.0,0.002,1.31,Logistic,14.3
txt:legion,2,210.0,0.0014,7.12,Logistic,14.3
txt:paybills,2,211.5,0.0014,4.9,Logistic,14.3
txt:card faster,2,212.0,0.0018,1.38,Logistic,14.3
txt:credid,2,212.0,0.0014,3.46,Logistic,14.3
txt:terminix,2,216.0,0.0013,6.13,Logistic,14.3
txt:help friend,2,219.0,0.0018,1.99,Logistic,14.3
txt:mission,2,219.5,0.0018,2.43,Logistic,14.3
txt:physician,2,219.5,0.0019,0.85,Logistic,14.3
txt:wildwood,2,220.0,0.0013,7.13,Logistic,14.3
txt:utilize,2,220.5,0.0018,1.01,Logistic,14.3
txt:consolidation irs,2,224.5,0.0013,4.08,Logistic,14.3
txt:stillwater,2,225.0,0.0013,4.62,Logistic,14.3
txt:consolidation cracker,2,225.5,0.0013,9.05,Logistic,14.3
txt:card moving,2,226.0,0.0016,2.59,Logistic,14.3
txt:payment day,2,226.0,0.0018,1.12,Logistic,14.3
txt:payment significantly,2,228.0,0.0015,2.9,Logistic,14.3
txt:coordinator,2,228.5,0.0018,1.41,Logistic,14.3
txt:irvine,2,230.0,0.0017,1.87,Logistic,14.3
txt:new look,2,230.0,0.0016,2.1,Logistic,14.3
txt:glass,2,230.5,0.0019,1.8,Logistic,14.3
txt:car refinance,2,231.0,0.0017,1.5,Logistic,14.3
txt:putting new,2,231.0,0.0015,3.13,Logistic,14.3
txt:month instead,2,231.5,0.0018,1.64,Logistic,14.3
txt:dtcc,2,232.0,0.0013,5.81,Logistic,14.3
txt:terrace,2,232.5,0.0015,2.65,Logistic,14.3
txt:use buy,2,232.5,0.0018,1.64,Logistic,14.3
txt:consolidation class,2,233.5,0.0013,10.47,Logistic,14.3
txt:destroy,2,233.5,0.0014,3.52,Logistic,14.3
txt:major debt,2,236.0,0.0018,1.27,Logistic,14.3
txt:payment month,2,236.5,0.0012,3.17,Logistic,14.3
txt:acre,2,237.0,0.0017,1.43,Logistic,14.3
txt:consolidation sra,2,238.5,0.0014,3.93,Logistic,14.3
txt:palm,2,241.0,0.0016,2.62,Logistic,14.3
txt:consolidation pratt,2,243.5,0.0014,4.76,Logistic,14.3
txt:sensor,2,243.5,0.0014,3.34,Logistic,14.3
txt:pain,2,246.0,0.0019,1.48,Logistic,14.3
txt:guitar,2,247.0,0.0015,2.49,Logistic,14.3
txt:development company,2,248.0,0.0017,1.4,Logistic,14.3
txt:consolidation savannah,2,251.0,0.0012,6.63,Logistic,14.3
txt:lsi,2,251.0,0.0013,4.85,Logistic,14.3
txt:job worked,2,251.5,0.0016,1.12,Logistic,14.3
txt:low overhead,2,252.0,0.0017,2.06,Logistic,14.3
txt:purchase dodge,2,252.0,0.0015,2.95,Logistic,14.3
txt:foundry,2,252.5,0.0016,2.82,Logistic,14.3
txt:dear lender,2,253.5,0.0017,2.33,Logistic,14.3
txt:buffalo,2,255.0,0.0015,2.16,Logistic,14.3
txt:lubricant,2,255.5,0.0011,4.75,Logistic,14.3
txt:year payoff,2,255.5,0.0016,1.58,Logistic,14.3
txt:height,2,256.5,0.0017,1.38,Logistic,14.3
txt:survive,2,257.5,0.0015,1.51,Logistic,14.3
txt:consolidation eye,2,258.0,0.0011,4.44,Logistic,14.3
txt:pastry,2,258.5,0.0013,4.21,Logistic,14.3
txt:truckload,2,261.0,0.0011,6.75,Logistic,14.3
txt:mercy hospital,2,261.5,0.0014,2.85,Logistic,14.3
txt:catholic,2,262.0,0.0016,1.62,Logistic,14.3
txt:union bank,2,262.5,0.0014,2.31,Logistic,14.3
txt:pay creditcards,2,263.5,0.0011,4.89,Logistic,14.3
txt:establishing,2,264.5,0.0016,2.17,Logistic,14.3
txt:consolidation child,2,265.5,0.0015,4.24,Logistic,14.3
txt:hello help,2,266.5,0.0016,1.23,Logistic,14.3
txt:bidding,2,267.5,0.0016,1.03,Logistic,14.3
txt:home buy,2,267.5,0.0015,3.32,Logistic,14.3
txt:consolidation ferguson,2,268.0,0.0011,4.67,Logistic,14.3
txt:solver,2,268.5,0.0011,6.76,Logistic,14.3
txt:workforce,2,269.0,0.0015,2.22,Logistic,14.3
txt:card food,2,270.0,0.0014,3.3,Logistic,14.3
txt:consolidation special,2,270.0,0.0012,5.5,Logistic,14.3
txt:audio,2,271.0,0.0014,2.14,Logistic,14.3
txt:work really,2,271.0,0.0015,1.76,Logistic,14.3
txt:rehabilitation hospital,2,271.5,0.0012,4.49,Logistic,14.3
txt:consolidation omni,2,272.0,0.0012,4.84,Logistic,14.3
txt:trident,2,272.5,0.0013,4.81,Logistic,14.3
txt:card peace,2,273.5,0.0012,3.5,Logistic,14.3
txt:resort spa,2,273.5,0.0013,2.38,Logistic,14.3
txt:electric supply,2,274.5,0.0014,2.38,Logistic,14.3
txt:consolidation vanguard,2,275.0,0.0011,3.96,Logistic,14.3
txt:debt worked,2,276.5,0.0015,1.15,Logistic,14.3
txt:pine,2,277.0,0.0014,2.4,Logistic,14.3
txt:mohegan,2,277.5,0.0014,4.21,Logistic,14.3
txt:having monthly,2,278.0,0.0012,3.27,Logistic,14.3
txt:majestic,2,279.5,0.001,4.23,Logistic,14.3
txt:scana,2,280.0,0.0011,5.14,Logistic,14.3
txt:repair improvement,2,280.5,0.0013,2.25,Logistic,14.3
txt:crane service,2,282.5,0.001,5.62,Logistic,14.3
txt:help payment,2,284.5,0.0014,1.83,Logistic,14.3
txt:shepherd,2,285.0,0.0011,4.48,Logistic,14.3
txt:duck,2,286.0,0.0013,2.1,Logistic,14.3
txt:year know,2,286.5,0.0014,1.36,Logistic,14.3
txt:strategic,2,288.0,0.0015,1.15,Logistic,14.3
txt:cracker barrel,2,290.0,0.0011,3.23,Logistic,14.3
txt:forward working,2,290.0,0.0014,2.5,Logistic,14.3
txt:laurel,2,290.5,0.0012,4.83,Logistic,14.3
txt:manageable debt,2,291.5,0.0013,2.43,Logistic,14.3
txt:microchip,2,291.5,0.001,4.37,Logistic,14.3
txt:stopped,2,291.5,0.0015,1.29,Logistic,14.3
txt:way home,2,291.5,0.0014,3.02,Logistic,14.3
txt:viewing,2,292.5,0.0014,2.41,Logistic,14.3
txt:help funding,2,295.0,0.0015,1.48,Logistic,14.3
txt:international corporation,2,296.0,0.0012,4.26,Logistic,14.3
txt:card plan,2,297.0,0.0015,0.88,Logistic,14.3
txt:murray,2,297.5,0.0012,2.84,Logistic,14.3
txt:ambulance service,2,298.0,0.0013,2.8,Logistic,14.3
txt:start fresh,2,299.0,0.0014,1.24,Logistic,14.3
txt:main financial,2,299.5,0.0013,3.32,Logistic,14.3
txt:appliance new,2,301.0,0.0012,3.17,Logistic,14.3
txt:employer pay,2,301.5,0.0014,1.6,Logistic,14.3
txt:double payment,2,302.0,0.0014,1.94,Logistic,14.3
txt:freedon,2,302.0,0.001,5.7,Logistic,14.3
txt:alpha,2,302.5,0.0013,2.87,Logistic,14.3
txt:mohegan sun,2,302.5,0.0013,3.97,Logistic,14.3
txt:pay history,2,304.0,0.0013,2.43,Logistic,14.3
txt:pay verizon,2,304.0,0.0011,3.72,Logistic,14.3
txt:repayment history,2,304.0,0.0014,1.2,Logistic,14.3
txt:baseball,2,305.0,0.0013,2.79,Logistic,14.3
txt:consolidation harley,2,305.0,0.001,4.04,Logistic,14.3
txt:payoff macys,2,305.0,0.0011,2.86,Logistic,14.3
txt:good risk,2,305.5,0.0014,1.49,Logistic,14.3
txt:use consolidation,2,306.5,0.0012,3.39,Logistic,14.3
txt:debtrelief,2,307.0,0.0012,2.89,Logistic,14.3
txt:personal help,2,307.0,0.0012,2.88,Logistic,14.3
txt:buisness,2,307.5,0.0012,3.01,Logistic,14.3
txt:search,2,308.5,0.0014,2.26,Logistic,14.3
txt:kenneth,2,309.0,0.001,3.74,Logistic,14.3
txt:alcoa fastening,2,309.5,0.001,7.09,Logistic,14.3
txt:shelter,2,311.0,0.0013,1.6,Logistic,14.3
txt:pink,2,312.5,0.0013,2.27,Logistic,14.3
txt:ray,2,314.5,0.0013,1.86,Logistic,14.3
txt:cobham,2,315.0,0.001,4.1,Logistic,14.3
txt:boro,2,316.5,0.001,4.1,Logistic,14.3
txt:closer work,2,316.5,0.0013,2.15,Logistic,14.3
txt:linden,2,316.5,0.001,4.2,Logistic,14.3
txt:room addition,2,316.5,0.0013,1.85,Logistic,14.3
txt:pay vacation,2,319.0,0.001,4.07,Logistic,14.3
txt:rent center,2,323.5,0.0011,2.64,Logistic,14.3
txt:card allied,2,324.0,0.0012,2.11,Logistic,14.3
txt:debt asap,2,324.5,0.0013,1.42,Logistic,14.3
txt:capitol,2,325.5,0.0014,1.79,Logistic,14.3
txt:late account,2,325.5,0.0013,2.53,Logistic,14.3
txt:payment default,2,325.5,0.0013,1.62,Logistic,14.3
txt:thankful help,2,326.0,0.0012,2.63,Logistic,14.3
txt:ymca,2,326.5,0.0013,1.63,Logistic,14.3
txt:new place,2,327.0,0.0013,1.63,Logistic,14.3
txt:help lower,2,328.0,0.0013,1.53,Logistic,14.3
txt:herald,2,328.0,0.001,2.79,Logistic,14.3
txt:responsive,2,329.0,0.0009,5.08,Logistic,14.3
txt:consolidation grace,2,331.0,0.001,3.97,Logistic,14.3
txt:year employed,2,331.0,0.0013,1.65,Logistic,14.3
txt:freight line,2,331.5,0.0012,3.04,Logistic,14.3
txt:consolidation sport,2,332.0,0.0012,2.54,Logistic,14.3
txt:henry,2,332.0,0.0013,1.24,Logistic,14.3
txt:payment medical,2,332.5,0.0013,1.71,Logistic,14.3
txt:burch,2,333.5,0.001,6.93,Logistic,14.3
txt:ford lincoln,2,334.0,0.0009,4.3,Logistic,14.3
txt:shaw group,2,334.5,0.0012,2.17,Logistic,14.3
txt:health center,2,335.0,0.0012,1.45,Logistic,14.3
txt:perform,2,335.5,0.0013,1.36,Logistic,14.3
txt:buffet,2,336.0,0.001,3.84,Logistic,14.3
txt:callaway golf,2,337.0,0.0009,8.17,Logistic,14.3
txt:increase credit,2,337.5,0.0013,1.08,Logistic,14.3
txt:datapipe,2,340.0,0.0009,3.98,Logistic,14.3
txt:fulfillment,2,340.0,0.001,4.38,Logistic,14.3
txt:ranging,2,340.0,0.0012,1.34,Logistic,14.3
txt:single mother,2,340.5,0.0013,1.13,Logistic,14.3
txt:usmc,2,341.0,0.0012,2.11,Logistic,14.3
txt:red,2,341.5,0.0012,1.21,Logistic,14.3
txt:extron electronics,2,343.0,0.0009,5.47,Logistic,14.3
txt:programmer,2,345.0,0.0013,1.21,Logistic,14.3
txt:relocation expense,2,345.0,0.0013,1.59,Logistic,14.3
txt:early year,2,345.5,0.0012,1.27,Logistic,14.3
txt:skill,2,346.5,0.0012,1.15,Logistic,14.3
txt:richemont,2,347.5,0.0009,4.11,Logistic,14.3
txt:consolidation rent,2,348.0,0.001,3.79,Logistic,14.3
txt:plan personal,2,350.0,0.0011,2.59,Logistic,14.3
txt:score goal,2,350.0,0.0011,2.77,Logistic,14.3
txt:consolidation infosys,2,351.5,0.001,4.1,Logistic,14.3
txt:renting home,2,351.5,0.001,4.59,Logistic,14.3
txt:home fix,2,352.5,0.0012,1.36,Logistic,14.3
txt:mta nyct,2,353.5,0.0009,6.67,Logistic,14.3
txt:help catch,2,354.5,0.001,3.07,Logistic,14.3
txt:rug,2,354.5,0.0009,4.3,Logistic,14.3
txt:california state,2,355.0,0.0011,1.73,Logistic,14.3
txt:marino,2,355.0,0.0009,5.02,Logistic,14.3
txt:eliminated,2,356.0,0.0012,1.36,Logistic,14.3
txt:debt add,2,356.5,0.0012,1.23,Logistic,14.3
txt:personal fargo,2,356.5,0.001,2.86,Logistic,14.3
txt:city fort,2,357.5,0.001,2.91,Logistic,14.3
txt:pay capital,2,357.5,0.0011,2.69,Logistic,14.3
txt:tire service,2,357.5,0.0009,4.5,Logistic,14.3
txt:investment home,2,358.0,0.0011,1.93,Logistic,14.3
txt:climb,2,358.5,0.0012,2.03,Logistic,14.3
txt:home good,2,358.5,0.0011,1.9,Logistic,14.3
txt:overwhelmed,2,358.5,0.0011,1.92,Logistic,14.3
txt:physic,2,359.0,0.0011,2.33,Logistic,14.3
txt:trip,2,359.5,0.0012,0.97,Logistic,14.3
txt:money long,2,360.0,0.0011,1.4,Logistic,14.3
txt:bad credit,2,361.0,0.0012,1.59,Logistic,14.3
txt:live debt,2,361.0,0.001,3.05,Logistic,14.3
txt:pay sears,2,361.5,0.001,3.84,Logistic,14.3
txt:visa balance,2,361.5,0.0011,1.72,Logistic,14.3
txt:giving chance,2,362.0,0.0011,1.72,Logistic,14.3
txt:oppurtunity,2,363.0,0.0011,2.17,Logistic,14.3
txt:union job,2,364.5,0.0011,1.95,Logistic,14.3
txt:kraft,2,369.0,0.0011,2.21,Logistic,14.3
txt:year major,2,369.0,0.0011,1.72,Logistic,14.3
txt:bubba,2,371.0,0.0009,3.87,Logistic,14.3
txt:sate,2,371.0,0.0008,6.32,Logistic,14.3
txt:home sale,2,371.5,0.0011,1.29,Logistic,14.3
txt:monthly utility,2,371.5,0.0011,1.97,Logistic,14.3
txt:discover amex,2,372.5,0.001,3.25,Logistic,14.3
txt:farr,2,373.5,0.0008,4.17,Logistic,14.3
txt:good samaritan,2,373.5,0.0011,2.8,Logistic,14.3
txt:samaritan,2,373.5,0.0011,2.8,Logistic,14.3
txt:help given,2,376.0,0.001,2.36,Logistic,14.3
txt:personal use,2,376.0,0.0011,1.36,Logistic,14.3
txt:garbage,2,376.5,0.001,4.3,Logistic,14.3
txt:simi,2,376.5,0.0009,3.76,Logistic,14.3
txt:mgt,2,377.0,0.0009,3.48,Logistic,14.3
txt:payment feel,2,377.0,0.0011,1.37,Logistic,14.3
txt:arena,2,378.0,0.0011,2.53,Logistic,14.3
txt:business future,2,378.0,0.0009,6.65,Logistic,14.3
txt:consolidation paid,2,378.0,0.0011,1.76,Logistic,14.3
txt:omni,2,378.0,0.0011,2.7,Logistic,14.3
txt:expense school,2,378.5,0.0011,1.41,Logistic,14.3
txt:improvement freedom,2,379.5,0.0008,5.07,Logistic,14.3
txt:consolidation temp,2,380.0,0.0008,4.36,Logistic,14.3
txt:join,2,380.0,0.0011,1.34,Logistic,14.3
txt:current income,2,381.0,0.0011,1.28,Logistic,14.3
txt:debt begin,2,382.0,0.0011,1.21,Logistic,14.3
txt:spotlight,2,382.5,0.0008,4.68,Logistic,14.3
txt:fastest,2,383.0,0.0011,2.0,Logistic,14.3
txt:occur,2,385.5,0.0011,1.13,Logistic,14.3
txt:help fresh,2,386.5,0.001,3.13,Logistic,14.3
txt:necessary medical,2,387.0,0.0008,4.82,Logistic,14.3
txt:rate fair,2,387.5,0.001,2.74,Logistic,14.3
txt:fly,2,388.0,0.001,2.12,Logistic,14.3
txt:biils,2,389.5,0.0008,4.32,Logistic,14.3
txt:car getting,2,390.5,0.0011,2.07,Logistic,14.3
txt:finally debt,2,390.5,0.001,2.06,Logistic,14.3
txt:interst,2,390.5,0.0011,1.34,Logistic,14.3
txt:help appreciated,2,391.0,0.0011,1.24,Logistic,14.3
txt:solving,2,391.0,0.0009,3.14,Logistic,14.3
txt:covenant aviation,2,392.0,0.0008,6.58,Logistic,14.3
txt:debt consolidator,2,392.5,0.0011,3.37,Logistic,14.3
txt:way debt,2,393.0,0.001,1.32,Logistic,14.3
txt:belong,2,393.5,0.0011,1.14,Logistic,14.3
txt:consolidation cbre,2,394.0,0.0009,3.8,Logistic,14.3
txt:using lower,2,395.0,0.001,1.64,Logistic,14.3
txt:help needed,2,396.0,0.001,3.65,Logistic,14.3
txt:benihana,2,397.5,0.0008,3.81,Logistic,14.3
txt:payoff verizon,2,397.5,0.0008,4.76,Logistic,14.3
txt:payment creditor,2,399.0,0.001,1.05,Logistic,14.3
txt:shared service,2,399.0,0.0009,2.59,Logistic,14.3
txt:cent store,2,399.5,0.0008,7.31,Logistic,14.3
txt:currently going,2,401.0,0.001,2.51,Logistic,14.3
txt:mastercard visa,2,402.0,0.001,3.09,Logistic,14.3
txt:transportion,2,402.0,0.0009,3.08,Logistic,14.3
txt:debt sprint,2,403.0,0.0008,5.02,Logistic,14.3
txt:help allowing,2,403.5,0.001,2.72,Logistic,14.3
txt:opportunity financial,2,403.5,0.0009,3.14,Logistic,14.3
txt:pizzeria,2,403.5,0.0008,5.15,Logistic,14.3
txt:consolidation heart,2,404.0,0.0008,5.58,Logistic,14.3
txt:gca service,2,404.5,0.0008,8.13,Logistic,14.3
txt:lotus,2,405.0,0.0008,3.61,Logistic,14.3
txt:chesapeake,2,405.5,0.0009,2.77,Logistic,14.3
txt:debt grateful,2,406.0,0.0009,3.38,Logistic,14.3
txt:unwanted,2,406.0,0.0009,2.94,Logistic,14.3
txt:bus line,2,406.5,0.0008,6.7,Logistic,14.3
txt:card little,2,407.0,0.001,1.83,Logistic,14.3
txt:freedom walmart,2,408.0,0.0008,4.2,Logistic,14.3
txt:month compared,2,409.0,0.001,2.64,Logistic,14.3
txt:career year,2,409.5,0.001,1.0,Logistic,14.3
txt:extension,2,410.0,0.001,1.08,Logistic,14.3
txt:consolidation generation,2,410.5,0.0008,5.31,Logistic,14.3
txt:costco,2,411.0,0.001,1.88,Logistic,14.3
txt:past mistake,2,411.0,0.001,2.17,Logistic,14.3
txt:high payment,2,411.5,0.0009,1.2,Logistic,14.3
txt:obligation current,2,413.0,0.001,3.33,Logistic,14.3
txt:pay number,2,414.5,0.0008,3.37,Logistic,14.3
txt:machine llc,2,415.0,0.0008,3.92,Logistic,14.3
txt:palm beach,2,416.0,0.001,1.65,Logistic,14.3
txt:fiancee getting,2,416.5,0.0009,2.95,Logistic,14.3
txt:month help,2,416.5,0.001,1.08,Logistic,14.3
txt:linen,2,417.0,0.0008,2.97,Logistic,14.3
txt:lodge,2,417.5,0.0009,2.56,Logistic,14.3
txt:help sister,2,418.0,0.0009,1.5,Logistic,14.3
txt:refinancing washington,2,418.5,0.0008,3.83,Logistic,14.3
txt:paid ontime,2,419.5,0.0009,1.79,Logistic,14.3
txt:attend,2,421.0,0.0009,1.15,Logistic,14.3
txt:situation debt,2,421.5,0.0009,2.87,Logistic,14.3
txt:multiple high,2,422.5,0.0009,2.69,Logistic,14.3
txt:ran credit,2,422.5,0.0009,1.37,Logistic,14.3
txt:better future,2,423.5,0.0009,1.89,Logistic,14.3
txt:life good,2,423.5,0.0009,1.66,Logistic,14.3
txt:branch manager,2,424.5,0.0009,1.23,Logistic,14.3
txt:enrollment,2,425.0,0.0009,2.61,Logistic,14.3
txt:cape cod,2,425.5,0.0009,1.82,Logistic,14.3
txt:payment filed,2,425.5,0.0009,1.76,Logistic,14.3
txt:planning payoff,2,426.5,0.0009,2.52,Logistic,14.3
txt:consolidation laurel,2,427.0,0.0007,5.73,Logistic,14.3
txt:look going,2,427.5,0.0009,1.86,Logistic,14.3
txt:relocate,2,428.0,0.0009,1.98,Logistic,14.3
txt:price range,2,429.0,0.0009,2.35,Logistic,14.3
txt:year emergency,2,429.0,0.0009,2.58,Logistic,14.3
txt:month taking,2,430.5,0.0008,2.9,Logistic,14.3
txt:consolidation summer,2,433.5,0.0007,4.87,Logistic,14.3
txt:instead monthly,2,433.5,0.0007,4.66,Logistic,14.3
txt:upstairs,2,434.0,0.0009,1.28,Logistic,14.3
txt:crux,2,434.5,0.0007,3.92,Logistic,14.3
txt:consolidation hallmark,2,435.0,0.0007,3.18,Logistic,14.3
txt:account close,2,435.5,0.0008,1.5,Logistic,14.3
txt:grade home,2,435.5,0.0007,4.14,Logistic,14.3
txt:sch,2,435.5,0.0008,4.33,Logistic,14.3
txt:company long,2,437.5,0.0009,1.52,Logistic,14.3
txt:ranger,2,437.5,0.0009,1.72,Logistic,14.3
txt:jackie,2,438.0,0.0007,5.04,Logistic,14.3
txt:category,2,439.0,0.0009,1.63,Logistic,14.3
txt:consist,2,440.5,0.0008,0.94,Logistic,14.3
txt:card concentrate,2,442.0,0.0009,2.33,Logistic,14.3
txt:improvment home,2,442.0,0.0007,3.92,Logistic,14.3
txt:chico,2,443.5,0.0007,3.61,Logistic,14.3
txt:consolidat debt,2,443.5,0.0007,5.62,Logistic,14.3
txt:creditor credit,2,443.5,0.0008,2.22,Logistic,14.3
txt:consolidation southwestern,2,444.0,0.0007,3.92,Logistic,14.3
txt:net worth,2,444.0,0.0009,1.35,Logistic,14.3
txt:consolidation peter,2,444.5,0.0008,3.06,Logistic,14.3
txt:really year,2,444.5,0.0009,1.51,Logistic,14.3
txt:work health,2,445.5,0.0009,2.29,Logistic,14.3
txt:hospital home,2,446.0,0.0007,3.52,Logistic,14.3
txt:manage credit,2,446.0,0.0008,2.72,Logistic,14.3
txt:paying consolidate,2,446.5,0.0009,2.21,Logistic,14.3
txt:personal international,2,446.5,0.0007,3.77,Logistic,14.3
txt:married june,2,447.0,0.0009,1.63,Logistic,14.3
txt:consolidation moog,2,447.5,0.0007,6.81,Logistic,14.3
txt:dunn,2,447.5,0.0008,3.25,Logistic,14.3
txt:free army,2,448.5,0.0008,2.39,Logistic,14.3
txt:boy girl,2,449.0,0.0008,1.97,Logistic,14.3
txt:goal oriented,2,449.0,0.0008,1.72,Logistic,14.3
txt:philippine,2,449.0,0.0009,1.52,Logistic,14.3
txt:debt health,2,450.0,0.0007,5.14,Logistic,14.3
txt:expense monthly,2,450.0,0.0008,0.98,Logistic,14.3
txt:manpower,2,450.0,0.0008,3.43,Logistic,14.3
txt:nco financial,2,450.0,0.0007,4.51,Logistic,14.3
txt:college help,2,452.5,0.0008,1.03,Logistic,14.3
txt:requesting funding,2,454.5,0.0008,2.16,Logistic,14.3
txt:fulton county,2,455.5,0.0008,2.59,Logistic,14.3
txt:purchase university,2,455.5,0.0008,2.62,Logistic,14.3
txt:debt plus,2,456.0,0.0008,2.42,Logistic,14.3
txt:improve debt,2,456.0,0.0008,2.73,Logistic,14.3
txt:interst rate,2,456.0,0.0008,1.36,Logistic,14.3
txt:ive job,2,456.5,0.0008,2.2,Logistic,14.3
txt:rest debt,2,457.0,0.0009,2.18,Logistic,14.3
txt:duane reade,2,458.5,0.0007,3.97,Logistic,14.3
txt:card look,2,459.0,0.0008,2.2,Logistic,14.3
txt:family budget,2,459.5,0.0008,1.95,Logistic,14.3
txt:reade,2,459.5,0.0007,3.97,Logistic,14.3
txt:consolidation start,2,460.0,0.0008,3.52,Logistic,14.3
txt:year feb,2,461.0,0.0008,2.52,Logistic,14.3
txt:left job,2,462.5,0.0008,1.12,Logistic,14.3
txt:greek,2,463.5,0.0007,4.05,Logistic,14.3
txt:home making,2,463.5,0.0007,3.88,Logistic,14.3
txt:load consolidate,2,464.0,0.0008,3.6,Logistic,14.3
txt:life medical,2,464.5,0.0007,3.19,Logistic,14.3
txt:interested consolidating,2,467.5,0.0008,2.0,Logistic,14.3
txt:incorporated,2,468.0,0.0007,1.05,Logistic,14.3
txt:debt consider,2,469.0,0.0008,2.41,Logistic,14.3
txt:utilizing money,2,469.0,0.0007,3.27,Logistic,14.3
txt:appreciate investing,2,470.0,0.0008,2.14,Logistic,14.3
txt:higher balance,2,470.5,0.0007,2.97,Logistic,14.3
txt:stay hotel,2,472.0,0.0007,5.36,Logistic,14.3
txt:able breath,2,472.5,0.0007,3.99,Logistic,14.3
txt:pristine,2,472.5,0.0006,4.4,Logistic,14.3
txt:carrying debt,2,473.0,0.0007,2.09,Logistic,14.3
txt:save paid,2,474.0,0.0008,2.09,Logistic,14.3
txt:business line,2,476.5,0.0007,2.81,Logistic,14.3
txt:request funded,2,477.0,0.0007,1.35,Logistic,14.3
txt:sum debt,2,477.0,0.0006,4.99,Logistic,14.3
txt:able continue,2,479.5,0.0008,2.4,Logistic,14.3
txt:capital visa,2,480.0,0.0008,1.84,Logistic,14.3
txt:assistance advance,2,480.5,0.0006,5.33,Logistic,14.3
txt:job got,2,481.5,0.0008,1.71,Logistic,14.3
txt:consolidation citizen,2,482.5,0.0007,2.12,Logistic,14.3
txt:investor know,2,482.5,0.0007,1.25,Logistic,14.3
txt:family business,2,483.0,0.0007,1.33,Logistic,14.3
txt:reason able,2,484.5,0.0008,1.98,Logistic,14.3
txt:sorta,2,485.0,0.0006,4.02,Logistic,14.3
txt:norwalk,2,485.5,0.0007,2.11,Logistic,14.3
txt:buy year,2,486.5,0.0007,2.97,Logistic,14.3
txt:host,2,487.0,0.0007,1.08,Logistic,14.3
txt:repair personal,2,489.0,0.0007,2.93,Logistic,14.3
txt:utilites,2,489.0,0.0007,2.45,Logistic,14.3
txt:freeway,2,489.5,0.0006,5.3,Logistic,14.3
txt:kitchen improvement,2,489.5,0.0007,1.07,Logistic,14.3
txt:panther,2,489.5,0.0007,2.7,Logistic,14.3
txt:looking combine,2,490.5,0.0007,2.14,Logistic,14.3
txt:looking fix,2,490.5,0.0006,3.73,Logistic,14.3
txt:free financial,2,491.0,0.0007,1.92,Logistic,14.3
txt:preservation,2,491.0,0.0007,3.1,Logistic,14.3
txt:able help,2,493.5,0.0006,1.26,Logistic,14.3
txt:house payment,2,493.5,0.0007,1.12,Logistic,14.3
txt:presented,2,494.0,0.0007,2.06,Logistic,14.3
txt:report payment,2,495.0,0.0006,4.01,Logistic,14.3
txt:giorgio,2,495.5,0.0006,4.25,Logistic,14.3
txt:sponsor,2,496.0,0.0006,3.87,Logistic,14.3
txt:latin america,2,497.5,0.0007,4.97,Logistic,14.3
txt:room consolidation,2,498.5,0.0006,3.24,Logistic,14.3
txt:untill,2,498.5,0.0006,2.24,Logistic,14.3
txt:consolidation porter,2,501.0,0.0006,4.38,Logistic,14.3
txt:late house,2,501.5,0.0007,1.73,Logistic,14.3
txt:looking paying,2,502.0,0.0006,2.71,Logistic,14.3
txt:mailer,2,502.0,0.0006,4.83,Logistic,14.3
txt:ala,2,503.5,0.0006,4.29,Logistic,14.3
txt:newell,2,504.0,0.0006,2.38,Logistic,14.3
txt:amy,2,504.5,0.0006,1.31,Logistic,14.3
txt:csa,2,505.0,0.0006,4.66,Logistic,14.3
txt:needed debt,2,506.0,0.0007,2.36,Logistic,14.3
txt:cash thing,2,507.5,0.0006,2.18,Logistic,14.3
txt:redondo,2,507.5,0.0006,3.95,Logistic,14.3
txt:dedication,2,509.0,0.0005,1.03,Logistic,14.3
txt:ccc,2,511.0,0.0005,2.37,Logistic,14.3
txt:consolidation certified,2,512.0,0.0006,3.11,Logistic,14.3
txt:exception home,2,512.0,0.0006,1.96,Logistic,14.3
txt:fallen hard,2,512.5,0.0006,2.76,Logistic,14.3
txt:intermodal,2,512.5,0.0006,4.34,Logistic,14.3
txt:card foot,2,513.0,0.0006,3.42,Logistic,14.3
txt:life line,2,513.0,0.0005,3.54,Logistic,14.3
txt:platinum card,2,513.5,0.0006,2.83,Logistic,14.3
txt:aide,2,515.0,0.0006,2.07,Logistic,14.3
txt:baystate health,2,515.0,0.0005,4.45,Logistic,14.3
txt:pay apply,2,515.5,0.0006,3.15,Logistic,14.3
txt:pay house,2,517.0,0.0005,1.47,Logistic,14.3
txt:year union,2,517.5,0.0006,2.14,Logistic,14.3
txt:work got,2,518.5,0.0006,2.78,Logistic,14.3
txt:consolidation mattress,2,520.0,0.0006,4.38,Logistic,14.3
txt:monthly cheaper,2,520.0,0.0005,5.89,Logistic,14.3
txt:debit late,2,521.0,0.0006,2.29,Logistic,14.3
txt:debt organized,2,521.5,0.0006,2.83,Logistic,14.3
txt:good account,2,522.5,0.0006,2.31,Logistic,14.3
txt:simpler payment,2,522.5,0.0005,6.15,Logistic,14.3
txt:required debt,2,523.0,0.0006,2.85,Logistic,14.3
txt:school consolidate,2,523.0,0.0006,1.83,Logistic,14.3
txt:walked,2,523.0,0.0006,1.91,Logistic,14.3
txt:cabrini hospital,2,524.0,0.0005,4.4,Logistic,14.3
txt:consolidation eaton,2,524.0,0.0006,3.55,Logistic,14.3
txt:working law,2,525.5,0.0005,2.43,Logistic,14.3
txt:debt cox,2,527.0,0.0005,4.65,Logistic,14.3
txt:farm service,2,527.0,0.0005,4.92,Logistic,14.3
txt:medical tax,2,527.0,0.0005,2.74,Logistic,14.3
txt:best wish,2,528.0,0.0005,2.9,Logistic,14.3
txt:pacer,2,530.0,0.0005,5.19,Logistic,14.3
txt:end payment,2,530.5,0.0005,2.98,Logistic,14.3
txt:planning consolidate,2,531.0,0.0005,2.15,Logistic,14.3
txt:receive help,2,531.5,0.0005,3.92,Logistic,14.3
txt:able investor,2,532.0,0.0005,2.83,Logistic,14.3
txt:consolidation seneca,2,533.5,0.0005,4.33,Logistic,14.3
txt:brevard county,2,534.0,0.0005,3.88,Logistic,14.3
txt:consoladition,2,534.0,0.0005,3.38,Logistic,14.3
txt:house car,2,534.5,0.0004,0.92,Logistic,14.3
txt:nursing service,2,534.5,0.0005,1.98,Logistic,14.3
txt:great history,2,535.5,0.0004,1.05,Logistic,14.3
txt:diva,2,536.0,0.0005,3.66,Logistic,14.3
txt:year god,2,536.5,0.0005,2.03,Logistic,14.3
txt:home support,2,537.5,0.0005,2.7,Logistic,14.3
txt:ruining,2,538.5,0.0005,2.07,Logistic,14.3
txt:month ahead,2,539.0,0.0004,1.01,Logistic,14.3
txt:stable problem,2,539.0,0.0004,1.54,Logistic,14.3
txt:stony brook,2,541.0,0.0005,3.91,Logistic,14.3
txt:cancelled debt,2,541.5,0.0005,2.85,Logistic,14.3
txt:consolidation san,2,541.5,0.0004,2.1,Logistic,14.3
txt:military service,2,541.5,0.0005,2.34,Logistic,14.3
txt:existing customer,2,542.5,0.0005,3.4,Logistic,14.3
txt:volunteer,2,543.0,0.0003,1.03,Logistic,14.3
txt:confidential,2,544.0,0.0005,2.97,Logistic,14.3
txt:accumalated,2,544.5,0.0004,1.86,Logistic,14.3
txt:insure,2,544.5,0.0004,0.99,Logistic,14.3
txt:mckesson medical,2,545.0,0.0005,4.04,Logistic,14.3
txt:personal better,2,546.5,0.0005,2.87,Logistic,14.3
txt:month going,2,550.5,0.0003,1.39,Logistic,14.3
txt:repair family,2,553.5,0.0003,1.38,Logistic,14.3
txt:consolidation hancock,2,555.0,0.0004,4.28,Logistic,14.3
txt:money send,2,555.0,0.0005,3.06,Logistic,14.3
txt:olean,2,557.5,0.0004,6.14,Logistic,14.3
txt:carriage house,2,559.0,0.0005,3.86,Logistic,14.3
txt:city police,2,560.0,0.0002,1.55,Logistic,14.3
txt:phelan,2,564.5,0.0004,6.01,Logistic,14.3
txt:company different,2,565.5,0.0004,3.63,Logistic,14.3
txt:cfbisd,2,568.5,0.0004,3.73,Logistic,14.3
txt:consolidation astoria,2,570.0,0.0004,4.36,Logistic,14.3
txt:army debt,2,583.0,0.0003,2.74,Logistic,14.3
txt:amp line,2,592.0,0.0002,2.68,Logistic,14.3
txt:tax,1,1.0,0.0068,1.17,Logistic,7.1
txt:home,1,3.0,0.0065,1.14,Logistic,7.1
txt:associate,1,4.0,0.0067,1.19,Logistic,7.1
txt:communication,1,5.0,0.0055,2.33,Logistic,7.1
txt:network,1,6.0,0.0054,1.19,Logistic,7.1
txt:department,1,12.0,0.0047,0.85,Logistic,7.1
txt:dream,1,13.0,0.0047,0.72,Logistic,7.1
txt:faster,1,14.0,0.0077,2.73,Logistic,7.1
txt:improvement,1,15.0,0.0046,0.96,Logistic,7.1
txt:engineer,1,16.0,0.0077,8.94,Logistic,7.1
txt:concept,1,20.0,0.0044,1.7,Logistic,7.1
txt:gift,1,20.0,0.0041,1.14,Logistic,7.1
txt:software,1,20.0,0.0061,7.71,Logistic,7.1
txt:auto,1,24.0,0.004,0.81,Logistic,7.1
txt:california,1,27.0,0.004,1.33,Logistic,7.1
txt:capital,1,27.0,0.0043,1.33,Logistic,7.1
txt:office,1,28.0,0.0043,1.11,Logistic,7.1
txt:electronics,1,29.0,0.0046,3.11,Logistic,7.1
txt:home repair,1,33.0,0.0041,2.63,Logistic,7.1
txt:food,1,34.0,0.0045,4.08,Logistic,7.1
txt:hotel,1,35.0,0.0038,0.89,Logistic,7.1
txt:harley,1,37.0,0.0038,0.96,Logistic,7.1
txt:roof,1,37.0,0.0042,2.42,Logistic,7.1
txt:laborer,1,39.0,0.0042,13.85,Logistic,7.1
txt:director,1,41.0,0.0041,5.53,Logistic,7.1
txt:score,1,42.0,0.0036,0.74,Logistic,7.1
txt:card refinancing,1,46.0,0.0042,3.58,Logistic,7.1
txt:local,1,46.0,0.0035,1.09,Logistic,7.1
txt:plant,1,46.0,0.0034,1.56,Logistic,7.1
txt:assistance,1,47.0,0.0035,0.95,Logistic,7.1
txt:money used,1,47.0,0.0037,1.67,Logistic,7.1
txt:pickup,1,48.0,0.0035,1.89,Logistic,7.1
txt:architect,1,49.0,0.0039,7.68,Logistic,7.1
txt:gate,1,49.0,0.0035,3.02,Logistic,7.1
txt:bigger,1,50.0,0.0034,1.55,Logistic,7.1
txt:purchasing,1,50.0,0.0034,0.73,Logistic,7.1
txt:enterprise,1,51.0,0.0034,0.84,Logistic,7.1
txt:martin,1,53.0,0.0037,2.93,Logistic,7.1
txt:payoff,1,53.0,0.0034,1.2,Logistic,7.1
txt:institute,1,56.0,0.0033,1.69,Logistic,7.1
txt:rehab,1,56.0,0.0032,1.9,Logistic,7.1
txt:available,1,59.0,0.0032,0.91,Logistic,7.1
txt:driver,1,60.0,0.0034,5.57,Logistic,7.1
txt:guard,1,60.0,0.0032,2.22,Logistic,7.1
txt:metro,1,60.0,0.0031,2.09,Logistic,7.1
txt:paid month,1,60.0,0.0032,1.34,Logistic,7.1
txt:mark,1,64.0,0.0031,2.33,Logistic,7.1
txt:debt payoff,1,65.0,0.003,1.65,Logistic,7.1
txt:nursery,1,65.0,0.003,1.87,Logistic,7.1
txt:fiance,1,67.0,0.0032,0.76,Logistic,7.1
txt:federal government,1,70.0,0.003,3.67,Logistic,7.1
txt:microsoft,1,71.0,0.003,2.84,Logistic,7.1
txt:forward,1,73.0,0.003,0.69,Logistic,7.1
txt:fitness,1,74.0,0.003,0.73,Logistic,7.1
txt:integrated,1,74.0,0.0029,1.36,Logistic,7.1
txt:custodian,1,75.0,0.0029,9.17,Logistic,7.1
txt:revolving debt,1,75.0,0.003,0.72,Logistic,7.1
txt:geico,1,77.0,0.0029,2.67,Logistic,7.1
txt:expansion,1,78.0,0.0027,2.95,Logistic,7.1
txt:charles,1,80.0,0.003,2.18,Logistic,7.1
txt:advantage,1,81.0,0.003,1.15,Logistic,7.1
txt:card balance,1,82.0,0.003,0.71,Logistic,7.1
txt:matt,1,83.0,0.0027,1.44,Logistic,7.1
txt:montgomery,1,83.0,0.0027,3.34,Logistic,7.1
txt:healthcare,1,84.0,0.003,1.05,Logistic,7.1
txt:porch,1,86.0,0.0028,1.31,Logistic,7.1
txt:rate consolidation,1,86.0,0.0026,2.57,Logistic,7.1
txt:consolidation higher,1,87.0,0.0025,3.82,Logistic,7.1
txt:dental work,1,87.0,0.0029,2.25,Logistic,7.1
txt:planning using,1,88.0,0.0026,2.59,Logistic,7.1
txt:forest,1,89.0,0.0026,3.32,Logistic,7.1
txt:debt consol,1,90.0,0.0028,1.17,Logistic,7.1
txt:dunkin,1,91.0,0.0025,4.65,Logistic,7.1
txt:store,1,92.0,0.0028,0.86,Logistic,7.1
txt:debit consolidation,1,93.0,0.0026,4.08,Logistic,7.1
txt:jacob,1,93.0,0.0025,4.1,Logistic,7.1
txt:homeland security,1,94.0,0.0027,1.26,Logistic,7.1
txt:homeland,1,95.0,0.0027,1.26,Logistic,7.1
txt:presbyterian,1,95.0,0.0025,1.95,Logistic,7.1
txt:debt monthly,1,96.0,0.0025,2.1,Logistic,7.1
txt:credit payoff,1,97.0,0.0027,2.69,Logistic,7.1
txt:use help,1,97.0,0.0024,2.93,Logistic,7.1
txt:job year,1,98.0,0.0028,0.89,Logistic,7.1
txt:stocker,1,98.0,0.0024,8.58,Logistic,7.1
txt:chemical,1,99.0,0.0027,2.44,Logistic,7.1
txt:america,1,100.0,0.0027,1.08,Logistic,7.1
txt:welder,1,100.0,0.0024,4.83,Logistic,7.1
txt:cleaning,1,102.0,0.0027,1.03,Logistic,7.1
txt:ease,1,103.0,0.0026,2.43,Logistic,7.1
txt:horizon,1,103.0,0.0023,2.59,Logistic,7.1
txt:aim,1,104.0,0.0024,1.86,Logistic,7.1
txt:control,1,104.0,0.0027,0.73,Logistic,7.1
txt:restart,1,105.0,0.0023,4.74,Logistic,7.1
txt:stable debt,1,105.0,0.0027,1.8,Logistic,7.1
txt:cigna,1,106.0,0.0023,3.27,Logistic,7.1
txt:laboratory,1,106.0,0.0026,1.22,Logistic,7.1
txt:upmc,1,106.0,0.0026,1.76,Logistic,7.1
txt:valley,1,106.0,0.0027,0.69,Logistic,7.1
txt:editor,1,107.0,0.0022,4.31,Logistic,7.1
txt:assisting,1,108.0,0.0026,2.09,Logistic,7.1
txt:kaiser,1,108.0,0.0026,0.71,Logistic,7.1
txt:mom,1,108.0,0.0023,1.74,Logistic,7.1
txt:breath,1,109.0,0.0022,8.22,Logistic,7.1
txt:consolidation home,1,110.0,0.0024,3.34,Logistic,7.1
txt:airway,1,111.0,0.0026,1.95,Logistic,7.1
txt:senior,1,111.0,0.0024,3.72,Logistic,7.1
txt:new home,1,112.0,0.0026,0.93,Logistic,7.1
txt:fitter,1,114.0,0.0022,8.4,Logistic,7.1
txt:helpful,1,115.0,0.0025,1.91,Logistic,7.1
txt:money payment,1,115.0,0.0026,1.29,Logistic,7.1
txt:care center,1,116.0,0.0021,4.64,Logistic,7.1
txt:september,1,116.0,0.0026,1.18,Logistic,7.1
txt:getting better,1,117.0,0.0023,1.78,Logistic,7.1
txt:improvement debt,1,117.0,0.0021,3.39,Logistic,7.1
txt:macdonald,1,117.0,0.0021,4.33,Logistic,7.1
txt:payoff debt,1,117.0,0.0025,1.52,Logistic,7.1
txt:working company,1,117.0,0.0026,1.48,Logistic,7.1
txt:ice,1,118.0,0.0021,3.02,Logistic,7.1
txt:really,1,118.0,0.0025,1.4,Logistic,7.1
txt:michigan,1,119.0,0.0025,1.1,Logistic,7.1
txt:summer,1,119.0,0.0026,1.27,Logistic,7.1
txt:consolidation machine,1,120.0,0.0021,11.36,Logistic,7.1
txt:card missed,1,121.0,0.0025,0.96,Logistic,7.1
txt:israel,1,122.0,0.0023,3.14,Logistic,7.1
txt:consolidation line,1,124.0,0.002,11.05,Logistic,7.1
txt:power,1,125.0,0.0025,0.85,Logistic,7.1
txt:software engineer,1,125.0,0.002,4.3,Logistic,7.1
txt:university health,1,125.0,0.0024,2.42,Logistic,7.1
txt:consolidation director,1,127.0,0.002,3.66,Logistic,7.1
txt:berkeley,1,129.0,0.002,3.58,Logistic,7.1
txt:creek,1,129.0,0.0024,0.72,Logistic,7.1
txt:target,1,129.0,0.0024,1.85,Logistic,7.1
txt:sushi,1,133.0,0.0019,2.75,Logistic,7.1
txt:credit debt,1,134.0,0.0024,0.84,Logistic,7.1
txt:visit,1,134.0,0.0021,1.62,Logistic,7.1
txt:beverage,1,135.0,0.0024,1.73,Logistic,7.1
txt:medical personal,1,135.0,0.0023,1.58,Logistic,7.1
txt:dupage,1,136.0,0.0019,4.37,Logistic,7.1
txt:burger,1,138.0,0.0023,2.12,Logistic,7.1
txt:city county,1,139.0,0.0019,3.27,Logistic,7.1
txt:honest,1,139.0,0.0023,0.93,Logistic,7.1
txt:colorado,1,140.0,0.0023,1.52,Logistic,7.1
txt:hard worker,1,140.0,0.0021,2.23,Logistic,7.1
txt:mobile,1,140.0,0.0024,0.98,Logistic,7.1
txt:moving,1,140.0,0.0023,1.1,Logistic,7.1
txt:candy,1,141.0,0.002,4.49,Logistic,7.1
txt:castle,1,142.0,0.0017,3.15,Logistic,7.1
txt:coal,1,142.0,0.0019,3.71,Logistic,7.1
txt:international,1,142.0,0.0023,0.96,Logistic,7.1
txt:moving relocation,1,143.0,0.0018,2.92,Logistic,7.1
txt:office coordinator,1,144.0,0.0019,7.89,Logistic,7.1
txt:air force,1,145.0,0.0023,1.41,Logistic,7.1
txt:nov,1,145.0,0.0023,1.62,Logistic,7.1
txt:craft,1,146.0,0.0018,3.7,Logistic,7.1
txt:refinance bank,1,146.0,0.0018,3.15,Logistic,7.1
txt:jewel,1,147.0,0.0023,1.15,Logistic,7.1
txt:sky,1,147.0,0.002,2.14,Logistic,7.1
txt:consolidation card,1,148.0,0.0018,3.13,Logistic,7.1
txt:everett,1,148.0,0.002,2.69,Logistic,7.1
txt:houston,1,148.0,0.0022,1.3,Logistic,7.1
txt:macys,1,148.0,0.0022,1.17,Logistic,7.1
txt:prince,1,148.0,0.0018,2.83,Logistic,7.1
txt:black,1,149.0,0.0023,0.99,Logistic,7.1
txt:wanting consolidate,1,149.0,0.0019,3.08,Logistic,7.1
txt:daniel,1,150.0,0.0017,3.64,Logistic,7.1
txt:homeimprov,1,151.0,0.0018,12.19,Logistic,7.1
txt:industrial,1,151.0,0.0022,0.71,Logistic,7.1
txt:coming,1,152.0,0.0022,0.85,Logistic,7.1
txt:consolidation community,1,153.0,0.0019,2.43,Logistic,7.1
txt:receptionist,1,153.0,0.0018,4.68,Logistic,7.1
txt:refinance high,1,153.0,0.0022,0.82,Logistic,7.1
txt:const,1,155.0,0.0017,3.71,Logistic,7.1
txt:dept correction,1,155.0,0.0021,1.39,Logistic,7.1
txt:goal pay,1,155.0,0.0022,0.74,Logistic,7.1
txt:gannett,1,157.0,0.002,1.96,Logistic,7.1
txt:columbus,1,158.0,0.0022,0.97,Logistic,7.1
txt:fully,1,158.0,0.0022,0.82,Logistic,7.1
txt:tenet,1,158.0,0.0019,3.26,Logistic,7.1
txt:desperate,1,159.0,0.0018,4.46,Logistic,7.1
txt:logan,1,159.0,0.0022,1.05,Logistic,7.1
txt:sandy,1,159.0,0.0017,3.31,Logistic,7.1
txt:credit account,1,161.0,0.0022,0.72,Logistic,7.1
txt:pay quicker,1,161.0,0.0022,1.67,Logistic,7.1
txt:harlem,1,162.0,0.0017,5.14,Logistic,7.1
txt:pay city,1,162.0,0.0016,3.3,Logistic,7.1
txt:card misc,1,163.0,0.0017,2.87,Logistic,7.1
txt:color,1,164.0,0.002,2.56,Logistic,7.1
txt:bus,1,165.0,0.0019,2.06,Logistic,7.1
txt:accident,1,166.0,0.002,1.11,Logistic,7.1
txt:stable employment,1,167.0,0.0021,0.77,Logistic,7.1
txt:fully funded,1,168.0,0.0021,1.52,Logistic,7.1
txt:mold,1,169.0,0.0021,0.82,Logistic,7.1
txt:broken,1,171.0,0.0019,2.59,Logistic,7.1
txt:cashier,1,172.0,0.0017,4.26,Logistic,7.1
txt:lewis,1,172.0,0.0021,0.75,Logistic,7.1
txt:mart,1,172.0,0.0019,1.76,Logistic,7.1
txt:motor company,1,172.0,0.002,1.4,Logistic,7.1
txt:kaiser hospital,1,175.0,0.0016,4.54,Logistic,7.1
txt:road,1,175.0,0.0021,0.77,Logistic,7.1
txt:force,1,176.0,0.0021,1.05,Logistic,7.1
txt:consolidation cashier,1,179.0,0.0016,9.76,Logistic,7.1
txt:division,1,179.0,0.0021,1.22,Logistic,7.1
txt:fastenal,1,179.0,0.0015,2.98,Logistic,7.1
txt:peak,1,180.0,0.002,1.74,Logistic,7.1
txt:wedding new,1,180.0,0.0021,0.75,Logistic,7.1
txt:recieved,1,181.0,0.0021,0.78,Logistic,7.1
txt:superviser,1,181.0,0.0016,5.47,Logistic,7.1
txt:beach,1,182.0,0.002,0.71,Logistic,7.1
txt:consolidation alliance,1,182.0,0.0017,4.18,Logistic,7.1
txt:deb,1,182.0,0.002,1.74,Logistic,7.1
txt:debt starting,1,182.0,0.0019,3.63,Logistic,7.1
txt:brighton,1,184.0,0.0017,3.07,Logistic,7.1
txt:dealer,1,184.0,0.002,1.35,Logistic,7.1
txt:mayo,1,184.0,0.0019,2.68,Logistic,7.1
txt:mustang,1,184.0,0.0019,1.1,Logistic,7.1
txt:response,1,185.0,0.002,1.04,Logistic,7.1
txt:smaller payment,1,185.0,0.0015,2.9,Logistic,7.1
txt:credit missed,1,186.0,0.002,0.72,Logistic,7.1
txt:correction officer,1,187.0,0.0016,4.95,Logistic,7.1
txt:money bank,1,187.0,0.0021,0.9,Logistic,7.1
txt:attorney,1,190.0,0.0021,0.93,Logistic,7.1
txt:consolidation nursing,1,190.0,0.0016,6.84,Logistic,7.1
txt:orthopaedic,1,190.0,0.0017,2.7,Logistic,7.1
txt:work job,1,190.0,0.002,1.66,Logistic,7.1
txt:ibm corp,1,191.0,0.0015,2.79,Logistic,7.1
txt:debt consolidate,1,192.0,0.0021,1.48,Logistic,7.1
txt:combined income,1,193.0,0.002,1.73,Logistic,7.1
txt:consolidation inova,1,193.0,0.0015,3.2,Logistic,7.1
txt:hawkeye,1,193.0,0.0014,3.13,Logistic,7.1
txt:tenure,1,193.0,0.002,2.52,Logistic,7.1
txt:home debt,1,194.0,0.0016,2.73,Logistic,7.1
txt:card fund,1,195.0,0.002,1.05,Logistic,7.1
txt:consolidation frito,1,195.0,0.0015,2.71,Logistic,7.1
txt:thanksgiving,1,196.0,0.002,1.12,Logistic,7.1
txt:backed,1,197.0,0.0018,2.06,Logistic,7.1
txt:greatful,1,197.0,0.0014,4.19,Logistic,7.1
txt:lamar,1,198.0,0.0015,3.84,Logistic,7.1
txt:godaddy,1,199.0,0.0015,7.46,Logistic,7.1
txt:greene,1,199.0,0.0018,3.74,Logistic,7.1
txt:knock,1,199.0,0.002,0.96,Logistic,7.1
txt:alaska,1,200.0,0.002,1.47,Logistic,7.1
txt:idea,1,200.0,0.002,0.75,Logistic,7.1
txt:worldwide,1,200.0,0.0019,1.1,Logistic,7.1
txt:daughter college,1,202.0,0.0019,1.85,Logistic,7.1
txt:oil,1,204.0,0.0019,1.26,Logistic,7.1
txt:home mortgage,1,205.0,0.0018,1.32,Logistic,7.1
txt:fairchild,1,206.0,0.0016,2.37,Logistic,7.1
txt:obtain lower,1,206.0,0.0017,1.91,Logistic,7.1
txt:comcast,1,207.0,0.0018,1.41,Logistic,7.1
txt:atv,1,208.0,0.0018,1.35,Logistic,7.1
txt:tired,1,208.0,0.0019,0.74,Logistic,7.1
txt:consolidation swiss,1,211.0,0.0014,3.77,Logistic,7.1
txt:debt paying,1,211.0,0.0019,0.69,Logistic,7.1
txt:pay rent,1,212.0,0.0017,2.13,Logistic,7.1
txt:freeing,1,213.0,0.0019,1.12,Logistic,7.1
txt:card feel,1,214.0,0.0017,1.51,Logistic,7.1
txt:enable,1,214.0,0.0019,0.76,Logistic,7.1
txt:expense department,1,214.0,0.0014,3.98,Logistic,7.1
txt:dmc,1,215.0,0.0014,3.38,Logistic,7.1
txt:high good,1,215.0,0.0016,3.54,Logistic,7.1
txt:charles schwab,1,216.0,0.0018,1.34,Logistic,7.1
txt:consolidation microsoft,1,216.0,0.0015,3.78,Logistic,7.1
txt:chicago police,1,217.0,0.0016,4.05,Logistic,7.1
txt:worry,1,217.0,0.0019,1.09,Logistic,7.1
txt:gardner,1,219.0,0.0012,3.62,Logistic,7.1
txt:mayo clinic,1,219.0,0.0017,2.09,Logistic,7.1
txt:intrest rate,1,220.0,0.0018,0.94,Logistic,7.1
txt:boulder,1,221.0,0.0018,1.16,Logistic,7.1
txt:gkn,1,221.0,0.0013,3.8,Logistic,7.1
txt:paramount,1,221.0,0.0016,3.14,Logistic,7.1
txt:railway,1,221.0,0.0017,1.35,Logistic,7.1
txt:consolidation coast,1,222.0,0.0016,1.93,Logistic,7.1
txt:consolidation postal,1,222.0,0.0014,4.28,Logistic,7.1
txt:loa,1,222.0,0.0013,4.56,Logistic,7.1
txt:summer vacation,1,222.0,0.0015,2.49,Logistic,7.1
txt:jaguar,1,223.0,0.0013,3.58,Logistic,7.1
txt:sport grill,1,223.0,0.0014,9.99,Logistic,7.1
txt:chrysler jeep,1,225.0,0.0014,2.65,Logistic,7.1
txt:consolidate charge,1,225.0,0.0013,6.0,Logistic,7.1
txt:investor helping,1,225.0,0.0017,4.17,Logistic,7.1
txt:usc,1,225.0,0.0012,3.26,Logistic,7.1
txt:year fix,1,225.0,0.0014,7.46,Logistic,7.1
txt:credit bank,1,226.0,0.0014,2.67,Logistic,7.1
txt:homemaker,1,226.0,0.0014,11.05,Logistic,7.1
txt:tape,1,226.0,0.0015,2.32,Logistic,7.1
txt:rebuild credit,1,227.0,0.0016,2.49,Logistic,7.1
txt:schwab,1,227.0,0.0017,1.11,Logistic,7.1
txt:lasalle,1,228.0,0.0016,2.73,Logistic,7.1
txt:siding,1,228.0,0.0018,0.85,Logistic,7.1
txt:underwriter,1,228.0,0.0017,1.18,Logistic,7.1
txt:asst manager,1,229.0,0.0013,7.36,Logistic,7.1
txt:consolidation jewish,1,229.0,0.0013,3.92,Logistic,7.1
txt:ccloan,1,230.0,0.0016,3.9,Logistic,7.1
txt:card warehouse,1,231.0,0.0013,6.53,Logistic,7.1
txt:pay stub,1,231.0,0.0018,1.25,Logistic,7.1
txt:capgemini,1,232.0,0.0016,2.28,Logistic,7.1
txt:consolidation dell,1,232.0,0.0016,2.96,Logistic,7.1
txt:consolidation henry,1,232.0,0.0014,3.81,Logistic,7.1
txt:cover medical,1,232.0,0.0018,2.76,Logistic,7.1
txt:debt area,1,232.0,0.0013,6.14,Logistic,7.1
txt:payment late,1,232.0,0.0018,1.0,Logistic,7.1
txt:consolidation floor,1,234.0,0.0013,3.94,Logistic,7.1
txt:york life,1,234.0,0.0016,2.35,Logistic,7.1
txt:global logistics,1,235.0,0.0012,4.19,Logistic,7.1
txt:island,1,235.0,0.0018,1.36,Logistic,7.1
txt:mta bus,1,235.0,0.0013,3.56,Logistic,7.1
txt:sci,1,235.0,0.0014,3.97,Logistic,7.1
txt:dear,1,236.0,0.0018,1.11,Logistic,7.1
txt:shop supervisor,1,236.0,0.0013,9.92,Logistic,7.1
txt:charleston,1,237.0,0.0017,1.57,Logistic,7.1
txt:hood,1,237.0,0.0016,1.93,Logistic,7.1
txt:matrix,1,239.0,0.0013,4.58,Logistic,7.1
txt:seneca,1,239.0,0.0015,3.37,Logistic,7.1
txt:size,1,239.0,0.0018,1.52,Logistic,7.1
txt:help debt,1,240.0,0.0016,1.46,Logistic,7.1
txt:card forever,1,242.0,0.0015,2.08,Logistic,7.1
txt:lady,1,245.0,0.0015,3.09,Logistic,7.1
txt:organic,1,245.0,0.0015,2.24,Logistic,7.1
txt:rate save,1,245.0,0.0017,0.92,Logistic,7.1
txt:rocklin,1,246.0,0.0012,5.11,Logistic,7.1
txt:dennis,1,247.0,0.0013,2.74,Logistic,7.1
txt:great lake,1,247.0,0.0014,2.57,Logistic,7.1
txt:payoff nurse,1,247.0,0.0012,7.33,Logistic,7.1
txt:cabinet,1,248.0,0.0017,1.0,Logistic,7.1
txt:comptroller,1,248.0,0.0015,2.83,Logistic,7.1
txt:extremely stable,1,248.0,0.0017,0.69,Logistic,7.1
txt:going,1,250.0,0.0017,0.68,Logistic,7.1
txt:lenscrafters,1,251.0,0.0011,4.8,Logistic,7.1
txt:respite,1,251.0,0.0012,3.7,Logistic,7.1
txt:dept pay,1,252.0,0.0011,3.3,Logistic,7.1
txt:senior care,1,252.0,0.0012,3.64,Logistic,7.1
txt:door,1,253.0,0.0017,1.59,Logistic,7.1
txt:levy,1,254.0,0.0013,3.98,Logistic,7.1
txt:giving,1,255.0,0.0017,0.82,Logistic,7.1
txt:niagara,1,255.0,0.0014,3.92,Logistic,7.1
txt:moment,1,256.0,0.0016,0.89,Logistic,7.1
txt:consolidate lowes,1,257.0,0.0012,10.91,Logistic,7.1
txt:debt little,1,257.0,0.0016,1.16,Logistic,7.1
txt:nicer,1,257.0,0.0012,2.9,Logistic,7.1
txt:office year,1,257.0,0.0015,2.14,Logistic,7.1
txt:aluminum,1,258.0,0.0015,1.72,Logistic,7.1
txt:improvement kitchen,1,258.0,0.0015,1.77,Logistic,7.1
txt:learned,1,258.0,0.0017,0.7,Logistic,7.1
txt:shoppe,1,258.0,0.0013,3.7,Logistic,7.1
txt:concrete,1,260.0,0.0016,1.29,Logistic,7.1
txt:help consolidating,1,260.0,0.0011,3.33,Logistic,7.1
txt:tax credit,1,260.0,0.0017,0.98,Logistic,7.1
txt:hopeful,1,261.0,0.0015,2.04,Logistic,7.1
txt:moving city,1,261.0,0.0015,1.62,Logistic,7.1
txt:technition,1,261.0,0.0012,6.06,Logistic,7.1
txt:pay daughter,1,262.0,0.0017,1.35,Logistic,7.1
txt:consolidation consolidated,1,264.0,0.0011,3.63,Logistic,7.1
txt:finish house,1,264.0,0.0014,1.96,Logistic,7.1
txt:national guard,1,264.0,0.0017,0.86,Logistic,7.1
txt:palace,1,264.0,0.0014,3.36,Logistic,7.1
txt:biomedical,1,265.0,0.0014,2.47,Logistic,7.1
txt:null pay,1,265.0,0.0015,1.59,Logistic,7.1
txt:genuine,1,266.0,0.0013,3.68,Logistic,7.1
txt:investigative,1,266.0,0.0012,5.47,Logistic,7.1
txt:funeral expense,1,268.0,0.0016,1.15,Logistic,7.1
txt:tribe,1,268.0,0.0015,2.8,Logistic,7.1
txt:consolidation rose,1,269.0,0.0012,3.99,Logistic,7.1
txt:education corporation,1,269.0,0.0012,3.19,Logistic,7.1
txt:account verification,1,270.0,0.0014,2.69,Logistic,7.1
txt:having payment,1,270.0,0.0013,2.28,Logistic,7.1
txt:morton,1,270.0,0.0014,2.03,Logistic,7.1
txt:fund buy,1,271.0,0.0016,1.31,Logistic,7.1
txt:ibew,1,271.0,0.0014,2.41,Logistic,7.1
txt:grocery,1,272.0,0.0016,0.95,Logistic,7.1
txt:reorganization,1,272.0,0.0014,2.29,Logistic,7.1
txt:wonderful,1,274.0,0.0016,1.07,Logistic,7.1
txt:stub,1,275.0,0.0016,0.72,Logistic,7.1
txt:dayton,1,276.0,0.0011,3.78,Logistic,7.1
txt:personel,1,276.0,0.0014,1.71,Logistic,7.1
txt:coty,1,277.0,0.001,3.43,Logistic,7.1
txt:ole,1,277.0,0.0013,2.53,Logistic,7.1
txt:timely manner,1,277.0,0.0016,0.74,Logistic,7.1
txt:help personal,1,279.0,0.0011,3.4,Logistic,7.1
txt:int rate,1,280.0,0.0013,2.26,Logistic,7.1
txt:borrow pay,1,281.0,0.0014,1.9,Logistic,7.1
txt:consolitdation,1,281.0,0.0012,3.06,Logistic,7.1
txt:credit checked,1,281.0,0.0014,1.95,Logistic,7.1
txt:debt federal,1,282.0,0.0014,2.02,Logistic,7.1
txt:repeat,1,282.0,0.0014,1.57,Logistic,7.1
txt:unc,1,282.0,0.0013,2.43,Logistic,7.1
txt:valley view,1,282.0,0.0011,3.58,Logistic,7.1
txt:bakery,1,283.0,0.0016,1.1,Logistic,7.1
txt:communication technician,1,284.0,0.0011,4.51,Logistic,7.1
txt:field service,1,284.0,0.0013,2.32,Logistic,7.1
txt:mckesson corp,1,284.0,0.0012,3.54,Logistic,7.1
txt:payment half,1,284.0,0.0015,1.02,Logistic,7.1
txt:collier county,1,285.0,0.0011,4.22,Logistic,7.1
txt:consolidation local,1,285.0,0.0014,3.18,Logistic,7.1
txt:pay current,1,285.0,0.0015,0.9,Logistic,7.1
txt:account debt,1,286.0,0.0015,0.79,Logistic,7.1
txt:keiser university,1,286.0,0.0011,5.88,Logistic,7.1
txt:athletic,1,287.0,0.0011,3.68,Logistic,7.1
txt:consoliation,1,287.0,0.0015,1.25,Logistic,7.1
txt:hca,1,287.0,0.0011,3.27,Logistic,7.1
txt:certain,1,288.0,0.0015,0.8,Logistic,7.1
txt:monterey,1,288.0,0.0013,4.49,Logistic,7.1
txt:question concern,1,289.0,0.0015,0.84,Logistic,7.1
txt:rcc,1,289.0,0.0011,5.67,Logistic,7.1
txt:coalition,1,291.0,0.0014,2.41,Logistic,7.1
txt:wardrobe,1,291.0,0.0011,2.94,Logistic,7.1
txt:human resource,1,293.0,0.0015,0.91,Logistic,7.1
txt:mail carrier,1,293.0,0.0011,3.72,Logistic,7.1
txt:recieve,1,293.0,0.0014,1.03,Logistic,7.1
txt:free personal,1,294.0,0.0013,4.05,Logistic,7.1
txt:regency,1,294.0,0.0013,2.33,Logistic,7.1
txt:dough,1,295.0,0.0011,6.4,Logistic,7.1
txt:parkway,1,295.0,0.0012,3.02,Logistic,7.1
txt:car debt,1,296.0,0.0014,2.62,Logistic,7.1
txt:overhead,1,296.0,0.0015,1.03,Logistic,7.1
txt:buy new,1,297.0,0.0015,1.39,Logistic,7.1
txt:county dept,1,297.0,0.0013,2.32,Logistic,7.1
txt:olive,1,297.0,0.0013,2.75,Logistic,7.1
txt:consolidatiom,1,298.0,0.001,4.4,Logistic,7.1
txt:ent,1,298.0,0.0014,1.95,Logistic,7.1
txt:gojo,1,298.0,0.0011,6.65,Logistic,7.1
txt:removal,1,298.0,0.0014,1.14,Logistic,7.1
txt:stream,1,298.0,0.0013,2.18,Logistic,7.1
txt:lite,1,299.0,0.001,4.81,Logistic,7.1
txt:facility manager,1,300.0,0.0011,3.72,Logistic,7.1
txt:growing business,1,300.0,0.0013,1.64,Logistic,7.1
txt:home home,1,300.0,0.0015,1.31,Logistic,7.1
txt:invensys,1,300.0,0.0011,2.93,Logistic,7.1
txt:moody,1,300.0,0.0014,1.74,Logistic,7.1
txt:approve,1,302.0,0.0015,0.8,Logistic,7.1
txt:cape fear,1,302.0,0.0013,2.12,Logistic,7.1
txt:financial burden,1,303.0,0.0014,1.66,Logistic,7.1
txt:refinance new,1,303.0,0.0013,2.22,Logistic,7.1
txt:savior,1,303.0,0.0011,5.31,Logistic,7.1
txt:story pay,1,303.0,0.0012,2.27,Logistic,7.1
txt:gorman,1,304.0,0.0011,3.93,Logistic,7.1
txt:kpmg,1,304.0,0.0014,0.95,Logistic,7.1
txt:talking,1,304.0,0.0013,1.49,Logistic,7.1
txt:copy,1,305.0,0.0014,1.41,Logistic,7.1
txt:sacred heart,1,305.0,0.0013,2.02,Logistic,7.1
txt:amtrak,1,306.0,0.0013,1.52,Logistic,7.1
txt:consolidation niagara,1,306.0,0.0012,4.53,Logistic,7.1
txt:deduction,1,306.0,0.0014,1.18,Logistic,7.1
txt:bioscience,1,307.0,0.0013,2.51,Logistic,7.1
txt:fear valley,1,307.0,0.001,5.37,Logistic,7.1
txt:consolidation buffalo,1,308.0,0.0012,3.58,Logistic,7.1
txt:present job,1,308.0,0.0013,1.31,Logistic,7.1
txt:chang,1,309.0,0.0013,2.05,Logistic,7.1
txt:debt payer,1,309.0,0.0011,5.7,Logistic,7.1
txt:driven,1,309.0,0.0014,0.77,Logistic,7.1
txt:geo group,1,309.0,0.001,3.34,Logistic,7.1
txt:dental debt,1,311.0,0.001,4.43,Logistic,7.1
txt:payin,1,311.0,0.0012,2.8,Logistic,7.1
txt:pepper,1,311.0,0.0012,4.38,Logistic,7.1
txt:cumberland,1,312.0,0.0012,2.05,Logistic,7.1
txt:high quality,1,312.0,0.0013,1.91,Logistic,7.1
txt:somewhat,1,312.0,0.0013,1.24,Logistic,7.1
txt:america pay,1,313.0,0.0013,2.08,Logistic,7.1
txt:cedit card,1,313.0,0.0012,2.29,Logistic,7.1
txt:consolidation institute,1,313.0,0.0012,2.83,Logistic,7.1
txt:eaton,1,313.0,0.0012,2.08,Logistic,7.1
txt:fund debt,1,313.0,0.0014,1.07,Logistic,7.1
txt:refinance truck,1,313.0,0.001,5.06,Logistic,7.1
txt:visa card,1,313.0,0.0013,1.57,Logistic,7.1
txt:care coordinator,1,314.0,0.001,6.27,Logistic,7.1
txt:harbour,1,314.0,0.0011,3.16,Logistic,7.1
txt:recently bought,1,314.0,0.0014,1.03,Logistic,7.1
txt:state washington,1,314.0,0.001,3.08,Logistic,7.1
txt:establishing credit,1,315.0,0.0013,1.43,Logistic,7.1
txt:help financial,1,315.0,0.0013,2.58,Logistic,7.1
txt:dept cosolidation,1,316.0,0.001,4.17,Logistic,7.1
txt:excellent employment,1,316.0,0.0013,1.83,Logistic,7.1
txt:home verizon,1,316.0,0.001,4.49,Logistic,7.1
txt:mama,1,316.0,0.0011,3.02,Logistic,7.1
txt:consolidation aaa,1,317.0,0.0011,3.27,Logistic,7.1
txt:transporter,1,317.0,0.001,6.51,Logistic,7.1
txt:used clear,1,317.0,0.001,3.05,Logistic,7.1
txt:wedding june,1,317.0,0.0012,2.05,Logistic,7.1
txt:patch,1,318.0,0.0012,1.92,Logistic,7.1
txt:superior,1,318.0,0.0014,1.29,Logistic,7.1
txt:nursing school,1,319.0,0.0014,0.74,Logistic,7.1
txt:rough patch,1,319.0,0.0012,1.92,Logistic,7.1
txt:opportunity pay,1,320.0,0.0013,1.43,Logistic,7.1
txt:pipefitters local,1,320.0,0.001,3.93,Logistic,7.1
txt:soon possible,1,320.0,0.0014,0.8,Logistic,7.1
txt:year refi,1,320.0,0.0012,2.19,Logistic,7.1
txt:carecredit,1,321.0,0.0012,2.48,Logistic,7.1
txt:city transit,1,321.0,0.0014,0.88,Logistic,7.1
txt:consolidation dairy,1,321.0,0.001,3.78,Logistic,7.1
txt:consolidation midwest,1,321.0,0.0011,2.65,Logistic,7.1
txt:footwear,1,321.0,0.001,3.15,Logistic,7.1
txt:bar restaurant,1,322.0,0.0011,2.58,Logistic,7.1
txt:little work,1,322.0,0.0012,1.49,Logistic,7.1
txt:loomis,1,322.0,0.001,5.42,Logistic,7.1
txt:kmart,1,323.0,0.0012,1.78,Logistic,7.1
txt:requested pay,1,323.0,0.0012,1.7,Logistic,7.1
txt:abercrombie fitch,1,324.0,0.0012,2.55,Logistic,7.1
txt:harbor freight,1,324.0,0.0012,3.04,Logistic,7.1
txt:lounge,1,324.0,0.001,3.13,Logistic,7.1
txt:medical consultant,1,324.0,0.001,4.14,Logistic,7.1
txt:recycling,1,324.0,0.0012,2.59,Logistic,7.1
txt:textile,1,324.0,0.0011,2.84,Logistic,7.1
txt:abercrombie,1,325.0,0.0012,2.55,Logistic,7.1
txt:childrens,1,325.0,0.0014,1.59,Logistic,7.1
txt:darling,1,326.0,0.001,5.3,Logistic,7.1
txt:debt fargo,1,326.0,0.0013,2.15,Logistic,7.1
txt:help looking,1,328.0,0.0013,1.06,Logistic,7.1
txt:year taking,1,328.0,0.0014,1.06,Logistic,7.1
txt:northgate,1,329.0,0.0009,3.53,Logistic,7.1
txt:apr year,1,330.0,0.0012,1.74,Logistic,7.1
txt:consolidation aep,1,330.0,0.0009,3.7,Logistic,7.1
txt:plan stay,1,330.0,0.0014,0.75,Logistic,7.1
txt:resource,1,331.0,0.0013,0.83,Logistic,7.1
txt:roi,1,331.0,0.0012,1.74,Logistic,7.1
txt:driller,1,333.0,0.001,3.92,Logistic,7.1
txt:candidate stable,1,334.0,0.0012,2.02,Logistic,7.1
txt:free supervisor,1,334.0,0.001,4.73,Logistic,7.1
txt:hopefully help,1,334.0,0.0012,2.1,Logistic,7.1
txt:remaining money,1,334.0,0.0013,0.94,Logistic,7.1
txt:custom,1,335.0,0.0013,0.95,Logistic,7.1
txt:pay secure,1,335.0,0.0012,2.08,Logistic,7.1
txt:fine,1,336.0,0.0013,1.04,Logistic,7.1
txt:long history,1,336.0,0.0012,1.08,Logistic,7.1
txt:target card,1,336.0,0.0009,4.41,Logistic,7.1
txt:cleveland,1,337.0,0.0012,3.15,Logistic,7.1
txt:improvement florida,1,337.0,0.001,2.79,Logistic,7.1
txt:kfc,1,337.0,0.001,4.15,Logistic,7.1
txt:bath,1,338.0,0.0013,0.71,Logistic,7.1
txt:carting,1,339.0,0.0012,2.15,Logistic,7.1
txt:dept store,1,340.0,0.0012,2.73,Logistic,7.1
txt:financial life,1,340.0,0.0012,2.04,Logistic,7.1
txt:medline industry,1,340.0,0.001,4.32,Logistic,7.1
txt:pay smaller,1,340.0,0.0012,1.64,Logistic,7.1
txt:pay timely,1,340.0,0.0013,1.29,Logistic,7.1
txt:brother law,1,341.0,0.0013,1.09,Logistic,7.1
txt:consolidation hilton,1,341.0,0.001,2.57,Logistic,7.1
txt:debt consoladation,1,341.0,0.0012,1.81,Logistic,7.1
txt:dept credit,1,341.0,0.001,3.29,Logistic,7.1
txt:young college,1,341.0,0.0012,2.32,Logistic,7.1
txt:consolidation payment,1,342.0,0.0012,1.9,Logistic,7.1
txt:environment,1,342.0,0.0012,0.9,Logistic,7.1
txt:pers,1,342.0,0.0011,6.56,Logistic,7.1
txt:harris teeter,1,343.0,0.0012,2.16,Logistic,7.1
txt:consilidate credit,1,344.0,0.0011,2.74,Logistic,7.1
txt:lesson learned,1,344.0,0.0013,0.79,Logistic,7.1
txt:paying week,1,344.0,0.0012,1.29,Logistic,7.1
txt:protection service,1,344.0,0.0009,3.13,Logistic,7.1
txt:teeter,1,344.0,0.0012,2.16,Logistic,7.1
txt:phone cable,1,345.0,0.0013,1.06,Logistic,7.1
txt:obtaining,1,346.0,0.0013,1.27,Logistic,7.1
txt:appointment,1,347.0,0.0012,1.55,Logistic,7.1
txt:fund plan,1,347.0,0.0012,1.26,Logistic,7.1
txt:thing,1,347.0,0.0012,0.92,Logistic,7.1
txt:consolidation great,1,348.0,0.0012,1.59,Logistic,7.1
txt:consolidation refinancing,1,348.0,0.0011,2.12,Logistic,7.1
txt:consuladation,1,348.0,0.0009,4.13,Logistic,7.1
txt:tech data,1,348.0,0.0011,2.19,Logistic,7.1
txt:seeking refinance,1,349.0,0.0011,1.71,Logistic,7.1
txt:soldier,1,349.0,0.0012,1.86,Logistic,7.1
txt:transportation manager,1,349.0,0.0009,4.28,Logistic,7.1
txt:dollar store,1,350.0,0.0009,3.02,Logistic,7.1
txt:money available,1,350.0,0.0013,0.83,Logistic,7.1
txt:conselidation,1,351.0,0.0009,4.47,Logistic,7.1
txt:mfa,1,351.0,0.0008,3.32,Logistic,7.1
txt:payment hopefully,1,351.0,0.0012,0.94,Logistic,7.1
txt:repayment record,1,351.0,0.0011,2.07,Logistic,7.1
txt:inspector,1,352.0,0.0011,1.53,Logistic,7.1
txt:year add,1,352.0,0.0012,1.9,Logistic,7.1
txt:betterlife,1,354.0,0.0008,4.67,Logistic,7.1
txt:consolidation natural,1,354.0,0.0009,3.17,Logistic,7.1
txt:home remodel,1,354.0,0.0012,0.92,Logistic,7.1
txt:new mortgage,1,354.0,0.0011,2.09,Logistic,7.1
txt:dog,1,355.0,0.0012,0.91,Logistic,7.1
txt:medline,1,355.0,0.0009,3.78,Logistic,7.1
txt:payment multiple,1,355.0,0.0012,1.2,Logistic,7.1
txt:dyer,1,356.0,0.0009,3.88,Logistic,7.1
txt:lender help,1,356.0,0.0012,1.18,Logistic,7.1
txt:consolidation signature,1,357.0,0.001,2.62,Logistic,7.1
txt:loeb,1,357.0,0.0009,3.74,Logistic,7.1
txt:clean harbor,1,358.0,0.0009,3.09,Logistic,7.1
txt:getting thing,1,358.0,0.0011,2.27,Logistic,7.1
txt:verizon wireless,1,358.0,0.0012,0.78,Logistic,7.1
txt:account past,1,359.0,0.0011,2.1,Logistic,7.1
txt:bust,1,359.0,0.0009,3.6,Logistic,7.1
txt:maintain good,1,359.0,0.0012,1.26,Logistic,7.1
txt:consolidation eastern,1,360.0,0.001,2.95,Logistic,7.1
txt:documentation,1,360.0,0.0012,1.18,Logistic,7.1
txt:page group,1,360.0,0.0009,3.17,Logistic,7.1
txt:requested debt,1,360.0,0.0011,2.38,Logistic,7.1
txt:company payment,1,361.0,0.0011,1.82,Logistic,7.1
txt:miller,1,361.0,0.0012,1.42,Logistic,7.1
txt:decreasing,1,362.0,0.0012,0.97,Logistic,7.1
txt:madison square,1,362.0,0.0011,1.95,Logistic,7.1
txt:petco,1,362.0,0.0011,2.05,Logistic,7.1
txt:state farm,1,362.0,0.0012,1.0,Logistic,7.1
txt:ale house,1,363.0,0.001,3.02,Logistic,7.1
txt:consolidation christopher,1,363.0,0.0009,4.99,Logistic,7.1
txt:square garden,1,363.0,0.0011,1.95,Logistic,7.1
txt:day fund,1,364.0,0.0011,1.19,Logistic,7.1
txt:life change,1,364.0,0.0011,2.27,Logistic,7.1
txt:new apt,1,364.0,0.0011,2.29,Logistic,7.1
txt:pay individual,1,364.0,0.0011,1.19,Logistic,7.1
txt:succeed,1,364.0,0.0012,1.01,Logistic,7.1
txt:payment soon,1,365.0,0.0011,2.0,Logistic,7.1
txt:pro,1,365.0,0.0012,0.88,Logistic,7.1
txt:buying new,1,366.0,0.0011,1.25,Logistic,7.1
txt:consolidation saint,1,366.0,0.0009,3.42,Logistic,7.1
txt:money money,1,366.0,0.0011,2.36,Logistic,7.1
txt:vineland,1,366.0,0.0009,4.11,Logistic,7.1
txt:buy truck,1,367.0,0.0011,1.2,Logistic,7.1
txt:consolidation garden,1,367.0,0.001,2.62,Logistic,7.1
txt:invested,1,367.0,0.0012,0.72,Logistic,7.1
txt:ipg,1,367.0,0.0009,4.88,Logistic,7.1
txt:landing,1,367.0,0.001,4.02,Logistic,7.1
txt:consoldiation,1,368.0,0.001,3.37,Logistic,7.1
txt:consolidation collier,1,368.0,0.0008,3.26,Logistic,7.1
txt:unable pay,1,369.0,0.0012,0.8,Logistic,7.1
txt:bayada,1,370.0,0.0009,5.31,Logistic,7.1
txt:contracting officer,1,370.0,0.0009,3.73,Logistic,7.1
txt:advance funding,1,371.0,0.0011,1.85,Logistic,7.1
txt:fedex freight,1,372.0,0.0011,2.09,Logistic,7.1
txt:maintenence,1,372.0,0.0009,6.64,Logistic,7.1
txt:condolidation,1,373.0,0.0009,4.1,Logistic,7.1
txt:consolidation golden,1,373.0,0.0011,1.97,Logistic,7.1
txt:atrium,1,374.0,0.001,3.26,Logistic,7.1
txt:consolidation purpose,1,374.0,0.0011,0.77,Logistic,7.1
txt:consolidation builder,1,375.0,0.0009,3.46,Logistic,7.1
txt:consolidation royal,1,375.0,0.0011,3.38,Logistic,7.1
txt:dying,1,375.0,0.0011,1.32,Logistic,7.1
txt:machine operator,1,376.0,0.0009,3.88,Logistic,7.1
txt:internet,1,377.0,0.0011,1.0,Logistic,7.1
txt:orlando,1,377.0,0.0011,1.33,Logistic,7.1
txt:paid hope,1,377.0,0.0011,1.42,Logistic,7.1
txt:requesting credit,1,377.0,0.0009,3.97,Logistic,7.1
txt:thing home,1,377.0,0.001,5.6,Logistic,7.1
txt:moog,1,378.0,0.001,2.9,Logistic,7.1
txt:skywest,1,378.0,0.001,3.29,Logistic,7.1
txt:home value,1,379.0,0.0011,0.92,Logistic,7.1
txt:maintaining good,1,379.0,0.001,2.65,Logistic,7.1
txt:payment result,1,379.0,0.001,2.43,Logistic,7.1
txt:meisel,1,380.0,0.0009,4.25,Logistic,7.1
txt:start paying,1,380.0,0.0011,0.79,Logistic,7.1
txt:worked federal,1,380.0,0.0011,2.72,Logistic,7.1
txt:harrahs,1,381.0,0.001,2.15,Logistic,7.1
txt:riverbend,1,382.0,0.0009,3.34,Logistic,7.1
txt:situation good,1,382.0,0.0011,0.93,Logistic,7.1
txt:joann,1,383.0,0.0008,3.52,Logistic,7.1
txt:help special,1,384.0,0.0009,4.78,Logistic,7.1
txt:mantech,1,384.0,0.001,2.07,Logistic,7.1
txt:new company,1,384.0,0.0011,1.54,Logistic,7.1
txt:processing,1,385.0,0.0011,1.18,Logistic,7.1
txt:unlv,1,385.0,0.0009,4.83,Logistic,7.1
txt:year lived,1,385.0,0.0011,1.38,Logistic,7.1
txt:coaching,1,386.0,0.0011,1.18,Logistic,7.1
txt:joy,1,386.0,0.0011,0.93,Logistic,7.1
txt:window door,1,386.0,0.0011,1.54,Logistic,7.1
txt:cummings,1,387.0,0.0008,3.39,Logistic,7.1
txt:housing expense,1,387.0,0.0009,2.78,Logistic,7.1
txt:negative mark,1,387.0,0.0011,1.47,Logistic,7.1
txt:wedding date,1,387.0,0.0011,1.11,Logistic,7.1
txt:railroad retirement,1,388.0,0.0008,3.15,Logistic,7.1
txt:material management,1,389.0,0.0009,4.43,Logistic,7.1
txt:fifth,1,390.0,0.0011,0.78,Logistic,7.1
txt:plain simple,1,391.0,0.0009,4.18,Logistic,7.1
txt:work place,1,391.0,0.001,1.63,Logistic,7.1
txt:bank commerce,1,392.0,0.0008,3.33,Logistic,7.1
txt:consolidation king,1,392.0,0.0009,2.59,Logistic,7.1
txt:consolidation kohl,1,392.0,0.001,2.96,Logistic,7.1
txt:head start,1,392.0,0.001,2.24,Logistic,7.1
txt:respond,1,392.0,0.0011,0.8,Logistic,7.1
txt:strongly,1,392.0,0.001,0.96,Logistic,7.1
txt:aamco,1,394.0,0.0009,3.92,Logistic,7.1
txt:chance pay,1,394.0,0.001,3.26,Logistic,7.1
txt:exciting,1,394.0,0.0011,0.91,Logistic,7.1
txt:express discover,1,394.0,0.0009,2.32,Logistic,7.1
txt:panhandle,1,394.0,0.0009,3.93,Logistic,7.1
txt:financial corp,1,395.0,0.001,4.02,Logistic,7.1
txt:fix kitchen,1,395.0,0.0009,2.92,Logistic,7.1
txt:free money,1,395.0,0.001,1.22,Logistic,7.1
txt:oriented,1,395.0,0.001,1.99,Logistic,7.1
txt:analytical,1,396.0,0.0009,2.63,Logistic,7.1
txt:dairy queen,1,396.0,0.0008,3.62,Logistic,7.1
txt:elimination high,1,396.0,0.0009,2.54,Logistic,7.1
txt:making difficult,1,396.0,0.001,1.28,Logistic,7.1
txt:metroplus,1,396.0,0.0008,6.49,Logistic,7.1
txt:job right,1,397.0,0.001,0.83,Logistic,7.1
txt:product service,1,397.0,0.0009,2.54,Logistic,7.1
txt:anymore,1,398.0,0.001,0.99,Logistic,7.1
txt:connection,1,398.0,0.001,1.08,Logistic,7.1
txt:prestige,1,398.0,0.001,1.86,Logistic,7.1
txt:able use,1,399.0,0.001,1.59,Logistic,7.1
txt:doing home,1,399.0,0.001,2.01,Logistic,7.1
txt:equipment major,1,399.0,0.0008,3.45,Logistic,7.1
txt:grandmother,1,399.0,0.001,1.49,Logistic,7.1
txt:hep,1,399.0,0.0008,4.52,Logistic,7.1
txt:asking pay,1,400.0,0.001,1.29,Logistic,7.1
txt:payment possible,1,400.0,0.001,1.84,Logistic,7.1
txt:max,1,401.0,0.001,1.66,Logistic,7.1
txt:finance home,1,402.0,0.001,2.68,Logistic,7.1
txt:monthly fixed,1,402.0,0.001,1.73,Logistic,7.1
txt:lpl financial,1,403.0,0.001,1.67,Logistic,7.1
txt:army officer,1,404.0,0.0008,7.39,Logistic,7.1
txt:buyer tax,1,404.0,0.001,0.81,Logistic,7.1
txt:combine payment,1,404.0,0.0008,2.94,Logistic,7.1
txt:forward life,1,405.0,0.001,0.71,Logistic,7.1
txt:consolidate various,1,406.0,0.001,2.19,Logistic,7.1
txt:able payment,1,407.0,0.001,0.8,Logistic,7.1
txt:route,1,407.0,0.001,1.21,Logistic,7.1
txt:process moving,1,408.0,0.001,1.53,Logistic,7.1
txt:question help,1,408.0,0.001,1.18,Logistic,7.1
txt:requesting fund,1,408.0,0.001,1.86,Logistic,7.1
txt:county human,1,410.0,0.0008,3.88,Logistic,7.1
txt:verified email,1,410.0,0.001,1.96,Logistic,7.1
txt:consolidation castle,1,411.0,0.0009,2.38,Logistic,7.1
txt:business purpose,1,412.0,0.0008,4.0,Logistic,7.1
txt:school expense,1,412.0,0.001,0.93,Logistic,7.1
txt:semi,1,412.0,0.001,1.25,Logistic,7.1
txt:tyson,1,412.0,0.0009,2.22,Logistic,7.1
txt:buget,1,413.0,0.001,1.14,Logistic,7.1
txt:diligently paying,1,413.0,0.0009,2.42,Logistic,7.1
txt:stable steady,1,413.0,0.001,1.85,Logistic,7.1
txt:funding business,1,414.0,0.0009,3.6,Logistic,7.1
txt:card union,1,415.0,0.0009,3.1,Logistic,7.1
txt:insurance credit,1,415.0,0.001,1.13,Logistic,7.1
txt:order lower,1,415.0,0.0009,1.22,Logistic,7.1
txt:debt cosolidation,1,416.0,0.001,1.08,Logistic,7.1
txt:insurance agent,1,416.0,0.001,1.29,Logistic,7.1
txt:card life,1,417.0,0.001,1.88,Logistic,7.1
txt:strayer university,1,417.0,0.0008,4.09,Logistic,7.1
txt:nanny,1,418.0,0.0008,2.74,Logistic,7.1
txt:auto debt,1,419.0,0.0009,3.29,Logistic,7.1
txt:state new,1,419.0,0.0009,0.75,Logistic,7.1
txt:tryin,1,419.0,0.0009,2.33,Logistic,7.1
txt:mattress firm,1,420.0,0.0008,3.42,Logistic,7.1
txt:prospect mortgage,1,420.0,0.0009,2.36,Logistic,7.1
txt:roto,1,420.0,0.0009,2.48,Logistic,7.1
txt:consolidation care,1,421.0,0.0009,3.55,Logistic,7.1
txt:monthly year,1,421.0,0.001,1.23,Logistic,7.1
txt:roto rooter,1,421.0,0.0009,2.48,Logistic,7.1
txt:wedding dress,1,422.0,0.0009,2.14,Logistic,7.1
txt:available pay,1,423.0,0.0009,0.75,Logistic,7.1
txt:cowboy,1,423.0,0.0008,2.79,Logistic,7.1
txt:debt fixer,1,423.0,0.0008,4.62,Logistic,7.1
txt:job health,1,423.0,0.001,1.17,Logistic,7.1
txt:budget monthly,1,424.0,0.0009,0.71,Logistic,7.1
txt:car reduce,1,425.0,0.0007,4.24,Logistic,7.1
txt:city cleveland,1,425.0,0.0008,3.74,Logistic,7.1
txt:year consolidated,1,425.0,0.0009,2.04,Logistic,7.1
txt:buy stuff,1,426.0,0.0008,4.98,Logistic,7.1
txt:growth debt,1,426.0,0.0009,2.88,Logistic,7.1
txt:halfway,1,426.0,0.0009,1.64,Logistic,7.1
txt:know pay,1,426.0,0.0009,0.9,Logistic,7.1
txt:refinance market,1,427.0,0.0008,4.65,Logistic,7.1
txt:appraiser,1,428.0,0.0009,1.89,Logistic,7.1
txt:consolidation engineer,1,428.0,0.0007,4.49,Logistic,7.1
txt:half paid,1,428.0,0.0009,1.29,Logistic,7.1
txt:medical expences,1,428.0,0.0008,2.74,Logistic,7.1
txt:month tell,1,428.0,0.0008,3.21,Logistic,7.1
txt:paying earlier,1,428.0,0.0009,1.08,Logistic,7.1
txt:somerville,1,428.0,0.0008,6.88,Logistic,7.1
txt:contruction,1,429.0,0.0007,3.37,Logistic,7.1
txt:responsible financially,1,429.0,0.0009,2.03,Logistic,7.1
txt:summerlin,1,429.0,0.0007,3.52,Logistic,7.1
txt:beautiful day,1,430.0,0.0008,3.31,Logistic,7.1
txt:consilidate debt,1,430.0,0.0009,1.71,Logistic,7.1
txt:consistent pay,1,430.0,0.0009,1.83,Logistic,7.1
txt:credit problem,1,430.0,0.0009,1.23,Logistic,7.1
txt:consolidation viacom,1,431.0,0.0008,2.74,Logistic,7.1
txt:job solid,1,431.0,0.0009,1.36,Logistic,7.1
txt:payment early,1,431.0,0.0009,1.63,Logistic,7.1
txt:pay john,1,432.0,0.0007,3.96,Logistic,7.1
txt:closed year,1,433.0,0.0009,2.47,Logistic,7.1
txt:financial order,1,433.0,0.0008,3.25,Logistic,7.1
txt:medium size,1,433.0,0.0007,3.98,Logistic,7.1
txt:build better,1,434.0,0.0007,3.64,Logistic,7.1
txt:expense include,1,434.0,0.0009,0.8,Logistic,7.1
txt:intent use,1,434.0,0.0009,1.59,Logistic,7.1
txt:smile,1,434.0,0.0009,1.51,Logistic,7.1
txt:community hospice,1,435.0,0.0008,2.87,Logistic,7.1
txt:depts,1,435.0,0.0009,1.93,Logistic,7.1
txt:indian,1,435.0,0.0009,1.45,Logistic,7.1
txt:start anew,1,435.0,0.0009,2.41,Logistic,7.1
txt:kid credit,1,436.0,0.0008,3.35,Logistic,7.1
txt:lot medical,1,436.0,0.0007,4.52,Logistic,7.1
txt:modern,1,436.0,0.0009,0.95,Logistic,7.1
txt:investers,1,437.0,0.0009,1.81,Logistic,7.1
txt:money owed,1,437.0,0.0009,1.3,Logistic,7.1
txt:month based,1,437.0,0.0009,1.59,Logistic,7.1
txt:tuition cost,1,437.0,0.0007,3.18,Logistic,7.1
txt:visa mastercard,1,437.0,0.0009,2.32,Logistic,7.1
txt:able good,1,438.0,0.0008,2.74,Logistic,7.1
txt:looking investor,1,438.0,0.0009,1.68,Logistic,7.1
txt:topay,1,438.0,0.0007,3.44,Logistic,7.1
txt:bay resort,1,439.0,0.0007,4.92,Logistic,7.1
txt:consolidation combine,1,440.0,0.0009,1.88,Logistic,7.1
txt:eliminate higher,1,440.0,0.0009,1.74,Logistic,7.1
txt:position year,1,440.0,0.0008,0.77,Logistic,7.1
txt:princess,1,440.0,0.0007,3.47,Logistic,7.1
txt:forever debt,1,441.0,0.0008,3.12,Logistic,7.1
txt:able financial,1,442.0,0.0007,4.16,Logistic,7.1
txt:axis,1,442.0,0.0008,3.77,Logistic,7.1
txt:credit review,1,442.0,0.0008,0.93,Logistic,7.1
txt:lender funded,1,442.0,0.0009,1.33,Logistic,7.1
txt:money rid,1,443.0,0.0008,2.81,Logistic,7.1
txt:orkin pest,1,443.0,0.0008,2.57,Logistic,7.1
txt:set free,1,443.0,0.0009,1.92,Logistic,7.1
txt:card guy,1,444.0,0.0007,4.0,Logistic,7.1
txt:cost home,1,444.0,0.0009,1.33,Logistic,7.1
txt:fcps,1,444.0,0.0007,4.12,Logistic,7.1
txt:flavor,1,444.0,0.0008,2.39,Logistic,7.1
txt:pay irs,1,444.0,0.0008,0.68,Logistic,7.1
txt:consolidaton,1,447.0,0.0009,2.44,Logistic,7.1
txt:pay attorney,1,447.0,0.0009,1.5,Logistic,7.1
txt:responsable,1,447.0,0.0008,3.05,Logistic,7.1
txt:consolidation mission,1,448.0,0.0008,2.74,Logistic,7.1
txt:debt obtain,1,448.0,0.0008,2.57,Logistic,7.1
txt:help accomplish,1,448.0,0.0009,1.75,Logistic,7.1
txt:pay check,1,448.0,0.0008,0.97,Logistic,7.1
txt:payday credit,1,448.0,0.0007,5.5,Logistic,7.1
txt:tough year,1,448.0,0.0007,3.35,Logistic,7.1
txt:build addition,1,449.0,0.0007,3.88,Logistic,7.1
txt:campus,1,449.0,0.0008,1.28,Logistic,7.1
txt:getting life,1,449.0,0.0008,2.66,Logistic,7.1
txt:saving paying,1,449.0,0.0008,1.03,Logistic,7.1
txt:half debt,1,450.0,0.0008,2.05,Logistic,7.1
txt:karen,1,450.0,0.0008,2.39,Logistic,7.1
txt:omnicare,1,450.0,0.0007,4.9,Logistic,7.1
txt:month bonus,1,451.0,0.0009,1.52,Logistic,7.1
txt:revel,1,451.0,0.0007,3.47,Logistic,7.1
txt:debt admin,1,452.0,0.0007,4.78,Logistic,7.1
txt:debt helper,1,452.0,0.0008,3.2,Logistic,7.1
txt:excess,1,452.0,0.0008,1.19,Logistic,7.1
txt:point life,1,452.0,0.0008,0.89,Logistic,7.1
txt:contracted,1,453.0,0.0008,0.96,Logistic,7.1
txt:universal,1,453.0,0.0008,1.0,Logistic,7.1
txt:biller,1,454.0,0.0007,4.08,Logistic,7.1
txt:family help,1,454.0,0.0008,1.1,Logistic,7.1
txt:investor future,1,454.0,0.0008,1.46,Logistic,7.1
txt:begin investing,1,455.0,0.0008,2.6,Logistic,7.1
txt:consolidation employment,1,455.0,0.0007,4.63,Logistic,7.1
txt:fusion,1,455.0,0.0008,1.8,Logistic,7.1
txt:wearhouse,1,455.0,0.0007,4.43,Logistic,7.1
txt:career worked,1,456.0,0.0008,1.96,Logistic,7.1
txt:caretaker,1,456.0,0.0007,7.88,Logistic,7.1
txt:having pay,1,456.0,0.0008,0.99,Logistic,7.1
txt:knight frank,1,456.0,0.0007,3.52,Logistic,7.1
txt:caesar,1,457.0,0.0008,2.81,Logistic,7.1
txt:deductible,1,457.0,0.0008,0.82,Logistic,7.1
txt:help daughter,1,457.0,0.0008,1.27,Logistic,7.1
txt:money unexpected,1,457.0,0.0007,2.95,Logistic,7.1
txt:purchasing house,1,457.0,0.0008,1.9,Logistic,7.1
txt:receive social,1,457.0,0.0008,1.3,Logistic,7.1
txt:consolidation master,1,458.0,0.0006,4.55,Logistic,7.1
txt:davis county,1,458.0,0.0007,5.55,Logistic,7.1
txt:debt army,1,458.0,0.0007,3.62,Logistic,7.1
txt:going paying,1,458.0,0.0008,0.9,Logistic,7.1
txt:gyn,1,458.0,0.0007,2.85,Logistic,7.1
txt:investor question,1,458.0,0.0008,1.52,Logistic,7.1
txt:use payment,1,458.0,0.0008,2.77,Logistic,7.1
txt:consolidation village,1,459.0,0.0007,3.07,Logistic,7.1
txt:kai,1,459.0,0.0007,6.23,Logistic,7.1
txt:maquet,1,459.0,0.0008,2.45,Logistic,7.1
txt:med center,1,459.0,0.0008,3.0,Logistic,7.1
txt:obtain consolidate,1,459.0,0.0008,2.0,Logistic,7.1
txt:pay approximately,1,459.0,0.0008,1.53,Logistic,7.1
txt:breathe easier,1,460.0,0.0008,2.0,Logistic,7.1
txt:cut high,1,460.0,0.0008,2.31,Logistic,7.1
txt:humanity,1,460.0,0.0008,2.77,Logistic,7.1
txt:include new,1,460.0,0.0008,1.13,Logistic,7.1
txt:business started,1,461.0,0.0008,2.15,Logistic,7.1
txt:help payoff,1,461.0,0.0008,1.14,Logistic,7.1
txt:moving forward,1,461.0,0.0008,1.35,Logistic,7.1
txt:appreciates,1,462.0,0.0008,1.59,Logistic,7.1
txt:insurance phone,1,462.0,0.0007,0.87,Logistic,7.1
txt:branch,1,463.0,0.0007,0.84,Logistic,7.1
txt:faster start,1,463.0,0.0007,5.21,Logistic,7.1
txt:year layoff,1,463.0,0.0007,3.77,Logistic,7.1
txt:couple week,1,464.0,0.0008,1.56,Logistic,7.1
txt:reliant,1,464.0,0.0008,1.41,Logistic,7.1
txt:unstable,1,464.0,0.0008,2.32,Logistic,7.1
txt:discrepancy,1,465.0,0.0008,1.32,Logistic,7.1
txt:consolidation ross,1,466.0,0.0007,4.17,Logistic,7.1
txt:lacy,1,466.0,0.0007,5.08,Logistic,7.1
txt:worker looking,1,466.0,0.0007,3.55,Logistic,7.1
txt:consolidating total,1,467.0,0.0007,3.12,Logistic,7.1
txt:ending,1,467.0,0.0008,1.29,Logistic,7.1
txt:anniston,1,468.0,0.0007,3.86,Logistic,7.1
txt:help house,1,468.0,0.0008,2.77,Logistic,7.1
txt:year teaching,1,468.0,0.0008,1.55,Logistic,7.1
txt:york company,1,468.0,0.0006,3.48,Logistic,7.1
txt:consolidation kroger,1,469.0,0.0008,1.81,Logistic,7.1
txt:replace payment,1,469.0,0.0008,2.01,Logistic,7.1
txt:iam,1,470.0,0.0007,0.74,Logistic,7.1
txt:addition family,1,471.0,0.0008,3.1,Logistic,7.1
txt:consolidation bell,1,471.0,0.0007,4.87,Logistic,7.1
txt:history paying,1,471.0,0.0007,0.78,Logistic,7.1
txt:bad economic,1,472.0,0.0008,1.79,Logistic,7.1
txt:room breath,1,472.0,0.0007,3.78,Logistic,7.1
txt:trust fund,1,472.0,0.0008,2.39,Logistic,7.1
txt:balance consolidate,1,473.0,0.0008,1.97,Logistic,7.1
txt:card owe,1,473.0,0.0007,1.09,Logistic,7.1
txt:spread,1,473.0,0.0007,1.35,Logistic,7.1
txt:area rapid,1,474.0,0.0007,3.34,Logistic,7.1
txt:asking consolidate,1,474.0,0.0007,2.1,Logistic,7.1
txt:intention pay,1,474.0,0.0007,0.71,Logistic,7.1
txt:self employment,1,474.0,0.0008,1.78,Logistic,7.1
txt:simple,1,474.0,0.0008,1.09,Logistic,7.1
txt:account bank,1,475.0,0.0008,1.48,Logistic,7.1
txt:bureau prison,1,475.0,0.0008,1.28,Logistic,7.1
txt:payment charge,1,475.0,0.0007,2.38,Logistic,7.1
txt:child custody,1,476.0,0.0007,1.27,Logistic,7.1
txt:wife use,1,476.0,0.0008,1.72,Logistic,7.1
txt:business used,1,477.0,0.0007,2.57,Logistic,7.1
txt:responsible payoff,1,477.0,0.0007,4.21,Logistic,7.1
txt:village,1,477.0,0.0007,0.69,Logistic,7.1
txt:metro area,1,478.0,0.0008,1.3,Logistic,7.1
txt:service agency,1,478.0,0.0007,3.09,Logistic,7.1
txt:snapple,1,478.0,0.0007,2.98,Logistic,7.1
txt:sure paid,1,478.0,0.0008,1.54,Logistic,7.1
txt:hope buy,1,479.0,0.0006,3.52,Logistic,7.1
txt:pepper snapple,1,479.0,0.0007,2.98,Logistic,7.1
txt:retainer,1,479.0,0.0006,3.02,Logistic,7.1
txt:cause pay,1,480.0,0.0007,2.28,Logistic,7.1
txt:expense didn,1,480.0,0.0008,1.71,Logistic,7.1
txt:resale,1,480.0,0.0007,1.61,Logistic,7.1
txt:consolidation naval,1,481.0,0.0007,2.82,Logistic,7.1
txt:easier manage,1,481.0,0.0008,1.64,Logistic,7.1
txt:flow personal,1,481.0,0.0007,3.88,Logistic,7.1
txt:glidewell,1,481.0,0.0007,4.66,Logistic,7.1
txt:importer,1,481.0,0.0006,4.02,Logistic,7.1
txt:oswego,1,481.0,0.0006,3.07,Logistic,7.1
txt:allowing opportunity,1,482.0,0.0007,2.47,Logistic,7.1
txt:debt combining,1,482.0,0.0007,3.74,Logistic,7.1
txt:help really,1,482.0,0.0006,0.97,Logistic,7.1
txt:home daughter,1,482.0,0.0007,2.78,Logistic,7.1
txt:wamu,1,482.0,0.0007,0.96,Logistic,7.1
txt:invest great,1,483.0,0.0007,2.31,Logistic,7.1
txt:sheraton,1,483.0,0.0007,2.79,Logistic,7.1
txt:city los,1,484.0,0.0007,1.48,Logistic,7.1
txt:consolidation night,1,484.0,0.0007,4.42,Logistic,7.1
txt:gratitude,1,484.0,0.0006,0.74,Logistic,7.1
txt:hanover regional,1,484.0,0.0006,3.38,Logistic,7.1
txt:mistake debt,1,484.0,0.0007,2.58,Logistic,7.1
txt:final year,1,485.0,0.0007,2.0,Logistic,7.1
txt:interval,1,485.0,0.0006,3.61,Logistic,7.1
txt:new project,1,485.0,0.0007,1.9,Logistic,7.1
txt:required credit,1,485.0,0.0007,2.67,Logistic,7.1
txt:little minimum,1,486.0,0.0007,2.72,Logistic,7.1
txt:suggestion,1,486.0,0.0006,1.14,Logistic,7.1
txt:change term,1,487.0,0.0006,0.76,Logistic,7.1
txt:monthly exp,1,487.0,0.0007,2.2,Logistic,7.1
txt:thing debt,1,487.0,0.0007,2.67,Logistic,7.1
txt:fund small,1,488.0,0.0007,1.84,Logistic,7.1
txt:wisconsin,1,488.0,0.0007,1.16,Logistic,7.1
txt:multiple company,1,489.0,0.0007,2.87,Logistic,7.1
txt:pay late,1,489.0,0.0007,0.93,Logistic,7.1
txt:stair,1,489.0,0.0008,2.73,Logistic,7.1
txt:work looking,1,489.0,0.0007,2.3,Logistic,7.1
txt:applying pay,1,490.0,0.0006,1.49,Logistic,7.1
txt:consolidate total,1,490.0,0.0007,2.46,Logistic,7.1
txt:reform,1,490.0,0.0006,3.08,Logistic,7.1
txt:think good,1,490.0,0.0007,1.11,Logistic,7.1
txt:boeing company,1,491.0,0.0007,1.24,Logistic,7.1
txt:pay seperate,1,491.0,0.0007,4.71,Logistic,7.1
txt:able paid,1,492.0,0.0007,2.06,Logistic,7.1
txt:express chase,1,492.0,0.0007,1.81,Logistic,7.1
txt:help monthly,1,492.0,0.0007,1.14,Logistic,7.1
txt:issue paying,1,492.0,0.0007,1.1,Logistic,7.1
txt:organize debt,1,493.0,0.0007,2.7,Logistic,7.1
txt:consolidation cnc,1,494.0,0.0006,6.43,Logistic,7.1
txt:payment repay,1,494.0,0.0007,0.94,Logistic,7.1
txt:saia motor,1,494.0,0.0006,4.11,Logistic,7.1
txt:college fund,1,495.0,0.0007,1.2,Logistic,7.1
txt:management year,1,495.0,0.0007,1.72,Logistic,7.1
txt:palmetto,1,495.0,0.0006,2.87,Logistic,7.1
txt:pay simple,1,495.0,0.0006,3.64,Logistic,7.1
txt:mechanic,1,496.0,0.0006,1.01,Logistic,7.1
txt:removing,1,496.0,0.0007,2.48,Logistic,7.1
txt:bring monthly,1,497.0,0.0006,1.1,Logistic,7.1
txt:consolidation francis,1,498.0,0.0007,2.27,Logistic,7.1
txt:fund needed,1,498.0,0.0006,1.16,Logistic,7.1
txt:sanitation worker,1,499.0,0.0006,3.71,Logistic,7.1
txt:tennis,1,500.0,0.0007,1.59,Logistic,7.1
txt:truth,1,500.0,0.0006,0.76,Logistic,7.1
txt:cash reserve,1,501.0,0.0006,1.09,Logistic,7.1
txt:ready debt,1,501.0,0.0006,0.76,Logistic,7.1
txt:house repair,1,502.0,0.0006,2.01,Logistic,7.1
txt:large debt,1,502.0,0.0006,1.01,Logistic,7.1
txt:income house,1,503.0,0.0006,1.15,Logistic,7.1
txt:simplexgrinnell,1,503.0,0.0006,2.1,Logistic,7.1
txt:dave,1,504.0,0.0006,1.12,Logistic,7.1
txt:total year,1,504.0,0.0006,1.18,Logistic,7.1
txt:new gutter,1,505.0,0.0006,3.03,Logistic,7.1
txt:paid consolidate,1,505.0,0.0007,2.11,Logistic,7.1
txt:paying payment,1,505.0,0.0006,0.69,Logistic,7.1
txt:carr,1,506.0,0.0006,2.84,Logistic,7.1
txt:easier help,1,506.0,0.0006,2.04,Logistic,7.1
txt:securitas security,1,506.0,0.0006,2.4,Logistic,7.1
txt:allow breathing,1,507.0,0.0006,3.84,Logistic,7.1
txt:new bed,1,507.0,0.0006,2.45,Logistic,7.1
txt:weren,1,507.0,0.0006,0.96,Logistic,7.1
txt:burden pay,1,508.0,0.0006,3.97,Logistic,7.1
txt:financial crisis,1,508.0,0.0007,1.66,Logistic,7.1
txt:heart attack,1,508.0,0.0006,1.14,Logistic,7.1
txt:paying tax,1,508.0,0.0006,2.29,Logistic,7.1
txt:sts,1,508.0,0.0005,4.3,Logistic,7.1
txt:brick,1,509.0,0.0006,1.76,Logistic,7.1
txt:card wife,1,509.0,0.0005,0.79,Logistic,7.1
txt:horton,1,509.0,0.0006,3.07,Logistic,7.1
txt:stay monthly,1,509.0,0.0006,2.36,Logistic,7.1
txt:instead currently,1,510.0,0.0006,1.42,Logistic,7.1
txt:card bring,1,511.0,0.0007,1.53,Logistic,7.1
txt:cuisine,1,511.0,0.0006,2.82,Logistic,7.1
txt:improvement employed,1,511.0,0.0006,2.96,Logistic,7.1
txt:income secure,1,512.0,0.0006,1.26,Logistic,7.1
txt:plus month,1,512.0,0.0006,1.91,Logistic,7.1
txt:agree,1,513.0,0.0005,0.97,Logistic,7.1
txt:card overall,1,513.0,0.0005,3.39,Logistic,7.1
txt:month getting,1,513.0,0.0006,1.37,Logistic,7.1
txt:payment truly,1,513.0,0.0006,1.82,Logistic,7.1
txt:boeing,1,514.0,0.0005,1.1,Logistic,7.1
txt:forward question,1,514.0,0.0006,3.2,Logistic,7.1
txt:old college,1,514.0,0.0005,0.89,Logistic,7.1
txt:pathology,1,515.0,0.0006,2.59,Logistic,7.1
txt:payment week,1,515.0,0.0005,0.98,Logistic,7.1
txt:consolidation fund,1,517.0,0.0006,2.42,Logistic,7.1
txt:rate fee,1,517.0,0.0005,0.9,Logistic,7.1
txt:help good,1,518.0,0.0005,1.12,Logistic,7.1
txt:help resolve,1,518.0,0.0006,4.13,Logistic,7.1
txt:person job,1,518.0,0.0005,2.21,Logistic,7.1
txt:viewing request,1,518.0,0.0006,1.74,Logistic,7.1
txt:community support,1,519.0,0.0006,4.61,Logistic,7.1
txt:qualify home,1,519.0,0.0006,3.07,Logistic,7.1
txt:usc medical,1,519.0,0.0005,3.74,Logistic,7.1
txt:year consolidate,1,519.0,0.0005,0.84,Logistic,7.1
txt:day payment,1,520.0,0.0006,1.78,Logistic,7.1
txt:funded able,1,520.0,0.0005,1.57,Logistic,7.1
txt:investor funding,1,520.0,0.0005,1.41,Logistic,7.1
txt:rock,1,520.0,0.0005,0.94,Logistic,7.1
txt:combine debt,1,522.0,0.0006,1.77,Logistic,7.1
txt:consiladate,1,522.0,0.0005,4.2,Logistic,7.1
txt:flight,1,522.0,0.0005,0.74,Logistic,7.1
txt:root canal,1,522.0,0.0005,2.28,Logistic,7.1
txt:paid short,1,523.0,0.0006,1.91,Logistic,7.1
txt:payment combine,1,523.0,0.0006,3.14,Logistic,7.1
txt:prepared pay,1,523.0,0.0006,3.12,Logistic,7.1
txt:year increased,1,524.0,0.0005,1.15,Logistic,7.1
txt:nyct,1,525.0,0.0006,3.22,Logistic,7.1
txt:consoildation,1,526.0,0.0006,2.07,Logistic,7.1
txt:financial group,1,526.0,0.0005,0.79,Logistic,7.1
txt:military year,1,526.0,0.0005,1.81,Logistic,7.1
txt:new flooring,1,526.0,0.0005,1.16,Logistic,7.1
txt:protect credit,1,526.0,0.0005,2.36,Logistic,7.1
txt:alpine,1,527.0,0.0005,1.38,Logistic,7.1
txt:consolidation verizon,1,527.0,0.0005,1.04,Logistic,7.1
txt:damaging,1,527.0,0.0005,3.78,Logistic,7.1
txt:consolidate freedom,1,528.0,0.0005,3.2,Logistic,7.1
txt:keeping payment,1,528.0,0.0006,2.54,Logistic,7.1
txt:heb,1,529.0,0.0005,2.89,Logistic,7.1
txt:ordered,1,529.0,0.0005,1.35,Logistic,7.1
txt:month issue,1,530.0,0.0005,1.78,Logistic,7.1
txt:rebound,1,530.0,0.0005,4.13,Logistic,7.1
txt:fund allow,1,531.0,0.0005,1.58,Logistic,7.1
txt:money friend,1,531.0,0.0005,2.71,Logistic,7.1
txt:relocation moving,1,531.0,0.0005,3.13,Logistic,7.1
txt:advance assistance,1,532.0,0.0004,1.29,Logistic,7.1
txt:help promise,1,532.0,0.0004,1.28,Logistic,7.1
txt:debt simple,1,533.0,0.0004,1.18,Logistic,7.1
txt:fresno,1,534.0,0.0005,1.92,Logistic,7.1
txt:team industrial,1,534.0,0.0005,3.44,Logistic,7.1
txt:version,1,534.0,0.0004,0.76,Logistic,7.1
txt:credit risk,1,535.0,0.0004,1.12,Logistic,7.1
txt:debt joseph,1,535.0,0.0005,4.46,Logistic,7.1
txt:plan putting,1,535.0,0.0005,2.22,Logistic,7.1
txt:stony,1,535.0,0.0005,4.08,Logistic,7.1
txt:talk,1,535.0,0.0004,0.94,Logistic,7.1
txt:bowling,1,536.0,0.0005,3.08,Logistic,7.1
txt:expense unexpected,1,536.0,0.0005,1.54,Logistic,7.1
txt:card big,1,537.0,0.0005,1.85,Logistic,7.1
txt:montage,1,537.0,0.0005,3.08,Logistic,7.1
txt:work care,1,537.0,0.0005,3.49,Logistic,7.1
txt:looking funding,1,538.0,0.0005,1.55,Logistic,7.1
txt:payment sure,1,538.0,0.0004,1.36,Logistic,7.1
txt:piazza,1,538.0,0.0005,3.77,Logistic,7.1
txt:bayonne,1,539.0,0.0005,3.11,Logistic,7.1
txt:account look,1,540.0,0.0005,2.67,Logistic,7.1
txt:city charlotte,1,540.0,0.0005,3.6,Logistic,7.1
txt:consolidation commerce,1,540.0,0.0005,4.68,Logistic,7.1
txt:better cash,1,541.0,0.0005,3.22,Logistic,7.1
txt:check pay,1,541.0,0.0004,1.38,Logistic,7.1
txt:job question,1,542.0,0.0005,1.92,Logistic,7.1
txt:begin new,1,543.0,0.0005,1.95,Logistic,7.1
txt:debt scheduled,1,543.0,0.0005,2.89,Logistic,7.1
txt:informa,1,544.0,0.0005,2.82,Logistic,7.1
txt:registered respiratory,1,544.0,0.0005,3.9,Logistic,7.1
txt:orthodontist,1,545.0,0.0004,2.26,Logistic,7.1
txt:save day,1,545.0,0.0005,4.82,Logistic,7.1
txt:month dept,1,547.0,0.0005,2.79,Logistic,7.1
txt:payoff creditcards,1,547.0,0.0005,3.68,Logistic,7.1
txt:securitas usa,1,547.0,0.0005,5.79,Logistic,7.1
txt:simply pay,1,547.0,0.0003,1.16,Logistic,7.1
txt:start financially,1,548.0,0.0005,4.0,Logistic,7.1
txt:consolidate home,1,549.0,0.0003,0.82,Logistic,7.1
txt:consolidation volvo,1,549.0,0.0005,3.04,Logistic,7.1
txt:gaf,1,549.0,0.0005,3.04,Logistic,7.1
txt:cnc,1,550.0,0.0005,3.49,Logistic,7.1
txt:chance prove,1,551.0,0.0004,3.04,Logistic,7.1
txt:dental pay,1,551.0,0.0004,2.61,Logistic,7.1
txt:finisher,1,551.0,0.0004,4.0,Logistic,7.1
txt:money spend,1,551.0,0.0003,0.95,Logistic,7.1
txt:pay monthy,1,551.0,0.0004,2.58,Logistic,7.1
txt:washington university,1,551.0,0.0003,0.78,Logistic,7.1
txt:employer looking,1,554.0,0.0003,2.15,Logistic,7.1
txt:improvement macys,1,554.0,0.0004,3.52,Logistic,7.1
txt:monterey county,1,554.0,0.0004,3.4,Logistic,7.1
txt:recently divorced,1,554.0,0.0002,1.25,Logistic,7.1
txt:dependable job,1,555.0,0.0003,2.03,Logistic,7.1
txt:paid expense,1,555.0,0.0003,1.13,Logistic,7.1
txt:service master,1,556.0,0.0004,3.33,Logistic,7.1
txt:worker stable,1,556.0,0.0004,1.86,Logistic,7.1
txt:debt rose,1,557.0,0.0005,3.18,Logistic,7.1
txt:legal issue,1,557.0,0.0004,2.74,Logistic,7.1
txt:lease life,1,558.0,0.0005,4.82,Logistic,7.1
txt:offer payment,1,559.0,0.0004,2.77,Logistic,7.1
txt:consolidate track,1,560.0,0.0005,3.26,Logistic,7.1
txt:instead small,1,560.0,0.0004,2.59,Logistic,7.1
txt:menards,1,561.0,0.0003,2.02,Logistic,7.1
txt:high rate,1,565.0,0.0004,3.98,Logistic,7.1
txt:payment consilidation,1,566.0,0.0004,4.78,Logistic,7.1
txt:year supporting,1,566.0,0.0004,2.54,Logistic,7.1
txt:destroy debt,1,568.0,0.0004,4.05,Logistic,7.1
txt:helpmeout,1,568.0,0.0004,3.58,Logistic,7.1
txt:consolidation medco,1,569.0,0.0003,2.36,Logistic,7.1
txt:desperately trying,1,569.0,0.0004,2.68,Logistic,7.1
txt:disease,1,569.0,0.0001,1.08,Logistic,7.1
txt:account debit,1,570.0,0.0004,2.82,Logistic,7.1
txt:clinical lab,1,570.0,0.0004,3.52,Logistic,7.1
txt:consolidation catalina,1,570.0,0.0004,5.43,Logistic,7.1
txt:help job,1,570.0,0.0001,0.94,Logistic,7.1
txt:card payday,1,571.0,0.0004,3.98,Logistic,7.1
txt:life payoff,1,571.0,0.0004,2.81,Logistic,7.1
txt:paying easy,1,571.0,0.0004,3.37,Logistic,7.1
txt:payment overwhelming,1,572.0,0.0004,4.77,Logistic,7.1
txt:bank monthly,1,573.0,0.0004,4.24,Logistic,7.1
txt:year manager,1,573.0,0.0001,1.75,Logistic,7.1
txt:opening business,1,575.0,0.0004,2.74,Logistic,7.1
txt:card verizon,1,578.0,0.0004,3.98,Logistic,7.1
txt:different day,1,578.0,0.0003,2.36,Logistic,7.1
txt:scott,1,579.0,0.0,1.27,Logistic,7.1
txt:guardsmark llc,1,580.0,0.0004,3.9,Logistic,7.1
txt:credit moving,1,583.0,0.0004,3.3,Logistic,7.1
txt:aiding,1,585.0,0.0003,4.07,Logistic,7.1
txt:help,14,34.64,0.0073,4.59,RandomForest,100.0
txt:ring,14,79.57,0.001,5.51,RandomForest,100.0
txt:engagement,14,80.43,0.001,6.45,RandomForest,100.0
txt:engagement ring,14,93.14,0.0006,5.18,RandomForest,100.0
txt:ups,14,195.86,0.0,5.74,RandomForest,100.0
txt:apr,13,55.23,0.0028,5.2,RandomForest,92.9
txt:pool,13,78.46,0.0013,11.85,RandomForest,92.9
txt:motorcycle,13,79.0,0.001,3.75,RandomForest,92.9
txt:mta,13,263.62,0.0,10.44,RandomForest,92.9
txt:help foot,13,278.46,0.0,4.41,RandomForest,92.9
txt:excellent credit,12,70.33,0.0019,3.43,RandomForest,85.7
txt:trailer,12,192.08,0.0001,2.72,RandomForest,85.7
txt:payday,12,223.83,0.0,3.31,RandomForest,85.7
txt:pay problem,12,252.25,0.0,3.19,RandomForest,85.7
txt:buster,12,435.75,0.0,3.53,RandomForest,85.7
txt:college,11,51.91,0.003,4.57,RandomForest,78.6
txt:refinance,11,55.64,0.0022,5.39,RandomForest,78.6
txt:university,11,57.18,0.0022,6.33,RandomForest,78.6
txt:walmart,11,121.55,0.0002,5.33,RandomForest,78.6
txt:harbor,11,289.73,0.0,4.01,RandomForest,78.6
txt:good payer,11,291.09,0.0,7.58,RandomForest,78.6
txt:rate,10,35.0,0.0076,9.73,RandomForest,71.4
txt:salary,10,78.9,0.0012,3.0,RandomForest,71.4
txt:payment debt,10,84.9,0.0006,3.22,RandomForest,71.4
txt:refi,10,107.0,0.0003,3.65,RandomForest,71.4
txt:consulting,10,115.1,0.0003,2.98,RandomForest,71.4
txt:fresh,10,118.9,0.0002,5.5,RandomForest,71.4
txt:casino,10,175.1,0.0001,3.03,RandomForest,71.4
txt:state postal,10,244.1,0.0,3.41,RandomForest,71.4
txt:know happy,10,255.1,0.0,3.56,RandomForest,71.4
txt:trustworthy,10,295.1,0.0,2.18,RandomForest,71.4
txt:financial debt,10,323.8,0.0,4.0,RandomForest,71.4
txt:steel,10,337.0,0.0,4.08,RandomForest,71.4
txt:verizon communication,10,471.6,0.0,4.52,RandomForest,71.4
txt:state highway,10,522.5,0.0,3.63,RandomForest,71.4
txt:credit,9,20.44,0.0154,2.88,RandomForest,64.3
txt:debt consolidation,9,32.0,0.0085,12.79,RandomForest,64.3
txt:card consolidation,9,64.11,0.0016,6.42,RandomForest,64.3
txt:wedding,9,68.67,0.0016,3.75,RandomForest,64.3
txt:relief,9,124.56,0.0002,4.66,RandomForest,64.3
txt:fresh start,9,139.89,0.0001,6.14,RandomForest,64.3
txt:peace,9,145.78,0.0001,3.24,RandomForest,64.3
txt:learning,9,154.67,0.0,3.38,RandomForest,64.3
txt:lockheed,9,167.56,0.0,3.42,RandomForest,64.3
txt:marriott,9,213.11,0.0,3.16,RandomForest,64.3
txt:home care,9,242.0,0.0,4.21,RandomForest,64.3
txt:jeweler,9,254.56,0.0,3.82,RandomForest,64.3
txt:jcpenney,9,263.22,0.0,3.59,RandomForest,64.3
txt:hyundai,9,263.33,0.0,4.99,RandomForest,64.3
txt:month know,9,274.56,0.0,2.59,RandomForest,64.3
txt:marriott international,9,314.89,0.0,4.97,RandomForest,64.3
txt:debt hospital,9,342.89,0.0,5.68,RandomForest,64.3
txt:debt buster,9,359.0,0.0,4.44,RandomForest,64.3
txt:consilidate,9,420.22,0.0,4.99,RandomForest,64.3
txt:wanna,9,448.33,0.0,6.39,RandomForest,64.3
txt:vacation vacation,9,479.0,0.0,3.15,RandomForest,64.3
txt:suitable,9,484.11,0.0,4.09,RandomForest,64.3
txt:starbucks,9,506.89,0.0,8.91,RandomForest,64.3
txt:united nation,9,516.11,0.0,7.37,RandomForest,64.3
txt:debt,8,22.38,0.0132,8.25,RandomForest,57.1
txt:card,8,27.38,0.0118,3.75,RandomForest,57.1
txt:credit card,8,28.75,0.0116,3.61,RandomForest,57.1
txt:consolidation,8,30.38,0.01,6.71,RandomForest,57.1
txt:card refinance,8,86.62,0.0006,3.91,RandomForest,57.1
txt:engineering,8,94.38,0.0004,3.59,RandomForest,57.1
txt:mother,8,119.62,0.0002,3.59,RandomForest,57.1
txt:mind,8,121.0,0.0002,2.92,RandomForest,57.1
txt:com,8,140.88,0.0001,3.32,RandomForest,57.1
txt:high intrest,8,166.12,0.0,3.18,RandomForest,57.1
txt:patrick,8,191.25,0.0,3.62,RandomForest,57.1
txt:money asap,8,226.25,0.0,3.4,RandomForest,57.1
txt:nordstrom,8,235.75,0.0,2.79,RandomForest,57.1
txt:learning center,8,245.0,0.0,3.78,RandomForest,57.1
txt:inter,8,252.25,0.0,5.88,RandomForest,57.1
txt:debt relief,8,268.25,0.0,2.78,RandomForest,57.1
txt:pioneer,8,276.75,0.0,2.76,RandomForest,57.1
txt:husband pay,8,282.88,0.0,2.55,RandomForest,57.1
txt:help don,8,287.38,0.0,2.68,RandomForest,57.1
txt:lausd,8,288.88,0.0,3.68,RandomForest,57.1
txt:happy new,8,301.25,0.0,3.5,RandomForest,57.1
txt:null freedom,8,320.75,0.0,3.65,RandomForest,57.1
txt:used debt,8,327.62,0.0,2.57,RandomForest,57.1
txt:enhance,8,349.12,0.0,3.14,RandomForest,57.1
txt:debt verizon,8,359.0,0.0,4.96,RandomForest,57.1
txt:marketing group,8,375.25,0.0,3.46,RandomForest,57.1
txt:personnel,8,422.12,0.0,3.11,RandomForest,57.1
txt:wet,8,432.88,0.0,3.61,RandomForest,57.1
txt:card major,8,444.75,0.0,3.21,RandomForest,57.1
txt:build business,8,462.0,0.0,4.51,RandomForest,57.1
txt:sheetmetal,8,541.88,0.0,9.22,RandomForest,57.1
txt:secure solution,8,548.25,0.0,5.04,RandomForest,57.1
txt:senate,8,555.88,0.0,8.23,RandomForest,57.1
txt:sarah,8,558.0,0.0,6.46,RandomForest,57.1
txt:personal,7,52.29,0.0029,4.31,RandomForest,50.0
txt:card payoff,7,64.29,0.0012,2.98,RandomForest,50.0
txt:baby,7,90.43,0.0006,2.52,RandomForest,50.0
txt:intrest,7,95.29,0.0004,3.14,RandomForest,50.0
txt:lower monthly,7,106.57,0.0004,2.79,RandomForest,50.0
txt:dont,7,109.14,0.0003,1.78,RandomForest,50.0
txt:matter,7,123.14,0.0001,2.35,RandomForest,50.0
txt:pay pay,7,137.43,0.0001,3.32,RandomForest,50.0
txt:payment instead,7,139.43,0.0001,5.65,RandomForest,50.0
txt:card refi,7,146.29,0.0001,4.38,RandomForest,50.0
txt:bike,7,153.14,0.0003,2.14,RandomForest,50.0
txt:resort,7,159.86,0.0,4.3,RandomForest,50.0
txt:verizon,7,160.86,0.0001,4.17,RandomForest,50.0
txt:thats,7,167.57,0.0,2.59,RandomForest,50.0
txt:lockheed martin,7,177.0,0.0,3.9,RandomForest,50.0
txt:payment new,7,179.29,0.0,2.99,RandomForest,50.0
txt:metal,7,192.0,0.0,4.07,RandomForest,50.0
txt:paid consolidation,7,197.43,0.0,3.81,RandomForest,50.0
txt:myloan,7,215.57,0.0,3.52,RandomForest,50.0
txt:month chase,7,221.14,0.0,2.87,RandomForest,50.0
txt:merchandising,7,229.86,0.0,3.43,RandomForest,50.0
txt:plane ticket,7,229.86,0.0,3.13,RandomForest,50.0
txt:medical medical,7,231.86,0.0,3.21,RandomForest,50.0
txt:odds,7,232.14,0.0,3.01,RandomForest,50.0
txt:piece mind,7,234.0,0.0,2.4,RandomForest,50.0
txt:life saver,7,246.71,0.0,4.7,RandomForest,50.0
txt:john debt,7,256.71,0.0,2.95,RandomForest,50.0
txt:breathing,7,259.29,0.0,2.26,RandomForest,50.0
txt:income yearly,7,261.43,0.0,2.82,RandomForest,50.0
txt:income employment,7,269.57,0.0,3.28,RandomForest,50.0
txt:home upgrade,7,270.86,0.0,3.43,RandomForest,50.0
txt:guidance,7,280.0,0.0,5.74,RandomForest,50.0
txt:hair,7,280.86,0.0,5.41,RandomForest,50.0
txt:hallmark,7,281.57,0.0,5.72,RandomForest,50.0
txt:good value,7,287.0,0.0,3.57,RandomForest,50.0
txt:help money,7,300.86,0.0,3.95,RandomForest,50.0
txt:debt consolidated,7,312.29,0.0,3.29,RandomForest,50.0
txt:frank,7,316.71,0.0,3.64,RandomForest,50.0
txt:going divorce,7,317.57,0.0,2.16,RandomForest,50.0
txt:garden,7,318.43,0.0,2.5,RandomForest,50.0
txt:debt walmart,7,324.0,0.0,5.79,RandomForest,50.0
txt:future investor,7,325.14,0.0,2.52,RandomForest,50.0
txt:disposal,7,346.71,0.0,3.86,RandomForest,50.0
txt:paying rent,7,349.14,0.0,3.13,RandomForest,50.0
txt:new equipment,7,354.57,0.0,3.31,RandomForest,50.0
txt:convenience store,7,363.71,0.0,6.65,RandomForest,50.0
txt:declared bankruptcy,7,363.86,0.0,1.93,RandomForest,50.0
txt:work school,7,367.0,0.0,3.19,RandomForest,50.0
txt:debt general,7,375.0,0.0,4.77,RandomForest,50.0
txt:creates,7,383.29,0.0,2.71,RandomForest,50.0
txt:consolidation needed,7,398.0,0.0,3.02,RandomForest,50.0
txt:consolidation pacific,7,398.43,0.0,4.49,RandomForest,50.0
txt:command,7,421.0,0.0,1.95,RandomForest,50.0
txt:chip,7,427.14,0.0,3.29,RandomForest,50.0
txt:cod,7,428.71,0.0,2.38,RandomForest,50.0
txt:carol,7,437.43,0.0,3.8,RandomForest,50.0
txt:tube,7,479.57,0.0,5.28,RandomForest,50.0
txt:trump,7,479.86,0.0,10.17,RandomForest,50.0
txt:atleast,7,481.0,0.0,4.26,RandomForest,50.0
txt:swoop,7,499.57,0.0,3.79,RandomForest,50.0
txt:ace,7,500.29,0.0,3.3,RandomForest,50.0
txt:simple payment,7,504.71,0.0,3.23,RandomForest,50.0
txt:pseg,7,522.14,0.0,4.32,RandomForest,50.0
txt:printer,7,532.43,0.0,5.45,RandomForest,50.0
txt:servicing,7,549.43,0.0,2.58,RandomForest,50.0
txt:plan remain,7,560.71,0.0,3.82,RandomForest,50.0
txt:repair damage,7,561.71,0.0,4.05,RandomForest,50.0
txt:currently,6,65.33,0.0022,3.09,RandomForest,42.9
txt:lower rate,6,70.67,0.0015,9.13,RandomForest,42.9
txt:worker,6,95.67,0.0004,1.74,RandomForest,42.9
txt:debt help,6,101.0,0.0004,2.92,RandomForest,42.9
txt:travel,6,111.67,0.0002,2.35,RandomForest,42.9
txt:obtain,6,121.67,0.0003,1.84,RandomForest,42.9
txt:heart,6,127.33,0.0001,2.93,RandomForest,42.9
txt:god,6,130.17,0.0003,2.65,RandomForest,42.9
txt:postal service,6,149.5,0.0001,5.09,RandomForest,42.9
txt:foot,6,150.33,0.0001,1.85,RandomForest,42.9
txt:personal debt,6,151.83,0.0,1.45,RandomForest,42.9
txt:swimming,6,154.0,0.0001,5.06,RandomForest,42.9
txt:swimming pool,6,157.0,0.0001,4.83,RandomForest,42.9
txt:boat,6,159.83,0.0001,3.32,RandomForest,42.9
txt:backyard,6,161.0,0.0,4.21,RandomForest,42.9
txt:personal expense,6,164.33,0.0,3.47,RandomForest,42.9
txt:stress,6,166.5,0.0002,2.28,RandomForest,42.9
txt:pizza,6,170.67,0.0,3.21,RandomForest,42.9
txt:new start,6,172.17,0.0,2.61,RandomForest,42.9
txt:pay getting,6,183.67,0.0,3.63,RandomForest,42.9
txt:improvement home,6,187.0,0.0,2.49,RandomForest,42.9
txt:paralegal,6,193.33,0.0,2.34,RandomForest,42.9
txt:refinance credit,6,201.5,0.0001,2.41,RandomForest,42.9
txt:mountain,6,207.67,0.0,2.29,RandomForest,42.9
txt:mobility,6,224.17,0.0,2.73,RandomForest,42.9
txt:mail,6,228.5,0.0,2.31,RandomForest,42.9
txt:looking debt,6,230.0,0.0,1.69,RandomForest,42.9
txt:meal,6,230.83,0.0,2.45,RandomForest,42.9
txt:maintained good,6,233.33,0.0,4.48,RandomForest,42.9
txt:intrest credit,6,236.33,0.0,2.14,RandomForest,42.9
txt:level communication,6,240.17,0.0,4.35,RandomForest,42.9
txt:lower intrest,6,242.0,0.0,2.44,RandomForest,42.9
txt:pretty good,6,242.5,0.0,2.11,RandomForest,42.9
txt:pay hospital,6,247.5,0.0,3.06,RandomForest,42.9
txt:little breathing,6,250.17,0.0,3.18,RandomForest,42.9
txt:freight,6,259.0,0.0,3.69,RandomForest,42.9
txt:pool pool,6,262.5,0.0,3.49,RandomForest,42.9
txt:house company,6,266.67,0.0,3.74,RandomForest,42.9
txt:toyota,6,266.83,0.0,2.71,RandomForest,42.9
txt:irs credit,6,268.17,0.0,2.61,RandomForest,42.9
txt:hertz,6,275.67,0.0,4.02,RandomForest,42.9
txt:heritage bank,6,276.0,0.0,5.39,RandomForest,42.9
txt:revenue,6,277.5,0.0,1.55,RandomForest,42.9
txt:internal revenue,6,277.83,0.0,1.85,RandomForest,42.9
txt:gca,6,283.5,0.0,4.95,RandomForest,42.9
txt:going vacation,6,284.33,0.0,3.86,RandomForest,42.9
txt:history paid,6,288.67,0.0,2.84,RandomForest,42.9
txt:fix thing,6,289.5,0.0,8.83,RandomForest,42.9
txt:morse,6,289.83,0.0,3.66,RandomForest,42.9
txt:excalibur,6,302.5,0.0,8.17,RandomForest,42.9
txt:excited started,6,302.83,0.0,3.99,RandomForest,42.9
txt:general atomics,6,315.83,0.0,5.0,RandomForest,42.9
txt:famous,6,317.33,0.0,5.93,RandomForest,42.9
txt:kendall,6,318.33,0.0,4.13,RandomForest,42.9
txt:logo,6,323.67,0.0,4.36,RandomForest,42.9
txt:gaining,6,325.0,0.0,3.69,RandomForest,42.9
txt:forum,6,330.5,0.0,2.91,RandomForest,42.9
txt:debt consoldiation,6,333.5,0.0,5.0,RandomForest,42.9
txt:federal gov,6,337.83,0.0,2.28,RandomForest,42.9
txt:debt closing,6,344.17,0.0,3.04,RandomForest,42.9
txt:ddi,6,344.33,0.0,4.26,RandomForest,42.9
txt:year account,6,345.83,0.0,3.86,RandomForest,42.9
txt:dyncorp,6,347.83,0.0,3.63,RandomForest,42.9
txt:debt consoldation,6,355.5,0.0,3.54,RandomForest,42.9
txt:dst,6,357.67,0.0,2.98,RandomForest,42.9
txt:debt ups,6,361.17,0.0,4.87,RandomForest,42.9
txt:consolidation vision,6,362.83,0.0,6.21,RandomForest,42.9
txt:consolidation shaw,6,370.0,0.0,5.47,RandomForest,42.9
txt:consolidation ups,6,377.83,0.0,3.45,RandomForest,42.9
txt:debt consalidation,6,378.67,0.0,3.6,RandomForest,42.9
txt:emergency use,6,379.0,0.0,2.44,RandomForest,42.9
txt:prospect,6,389.17,0.0,3.43,RandomForest,42.9
txt:consolidation hope,6,389.67,0.0,7.79,RandomForest,42.9
txt:cosolidation,6,395.83,0.0,2.65,RandomForest,42.9
txt:consolidation walmart,6,399.67,0.0,5.41,RandomForest,42.9
txt:consolidation kaiser,6,407.5,0.0,3.08,RandomForest,42.9
txt:new business,6,408.33,0.0,4.87,RandomForest,42.9
txt:consoladate,6,413.17,0.0,3.6,RandomForest,42.9
txt:consolidation california,6,414.5,0.0,4.74,RandomForest,42.9
txt:mushroom,6,414.67,0.0,4.91,RandomForest,42.9
txt:witch,6,416.5,0.0,2.56,RandomForest,42.9
txt:cochran,6,423.17,0.0,4.94,RandomForest,42.9
txt:pay book,6,439.33,0.0,3.31,RandomForest,42.9
txt:car service,6,449.17,0.0,3.55,RandomForest,42.9
txt:cape,6,450.67,0.0,3.15,RandomForest,42.9
txt:burger king,6,462.33,0.0,4.05,RandomForest,42.9
txt:standard,6,462.5,0.0,3.76,RandomForest,42.9
txt:tarp,6,462.83,0.0,3.88,RandomForest,42.9
txt:bellevue,6,473.83,0.0,4.31,RandomForest,42.9
txt:beaver,6,475.33,0.0,3.19,RandomForest,42.9
txt:bistro,6,475.33,0.0,6.44,RandomForest,42.9
txt:vacation year,6,475.83,0.0,3.15,RandomForest,42.9
txt:booming,6,478.5,0.0,2.62,RandomForest,42.9
txt:atomics,6,479.83,0.0,5.0,RandomForest,42.9
txt:superstore,6,480.67,0.0,5.26,RandomForest,42.9
txt:westin,6,481.33,0.0,10.34,RandomForest,42.9
txt:baking,6,482.0,0.0,4.02,RandomForest,42.9
txt:audio visual,6,483.5,0.0,3.07,RandomForest,42.9
txt:temporarily,6,486.83,0.0,2.74,RandomForest,42.9
txt:body work,6,489.17,0.0,2.47,RandomForest,42.9
txt:ann,6,489.83,0.0,3.39,RandomForest,42.9
txt:agent,6,490.17,0.0,2.03,RandomForest,42.9
txt:ankle,6,493.0,0.0,3.69,RandomForest,42.9
txt:airtran,6,496.33,0.0,6.23,RandomForest,42.9
txt:volunteer work,6,501.0,0.0,3.19,RandomForest,42.9
txt:year son,6,504.33,0.0,2.53,RandomForest,42.9
txt:vaction,6,508.67,0.0,3.18,RandomForest,42.9
txt:solomon,6,515.0,0.0,5.31,RandomForest,42.9
txt:ralph,6,528.67,0.0,5.4,RandomForest,42.9
txt:treat,6,532.83,0.0,3.16,RandomForest,42.9
txt:radiology,6,533.33,0.0,3.8,RandomForest,42.9
txt:sheet metal,6,540.0,0.0,3.72,RandomForest,42.9
txt:scripps,6,546.83,0.0,3.3,RandomForest,42.9
txt:surface,6,551.83,0.0,3.6,RandomForest,42.9
txt:revenue service,6,565.0,0.0,1.85,RandomForest,42.9
txt:recover,6,585.67,0.0,2.02,RandomForest,42.9
txt:student,5,30.4,0.0042,1.37,RandomForest,35.7
txt:monthly payment,5,50.4,0.003,2.56,RandomForest,35.7
txt:daughter,5,62.2,0.0013,1.51,RandomForest,35.7
txt:water,5,64.6,0.0011,1.3,RandomForest,35.7
txt:school,5,65.0,0.0018,4.04,RandomForest,35.7
txt:kid,5,69.6,0.001,2.49,RandomForest,35.7
txt:change,5,82.6,0.0006,2.44,RandomForest,35.7
txt:rate credit,5,82.8,0.0013,4.51,RandomForest,35.7
txt:consolidate debt,5,85.2,0.0009,3.38,RandomForest,35.7
txt:start,5,86.6,0.0008,4.35,RandomForest,35.7
txt:card rate,5,117.0,0.0004,3.55,RandomForest,35.7
txt:pay payment,5,152.8,0.0001,2.24,RandomForest,35.7
txt:state university,5,164.2,0.0,4.36,RandomForest,35.7
txt:paychex,5,182.0,0.0,4.52,RandomForest,35.7
txt:payment rent,5,183.2,0.0,2.21,RandomForest,35.7
txt:pay ahead,5,192.6,0.0,1.68,RandomForest,35.7
txt:inground,5,197.0,0.0,3.07,RandomForest,35.7
txt:alot,5,199.8,0.0001,2.4,RandomForest,35.7
txt:brother,5,200.2,0.0,1.46,RandomForest,35.7
txt:hot tub,5,202.6,0.0,3.91,RandomForest,35.7
txt:needing consolidate,5,207.4,0.0,3.97,RandomForest,35.7
txt:moved apartment,5,218.4,0.0,2.08,RandomForest,35.7
txt:money way,5,219.8,0.0,2.47,RandomForest,35.7
txt:commercial,5,226.6,0.0,3.35,RandomForest,35.7
txt:lakewood,5,237.6,0.0,3.56,RandomForest,35.7
txt:late plan,5,242.6,0.0,2.71,RandomForest,35.7
txt:payment business,5,244.8,0.0,2.71,RandomForest,35.7
txt:know debt,5,248.0,0.0,2.67,RandomForest,35.7
txt:post office,5,248.6,0.0,2.3,RandomForest,35.7
txt:lens,5,249.2,0.0,2.08,RandomForest,35.7
txt:michael,5,249.2,0.0,3.11,RandomForest,35.7
txt:jus,5,252.8,0.0,6.03,RandomForest,35.7
txt:holiday expense,5,254.0,0.0,4.32,RandomForest,35.7
txt:junior,5,256.4,0.0,2.26,RandomForest,35.7
txt:league,5,256.4,0.0,1.94,RandomForest,35.7
txt:job decent,5,258.8,0.0,2.45,RandomForest,35.7
txt:knowledge,5,261.0,0.0,2.17,RandomForest,35.7
txt:investor pay,5,267.8,0.0,2.75,RandomForest,35.7
txt:accomplish,5,269.8,0.0001,1.26,RandomForest,35.7
txt:household bank,5,273.6,0.0,2.8,RandomForest,35.7
txt:house hold,5,274.2,0.0,5.26,RandomForest,35.7
txt:given chance,5,276.6,0.0,3.91,RandomForest,35.7
txt:consolidation air,5,277.6,0.0,3.04,RandomForest,35.7
txt:clothing,5,281.0,0.0,4.04,RandomForest,35.7
txt:hyatt,5,281.6,0.0,2.28,RandomForest,35.7
txt:golf,5,282.2,0.0,2.26,RandomForest,35.7
txt:help right,5,283.0,0.0,3.53,RandomForest,35.7
txt:highland,5,292.8,0.0,3.8,RandomForest,35.7
txt:beautiful,5,294.2,0.0,2.63,RandomForest,35.7
txt:exterminator,5,295.8,0.0,7.5,RandomForest,35.7
txt:everyday life,5,299.0,0.0,3.95,RandomForest,35.7
txt:help mother,5,300.4,0.0,2.13,RandomForest,35.7
txt:help lot,5,300.8,0.0,1.97,RandomForest,35.7
txt:exsisting,5,302.6,0.0,4.38,RandomForest,35.7
txt:grace,5,311.4,0.0,2.27,RandomForest,35.7
txt:food debt,5,315.0,0.0,2.89,RandomForest,35.7
txt:great debt,5,317.0,0.0,2.15,RandomForest,35.7
txt:impacting,5,317.6,0.0,3.5,RandomForest,35.7
txt:improvement good,5,324.2,0.0,4.53,RandomForest,35.7
txt:functional,5,327.0,0.0,2.19,RandomForest,35.7
txt:dyncorp international,5,327.8,0.0,4.17,RandomForest,35.7
txt:pratt,5,328.8,0.0,4.12,RandomForest,35.7
txt:debt trouble,5,329.0,0.0,3.67,RandomForest,35.7
txt:flex,5,332.6,0.0,2.8,RandomForest,35.7
txt:fulfill,5,332.8,0.0,3.17,RandomForest,35.7
txt:pay funeral,5,333.8,0.0,3.04,RandomForest,35.7
txt:blessed,5,340.4,0.0,2.07,RandomForest,35.7
txt:lifesaver,5,343.8,0.0,4.27,RandomForest,35.7
txt:paid high,5,348.2,0.0,3.12,RandomForest,35.7
txt:email bank,5,356.2,0.0,2.08,RandomForest,35.7
txt:credti,5,356.6,0.0,4.13,RandomForest,35.7
txt:consolitation,5,367.0,0.0,4.14,RandomForest,35.7
txt:consolidation prince,5,376.2,0.0,5.69,RandomForest,35.7
txt:debt consildation,5,377.2,0.0,5.36,RandomForest,35.7
txt:debt consolitation,5,380.0,0.0,4.33,RandomForest,35.7
txt:crdit card,5,380.2,0.0,2.89,RandomForest,35.7
txt:accenture,5,381.8,0.0,2.56,RandomForest,35.7
txt:consolidation monterey,5,381.8,0.0,4.53,RandomForest,35.7
txt:deal money,5,383.8,0.0,2.43,RandomForest,35.7
txt:crdit,5,386.6,0.0,2.84,RandomForest,35.7
txt:consolidation mta,5,388.8,0.0,6.56,RandomForest,35.7
txt:currently job,5,389.6,0.0,1.55,RandomForest,35.7
txt:cargill,5,389.8,0.0,3.5,RandomForest,35.7
txt:consolidation hudson,5,391.8,0.0,6.93,RandomForest,35.7
txt:cosolidate,5,393.8,0.0,3.75,RandomForest,35.7
txt:way work,5,416.4,0.0,2.74,RandomForest,35.7
txt:consildation,5,416.8,0.0,4.54,RandomForest,35.7
txt:publix,5,418.8,0.0,3.06,RandomForest,35.7
txt:city board,5,428.8,0.0,4.35,RandomForest,35.7
txt:midas,5,434.6,0.0,5.96,RandomForest,35.7
txt:cheney,5,435.8,0.0,3.76,RandomForest,35.7
txt:west marine,5,436.8,0.0,3.97,RandomForest,35.7
txt:walsh,5,437.6,0.0,5.89,RandomForest,35.7
txt:card hsbc,5,442.8,0.0,3.13,RandomForest,35.7
txt:month installment,5,444.2,0.0,4.96,RandomForest,35.7
txt:morongo casino,5,445.0,0.0,5.61,RandomForest,35.7
txt:upcoming winter,5,445.4,0.0,3.99,RandomForest,35.7
txt:card trip,5,445.8,0.0,5.29,RandomForest,35.7
txt:car walmart,5,450.2,0.0,3.76,RandomForest,35.7
txt:trip europe,5,454.4,0.0,6.52,RandomForest,35.7
txt:business start,5,461.2,0.0,3.39,RandomForest,35.7
txt:total total,5,463.8,0.0,2.98,RandomForest,35.7
txt:blockbuster,5,468.8,0.0,4.66,RandomForest,35.7
txt:behavioral health,5,476.2,0.0,3.73,RandomForest,35.7
txt:aunt,5,476.4,0.0,3.32,RandomForest,35.7
txt:shaw,5,477.2,0.0,2.65,RandomForest,35.7
txt:bailout,5,480.8,0.0,4.84,RandomForest,35.7
txt:barker,5,481.6,0.0,6.24,RandomForest,35.7
txt:barrel,5,481.8,0.0,3.14,RandomForest,35.7
txt:auto center,5,487.4,0.0,4.94,RandomForest,35.7
txt:american airline,5,491.4,0.0,3.31,RandomForest,35.7
txt:aegis,5,493.2,0.0,2.6,RandomForest,35.7
txt:ace hardware,5,494.4,0.0,3.8,RandomForest,35.7
txt:alorica,5,497.0,0.0,9.82,RandomForest,35.7
txt:university colorado,5,497.4,0.0,3.12,RandomForest,35.7
txt:able budget,5,499.6,0.0,1.66,RandomForest,35.7
txt:transplant,5,500.8,0.0,2.14,RandomForest,35.7
txt:affordable debt,5,505.8,0.0,5.11,RandomForest,35.7
txt:personal department,5,506.0,0.0,4.16,RandomForest,35.7
txt:track consolidation,5,509.0,0.0,2.37,RandomForest,35.7
txt:abramson,5,509.6,0.0,14.51,RandomForest,35.7
txt:used paid,5,513.4,0.0,3.63,RandomForest,35.7
txt:surgery center,5,516.0,0.0,3.55,RandomForest,35.7
txt:social worker,5,519.8,0.0,3.21,RandomForest,35.7
txt:state prison,5,524.4,0.0,3.54,RandomForest,35.7
txt:shelly,5,524.8,0.0,3.58,RandomForest,35.7
txt:public record,5,527.6,0.0,1.74,RandomForest,35.7
txt:sprint,5,527.8,0.0,1.95,RandomForest,35.7
txt:singer,5,535.0,0.0,2.64,RandomForest,35.7
txt:sheet,5,544.4,0.0,2.53,RandomForest,35.7
txt:select,5,549.0,0.0,2.49,RandomForest,35.7
txt:scottsdale,5,551.0,0.0,3.71,RandomForest,35.7
txt:sailing,5,551.4,0.0,3.69,RandomForest,35.7
txt:saver,5,554.4,0.0,6.51,RandomForest,35.7
txt:reason high,5,561.2,0.0,2.78,RandomForest,35.7
txt:online business,5,565.2,0.0,4.42,RandomForest,35.7
txt:shop rite,5,566.6,0.0,4.42,RandomForest,35.7
txt:really payment,5,573.2,0.0,3.74,RandomForest,35.7
txt:porter,5,574.0,0.0,4.13,RandomForest,35.7
txt:refer,5,579.4,0.0,1.6,RandomForest,35.7
txt:recreation,5,584.6,0.0,1.96,RandomForest,35.7
txt:receive fund,5,596.8,0.0,2.36,RandomForest,35.7
txt:rate job,5,606.8,0.0,2.33,RandomForest,35.7
txt:balance,4,51.25,0.0058,2.53,RandomForest,28.6
txt:son,4,54.5,0.0016,1.26,RandomForest,28.6
txt:save money,4,58.75,0.0015,1.48,RandomForest,28.6
txt:great credit,4,59.5,0.0012,1.44,RandomForest,28.6
txt:finish,4,63.0,0.001,2.01,RandomForest,28.6
txt:lower,4,64.5,0.0018,3.75,RandomForest,28.6
txt:pay faster,4,84.0,0.0007,1.19,RandomForest,28.6
txt:refinancing,4,86.25,0.0008,2.96,RandomForest,28.6
txt:hopefully,4,99.25,0.0004,1.87,RandomForest,28.6
txt:technology,4,103.75,0.0004,2.95,RandomForest,28.6
txt:product,4,105.25,0.0002,2.55,RandomForest,28.6
txt:current debt,4,107.0,0.0003,1.47,RandomForest,28.6
txt:global,4,113.5,0.0002,2.03,RandomForest,28.6
txt:army,4,124.75,0.0002,3.99,RandomForest,28.6
txt:marine,4,126.25,0.0001,1.99,RandomForest,28.6
txt:quality,4,133.0,0.0001,1.89,RandomForest,28.6
txt:cpa,4,140.75,0.0001,1.28,RandomForest,28.6
txt:apr credit,4,151.0,0.0001,2.99,RandomForest,28.6
txt:pay medical,4,151.0,0.0001,2.79,RandomForest,28.6
txt:postal,4,152.25,0.0001,6.32,RandomForest,28.6
txt:music,4,154.5,0.0,1.46,RandomForest,28.6
txt:isd,4,159.25,0.0,3.57,RandomForest,28.6
txt:payer,4,168.0,0.0,1.9,RandomForest,28.6
txt:lowes,4,177.25,0.0,3.01,RandomForest,28.6
txt:pfizer,4,179.75,0.0,3.6,RandomForest,28.6
txt:tub,4,181.75,0.0,3.42,RandomForest,28.6
txt:paid rest,4,186.5,0.0,2.62,RandomForest,28.6
txt:combine,4,187.0,0.0002,1.61,RandomForest,28.6
txt:caught,4,194.0,0.0,3.99,RandomForest,28.6
txt:oil change,4,194.0,0.0,2.41,RandomForest,28.6
txt:outcome,4,196.75,0.0,1.69,RandomForest,28.6
txt:new property,4,202.25,0.0,5.0,RandomForest,28.6
txt:help save,4,223.25,0.0,2.23,RandomForest,28.6
txt:month advance,4,223.5,0.0,2.4,RandomForest,28.6
txt:medical paid,4,226.5,0.0,2.55,RandomForest,28.6
txt:money use,4,230.75,0.0,1.67,RandomForest,28.6
txt:mad,4,235.75,0.0,3.13,RandomForest,28.6
txt:consolodate,4,236.25,0.0,2.57,RandomForest,28.6
txt:lieu,4,242.25,0.0,3.67,RandomForest,28.6
txt:madison,4,244.75,0.0,2.58,RandomForest,28.6
txt:medical leave,4,246.5,0.0,2.68,RandomForest,28.6
txt:improvement general,4,255.0,0.0,4.48,RandomForest,28.6
txt:rate paying,4,257.5,0.0,1.56,RandomForest,28.6
txt:credit consolidation,4,258.25,0.0001,1.44,RandomForest,28.6
txt:lung,4,258.75,0.0,2.31,RandomForest,28.6
txt:hannaford,4,260.75,0.0,9.15,RandomForest,28.6
txt:know job,4,263.0,0.0,1.5,RandomForest,28.6
txt:hyatt regency,4,267.5,0.0,5.28,RandomForest,28.6
txt:job history,4,269.75,0.0,2.11,RandomForest,28.6
txt:job going,4,271.25,0.0,1.99,RandomForest,28.6
txt:increased credit,4,272.5,0.0,3.41,RandomForest,28.6
txt:consolidate current,4,276.25,0.0,1.94,RandomForest,28.6
txt:properly,4,276.75,0.0,1.56,RandomForest,28.6
txt:implement,4,277.5,0.0,2.14,RandomForest,28.6
txt:fastening,4,282.75,0.0,5.73,RandomForest,28.6
txt:inn,4,285.25,0.0,4.06,RandomForest,28.6
txt:life track,4,285.25,0.0,2.82,RandomForest,28.6
txt:henry ford,4,286.5,0.0,3.01,RandomForest,28.6
txt:experis,4,292.25,0.0,5.29,RandomForest,28.6
txt:faith,4,293.75,0.0,1.55,RandomForest,28.6
txt:house couple,4,295.0,0.0,1.64,RandomForest,28.6
txt:flooring home,4,299.5,0.0,3.01,RandomForest,28.6
txt:heritage,4,302.5,0.0,3.64,RandomForest,28.6
txt:paid payment,4,302.5,0.0,2.92,RandomForest,28.6
txt:exiting,4,305.0,0.0,3.37,RandomForest,28.6
txt:dsi,4,310.25,0.0,4.87,RandomForest,28.6
txt:disputed,4,310.75,0.0,3.52,RandomForest,28.6
txt:detroit medical,4,311.0,0.0,6.63,RandomForest,28.6
txt:extremly,4,312.0,0.0,2.94,RandomForest,28.6
txt:gabriel,4,312.25,0.0,3.12,RandomForest,28.6
txt:working capital,4,313.0,0.0,4.33,RandomForest,28.6
txt:dennys,4,314.75,0.0,5.62,RandomForest,28.6
txt:dmv,4,317.25,0.0,3.49,RandomForest,28.6
txt:decoration,4,321.5,0.0,4.32,RandomForest,28.6
txt:marketplace,4,323.25,0.0,5.56,RandomForest,28.6
txt:looking reduce,4,323.5,0.0,2.03,RandomForest,28.6
txt:improvement ups,4,329.25,0.0,5.47,RandomForest,28.6
txt:incur new,4,330.25,0.0,3.94,RandomForest,28.6
txt:breathing room,4,330.5,0.0,2.37,RandomForest,28.6
txt:friday,4,333.5,0.0,2.17,RandomForest,28.6
txt:debt boeing,4,338.0,0.0,4.17,RandomForest,28.6
txt:honored,4,338.0,0.0,5.0,RandomForest,28.6
txt:laborer union,4,342.0,0.0,5.41,RandomForest,28.6
txt:ensure money,4,342.25,0.0,2.36,RandomForest,28.6
txt:fargo home,4,343.75,0.0,2.74,RandomForest,28.6
txt:dart,4,351.5,0.0,3.44,RandomForest,28.6
txt:consolidation valic,4,351.75,0.0,8.2,RandomForest,28.6
txt:dallas area,4,351.75,0.0,4.56,RandomForest,28.6
txt:consolidation vertex,4,352.75,0.0,3.82,RandomForest,28.6
txt:wow,4,356.75,0.0,3.01,RandomForest,28.6
txt:warner,4,357.5,0.0,1.85,RandomForest,28.6
txt:crowne,4,359.25,0.0,3.69,RandomForest,28.6
txt:consolidation tech,4,361.5,0.0,4.31,RandomForest,28.6
txt:dress,4,362.0,0.0,3.03,RandomForest,28.6
txt:debt miss,4,362.75,0.0,4.65,RandomForest,28.6
txt:consolidation wal,4,364.25,0.0,3.92,RandomForest,28.6
txt:disney world,4,367.5,0.0,3.65,RandomForest,28.6
txt:credit mean,4,369.75,0.0,2.72,RandomForest,28.6
txt:plaza,4,371.75,0.0,3.24,RandomForest,28.6
txt:declared,4,374.75,0.0,1.74,RandomForest,28.6
txt:consolidation publix,4,375.5,0.0,4.93,RandomForest,28.6
txt:work needed,4,381.5,0.0,2.32,RandomForest,28.6
txt:consolidation service,4,382.0,0.0,3.1,RandomForest,28.6
txt:year medical,4,383.5,0.0,2.22,RandomForest,28.6
txt:whitney,4,384.75,0.0,4.36,RandomForest,28.6
txt:consolidation nypd,4,387.0,0.0,3.7,RandomForest,28.6
txt:consolidation iron,4,387.75,0.0,3.37,RandomForest,28.6
txt:custody,4,388.25,0.0,1.7,RandomForest,28.6
txt:bed,4,391.25,0.0,3.68,RandomForest,28.6
txt:continue education,4,393.25,0.0,3.26,RandomForest,28.6
txt:went year,4,395.0,0.0,2.51,RandomForest,28.6
txt:consolidation hyatt,4,396.25,0.0,3.33,RandomForest,28.6
txt:consolidation usmc,4,397.0,0.0,3.65,RandomForest,28.6
txt:consolidation aegis,4,398.0,0.0,5.74,RandomForest,28.6
txt:wife debt,4,400.0,0.0,1.67,RandomForest,28.6
txt:consolodate debt,4,400.75,0.0,3.95,RandomForest,28.6
txt:consolidation kendall,4,401.25,0.0,2.77,RandomForest,28.6
txt:lifespan,4,401.5,0.0,5.14,RandomForest,28.6
txt:consolidation frontier,4,401.75,0.0,4.54,RandomForest,28.6
txt:consolidation harbor,4,404.0,0.0,5.06,RandomForest,28.6
txt:consolidation corp,4,404.25,0.0,5.1,RandomForest,28.6
txt:whats,4,405.5,0.0,1.9,RandomForest,28.6
txt:consolidation john,4,406.25,0.0,2.7,RandomForest,28.6
txt:consolidation general,4,408.25,0.0,2.31,RandomForest,28.6
txt:consolidation hill,4,411.25,0.0,2.89,RandomForest,28.6
txt:consolidate new,4,416.0,0.0,3.76,RandomForest,28.6
txt:comprehensive,4,417.75,0.0,2.17,RandomForest,28.6
txt:cobalt,4,425.25,0.0,4.08,RandomForest,28.6
txt:collapse,4,425.75,0.0,1.75,RandomForest,28.6
txt:circle,4,427.75,0.0,5.82,RandomForest,28.6
txt:cash vacation,4,431.0,0.0,3.91,RandomForest,28.6
txt:chopper,4,431.5,0.0,3.19,RandomForest,28.6
txt:clark,4,432.75,0.0,3.2,RandomForest,28.6
txt:ventura,4,432.75,0.0,3.97,RandomForest,28.6
txt:cedit,4,433.0,0.0,3.76,RandomForest,28.6
txt:carpenter,4,435.75,0.0,1.61,RandomForest,28.6
txt:swedish,4,436.5,0.0,3.26,RandomForest,28.6
txt:supreme,4,439.0,0.0,3.95,RandomForest,28.6
txt:sick,4,444.0,0.0,2.14,RandomForest,28.6
txt:card simple,4,446.0,0.0,2.82,RandomForest,28.6
txt:car financing,4,447.5,0.0,1.28,RandomForest,28.6
txt:car smaller,4,449.0,0.0,4.16,RandomForest,28.6
txt:card air,4,450.5,0.0,4.43,RandomForest,28.6
txt:card destroy,4,451.75,0.0,4.83,RandomForest,28.6
txt:cablevision,4,455.25,0.0,2.66,RandomForest,28.6
txt:seperate,4,455.5,0.0,2.5,RandomForest,28.6
txt:venetian,4,455.75,0.0,1.9,RandomForest,28.6
txt:bright,4,458.0,0.0,2.04,RandomForest,28.6
txt:building company,4,459.0,0.0,4.96,RandomForest,28.6
txt:borgata,4,464.25,0.0,3.63,RandomForest,28.6
txt:bower,4,465.5,0.0,3.96,RandomForest,28.6
txt:wyckoff,4,468.5,0.0,7.25,RandomForest,28.6
txt:beaverton,4,469.5,0.0,2.01,RandomForest,28.6
txt:bright horizon,4,470.5,0.0,4.28,RandomForest,28.6
txt:pay plus,4,473.5,0.0,4.35,RandomForest,28.6
txt:update home,4,474.75,0.0,3.05,RandomForest,28.6
txt:bel,4,475.5,0.0,3.83,RandomForest,28.6
txt:track looking,4,479.75,0.0,4.2,RandomForest,28.6
txt:used wedding,4,480.25,0.0,1.75,RandomForest,28.6
txt:urban,4,480.75,0.0,3.86,RandomForest,28.6
txt:payoffbills,4,481.75,0.0,3.8,RandomForest,28.6
txt:bail bond,4,484.25,0.0,6.28,RandomForest,28.6
txt:belt,4,485.25,0.0,2.55,RandomForest,28.6
txt:upgrade kitchen,4,486.25,0.0,2.61,RandomForest,28.6
txt:standing account,4,487.75,0.0,2.99,RandomForest,28.6
txt:pratt whitney,4,489.0,0.0,5.87,RandomForest,28.6
txt:amo,4,490.75,0.0,5.75,RandomForest,28.6
txt:alittle,4,492.0,0.0,2.3,RandomForest,28.6
txt:productive,4,492.75,0.0,2.77,RandomForest,28.6
txt:baby room,4,493.75,0.0,1.91,RandomForest,28.6
txt:advantage tax,4,494.0,0.0,2.19,RandomForest,28.6
txt:account late,4,495.5,0.0,1.22,RandomForest,28.6
txt:aside emergency,4,496.25,0.0,3.07,RandomForest,28.6
txt:senior living,4,504.75,0.0,2.61,RandomForest,28.6
txt:uncomfortable,4,505.5,0.0,3.35,RandomForest,28.6
txt:tomorrow,4,510.0,0.0,1.52,RandomForest,28.6
txt:medical department,4,512.0,0.0,3.56,RandomForest,28.6
txt:taking help,4,515.25,0.0,2.4,RandomForest,28.6
txt:supply company,4,518.25,0.0,2.68,RandomForest,28.6
txt:new outlook,4,521.75,0.0,5.47,RandomForest,28.6
txt:stress free,4,522.25,0.0,3.06,RandomForest,28.6
txt:used needed,4,527.5,0.0,3.56,RandomForest,28.6
txt:utility month,4,529.5,0.0,2.95,RandomForest,28.6
txt:schulte roth,4,535.25,0.0,4.67,RandomForest,28.6
txt:sister wedding,4,536.0,0.0,2.33,RandomForest,28.6
txt:signature,4,537.0,0.0,1.96,RandomForest,28.6
txt:short month,4,538.25,0.0,2.14,RandomForest,28.6
txt:shoot,4,538.75,0.0,1.82,RandomForest,28.6
txt:reddy,4,541.25,0.0,5.54,RandomForest,28.6
txt:soldier army,4,543.0,0.0,3.33,RandomForest,28.6
txt:sick family,4,544.25,0.0,3.62,RandomForest,28.6
txt:sleepys,4,544.25,0.0,5.04,RandomForest,28.6
txt:purchase payoff,4,545.25,0.0,4.38,RandomForest,28.6
txt:shannon,4,545.75,0.0,3.01,RandomForest,28.6
txt:remodeling repair,4,546.5,0.0,3.34,RandomForest,28.6
txt:simpson,4,548.0,0.0,3.45,RandomForest,28.6
txt:schulte,4,550.5,0.0,3.48,RandomForest,28.6
txt:secure pay,4,555.0,0.0,5.28,RandomForest,28.6
txt:shipbuilding,4,559.75,0.0,3.58,RandomForest,28.6
txt:wisely,4,560.0,0.0,2.43,RandomForest,28.6
txt:price chopper,4,563.0,0.0,3.67,RandomForest,28.6
txt:regent,4,565.75,0.0,3.04,RandomForest,28.6
txt:risk pay,4,565.75,0.0,3.15,RandomForest,28.6
txt:zone,4,595.0,0.0,2.8,RandomForest,28.6
txt:really work,4,598.25,0.0,3.41,RandomForest,28.6
txt:minimum,3,22.0,0.0069,1.48,RandomForest,21.4
txt:year,3,54.33,0.0039,4.45,RandomForest,21.4
txt:district,3,55.67,0.0018,1.27,RandomForest,21.4
txt:pay credit,3,59.0,0.0027,4.67,RandomForest,21.4
txt:track,3,65.0,0.0013,1.6,RandomForest,21.4
txt:room,3,69.33,0.001,2.05,RandomForest,21.4
txt:higher,3,86.33,0.0009,6.02,RandomForest,21.4
txt:pay early,3,93.67,0.0005,1.27,RandomForest,21.4
txt:divorce,3,100.67,0.0004,1.31,RandomForest,21.4
txt:missed,3,104.0,0.0004,3.7,RandomForest,21.4
txt:lower apr,3,106.67,0.0003,1.7,RandomForest,21.4
txt:graduate,3,108.67,0.0003,2.81,RandomForest,21.4
txt:creditor,3,114.0,0.0003,2.29,RandomForest,21.4
txt:higher rate,3,114.33,0.0003,4.48,RandomForest,21.4
txt:question feel,3,116.33,0.0002,1.54,RandomForest,21.4
txt:debt payment,3,121.0,0.0002,2.85,RandomForest,21.4
txt:instead,3,122.33,0.0002,3.77,RandomForest,21.4
txt:peace mind,3,126.67,0.0001,1.78,RandomForest,21.4
txt:verified,3,127.33,0.0001,2.67,RandomForest,21.4
txt:looking forward,3,130.33,0.0001,1.47,RandomForest,21.4
txt:price,3,138.67,0.0001,2.06,RandomForest,21.4
txt:pay car,3,160.0,0.0,3.17,RandomForest,21.4
txt:previously,3,160.67,0.0,1.39,RandomForest,21.4
txt:discover,3,161.67,0.0,3.98,RandomForest,21.4
txt:kept,3,162.0,0.0001,1.14,RandomForest,21.4
txt:prep,3,169.33,0.0,1.25,RandomForest,21.4
txt:period credit,3,171.33,0.0,2.35,RandomForest,21.4
txt:plan consolidating,3,174.0,0.0,2.13,RandomForest,21.4
txt:light,3,174.33,0.0001,1.45,RandomForest,21.4
txt:arizona,3,174.67,0.0,3.17,RandomForest,21.4
txt:online,3,175.0,0.0,1.37,RandomForest,21.4
txt:plane,3,175.0,0.0,1.36,RandomForest,21.4
txt:card personal,3,175.67,0.0,4.99,RandomForest,21.4
txt:pay care,3,176.33,0.0,2.99,RandomForest,21.4
txt:personal bank,3,178.0,0.0,1.83,RandomForest,21.4
txt:amex,3,178.33,0.0,4.73,RandomForest,21.4
txt:payoff city,3,178.33,0.0,2.13,RandomForest,21.4
txt:payment affordable,3,185.33,0.0,2.25,RandomForest,21.4
txt:paying right,3,187.0,0.0,2.04,RandomForest,21.4
txt:family member,3,187.33,0.0002,1.0,RandomForest,21.4
txt:past balance,3,187.67,0.0,2.4,RandomForest,21.4
txt:paying rate,3,193.67,0.0,1.53,RandomForest,21.4
txt:nova,3,195.33,0.0,3.65,RandomForest,21.4
txt:outback steakhouse,3,198.0,0.0,1.97,RandomForest,21.4
txt:outback,3,199.0,0.0,1.87,RandomForest,21.4
txt:package,3,206.67,0.0,1.97,RandomForest,21.4
txt:nco,3,208.0,0.0,4.32,RandomForest,21.4
txt:nation,3,211.67,0.0,2.84,RandomForest,21.4
txt:month come,3,213.0,0.0,2.3,RandomForest,21.4
txt:new beginning,3,213.0,0.0,2.75,RandomForest,21.4
txt:new life,3,215.67,0.0,1.47,RandomForest,21.4
txt:natural gas,3,219.0,0.0,1.12,RandomForest,21.4
txt:money doing,3,219.33,0.0,2.63,RandomForest,21.4
txt:mission hospital,3,219.67,0.0,3.95,RandomForest,21.4
txt:month add,3,222.0,0.0,2.79,RandomForest,21.4
txt:concentrate,3,233.67,0.0,3.03,RandomForest,21.4
txt:dad,3,235.67,0.0,1.27,RandomForest,21.4
txt:largo,3,239.0,0.0,3.03,RandomForest,21.4
txt:instead good,3,242.33,0.0,3.24,RandomForest,21.4
txt:latin,3,246.67,0.0,3.96,RandomForest,21.4
txt:link,3,248.0,0.0,2.31,RandomForest,21.4
txt:lower debt,3,248.33,0.0,1.09,RandomForest,21.4
txt:looking obtain,3,249.67,0.0,1.45,RandomForest,21.4
txt:home fixing,3,250.33,0.0,4.3,RandomForest,21.4
txt:home service,3,251.33,0.0,5.43,RandomForest,21.4
txt:liz,3,254.0,0.0,1.82,RandomForest,21.4
txt:island home,3,257.33,0.0,5.29,RandomForest,21.4
txt:god bless,3,258.0,0.0,1.33,RandomForest,21.4
txt:keiser,3,258.33,0.0,3.84,RandomForest,21.4
txt:learned credit,3,258.33,0.0,1.38,RandomForest,21.4
txt:inova,3,258.67,0.0,3.38,RandomForest,21.4
txt:retired,3,260.33,0.0002,2.01,RandomForest,21.4
txt:graphic,3,261.67,0.0,3.91,RandomForest,21.4
txt:hra,3,262.0,0.0,3.56,RandomForest,21.4
txt:group llp,3,263.0,0.0,3.41,RandomForest,21.4
txt:home improve,3,266.0,0.0,3.23,RandomForest,21.4
txt:jefferson county,3,266.33,0.0,2.1,RandomForest,21.4
txt:gale,3,269.0,0.0,4.26,RandomForest,21.4
txt:fulcrum,3,269.33,0.0,5.29,RandomForest,21.4
txt:good example,3,270.0,0.0,4.39,RandomForest,21.4
txt:grand wailea,3,272.0,0.0,6.22,RandomForest,21.4
txt:idea pay,3,272.67,0.0,1.98,RandomForest,21.4
txt:iron mountain,3,274.0,0.0,1.86,RandomForest,21.4
txt:internal,3,274.33,0.0,1.28,RandomForest,21.4
txt:relocation,3,275.0,0.0001,1.92,RandomForest,21.4
txt:home bank,3,278.67,0.0,2.27,RandomForest,21.4
txt:home looking,3,278.67,0.0,2.29,RandomForest,21.4
txt:state california,3,278.67,0.0,2.29,RandomForest,21.4
txt:investor really,3,279.0,0.0,1.6,RandomForest,21.4
txt:investment future,3,279.33,0.0,1.75,RandomForest,21.4
txt:got really,3,279.67,0.0,2.76,RandomForest,21.4
txt:card repair,3,282.0,0.0,4.13,RandomForest,21.4
txt:help home,3,282.33,0.0,3.11,RandomForest,21.4
txt:freedom united,3,285.67,0.0,5.45,RandomForest,21.4
txt:income problem,3,285.67,0.0,1.5,RandomForest,21.4
txt:food city,3,286.0,0.0,8.49,RandomForest,21.4
txt:history job,3,286.67,0.0,2.63,RandomForest,21.4
txt:inch,3,287.33,0.0,1.79,RandomForest,21.4
txt:finacial,3,288.0,0.0,2.93,RandomForest,21.4
txt:help school,3,288.67,0.0,2.04,RandomForest,21.4
txt:hard establish,3,294.0,0.0,2.89,RandomForest,21.4
txt:home monthly,3,295.67,0.0,1.65,RandomForest,21.4
txt:flooring house,3,296.0,0.0,3.54,RandomForest,21.4
txt:garda,3,296.67,0.0,2.97,RandomForest,21.4
txt:expressed,3,299.67,0.0,3.0,RandomForest,21.4
txt:emergency plan,3,301.0,0.0,3.04,RandomForest,21.4
txt:debt increase,3,309.0,0.0,2.26,RandomForest,21.4
txt:provision,3,309.67,0.0,2.85,RandomForest,21.4
txt:deco,3,315.67,0.0,4.76,RandomForest,21.4
txt:consol,3,316.0,0.0,1.6,RandomForest,21.4
txt:dept debt,3,318.67,0.0,4.42,RandomForest,21.4
txt:free little,3,319.0,0.0,3.19,RandomForest,21.4
txt:debt ernst,3,319.67,0.0,3.74,RandomForest,21.4
txt:year secure,3,320.67,0.0,2.16,RandomForest,21.4
txt:devil,3,326.67,0.0,6.04,RandomForest,21.4
txt:expense happy,3,326.67,0.0,2.54,RandomForest,21.4
txt:freedom department,3,327.0,0.0,2.16,RandomForest,21.4
txt:expendable,3,327.67,0.0,2.42,RandomForest,21.4
txt:funded pay,3,328.67,0.0,1.26,RandomForest,21.4
txt:fund new,3,330.33,0.0,2.37,RandomForest,21.4
txt:dunkin donut,3,333.33,0.0,2.73,RandomForest,21.4
txt:debt reducing,3,334.0,0.0,2.76,RandomForest,21.4
txt:fry,3,334.0,0.0,2.76,RandomForest,21.4
txt:doing able,3,335.0,0.0,3.57,RandomForest,21.4
txt:debt creditor,3,336.67,0.0,3.18,RandomForest,21.4
txt:expense dept,3,336.67,0.0,2.63,RandomForest,21.4
txt:catering,3,337.67,0.0,1.69,RandomForest,21.4
txt:credti card,3,339.33,0.0,4.43,RandomForest,21.4
txt:crystal,3,339.33,0.0,4.39,RandomForest,21.4
txt:fitch,3,340.33,0.0,1.97,RandomForest,21.4
txt:year fund,3,342.33,0.0,1.24,RandomForest,21.4
txt:catch,3,342.67,0.0,1.59,RandomForest,21.4
txt:crew,3,342.67,0.0,5.03,RandomForest,21.4
txt:control plan,3,344.0,0.0,5.43,RandomForest,21.4
txt:correction center,3,344.33,0.0,4.48,RandomForest,21.4
txt:county ventura,3,345.33,0.0,5.11,RandomForest,21.4
txt:farmer insurance,3,346.0,0.0,1.35,RandomForest,21.4
txt:yakima,3,346.67,0.0,3.52,RandomForest,21.4
txt:bless,3,347.33,0.0,1.45,RandomForest,21.4
txt:ease use,3,348.33,0.0,2.28,RandomForest,21.4
txt:ease financial,3,349.33,0.0,2.42,RandomForest,21.4
txt:europe,3,350.33,0.0,1.99,RandomForest,21.4
txt:year bonus,3,350.67,0.0,1.77,RandomForest,21.4
txt:expense personal,3,351.0,0.0,2.84,RandomForest,21.4
txt:consolidation wireless,3,351.33,0.0,5.72,RandomForest,21.4
txt:debtcon,3,354.0,0.0,4.04,RandomForest,21.4
txt:debt medical,3,358.0,0.0,2.18,RandomForest,21.4
txt:consolidation transportation,3,358.67,0.0,4.89,RandomForest,21.4
txt:cpc logistics,3,359.67,0.0,3.26,RandomForest,21.4
txt:department energy,3,359.67,0.0,3.85,RandomForest,21.4
txt:consolidation specialty,3,360.0,0.0,3.43,RandomForest,21.4
txt:improvement update,3,360.33,0.0,3.84,RandomForest,21.4
txt:consolidation scripps,3,361.33,0.0,5.25,RandomForest,21.4
txt:dept navy,3,364.0,0.0,3.07,RandomForest,21.4
txt:consolidation securitas,3,364.33,0.0,6.15,RandomForest,21.4
txt:consolidation sonic,3,365.67,0.0,4.12,RandomForest,21.4
txt:husband passed,3,366.33,0.0,5.27,RandomForest,21.4
txt:credit builder,3,367.33,0.0,4.25,RandomForest,21.4
txt:consolidation sacramento,3,367.67,0.0,4.18,RandomForest,21.4
txt:diagnosed,3,367.67,0.0,1.4,RandomForest,21.4
txt:dish,3,369.33,0.0,1.63,RandomForest,21.4
txt:debt finance,3,369.67,0.0,3.09,RandomForest,21.4
txt:consolidation nyu,3,370.33,0.0,4.3,RandomForest,21.4
txt:dept commerce,3,371.33,0.0,2.43,RandomForest,21.4
txt:consolidation michael,3,375.33,0.0,3.7,RandomForest,21.4
txt:worked employer,3,375.33,0.0,1.68,RandomForest,21.4
txt:debt question,3,376.0,0.0,1.55,RandomForest,21.4
txt:usaid,3,376.0,0.0,4.64,RandomForest,21.4
txt:consolidation physician,3,377.0,0.0,4.15,RandomForest,21.4
txt:labcorp,3,377.0,0.0,4.65,RandomForest,21.4
txt:trade,3,377.67,0.0,1.97,RandomForest,21.4
txt:kantar,3,378.0,0.0,4.35,RandomForest,21.4
txt:cty,3,378.33,0.0,2.68,RandomForest,21.4
txt:consolidation process,3,379.67,0.0,3.62,RandomForest,21.4
txt:consolidation ingram,3,380.33,0.0,4.41,RandomForest,21.4
txt:cut monthly,3,380.67,0.0,2.12,RandomForest,21.4
txt:morongo,3,381.0,0.0,4.33,RandomForest,21.4
txt:consolidation military,3,382.0,0.0,5.24,RandomForest,21.4
txt:transcription,3,383.0,0.0,5.06,RandomForest,21.4
txt:consolidation quality,3,384.33,0.0,4.31,RandomForest,21.4
txt:work going,3,386.67,0.0,1.63,RandomForest,21.4
txt:credit income,3,388.0,0.0,1.95,RandomForest,21.4
txt:treasure,3,388.33,0.0,5.87,RandomForest,21.4
txt:consolidation harrahs,3,389.0,0.0,6.34,RandomForest,21.4
txt:council,3,391.33,0.0,3.02,RandomForest,21.4
txt:consolidation nordstrom,3,392.0,0.0,4.11,RandomForest,21.4
txt:consolidation power,3,392.67,0.0,3.58,RandomForest,21.4
txt:consolidation corporation,3,393.0,0.0,4.67,RandomForest,21.4
txt:consolidation olive,3,393.0,0.0,3.9,RandomForest,21.4
txt:trucking,3,395.33,0.0,2.37,RandomForest,21.4
txt:consolidation macy,3,400.0,0.0,2.86,RandomForest,21.4
txt:week ago,3,400.67,0.0,1.48,RandomForest,21.4
txt:consolidation wedding,3,401.0,0.0,2.64,RandomForest,21.4
txt:consolidation howard,3,401.67,0.0,3.75,RandomForest,21.4
txt:north railroad,3,404.0,0.0,5.59,RandomForest,21.4
txt:considerable money,3,409.0,0.0,2.88,RandomForest,21.4
txt:sister,3,410.0,0.0,1.58,RandomForest,21.4
txt:consolidation costco,3,413.67,0.0,4.47,RandomForest,21.4
txt:consolidation green,3,414.0,0.0,3.27,RandomForest,21.4
txt:consoldation,3,414.67,0.0,2.75,RandomForest,21.4
txt:confusing,3,415.33,0.0,6.11,RandomForest,21.4
txt:consalidation,3,415.33,0.0,2.34,RandomForest,21.4
txt:souther,3,415.33,0.0,5.88,RandomForest,21.4
txt:small investment,3,416.0,0.0,1.48,RandomForest,21.4
txt:limestone,3,417.67,0.0,4.03,RandomForest,21.4
txt:company business,3,418.0,0.0,1.38,RandomForest,21.4
txt:washer,3,418.33,0.0,1.55,RandomForest,21.4
txt:concentrate paying,3,419.0,0.0,1.86,RandomForest,21.4
txt:comp,3,420.33,0.0,1.56,RandomForest,21.4
txt:company plus,3,421.0,0.0,2.04,RandomForest,21.4
txt:compact,3,422.0,0.0,2.15,RandomForest,21.4
txt:circus,3,422.33,0.0,6.09,RandomForest,21.4
txt:care service,3,426.33,0.0,5.64,RandomForest,21.4
txt:cbi,3,427.67,0.0,5.39,RandomForest,21.4
txt:central transport,3,428.67,0.0,11.66,RandomForest,21.4
txt:chop,3,430.33,0.0,1.47,RandomForest,21.4
txt:vinyl,3,432.33,0.0,2.59,RandomForest,21.4
txt:charity,3,432.67,0.0,1.52,RandomForest,21.4
txt:personal load,3,435.33,0.0,3.71,RandomForest,21.4
txt:cbre,3,435.67,0.0,2.83,RandomForest,21.4
txt:tax collector,3,438.0,0.0,4.49,RandomForest,21.4
txt:vicious,3,438.33,0.0,1.8,RandomForest,21.4
txt:centinela,3,439.0,0.0,4.05,RandomForest,21.4
txt:carl,3,439.33,0.0,3.79,RandomForest,21.4
txt:changing life,3,439.33,0.0,3.54,RandomForest,21.4
txt:carolina,3,439.67,0.0,2.18,RandomForest,21.4
txt:card post,3,440.0,0.0,6.0,RandomForest,21.4
txt:card game,3,441.67,0.0,2.25,RandomForest,21.4
txt:card finish,3,442.67,0.0,3.31,RandomForest,21.4
txt:vinyl siding,3,443.0,0.0,2.26,RandomForest,21.4
txt:card extra,3,444.0,0.0,1.76,RandomForest,21.4
txt:card ricoh,3,447.67,0.0,4.68,RandomForest,21.4
txt:canal,3,449.33,0.0,3.58,RandomForest,21.4
txt:story consolidation,3,450.0,0.0,3.26,RandomForest,21.4
txt:capable repaying,3,452.0,0.0,1.98,RandomForest,21.4
txt:card buy,3,452.0,0.0,2.54,RandomForest,21.4
txt:car replace,3,452.67,0.0,3.38,RandomForest,21.4
txt:business stable,3,453.33,0.0,1.86,RandomForest,21.4
txt:calif,3,453.67,0.0,3.6,RandomForest,21.4
txt:sce,3,453.67,0.0,4.81,RandomForest,21.4
txt:butterfly,3,455.0,0.0,3.22,RandomForest,21.4
txt:budget help,3,455.67,0.0,2.66,RandomForest,21.4
txt:violence,3,457.0,0.0,3.48,RandomForest,21.4
txt:payment cost,3,457.67,0.0,2.42,RandomForest,21.4
txt:bonus year,3,460.67,0.0,2.35,RandomForest,21.4
txt:breath easier,3,460.67,0.0,5.35,RandomForest,21.4
txt:railroad,3,460.67,0.0,2.53,RandomForest,21.4
txt:body,3,463.0,0.0,2.8,RandomForest,21.4
txt:bond,3,463.0,0.0,2.09,RandomForest,21.4
txt:brevard,3,463.33,0.0,3.9,RandomForest,21.4
txt:callaway,3,464.0,0.0,11.74,RandomForest,21.4
txt:outofdebt,3,464.33,0.0,3.24,RandomForest,21.4
txt:question let,3,464.33,0.0,1.22,RandomForest,21.4
txt:business growth,3,465.0,0.0,3.64,RandomForest,21.4
txt:blue sky,3,466.0,0.0,4.08,RandomForest,21.4
txt:promise pay,3,468.33,0.0,1.61,RandomForest,21.4
txt:month frame,3,469.33,0.0,3.42,RandomForest,21.4
txt:better chance,3,471.33,0.0,3.59,RandomForest,21.4
txt:starting fresh,3,471.33,0.0,2.62,RandomForest,21.4
txt:bag,3,472.33,0.0,3.14,RandomForest,21.4
txt:buddy,3,472.33,0.0,4.38,RandomForest,21.4
txt:star card,3,473.33,0.0,2.84,RandomForest,21.4
txt:bail,3,474.33,0.0,2.48,RandomForest,21.4
txt:bic,3,478.67,0.0,5.12,RandomForest,21.4
txt:blossom,3,480.0,0.0,8.33,RandomForest,21.4
txt:used finish,3,480.0,0.0,1.79,RandomForest,21.4
txt:arc,3,480.67,0.0,2.31,RandomForest,21.4
txt:bagel,3,481.67,0.0,4.94,RandomForest,21.4
txt:wested,3,481.67,0.0,3.37,RandomForest,21.4
txt:appreciate opportunity,3,483.0,0.0,1.73,RandomForest,21.4
txt:american home,3,486.67,0.0,2.54,RandomForest,21.4
txt:bath room,3,487.33,0.0,4.06,RandomForest,21.4
txt:allowing pay,3,488.0,0.0,2.24,RandomForest,21.4
txt:amp expense,3,488.67,0.0,3.84,RandomForest,21.4
txt:affiliated,3,493.67,0.0,3.04,RandomForest,21.4
txt:acct,3,494.0,0.0,2.2,RandomForest,21.4
txt:bell,3,495.0,0.0,2.1,RandomForest,21.4
txt:state hospital,3,495.33,0.0,2.96,RandomForest,21.4
txt:wailea,3,495.67,0.0,6.22,RandomForest,21.4
txt:accomplish goal,3,496.0,0.0,1.28,RandomForest,21.4
txt:medium network,3,500.0,0.0,4.35,RandomForest,21.4
txt:bedroom set,3,500.67,0.0,3.14,RandomForest,21.4
txt:airtran airway,3,501.0,0.0,5.22,RandomForest,21.4
txt:total payment,3,501.33,0.0,1.3,RandomForest,21.4
txt:add car,3,502.0,0.0,3.33,RandomForest,21.4
txt:underground,3,503.33,0.0,2.47,RandomForest,21.4
txt:year thing,3,505.67,0.0,2.02,RandomForest,21.4
txt:sun,3,510.33,0.0,2.29,RandomForest,21.4
txt:new shingle,3,512.0,0.0,4.3,RandomForest,21.4
txt:thing help,3,512.33,0.0,1.79,RandomForest,21.4
txt:tempe,3,513.33,0.0,2.8,RandomForest,21.4
txt:sun casino,3,513.67,0.0,3.58,RandomForest,21.4
txt:telephone,3,514.33,0.0,2.14,RandomForest,21.4
txt:student student,3,517.33,0.0,1.44,RandomForest,21.4
txt:surgeon,3,517.67,0.0,2.11,RandomForest,21.4
txt:support far,3,518.0,0.0,2.19,RandomForest,21.4
txt:summer month,3,519.67,0.0,2.43,RandomForest,21.4
txt:battery,3,520.67,0.0,2.48,RandomForest,21.4
txt:stress debt,3,522.33,0.0,3.15,RandomForest,21.4
txt:wife daughter,3,525.33,0.0,3.69,RandomForest,21.4
txt:state post,3,526.33,0.0,2.2,RandomForest,21.4
txt:southwest airline,3,529.33,0.0,1.4,RandomForest,21.4
txt:unexpected personal,3,531.67,0.0,2.89,RandomForest,21.4
txt:solar,3,532.33,0.0,2.04,RandomForest,21.4
txt:small thing,3,532.67,0.0,2.05,RandomForest,21.4
txt:shield,3,539.0,0.0,1.75,RandomForest,21.4
txt:sherwin williams,3,540.0,0.0,2.48,RandomForest,21.4
txt:telecommunication,3,540.0,0.0,3.44,RandomForest,21.4
txt:sherwin,3,541.0,0.0,2.48,RandomForest,21.4
txt:wedding help,3,545.0,0.0,3.78,RandomForest,21.4
txt:sunrise senior,3,547.0,0.0,6.63,RandomForest,21.4
txt:service llc,3,549.0,0.0,2.54,RandomForest,21.4
txt:payoff premier,3,551.67,0.0,5.97,RandomForest,21.4
txt:say invested,3,552.67,0.0,1.39,RandomForest,21.4
txt:northport,3,556.67,0.0,6.86,RandomForest,21.4
txt:ohl,3,556.67,0.0,4.03,RandomForest,21.4
txt:phoebe,3,557.67,0.0,3.89,RandomForest,21.4
txt:powered,3,557.67,0.0,3.16,RandomForest,21.4
txt:rural,3,557.67,0.0,1.7,RandomForest,21.4
txt:satisfy,3,558.0,0.0,2.48,RandomForest,21.4
txt:track money,3,558.0,0.0,3.49,RandomForest,21.4
txt:redemption,3,558.33,0.0,4.86,RandomForest,21.4
txt:retina,3,558.67,0.0,3.17,RandomForest,21.4
txt:save lower,3,559.33,0.0,2.49,RandomForest,21.4
txt:vacation debt,3,559.33,0.0,3.35,RandomForest,21.4
txt:roughly dollar,3,559.67,0.0,1.58,RandomForest,21.4
txt:rose,3,561.67,0.0,3.49,RandomForest,21.4
txt:production service,3,563.67,0.0,2.83,RandomForest,21.4
txt:repair vehicle,3,564.67,0.0,2.46,RandomForest,21.4
txt:renovating,3,566.67,0.0,2.35,RandomForest,21.4
txt:rate come,3,567.67,0.0,3.26,RandomForest,21.4
txt:reunion,3,568.0,0.0,1.72,RandomForest,21.4
txt:richard,3,568.0,0.0,2.85,RandomForest,21.4
txt:order good,3,569.0,0.0,3.4,RandomForest,21.4
txt:site service,3,571.0,0.0,4.38,RandomForest,21.4
txt:payoff army,3,571.67,0.0,3.96,RandomForest,21.4
txt:reliable car,3,571.67,0.0,1.43,RandomForest,21.4
txt:possible consolidate,3,572.67,0.0,3.9,RandomForest,21.4
txt:securitas,3,576.33,0.0,2.82,RandomForest,21.4
txt:payment freedom,3,579.67,0.0,2.74,RandomForest,21.4
txt:receipt,3,601.0,0.0,1.81,RandomForest,21.4
txt:lone,3,604.0,0.0,4.56,RandomForest,21.4
txt:chase,2,29.0,0.0046,1.17,RandomForest,14.3
txt:know,2,31.5,0.004,1.45,RandomForest,14.3
txt:card debt,2,41.0,0.0061,2.53,RandomForest,14.3
txt:investor,2,43.5,0.0025,1.04,RandomForest,14.3
txt:pay,2,45.5,0.0074,3.87,RandomForest,14.3
txt:group,2,46.0,0.0021,1.1,RandomForest,14.3
txt:continue,2,48.0,0.0022,1.15,RandomForest,14.3
txt:citi,2,51.0,0.0021,1.65,RandomForest,14.3
txt:vacation,2,52.5,0.0019,2.41,RandomForest,14.3
txt:repair,2,59.5,0.0013,2.4,RandomForest,14.3
txt:high,2,61.5,0.0024,4.31,RandomForest,14.3
txt:date,2,62.5,0.0015,1.98,RandomForest,14.3
txt:school district,2,67.5,0.0012,1.21,RandomForest,14.3
txt:agency,2,71.0,0.0011,1.32,RandomForest,14.3
txt:decent,2,75.0,0.001,1.39,RandomForest,14.3
txt:hour,2,76.0,0.0011,1.31,RandomForest,14.3
txt:let know,2,77.0,0.001,0.89,RandomForest,14.3
txt:service,2,79.5,0.0011,6.45,RandomForest,14.3
txt:bank,2,81.0,0.001,3.81,RandomForest,14.3
txt:care,2,87.0,0.0007,3.02,RandomForest,14.3
txt:lendingclub,2,97.5,0.0004,2.65,RandomForest,14.3
txt:business,2,100.5,0.0005,3.97,RandomForest,14.3
txt:begin,2,103.0,0.0003,1.18,RandomForest,14.3
txt:consolidating credit,2,107.0,0.0003,1.21,RandomForest,14.3
txt:happy,2,109.0,0.0004,1.38,RandomForest,14.3
txt:payment month,2,116.0,0.0002,3.17,RandomForest,14.3
txt:police,2,117.5,0.0002,1.49,RandomForest,14.3
txt:memorial,2,121.5,0.0002,1.13,RandomForest,14.3
txt:bank account,2,122.5,0.0001,2.28,RandomForest,14.3
txt:condo,2,126.0,0.0001,1.13,RandomForest,14.3
txt:pay wedding,2,136.5,0.0002,0.88,RandomForest,14.3
txt:year paid,2,137.0,0.0001,1.06,RandomForest,14.3
txt:pay small,2,138.5,0.0,2.09,RandomForest,14.3
txt:relocate,2,140.5,0.0,1.98,RandomForest,14.3
txt:high apr,2,142.5,0.0001,3.47,RandomForest,14.3
txt:provided,2,148.5,0.0,1.41,RandomForest,14.3
txt:town,2,155.0,0.0,0.98,RandomForest,14.3
txt:planning payoff,2,157.0,0.0,2.52,RandomForest,14.3
txt:equity,2,157.5,0.0,4.04,RandomForest,14.3
txt:plan personal,2,159.5,0.0,2.59,RandomForest,14.3
txt:pine,2,161.5,0.0,2.4,RandomForest,14.3
txt:financing,2,163.0,0.0,3.55,RandomForest,14.3
txt:tree,2,164.0,0.0,2.11,RandomForest,14.3
txt:card higher,2,166.0,0.0,4.43,RandomForest,14.3
txt:hamilton,2,167.0,0.0,2.48,RandomForest,14.3
txt:physician,2,169.0,0.0,0.85,RandomForest,14.3
txt:personal use,2,172.5,0.0,1.36,RandomForest,14.3
txt:pay history,2,175.0,0.0,2.43,RandomForest,14.3
txt:medical debt,2,176.5,0.0,2.89,RandomForest,14.3
txt:philippine,2,178.5,0.0,1.52,RandomForest,14.3
txt:pay apply,2,179.5,0.0,3.15,RandomForest,14.3
txt:pay capital,2,180.0,0.0,2.69,RandomForest,14.3
txt:payment high,2,180.0,0.0,1.52,RandomForest,14.3
txt:payment filed,2,181.0,0.0,1.76,RandomForest,14.3
txt:past mistake,2,184.0,0.0,2.17,RandomForest,14.3
txt:parish school,2,185.0,0.0,2.19,RandomForest,14.3
txt:perform,2,186.5,0.0,1.36,RandomForest,14.3
txt:paying consolidate,2,187.0,0.0,2.21,RandomForest,14.3
txt:consolidation university,2,188.0,0.0,4.01,RandomForest,14.3
txt:payment medical,2,188.5,0.0,1.71,RandomForest,14.3
txt:money long,2,189.0,0.0,1.4,RandomForest,14.3
txt:payment day,2,189.0,0.0,1.12,RandomForest,14.3
txt:paid ontime,2,189.5,0.0,1.79,RandomForest,14.3
txt:payment feel,2,190.0,0.0,1.37,RandomForest,14.3
txt:listing,2,190.5,0.0001,0.94,RandomForest,14.3
txt:needing,2,191.5,0.0,0.93,RandomForest,14.3
txt:panther,2,192.0,0.0,2.7,RandomForest,14.3
txt:payment default,2,192.0,0.0,1.62,RandomForest,14.3
txt:nursing service,2,192.5,0.0,1.98,RandomForest,14.3
txt:overwhelmed,2,192.5,0.0,1.92,RandomForest,14.3
txt:payment creditor,2,194.0,0.0,1.05,RandomForest,14.3
txt:mastercard,2,195.0,0.0,1.92,RandomForest,14.3
txt:norwalk,2,196.0,0.0,2.11,RandomForest,14.3
txt:par,2,196.0,0.0,2.37,RandomForest,14.3
txt:palm beach,2,197.0,0.0,1.65,RandomForest,14.3
txt:newell,2,198.0,0.0,2.38,RandomForest,14.3
txt:palm,2,198.0,0.0,2.62,RandomForest,14.3
txt:new look,2,199.0,0.0,2.1,RandomForest,14.3
txt:pay house,2,200.0,0.0,1.47,RandomForest,14.3
txt:obligation current,2,200.5,0.0,3.33,RandomForest,14.3
txt:nephew,2,201.5,0.0,3.3,RandomForest,14.3
txt:house payment,2,202.0,0.0001,1.12,RandomForest,14.3
txt:murray,2,202.0,0.0,2.84,RandomForest,14.3
txt:manageable monthly,2,205.5,0.0,2.85,RandomForest,14.3
txt:national grid,2,205.5,0.0,3.29,RandomForest,14.3
txt:oppurtunity,2,206.0,0.0,2.17,RandomForest,14.3
txt:pain,2,207.5,0.0,1.48,RandomForest,14.3
txt:needed debt,2,208.0,0.0,2.36,RandomForest,14.3
txt:multiple high,2,210.0,0.0,2.69,RandomForest,14.3
txt:omni,2,210.0,0.0,2.7,RandomForest,14.3
txt:new heating,2,211.0,0.0,1.44,RandomForest,14.3
txt:month compared,2,212.0,0.0,2.64,RandomForest,14.3
txt:occur,2,212.0,0.0,1.13,RandomForest,14.3
txt:help help,2,214.5,0.0,1.54,RandomForest,14.3
txt:monthly utility,2,214.5,0.0,1.97,RandomForest,14.3
txt:nan,2,216.0,0.0,1.08,RandomForest,14.3
txt:net worth,2,218.0,0.0,1.35,RandomForest,14.3
txt:new place,2,218.5,0.0,1.63,RandomForest,14.3
txt:military service,2,219.0,0.0,2.34,RandomForest,14.3
txt:natural,2,223.0,0.0,1.43,RandomForest,14.3
txt:life medical,2,223.5,0.0,3.19,RandomForest,14.3
txt:laurel,2,224.0,0.0,4.83,RandomForest,14.3
txt:month going,2,224.0,0.0,1.39,RandomForest,14.3
txt:mohegan,2,224.5,0.0,4.21,RandomForest,14.3
txt:mohegan sun,2,224.5,0.0,3.97,RandomForest,14.3
txt:mercy hospital,2,225.0,0.0,2.85,RandomForest,14.3
txt:month help,2,225.0,0.0,1.08,RandomForest,14.3
txt:linen,2,226.0,0.0,2.97,RandomForest,14.3
txt:medical tax,2,226.0,0.0,2.74,RandomForest,14.3
txt:mastercard visa,2,226.5,0.0,3.09,RandomForest,14.3
txt:lendingclubloan,2,227.0,0.0,3.54,RandomForest,14.3
txt:motor,2,228.5,0.0,1.26,RandomForest,14.3
txt:manage credit,2,229.5,0.0,2.72,RandomForest,14.3
txt:girl,2,230.0,0.0,2.11,RandomForest,14.3
txt:month instead,2,230.0,0.0,1.64,RandomForest,14.3
txt:main financial,2,231.5,0.0,3.32,RandomForest,14.3
txt:month ahead,2,232.0,0.0,1.01,RandomForest,14.3
txt:glass,2,232.5,0.0,1.8,RandomForest,14.3
txt:live debt,2,233.5,0.0,3.05,RandomForest,14.3
txt:load consolidate,2,233.5,0.0,3.6,RandomForest,14.3
txt:maine,2,233.5,0.0,3.31,RandomForest,14.3
txt:lodge,2,235.0,0.0,2.56,RandomForest,14.3
txt:manageable debt,2,235.0,0.0,2.43,RandomForest,14.3
txt:mission,2,237.0,0.0,2.43,RandomForest,14.3
txt:instead monthly,2,237.5,0.0,4.66,RandomForest,14.3
txt:married june,2,238.0,0.0,1.63,RandomForest,14.3
txt:looking combine,2,240.5,0.0,2.14,RandomForest,14.3
txt:kraft,2,244.5,0.0,2.21,RandomForest,14.3
txt:major debt,2,245.5,0.0,1.27,RandomForest,14.3
txt:latin america,2,247.5,0.0,4.97,RandomForest,14.3
txt:hospital home,2,249.0,0.0,3.52,RandomForest,14.3
txt:low overhead,2,249.5,0.0,2.06,RandomForest,14.3
txt:look going,2,250.0,0.0,1.86,RandomForest,14.3
txt:home making,2,252.0,0.0,3.88,RandomForest,14.3
txt:jonathan,2,252.0,0.0,4.66,RandomForest,14.3
txt:late house,2,253.0,0.0,1.73,RandomForest,14.3
txt:interim,2,253.5,0.0,3.17,RandomForest,14.3
txt:ive job,2,253.5,0.0,2.2,RandomForest,14.3
txt:juice,2,257.5,0.0,2.09,RandomForest,14.3
txt:life good,2,258.0,0.0,1.66,RandomForest,14.3
txt:consolidation pay,2,258.5,0.0001,0.93,RandomForest,14.3
txt:home support,2,258.5,0.0,2.7,RandomForest,14.3
txt:left job,2,259.5,0.0,1.12,RandomForest,14.3
txt:late account,2,260.0,0.0,2.53,RandomForest,14.3
txt:herald,2,260.5,0.0,2.79,RandomForest,14.3
txt:higher balance,2,260.5,0.0,2.97,RandomForest,14.3
txt:international corporation,2,261.0,0.0,4.26,RandomForest,14.3
txt:help catch,2,262.0,0.0,3.07,RandomForest,14.3
txt:gemini,2,265.5,0.0,3.11,RandomForest,14.3
txt:greek,2,265.5,0.0,4.05,RandomForest,14.3
txt:join,2,266.0,0.0,1.34,RandomForest,14.3
txt:investment home,2,267.0,0.0,1.93,RandomForest,14.3
txt:kitchen improvement,2,267.0,0.0,1.07,RandomForest,14.3
txt:job got,2,267.5,0.0,1.71,RandomForest,14.3
txt:month taking,2,269.0,0.0,2.9,RandomForest,14.3
txt:gca service,2,269.5,0.0,8.13,RandomForest,14.3
txt:metro north,2,269.5,0.0,4.85,RandomForest,14.3
txt:mgt,2,269.5,0.0,3.48,RandomForest,14.3
txt:jackie,2,270.0,0.0,5.04,RandomForest,14.3
txt:giorgio,2,270.5,0.0,4.25,RandomForest,14.3
txt:job worked,2,270.5,0.0,1.12,RandomForest,14.3
txt:interested consolidating,2,271.5,0.0,2.0,RandomForest,14.3
txt:jasper,2,271.5,0.0,6.45,RandomForest,14.3
txt:deloitte,2,272.0,0.0,3.84,RandomForest,14.3
txt:grade home,2,273.5,0.0,4.14,RandomForest,14.3
txt:irvine,2,274.5,0.0,1.87,RandomForest,14.3
txt:having monthly,2,275.0,0.0,3.27,RandomForest,14.3
txt:iron,2,275.0,0.0,3.64,RandomForest,14.3
txt:investor know,2,277.0,0.0,1.25,RandomForest,14.3
txt:freeway,2,278.0,0.0,5.3,RandomForest,14.3
txt:improve debt,2,278.5,0.0,2.73,RandomForest,14.3
txt:home buy,2,279.5,0.0,3.32,RandomForest,14.3
txt:extron electronics,2,280.5,0.0,5.47,RandomForest,14.3
txt:help needed,2,281.5,0.0,3.65,RandomForest,14.3
txt:farm service,2,282.0,0.0,4.92,RandomForest,14.3
txt:fulfillment,2,282.0,0.0,4.38,RandomForest,14.3
txt:freedom walmart,2,282.5,0.0,4.2,RandomForest,14.3
txt:insure,2,282.5,0.0,0.99,RandomForest,14.3
txt:farr,2,283.0,0.0,4.17,RandomForest,14.3
txt:interst rate,2,283.5,0.0,1.36,RandomForest,14.3
txt:help given,2,284.5,0.0,2.36,RandomForest,14.3
txt:interst,2,284.5,0.0,1.34,RandomForest,14.3
txt:help fresh,2,285.5,0.0,3.13,RandomForest,14.3
txt:increase credit,2,286.5,0.0,1.08,RandomForest,14.3
txt:freedon,2,287.5,0.0,5.7,RandomForest,14.3
txt:incorporated,2,287.5,0.0,1.05,RandomForest,14.3
txt:guaranty,2,288.0,0.0,6.34,RandomForest,14.3
txt:ford lincoln,2,289.0,0.0,4.3,RandomForest,14.3
txt:help allowing,2,289.0,0.0,2.72,RandomForest,14.3
txt:home update,2,289.0,0.0,2.25,RandomForest,14.3
txt:garbage,2,290.5,0.0,4.3,RandomForest,14.3
txt:consolidation army,2,293.5,0.0,2.69,RandomForest,14.3
txt:duane reade,2,294.0,0.0,3.97,RandomForest,14.3
txt:home good,2,294.0,0.0,1.9,RandomForest,14.3
txt:house car,2,294.0,0.0,0.92,RandomForest,14.3
txt:host,2,296.5,0.0,1.08,RandomForest,14.3
txt:helper,2,297.5,0.0,1.78,RandomForest,14.3
txt:home sale,2,297.5,0.0,1.29,RandomForest,14.3
txt:high payment,2,298.5,0.0,1.2,RandomForest,14.3
txt:help funding,2,299.0,0.0,1.48,RandomForest,14.3
txt:fulton county,2,300.5,0.0,2.59,RandomForest,14.3
txt:help sister,2,300.5,0.0,1.5,RandomForest,14.3
txt:henry,2,300.5,0.0,1.24,RandomForest,14.3
txt:home fix,2,300.5,0.0,1.36,RandomForest,14.3
txt:trip,2,301.0,0.0001,0.97,RandomForest,14.3
txt:cafe,2,302.0,0.0,2.02,RandomForest,14.3
txt:break,2,303.0,0.0,2.17,RandomForest,14.3
txt:end payment,2,303.0,0.0,2.98,RandomForest,14.3
txt:existing customer,2,303.0,0.0,3.4,RandomForest,14.3
txt:glendale,2,303.0,0.0,5.44,RandomForest,14.3
txt:fallen hard,2,305.0,0.0,2.76,RandomForest,14.3
txt:help payment,2,305.0,0.0,1.83,RandomForest,14.3
txt:good account,2,306.0,0.0,2.31,RandomForest,14.3
txt:free army,2,308.5,0.0,2.39,RandomForest,14.3
txt:help lower,2,308.5,0.0,1.53,RandomForest,14.3
txt:guitar,2,309.0,0.0,2.49,RandomForest,14.3
txt:debtbuster,2,309.5,0.0,6.01,RandomForest,14.3
txt:dtcc,2,309.5,0.0,5.81,RandomForest,14.3
txt:help appreciated,2,309.5,0.0,1.24,RandomForest,14.3
txt:grid,2,310.5,0.0,2.11,RandomForest,14.3
txt:debt health,2,311.5,0.0,5.14,RandomForest,14.3
txt:help friend,2,311.5,0.0,1.99,RandomForest,14.3
txt:height,2,312.0,0.0,1.38,RandomForest,14.3
txt:health center,2,312.5,0.0,1.45,RandomForest,14.3
txt:fiancee getting,2,313.5,0.0,2.95,RandomForest,14.3
txt:good samaritan,2,314.0,0.0,2.8,RandomForest,14.3
txt:harvard,2,314.0,0.0,1.47,RandomForest,14.3
txt:good risk,2,314.5,0.0,1.49,RandomForest,14.3
txt:debt sprint,2,315.0,0.0,5.02,RandomForest,14.3
txt:great history,2,315.5,0.0,1.05,RandomForest,14.3
txt:hello help,2,315.5,0.0,1.23,RandomForest,14.3
txt:fly,2,317.0,0.0,2.12,RandomForest,14.3
txt:diva,2,321.0,0.0,3.66,RandomForest,14.3
txt:goal oriented,2,321.0,0.0,1.72,RandomForest,14.3
txt:debt cox,2,321.5,0.0,4.65,RandomForest,14.3
txt:freight line,2,322.5,0.0,3.04,RandomForest,14.3
txt:giving chance,2,323.0,0.0,1.72,RandomForest,14.3
txt:electro,2,325.5,0.0,6.36,RandomForest,14.3
txt:free financial,2,325.5,0.0,1.92,RandomForest,14.3
txt:destroy,2,327.0,0.0,3.52,RandomForest,14.3
txt:foundry,2,327.5,0.0,2.82,RandomForest,14.3
txt:year god,2,328.5,0.0,2.03,RandomForest,14.3
txt:datapipe,2,329.0,0.0,3.98,RandomForest,14.3
txt:dunn,2,329.5,0.0,3.25,RandomForest,14.3
txt:year emergency,2,330.0,0.0,2.58,RandomForest,14.3
txt:csa,2,331.5,0.0,4.66,RandomForest,14.3
txt:debt organized,2,331.5,0.0,2.83,RandomForest,14.3
txt:discover amex,2,332.0,0.0,3.25,RandomForest,14.3
txt:creditcardloan,2,332.5,0.0,4.03,RandomForest,14.3
txt:debtrelief,2,332.5,0.0,2.89,RandomForest,14.3
txt:crane service,2,333.0,0.0,5.62,RandomForest,14.3
txt:year payoff,2,333.5,0.0,1.58,RandomForest,14.3
txt:exception home,2,336.5,0.0,1.96,RandomForest,14.3
txt:crux,2,337.5,0.0,3.92,RandomForest,14.3
txt:fiscal,2,338.0,0.0,1.23,RandomForest,14.3
txt:forward working,2,338.5,0.0,2.5,RandomForest,14.3
txt:fastest,2,340.5,0.0,2.0,RandomForest,14.3
txt:truckload,2,342.0,0.0,6.75,RandomForest,14.3
txt:finally debt,2,344.0,0.0,2.06,RandomForest,14.3
txt:skill,2,344.0,0.0,1.15,RandomForest,14.3
txt:year feb,2,344.0,0.0,2.52,RandomForest,14.3
txt:family budget,2,344.5,0.0,1.95,RandomForest,14.3
txt:extension,2,345.5,0.0,1.08,RandomForest,14.3
txt:expense monthly,2,346.0,0.0,0.98,RandomForest,14.3
txt:year employed,2,346.5,0.0,1.65,RandomForest,14.3
txt:year major,2,346.5,0.0,1.72,RandomForest,14.3
txt:duck,2,347.0,0.0,2.1,RandomForest,14.3
txt:enrollment,2,347.0,0.0,2.61,RandomForest,14.3
txt:covenant aviation,2,347.5,0.0,6.58,RandomForest,14.3
txt:debt consilidation,2,347.5,0.0,3.27,RandomForest,14.3
txt:expense school,2,347.5,0.0,1.41,RandomForest,14.3
txt:year know,2,347.5,0.0,1.36,RandomForest,14.3
txt:family business,2,348.5,0.0,1.33,RandomForest,14.3
txt:establishing,2,351.5,0.0,2.17,RandomForest,14.3
txt:credid,2,353.0,0.0,3.46,RandomForest,14.3
txt:cracker barrel,2,353.5,0.0,3.23,RandomForest,14.3
txt:debt grateful,2,355.0,0.0,3.38,RandomForest,14.3
txt:debt consider,2,355.5,0.0,2.41,RandomForest,14.3
txt:stillwater,2,356.0,0.0,4.62,RandomForest,14.3
txt:eliminated,2,357.5,0.0,1.36,RandomForest,14.3
txt:electric supply,2,358.0,0.0,2.38,RandomForest,14.3
txt:consolidation temp,2,359.0,0.0,4.36,RandomForest,14.3
txt:debt plus,2,359.0,0.0,2.42,RandomForest,14.3
txt:employer pay,2,359.0,0.0,1.6,RandomForest,14.3
txt:work health,2,359.0,0.0,2.29,RandomForest,14.3
txt:early year,2,359.5,0.0,1.27,RandomForest,14.3
txt:consolidation southwestern,2,360.5,0.0,3.92,RandomForest,14.3
txt:consolidation trump,2,361.0,0.0,7.61,RandomForest,14.3
txt:double payment,2,361.5,0.0,1.94,RandomForest,14.3
txt:dodge,2,362.0,0.0,1.66,RandomForest,14.3
txt:consolidation savannah,2,363.0,0.0,6.63,RandomForest,14.3
txt:consolidation seneca,2,366.0,0.0,4.33,RandomForest,14.3
txt:working current,2,367.0,0.0,1.92,RandomForest,14.3
txt:dispatch,2,368.0,0.0,1.91,RandomForest,14.3
txt:development company,2,369.0,0.0,1.4,RandomForest,14.3
txt:consolidation special,2,370.0,0.0,5.5,RandomForest,14.3
txt:denver,2,370.0,0.0,2.78,RandomForest,14.3
txt:consolidation summer,2,371.5,0.0,4.87,RandomForest,14.3
txt:work really,2,371.5,0.0,1.76,RandomForest,14.3
txt:dedication,2,372.0,0.0,1.03,RandomForest,14.3
txt:consolidation porter,2,373.0,0.0,4.38,RandomForest,14.3
txt:debit late,2,374.0,0.0,2.29,RandomForest,14.3
txt:debt worked,2,375.0,0.0,1.15,RandomForest,14.3
txt:consolidation heart,2,377.0,0.0,5.58,RandomForest,14.3
txt:workforce,2,378.0,0.0,2.22,RandomForest,14.3
txt:crowne plaza,2,378.5,0.0,3.79,RandomForest,14.3
txt:debt consolidator,2,379.5,0.0,3.37,RandomForest,14.3
txt:debt begin,2,381.0,0.0,1.21,RandomForest,14.3
txt:consolidation omni,2,381.5,0.0,4.84,RandomForest,14.3
txt:ymca,2,381.5,0.0,1.63,RandomForest,14.3
txt:consolidation laurel,2,382.0,0.0,5.73,RandomForest,14.3
txt:consolidation rent,2,382.0,0.0,3.79,RandomForest,14.3
txt:consolidation sra,2,383.0,0.0,3.93,RandomForest,14.3
txt:consolidation start,2,383.0,0.0,3.52,RandomForest,14.3
txt:debt asap,2,383.5,0.0,1.42,RandomForest,14.3
txt:debt add,2,384.0,0.0,1.23,RandomForest,14.3
txt:consolidation pratt,2,384.5,0.0,4.76,RandomForest,14.3
txt:planning consolidate,2,384.5,0.0,2.15,RandomForest,14.3
txt:creditor credit,2,385.0,0.0,2.22,RandomForest,14.3
txt:day pay,2,385.0,0.0,1.29,RandomForest,14.3
txt:dear lender,2,385.0,0.0,2.33,RandomForest,14.3
txt:cover wedding,2,386.5,0.0,2.92,RandomForest,14.3
txt:consolidation moog,2,387.5,0.0,6.81,RandomForest,14.3
txt:consolidation generation,2,388.5,0.0,5.31,RandomForest,14.3
txt:currently going,2,388.5,0.0,2.51,RandomForest,14.3
txt:payment significantly,2,388.5,0.0,2.9,RandomForest,14.3
txt:consolidation certified,2,389.0,0.0,3.11,RandomForest,14.3
txt:consolidation irs,2,389.5,0.0,4.08,RandomForest,14.3
txt:consolidation hancock,2,390.0,0.0,4.28,RandomForest,14.3
txt:consolidation ferguson,2,390.5,0.0,4.67,RandomForest,14.3
txt:pink,2,390.5,0.0,2.27,RandomForest,14.3
txt:consolidation harley,2,391.0,0.0,4.04,RandomForest,14.3
txt:pay verizon,2,391.0,0.0,3.72,RandomForest,14.3
txt:current income,2,391.5,0.0,1.28,RandomForest,14.3
txt:williams,2,392.0,0.0,1.24,RandomForest,14.3
txt:consolidation astoria,2,393.0,0.0,4.36,RandomForest,14.3
txt:physic,2,393.0,0.0,2.33,RandomForest,14.3
txt:personal help,2,395.0,0.0,2.88,RandomForest,14.3
txt:consolidation class,2,395.5,0.0,10.47,RandomForest,14.3
txt:programmer,2,395.5,0.0,1.21,RandomForest,14.3
txt:consolidation mattress,2,396.0,0.0,4.38,RandomForest,14.3
txt:personal better,2,396.0,0.0,2.87,RandomForest,14.3
txt:consolidation hallmark,2,396.5,0.0,3.18,RandomForest,14.3
txt:consolidation cracker,2,398.0,0.0,9.05,RandomForest,14.3
txt:consolidation infosys,2,398.5,0.0,4.1,RandomForest,14.3
txt:way debt,2,398.5,0.0,1.32,RandomForest,14.3
txt:consolidation peter,2,400.0,0.0,3.06,RandomForest,14.3
txt:consolidation eye,2,400.5,0.0,4.44,RandomForest,14.3
txt:consolidation grace,2,400.5,0.0,3.97,RandomForest,14.3
txt:costco,2,400.5,0.0,1.88,RandomForest,14.3
txt:consolidation cbre,2,401.0,0.0,3.8,RandomForest,14.3
txt:consolidation eaton,2,401.5,0.0,3.55,RandomForest,14.3
txt:convenience,2,402.0,0.0,1.3,RandomForest,14.3
txt:coordinator,2,402.0,0.0,1.41,RandomForest,14.3
txt:consolidation sport,2,402.5,0.0,2.54,RandomForest,14.3
txt:cook,2,403.0,0.0,2.47,RandomForest,14.3
txt:consolidation san,2,403.5,0.0,2.1,RandomForest,14.3
txt:consolidation paid,2,404.5,0.0,1.76,RandomForest,14.3
txt:consoladition,2,408.0,0.0,3.38,RandomForest,14.3
txt:consolidat debt,2,408.0,0.0,5.62,RandomForest,14.3
txt:consolidation bank,2,408.0,0.0,1.25,RandomForest,14.3
txt:company different,2,409.0,0.0,3.63,RandomForest,14.3
txt:temple university,2,409.0,0.0,4.54,RandomForest,14.3
txt:volunteer,2,409.0,0.0,1.03,RandomForest,14.3
txt:kenneth,2,410.0,0.0,3.74,RandomForest,14.3
txt:terminix,2,410.0,0.0,6.13,RandomForest,14.3
txt:consolidation american,2,410.5,0.0,2.37,RandomForest,14.3
txt:looking paying,2,411.5,0.0,2.71,RandomForest,14.3
txt:consist,2,414.0,0.0,0.94,RandomForest,14.3
txt:consolidation child,2,414.5,0.0,4.24,RandomForest,14.3
txt:cobham,2,415.0,0.0,4.1,RandomForest,14.3
txt:combustion,2,417.5,0.0,10.91,RandomForest,14.3
txt:confidential,2,417.5,0.0,2.97,RandomForest,14.3
txt:consolidation aim,2,417.5,0.0,4.52,RandomForest,14.3
txt:consolidation citizen,2,418.0,0.0,2.12,RandomForest,14.3
txt:manpower,2,418.5,0.0,3.43,RandomForest,14.3
txt:life line,2,419.5,0.0,3.54,RandomForest,14.3
txt:company long,2,420.5,0.0,1.52,RandomForest,14.3
txt:cashcall,2,422.0,0.0,4.73,RandomForest,14.3
txt:improvment home,2,422.0,0.0,3.92,RandomForest,14.3
txt:college help,2,423.0,0.0,1.03,RandomForest,14.3
txt:computer service,2,423.0,0.0,2.02,RandomForest,14.3
txt:machining,2,423.0,0.0,3.52,RandomForest,14.3
txt:climb,2,424.5,0.0,2.03,RandomForest,14.3
txt:city police,2,425.0,0.0,1.55,RandomForest,14.3
txt:intermodal,2,425.0,0.0,4.34,RandomForest,14.3
txt:coffee,2,426.0,0.0,2.38,RandomForest,14.3
txt:closer work,2,428.5,0.0,2.15,RandomForest,14.3
txt:viewing,2,429.5,0.0,2.41,RandomForest,14.3
txt:improvement freedom,2,430.5,0.0,5.07,RandomForest,14.3
txt:way home,2,431.5,0.0,3.02,RandomForest,14.3
txt:chico,2,432.0,0.0,3.61,RandomForest,14.3
txt:carriage house,2,432.5,0.0,3.86,RandomForest,14.3
txt:city fort,2,433.0,0.0,2.91,RandomForest,14.3
txt:casting,2,433.5,0.0,2.52,RandomForest,14.3
txt:cent store,2,433.5,0.0,7.31,RandomForest,14.3
txt:catholic,2,434.5,0.0,1.62,RandomForest,14.3
txt:cash thing,2,435.0,0.0,2.18,RandomForest,14.3
txt:ccc,2,435.0,0.0,2.37,RandomForest,14.3
txt:cfbisd,2,435.5,0.0,3.73,RandomForest,14.3
txt:category,2,437.0,0.0,1.63,RandomForest,14.3
txt:utilize,2,437.0,0.0,1.01,RandomForest,14.3
txt:card look,2,437.5,0.0,2.2,RandomForest,14.3
txt:walked,2,439.0,0.0,1.91,RandomForest,14.3
txt:career year,2,440.0,0.0,1.0,RandomForest,14.3
txt:carrying debt,2,440.0,0.0,2.09,RandomForest,14.3
txt:card plan,2,441.5,0.0,0.88,RandomForest,14.3
txt:caremark,2,441.5,0.0,2.52,RandomForest,14.3
txt:card peace,2,443.0,0.0,3.5,RandomForest,14.3
txt:chesapeake,2,443.0,0.0,2.77,RandomForest,14.3
txt:card little,2,444.0,0.0,1.83,RandomForest,14.3
txt:car getting,2,444.5,0.0,2.07,RandomForest,14.3
txt:card moving,2,444.5,0.0,2.59,RandomForest,14.3
txt:card concentrate,2,445.5,0.0,2.33,RandomForest,14.3
txt:card faster,2,445.5,0.0,1.38,RandomForest,14.3
txt:capital visa,2,446.0,0.0,1.84,RandomForest,14.3
txt:capitol,2,446.5,0.0,1.79,RandomForest,14.3
txt:repair personal,2,447.5,0.0,2.93,RandomForest,14.3
txt:car refinance,2,448.0,0.0,1.5,RandomForest,14.3
txt:stony brook,2,448.0,0.0,3.91,RandomForest,14.3
txt:card food,2,448.5,0.0,3.3,RandomForest,14.3
txt:california state,2,449.0,0.0,1.73,RandomForest,14.3
txt:cape cod,2,449.5,0.0,1.82,RandomForest,14.3
txt:card walmart,2,449.5,0.0,4.39,RandomForest,14.3
txt:card allied,2,450.0,0.0,2.11,RandomForest,14.3
txt:card foot,2,451.0,0.0,3.42,RandomForest,14.3
txt:visa balance,2,451.5,0.0,1.72,RandomForest,14.3
txt:builder,2,454.0,0.0,2.5,RandomForest,14.3
txt:consolidation vanguard,2,455.0,0.0,3.96,RandomForest,14.3
txt:branch manager,2,457.5,0.0,1.23,RandomForest,14.3
txt:buisness,2,458.5,0.0,3.01,RandomForest,14.3
txt:business future,2,458.5,0.0,6.65,RandomForest,14.3
txt:business line,2,458.5,0.0,2.81,RandomForest,14.3
txt:use proceeds,2,458.5,0.0,2.0,RandomForest,14.3
txt:boro,2,459.5,0.0,4.1,RandomForest,14.3
txt:buy year,2,459.5,0.0,2.97,RandomForest,14.3
txt:buffalo,2,460.5,0.0,2.16,RandomForest,14.3
txt:boy girl,2,462.5,0.0,1.97,RandomForest,14.3
txt:burch,2,462.5,0.0,6.93,RandomForest,14.3
txt:callaway golf,2,462.5,0.0,8.17,RandomForest,14.3
txt:bubba,2,463.0,0.0,3.87,RandomForest,14.3
txt:bidding,2,465.5,0.0,1.03,RandomForest,14.3
txt:cancelled debt,2,466.0,0.0,2.85,RandomForest,14.3
txt:brevard county,2,467.5,0.0,3.88,RandomForest,14.3
txt:belong,2,468.0,0.0,1.14,RandomForest,14.3
txt:better future,2,468.0,0.0,1.89,RandomForest,14.3
txt:bus line,2,468.5,0.0,6.7,RandomForest,14.3
txt:baseball,2,469.0,0.0,2.79,RandomForest,14.3
txt:utilites,2,469.5,0.0,2.45,RandomForest,14.3
txt:money send,2,470.0,0.0,3.06,RandomForest,14.3
txt:cabrini hospital,2,472.5,0.0,4.4,RandomForest,14.3
txt:work got,2,472.5,0.0,2.78,RandomForest,14.3
txt:baystate health,2,473.0,0.0,4.45,RandomForest,14.3
txt:unwanted,2,473.0,0.0,2.94,RandomForest,14.3
txt:buffet,2,474.0,0.0,3.84,RandomForest,14.3
txt:bad credit,2,474.5,0.0,1.59,RandomForest,14.3
txt:behavioral,2,475.5,0.0,2.29,RandomForest,14.3
txt:use consolidation,2,475.5,0.0,3.39,RandomForest,14.3
txt:untill,2,476.5,0.0,2.24,RandomForest,14.3
txt:audio,2,477.0,0.0,2.14,RandomForest,14.3
txt:use buy,2,477.0,0.0,1.64,RandomForest,14.3
txt:attorney fee,2,477.5,0.0,3.7,RandomForest,14.3
txt:attend,2,480.0,0.0,1.15,RandomForest,14.3
txt:upstairs,2,480.5,0.0,1.28,RandomForest,14.3
txt:arbor,2,481.0,0.0,2.72,RandomForest,14.3
txt:usmc,2,481.0,0.0,2.11,RandomForest,14.3
txt:arena,2,481.5,0.0,2.53,RandomForest,14.3
txt:bank pay,2,482.0,0.0,2.36,RandomForest,14.3
txt:appreciate investing,2,483.5,0.0,2.14,RandomForest,14.3
txt:amy,2,484.0,0.0,1.31,RandomForest,14.3
txt:biils,2,485.0,0.0,4.32,RandomForest,14.3
txt:using lower,2,487.0,0.0,1.64,RandomForest,14.3
txt:working law,2,487.0,0.0,2.43,RandomForest,14.3
txt:allstate insurance,2,487.5,0.0,1.41,RandomForest,14.3
txt:alpha,2,487.5,0.0,2.87,RandomForest,14.3
txt:amp line,2,487.5,0.0,2.68,RandomForest,14.3
txt:army debt,2,487.5,0.0,2.74,RandomForest,14.3
txt:aircraft,2,490.0,0.0,1.52,RandomForest,14.3
txt:union job,2,490.5,0.0,1.95,RandomForest,14.3
txt:adult,2,491.5,0.0,2.39,RandomForest,14.3
txt:alcoa fastening,2,491.5,0.0,7.09,RandomForest,14.3
txt:aide,2,492.5,0.0,2.07,RandomForest,14.3
txt:acre,2,493.0,0.0,1.43,RandomForest,14.3
txt:adjustment,2,494.0,0.0,2.97,RandomForest,14.3
txt:accumalated,2,495.0,0.0,1.86,RandomForest,14.3
txt:union bank,2,495.0,0.0,2.31,RandomForest,14.3
txt:utilizing money,2,495.0,0.0,3.27,RandomForest,14.3
txt:looking fix,2,495.5,0.0,3.73,RandomForest,14.3
txt:ambulance service,2,496.0,0.0,2.8,RandomForest,14.3
txt:appliance new,2,496.0,0.0,3.17,RandomForest,14.3
txt:account close,2,496.5,0.0,1.5,RandomForest,14.3
txt:able continue,2,498.5,0.0,2.4,RandomForest,14.3
txt:able help,2,499.0,0.0,1.26,RandomForest,14.3
txt:assistance advance,2,500.0,0.0,5.33,RandomForest,14.3
txt:year union,2,507.5,0.0,2.14,RandomForest,14.3
txt:waste management,2,509.0,0.0,2.92,RandomForest,14.3
txt:spotlight,2,509.5,0.0,4.68,RandomForest,14.3
txt:lubricant,2,510.0,0.0,4.75,RandomForest,14.3
txt:thankful help,2,510.0,0.0,2.63,RandomForest,14.3
txt:microchip,2,510.5,0.0,4.37,RandomForest,14.3
txt:wildwood,2,510.5,0.0,7.13,RandomForest,14.3
txt:machine llc,2,511.0,0.0,3.92,RandomForest,14.3
txt:best wish,2,511.5,0.0,2.9,RandomForest,14.3
txt:rug,2,512.0,0.0,4.3,RandomForest,14.3
txt:terrace,2,512.0,0.0,2.65,RandomForest,14.3
txt:able investor,2,512.5,0.0,2.83,RandomForest,14.3
txt:legion,2,513.5,0.0,7.12,RandomForest,14.3
txt:stopped,2,514.0,0.0,1.29,RandomForest,14.3
txt:lotus,2,517.0,0.0,3.61,RandomForest,14.3
txt:strategic,2,517.0,0.0,1.15,RandomForest,14.3
txt:sate,2,517.5,0.0,6.32,RandomForest,14.3
txt:survive,2,517.5,0.0,1.51,RandomForest,14.3
txt:virginia beach,2,517.5,0.0,3.68,RandomForest,14.3
txt:start fresh,2,518.0,0.0,1.24,RandomForest,14.3
txt:linden,2,519.5,0.0,4.2,RandomForest,14.3
txt:management llc,2,519.5,0.0,3.73,RandomForest,14.3
txt:marino,2,520.5,0.0,5.02,RandomForest,14.3
txt:staffing,2,521.5,0.0,1.15,RandomForest,14.3
txt:able breath,2,523.0,0.0,3.99,RandomForest,14.3
txt:mckesson medical,2,523.0,0.0,4.04,RandomForest,14.3
txt:scana,2,523.0,0.0,5.14,RandomForest,14.3
txt:stryker,2,523.0,0.0,2.93,RandomForest,14.3
txt:paybills,2,524.0,0.0,4.9,RandomForest,14.3
txt:reade,2,525.5,0.0,3.97,RandomForest,14.3
txt:spot,2,526.0,0.0,1.7,RandomForest,14.3
txt:stable problem,2,527.5,0.0,1.54,RandomForest,14.3
txt:mta nyct,2,528.5,0.0,6.67,RandomForest,14.3
txt:receive help,2,530.0,0.0,3.92,RandomForest,14.3
txt:richemont,2,530.0,0.0,4.11,RandomForest,14.3
txt:shared service,2,530.0,0.0,2.59,RandomForest,14.3
txt:nco financial,2,530.5,0.0,4.51,RandomForest,14.3
txt:sensor,2,530.5,0.0,3.34,RandomForest,14.3
txt:shaw group,2,532.0,0.0,2.17,RandomForest,14.3
txt:pay creditcards,2,532.5,0.0,4.89,RandomForest,14.3
txt:personal international,2,532.5,0.0,3.77,RandomForest,14.3
txt:redondo,2,533.0,0.0,3.95,RandomForest,14.3
txt:situation debt,2,533.0,0.0,2.87,RandomForest,14.3
txt:phelan,2,533.5,0.0,6.01,RandomForest,14.3
txt:single mother,2,534.0,0.0,1.13,RandomForest,14.3
txt:sinai school,2,535.0,0.0,2.29,RandomForest,14.3
txt:pay vacation,2,536.0,0.0,4.07,RandomForest,14.3
txt:pizzeria,2,536.0,0.0,5.15,RandomForest,14.3
txt:seterus,2,537.5,0.0,7.84,RandomForest,14.3
txt:refinancing washington,2,539.0,0.0,3.83,RandomForest,14.3
txt:monthly cheaper,2,539.5,0.0,5.89,RandomForest,14.3
txt:pay number,2,540.5,0.0,3.37,RandomForest,14.3
txt:responsive,2,541.5,0.0,5.08,RandomForest,14.3
txt:olean,2,542.5,0.0,6.14,RandomForest,14.3
txt:tire service,2,544.0,0.0,4.5,RandomForest,14.3
txt:pristine,2,546.0,0.0,4.4,RandomForest,14.3
txt:search,2,546.0,0.0,2.26,RandomForest,14.3
txt:shelter,2,546.0,0.0,1.6,RandomForest,14.3
txt:solver,2,546.0,0.0,6.76,RandomForest,14.3
txt:trident,2,546.5,0.0,4.81,RandomForest,14.3
txt:transportion,2,547.0,0.0,3.08,RandomForest,14.3
txt:benihana,2,547.5,0.0,3.81,RandomForest,14.3
txt:sorta,2,547.5,0.0,4.02,RandomForest,14.3
txt:royal,2,548.0,0.0,2.75,RandomForest,14.3
txt:talent,2,548.0,0.0,3.35,RandomForest,14.3
txt:resort spa,2,548.5,0.0,2.38,RandomForest,14.3
txt:score goal,2,549.5,0.0,2.77,RandomForest,14.3
txt:report payment,2,550.0,0.0,4.01,RandomForest,14.3
txt:renting home,2,551.0,0.0,4.59,RandomForest,14.3
txt:solving,2,553.5,0.0,3.14,RandomForest,14.3
txt:simi,2,554.0,0.0,3.76,RandomForest,14.3
txt:save paid,2,555.0,0.0,2.09,RandomForest,14.3
txt:pacer,2,555.5,0.0,5.19,RandomForest,14.3
txt:personal fargo,2,555.5,0.0,2.86,RandomForest,14.3
txt:roll,2,555.5,0.0,1.79,RandomForest,14.3
txt:payoff verizon,2,556.0,0.0,4.76,RandomForest,14.3
txt:pastry,2,556.5,0.0,4.21,RandomForest,14.3
txt:pay sears,2,556.5,0.0,3.84,RandomForest,14.3
txt:preservation,2,556.5,0.0,3.1,RandomForest,14.3
txt:school consolidate,2,556.5,0.0,1.83,RandomForest,14.3
txt:sponsor,2,557.5,0.0,3.87,RandomForest,14.3
txt:rehabilitation hospital,2,559.5,0.0,4.49,RandomForest,14.3
txt:ruining,2,559.5,0.0,2.07,RandomForest,14.3
txt:ala,2,561.5,0.0,4.29,RandomForest,14.3
txt:rate fair,2,562.5,0.0,2.74,RandomForest,14.3
txt:rent center,2,562.5,0.0,2.64,RandomForest,14.3
txt:samaritan,2,562.5,0.0,2.8,RandomForest,14.3
txt:repair improvement,2,563.0,0.0,2.25,RandomForest,14.3
txt:sch,2,563.0,0.0,4.33,RandomForest,14.3
txt:stay hotel,2,563.5,0.0,5.36,RandomForest,14.3
txt:riverside,2,564.5,0.0,2.46,RandomForest,14.3
txt:room addition,2,564.5,0.0,1.85,RandomForest,14.3
txt:sacred,2,564.5,0.0,1.71,RandomForest,14.3
txt:repayment history,2,565.0,0.0,1.2,RandomForest,14.3
txt:required debt,2,566.0,0.0,2.85,RandomForest,14.3
txt:room consolidation,2,566.0,0.0,3.24,RandomForest,14.3
txt:sum debt,2,566.0,0.0,4.99,RandomForest,14.3
txt:repair family,2,566.5,0.0,1.38,RandomForest,14.3
txt:relocation expense,2,571.0,0.0,1.59,RandomForest,14.3
txt:payoff macys,2,572.0,0.0,2.86,RandomForest,14.3
txt:platinum card,2,572.0,0.0,2.83,RandomForest,14.3
txt:necessary medical,2,573.5,0.0,4.82,RandomForest,14.3
txt:request funded,2,573.5,0.0,1.35,RandomForest,14.3
txt:requesting funding,2,574.5,0.0,2.16,RandomForest,14.3
txt:putting new,2,576.5,0.0,3.13,RandomForest,14.3
txt:red,2,576.5,0.0,1.21,RandomForest,14.3
txt:opportunity financial,2,577.0,0.0,3.14,RandomForest,14.3
txt:rest debt,2,579.0,0.0,2.18,RandomForest,14.3
txt:shepherd,2,590.5,0.0,4.48,RandomForest,14.3
txt:purchase university,2,593.5,0.0,2.62,RandomForest,14.3
txt:simpler payment,2,594.0,0.0,6.15,RandomForest,14.3
txt:purchase dodge,2,594.5,0.0,2.95,RandomForest,14.3
txt:reason able,2,596.0,0.0,1.98,RandomForest,14.3
txt:ray,2,596.5,0.0,1.86,RandomForest,14.3
txt:mailer,2,599.0,0.0,4.83,RandomForest,14.3
txt:really year,2,599.5,0.0,1.51,RandomForest,14.3
txt:majestic,2,601.0,0.0,4.23,RandomForest,14.3
txt:price range,2,601.5,0.0,2.35,RandomForest,14.3
txt:presented,2,605.5,0.0,2.06,RandomForest,14.3
txt:ranging,2,610.0,0.0,1.34,RandomForest,14.3
txt:ran credit,2,613.5,0.0,1.37,RandomForest,14.3
txt:lsi,2,619.0,0.0,4.85,RandomForest,14.3
txt:ranger,2,619.0,0.0,1.72,RandomForest,14.3
txt:home,1,23.0,0.0094,1.14,RandomForest,7.1
txt:score,1,26.0,0.0058,0.74,RandomForest,7.1
txt:payoff,1,33.0,0.0034,1.2,RandomForest,7.1
txt:going,1,37.0,0.0038,0.68,RandomForest,7.1
txt:moving,1,38.0,0.0037,1.1,RandomForest,7.1
txt:really,1,38.0,0.0026,1.4,RandomForest,7.1
txt:tax,1,41.0,0.0029,1.17,RandomForest,7.1
txt:card balance,1,42.0,0.0028,0.71,RandomForest,7.1
txt:job year,1,42.0,0.0026,0.89,RandomForest,7.1
txt:improvement,1,43.0,0.0026,0.96,RandomForest,7.1
txt:thing,1,45.0,0.0024,0.92,RandomForest,7.1
txt:department,1,55.0,0.0018,0.85,RandomForest,7.1
txt:office,1,57.0,0.0014,1.11,RandomForest,7.1
txt:auto,1,62.0,0.0015,0.81,RandomForest,7.1
txt:summer,1,69.0,0.0012,1.27,RandomForest,7.1
txt:dream,1,72.0,0.0011,0.72,RandomForest,7.1
txt:capital,1,73.0,0.0009,1.33,RandomForest,7.1
txt:america,1,79.0,0.0009,1.08,RandomForest,7.1
txt:debt monthly,1,82.0,0.0005,2.1,RandomForest,7.1
txt:purchasing,1,82.0,0.0008,0.73,RandomForest,7.1
txt:money used,1,83.0,0.0005,1.67,RandomForest,7.1
txt:fiance,1,84.0,0.0007,0.76,RandomForest,7.1
txt:coming,1,86.0,0.0007,0.85,RandomForest,7.1
txt:paid month,1,87.0,0.0005,1.34,RandomForest,7.1
txt:forward,1,89.0,0.0007,0.69,RandomForest,7.1
txt:assistance,1,90.0,0.0006,0.95,RandomForest,7.1
txt:card refinancing,1,90.0,0.0008,3.58,RandomForest,7.1
txt:faster,1,91.0,0.0007,2.73,RandomForest,7.1
txt:control,1,93.0,0.0006,0.73,RandomForest,7.1
txt:fully,1,96.0,0.0005,0.82,RandomForest,7.1
txt:high rate,1,96.0,0.0005,3.98,RandomForest,7.1
txt:target,1,97.0,0.0004,1.85,RandomForest,7.1
txt:available,1,98.0,0.0005,0.91,RandomForest,7.1
txt:communication,1,99.0,0.0003,2.33,RandomForest,7.1
txt:institute,1,101.0,0.0003,1.69,RandomForest,7.1
txt:associate,1,102.0,0.0003,1.19,RandomForest,7.1
txt:california,1,102.0,0.0004,1.33,RandomForest,7.1
txt:roof,1,104.0,0.0003,2.42,RandomForest,7.1
txt:mom,1,107.0,0.0002,1.74,RandomForest,7.1
txt:healthcare,1,108.0,0.0003,1.05,RandomForest,7.1
txt:invested,1,109.0,0.0003,0.72,RandomForest,7.1
txt:debt payoff,1,110.0,0.0001,1.65,RandomForest,7.1
txt:home repair,1,112.0,0.0002,2.63,RandomForest,7.1
txt:pay rent,1,112.0,0.0001,2.13,RandomForest,7.1
txt:simple,1,112.0,0.0003,1.09,RandomForest,7.1
txt:local,1,113.0,0.0003,1.09,RandomForest,7.1
txt:revolving debt,1,114.0,0.0003,0.72,RandomForest,7.1
txt:internet,1,116.0,0.0003,1.0,RandomForest,7.1
txt:goal pay,1,117.0,0.0003,0.74,RandomForest,7.1
txt:attorney,1,118.0,0.0002,0.93,RandomForest,7.1
txt:food,1,126.0,0.0001,4.08,RandomForest,7.1
txt:mark,1,128.0,0.0001,2.33,RandomForest,7.1
txt:payment late,1,128.0,0.0002,1.0,RandomForest,7.1
txt:visit,1,128.0,0.0001,1.62,RandomForest,7.1
txt:timely manner,1,130.0,0.0002,0.74,RandomForest,7.1
txt:help debt,1,131.0,0.0001,1.46,RandomForest,7.1
txt:homeland security,1,132.0,0.0001,1.26,RandomForest,7.1
txt:learned,1,132.0,0.0002,0.7,RandomForest,7.1
txt:debt consolidate,1,134.0,0.0001,1.48,RandomForest,7.1
txt:soon possible,1,134.0,0.0002,0.8,RandomForest,7.1
txt:engineer,1,135.0,0.0001,8.94,RandomForest,7.1
txt:extremely stable,1,135.0,0.0001,0.69,RandomForest,7.1
txt:store,1,136.0,0.0001,0.86,RandomForest,7.1
txt:rehab,1,137.0,0.0,1.9,RandomForest,7.1
txt:car debt,1,138.0,0.0,2.62,RandomForest,7.1
txt:helpful,1,138.0,0.0,1.91,RandomForest,7.1
txt:hard worker,1,140.0,0.0001,2.23,RandomForest,7.1
txt:idea,1,141.0,0.0001,0.75,RandomForest,7.1
txt:ease,1,142.0,0.0,2.43,RandomForest,7.1
txt:giving,1,142.0,0.0001,0.82,RandomForest,7.1
txt:advantage,1,143.0,0.0001,1.15,RandomForest,7.1
txt:grocery,1,144.0,0.0001,0.95,RandomForest,7.1
txt:network,1,144.0,0.0001,1.19,RandomForest,7.1
txt:credit debt,1,145.0,0.0001,0.84,RandomForest,7.1
txt:director,1,147.0,0.0001,5.53,RandomForest,7.1
txt:homeland,1,148.0,0.0,1.26,RandomForest,7.1
txt:pay late,1,148.0,0.0001,0.93,RandomForest,7.1
txt:tired,1,148.0,0.0001,0.74,RandomForest,7.1
txt:wonderful,1,149.0,0.0001,1.07,RandomForest,7.1
txt:international,1,152.0,0.0001,0.96,RandomForest,7.1
txt:worry,1,155.0,0.0001,1.09,RandomForest,7.1
txt:hotel,1,156.0,0.0,0.89,RandomForest,7.1
txt:process moving,1,158.0,0.0,1.53,RandomForest,7.1
txt:railway,1,158.0,0.0,1.35,RandomForest,7.1
txt:colorado,1,159.0,0.0,1.52,RandomForest,7.1
txt:plus month,1,159.0,0.0,1.91,RandomForest,7.1
txt:home debt,1,160.0,0.0,2.73,RandomForest,7.1
txt:power,1,160.0,0.0,0.85,RandomForest,7.1
txt:presbyterian,1,160.0,0.0,1.95,RandomForest,7.1
txt:having payment,1,161.0,0.0,2.28,RandomForest,7.1
txt:personel,1,161.0,0.0,1.71,RandomForest,7.1
txt:rate consolidation,1,163.0,0.0,2.57,RandomForest,7.1
txt:credit account,1,164.0,0.0,0.72,RandomForest,7.1
txt:payment truly,1,164.0,0.0,1.82,RandomForest,7.1
txt:payment soon,1,165.0,0.0,2.0,RandomForest,7.1
txt:software,1,165.0,0.0,7.71,RandomForest,7.1
txt:wanting consolidate,1,165.0,0.0,3.08,RandomForest,7.1
txt:valley,1,166.0,0.0,0.69,RandomForest,7.1
txt:moment,1,167.0,0.0,0.89,RandomForest,7.1
txt:present job,1,167.0,0.0,1.31,RandomForest,7.1
txt:porch,1,168.0,0.0,1.31,RandomForest,7.1
txt:honest,1,169.0,0.0,0.93,RandomForest,7.1
txt:pay secure,1,169.0,0.0,2.08,RandomForest,7.1
txt:martin,1,170.0,0.0,2.93,RandomForest,7.1
txt:plant,1,170.0,0.0,1.56,RandomForest,7.1
txt:pay monthy,1,171.0,0.0,2.58,RandomForest,7.1
txt:use help,1,173.0,0.0,2.93,RandomForest,7.1
txt:position year,1,174.0,0.0,0.77,RandomForest,7.1
txt:processing,1,174.0,0.0,1.18,RandomForest,7.1
txt:payment early,1,175.0,0.0,1.63,RandomForest,7.1
txt:point life,1,176.0,0.0,0.89,RandomForest,7.1
txt:microsoft,1,177.0,0.0,2.84,RandomForest,7.1
txt:pathology,1,177.0,0.0,2.59,RandomForest,7.1
txt:patch,1,178.0,0.0,1.92,RandomForest,7.1
txt:plan stay,1,178.0,0.0,0.75,RandomForest,7.1
txt:paramount,1,180.0,0.0,3.14,RandomForest,7.1
txt:person job,1,180.0,0.0,2.21,RandomForest,7.1
txt:moving relocation,1,181.0,0.0,2.92,RandomForest,7.1
txt:payment sure,1,181.0,0.0,1.36,RandomForest,7.1
txt:pickup,1,181.0,0.0,1.89,RandomForest,7.1
txt:paid short,1,182.0,0.0,1.91,RandomForest,7.1
txt:peak,1,182.0,0.0,1.74,RandomForest,7.1
txt:payment possible,1,183.0,0.0,1.84,RandomForest,7.1
txt:payoff debt,1,183.0,0.0,1.52,RandomForest,7.1
txt:phone cable,1,183.0,0.0,1.06,RandomForest,7.1
txt:organic,1,187.0,0.0,2.24,RandomForest,7.1
txt:payment week,1,187.0,0.0,0.98,RandomForest,7.1
txt:federal government,1,188.0,0.0,3.67,RandomForest,7.1
txt:payment repay,1,188.0,0.0,0.94,RandomForest,7.1
txt:smaller payment,1,188.0,0.0,2.9,RandomForest,7.1
txt:consolidation home,1,189.0,0.0,3.34,RandomForest,7.1
txt:oriented,1,189.0,0.0,1.99,RandomForest,7.1
txt:paying week,1,189.0,0.0,1.29,RandomForest,7.1
txt:obtain lower,1,190.0,0.0,1.91,RandomForest,7.1
txt:orthopaedic,1,190.0,0.0,2.7,RandomForest,7.1
txt:payment half,1,190.0,0.0,1.02,RandomForest,7.1
txt:orthodontist,1,191.0,0.0,2.26,RandomForest,7.1
txt:paying tax,1,191.0,0.0,2.29,RandomForest,7.1
txt:payment multiple,1,191.0,0.0,1.2,RandomForest,7.1
txt:nursery,1,192.0,0.0,1.87,RandomForest,7.1
txt:obtain consolidate,1,192.0,0.0,2.0,RandomForest,7.1
txt:orkin pest,1,192.0,0.0,2.57,RandomForest,7.1
txt:driver,1,193.0,0.0,5.57,RandomForest,7.1
txt:payment hopefully,1,193.0,0.0,0.94,RandomForest,7.1
txt:pers,1,193.0,0.0,6.56,RandomForest,7.1
txt:paying payment,1,194.0,0.0,0.69,RandomForest,7.1
txt:improvement debt,1,197.0,0.0,3.39,RandomForest,7.1
txt:multiple company,1,197.0,0.0,2.87,RandomForest,7.1
txt:pay timely,1,197.0,0.0,1.29,RandomForest,7.1
txt:new project,1,198.0,0.0,1.9,RandomForest,7.1
txt:niagara,1,198.0,0.0,3.92,RandomForest,7.1
txt:palace,1,198.0,0.0,3.36,RandomForest,7.1
txt:pay stub,1,198.0,0.0,1.25,RandomForest,7.1
txt:paying earlier,1,198.0,0.0,1.08,RandomForest,7.1
txt:paid consolidate,1,199.0,0.0,2.11,RandomForest,7.1
txt:pay smaller,1,200.0,0.0,1.64,RandomForest,7.1
txt:new bed,1,201.0,0.0,2.45,RandomForest,7.1
txt:new mortgage,1,201.0,0.0,2.09,RandomForest,7.1
txt:pay irs,1,201.0,0.0,0.68,RandomForest,7.1
txt:pay quicker,1,201.0,0.0,1.67,RandomForest,7.1
txt:pay daughter,1,202.0,0.0,1.35,RandomForest,7.1
txt:new apt,1,203.0,0.0,2.29,RandomForest,7.1
txt:paid hope,1,203.0,0.0,1.42,RandomForest,7.1
txt:pay current,1,203.0,0.0,0.9,RandomForest,7.1
txt:pay individual,1,203.0,0.0,1.19,RandomForest,7.1
txt:olive,1,204.0,0.0,2.75,RandomForest,7.1
txt:pay check,1,204.0,0.0,0.97,RandomForest,7.1
txt:senior,1,204.0,0.0,3.72,RandomForest,7.1
txt:money unexpected,1,205.0,0.0,2.95,RandomForest,7.1
txt:pay approximately,1,205.0,0.0,1.53,RandomForest,7.1
txt:pay attorney,1,205.0,0.0,1.5,RandomForest,7.1
txt:debit consolidation,1,206.0,0.0,4.08,RandomForest,7.1
txt:money rid,1,206.0,0.0,2.81,RandomForest,7.1
txt:office year,1,206.0,0.0,2.14,RandomForest,7.1
txt:software engineer,1,206.0,0.0,4.3,RandomForest,7.1
txt:daniel,1,207.0,0.0,3.64,RandomForest,7.1
txt:sushi,1,207.0,0.0,2.75,RandomForest,7.1
txt:mistake debt,1,208.0,0.0,2.58,RandomForest,7.1
txt:ordered,1,208.0,0.0,1.35,RandomForest,7.1
txt:overhead,1,208.0,0.0,1.03,RandomForest,7.1
txt:payin,1,208.0,0.0,2.8,RandomForest,7.1
txt:morton,1,209.0,0.0,2.03,RandomForest,7.1
txt:null pay,1,209.0,0.0,1.59,RandomForest,7.1
txt:oil,1,209.0,0.0,1.26,RandomForest,7.1
txt:month tell,1,210.0,0.0,3.21,RandomForest,7.1
txt:new flooring,1,210.0,0.0,1.16,RandomForest,7.1
txt:obtaining,1,210.0,0.0,1.27,RandomForest,7.1
txt:opportunity pay,1,210.0,0.0,1.43,RandomForest,7.1
txt:paid expense,1,210.0,0.0,1.13,RandomForest,7.1
txt:consolidation director,1,211.0,0.0,3.66,RandomForest,7.1
txt:monthly exp,1,211.0,0.0,2.2,RandomForest,7.1
txt:monthly fixed,1,211.0,0.0,1.73,RandomForest,7.1
txt:moog,1,211.0,0.0,2.9,RandomForest,7.1
txt:new company,1,211.0,0.0,1.54,RandomForest,7.1
txt:care center,1,212.0,0.0,4.64,RandomForest,7.1
txt:nursing school,1,212.0,0.0,0.74,RandomForest,7.1
txt:tough year,1,212.0,0.0,3.35,RandomForest,7.1
txt:month issue,1,213.0,0.0,1.78,RandomForest,7.1
txt:orlando,1,213.0,0.0,1.33,RandomForest,7.1
txt:lite,1,214.0,0.0,4.81,RandomForest,7.1
txt:order lower,1,214.0,0.0,1.22,RandomForest,7.1
txt:negative mark,1,215.0,0.0,1.47,RandomForest,7.1
txt:kfc,1,216.0,0.0,4.15,RandomForest,7.1
txt:money money,1,216.0,0.0,2.36,RandomForest,7.1
txt:mustang,1,216.0,0.0,1.1,RandomForest,7.1
txt:kid credit,1,217.0,0.0,3.35,RandomForest,7.1
txt:moving city,1,217.0,0.0,1.62,RandomForest,7.1
txt:new home,1,217.0,0.0,0.93,RandomForest,7.1
txt:old college,1,217.0,0.0,0.89,RandomForest,7.1
txt:correction officer,1,218.0,0.0,4.95,RandomForest,7.1
txt:architect,1,220.0,0.0,7.68,RandomForest,7.1
txt:monthly year,1,220.0,0.0,1.23,RandomForest,7.1
txt:nov,1,220.0,0.0,1.62,RandomForest,7.1
txt:ole,1,220.0,0.0,2.53,RandomForest,7.1
txt:mama,1,221.0,0.0,3.02,RandomForest,7.1
txt:med center,1,221.0,0.0,3.0,RandomForest,7.1
txt:national guard,1,221.0,0.0,0.86,RandomForest,7.1
txt:lease life,1,222.0,0.0,4.82,RandomForest,7.1
txt:maintaining good,1,222.0,0.0,2.65,RandomForest,7.1
txt:metro,1,222.0,0.0,2.09,RandomForest,7.1
txt:month bonus,1,222.0,0.0,1.52,RandomForest,7.1
txt:motor company,1,222.0,0.0,1.4,RandomForest,7.1
txt:month based,1,223.0,0.0,1.59,RandomForest,7.1
txt:moody,1,223.0,0.0,1.74,RandomForest,7.1
txt:month getting,1,224.0,0.0,1.37,RandomForest,7.1
txt:moving forward,1,224.0,0.0,1.35,RandomForest,7.1
txt:menards,1,225.0,0.0,2.02,RandomForest,7.1
txt:knight frank,1,227.0,0.0,3.52,RandomForest,7.1
txt:mayo clinic,1,227.0,0.0,2.09,RandomForest,7.1
txt:mayo,1,228.0,0.0,2.68,RandomForest,7.1
txt:investigative,1,229.0,0.0,5.47,RandomForest,7.1
txt:life payoff,1,229.0,0.0,2.81,RandomForest,7.1
txt:money owed,1,229.0,0.0,1.3,RandomForest,7.1
txt:technition,1,230.0,0.0,6.06,RandomForest,7.1
txt:forest,1,231.0,0.0,3.32,RandomForest,7.1
txt:joann,1,231.0,0.0,3.52,RandomForest,7.1
txt:levy,1,231.0,0.0,3.98,RandomForest,7.1
txt:money payment,1,231.0,0.0,1.29,RandomForest,7.1
txt:improvement employed,1,232.0,0.0,2.96,RandomForest,7.1
txt:mart,1,232.0,0.0,1.76,RandomForest,7.1
txt:metro area,1,232.0,0.0,1.3,RandomForest,7.1
txt:jaguar,1,233.0,0.0,3.58,RandomForest,7.1
txt:mantech,1,233.0,0.0,2.07,RandomForest,7.1
txt:miller,1,233.0,0.0,1.42,RandomForest,7.1
txt:money available,1,233.0,0.0,0.83,RandomForest,7.1
txt:monterey,1,233.0,0.0,4.49,RandomForest,7.1
txt:improvement macys,1,234.0,0.0,3.52,RandomForest,7.1
txt:legal issue,1,234.0,0.0,2.74,RandomForest,7.1
txt:michigan,1,234.0,0.0,1.1,RandomForest,7.1
txt:monterey county,1,234.0,0.0,3.4,RandomForest,7.1
txt:mold,1,235.0,0.0,0.82,RandomForest,7.1
txt:management year,1,237.0,0.0,1.72,RandomForest,7.1
txt:mechanic,1,237.0,0.0,1.01,RandomForest,7.1
txt:money spend,1,237.0,0.0,0.95,RandomForest,7.1
txt:transportation manager,1,237.0,0.0,4.28,RandomForest,7.1
txt:informa,1,238.0,0.0,2.82,RandomForest,7.1
txt:little minimum,1,238.0,0.0,2.72,RandomForest,7.1
txt:matt,1,238.0,0.0,1.44,RandomForest,7.1
txt:max,1,238.0,0.0,1.66,RandomForest,7.1
txt:medical personal,1,238.0,0.0,1.58,RandomForest,7.1
txt:money bank,1,238.0,0.0,0.9,RandomForest,7.1
txt:transporter,1,238.0,0.0,6.51,RandomForest,7.1
txt:madison square,1,240.0,0.0,1.95,RandomForest,7.1
txt:modern,1,240.0,0.0,0.95,RandomForest,7.1
txt:invensys,1,241.0,0.0,2.93,RandomForest,7.1
txt:making difficult,1,241.0,0.0,1.28,RandomForest,7.1
txt:mobile,1,241.0,0.0,0.98,RandomForest,7.1
txt:interval,1,242.0,0.0,3.61,RandomForest,7.1
txt:life change,1,242.0,0.0,2.27,RandomForest,7.1
txt:job question,1,243.0,0.0,1.92,RandomForest,7.1
txt:lpl financial,1,243.0,0.0,1.67,RandomForest,7.1
txt:maintain good,1,243.0,0.0,1.26,RandomForest,7.1
txt:military year,1,243.0,0.0,1.81,RandomForest,7.1
txt:kaiser hospital,1,244.0,0.0,4.54,RandomForest,7.1
txt:macys,1,244.0,0.0,1.17,RandomForest,7.1
txt:unlv,1,244.0,0.0,4.83,RandomForest,7.1
txt:maquet,1,245.0,0.0,2.45,RandomForest,7.1
txt:hca,1,246.0,0.0,3.27,RandomForest,7.1
txt:horton,1,246.0,0.0,3.07,RandomForest,7.1
txt:looking investor,1,246.0,0.0,1.68,RandomForest,7.1
txt:ipg,1,247.0,0.0,4.88,RandomForest,7.1
txt:lasalle,1,247.0,0.0,2.73,RandomForest,7.1
txt:looking funding,1,247.0,0.0,1.55,RandomForest,7.1
txt:israel,1,248.0,0.0,3.14,RandomForest,7.1
txt:harlem,1,249.0,0.0,5.14,RandomForest,7.1
txt:lady,1,249.0,0.0,3.09,RandomForest,7.1
txt:help resolve,1,250.0,0.0,4.13,RandomForest,7.1
txt:instead small,1,250.0,0.0,2.59,RandomForest,7.1
txt:long history,1,250.0,0.0,1.08,RandomForest,7.1
txt:help special,1,251.0,0.0,4.78,RandomForest,7.1
txt:lewis,1,251.0,0.0,0.75,RandomForest,7.1
txt:help personal,1,252.0,0.0,3.4,RandomForest,7.1
txt:hep,1,252.0,0.0,4.52,RandomForest,7.1
txt:hope buy,1,252.0,0.0,3.52,RandomForest,7.1
txt:keeping payment,1,252.0,0.0,2.54,RandomForest,7.1
txt:kmart,1,252.0,0.0,1.78,RandomForest,7.1
txt:lesson learned,1,252.0,0.0,0.79,RandomForest,7.1
txt:lender help,1,253.0,0.0,1.18,RandomForest,7.1
txt:little work,1,253.0,0.0,1.49,RandomForest,7.1
txt:help consolidating,1,255.0,0.0,3.33,RandomForest,7.1
txt:landing,1,255.0,0.0,4.02,RandomForest,7.1
txt:hawkeye,1,256.0,0.0,3.13,RandomForest,7.1
txt:housing expense,1,256.0,0.0,2.78,RandomForest,7.1
txt:improvement florida,1,256.0,0.0,2.79,RandomForest,7.1
txt:home verizon,1,257.0,0.0,4.49,RandomForest,7.1
txt:importer,1,257.0,0.0,4.02,RandomForest,7.1
txt:know pay,1,257.0,0.0,0.9,RandomForest,7.1
txt:ibew,1,258.0,0.0,2.41,RandomForest,7.1
txt:ice,1,258.0,0.0,3.02,RandomForest,7.1
txt:logan,1,258.0,0.0,1.05,RandomForest,7.1
txt:ibm corp,1,259.0,0.0,2.79,RandomForest,7.1
txt:lender funded,1,259.0,0.0,1.33,RandomForest,7.1
txt:greatful,1,260.0,0.0,4.19,RandomForest,7.1
txt:knock,1,260.0,0.0,0.96,RandomForest,7.1
txt:kaiser,1,262.0,0.0,0.71,RandomForest,7.1
txt:guardsmark llc,1,263.0,0.0,3.9,RandomForest,7.1
txt:horizon,1,263.0,0.0,2.59,RandomForest,7.1
txt:joy,1,263.0,0.0,0.93,RandomForest,7.1
txt:glidewell,1,264.0,0.0,4.66,RandomForest,7.1
txt:investers,1,264.0,0.0,1.81,RandomForest,7.1
txt:job right,1,264.0,0.0,0.83,RandomForest,7.1
txt:godaddy,1,265.0,0.0,7.46,RandomForest,7.1
txt:gojo,1,266.0,0.0,6.65,RandomForest,7.1
txt:hopefully help,1,266.0,0.0,2.1,RandomForest,7.1
txt:large debt,1,266.0,0.0,1.01,RandomForest,7.1
txt:hanover regional,1,267.0,0.0,3.38,RandomForest,7.1
txt:home daughter,1,267.0,0.0,2.78,RandomForest,7.1
txt:hood,1,267.0,0.0,1.93,RandomForest,7.1
txt:humanity,1,267.0,0.0,2.77,RandomForest,7.1
txt:laboratory,1,267.0,0.0,1.22,RandomForest,7.1
txt:gorman,1,268.0,0.0,3.93,RandomForest,7.1
txt:gyn,1,268.0,0.0,2.85,RandomForest,7.1
txt:island,1,268.0,0.0,1.36,RandomForest,7.1
txt:job health,1,268.0,0.0,1.17,RandomForest,7.1
txt:kpmg,1,268.0,0.0,0.95,RandomForest,7.1
txt:gkn,1,269.0,0.0,3.8,RandomForest,7.1
txt:investor question,1,270.0,0.0,1.52,RandomForest,7.1
txt:jewel,1,270.0,0.0,1.15,RandomForest,7.1
txt:job solid,1,270.0,0.0,1.36,RandomForest,7.1
txt:geo group,1,271.0,0.0,3.34,RandomForest,7.1
txt:helpmeout,1,271.0,0.0,3.58,RandomForest,7.1
txt:harbour,1,273.0,0.0,3.16,RandomForest,7.1
txt:improvement kitchen,1,273.0,0.0,1.77,RandomForest,7.1
txt:int rate,1,273.0,0.0,2.26,RandomForest,7.1
txt:karen,1,273.0,0.0,2.39,RandomForest,7.1
txt:facility manager,1,274.0,0.0,3.72,RandomForest,7.1
txt:intention pay,1,274.0,0.0,0.71,RandomForest,7.1
txt:gaf,1,275.0,0.0,3.04,RandomForest,7.1
txt:gardner,1,275.0,0.0,3.62,RandomForest,7.1
txt:insurance phone,1,276.0,0.0,0.87,RandomForest,7.1
txt:intent use,1,276.0,0.0,1.59,RandomForest,7.1
txt:invest great,1,276.0,0.0,2.31,RandomForest,7.1
txt:high good,1,277.0,0.0,3.54,RandomForest,7.1
txt:inspector,1,277.0,0.0,1.53,RandomForest,7.1
txt:insurance credit,1,277.0,0.0,1.13,RandomForest,7.1
txt:investor helping,1,277.0,0.0,4.17,RandomForest,7.1
txt:fitter,1,278.0,0.0,8.4,RandomForest,7.1
txt:investor future,1,278.0,0.0,1.46,RandomForest,7.1
txt:financial order,1,279.0,0.0,3.25,RandomForest,7.1
txt:industrial,1,279.0,0.0,0.71,RandomForest,7.1
txt:investor funding,1,279.0,0.0,1.41,RandomForest,7.1
txt:issue paying,1,279.0,0.0,1.1,RandomForest,7.1
txt:global logistics,1,280.0,0.0,4.19,RandomForest,7.1
txt:footwear,1,281.0,0.0,3.15,RandomForest,7.1
txt:help house,1,281.0,0.0,2.77,RandomForest,7.1
txt:flow personal,1,282.0,0.0,3.88,RandomForest,7.1
txt:iam,1,282.0,0.0,0.74,RandomForest,7.1
txt:forward question,1,283.0,0.0,3.2,RandomForest,7.1
txt:free supervisor,1,283.0,0.0,4.73,RandomForest,7.1
txt:fear valley,1,285.0,0.0,5.37,RandomForest,7.1
txt:human resource,1,285.0,0.0,0.91,RandomForest,7.1
txt:integrated,1,285.0,0.0,1.36,RandomForest,7.1
txt:intrest rate,1,285.0,0.0,0.94,RandomForest,7.1
txt:dupage,1,286.0,0.0,4.37,RandomForest,7.1
txt:fcps,1,286.0,0.0,4.12,RandomForest,7.1
txt:insurance agent,1,286.0,0.0,1.29,RandomForest,7.1
txt:dyer,1,287.0,0.0,3.88,RandomForest,7.1
txt:genuine,1,287.0,0.0,3.68,RandomForest,7.1
txt:home value,1,287.0,0.0,0.92,RandomForest,7.1
txt:instead currently,1,287.0,0.0,1.42,RandomForest,7.1
txt:editor,1,288.0,0.0,4.31,RandomForest,7.1
txt:harrahs,1,288.0,0.0,2.15,RandomForest,7.1
txt:home remodel,1,288.0,0.0,0.92,RandomForest,7.1
txt:help financial,1,289.0,0.0,2.58,RandomForest,7.1
txt:funding business,1,290.0,0.0,3.6,RandomForest,7.1
txt:harbor freight,1,290.0,0.0,3.04,RandomForest,7.1
txt:home home,1,290.0,0.0,1.31,RandomForest,7.1
txt:history paying,1,291.0,0.0,0.78,RandomForest,7.1
txt:income secure,1,291.0,0.0,1.26,RandomForest,7.1
txt:education corporation,1,292.0,0.0,3.19,RandomForest,7.1
txt:finisher,1,292.0,0.0,4.0,RandomForest,7.1
txt:home mortgage,1,292.0,0.0,1.32,RandomForest,7.1
txt:indian,1,292.0,0.0,1.45,RandomForest,7.1
txt:forever debt,1,294.0,0.0,3.12,RandomForest,7.1
txt:great lake,1,294.0,0.0,2.57,RandomForest,7.1
txt:half debt,1,294.0,0.0,2.05,RandomForest,7.1
txt:help really,1,295.0,0.0,0.97,RandomForest,7.1
txt:income house,1,295.0,0.0,1.15,RandomForest,7.1
txt:include new,1,296.0,0.0,1.13,RandomForest,7.1
txt:growth debt,1,297.0,0.0,2.88,RandomForest,7.1
txt:high quality,1,297.0,0.0,1.91,RandomForest,7.1
txt:houston,1,297.0,0.0,1.3,RandomForest,7.1
txt:jacob,1,297.0,0.0,4.1,RandomForest,7.1
txt:fix kitchen,1,298.0,0.0,2.92,RandomForest,7.1
txt:house repair,1,298.0,0.0,2.01,RandomForest,7.1
txt:dollar store,1,299.0,0.0,3.02,RandomForest,7.1
txt:expense department,1,300.0,0.0,3.98,RandomForest,7.1
txt:hopeful,1,300.0,0.0,2.04,RandomForest,7.1
txt:faster start,1,301.0,0.0,5.21,RandomForest,7.1
txt:help promise,1,301.0,0.0,1.28,RandomForest,7.1
txt:kai,1,301.0,0.0,6.23,RandomForest,7.1
txt:fastenal,1,302.0,0.0,2.98,RandomForest,7.1
txt:field service,1,302.0,0.0,2.32,RandomForest,7.1
txt:harley,1,302.0,0.0,0.96,RandomForest,7.1
txt:help monthly,1,302.0,0.0,1.14,RandomForest,7.1
txt:guard,1,303.0,0.0,2.22,RandomForest,7.1
txt:heb,1,303.0,0.0,2.89,RandomForest,7.1
txt:dept credit,1,304.0,0.0,3.29,RandomForest,7.1
txt:equipment major,1,304.0,0.0,3.45,RandomForest,7.1
txt:getting thing,1,304.0,0.0,2.27,RandomForest,7.1
txt:harris teeter,1,304.0,0.0,2.16,RandomForest,7.1
txt:keiser university,1,304.0,0.0,5.88,RandomForest,7.1
txt:dept cosolidation,1,305.0,0.0,4.17,RandomForest,7.1
txt:gratitude,1,306.0,0.0,0.74,RandomForest,7.1
txt:help good,1,306.0,0.0,1.12,RandomForest,7.1
txt:gannett,1,307.0,0.0,1.96,RandomForest,7.1
txt:laborer,1,307.0,0.0,13.85,RandomForest,7.1
txt:grandmother,1,308.0,0.0,1.49,RandomForest,7.1
txt:free personal,1,309.0,0.0,4.05,RandomForest,7.1
txt:lacy,1,309.0,0.0,5.08,RandomForest,7.1
txt:heart attack,1,310.0,0.0,1.14,RandomForest,7.1
txt:help payoff,1,310.0,0.0,1.14,RandomForest,7.1
txt:debt rose,1,311.0,0.0,3.18,RandomForest,7.1
txt:debt payer,1,312.0,0.0,5.7,RandomForest,7.1
txt:growing business,1,312.0,0.0,1.64,RandomForest,7.1
txt:service agency,1,313.0,0.0,3.09,RandomForest,7.1
txt:dennis,1,314.0,0.0,2.74,RandomForest,7.1
txt:greene,1,314.0,0.0,3.74,RandomForest,7.1
txt:help looking,1,314.0,0.0,1.06,RandomForest,7.1
txt:debt joseph,1,315.0,0.0,4.46,RandomForest,7.1
txt:elimination high,1,315.0,0.0,2.54,RandomForest,7.1
txt:getting life,1,315.0,0.0,2.66,RandomForest,7.1
txt:halfway,1,315.0,0.0,1.64,RandomForest,7.1
txt:head start,1,315.0,0.0,2.24,RandomForest,7.1
txt:help job,1,315.0,0.0,0.94,RandomForest,7.1
txt:gift,1,316.0,0.0,1.14,RandomForest,7.1
txt:dental debt,1,317.0,0.0,4.43,RandomForest,7.1
txt:electronics,1,317.0,0.0,3.11,RandomForest,7.1
txt:financial life,1,317.0,0.0,2.04,RandomForest,7.1
txt:desperate,1,318.0,0.0,4.46,RandomForest,7.1
txt:help daughter,1,318.0,0.0,1.27,RandomForest,7.1
txt:funeral expense,1,319.0,0.0,1.15,RandomForest,7.1
txt:half paid,1,319.0,0.0,1.29,RandomForest,7.1
txt:destroy debt,1,320.0,0.0,4.05,RandomForest,7.1
txt:dmc,1,320.0,0.0,3.38,RandomForest,7.1
txt:help accomplish,1,320.0,0.0,1.75,RandomForest,7.1
txt:dough,1,321.0,0.0,6.4,RandomForest,7.1
txt:fairchild,1,321.0,0.0,2.37,RandomForest,7.1
txt:fund needed,1,321.0,0.0,1.16,RandomForest,7.1
txt:driller,1,322.0,0.0,3.92,RandomForest,7.1
txt:fund debt,1,322.0,0.0,1.07,RandomForest,7.1
txt:darling,1,323.0,0.0,5.3,RandomForest,7.1
txt:debt army,1,323.0,0.0,3.62,RandomForest,7.1
txt:finish house,1,323.0,0.0,1.96,RandomForest,7.1
txt:fund buy,1,323.0,0.0,1.31,RandomForest,7.1
txt:getting better,1,323.0,0.0,1.78,RandomForest,7.1
txt:dept pay,1,324.0,0.0,3.3,RandomForest,7.1
txt:express discover,1,324.0,0.0,2.32,RandomForest,7.1
txt:fully funded,1,324.0,0.0,1.52,RandomForest,7.1
txt:gate,1,324.0,0.0,3.02,RandomForest,7.1
txt:having pay,1,324.0,0.0,0.99,RandomForest,7.1
txt:year teaching,1,324.0,0.0,1.55,RandomForest,7.1
txt:craft,1,325.0,0.0,3.7,RandomForest,7.1
txt:davis county,1,325.0,0.0,5.55,RandomForest,7.1
txt:financial corp,1,325.0,0.0,4.02,RandomForest,7.1
txt:fusion,1,325.0,0.0,1.8,RandomForest,7.1
txt:geico,1,325.0,0.0,2.67,RandomForest,7.1
txt:dayton,1,326.0,0.0,3.78,RandomForest,7.1
txt:finance home,1,326.0,0.0,2.68,RandomForest,7.1
txt:fund small,1,326.0,0.0,1.84,RandomForest,7.1
txt:credit moving,1,327.0,0.0,3.3,RandomForest,7.1
txt:debt admin,1,327.0,0.0,4.78,RandomForest,7.1
txt:final year,1,327.0,0.0,2.0,RandomForest,7.1
txt:freeing,1,327.0,0.0,1.12,RandomForest,7.1
txt:debt area,1,328.0,0.0,6.14,RandomForest,7.1
txt:fedex freight,1,328.0,0.0,2.09,RandomForest,7.1
txt:forward life,1,328.0,0.0,0.71,RandomForest,7.1
txt:desperately trying,1,329.0,0.0,2.68,RandomForest,7.1
txt:dairy queen,1,330.0,0.0,3.62,RandomForest,7.1
txt:debt combining,1,330.0,0.0,3.74,RandomForest,7.1
txt:force,1,330.0,0.0,1.05,RandomForest,7.1
txt:fresno,1,330.0,0.0,1.92,RandomForest,7.1
txt:money friend,1,330.0,0.0,2.71,RandomForest,7.1
txt:dental pay,1,331.0,0.0,2.61,RandomForest,7.1
txt:going paying,1,331.0,0.0,0.9,RandomForest,7.1
txt:cummings,1,332.0,0.0,3.39,RandomForest,7.1
txt:flight,1,332.0,0.0,0.74,RandomForest,7.1
txt:month dept,1,332.0,0.0,2.79,RandomForest,7.1
txt:year refi,1,332.0,0.0,2.19,RandomForest,7.1
txt:damaging,1,333.0,0.0,3.78,RandomForest,7.1
txt:employer looking,1,333.0,0.0,2.15,RandomForest,7.1
txt:fitness,1,333.0,0.0,0.73,RandomForest,7.1
txt:funded able,1,333.0,0.0,1.57,RandomForest,7.1
txt:fund plan,1,334.0,0.0,1.26,RandomForest,7.1
txt:debt fixer,1,335.0,0.0,4.62,RandomForest,7.1
txt:fine,1,335.0,0.0,1.04,RandomForest,7.1
txt:financial group,1,336.0,0.0,0.79,RandomForest,7.1
txt:fund allow,1,336.0,0.0,1.58,RandomForest,7.1
txt:different day,1,337.0,0.0,2.36,RandomForest,7.1
txt:expansion,1,337.0,0.0,2.95,RandomForest,7.1
txt:fifth,1,337.0,0.0,0.78,RandomForest,7.1
txt:year lived,1,337.0,0.0,1.38,RandomForest,7.1
txt:everett,1,339.0,0.0,2.69,RandomForest,7.1
txt:county human,1,340.0,0.0,3.88,RandomForest,7.1
txt:family help,1,340.0,0.0,1.1,RandomForest,7.1
txt:free money,1,340.0,0.0,1.22,RandomForest,7.1
txt:debt helper,1,342.0,0.0,3.2,RandomForest,7.1
txt:financial crisis,1,342.0,0.0,1.66,RandomForest,7.1
txt:year increased,1,342.0,0.0,1.15,RandomForest,7.1
txt:year manager,1,342.0,0.0,1.75,RandomForest,7.1
txt:flavor,1,343.0,0.0,2.39,RandomForest,7.1
txt:financial burden,1,344.0,0.0,1.66,RandomForest,7.1
txt:expense include,1,345.0,0.0,0.8,RandomForest,7.1
txt:worker looking,1,345.0,0.0,3.55,RandomForest,7.1
txt:contruction,1,346.0,0.0,3.37,RandomForest,7.1
txt:exciting,1,346.0,0.0,0.91,RandomForest,7.1
txt:expense unexpected,1,346.0,0.0,1.54,RandomForest,7.1
txt:easier help,1,347.0,0.0,2.04,RandomForest,7.1
txt:custodian,1,348.0,0.0,9.17,RandomForest,7.1
txt:diligently paying,1,348.0,0.0,2.42,RandomForest,7.1
txt:excellent employment,1,348.0,0.0,1.83,RandomForest,7.1
txt:consolidation swiss,1,349.0,0.0,3.77,RandomForest,7.1
txt:dependable job,1,349.0,0.0,2.03,RandomForest,7.1
txt:express chase,1,349.0,0.0,1.81,RandomForest,7.1
txt:enterprise,1,350.0,0.0,0.84,RandomForest,7.1
txt:expense didn,1,350.0,0.0,1.71,RandomForest,7.1
txt:coty,1,351.0,0.0,3.43,RandomForest,7.1
txt:dunkin,1,351.0,0.0,4.65,RandomForest,7.1
txt:establishing credit,1,351.0,0.0,1.43,RandomForest,7.1
txt:excess,1,351.0,0.0,1.19,RandomForest,7.1
txt:year add,1,353.0,0.0,1.9,RandomForest,7.1
txt:year consolidate,1,353.0,0.0,0.84,RandomForest,7.1
txt:enable,1,354.0,0.0,0.76,RandomForest,7.1
txt:debt obtain,1,355.0,0.0,2.57,RandomForest,7.1
txt:environment,1,355.0,0.0,0.9,RandomForest,7.1
txt:driven,1,356.0,0.0,0.77,RandomForest,7.1
txt:eliminate higher,1,356.0,0.0,1.74,RandomForest,7.1
txt:wife use,1,356.0,0.0,1.72,RandomForest,7.1
txt:door,1,358.0,0.0,1.59,RandomForest,7.1
txt:easier manage,1,358.0,0.0,1.64,RandomForest,7.1
txt:ent,1,358.0,0.0,1.95,RandomForest,7.1
txt:ending,1,359.0,0.0,1.29,RandomForest,7.1
txt:credit bank,1,360.0,0.0,2.67,RandomForest,7.1
txt:dog,1,360.0,0.0,0.91,RandomForest,7.1
txt:eaton,1,360.0,0.0,2.08,RandomForest,7.1
txt:consolidation village,1,361.0,0.0,3.07,RandomForest,7.1
txt:consuladation,1,361.0,0.0,4.13,RandomForest,7.1
txt:contracting officer,1,362.0,0.0,3.73,RandomForest,7.1
txt:documentation,1,362.0,0.0,1.18,RandomForest,7.1
txt:doing home,1,362.0,0.0,2.01,RandomForest,7.1
txt:dying,1,362.0,0.0,1.32,RandomForest,7.1
txt:work place,1,362.0,0.0,1.63,RandomForest,7.1
txt:consolidation nursing,1,363.0,0.0,6.84,RandomForest,7.1
txt:working company,1,363.0,0.0,1.48,RandomForest,7.1
txt:consolidation saint,1,364.0,0.0,3.42,RandomForest,7.1
txt:const,1,364.0,0.0,3.71,RandomForest,7.1
txt:cowboy,1,364.0,0.0,2.79,RandomForest,7.1
txt:division,1,364.0,0.0,1.22,RandomForest,7.1
txt:use payment,1,364.0,0.0,2.77,RandomForest,7.1
txt:worldwide,1,364.0,0.0,1.1,RandomForest,7.1
txt:year consolidated,1,365.0,0.0,2.04,RandomForest,7.1
txt:consolidation postal,1,366.0,0.0,4.28,RandomForest,7.1
txt:disease,1,366.0,0.0,1.08,RandomForest,7.1
txt:consolitdation,1,367.0,0.0,3.06,RandomForest,7.1
txt:debt federal,1,368.0,0.0,2.02,RandomForest,7.1
txt:dept correction,1,368.0,0.0,1.39,RandomForest,7.1
txt:depts,1,368.0,0.0,1.93,RandomForest,7.1
txt:stay monthly,1,368.0,0.0,2.36,RandomForest,7.1
txt:consolidation rose,1,369.0,0.0,3.99,RandomForest,7.1
txt:consolidation volvo,1,369.0,0.0,3.04,RandomForest,7.1
txt:debt fargo,1,369.0,0.0,2.15,RandomForest,7.1
txt:dept store,1,369.0,0.0,2.73,RandomForest,7.1
txt:stony,1,369.0,0.0,4.08,RandomForest,7.1
txt:work job,1,369.0,0.0,1.66,RandomForest,7.1
txt:deduction,1,370.0,0.0,1.18,RandomForest,7.1
txt:dental work,1,370.0,0.0,2.25,RandomForest,7.1
txt:worker stable,1,370.0,0.0,1.86,RandomForest,7.1
txt:consolidation viacom,1,371.0,0.0,2.74,RandomForest,7.1
txt:debt scheduled,1,371.0,0.0,2.89,RandomForest,7.1
txt:debt starting,1,371.0,0.0,3.63,RandomForest,7.1
txt:deductible,1,371.0,0.0,0.82,RandomForest,7.1
txt:consolidation natural,1,372.0,0.0,3.17,RandomForest,7.1
txt:work care,1,372.0,0.0,3.49,RandomForest,7.1
txt:cumberland,1,373.0,0.0,2.05,RandomForest,7.1
txt:decreasing,1,373.0,0.0,0.97,RandomForest,7.1
txt:discrepancy,1,375.0,0.0,1.32,RandomForest,7.1
txt:year taking,1,375.0,0.0,1.06,RandomForest,7.1
txt:consolidation signature,1,376.0,0.0,2.62,RandomForest,7.1
txt:consolidation jewish,1,377.0,0.0,3.92,RandomForest,7.1
txt:debt cosolidation,1,377.0,0.0,1.08,RandomForest,7.1
txt:debt paying,1,377.0,0.0,0.69,RandomForest,7.1
txt:consolidation master,1,378.0,0.0,4.55,RandomForest,7.1
txt:debt simple,1,378.0,0.0,1.18,RandomForest,7.1
txt:debt consol,1,379.0,0.0,1.17,RandomForest,7.1
txt:cuisine,1,381.0,0.0,2.82,RandomForest,7.1
txt:debt little,1,381.0,0.0,1.16,RandomForest,7.1
txt:cut high,1,382.0,0.0,2.31,RandomForest,7.1
txt:wisconsin,1,382.0,0.0,1.16,RandomForest,7.1
txt:dear,1,384.0,0.0,1.11,RandomForest,7.1
txt:debt consoladation,1,384.0,0.0,1.81,RandomForest,7.1
txt:credit checked,1,385.0,0.0,1.95,RandomForest,7.1
txt:day fund,1,385.0,0.0,1.19,RandomForest,7.1
txt:dealer,1,385.0,0.0,1.35,RandomForest,7.1
txt:consolidation ross,1,386.0,0.0,4.17,RandomForest,7.1
txt:dave,1,387.0,0.0,1.12,RandomForest,7.1
txt:consolidation aep,1,388.0,0.0,3.7,RandomForest,7.1
txt:consolidation consolidated,1,388.0,0.0,3.63,RandomForest,7.1
txt:consolidation line,1,388.0,0.0,11.05,RandomForest,7.1
txt:daughter college,1,388.0,0.0,1.85,RandomForest,7.1
txt:deb,1,388.0,0.0,1.74,RandomForest,7.1
txt:consolidation commerce,1,389.0,0.0,4.68,RandomForest,7.1
txt:consolidation machine,1,389.0,0.0,11.36,RandomForest,7.1
txt:weren,1,389.0,0.0,0.96,RandomForest,7.1
txt:day payment,1,390.0,0.0,1.78,RandomForest,7.1
txt:consolidation bell,1,391.0,0.0,4.87,RandomForest,7.1
txt:consolidation collier,1,391.0,0.0,3.26,RandomForest,7.1
txt:consolidation mission,1,391.0,0.0,2.74,RandomForest,7.1
txt:consolidation royal,1,391.0,0.0,3.38,RandomForest,7.1
txt:consolidation midwest,1,392.0,0.0,2.65,RandomForest,7.1
txt:credit risk,1,392.0,0.0,1.12,RandomForest,7.1
txt:custom,1,392.0,0.0,0.95,RandomForest,7.1
txt:consolidation employment,1,393.0,0.0,4.63,RandomForest,7.1
txt:consolidation engineer,1,394.0,0.0,4.49,RandomForest,7.1
txt:consolidation king,1,394.0,0.0,2.59,RandomForest,7.1
txt:consolidation niagara,1,394.0,0.0,4.53,RandomForest,7.1
txt:consolidation night,1,394.0,0.0,4.42,RandomForest,7.1
txt:credit payoff,1,394.0,0.0,2.69,RandomForest,7.1
txt:wedding new,1,394.0,0.0,0.75,RandomForest,7.1
txt:consolidate lowes,1,395.0,0.0,10.91,RandomForest,7.1
txt:credit problem,1,395.0,0.0,1.23,RandomForest,7.1
txt:creek,1,395.0,0.0,0.72,RandomForest,7.1
txt:consolidating total,1,396.0,0.0,3.12,RandomForest,7.1
txt:consolidation naval,1,396.0,0.0,2.82,RandomForest,7.1
txt:couple week,1,396.0,0.0,1.56,RandomForest,7.1
txt:credit review,1,396.0,0.0,0.93,RandomForest,7.1
txt:consolidate track,1,397.0,0.0,3.26,RandomForest,7.1
txt:consolidation inova,1,397.0,0.0,3.2,RandomForest,7.1
txt:credit missed,1,397.0,0.0,0.72,RandomForest,7.1
txt:consolidate freedom,1,398.0,0.0,3.2,RandomForest,7.1
txt:consolidation cashier,1,398.0,0.0,9.76,RandomForest,7.1
txt:copy,1,398.0,0.0,1.41,RandomForest,7.1
txt:york life,1,398.0,0.0,2.35,RandomForest,7.1
txt:consolidation catalina,1,399.0,0.0,5.43,RandomForest,7.1
txt:cost home,1,399.0,0.0,1.33,RandomForest,7.1
txt:consolidation christopher,1,400.0,0.0,4.99,RandomForest,7.1
txt:county dept,1,400.0,0.0,2.32,RandomForest,7.1
txt:washington university,1,401.0,0.0,0.78,RandomForest,7.1
txt:consolidation cnc,1,402.0,0.0,6.43,RandomForest,7.1
txt:consolidation hilton,1,402.0,0.0,2.57,RandomForest,7.1
txt:consolidaton,1,402.0,0.0,2.44,RandomForest,7.1
txt:cover medical,1,402.0,0.0,2.76,RandomForest,7.1
txt:clinical lab,1,403.0,0.0,3.52,RandomForest,7.1
txt:consolidation local,1,403.0,0.0,3.18,RandomForest,7.1
txt:contracted,1,403.0,0.0,0.96,RandomForest,7.1
txt:window door,1,403.0,0.0,1.54,RandomForest,7.1
txt:cnc,1,404.0,0.0,3.49,RandomForest,7.1
txt:consolidation higher,1,404.0,0.0,3.82,RandomForest,7.1
txt:consolidation care,1,405.0,0.0,3.55,RandomForest,7.1
txt:consolidation dairy,1,405.0,0.0,3.78,RandomForest,7.1
txt:consolidation henry,1,405.0,0.0,3.81,RandomForest,7.1
txt:combine payment,1,406.0,0.0,2.94,RandomForest,7.1
txt:condolidation,1,406.0,0.0,4.1,RandomForest,7.1
txt:consolidation great,1,406.0,0.0,1.59,RandomForest,7.1
txt:consolidation institute,1,406.0,0.0,2.83,RandomForest,7.1
txt:wamu,1,406.0,0.0,0.96,RandomForest,7.1
txt:consolidation floor,1,407.0,0.0,3.94,RandomForest,7.1
txt:wardrobe,1,407.0,0.0,2.94,RandomForest,7.1
txt:wedding june,1,407.0,0.0,2.05,RandomForest,7.1
txt:community hospice,1,408.0,0.0,2.87,RandomForest,7.1
txt:consolidate various,1,408.0,0.0,2.19,RandomForest,7.1
txt:consolidation fund,1,408.0,0.0,2.42,RandomForest,7.1
txt:consolidation golden,1,408.0,0.0,1.97,RandomForest,7.1
txt:consolidation kohl,1,408.0,0.0,2.96,RandomForest,7.1
txt:consolidation verizon,1,408.0,0.0,1.04,RandomForest,7.1
txt:consolidation dell,1,409.0,0.0,2.96,RandomForest,7.1
txt:consolidation garden,1,409.0,0.0,2.62,RandomForest,7.1
txt:consolidation purpose,1,409.0,0.0,0.77,RandomForest,7.1
txt:consolidation refinancing,1,409.0,0.0,2.12,RandomForest,7.1
txt:lamar,1,409.0,0.0,3.84,RandomForest,7.1
txt:consolidation coast,1,410.0,0.0,1.93,RandomForest,7.1
txt:consolidation medco,1,410.0,0.0,2.36,RandomForest,7.1
txt:consolidation payment,1,410.0,0.0,1.9,RandomForest,7.1
txt:consilidate debt,1,411.0,0.0,1.71,RandomForest,7.1
txt:consoliation,1,411.0,0.0,1.25,RandomForest,7.1
txt:consolidate home,1,411.0,0.0,0.82,RandomForest,7.1
txt:consolidation frito,1,411.0,0.0,2.71,RandomForest,7.1
txt:consolidation microsoft,1,411.0,0.0,3.78,RandomForest,7.1
txt:consiladate,1,413.0,0.0,4.2,RandomForest,7.1
txt:consolidate charge,1,413.0,0.0,6.0,RandomForest,7.1
txt:consolidation eastern,1,413.0,0.0,2.95,RandomForest,7.1
txt:consolidation kroger,1,413.0,0.0,1.81,RandomForest,7.1
txt:comptroller,1,414.0,0.0,2.83,RandomForest,7.1
txt:connection,1,414.0,0.0,1.08,RandomForest,7.1
txt:loeb,1,415.0,0.0,3.74,RandomForest,7.1
txt:concrete,1,416.0,0.0,1.29,RandomForest,7.1
txt:consolidation card,1,416.0,0.0,3.13,RandomForest,7.1
txt:consolidation combine,1,416.0,0.0,1.88,RandomForest,7.1
txt:color,1,417.0,0.0,2.56,RandomForest,7.1
txt:concept,1,417.0,0.0,1.7,RandomForest,7.1
txt:consoildation,1,417.0,0.0,2.07,RandomForest,7.1
txt:wedding dress,1,417.0,0.0,2.14,RandomForest,7.1
txt:consolidatiom,1,418.0,0.0,4.4,RandomForest,7.1
txt:consolidation builder,1,418.0,0.0,3.46,RandomForest,7.1
txt:lot medical,1,418.0,0.0,4.52,RandomForest,7.1
txt:castle,1,419.0,0.0,3.15,RandomForest,7.1
txt:consolidate total,1,420.0,0.0,2.46,RandomForest,7.1
txt:consolidation aaa,1,420.0,0.0,3.27,RandomForest,7.1
txt:nanny,1,420.0,0.0,2.74,RandomForest,7.1
txt:village,1,420.0,0.0,0.69,RandomForest,7.1
txt:consistent pay,1,421.0,0.0,1.83,RandomForest,7.1
txt:consolidation alliance,1,421.0,0.0,4.18,RandomForest,7.1
txt:city cleveland,1,422.0,0.0,3.74,RandomForest,7.1
txt:combined income,1,422.0,0.0,1.73,RandomForest,7.1
txt:company payment,1,422.0,0.0,1.82,RandomForest,7.1
txt:consolidation buffalo,1,422.0,0.0,3.58,RandomForest,7.1
txt:cleaning,1,423.0,0.0,1.03,RandomForest,7.1
txt:visa mastercard,1,423.0,0.0,2.32,RandomForest,7.1
txt:city transit,1,424.0,0.0,0.88,RandomForest,7.1
txt:closed year,1,424.0,0.0,2.47,RandomForest,7.1
txt:columbus,1,424.0,0.0,0.97,RandomForest,7.1
txt:consoldiation,1,424.0,0.0,3.37,RandomForest,7.1
txt:consolidation castle,1,424.0,0.0,2.38,RandomForest,7.1
txt:nicer,1,424.0,0.0,2.9,RandomForest,7.1
txt:collier county,1,425.0,0.0,4.22,RandomForest,7.1
txt:comcast,1,425.0,0.0,1.41,RandomForest,7.1
txt:chicago police,1,426.0,0.0,4.05,RandomForest,7.1
txt:childrens,1,426.0,0.0,1.59,RandomForest,7.1
txt:coaching,1,426.0,0.0,1.18,RandomForest,7.1
txt:college fund,1,426.0,0.0,1.2,RandomForest,7.1
txt:consolidation community,1,426.0,0.0,2.43,RandomForest,7.1
txt:card verizon,1,427.0,0.0,3.98,RandomForest,7.1
txt:chemical,1,427.0,0.0,2.44,RandomForest,7.1
txt:communication technician,1,427.0,0.0,4.51,RandomForest,7.1
txt:chance pay,1,428.0,0.0,3.26,RandomForest,7.1
txt:community support,1,428.0,0.0,4.61,RandomForest,7.1
txt:version,1,428.0,0.0,0.76,RandomForest,7.1
txt:cedit card,1,429.0,0.0,2.29,RandomForest,7.1
txt:charles,1,429.0,0.0,2.18,RandomForest,7.1
txt:city los,1,429.0,0.0,1.48,RandomForest,7.1
txt:coalition,1,429.0,0.0,2.41,RandomForest,7.1
txt:consolidation francis,1,429.0,0.0,2.27,RandomForest,7.1
txt:offer payment,1,429.0,0.0,2.77,RandomForest,7.1
txt:combine debt,1,430.0,0.0,1.77,RandomForest,7.1
txt:conselidation,1,430.0,0.0,4.47,RandomForest,7.1
txt:ccloan,1,431.0,0.0,3.9,RandomForest,7.1
txt:change term,1,431.0,0.0,0.76,RandomForest,7.1
txt:child custody,1,431.0,0.0,1.27,RandomForest,7.1
txt:cigna,1,431.0,0.0,3.27,RandomForest,7.1
txt:card warehouse,1,432.0,0.0,6.53,RandomForest,7.1
txt:check pay,1,432.0,0.0,1.38,RandomForest,7.1
txt:coal,1,432.0,0.0,3.71,RandomForest,7.1
txt:verizon wireless,1,432.0,0.0,0.78,RandomForest,7.1
txt:viewing request,1,432.0,0.0,1.74,RandomForest,7.1
txt:care coordinator,1,433.0,0.0,6.27,RandomForest,7.1
txt:certain,1,433.0,0.0,0.8,RandomForest,7.1
txt:chang,1,433.0,0.0,2.05,RandomForest,7.1
txt:charleston,1,433.0,0.0,1.57,RandomForest,7.1
txt:city charlotte,1,433.0,0.0,3.6,RandomForest,7.1
txt:used clear,1,433.0,0.0,3.05,RandomForest,7.1
txt:cause pay,1,434.0,0.0,2.28,RandomForest,7.1
txt:charles schwab,1,434.0,0.0,1.34,RandomForest,7.1
txt:city county,1,434.0,0.0,3.27,RandomForest,7.1
txt:clean harbor,1,434.0,0.0,3.09,RandomForest,7.1
txt:card feel,1,435.0,0.0,1.51,RandomForest,7.1
txt:card misc,1,435.0,0.0,2.87,RandomForest,7.1
txt:caretaker,1,435.0,0.0,7.88,RandomForest,7.1
txt:chrysler jeep,1,435.0,0.0,2.65,RandomForest,7.1
txt:wedding date,1,436.0,0.0,1.11,RandomForest,7.1
txt:carting,1,437.0,0.0,2.15,RandomForest,7.1
txt:chance prove,1,437.0,0.0,3.04,RandomForest,7.1
txt:cleveland,1,437.0,0.0,3.15,RandomForest,7.1
txt:cashier,1,438.0,0.0,4.26,RandomForest,7.1
txt:card bring,1,439.0,0.0,1.53,RandomForest,7.1
txt:card wife,1,439.0,0.0,0.79,RandomForest,7.1
txt:cash reserve,1,439.0,0.0,1.09,RandomForest,7.1
txt:visa card,1,439.0,0.0,1.57,RandomForest,7.1
txt:card life,1,440.0,0.0,1.88,RandomForest,7.1
txt:verified email,1,440.0,0.0,1.96,RandomForest,7.1
txt:card overall,1,441.0,0.0,3.39,RandomForest,7.1
txt:carecredit,1,441.0,0.0,2.48,RandomForest,7.1
txt:card missed,1,442.0,0.0,0.96,RandomForest,7.1
txt:card payday,1,442.0,0.0,3.98,RandomForest,7.1
txt:car reduce,1,443.0,0.0,4.24,RandomForest,7.1
txt:card fund,1,443.0,0.0,1.05,RandomForest,7.1
txt:card union,1,443.0,0.0,3.1,RandomForest,7.1
txt:carr,1,443.0,0.0,2.84,RandomForest,7.1
txt:card owe,1,444.0,0.0,1.09,RandomForest,7.1
txt:career worked,1,444.0,0.0,1.96,RandomForest,7.1
txt:machine operator,1,446.0,0.0,3.88,RandomForest,7.1
txt:campus,1,447.0,0.0,1.28,RandomForest,7.1
txt:consilidate credit,1,447.0,0.0,2.74,RandomForest,7.1
txt:mail carrier,1,447.0,0.0,3.72,RandomForest,7.1
txt:cabinet,1,448.0,0.0,1.0,RandomForest,7.1
txt:candy,1,448.0,0.0,4.49,RandomForest,7.1
txt:maintenence,1,448.0,0.0,6.64,RandomForest,7.1
txt:universal,1,448.0,0.0,1.0,RandomForest,7.1
txt:year supporting,1,448.0,0.0,2.54,RandomForest,7.1
txt:buyer tax,1,449.0,0.0,0.81,RandomForest,7.1
txt:buying new,1,449.0,0.0,1.25,RandomForest,7.1
txt:card forever,1,449.0,0.0,2.08,RandomForest,7.1
txt:buy new,1,450.0,0.0,1.39,RandomForest,7.1
txt:buy truck,1,450.0,0.0,1.2,RandomForest,7.1
txt:mta bus,1,450.0,0.0,3.56,RandomForest,7.1
txt:material management,1,451.0,0.0,4.43,RandomForest,7.1
txt:budget monthly,1,452.0,0.0,0.71,RandomForest,7.1
txt:bureau prison,1,452.0,0.0,1.28,RandomForest,7.1
txt:matrix,1,452.0,0.0,4.58,RandomForest,7.1
txt:brother law,1,453.0,0.0,1.09,RandomForest,7.1
txt:broken,1,454.0,0.0,2.59,RandomForest,7.1
txt:capgemini,1,454.0,0.0,2.28,RandomForest,7.1
txt:card big,1,454.0,0.0,1.85,RandomForest,7.1
txt:medical consultant,1,454.0,0.0,4.14,RandomForest,7.1
txt:build better,1,455.0,0.0,3.64,RandomForest,7.1
txt:meisel,1,455.0,0.0,4.25,RandomForest,7.1
txt:buget,1,456.0,0.0,1.14,RandomForest,7.1
txt:business purpose,1,456.0,0.0,4.0,RandomForest,7.1
txt:metroplus,1,456.0,0.0,6.49,RandomForest,7.1
txt:burger,1,457.0,0.0,2.12,RandomForest,7.1
txt:cape fear,1,457.0,0.0,2.12,RandomForest,7.1
txt:branch,1,458.0,0.0,0.84,RandomForest,7.1
txt:bust,1,458.0,0.0,3.6,RandomForest,7.1
txt:bring monthly,1,459.0,0.0,1.1,RandomForest,7.1
txt:candidate stable,1,459.0,0.0,2.02,RandomForest,7.1
txt:tuition cost,1,459.0,0.0,3.18,RandomForest,7.1
txt:boeing,1,460.0,0.0,1.1,RandomForest,7.1
txt:boeing company,1,460.0,0.0,1.24,RandomForest,7.1
txt:brick,1,460.0,0.0,1.76,RandomForest,7.1
txt:business used,1,460.0,0.0,2.57,RandomForest,7.1
txt:bowling,1,461.0,0.0,3.08,RandomForest,7.1
txt:breathe easier,1,462.0,0.0,2.0,RandomForest,7.1
txt:business started,1,462.0,0.0,2.15,RandomForest,7.1
txt:boulder,1,463.0,0.0,1.16,RandomForest,7.1
txt:card guy,1,463.0,0.0,4.0,RandomForest,7.1
txt:bigger,1,464.0,0.0,1.55,RandomForest,7.1
txt:black,1,464.0,0.0,0.99,RandomForest,7.1
txt:bus,1,464.0,0.0,2.06,RandomForest,7.1
txt:vineland,1,464.0,0.0,4.11,RandomForest,7.1
txt:borrow pay,1,465.0,0.0,1.9,RandomForest,7.1
txt:beverage,1,466.0,0.0,1.73,RandomForest,7.1
txt:bayada,1,467.0,0.0,5.31,RandomForest,7.1
txt:bioscience,1,468.0,0.0,2.51,RandomForest,7.1
txt:breath,1,468.0,0.0,8.22,RandomForest,7.1
txt:brighton,1,468.0,0.0,3.07,RandomForest,7.1
txt:unable pay,1,468.0,0.0,0.8,RandomForest,7.1
txt:backed,1,469.0,0.0,2.06,RandomForest,7.1
txt:biomedical,1,469.0,0.0,2.47,RandomForest,7.1
txt:better cash,1,470.0,0.0,3.22,RandomForest,7.1
txt:truth,1,470.0,0.0,0.76,RandomForest,7.1
txt:bank commerce,1,471.0,0.0,3.33,RandomForest,7.1
txt:beach,1,471.0,0.0,0.71,RandomForest,7.1
txt:build addition,1,471.0,0.0,3.88,RandomForest,7.1
txt:bath,1,472.0,0.0,0.71,RandomForest,7.1
txt:balance consolidate,1,473.0,0.0,1.97,RandomForest,7.1
txt:bakery,1,474.0,0.0,1.1,RandomForest,7.1
txt:bayonne,1,474.0,0.0,3.11,RandomForest,7.1
txt:begin new,1,474.0,0.0,1.95,RandomForest,7.1
txt:caesar,1,474.0,0.0,2.81,RandomForest,7.1
txt:burden pay,1,475.0,0.0,3.97,RandomForest,7.1
txt:bad economic,1,476.0,0.0,1.79,RandomForest,7.1
txt:beautiful day,1,476.0,0.0,3.31,RandomForest,7.1
txt:berkeley,1,476.0,0.0,3.58,RandomForest,7.1
txt:available pay,1,477.0,0.0,0.75,RandomForest,7.1
txt:bank monthly,1,477.0,0.0,4.24,RandomForest,7.1
txt:betterlife,1,477.0,0.0,4.67,RandomForest,7.1
txt:atrium,1,478.0,0.0,3.26,RandomForest,7.1
txt:atv,1,478.0,0.0,1.35,RandomForest,7.1
txt:bar restaurant,1,479.0,0.0,2.58,RandomForest,7.1
txt:assisting,1,480.0,0.0,2.09,RandomForest,7.1
txt:buy stuff,1,480.0,0.0,4.98,RandomForest,7.1
txt:appointment,1,481.0,0.0,1.55,RandomForest,7.1
txt:asking pay,1,481.0,0.0,1.29,RandomForest,7.1
txt:anymore,1,482.0,0.0,0.99,RandomForest,7.1
txt:auto debt,1,482.0,0.0,3.29,RandomForest,7.1
txt:approve,1,483.0,0.0,0.8,RandomForest,7.1
txt:appreciates,1,484.0,0.0,1.59,RandomForest,7.1
txt:amtrak,1,485.0,0.0,1.52,RandomForest,7.1
txt:applying pay,1,485.0,0.0,1.49,RandomForest,7.1
txt:apr year,1,485.0,0.0,1.74,RandomForest,7.1
txt:appraiser,1,486.0,0.0,1.89,RandomForest,7.1
txt:asking consolidate,1,486.0,0.0,2.1,RandomForest,7.1
txt:university health,1,486.0,0.0,2.42,RandomForest,7.1
txt:alaska,1,487.0,0.0,1.47,RandomForest,7.1
txt:aluminum,1,487.0,0.0,1.72,RandomForest,7.1
txt:bay resort,1,487.0,0.0,4.92,RandomForest,7.1
txt:air force,1,488.0,0.0,1.41,RandomForest,7.1
txt:airway,1,488.0,0.0,1.95,RandomForest,7.1
txt:alpine,1,488.0,0.0,1.38,RandomForest,7.1
txt:area rapid,1,488.0,0.0,3.34,RandomForest,7.1
txt:agree,1,489.0,0.0,0.97,RandomForest,7.1
txt:begin investing,1,489.0,0.0,2.6,RandomForest,7.1
txt:america pay,1,490.0,0.0,2.08,RandomForest,7.1
txt:service master,1,491.0,0.0,3.33,RandomForest,7.1
txt:upmc,1,491.0,0.0,1.76,RandomForest,7.1
txt:aim,1,492.0,0.0,1.86,RandomForest,7.1
txt:axis,1,492.0,0.0,3.77,RandomForest,7.1
txt:biller,1,492.0,0.0,4.08,RandomForest,7.1
txt:account verification,1,493.0,0.0,2.69,RandomForest,7.1
txt:addition family,1,493.0,0.0,3.1,RandomForest,7.1
txt:ale house,1,493.0,0.0,3.02,RandomForest,7.1
txt:account debt,1,494.0,0.0,0.79,RandomForest,7.1
txt:account past,1,494.0,0.0,2.1,RandomForest,7.1
txt:advance funding,1,494.0,0.0,1.85,RandomForest,7.1
txt:able financial,1,495.0,0.0,4.16,RandomForest,7.1
txt:advance assistance,1,495.0,0.0,1.29,RandomForest,7.1
txt:allow breathing,1,495.0,0.0,3.84,RandomForest,7.1
txt:able payment,1,498.0,0.0,0.8,RandomForest,7.1
txt:accident,1,498.0,0.0,1.11,RandomForest,7.1
txt:account bank,1,498.0,0.0,1.48,RandomForest,7.1
txt:account look,1,498.0,0.0,2.67,RandomForest,7.1
txt:abercrombie fitch,1,499.0,0.0,2.55,RandomForest,7.1
txt:able use,1,499.0,0.0,1.59,RandomForest,7.1
txt:allowing opportunity,1,499.0,0.0,2.47,RandomForest,7.1
txt:abercrombie,1,500.0,0.0,2.55,RandomForest,7.1
txt:able paid,1,500.0,0.0,2.06,RandomForest,7.1
txt:tenure,1,501.0,0.0,2.52,RandomForest,7.1
txt:analytical,1,502.0,0.0,2.63,RandomForest,7.1
txt:anniston,1,502.0,0.0,3.86,RandomForest,7.1
txt:tax credit,1,502.0,0.0,0.98,RandomForest,7.1
txt:unc,1,502.0,0.0,2.43,RandomForest,7.1
txt:underwriter,1,502.0,0.0,1.18,RandomForest,7.1
txt:superior,1,503.0,0.0,1.29,RandomForest,7.1
txt:tyson,1,503.0,0.0,2.22,RandomForest,7.1
txt:army officer,1,504.0,0.0,7.39,RandomForest,7.1
txt:trust fund,1,504.0,0.0,2.39,RandomForest,7.1
txt:suggestion,1,505.0,0.0,1.14,RandomForest,7.1
txt:tribe,1,505.0,0.0,2.8,RandomForest,7.1
txt:asst manager,1,506.0,0.0,7.36,RandomForest,7.1
txt:succeed,1,506.0,0.0,1.01,RandomForest,7.1
txt:total year,1,506.0,0.0,1.18,RandomForest,7.1
txt:unstable,1,506.0,0.0,2.32,RandomForest,7.1
txt:athletic,1,507.0,0.0,3.68,RandomForest,7.1
txt:summer vacation,1,508.0,0.0,2.49,RandomForest,7.1
txt:account debit,1,509.0,0.0,2.82,RandomForest,7.1
txt:stub,1,509.0,0.0,0.72,RandomForest,7.1
txt:thing debt,1,509.0,0.0,2.67,RandomForest,7.1
txt:think good,1,509.0,0.0,1.11,RandomForest,7.1
txt:sts,1,510.0,0.0,4.3,RandomForest,7.1
txt:thanksgiving,1,510.0,0.0,1.12,RandomForest,7.1
txt:state washington,1,511.0,0.0,3.08,RandomForest,7.1
txt:talk,1,511.0,0.0,0.94,RandomForest,7.1
txt:summerlin,1,512.0,0.0,3.52,RandomForest,7.1
txt:teeter,1,512.0,0.0,2.16,RandomForest,7.1
txt:tenet,1,512.0,0.0,3.26,RandomForest,7.1
txt:textile,1,512.0,0.0,2.84,RandomForest,7.1
txt:aiding,1,514.0,0.0,4.07,RandomForest,7.1
txt:start financially,1,514.0,0.0,4.0,RandomForest,7.1
txt:state new,1,514.0,0.0,0.75,RandomForest,7.1
txt:strongly,1,514.0,0.0,0.96,RandomForest,7.1
txt:tech data,1,514.0,0.0,2.19,RandomForest,7.1
txt:tennis,1,514.0,0.0,1.59,RandomForest,7.1
txt:state farm,1,515.0,0.0,1.0,RandomForest,7.1
txt:start paying,1,516.0,0.0,0.79,RandomForest,7.1
txt:talking,1,516.0,0.0,1.49,RandomForest,7.1
txt:tape,1,518.0,0.0,2.32,RandomForest,7.1
txt:plain simple,1,519.0,0.0,4.18,RandomForest,7.1
txt:revel,1,519.0,0.0,3.47,RandomForest,7.1
txt:sure paid,1,521.0,0.0,1.54,RandomForest,7.1
txt:aamco,1,522.0,0.0,3.92,RandomForest,7.1
txt:stable employment,1,522.0,0.0,0.77,RandomForest,7.1
txt:stable debt,1,523.0,0.0,1.8,RandomForest,7.1
txt:able good,1,524.0,0.0,2.74,RandomForest,7.1
txt:spread,1,524.0,0.0,1.35,RandomForest,7.1
txt:office coordinator,1,525.0,0.0,7.89,RandomForest,7.1
txt:somewhat,1,526.0,0.0,1.24,RandomForest,7.1
txt:start anew,1,526.0,0.0,2.41,RandomForest,7.1
txt:omnicare,1,527.0,0.0,4.9,RandomForest,7.1
txt:smile,1,528.0,0.0,1.51,RandomForest,7.1
txt:stream,1,528.0,0.0,2.18,RandomForest,7.1
txt:opening business,1,529.0,0.0,2.74,RandomForest,7.1
txt:princess,1,531.0,0.0,3.47,RandomForest,7.1
txt:senior care,1,531.0,0.0,3.64,RandomForest,7.1
txt:size,1,531.0,0.0,1.52,RandomForest,7.1
txt:stable steady,1,531.0,0.0,1.85,RandomForest,7.1
txt:pay seperate,1,532.0,0.0,4.71,RandomForest,7.1
txt:situation good,1,532.0,0.0,0.93,RandomForest,7.1
txt:prince,1,533.0,0.0,2.83,RandomForest,7.1
txt:sky,1,533.0,0.0,2.14,RandomForest,7.1
txt:payday credit,1,535.0,0.0,5.5,RandomForest,7.1
txt:snapple,1,535.0,0.0,2.98,RandomForest,7.1
txt:pay john,1,536.0,0.0,3.96,RandomForest,7.1
txt:required credit,1,536.0,0.0,2.67,RandomForest,7.1
txt:saia motor,1,536.0,0.0,4.11,RandomForest,7.1
txt:sheraton,1,536.0,0.0,2.79,RandomForest,7.1
txt:siding,1,536.0,0.0,0.85,RandomForest,7.1
txt:simply pay,1,536.0,0.0,1.16,RandomForest,7.1
txt:skywest,1,536.0,0.0,3.29,RandomForest,7.1
txt:stair,1,536.0,0.0,2.73,RandomForest,7.1
txt:wearhouse,1,536.0,0.0,4.43,RandomForest,7.1
txt:pay simple,1,537.0,0.0,3.64,RandomForest,7.1
txt:square garden,1,537.0,0.0,1.95,RandomForest,7.1
txt:welder,1,537.0,0.0,4.83,RandomForest,7.1
txt:roto,1,538.0,0.0,2.48,RandomForest,7.1
txt:simplexgrinnell,1,538.0,0.0,2.1,RandomForest,7.1
txt:soldier,1,538.0,0.0,1.86,RandomForest,7.1
txt:riverbend,1,539.0,0.0,3.34,RandomForest,7.1
txt:roto rooter,1,539.0,0.0,2.48,RandomForest,7.1
txt:shoppe,1,539.0,0.0,3.7,RandomForest,7.1
txt:payment consilidation,1,540.0,0.0,4.78,RandomForest,7.1
txt:semi,1,540.0,0.0,1.25,RandomForest,7.1
txt:payment overwhelming,1,541.0,0.0,4.77,RandomForest,7.1
txt:payoff creditcards,1,541.0,0.0,3.68,RandomForest,7.1
txt:retainer,1,541.0,0.0,3.02,RandomForest,7.1
txt:september,1,541.0,0.0,1.18,RandomForest,7.1
txt:payoff nurse,1,542.0,0.0,7.33,RandomForest,7.1
txt:respite,1,543.0,0.0,3.7,RandomForest,7.1
txt:requesting credit,1,544.0,0.0,3.97,RandomForest,7.1
txt:set free,1,544.0,0.0,1.92,RandomForest,7.1
txt:piazza,1,546.0,0.0,3.77,RandomForest,7.1
txt:saving paying,1,546.0,0.0,1.03,RandomForest,7.1
txt:schwab,1,546.0,0.0,1.11,RandomForest,7.1
txt:self employment,1,546.0,0.0,1.78,RandomForest,7.1
txt:seeking refinance,1,549.0,0.0,1.71,RandomForest,7.1
txt:seneca,1,549.0,0.0,3.37,RandomForest,7.1
txt:rock,1,550.0,0.0,0.94,RandomForest,7.1
txt:scott,1,550.0,0.0,1.27,RandomForest,7.1
txt:road,1,551.0,0.0,0.77,RandomForest,7.1
txt:school expense,1,551.0,0.0,0.93,RandomForest,7.1
txt:northgate,1,552.0,0.0,3.53,RandomForest,7.1
txt:rcc,1,552.0,0.0,5.67,RandomForest,7.1
txt:reform,1,552.0,0.0,3.08,RandomForest,7.1
txt:route,1,552.0,0.0,1.21,RandomForest,7.1
txt:securitas security,1,553.0,0.0,2.4,RandomForest,7.1
txt:rebound,1,554.0,0.0,4.13,RandomForest,7.1
txt:railroad retirement,1,555.0,0.0,3.15,RandomForest,7.1
txt:receptionist,1,556.0,0.0,4.68,RandomForest,7.1
txt:relocation moving,1,556.0,0.0,3.13,RandomForest,7.1
txt:sci,1,558.0,0.0,3.97,RandomForest,7.1
txt:protection service,1,559.0,0.0,3.13,RandomForest,7.1
txt:response,1,560.0,0.0,1.04,RandomForest,7.1
txt:root canal,1,560.0,0.0,2.28,RandomForest,7.1
txt:sacred heart,1,560.0,0.0,2.02,RandomForest,7.1
txt:refinance market,1,561.0,0.0,4.65,RandomForest,7.1
txt:requested debt,1,561.0,0.0,2.38,RandomForest,7.1
txt:rough patch,1,561.0,0.0,1.92,RandomForest,7.1
txt:medium size,1,562.0,0.0,3.98,RandomForest,7.1
txt:refinance truck,1,562.0,0.0,5.06,RandomForest,7.1
txt:respond,1,562.0,0.0,0.8,RandomForest,7.1
txt:mfa,1,563.0,0.0,3.32,RandomForest,7.1
txt:prepared pay,1,563.0,0.0,3.12,RandomForest,7.1
txt:resource,1,563.0,0.0,0.83,RandomForest,7.1
txt:sandy,1,563.0,0.0,3.31,RandomForest,7.1
txt:registered respiratory,1,564.0,0.0,3.9,RandomForest,7.1
txt:responsible financially,1,564.0,0.0,2.03,RandomForest,7.1
txt:pipefitters local,1,565.0,0.0,3.93,RandomForest,7.1
txt:reorganization,1,565.0,0.0,2.29,RandomForest,7.1
txt:resale,1,565.0,0.0,1.61,RandomForest,7.1
txt:responsible payoff,1,565.0,0.0,4.21,RandomForest,7.1
txt:montgomery,1,566.0,0.0,3.34,RandomForest,7.1
txt:removing,1,566.0,0.0,2.48,RandomForest,7.1
txt:replace payment,1,566.0,0.0,2.01,RandomForest,7.1
txt:responsable,1,566.0,0.0,3.05,RandomForest,7.1
txt:repayment record,1,567.0,0.0,2.07,RandomForest,7.1
txt:restart,1,567.0,0.0,4.74,RandomForest,7.1
txt:planning using,1,568.0,0.0,2.59,RandomForest,7.1
txt:refinance new,1,568.0,0.0,2.22,RandomForest,7.1
txt:rocklin,1,568.0,0.0,5.11,RandomForest,7.1
txt:roi,1,568.0,0.0,1.74,RandomForest,7.1
txt:room breath,1,569.0,0.0,3.78,RandomForest,7.1
txt:rebuild credit,1,570.0,0.0,2.49,RandomForest,7.1
txt:refinance high,1,570.0,0.0,0.82,RandomForest,7.1
txt:removal,1,570.0,0.0,1.14,RandomForest,7.1
txt:requesting fund,1,570.0,0.0,1.86,RandomForest,7.1
txt:refinance bank,1,571.0,0.0,3.15,RandomForest,7.1
txt:remaining money,1,571.0,0.0,0.94,RandomForest,7.1
txt:sanitation worker,1,571.0,0.0,3.71,RandomForest,7.1
txt:paying easy,1,573.0,0.0,3.37,RandomForest,7.1
txt:save day,1,575.0,0.0,4.82,RandomForest,7.1
txt:recycling,1,576.0,0.0,2.59,RandomForest,7.1
txt:savior,1,576.0,0.0,5.31,RandomForest,7.1
txt:qualify home,1,577.0,0.0,3.07,RandomForest,7.1
txt:product service,1,578.0,0.0,2.54,RandomForest,7.1
txt:pay city,1,579.0,0.0,3.3,RandomForest,7.1
txt:recieved,1,579.0,0.0,0.78,RandomForest,7.1
txt:target card,1,580.0,0.0,4.41,RandomForest,7.1
txt:thing home,1,580.0,0.0,5.6,RandomForest,7.1
txt:page group,1,581.0,0.0,3.17,RandomForest,7.1
txt:recently bought,1,581.0,0.0,1.03,RandomForest,7.1
txt:recently divorced,1,581.0,0.0,1.25,RandomForest,7.1
txt:requested pay,1,581.0,0.0,1.7,RandomForest,7.1
txt:securitas usa,1,581.0,0.0,5.79,RandomForest,7.1
txt:protect credit,1,582.0,0.0,2.36,RandomForest,7.1
txt:ready debt,1,582.0,0.0,0.76,RandomForest,7.1
txt:regency,1,582.0,0.0,2.33,RandomForest,7.1
txt:team industrial,1,582.0,0.0,3.44,RandomForest,7.1
txt:rate save,1,583.0,0.0,0.92,RandomForest,7.1
txt:repeat,1,583.0,0.0,1.57,RandomForest,7.1
txt:oswego,1,584.0,0.0,3.07,RandomForest,7.1
txt:reliant,1,584.0,0.0,1.41,RandomForest,7.1
txt:recieve,1,587.0,0.0,1.03,RandomForest,7.1
txt:nyct,1,588.0,0.0,3.22,RandomForest,7.1
txt:shop supervisor,1,588.0,0.0,9.92,RandomForest,7.1
txt:topay,1,588.0,0.0,3.44,RandomForest,7.1
txt:payment charge,1,589.0,0.0,2.38,RandomForest,7.1
txt:tryin,1,590.0,0.0,2.33,RandomForest,7.1
txt:somerville,1,593.0,0.0,6.88,RandomForest,7.1
txt:young college,1,595.0,0.0,2.32,RandomForest,7.1
txt:payment result,1,596.0,0.0,2.43,RandomForest,7.1
txt:year layoff,1,596.0,0.0,3.77,RandomForest,7.1
txt:new gutter,1,597.0,0.0,3.03,RandomForest,7.1
txt:year fix,1,597.0,0.0,7.46,RandomForest,7.1
txt:homeimprov,1,598.0,0.0,12.19,RandomForest,7.1
txt:homemaker,1,599.0,0.0,11.05,RandomForest,7.1
txt:york company,1,602.0,0.0,3.48,RandomForest,7.1
txt:payment combine,1,604.0,0.0,3.14,RandomForest,7.1
txt:purchasing house,1,606.0,0.0,1.9,RandomForest,7.1
txt:question help,1,606.0,0.0,1.18,RandomForest,7.1
txt:montage,1,608.0,0.0,3.08,RandomForest,7.1
txt:work looking,1,609.0,0.0,2.3,RandomForest,7.1
txt:usc medical,1,610.0,0.0,3.74,RandomForest,7.1
txt:valley view,1,610.0,0.0,3.58,RandomForest,7.1
txt:worked federal,1,610.0,0.0,2.72,RandomForest,7.1
txt:usc,1,611.0,0.0,3.26,RandomForest,7.1
txt:loa,1,612.0,0.0,4.56,RandomForest,7.1
txt:medline industry,1,612.0,0.0,4.32,RandomForest,7.1
txt:question concern,1,612.0,0.0,0.84,RandomForest,7.1
txt:receive social,1,612.0,0.0,1.3,RandomForest,7.1
txt:medline,1,613.0,0.0,3.78,RandomForest,7.1
txt:parkway,1,613.0,0.0,3.02,RandomForest,7.1
txt:rate fee,1,613.0,0.0,0.9,RandomForest,7.1
txt:sport grill,1,613.0,0.0,9.99,RandomForest,7.1
txt:panhandle,1,614.0,0.0,3.93,RandomForest,7.1
txt:pepper snapple,1,614.0,0.0,2.98,RandomForest,7.1
txt:plan putting,1,614.0,0.0,2.22,RandomForest,7.1
txt:palmetto,1,615.0,0.0,2.87,RandomForest,7.1
txt:prospect mortgage,1,615.0,0.0,2.36,RandomForest,7.1
txt:macdonald,1,617.0,0.0,4.33,RandomForest,7.1
txt:lenscrafters,1,618.0,0.0,4.8,RandomForest,7.1
txt:prestige,1,618.0,0.0,1.86,RandomForest,7.1
txt:stocker,1,619.0,0.0,8.58,RandomForest,7.1
txt:strayer university,1,620.0,0.0,4.09,RandomForest,7.1
txt:petco,1,621.0,0.0,2.05,RandomForest,7.1
txt:mattress firm,1,622.0,0.0,3.42,RandomForest,7.1
txt:organize debt,1,622.0,0.0,2.7,RandomForest,7.1
txt:lounge,1,623.0,0.0,3.13,RandomForest,7.1
txt:mckesson corp,1,623.0,0.0,3.54,RandomForest,7.1
txt:story pay,1,623.0,0.0,2.27,RandomForest,7.1
txt:superviser,1,623.0,0.0,5.47,RandomForest,7.1
txt:loomis,1,624.0,0.0,5.42,RandomForest,7.1
txt:pro,1,624.0,0.0,0.88,RandomForest,7.1
txt:medical expences,1,625.0,0.0,2.74,RandomForest,7.1
txt:pepper,1,625.0,0.0,4.38,RandomForest,7.1
txt:engagement,14,12.71,0.0065,6.45,XGBoost,100.0
txt:ring,14,17.07,0.0062,5.51,XGBoost,100.0
txt:help,14,67.29,0.0045,4.59,XGBoost,100.0
txt:ups,14,106.93,0.004,5.74,XGBoost,100.0
txt:engagement ring,14,220.79,0.0021,5.18,XGBoost,100.0
txt:motorcycle,13,23.23,0.0057,3.75,XGBoost,92.9
txt:apr,13,37.85,0.0053,5.2,XGBoost,92.9
txt:pool,13,73.0,0.0052,11.85,XGBoost,92.9
txt:mta,13,121.15,0.004,10.44,XGBoost,92.9
txt:help foot,13,257.77,0.0011,4.41,XGBoost,92.9
txt:excellent credit,12,103.25,0.004,3.43,XGBoost,85.7
txt:pay problem,12,106.42,0.0039,3.19,XGBoost,85.7
txt:trailer,12,107.08,0.0041,2.72,XGBoost,85.7
txt:payday,12,222.83,0.0022,3.31,XGBoost,85.7
txt:buster,12,440.17,0.0003,3.53,XGBoost,85.7
txt:college,11,15.36,0.0063,4.57,XGBoost,78.6
txt:university,11,17.73,0.0061,6.33,XGBoost,78.6
txt:refinance,11,21.82,0.0057,5.39,XGBoost,78.6
txt:harbor,11,107.27,0.0039,4.01,XGBoost,78.6
txt:good payer,11,148.73,0.0032,7.58,XGBoost,78.6
txt:walmart,11,151.27,0.0038,5.33,XGBoost,78.6
txt:salary,10,19.4,0.0058,3.0,XGBoost,71.4
txt:rate,10,43.1,0.0049,9.73,XGBoost,71.4
txt:consulting,10,80.9,0.0044,2.98,XGBoost,71.4
txt:refi,10,95.3,0.004,3.65,XGBoost,71.4
txt:fresh,10,134.5,0.0035,5.5,XGBoost,71.4
txt:payment debt,10,135.9,0.0035,3.22,XGBoost,71.4
txt:casino,10,150.1,0.0034,3.03,XGBoost,71.4
txt:steel,10,174.8,0.0033,4.08,XGBoost,71.4
txt:know happy,10,216.7,0.0017,3.56,XGBoost,71.4
txt:trustworthy,10,237.4,0.0025,2.18,XGBoost,71.4
txt:financial debt,10,324.1,0.0003,4.0,XGBoost,71.4
txt:state postal,10,377.7,0.0018,3.41,XGBoost,71.4
txt:verizon communication,10,384.5,0.0006,4.52,XGBoost,71.4
txt:state highway,10,564.4,0.0,3.63,XGBoost,71.4
txt:card consolidation,9,32.56,0.0052,6.42,XGBoost,64.3
txt:wedding,9,40.67,0.0049,3.75,XGBoost,64.3
txt:lockheed,9,83.0,0.0042,3.42,XGBoost,64.3
txt:credit,9,84.0,0.0043,2.88,XGBoost,64.3
txt:relief,9,95.44,0.004,4.66,XGBoost,64.3
txt:united nation,9,96.78,0.0041,7.37,XGBoost,64.3
txt:learning,9,115.0,0.0039,3.38,XGBoost,64.3
txt:wanna,9,126.56,0.0036,6.39,XGBoost,64.3
txt:home care,9,132.78,0.0034,4.21,XGBoost,64.3
txt:debt consolidation,9,134.44,0.0035,12.79,XGBoost,64.3
txt:fresh start,9,148.33,0.0027,6.14,XGBoost,64.3
txt:marriott,9,190.22,0.0023,3.16,XGBoost,64.3
txt:consilidate,9,232.22,0.0023,4.99,XGBoost,64.3
txt:peace,9,259.44,0.0015,3.24,XGBoost,64.3
txt:jeweler,9,279.67,0.0004,3.82,XGBoost,64.3
txt:jcpenney,9,280.22,0.0,3.59,XGBoost,64.3
txt:marriott international,9,280.56,0.0,4.97,XGBoost,64.3
txt:debt buster,9,285.56,0.0013,4.44,XGBoost,64.3
txt:vacation vacation,9,286.33,0.0019,3.15,XGBoost,64.3
txt:hyundai,9,288.33,0.0006,4.99,XGBoost,64.3
txt:debt hospital,9,349.44,0.0,5.68,XGBoost,64.3
txt:starbucks,9,396.89,0.0011,8.91,XGBoost,64.3
txt:month know,9,400.44,0.0003,2.59,XGBoost,64.3
txt:suitable,9,493.67,0.0004,4.09,XGBoost,64.3
txt:engineering,8,22.5,0.0061,3.59,XGBoost,57.1
txt:credit card,8,29.0,0.0054,3.61,XGBoost,57.1
txt:card,8,58.75,0.0044,3.75,XGBoost,57.1
txt:mother,8,86.38,0.0042,3.59,XGBoost,57.1
txt:com,8,93.5,0.0039,3.32,XGBoost,57.1
txt:card refinance,8,98.12,0.0041,3.91,XGBoost,57.1
txt:mind,8,111.38,0.0039,2.92,XGBoost,57.1
txt:secure solution,8,127.5,0.0036,5.04,XGBoost,57.1
txt:debt,8,140.25,0.0034,8.25,XGBoost,57.1
txt:debt relief,8,177.12,0.003,2.78,XGBoost,57.1
txt:consolidation,8,183.0,0.0029,6.71,XGBoost,57.1
txt:enhance,8,196.88,0.0028,3.14,XGBoost,57.1
txt:high intrest,8,206.62,0.0017,3.18,XGBoost,57.1
txt:happy new,8,208.0,0.0022,3.5,XGBoost,57.1
txt:money asap,8,260.25,0.0004,3.4,XGBoost,57.1
txt:husband pay,8,293.25,0.0,2.55,XGBoost,57.1
txt:marketing group,8,296.5,0.0,3.46,XGBoost,57.1
txt:lausd,8,298.88,0.0003,3.68,XGBoost,57.1
txt:pioneer,8,301.88,0.0014,2.76,XGBoost,57.1
txt:help don,8,302.5,0.0,2.68,XGBoost,57.1
txt:learning center,8,302.62,0.0,3.78,XGBoost,57.1
txt:nordstrom,8,314.5,0.0015,2.79,XGBoost,57.1
txt:debt verizon,8,366.12,0.0,4.96,XGBoost,57.1
txt:inter,8,376.88,0.0,5.88,XGBoost,57.1
txt:card major,8,429.88,0.0002,3.21,XGBoost,57.1
txt:personnel,8,443.88,0.0,3.11,XGBoost,57.1
txt:used debt,8,447.88,0.0009,2.57,XGBoost,57.1
txt:patrick,8,452.88,0.0,3.62,XGBoost,57.1
txt:sheetmetal,8,465.38,0.0004,9.22,XGBoost,57.1
txt:build business,8,466.0,0.0,4.51,XGBoost,57.1
txt:null freedom,8,469.62,0.0,3.65,XGBoost,57.1
txt:sarah,8,470.75,0.0,6.46,XGBoost,57.1
txt:wet,8,492.25,0.0,3.61,XGBoost,57.1
txt:senate,8,521.0,0.0,8.23,XGBoost,57.1
txt:card payoff,7,42.14,0.0055,2.98,XGBoost,50.0
txt:intrest,7,46.14,0.0054,3.14,XGBoost,50.0
txt:paid consolidation,7,60.14,0.0049,3.81,XGBoost,50.0
txt:work school,7,69.14,0.0047,3.19,XGBoost,50.0
txt:pay pay,7,92.86,0.0041,3.32,XGBoost,50.0
txt:baby,7,96.86,0.0044,2.52,XGBoost,50.0
txt:payment instead,7,99.0,0.0035,5.65,XGBoost,50.0
txt:bike,7,109.71,0.0043,2.14,XGBoost,50.0
txt:atleast,7,115.86,0.004,4.26,XGBoost,50.0
txt:matter,7,116.14,0.004,2.35,XGBoost,50.0
txt:resort,7,118.14,0.0036,4.3,XGBoost,50.0
txt:card refi,7,124.57,0.0039,4.38,XGBoost,50.0
txt:trump,7,126.86,0.0035,10.17,XGBoost,50.0
txt:lower monthly,7,138.43,0.0031,2.79,XGBoost,50.0
txt:thats,7,146.29,0.0037,2.59,XGBoost,50.0
txt:personal,7,148.71,0.0033,4.31,XGBoost,50.0
txt:lockheed martin,7,160.14,0.0017,3.9,XGBoost,50.0
txt:verizon,7,164.71,0.003,4.17,XGBoost,50.0
txt:going divorce,7,191.14,0.0028,2.16,XGBoost,50.0
txt:metal,7,191.14,0.0022,4.07,XGBoost,50.0
txt:plan remain,7,207.86,0.0027,3.82,XGBoost,50.0
txt:paying rent,7,211.14,0.0019,3.13,XGBoost,50.0
txt:frank,7,215.14,0.0022,3.64,XGBoost,50.0
txt:good value,7,217.14,0.0021,3.57,XGBoost,50.0
txt:new equipment,7,224.0,0.0024,3.31,XGBoost,50.0
txt:consolidation pacific,7,230.14,0.0024,4.49,XGBoost,50.0
txt:swoop,7,236.0,0.0026,3.79,XGBoost,50.0
txt:dont,7,247.43,0.0021,1.78,XGBoost,50.0
txt:hair,7,248.71,0.001,5.41,XGBoost,50.0
txt:month chase,7,252.43,0.0008,2.87,XGBoost,50.0
txt:life saver,7,260.29,0.0,4.7,XGBoost,50.0
txt:breathing,7,261.0,0.0021,2.26,XGBoost,50.0
txt:home upgrade,7,264.0,0.0009,3.43,XGBoost,50.0
txt:john debt,7,274.71,0.0,2.95,XGBoost,50.0
txt:payment new,7,283.57,0.0018,2.99,XGBoost,50.0
txt:income employment,7,287.29,0.0,3.28,XGBoost,50.0
txt:hallmark,7,290.14,0.0,5.72,XGBoost,50.0
txt:guidance,7,294.57,0.0,5.74,XGBoost,50.0
txt:help money,7,296.14,0.0005,3.95,XGBoost,50.0
txt:merchandising,7,298.29,0.0,3.43,XGBoost,50.0
txt:servicing,7,299.29,0.0022,2.58,XGBoost,50.0
txt:future investor,7,304.86,0.0006,2.52,XGBoost,50.0
txt:income yearly,7,310.29,0.0,2.82,XGBoost,50.0
txt:garden,7,315.0,0.0004,2.5,XGBoost,50.0
txt:plane ticket,7,316.57,0.0014,3.13,XGBoost,50.0
txt:debt walmart,7,325.86,0.0,5.79,XGBoost,50.0
txt:medical medical,7,333.43,0.0004,3.21,XGBoost,50.0
txt:disposal,7,336.29,0.0004,3.86,XGBoost,50.0
txt:debt general,7,347.14,0.0,4.77,XGBoost,50.0
txt:declared bankruptcy,7,352.86,0.0005,1.93,XGBoost,50.0
txt:piece mind,7,371.0,0.0,2.4,XGBoost,50.0
txt:convenience store,7,372.29,0.0,6.65,XGBoost,50.0
txt:debt consolidated,7,372.71,0.0003,3.29,XGBoost,50.0
txt:pseg,7,394.43,0.0004,4.32,XGBoost,50.0
txt:creates,7,395.29,0.0,2.71,XGBoost,50.0
txt:consolidation needed,7,404.43,0.0,3.02,XGBoost,50.0
txt:chip,7,405.57,0.0004,3.29,XGBoost,50.0
txt:command,7,434.86,0.0,1.95,XGBoost,50.0
txt:repair damage,7,440.29,0.0,4.05,XGBoost,50.0
txt:odds,7,442.29,0.0,3.01,XGBoost,50.0
txt:cod,7,443.71,0.0,2.38,XGBoost,50.0
txt:carol,7,450.29,0.0,3.8,XGBoost,50.0
txt:simple payment,7,463.0,0.0005,3.23,XGBoost,50.0
txt:myloan,7,486.57,0.0004,3.52,XGBoost,50.0
txt:printer,7,503.0,0.0,5.45,XGBoost,50.0
txt:ace,7,515.86,0.0,3.3,XGBoost,50.0
txt:tube,7,566.0,0.0,5.28,XGBoost,50.0
txt:heart,6,31.0,0.0057,2.93,XGBoost,42.9
txt:currently,6,47.33,0.0049,3.09,XGBoost,42.9
txt:postal service,6,49.67,0.0045,5.09,XGBoost,42.9
txt:obtain,6,54.0,0.005,1.84,XGBoost,42.9
txt:mail,6,61.33,0.0051,2.31,XGBoost,42.9
txt:stress,6,68.17,0.005,2.28,XGBoost,42.9
txt:debt help,6,79.17,0.0047,2.92,XGBoost,42.9
txt:god,6,85.5,0.0045,2.65,XGBoost,42.9
txt:backyard,6,86.67,0.004,4.21,XGBoost,42.9
txt:worker,6,86.83,0.0045,1.74,XGBoost,42.9
txt:new business,6,95.67,0.0037,4.87,XGBoost,42.9
txt:consolidation california,6,107.33,0.0041,4.74,XGBoost,42.9
txt:agent,6,111.33,0.0042,2.03,XGBoost,42.9
txt:maintained good,6,117.17,0.004,4.48,XGBoost,42.9
txt:swimming,6,125.5,0.0034,5.06,XGBoost,42.9
txt:lower rate,6,125.83,0.0034,9.13,XGBoost,42.9
txt:history paid,6,135.17,0.0035,2.84,XGBoost,42.9
txt:boat,6,150.0,0.0032,3.32,XGBoost,42.9
txt:travel,6,150.33,0.004,2.35,XGBoost,42.9
txt:improvement home,6,152.0,0.0032,2.49,XGBoost,42.9
txt:revenue,6,152.0,0.0038,1.55,XGBoost,42.9
txt:foot,6,154.83,0.0032,1.85,XGBoost,42.9
txt:witch,6,159.67,0.0035,2.56,XGBoost,42.9
txt:debt closing,6,171.17,0.003,3.04,XGBoost,42.9
txt:paralegal,6,173.83,0.0033,2.34,XGBoost,42.9
txt:prospect,6,188.17,0.0029,3.43,XGBoost,42.9
txt:pretty good,6,193.67,0.0031,2.11,XGBoost,42.9
txt:cape,6,203.83,0.0028,3.15,XGBoost,42.9
txt:personal debt,6,218.33,0.0029,1.45,XGBoost,42.9
txt:gaining,6,225.17,0.0024,3.69,XGBoost,42.9
txt:lower intrest,6,230.0,0.001,2.44,XGBoost,42.9
txt:personal expense,6,231.17,0.0018,3.47,XGBoost,42.9
txt:freight,6,231.67,0.0016,3.69,XGBoost,42.9
txt:refinance credit,6,244.5,0.0024,2.41,XGBoost,42.9
txt:standard,6,245.67,0.0027,3.76,XGBoost,42.9
txt:fix thing,6,252.17,0.0009,8.83,XGBoost,42.9
txt:mountain,6,258.33,0.0018,2.29,XGBoost,42.9
txt:little breathing,6,259.17,0.0005,3.18,XGBoost,42.9
txt:looking debt,6,265.17,0.0,1.69,XGBoost,42.9
txt:mobility,6,273.5,0.0,2.73,XGBoost,42.9
txt:house company,6,277.0,0.0,3.74,XGBoost,42.9
txt:level communication,6,284.5,0.0007,4.35,XGBoost,42.9
txt:gca,6,285.5,0.0,4.95,XGBoost,42.9
txt:hertz,6,285.83,0.0,4.02,XGBoost,42.9
txt:heritage bank,6,286.17,0.0,5.39,XGBoost,42.9
txt:pay book,6,286.67,0.0015,3.31,XGBoost,42.9
txt:dyncorp,6,288.67,0.0012,3.63,XGBoost,42.9
txt:internal revenue,6,294.17,0.0,1.85,XGBoost,42.9
txt:going vacation,6,294.5,0.0,3.86,XGBoost,42.9
txt:kendall,6,294.83,0.0,4.13,XGBoost,42.9
txt:temporarily,6,297.5,0.002,2.74,XGBoost,42.9
txt:excalibur,6,310.83,0.0,8.17,XGBoost,42.9
txt:forum,6,312.33,0.0007,2.91,XGBoost,42.9
txt:excited started,6,316.0,0.0,3.99,XGBoost,42.9
txt:meal,6,321.5,0.0,2.45,XGBoost,42.9
txt:famous,6,328.83,0.0,5.93,XGBoost,42.9
txt:general atomics,6,332.0,0.0,5.0,XGBoost,42.9
txt:intrest credit,6,335.5,0.0002,2.14,XGBoost,42.9
txt:irs credit,6,337.83,0.0002,2.61,XGBoost,42.9
txt:debt consoldation,6,341.0,0.0,3.54,XGBoost,42.9
txt:debt consoldiation,6,342.5,0.0,5.0,XGBoost,42.9
txt:swimming pool,6,345.5,0.0004,4.83,XGBoost,42.9
txt:consolidation shaw,6,349.83,0.0005,5.47,XGBoost,42.9
txt:ddi,6,353.0,0.0,4.26,XGBoost,42.9
txt:federal gov,6,358.33,0.0,2.28,XGBoost,42.9
txt:logo,6,367.5,0.0,4.36,XGBoost,42.9
txt:consolidation vision,6,369.33,0.0,6.21,XGBoost,42.9
txt:debt ups,6,370.0,0.0,4.87,XGBoost,42.9
txt:ralph,6,371.67,0.0007,5.4,XGBoost,42.9
txt:dst,6,372.33,0.0,2.98,XGBoost,42.9
txt:pizza,6,374.17,0.0006,3.21,XGBoost,42.9
txt:bistro,6,381.0,0.0009,6.44,XGBoost,42.9
txt:emergency use,6,384.33,0.0,2.44,XGBoost,42.9
txt:consolidation ups,6,390.67,0.0,3.45,XGBoost,42.9
txt:volunteer work,6,395.33,0.0,3.19,XGBoost,42.9
txt:debt consalidation,6,396.0,0.0,3.6,XGBoost,42.9
txt:toyota,6,397.17,0.0013,2.71,XGBoost,42.9
txt:consolidation hope,6,401.0,0.0,7.79,XGBoost,42.9
txt:cochran,6,401.17,0.0004,4.94,XGBoost,42.9
txt:cosolidation,6,401.33,0.0,2.65,XGBoost,42.9
txt:scripps,6,404.17,0.0009,3.3,XGBoost,42.9
txt:consolidation walmart,6,411.0,0.0,5.41,XGBoost,42.9
txt:year account,6,413.5,0.001,3.86,XGBoost,42.9
txt:new start,6,415.33,0.0,2.61,XGBoost,42.9
txt:consolidation kaiser,6,417.67,0.0,3.08,XGBoost,42.9
txt:radiology,6,419.33,0.0,3.8,XGBoost,42.9
txt:car service,6,422.67,0.0003,3.55,XGBoost,42.9
txt:consoladate,6,432.17,0.0,3.6,XGBoost,42.9
txt:booming,6,433.5,0.0001,2.62,XGBoost,42.9
txt:recover,6,435.0,0.0,2.02,XGBoost,42.9
txt:pool pool,6,441.5,0.0003,3.49,XGBoost,42.9
txt:vaction,6,441.83,0.0013,3.18,XGBoost,42.9
txt:tarp,6,442.67,0.0,3.88,XGBoost,42.9
txt:pay getting,6,450.33,0.0,3.63,XGBoost,42.9
txt:mushroom,6,456.17,0.0003,4.91,XGBoost,42.9
txt:body work,6,457.67,0.0004,2.47,XGBoost,42.9
txt:revenue service,6,461.67,0.0,1.85,XGBoost,42.9
txt:burger king,6,465.5,0.0,4.05,XGBoost,42.9
txt:pay hospital,6,469.17,0.0,3.06,XGBoost,42.9
txt:beaver,6,480.5,0.0,3.19,XGBoost,42.9
txt:westin,6,480.5,0.0,10.34,XGBoost,42.9
txt:sheet metal,6,484.33,0.0,3.72,XGBoost,42.9
txt:baking,6,485.17,0.0,4.02,XGBoost,42.9
txt:superstore,6,490.33,0.0,5.26,XGBoost,42.9
txt:bellevue,6,491.33,0.0,4.31,XGBoost,42.9
txt:ann,6,500.83,0.0,3.39,XGBoost,42.9
txt:surface,6,501.17,0.0005,3.6,XGBoost,42.9
txt:audio visual,6,501.5,0.0,3.07,XGBoost,42.9
txt:treat,6,502.5,0.0,3.16,XGBoost,42.9
txt:year son,6,503.5,0.0,2.53,XGBoost,42.9
txt:atomics,6,504.17,0.0,5.0,XGBoost,42.9
txt:ankle,6,506.67,0.0,3.69,XGBoost,42.9
txt:airtran,6,507.17,0.0,6.23,XGBoost,42.9
txt:vacation year,6,507.17,0.0,3.15,XGBoost,42.9
txt:morse,6,516.83,0.0,3.66,XGBoost,42.9
txt:solomon,6,566.83,0.0,5.31,XGBoost,42.9
txt:student,5,21.4,0.0059,1.37,XGBoost,35.7
txt:water,5,39.4,0.0053,1.3,XGBoost,35.7
txt:daughter,5,44.2,0.0052,1.51,XGBoost,35.7
txt:school,5,51.6,0.0043,4.04,XGBoost,35.7
txt:state university,5,66.6,0.004,4.36,XGBoost,35.7
txt:knowledge,5,78.0,0.0046,2.17,XGBoost,35.7
txt:kid,5,79.0,0.0045,2.49,XGBoost,35.7
txt:rate credit,5,84.8,0.0039,4.51,XGBoost,35.7
txt:card rate,5,96.8,0.0038,3.55,XGBoost,35.7
txt:payment rent,5,113.0,0.0042,2.21,XGBoost,35.7
txt:alot,5,120.8,0.004,2.4,XGBoost,35.7
txt:clothing,5,126.8,0.0034,4.04,XGBoost,35.7
txt:able budget,5,133.6,0.0039,1.66,XGBoost,35.7
txt:brother,5,134.4,0.0039,1.46,XGBoost,35.7
txt:paid high,5,143.4,0.0026,3.12,XGBoost,35.7
txt:change,5,144.2,0.0038,2.44,XGBoost,35.7
txt:household bank,5,145.2,0.0037,2.8,XGBoost,35.7
txt:monthly payment,5,148.6,0.0034,2.56,XGBoost,35.7
txt:debt consildation,5,162.4,0.0035,5.36,XGBoost,35.7
txt:start,5,168.0,0.0031,4.35,XGBoost,35.7
txt:university colorado,5,176.0,0.0032,3.12,XGBoost,35.7
txt:golf,5,183.2,0.0026,2.26,XGBoost,35.7
txt:consolidate debt,5,187.6,0.0026,3.38,XGBoost,35.7
txt:aunt,5,189.0,0.0032,3.32,XGBoost,35.7
txt:lens,5,189.6,0.0023,2.08,XGBoost,35.7
txt:really payment,5,202.4,0.0027,3.74,XGBoost,35.7
txt:pratt,5,206.0,0.0032,4.12,XGBoost,35.7
txt:fulfill,5,208.6,0.0027,3.17,XGBoost,35.7
txt:personal department,5,209.6,0.0019,4.16,XGBoost,35.7
txt:trip europe,5,211.0,0.0026,6.52,XGBoost,35.7
txt:hyatt,5,215.0,0.0018,2.28,XGBoost,35.7
txt:consolidation prince,5,224.8,0.0019,5.69,XGBoost,35.7
txt:improvement good,5,226.6,0.002,4.53,XGBoost,35.7
txt:great debt,5,226.8,0.0019,2.15,XGBoost,35.7
txt:pay payment,5,235.8,0.0023,2.24,XGBoost,35.7
txt:saver,5,242.2,0.0026,6.51,XGBoost,35.7
txt:post office,5,246.8,0.0016,2.3,XGBoost,35.7
txt:beautiful,5,254.4,0.0027,2.63,XGBoost,35.7
txt:holiday expense,5,255.4,0.0,4.32,XGBoost,35.7
txt:league,5,260.8,0.0004,1.94,XGBoost,35.7
txt:commercial,5,267.0,0.0019,3.35,XGBoost,35.7
txt:junior,5,268.6,0.0,2.26,XGBoost,35.7
txt:hot tub,5,269.0,0.0,3.91,XGBoost,35.7
txt:investor pay,5,269.8,0.0006,2.75,XGBoost,35.7
txt:given chance,5,279.6,0.0,3.91,XGBoost,35.7
txt:job decent,5,282.4,0.0,2.45,XGBoost,35.7
txt:inground,5,284.6,0.0006,3.07,XGBoost,35.7
txt:flex,5,287.4,0.0012,2.8,XGBoost,35.7
txt:cargill,5,287.8,0.0016,3.5,XGBoost,35.7
txt:house hold,5,292.0,0.0,5.26,XGBoost,35.7
txt:shaw,5,292.2,0.0022,2.65,XGBoost,35.7
txt:sprint,5,292.8,0.0024,1.95,XGBoost,35.7
txt:consildation,5,295.2,0.0017,4.54,XGBoost,35.7
txt:impacting,5,296.2,0.0,3.5,XGBoost,35.7
txt:help right,5,297.8,0.0,3.53,XGBoost,35.7
txt:exterminator,5,301.2,0.0,7.5,XGBoost,35.7
txt:exsisting,5,304.0,0.0,4.38,XGBoost,35.7
txt:highland,5,304.8,0.0,3.8,XGBoost,35.7
txt:everyday life,5,305.6,0.0,3.95,XGBoost,35.7
txt:paychex,5,311.8,0.0014,4.52,XGBoost,35.7
txt:currently job,5,312.0,0.0013,1.55,XGBoost,35.7
txt:know debt,5,316.8,0.0006,2.67,XGBoost,35.7
txt:help lot,5,317.4,0.0,1.97,XGBoost,35.7
txt:money way,5,317.4,0.0,2.47,XGBoost,35.7
txt:functional,5,319.2,0.0005,2.19,XGBoost,35.7
txt:help mother,5,324.0,0.0,2.13,XGBoost,35.7
txt:late plan,5,324.8,0.0,2.71,XGBoost,35.7
txt:food debt,5,330.2,0.0,2.89,XGBoost,35.7
txt:grace,5,330.4,0.0,2.27,XGBoost,35.7
txt:debt trouble,5,335.0,0.0,3.67,XGBoost,35.7
txt:bailout,5,335.8,0.0014,4.84,XGBoost,35.7
txt:lakewood,5,336.8,0.0,3.56,XGBoost,35.7
txt:debt consolitation,5,343.4,0.0,4.33,XGBoost,35.7
txt:jus,5,344.8,0.0,6.03,XGBoost,35.7
txt:dyncorp international,5,347.0,0.0,4.17,XGBoost,35.7
txt:west marine,5,347.8,0.0006,3.97,XGBoost,35.7
txt:select,5,349.8,0.0017,2.49,XGBoost,35.7
txt:consolidation mta,5,357.0,0.0001,6.56,XGBoost,35.7
txt:car walmart,5,358.6,0.0012,3.76,XGBoost,35.7
txt:credti,5,360.6,0.0,4.13,XGBoost,35.7
txt:online business,5,365.2,0.0002,4.42,XGBoost,35.7
txt:michael,5,368.8,0.0,3.11,XGBoost,35.7
txt:cosolidate,5,369.2,0.0005,3.75,XGBoost,35.7
txt:accenture,5,370.6,0.0014,2.56,XGBoost,35.7
txt:pay ahead,5,373.2,0.001,1.68,XGBoost,35.7
txt:affordable debt,5,373.4,0.0013,5.11,XGBoost,35.7
txt:consolitation,5,373.6,0.0,4.14,XGBoost,35.7
txt:publix,5,374.6,0.0005,3.06,XGBoost,35.7
txt:email bank,5,375.4,0.0,2.08,XGBoost,35.7
txt:crdit card,5,387.6,0.0,2.89,XGBoost,35.7
txt:crdit,5,388.8,0.0,2.84,XGBoost,35.7
txt:payment business,5,388.8,0.0,2.71,XGBoost,35.7
txt:accomplish,5,390.8,0.001,1.26,XGBoost,35.7
txt:reason high,5,395.4,0.0007,2.78,XGBoost,35.7
txt:consolidation monterey,5,395.6,0.0,4.53,XGBoost,35.7
txt:consolidation hudson,5,398.0,0.0,6.93,XGBoost,35.7
txt:deal money,5,400.8,0.0,2.43,XGBoost,35.7
txt:rate job,5,405.0,0.0004,2.33,XGBoost,35.7
txt:blessed,5,406.8,0.0008,2.07,XGBoost,35.7
txt:midas,5,413.8,0.0,5.96,XGBoost,35.7
txt:blockbuster,5,416.6,0.0007,4.66,XGBoost,35.7
txt:consolidation air,5,418.8,0.0,3.04,XGBoost,35.7
txt:lifesaver,5,420.4,0.0,4.27,XGBoost,35.7
txt:receive fund,5,422.0,0.0,2.36,XGBoost,35.7
txt:month installment,5,429.4,0.0,4.96,XGBoost,35.7
txt:public record,5,429.4,0.0,1.74,XGBoost,35.7
txt:needing consolidate,5,432.2,0.0007,3.97,XGBoost,35.7
txt:way work,5,433.0,0.0,2.74,XGBoost,35.7
txt:pay funeral,5,440.2,0.0,3.04,XGBoost,35.7
txt:city board,5,441.0,0.0,4.35,XGBoost,35.7
txt:cheney,5,443.0,0.0,3.76,XGBoost,35.7
txt:card trip,5,444.8,0.0,5.29,XGBoost,35.7
txt:refer,5,454.2,0.0,1.6,XGBoost,35.7
txt:card hsbc,5,455.6,0.0,3.13,XGBoost,35.7
txt:recreation,5,456.0,0.0,1.96,XGBoost,35.7
txt:scottsdale,5,461.2,0.0,3.71,XGBoost,35.7
txt:moved apartment,5,462.2,0.0,2.08,XGBoost,35.7
txt:business start,5,464.4,0.0,3.39,XGBoost,35.7
txt:used paid,5,467.6,0.0,3.63,XGBoost,35.7
txt:singer,5,472.0,0.0005,2.64,XGBoost,35.7
txt:sailing,5,479.4,0.0,3.69,XGBoost,35.7
txt:behavioral health,5,482.6,0.0,3.73,XGBoost,35.7
txt:total total,5,484.0,0.0,2.98,XGBoost,35.7
txt:walsh,5,484.0,0.0,5.89,XGBoost,35.7
txt:surgery center,5,491.4,0.0004,3.55,XGBoost,35.7
txt:barker,5,492.0,0.0,6.24,XGBoost,35.7
txt:barrel,5,494.0,0.0,3.14,XGBoost,35.7
txt:transplant,5,495.0,0.0,2.14,XGBoost,35.7
txt:porter,5,495.4,0.0,4.13,XGBoost,35.7
txt:auto center,5,496.8,0.0,4.94,XGBoost,35.7
txt:morongo casino,5,497.4,0.0,5.61,XGBoost,35.7
txt:alorica,5,505.4,0.0,9.82,XGBoost,35.7
txt:sheet,5,507.4,0.0,2.53,XGBoost,35.7
txt:american airline,5,507.8,0.0,3.31,XGBoost,35.7
txt:ace hardware,5,509.0,0.0,3.8,XGBoost,35.7
txt:aegis,5,509.4,0.0,2.6,XGBoost,35.7
txt:abramson,5,518.0,0.0,14.51,XGBoost,35.7
txt:upcoming winter,5,533.4,0.0,3.99,XGBoost,35.7
txt:shelly,5,534.6,0.0,3.58,XGBoost,35.7
txt:shop rite,5,551.4,0.0,4.42,XGBoost,35.7
txt:state prison,5,554.2,0.0,3.54,XGBoost,35.7
txt:social worker,5,558.8,0.0,3.21,XGBoost,35.7
txt:track consolidation,5,569.4,0.0,2.37,XGBoost,35.7
txt:great credit,4,18.75,0.0061,1.44,XGBoost,28.6
txt:save money,4,23.25,0.0057,1.48,XGBoost,28.6
txt:son,4,23.75,0.0057,1.26,XGBoost,28.6
txt:isd,4,42.5,0.0045,3.57,XGBoost,28.6
txt:marine,4,52.5,0.0051,1.99,XGBoost,28.6
txt:pay faster,4,58.5,0.005,1.19,XGBoost,28.6
txt:hopefully,4,69.5,0.0047,1.87,XGBoost,28.6
txt:global,4,73.0,0.0047,2.03,XGBoost,28.6
txt:quality,4,74.25,0.0047,1.89,XGBoost,28.6
txt:finish,4,76.5,0.0047,2.01,XGBoost,28.6
txt:pay medical,4,78.5,0.0043,2.79,XGBoost,28.6
txt:balance,4,83.25,0.0043,2.53,XGBoost,28.6
txt:product,4,90.25,0.0044,2.55,XGBoost,28.6
txt:help save,4,93.5,0.0044,2.23,XGBoost,28.6
txt:technology,4,100.75,0.0038,2.95,XGBoost,28.6
txt:postal,4,108.75,0.0033,6.32,XGBoost,28.6
txt:rate paying,4,118.0,0.0041,1.56,XGBoost,28.6
txt:caught,4,126.75,0.0033,3.99,XGBoost,28.6
txt:pratt whitney,4,128.5,0.0039,5.87,XGBoost,28.6
txt:consolodate,4,130.5,0.0036,2.57,XGBoost,28.6
txt:paid payment,4,133.0,0.0039,2.92,XGBoost,28.6
txt:army,4,136.0,0.0031,3.99,XGBoost,28.6
txt:lower,4,145.0,0.003,3.75,XGBoost,28.6
txt:house couple,4,157.0,0.0031,1.64,XGBoost,28.6
txt:whats,4,160.75,0.0036,1.9,XGBoost,28.6
txt:update home,4,163.25,0.0035,3.05,XGBoost,28.6
txt:music,4,166.75,0.0028,1.46,XGBoost,28.6
txt:decoration,4,180.0,0.0031,4.32,XGBoost,28.6
txt:year medical,4,184.25,0.0028,2.22,XGBoost,28.6
txt:job going,4,184.5,0.0027,1.99,XGBoost,28.6
txt:clark,4,195.25,0.0031,3.2,XGBoost,28.6
txt:credit consolidation,4,196.75,0.003,1.44,XGBoost,28.6
txt:current debt,4,198.25,0.0029,1.47,XGBoost,28.6
txt:laborer union,4,201.0,0.0015,5.41,XGBoost,28.6
txt:lowes,4,204.0,0.0019,3.01,XGBoost,28.6
txt:apr credit,4,211.75,0.0026,2.99,XGBoost,28.6
txt:refinancing,4,213.0,0.0027,2.96,XGBoost,28.6
txt:cpa,4,214.25,0.0027,1.28,XGBoost,28.6
txt:looking reduce,4,215.5,0.0012,2.03,XGBoost,28.6
txt:urban,4,222.75,0.0027,3.86,XGBoost,28.6
txt:money use,4,229.5,0.0008,1.67,XGBoost,28.6
txt:used wedding,4,234.0,0.003,1.75,XGBoost,28.6
txt:job history,4,237.25,0.0011,2.11,XGBoost,28.6
txt:marketplace,4,238.5,0.0,5.56,XGBoost,28.6
txt:continue education,4,239.0,0.0023,3.26,XGBoost,28.6
txt:flooring home,4,240.5,0.0017,3.01,XGBoost,28.6
txt:collapse,4,241.5,0.0026,1.75,XGBoost,28.6
txt:dress,4,245.25,0.0019,3.03,XGBoost,28.6
txt:mad,4,249.25,0.0,3.13,XGBoost,28.6
txt:lieu,4,249.5,0.0007,3.67,XGBoost,28.6
txt:circle,4,255.75,0.0024,5.82,XGBoost,28.6
txt:madison,4,255.75,0.0,2.58,XGBoost,28.6
txt:ensure money,4,256.25,0.0019,2.36,XGBoost,28.6
txt:debt miss,4,262.75,0.0019,4.65,XGBoost,28.6
txt:medical paid,4,266.5,0.0,2.55,XGBoost,28.6
txt:honored,4,268.75,0.0,5.0,XGBoost,28.6
txt:dmv,4,269.0,0.001,3.49,XGBoost,28.6
txt:hannaford,4,269.75,0.0,9.15,XGBoost,28.6
txt:lung,4,269.75,0.0,2.31,XGBoost,28.6
txt:henry ford,4,271.0,0.0009,3.01,XGBoost,28.6
txt:productive,4,275.0,0.0019,2.77,XGBoost,28.6
txt:know job,4,277.75,0.0,1.5,XGBoost,28.6
txt:hyatt regency,4,279.25,0.0,5.28,XGBoost,28.6
txt:incur new,4,281.25,0.0021,3.94,XGBoost,28.6
txt:consolidation john,4,286.25,0.0019,2.7,XGBoost,28.6
txt:disney world,4,290.75,0.0017,3.65,XGBoost,28.6
txt:payer,4,291.0,0.0033,1.9,XGBoost,28.6
txt:increased credit,4,292.75,0.0,3.41,XGBoost,28.6
txt:fastening,4,293.25,0.0,5.73,XGBoost,28.6
txt:declared,4,294.5,0.0016,1.74,XGBoost,28.6
txt:inn,4,298.0,0.0,4.06,XGBoost,28.6
txt:tomorrow,4,300.0,0.0021,1.52,XGBoost,28.6
txt:implement,4,300.25,0.0,2.14,XGBoost,28.6
txt:really work,4,305.5,0.0018,3.41,XGBoost,28.6
txt:experis,4,311.75,0.0,5.29,XGBoost,28.6
txt:combine,4,312.75,0.0015,1.61,XGBoost,28.6
txt:dsi,4,315.5,0.0,4.87,XGBoost,28.6
txt:risk pay,4,317.5,0.0018,3.15,XGBoost,28.6
txt:month advance,4,318.75,0.0,2.4,XGBoost,28.6
txt:extremly,4,319.5,0.0,2.94,XGBoost,28.6
txt:faith,4,320.0,0.0009,1.55,XGBoost,28.6
txt:exiting,4,320.5,0.0,3.37,XGBoost,28.6
txt:improvement general,4,322.5,0.0,4.48,XGBoost,28.6
txt:heritage,4,322.75,0.0,3.64,XGBoost,28.6
txt:dennys,4,325.0,0.0,5.62,XGBoost,28.6
txt:disputed,4,326.25,0.0,3.52,XGBoost,28.6
txt:detroit medical,4,327.75,0.0,6.63,XGBoost,28.6
txt:gabriel,4,331.75,0.0,3.12,XGBoost,28.6
txt:consolodate debt,4,338.0,0.001,3.95,XGBoost,28.6
txt:properly,4,345.5,0.001,1.56,XGBoost,28.6
txt:life track,4,346.0,0.0,2.82,XGBoost,28.6
txt:debt boeing,4,347.0,0.0,4.17,XGBoost,28.6
txt:friday,4,352.75,0.0,2.17,XGBoost,28.6
txt:dart,4,359.0,0.0,3.44,XGBoost,28.6
txt:dallas area,4,360.0,0.0,4.56,XGBoost,28.6
txt:consolidation service,4,360.5,0.0005,3.1,XGBoost,28.6
txt:fargo home,4,361.0,0.0,2.74,XGBoost,28.6
txt:consolidation valic,4,362.75,0.0,8.2,XGBoost,28.6
txt:consolidation vertex,4,363.25,0.0,3.82,XGBoost,28.6
txt:swedish,4,364.5,0.0007,3.26,XGBoost,28.6
txt:breathing room,4,368.25,0.0009,2.37,XGBoost,28.6
txt:bright,4,369.5,0.0012,2.04,XGBoost,28.6
txt:credit mean,4,371.75,0.0,2.72,XGBoost,28.6
txt:plaza,4,371.75,0.0009,3.24,XGBoost,28.6
txt:crowne,4,373.25,0.0,3.69,XGBoost,28.6
txt:consolidation tech,4,374.0,0.0,4.31,XGBoost,28.6
txt:consolidation wal,4,376.75,0.0,3.92,XGBoost,28.6
txt:seperate,4,378.0,0.0009,2.5,XGBoost,28.6
txt:consolidation publix,4,379.5,0.0,4.93,XGBoost,28.6
txt:warner,4,384.5,0.0018,1.85,XGBoost,28.6
txt:wife debt,4,385.0,0.0,1.67,XGBoost,28.6
txt:chopper,4,390.75,0.0007,3.19,XGBoost,28.6
txt:improvement ups,4,391.75,0.0,5.47,XGBoost,28.6
txt:car financing,4,393.75,0.0008,1.28,XGBoost,28.6
txt:consolidation nypd,4,395.25,0.0,3.7,XGBoost,28.6
txt:utility month,4,398.5,0.0,2.95,XGBoost,28.6
txt:building company,4,399.0,0.0007,4.96,XGBoost,28.6
txt:consolidation iron,4,399.5,0.0,3.37,XGBoost,28.6
txt:working capital,4,404.0,0.0007,4.33,XGBoost,28.6
txt:card simple,4,405.0,0.0004,2.82,XGBoost,28.6
txt:consolidation hyatt,4,405.5,0.0,3.33,XGBoost,28.6
txt:new outlook,4,405.5,0.0,5.47,XGBoost,28.6
txt:custody,4,407.25,0.0,1.7,XGBoost,28.6
txt:consolidation kendall,4,407.75,0.0,2.77,XGBoost,28.6
txt:consolidation aegis,4,410.75,0.0,5.74,XGBoost,28.6
txt:bail bond,4,411.75,0.0008,6.28,XGBoost,28.6
txt:consolidation general,4,412.25,0.0,2.31,XGBoost,28.6
txt:consolidation frontier,4,413.0,0.0,4.54,XGBoost,28.6
txt:consolidation usmc,4,413.5,0.0,3.65,XGBoost,28.6
txt:bed,4,414.5,0.0005,3.68,XGBoost,28.6
txt:consolidation harbor,4,414.75,0.0,5.06,XGBoost,28.6
txt:regent,4,419.0,0.0,3.04,XGBoost,28.6
txt:payoffbills,4,419.5,0.0,3.8,XGBoost,28.6
txt:consolidation corp,4,420.0,0.0,5.1,XGBoost,28.6
txt:consolidation hill,4,423.5,0.0,2.89,XGBoost,28.6
txt:consolidate new,4,428.25,0.0,3.76,XGBoost,28.6
txt:comprehensive,4,429.5,0.0,2.17,XGBoost,28.6
txt:consolidate current,4,429.5,0.0,1.94,XGBoost,28.6
txt:shoot,4,431.5,0.0007,1.82,XGBoost,28.6
txt:account late,4,432.0,0.0006,1.22,XGBoost,28.6
txt:oil change,4,432.0,0.0,2.41,XGBoost,28.6
txt:wow,4,432.0,0.0008,3.01,XGBoost,28.6
txt:wisely,4,434.25,0.0009,2.43,XGBoost,28.6
txt:cobalt,4,436.25,0.0,4.08,XGBoost,28.6
txt:lifespan,4,436.75,0.0,5.14,XGBoost,28.6
txt:pfizer,4,438.75,0.0,3.6,XGBoost,28.6
txt:medical department,4,441.75,0.0,3.56,XGBoost,28.6
txt:paid rest,4,442.5,0.0,2.62,XGBoost,28.6
txt:cash vacation,4,447.0,0.0,3.91,XGBoost,28.6
txt:cedit,4,453.25,0.0,3.76,XGBoost,28.6
txt:carpenter,4,454.75,0.0,1.61,XGBoost,28.6
txt:card air,4,459.25,0.0,4.43,XGBoost,28.6
txt:car smaller,4,460.75,0.0,4.16,XGBoost,28.6
txt:medical leave,4,464.5,0.0,2.68,XGBoost,28.6
txt:card destroy,4,465.75,0.0,4.83,XGBoost,28.6
txt:track looking,4,466.75,0.0,4.2,XGBoost,28.6
txt:cablevision,4,471.25,0.0,2.66,XGBoost,28.6
txt:borgata,4,473.25,0.0,3.63,XGBoost,28.6
txt:venetian,4,477.0,0.0,1.9,XGBoost,28.6
txt:bower,4,478.25,0.0,3.96,XGBoost,28.6
txt:zone,4,479.25,0.0,2.8,XGBoost,28.6
txt:bright horizon,4,480.75,0.0,4.28,XGBoost,28.6
txt:beaverton,4,486.25,0.0,2.01,XGBoost,28.6
txt:bel,4,486.25,0.0,3.83,XGBoost,28.6
txt:baby room,4,489.75,0.0,1.91,XGBoost,28.6
txt:pay plus,4,490.0,0.0,4.35,XGBoost,28.6
txt:signature,4,492.0,0.0,1.96,XGBoost,28.6
txt:schulte,4,493.25,0.0,3.48,XGBoost,28.6
txt:work needed,4,494.0,0.0,2.32,XGBoost,28.6
txt:upgrade kitchen,4,500.75,0.0005,2.61,XGBoost,28.6
txt:sick,4,501.25,0.0,2.14,XGBoost,28.6
txt:belt,4,505.0,0.0,2.55,XGBoost,28.6
txt:alittle,4,507.25,0.0,2.3,XGBoost,28.6
txt:sister wedding,4,507.5,0.0,2.33,XGBoost,28.6
txt:aside emergency,4,507.75,0.0,3.07,XGBoost,28.6
txt:advantage tax,4,508.5,0.0,2.19,XGBoost,28.6
txt:senior living,4,508.5,0.0,2.61,XGBoost,28.6
txt:reddy,4,509.75,0.0,5.54,XGBoost,28.6
txt:sleepys,4,510.5,0.0,5.04,XGBoost,28.6
txt:secure pay,4,512.5,0.0,5.28,XGBoost,28.6
txt:simpson,4,512.5,0.0,3.45,XGBoost,28.6
txt:amo,4,513.0,0.0,5.75,XGBoost,28.6
txt:purchase payoff,4,517.25,0.0,4.38,XGBoost,28.6
txt:stress free,4,517.25,0.0,3.06,XGBoost,28.6
txt:new property,4,522.0,0.0,5.0,XGBoost,28.6
txt:standing account,4,524.0,0.0,2.99,XGBoost,28.6
txt:shipbuilding,4,525.5,0.0,3.58,XGBoost,28.6
txt:short month,4,526.5,0.0,2.14,XGBoost,28.6
txt:shannon,4,529.0,0.0,3.01,XGBoost,28.6
txt:supply company,4,530.5,0.0,2.68,XGBoost,28.6
txt:supreme,4,531.75,0.0,3.95,XGBoost,28.6
txt:sick family,4,534.0,0.0,3.62,XGBoost,28.6
txt:outcome,4,536.0,0.0,1.69,XGBoost,28.6
txt:taking help,4,536.0,0.0,2.4,XGBoost,28.6
txt:used needed,4,543.0,0.0,3.56,XGBoost,28.6
txt:remodeling repair,4,544.5,0.0,3.34,XGBoost,28.6
txt:ventura,4,551.75,0.0,3.97,XGBoost,28.6
txt:went year,4,557.5,0.0,2.51,XGBoost,28.6
txt:schulte roth,4,559.0,0.0,4.67,XGBoost,28.6
txt:tub,4,560.0,0.0,3.42,XGBoost,28.6
txt:whitney,4,563.5,0.0,4.36,XGBoost,28.6
txt:price chopper,4,563.75,0.0,3.67,XGBoost,28.6
txt:uncomfortable,4,570.25,0.0,3.35,XGBoost,28.6
txt:wyckoff,4,576.0,0.0,7.25,XGBoost,28.6
txt:soldier army,4,582.0,0.0,3.33,XGBoost,28.6
txt:minimum,3,5.33,0.008,1.48,XGBoost,21.4
txt:payoff city,3,16.0,0.0067,2.13,XGBoost,21.4
txt:room,3,23.33,0.0062,2.05,XGBoost,21.4
txt:district,3,25.0,0.0056,1.27,XGBoost,21.4
txt:divorce,3,45.0,0.0052,1.31,XGBoost,21.4
txt:arizona,3,47.33,0.0045,3.17,XGBoost,21.4
txt:graduate,3,50.0,0.0051,2.81,XGBoost,21.4
txt:telephone,3,66.33,0.0048,2.14,XGBoost,21.4
txt:pay early,3,72.33,0.0049,1.27,XGBoost,21.4
txt:verified,3,77.67,0.0048,2.67,XGBoost,21.4
txt:europe,3,83.33,0.0045,1.99,XGBoost,21.4
txt:missed,3,87.67,0.0034,3.7,XGBoost,21.4
txt:concentrate,3,94.67,0.0044,3.03,XGBoost,21.4
txt:looking forward,3,99.67,0.0043,1.47,XGBoost,21.4
txt:higher rate,3,103.67,0.0033,4.48,XGBoost,21.4
txt:amex,3,106.67,0.0033,4.73,XGBoost,21.4
txt:question feel,3,114.0,0.0041,1.54,XGBoost,21.4
txt:pay car,3,115.0,0.0036,3.17,XGBoost,21.4
txt:instead,3,115.67,0.0032,3.77,XGBoost,21.4
txt:lower apr,3,123.33,0.0034,1.7,XGBoost,21.4
txt:family member,3,124.0,0.004,1.0,XGBoost,21.4
txt:track,3,126.33,0.0032,1.6,XGBoost,21.4
txt:crew,3,128.0,0.0034,5.03,XGBoost,21.4
txt:creditor,3,129.0,0.0038,2.29,XGBoost,21.4
txt:higher,3,131.0,0.003,6.02,XGBoost,21.4
txt:year,3,135.33,0.003,4.45,XGBoost,21.4
txt:company business,3,142.0,0.0038,1.38,XGBoost,21.4
txt:considerable money,3,144.0,0.0034,2.88,XGBoost,21.4
txt:card personal,3,154.33,0.0027,4.99,XGBoost,21.4
txt:north railroad,3,157.33,0.0032,5.59,XGBoost,21.4
txt:card buy,3,160.33,0.0032,2.54,XGBoost,21.4
txt:consoldation,3,174.0,0.0031,2.75,XGBoost,21.4
txt:pay credit,3,175.0,0.0026,4.67,XGBoost,21.4
txt:previously,3,177.0,0.0033,1.39,XGBoost,21.4
txt:nation,3,178.67,0.0036,2.84,XGBoost,21.4
txt:kept,3,179.33,0.0026,1.14,XGBoost,21.4
txt:light,3,179.33,0.0026,1.45,XGBoost,21.4
txt:lone,3,196.33,0.0021,4.56,XGBoost,21.4
txt:period credit,3,199.0,0.0026,2.35,XGBoost,21.4
txt:worked employer,3,205.0,0.0026,1.68,XGBoost,21.4
txt:state california,3,207.0,0.0033,2.29,XGBoost,21.4
txt:catch,3,217.33,0.0029,1.59,XGBoost,21.4
txt:graphic,3,218.0,0.0018,3.91,XGBoost,21.4
txt:history job,3,218.33,0.002,2.63,XGBoost,21.4
txt:dad,3,221.0,0.0025,1.27,XGBoost,21.4
txt:dept debt,3,223.0,0.0019,4.42,XGBoost,21.4
txt:discover,3,225.33,0.0018,3.98,XGBoost,21.4
txt:help home,3,226.67,0.0014,3.11,XGBoost,21.4
txt:year secure,3,233.67,0.0026,2.16,XGBoost,21.4
txt:past balance,3,235.33,0.0023,2.4,XGBoost,21.4
txt:debt payment,3,237.67,0.0014,2.85,XGBoost,21.4
txt:consol,3,239.67,0.0025,1.6,XGBoost,21.4
txt:home bank,3,240.33,0.0014,2.27,XGBoost,21.4
txt:relocation,3,240.67,0.0027,1.92,XGBoost,21.4
txt:prep,3,241.33,0.0023,1.25,XGBoost,21.4
txt:money doing,3,243.67,0.0012,2.63,XGBoost,21.4
txt:catering,3,250.0,0.0024,1.69,XGBoost,21.4
txt:home fixing,3,251.0,0.0,4.3,XGBoost,21.4
txt:inova,3,251.33,0.0004,3.38,XGBoost,21.4
txt:receipt,3,252.0,0.0023,1.81,XGBoost,21.4
txt:latin,3,256.0,0.0,3.96,XGBoost,21.4
txt:bath room,3,258.67,0.0023,4.06,XGBoost,21.4
txt:help school,3,258.67,0.0012,2.04,XGBoost,21.4
txt:central transport,3,259.0,0.0018,11.66,XGBoost,21.4
txt:learned credit,3,261.0,0.0,1.38,XGBoost,21.4
txt:debt finance,3,261.33,0.002,3.09,XGBoost,21.4
txt:sister,3,262.33,0.0024,1.58,XGBoost,21.4
txt:looking obtain,3,264.0,0.0,1.45,XGBoost,21.4
txt:lower debt,3,264.0,0.0,1.09,XGBoost,21.4
txt:home looking,3,264.33,0.0008,2.29,XGBoost,21.4
txt:week ago,3,268.67,0.0008,1.48,XGBoost,21.4
txt:work going,3,270.33,0.0,1.63,XGBoost,21.4
txt:link,3,270.67,0.0,2.31,XGBoost,21.4
txt:new beginning,3,271.67,0.0026,2.75,XGBoost,21.4
txt:liz,3,274.33,0.0,1.82,XGBoost,21.4
txt:grand wailea,3,276.0,0.0,6.22,XGBoost,21.4
txt:husband passed,3,276.0,0.0,5.27,XGBoost,21.4
txt:retired,3,276.67,0.0023,2.01,XGBoost,21.4
txt:group llp,3,277.0,0.0,3.41,XGBoost,21.4
txt:good example,3,277.67,0.0,4.39,XGBoost,21.4
txt:home improve,3,278.67,0.0,3.23,XGBoost,21.4
txt:bonus year,3,280.67,0.0022,2.35,XGBoost,21.4
txt:home service,3,281.67,0.0,5.43,XGBoost,21.4
txt:food city,3,282.0,0.0,8.49,XGBoost,21.4
txt:internal,3,282.33,0.0,1.28,XGBoost,21.4
txt:investor really,3,284.0,0.0,1.6,XGBoost,21.4
txt:freedom united,3,284.67,0.0,5.45,XGBoost,21.4
txt:gale,3,284.67,0.0,4.26,XGBoost,21.4
txt:diagnosed,3,285.0,0.0014,1.4,XGBoost,21.4
txt:fulcrum,3,285.0,0.0,5.29,XGBoost,21.4
txt:crystal,3,286.33,0.001,4.39,XGBoost,21.4
txt:got really,3,288.67,0.0,2.76,XGBoost,21.4
txt:finacial,3,289.0,0.0,2.93,XGBoost,21.4
txt:year bonus,3,289.0,0.0011,1.77,XGBoost,21.4
txt:iron mountain,3,292.33,0.0,1.86,XGBoost,21.4
txt:jefferson county,3,293.33,0.0,2.1,XGBoost,21.4
txt:idea pay,3,295.33,0.0,1.98,XGBoost,21.4
txt:garda,3,296.67,0.0,2.97,XGBoost,21.4
txt:income problem,3,297.0,0.0,1.5,XGBoost,21.4
txt:hard establish,3,298.67,0.0,2.89,XGBoost,21.4
txt:state post,3,298.67,0.0022,2.2,XGBoost,21.4
txt:flooring house,3,300.33,0.0,3.54,XGBoost,21.4
txt:dept commerce,3,302.0,0.0012,2.43,XGBoost,21.4
txt:debt medical,3,302.67,0.0011,2.18,XGBoost,21.4
txt:investment future,3,305.0,0.0,1.75,XGBoost,21.4
txt:home monthly,3,305.67,0.0,1.65,XGBoost,21.4
txt:inch,3,306.33,0.0,1.79,XGBoost,21.4
txt:fry,3,307.33,0.001,2.76,XGBoost,21.4
txt:expressed,3,308.67,0.0,3.0,XGBoost,21.4
txt:emergency plan,3,310.0,0.0,3.04,XGBoost,21.4
txt:improvement update,3,313.0,0.0,3.84,XGBoost,21.4
txt:railroad,3,313.0,0.0015,2.53,XGBoost,21.4
txt:deco,3,320.0,0.0,4.76,XGBoost,21.4
txt:debt increase,3,321.67,0.0008,2.26,XGBoost,21.4
txt:instead good,3,325.0,0.0,3.24,XGBoost,21.4
txt:credit income,3,328.33,0.0009,1.95,XGBoost,21.4
txt:underground,3,329.33,0.0012,2.47,XGBoost,21.4
txt:funded pay,3,329.67,0.0,1.26,XGBoost,21.4
txt:outback,3,332.0,0.0011,1.87,XGBoost,21.4
txt:trade,3,332.33,0.0016,1.97,XGBoost,21.4
txt:island home,3,333.67,0.0,5.29,XGBoost,21.4
txt:debt ernst,3,335.67,0.0,3.74,XGBoost,21.4
txt:kantar,3,335.67,0.0,4.35,XGBoost,21.4
txt:question let,3,336.0,0.0007,1.22,XGBoost,21.4
txt:reunion,3,336.67,0.0013,1.72,XGBoost,21.4
txt:devil,3,337.0,0.0,6.04,XGBoost,21.4
txt:expendable,3,338.67,0.0,2.42,XGBoost,21.4
txt:expense happy,3,339.67,0.0,2.54,XGBoost,21.4
txt:northport,3,340.33,0.0,6.86,XGBoost,21.4
txt:ohl,3,340.33,0.0,4.03,XGBoost,21.4
txt:debt creditor,3,342.0,0.0,3.18,XGBoost,21.4
txt:doing able,3,343.33,0.0,3.57,XGBoost,21.4
txt:god bless,3,343.33,0.0,1.33,XGBoost,21.4
txt:provision,3,344.67,0.0,2.85,XGBoost,21.4
txt:free little,3,345.33,0.0,3.19,XGBoost,21.4
txt:card post,3,346.33,0.0011,6.0,XGBoost,21.4
txt:company plus,3,347.33,0.0012,2.04,XGBoost,21.4
txt:repair vehicle,3,347.33,0.0005,2.46,XGBoost,21.4
txt:dunkin donut,3,348.67,0.0,2.73,XGBoost,21.4
txt:card repair,3,350.0,0.0009,4.13,XGBoost,21.4
txt:fitch,3,350.67,0.0,1.97,XGBoost,21.4
txt:freedom department,3,351.0,0.0,2.16,XGBoost,21.4
txt:hra,3,351.67,0.0,3.56,XGBoost,21.4
txt:debt reducing,3,352.67,0.0,2.76,XGBoost,21.4
txt:control plan,3,353.67,0.0,5.43,XGBoost,21.4
txt:correction center,3,354.0,0.0,4.48,XGBoost,21.4
txt:expense dept,3,354.33,0.0,2.63,XGBoost,21.4
txt:county ventura,3,355.33,0.0,5.11,XGBoost,21.4
txt:credti card,3,357.0,0.0,4.43,XGBoost,21.4
txt:fund new,3,359.0,0.0,2.37,XGBoost,21.4
txt:labcorp,3,359.33,0.0,4.65,XGBoost,21.4
txt:consolidation wireless,3,361.33,0.0,5.72,XGBoost,21.4
txt:ease financial,3,363.0,0.0,2.42,XGBoost,21.4
txt:largo,3,363.0,0.0,3.03,XGBoost,21.4
txt:ease use,3,363.33,0.0,2.28,XGBoost,21.4
txt:farmer insurance,3,364.0,0.0,1.35,XGBoost,21.4
txt:save lower,3,364.33,0.0006,2.49,XGBoost,21.4
txt:debtcon,3,365.33,0.0,4.04,XGBoost,21.4
txt:month add,3,365.33,0.0,2.79,XGBoost,21.4
txt:mission hospital,3,366.0,0.0,3.95,XGBoost,21.4
txt:credit builder,3,367.33,0.0,4.25,XGBoost,21.4
txt:consolidation transportation,3,369.0,0.0,4.89,XGBoost,21.4
txt:payment affordable,3,369.33,0.0,2.25,XGBoost,21.4
txt:concentrate paying,3,369.67,0.0003,1.86,XGBoost,21.4
txt:cpc logistics,3,370.67,0.0,3.26,XGBoost,21.4
txt:expense personal,3,371.33,0.0,2.84,XGBoost,21.4
txt:paying right,3,372.0,0.0,2.04,XGBoost,21.4
txt:consolidation scripps,3,373.67,0.0,5.25,XGBoost,21.4
txt:consolidation sacramento,3,374.0,0.0,4.18,XGBoost,21.4
txt:department energy,3,374.67,0.0,3.85,XGBoost,21.4
txt:new life,3,374.67,0.0016,1.47,XGBoost,21.4
txt:total payment,3,378.67,0.0012,1.3,XGBoost,21.4
txt:bell,3,380.0,0.0011,2.1,XGBoost,21.4
txt:year fund,3,380.0,0.0,1.24,XGBoost,21.4
txt:consolidation securitas,3,381.0,0.0,6.15,XGBoost,21.4
txt:consolidation sonic,3,382.0,0.0,4.12,XGBoost,21.4
txt:consolidation specialty,3,382.67,0.0,3.43,XGBoost,21.4
txt:dept navy,3,382.67,0.0,3.07,XGBoost,21.4
txt:capable repaying,3,383.0,0.0008,1.98,XGBoost,21.4
txt:consolidation nyu,3,383.33,0.0,4.3,XGBoost,21.4
txt:consolidation physician,3,385.33,0.0,4.15,XGBoost,21.4
txt:consolidation quality,3,386.0,0.0,4.31,XGBoost,21.4
txt:dish,3,386.0,0.0,1.63,XGBoost,21.4
txt:cty,3,387.33,0.0,2.68,XGBoost,21.4
txt:year thing,3,387.33,0.0011,2.02,XGBoost,21.4
txt:southwest airline,3,389.33,0.0011,1.4,XGBoost,21.4
txt:card finish,3,390.0,0.0003,3.31,XGBoost,21.4
txt:consolidation process,3,390.33,0.0,3.62,XGBoost,21.4
txt:bless,3,392.0,0.0006,1.45,XGBoost,21.4
txt:brevard,3,393.67,0.0003,3.9,XGBoost,21.4
txt:satisfy,3,393.67,0.0011,2.48,XGBoost,21.4
txt:consolidation nordstrom,3,394.0,0.0,4.11,XGBoost,21.4
txt:consolidation harrahs,3,394.67,0.0,6.34,XGBoost,21.4
txt:state hospital,3,394.67,0.001,2.96,XGBoost,21.4
txt:council,3,395.0,0.0,3.02,XGBoost,21.4
txt:cut monthly,3,395.67,0.0,2.12,XGBoost,21.4
txt:debt question,3,396.0,0.0,1.55,XGBoost,21.4
txt:consolidation ingram,3,396.33,0.0,4.41,XGBoost,21.4
txt:keiser,3,396.33,0.0007,3.84,XGBoost,21.4
txt:consolidation olive,3,397.0,0.0,3.9,XGBoost,21.4
txt:consolidation military,3,398.33,0.0,5.24,XGBoost,21.4
txt:consolidation michael,3,400.0,0.0,3.7,XGBoost,21.4
txt:natural gas,3,401.0,0.0012,1.12,XGBoost,21.4
txt:washer,3,401.0,0.0,1.55,XGBoost,21.4
txt:consolidation macy,3,401.33,0.0,2.86,XGBoost,21.4
txt:consolidation power,3,403.33,0.0,3.58,XGBoost,21.4
txt:month frame,3,404.0,0.0,3.42,XGBoost,21.4
txt:consolidation howard,3,404.33,0.0,3.75,XGBoost,21.4
txt:payment cost,3,406.0,0.0,2.42,XGBoost,21.4
txt:peace mind,3,406.33,0.0,1.78,XGBoost,21.4
txt:consolidation corporation,3,408.0,0.0,4.67,XGBoost,21.4
txt:personal bank,3,408.33,0.0,1.83,XGBoost,21.4
txt:acct,3,411.67,0.0009,2.2,XGBoost,21.4
txt:vinyl siding,3,412.67,0.0,2.26,XGBoost,21.4
txt:new shingle,3,416.67,0.0,4.3,XGBoost,21.4
txt:consolidation green,3,417.0,0.0,3.27,XGBoost,21.4
txt:month come,3,419.33,0.0,2.3,XGBoost,21.4
txt:consolidation wedding,3,420.0,0.0,2.64,XGBoost,21.4
txt:confusing,3,422.67,0.0,6.11,XGBoost,21.4
txt:vinyl,3,423.67,0.0,2.59,XGBoost,21.4
txt:comp,3,429.33,0.0,1.56,XGBoost,21.4
txt:consolidation costco,3,430.67,0.0,4.47,XGBoost,21.4
txt:online,3,432.0,0.0014,1.37,XGBoost,21.4
txt:order good,3,432.67,0.0,3.4,XGBoost,21.4
txt:vicious,3,433.0,0.0,1.8,XGBoost,21.4
txt:consalidation,3,433.33,0.0,2.34,XGBoost,21.4
txt:medium network,3,433.33,0.0,4.35,XGBoost,21.4
txt:care service,3,437.67,0.0,5.64,XGBoost,21.4
txt:circus,3,438.0,0.0,6.09,XGBoost,21.4
txt:tax collector,3,438.33,0.0,4.49,XGBoost,21.4
txt:payoff premier,3,439.67,0.0,5.97,XGBoost,21.4
txt:compact,3,441.33,0.0,2.15,XGBoost,21.4
txt:charity,3,442.67,0.0,1.52,XGBoost,21.4
txt:card ricoh,3,444.0,0.0,4.68,XGBoost,21.4
txt:changing life,3,444.0,0.0,3.54,XGBoost,21.4
txt:cbre,3,446.33,0.0,2.83,XGBoost,21.4
txt:redemption,3,446.33,0.0,4.86,XGBoost,21.4
txt:centinela,3,447.0,0.0,4.05,XGBoost,21.4
txt:chop,3,448.0,0.0,1.47,XGBoost,21.4
txt:carolina,3,449.33,0.0,2.18,XGBoost,21.4
txt:cbi,3,449.33,0.0,5.39,XGBoost,21.4
txt:rate come,3,450.33,0.0,3.26,XGBoost,21.4
txt:nco,3,450.67,0.0011,4.32,XGBoost,21.4
txt:butterfly,3,455.33,0.0,3.22,XGBoost,21.4
txt:transcription,3,455.67,0.0,5.06,XGBoost,21.4
txt:treasure,3,456.67,0.0,5.87,XGBoost,21.4
txt:carl,3,458.33,0.0,3.79,XGBoost,21.4
txt:callaway,3,458.67,0.0,11.74,XGBoost,21.4
txt:richard,3,459.33,0.0,2.85,XGBoost,21.4
txt:card extra,3,461.0,0.0,1.76,XGBoost,21.4
txt:card game,3,461.0,0.0,2.25,XGBoost,21.4
txt:outback steakhouse,3,462.33,0.0,1.97,XGBoost,21.4
txt:canal,3,463.33,0.0,3.58,XGBoost,21.4
txt:business stable,3,464.0,0.0,1.86,XGBoost,21.4
txt:sun,3,464.67,0.0,2.29,XGBoost,21.4
txt:budget help,3,465.0,0.0,2.66,XGBoost,21.4
txt:paying rate,3,465.33,0.0,1.53,XGBoost,21.4
txt:buddy,3,467.0,0.0,4.38,XGBoost,21.4
txt:car replace,3,467.33,0.0,3.38,XGBoost,21.4
txt:plane,3,468.0,0.0,1.36,XGBoost,21.4
txt:promise pay,3,470.33,0.0,1.61,XGBoost,21.4
txt:body,3,471.0,0.0,2.8,XGBoost,21.4
txt:track money,3,471.67,0.0,3.49,XGBoost,21.4
txt:calif,3,472.0,0.0,3.6,XGBoost,21.4
txt:bic,3,474.0,0.0,5.12,XGBoost,21.4
txt:outofdebt,3,474.33,0.0,3.24,XGBoost,21.4
txt:price,3,475.0,0.0,2.06,XGBoost,21.4
txt:rural,3,475.0,0.0,1.7,XGBoost,21.4
txt:blossom,3,475.33,0.0,8.33,XGBoost,21.4
txt:blue sky,3,475.67,0.0,4.08,XGBoost,21.4
txt:breath easier,3,477.0,0.0,5.35,XGBoost,21.4
txt:roughly dollar,3,477.33,0.0,1.58,XGBoost,21.4
txt:plan consolidating,3,478.0,0.0,2.13,XGBoost,21.4
txt:renovating,3,478.0,0.0,2.35,XGBoost,21.4
txt:better chance,3,478.67,0.0,3.59,XGBoost,21.4
txt:business growth,3,478.67,0.0,3.64,XGBoost,21.4
txt:rose,3,479.0,0.0,3.49,XGBoost,21.4
txt:payment freedom,3,479.33,0.0,2.74,XGBoost,21.4
txt:bond,3,481.0,0.0,2.09,XGBoost,21.4
txt:reliable car,3,481.0,0.0,1.43,XGBoost,21.4
txt:shield,3,481.33,0.0,1.75,XGBoost,21.4
txt:personal load,3,483.0,0.0,3.71,XGBoost,21.4
txt:bedroom set,3,483.67,0.0,3.14,XGBoost,21.4
txt:limestone,3,488.33,0.0,4.03,XGBoost,21.4
txt:wedding help,3,490.67,0.0,3.78,XGBoost,21.4
txt:battery,3,491.0,0.0,2.48,XGBoost,21.4
txt:wife daughter,3,492.0,0.0,3.69,XGBoost,21.4
txt:appreciate opportunity,3,492.33,0.0,1.73,XGBoost,21.4
txt:securitas,3,492.33,0.0,2.82,XGBoost,21.4
txt:bail,3,493.0,0.0,2.48,XGBoost,21.4
txt:arc,3,494.0,0.0,2.31,XGBoost,21.4
txt:bag,3,494.33,0.0,3.14,XGBoost,21.4
txt:say invested,3,495.67,0.0,1.39,XGBoost,21.4
txt:bagel,3,497.33,0.0,4.94,XGBoost,21.4
txt:nova,3,497.67,0.0,3.65,XGBoost,21.4
txt:phoebe,3,498.33,0.0,3.89,XGBoost,21.4
txt:solar,3,498.67,0.0,2.04,XGBoost,21.4
txt:student student,3,499.0,0.0,1.44,XGBoost,21.4
txt:service llc,3,499.33,0.0,2.54,XGBoost,21.4
txt:starting fresh,3,499.33,0.0,2.62,XGBoost,21.4
txt:small thing,3,501.0,0.0,2.05,XGBoost,21.4
txt:allowing pay,3,501.67,0.0,2.24,XGBoost,21.4
txt:morongo,3,504.33,0.0,4.33,XGBoost,21.4
txt:payoff army,3,505.0,0.0,3.96,XGBoost,21.4
txt:story consolidation,3,505.0,0.0,3.26,XGBoost,21.4
txt:support far,3,506.33,0.0,2.19,XGBoost,21.4
txt:wested,3,506.33,0.0,3.37,XGBoost,21.4
txt:used finish,3,506.67,0.0,1.79,XGBoost,21.4
txt:airtran airway,3,507.0,0.0,5.22,XGBoost,21.4
txt:sherwin williams,3,508.67,0.0,2.48,XGBoost,21.4
txt:tempe,3,508.67,0.0,2.8,XGBoost,21.4
txt:sherwin,3,509.0,0.0,2.48,XGBoost,21.4
txt:amp expense,3,509.33,0.0,3.84,XGBoost,21.4
txt:star card,3,511.0,0.0,2.84,XGBoost,21.4
txt:american home,3,512.0,0.0,2.54,XGBoost,21.4
txt:accomplish goal,3,514.0,0.0,1.28,XGBoost,21.4
txt:thing help,3,517.33,0.0,1.79,XGBoost,21.4
txt:add car,3,520.0,0.0,3.33,XGBoost,21.4
txt:trucking,3,521.67,0.0,2.37,XGBoost,21.4
txt:pay care,3,525.0,0.0,2.99,XGBoost,21.4
txt:affiliated,3,528.67,0.0,3.04,XGBoost,21.4
txt:sun casino,3,528.67,0.0,3.58,XGBoost,21.4
txt:small investment,3,533.0,0.0,1.48,XGBoost,21.4
txt:unexpected personal,3,533.0,0.0,2.89,XGBoost,21.4
txt:sunrise senior,3,534.67,0.0,6.63,XGBoost,21.4
txt:yakima,3,536.0,0.0,3.52,XGBoost,21.4
txt:sce,3,538.67,0.0,4.81,XGBoost,21.4
txt:telecommunication,3,542.0,0.0,3.44,XGBoost,21.4
txt:vacation debt,3,542.0,0.0,3.35,XGBoost,21.4
txt:powered,3,544.0,0.0,3.16,XGBoost,21.4
txt:stress debt,3,545.33,0.0,3.15,XGBoost,21.4
txt:violence,3,557.0,0.0,3.48,XGBoost,21.4
txt:surgeon,3,562.0,0.0,2.11,XGBoost,21.4
txt:possible consolidate,3,562.33,0.0,3.9,XGBoost,21.4
txt:summer month,3,563.33,0.0,2.43,XGBoost,21.4
txt:retina,3,565.67,0.0,3.17,XGBoost,21.4
txt:site service,3,567.0,0.0,4.38,XGBoost,21.4
txt:production service,3,567.67,0.0,2.83,XGBoost,21.4
txt:usaid,3,582.33,0.0,4.64,XGBoost,21.4
txt:souther,3,593.33,0.0,5.88,XGBoost,21.4
txt:package,3,593.67,0.0,1.97,XGBoost,21.4
txt:wailea,3,603.0,0.0,6.22,XGBoost,21.4
txt:vacation,2,5.0,0.0076,2.41,XGBoost,14.3
txt:chase,2,18.0,0.0057,1.17,XGBoost,14.3
txt:let know,2,18.0,0.0061,0.89,XGBoost,14.3
txt:group,2,28.5,0.0055,1.1,XGBoost,14.3
txt:business,2,47.5,0.0041,3.97,XGBoost,14.3
txt:agency,2,50.5,0.005,1.32,XGBoost,14.3
txt:investor,2,51.0,0.005,1.04,XGBoost,14.3
txt:school district,2,52.0,0.0055,1.21,XGBoost,14.3
txt:equity,2,52.5,0.0039,4.04,XGBoost,14.3
txt:card debt,2,53.5,0.0046,2.53,XGBoost,14.3
txt:date,2,53.5,0.005,1.98,XGBoost,14.3
txt:attorney fee,2,55.0,0.0049,3.7,XGBoost,14.3
txt:bank,2,56.0,0.0039,3.81,XGBoost,14.3
txt:decent,2,61.5,0.0048,1.39,XGBoost,14.3
txt:citi,2,62.0,0.0049,1.65,XGBoost,14.3
txt:national grid,2,62.0,0.0048,3.29,XGBoost,14.3
txt:virginia beach,2,62.0,0.0047,3.68,XGBoost,14.3
txt:know,2,64.5,0.0047,1.45,XGBoost,14.3
txt:listing,2,65.5,0.0047,0.94,XGBoost,14.3
txt:lendingclub,2,68.0,0.0046,2.65,XGBoost,14.3
txt:continue,2,74.5,0.0046,1.15,XGBoost,14.3
txt:natural,2,75.5,0.0047,1.43,XGBoost,14.3
txt:hour,2,83.5,0.0046,1.31,XGBoost,14.3
txt:pay,2,85.0,0.0035,3.87,XGBoost,14.3
txt:bank account,2,85.5,0.0045,2.28,XGBoost,14.3
txt:help payment,2,86.0,0.0044,1.83,XGBoost,14.3
txt:condo,2,90.0,0.0044,1.13,XGBoost,14.3
txt:high apr,2,93.5,0.0036,3.47,XGBoost,14.3
txt:memorial,2,96.0,0.0044,1.13,XGBoost,14.3
txt:help appreciated,2,96.5,0.0047,1.24,XGBoost,14.3
txt:payment significantly,2,98.0,0.0043,2.9,XGBoost,14.3
txt:hamilton,2,106.5,0.0041,2.48,XGBoost,14.3
txt:police,2,107.0,0.0043,1.49,XGBoost,14.3
txt:adult,2,108.5,0.0042,2.39,XGBoost,14.3
txt:year paid,2,115.5,0.0041,1.06,XGBoost,14.3
txt:payment day,2,116.5,0.0041,1.12,XGBoost,14.3
txt:begin,2,119.0,0.0041,1.18,XGBoost,14.3
txt:care,2,120.0,0.0035,3.02,XGBoost,14.3
txt:financing,2,121.0,0.0031,3.55,XGBoost,14.3
txt:provided,2,121.5,0.004,1.41,XGBoost,14.3
txt:current income,2,127.5,0.0039,1.28,XGBoost,14.3
txt:mastercard,2,127.5,0.004,1.92,XGBoost,14.3
txt:use proceeds,2,128.5,0.0039,2.0,XGBoost,14.3
txt:cover wedding,2,130.5,0.0039,2.92,XGBoost,14.3
txt:card higher,2,131.5,0.003,4.43,XGBoost,14.3
txt:card plan,2,144.0,0.0038,0.88,XGBoost,14.3
txt:search,2,145.5,0.0037,2.26,XGBoost,14.3
txt:management llc,2,147.0,0.0029,3.73,XGBoost,14.3
txt:temple university,2,151.0,0.0028,4.54,XGBoost,14.3
txt:manageable monthly,2,154.0,0.0023,2.85,XGBoost,14.3
txt:work really,2,154.0,0.0037,1.76,XGBoost,14.3
txt:help given,2,155.5,0.0036,2.36,XGBoost,14.3
txt:capitol,2,156.0,0.0036,1.79,XGBoost,14.3
txt:home good,2,157.0,0.0038,1.9,XGBoost,14.3
txt:service,2,158.0,0.0028,6.45,XGBoost,14.3
txt:riverside,2,158.5,0.0036,2.46,XGBoost,14.3
txt:high,2,166.5,0.0028,4.31,XGBoost,14.3
txt:appliance new,2,169.0,0.0033,3.17,XGBoost,14.3
txt:card faster,2,170.5,0.0034,1.38,XGBoost,14.3
txt:repair,2,172.0,0.0035,2.4,XGBoost,14.3
txt:glass,2,178.0,0.0027,1.8,XGBoost,14.3
txt:sinai school,2,178.0,0.0034,2.29,XGBoost,14.3
txt:start fresh,2,180.5,0.0034,1.24,XGBoost,14.3
txt:hello help,2,182.0,0.0024,1.23,XGBoost,14.3
txt:consolidating credit,2,185.5,0.0033,1.21,XGBoost,14.3
txt:happy,2,185.5,0.0034,1.38,XGBoost,14.3
txt:grid,2,186.0,0.0028,2.11,XGBoost,14.3
txt:help funding,2,186.0,0.0023,1.48,XGBoost,14.3
txt:look going,2,187.0,0.002,1.86,XGBoost,14.3
txt:tree,2,194.0,0.003,2.11,XGBoost,14.3
txt:allstate insurance,2,195.0,0.0032,1.41,XGBoost,14.3
txt:motor,2,196.5,0.0018,1.26,XGBoost,14.3
txt:early year,2,198.5,0.0026,1.27,XGBoost,14.3
txt:payment month,2,198.5,0.0025,3.17,XGBoost,14.3
txt:purchase dodge,2,200.0,0.0018,2.95,XGBoost,14.3
txt:expense school,2,203.5,0.0024,1.41,XGBoost,14.3
txt:having monthly,2,207.5,0.0017,3.27,XGBoost,14.3
txt:help catch,2,212.0,0.0018,3.07,XGBoost,14.3
txt:medical debt,2,212.5,0.0012,2.89,XGBoost,14.3
txt:day pay,2,217.5,0.0025,1.29,XGBoost,14.3
txt:help help,2,218.0,0.0019,1.54,XGBoost,14.3
txt:viewing,2,218.0,0.0015,2.41,XGBoost,14.3
txt:card concentrate,2,220.0,0.0012,2.33,XGBoost,14.3
txt:trip,2,220.0,0.0025,0.97,XGBoost,14.3
txt:payment default,2,221.5,0.0017,1.62,XGBoost,14.3
txt:bad credit,2,223.0,0.0021,1.59,XGBoost,14.3
txt:mercy hospital,2,226.0,0.0,2.85,XGBoost,14.3
txt:month instead,2,226.0,0.0015,1.64,XGBoost,14.3
txt:consolidation army,2,226.5,0.0021,2.69,XGBoost,14.3
txt:month help,2,229.0,0.0011,1.08,XGBoost,14.3
txt:late account,2,230.5,0.0016,2.53,XGBoost,14.3
txt:jonathan,2,232.5,0.0012,4.66,XGBoost,14.3
txt:maine,2,234.0,0.0,3.31,XGBoost,14.3
txt:dodge,2,235.0,0.0021,1.66,XGBoost,14.3
txt:month taking,2,237.0,0.0016,2.9,XGBoost,14.3
txt:palm,2,237.0,0.0,2.62,XGBoost,14.3
txt:palm beach,2,237.0,0.0,1.65,XGBoost,14.3
txt:par,2,237.0,0.0,2.37,XGBoost,14.3
txt:jackie,2,237.5,0.0,5.04,XGBoost,14.3
txt:kraft,2,238.0,0.0011,2.21,XGBoost,14.3
txt:load consolidate,2,238.0,0.0,3.6,XGBoost,14.3
txt:jasper,2,239.0,0.0,6.45,XGBoost,14.3
txt:live debt,2,239.0,0.0,3.05,XGBoost,14.3
txt:mohegan,2,241.5,0.0,4.21,XGBoost,14.3
txt:mohegan sun,2,241.5,0.0,3.97,XGBoost,14.3
txt:debt consilidation,2,242.5,0.0018,3.27,XGBoost,14.3
txt:manpower,2,242.5,0.0,3.43,XGBoost,14.3
txt:month ahead,2,244.0,0.0,1.01,XGBoost,14.3
txt:improvement freedom,2,244.5,0.0,5.07,XGBoost,14.3
txt:working current,2,246.0,0.0019,1.92,XGBoost,14.3
txt:home making,2,246.5,0.0,3.88,XGBoost,14.3
txt:home buy,2,247.0,0.001,3.32,XGBoost,14.3
txt:latin america,2,248.5,0.0,4.97,XGBoost,14.3
txt:mission,2,249.5,0.0,2.43,XGBoost,14.3
txt:glendale,2,250.0,0.0017,5.44,XGBoost,14.3
txt:join,2,252.0,0.0012,1.34,XGBoost,14.3
txt:main financial,2,252.0,0.0,3.32,XGBoost,14.3
txt:manage credit,2,253.0,0.0,2.72,XGBoost,14.3
txt:manageable debt,2,254.0,0.0,2.43,XGBoost,14.3
txt:major debt,2,255.5,0.0,1.27,XGBoost,14.3
txt:married june,2,255.5,0.0,1.63,XGBoost,14.3
txt:improve debt,2,256.5,0.0009,2.73,XGBoost,14.3
txt:lodge,2,259.0,0.0,2.56,XGBoost,14.3
txt:home support,2,261.0,0.0,2.7,XGBoost,14.3
txt:international corporation,2,261.5,0.0,4.26,XGBoost,14.3
txt:looking combine,2,262.0,0.0,2.14,XGBoost,14.3
txt:intermodal,2,262.5,0.0,4.34,XGBoost,14.3
txt:ive job,2,262.5,0.0,2.2,XGBoost,14.3
txt:girl,2,264.0,0.0015,2.11,XGBoost,14.3
txt:gca service,2,264.5,0.0,8.13,XGBoost,14.3
txt:giorgio,2,265.5,0.0,4.25,XGBoost,14.3
txt:dispatch,2,267.0,0.0018,1.91,XGBoost,14.3
txt:skill,2,267.0,0.0024,1.15,XGBoost,14.3
txt:interim,2,268.0,0.0,3.17,XGBoost,14.3
txt:late house,2,268.0,0.0,1.73,XGBoost,14.3
txt:low overhead,2,268.0,0.0,2.06,XGBoost,14.3
txt:consolidation american,2,268.5,0.0019,2.37,XGBoost,14.3
txt:military service,2,269.0,0.0,2.34,XGBoost,14.3
txt:pay verizon,2,269.5,0.001,3.72,XGBoost,14.3
txt:higher balance,2,270.0,0.0,2.97,XGBoost,14.3
txt:increase credit,2,270.0,0.0012,1.08,XGBoost,14.3
txt:year employed,2,270.0,0.0015,1.65,XGBoost,14.3
txt:greek,2,271.5,0.0,4.05,XGBoost,14.3
txt:cafe,2,272.0,0.0024,2.02,XGBoost,14.3
txt:employer pay,2,272.0,0.0018,1.6,XGBoost,14.3
txt:herald,2,272.5,0.0,2.79,XGBoost,14.3
txt:money send,2,272.5,0.0,3.06,XGBoost,14.3
txt:consolidation pay,2,273.0,0.0019,0.93,XGBoost,14.3
txt:denver,2,273.5,0.0017,2.78,XGBoost,14.3
txt:iron,2,274.5,0.0,3.64,XGBoost,14.3
txt:life good,2,275.5,0.0,1.66,XGBoost,14.3
txt:investor know,2,276.5,0.0,1.25,XGBoost,14.3
txt:left job,2,276.5,0.0,1.12,XGBoost,14.3
txt:paying consolidate,2,276.5,0.0,2.21,XGBoost,14.3
txt:town,2,276.5,0.0019,0.98,XGBoost,14.3
txt:giving chance,2,277.0,0.0012,1.72,XGBoost,14.3
txt:grade home,2,277.5,0.0,4.14,XGBoost,14.3
txt:utilize,2,277.5,0.0017,1.01,XGBoost,14.3
txt:extron electronics,2,278.0,0.0,5.47,XGBoost,14.3
txt:payment filed,2,278.0,0.0,1.76,XGBoost,14.3
txt:payment high,2,278.0,0.0,1.52,XGBoost,14.3
txt:farm service,2,279.5,0.0,4.92,XGBoost,14.3
txt:looking paying,2,280.0,0.0,2.71,XGBoost,14.3
txt:mastercard visa,2,280.0,0.0,3.09,XGBoost,14.3
txt:farr,2,280.5,0.0,4.17,XGBoost,14.3
txt:debt worked,2,283.0,0.0017,1.15,XGBoost,14.3
txt:kitchen improvement,2,283.0,0.0,1.07,XGBoost,14.3
txt:juice,2,283.5,0.0,2.09,XGBoost,14.3
txt:consolidation bank,2,284.0,0.0018,1.25,XGBoost,14.3
txt:irvine,2,285.0,0.0,1.87,XGBoost,14.3
txt:ford lincoln,2,285.5,0.0,4.3,XGBoost,14.3
txt:convenience,2,286.0,0.0018,1.3,XGBoost,14.3
txt:job worked,2,286.0,0.0,1.12,XGBoost,14.3
txt:royal,2,286.0,0.0014,2.75,XGBoost,14.3
txt:freeway,2,287.5,0.0,5.3,XGBoost,14.3
txt:gemini,2,289.0,0.0,3.11,XGBoost,14.3
txt:help needed,2,289.0,0.0,3.65,XGBoost,14.3
txt:ranging,2,290.5,0.0015,1.34,XGBoost,14.3
txt:coffee,2,291.5,0.0018,2.38,XGBoost,14.3
txt:job got,2,292.0,0.0,1.71,XGBoost,14.3
txt:fulfillment,2,292.5,0.0,4.38,XGBoost,14.3
txt:hospital home,2,292.5,0.0,3.52,XGBoost,14.3
txt:investment home,2,292.5,0.0,1.93,XGBoost,14.3
txt:guaranty,2,293.0,0.0,6.34,XGBoost,14.3
txt:money long,2,293.0,0.0,1.4,XGBoost,14.3
txt:consolidation university,2,293.5,0.0006,4.01,XGBoost,14.3
txt:interested consolidating,2,293.5,0.0,2.0,XGBoost,14.3
txt:freedom walmart,2,295.0,0.0,4.2,XGBoost,14.3
txt:freedon,2,296.0,0.0,5.7,XGBoost,14.3
txt:way debt,2,296.0,0.0,1.32,XGBoost,14.3
txt:adjustment,2,297.0,0.0023,2.97,XGBoost,14.3
txt:dear lender,2,297.0,0.0015,2.33,XGBoost,14.3
txt:interst rate,2,297.5,0.0,1.36,XGBoost,14.3
txt:lendingclubloan,2,297.5,0.0,3.54,XGBoost,14.3
txt:insure,2,298.5,0.0,0.99,XGBoost,14.3
txt:interst,2,298.5,0.0,1.34,XGBoost,14.3
txt:repair improvement,2,299.0,0.0,2.25,XGBoost,14.3
txt:debt plus,2,300.0,0.0008,2.42,XGBoost,14.3
txt:fallen hard,2,300.0,0.0,2.76,XGBoost,14.3
txt:help allowing,2,301.0,0.0,2.72,XGBoost,14.3
txt:incorporated,2,303.0,0.0,1.05,XGBoost,14.3
txt:bank pay,2,303.5,0.002,2.36,XGBoost,14.3
txt:relocate,2,304.0,0.0016,1.98,XGBoost,14.3
txt:help fresh,2,304.5,0.0,3.13,XGBoost,14.3
txt:fulton county,2,306.0,0.0,2.59,XGBoost,14.3
txt:life line,2,306.0,0.0,3.54,XGBoost,14.3
txt:consolidation irs,2,308.0,0.0006,4.08,XGBoost,14.3
txt:volunteer,2,308.0,0.0,1.03,XGBoost,14.3
txt:help friend,2,308.5,0.0,1.99,XGBoost,14.3
txt:high payment,2,308.5,0.0,1.2,XGBoost,14.3
txt:house car,2,308.5,0.0,0.92,XGBoost,14.3
txt:duane reade,2,309.5,0.0,3.97,XGBoost,14.3
txt:debt sprint,2,310.0,0.0,5.02,XGBoost,14.3
txt:dtcc,2,310.0,0.0,5.81,XGBoost,14.3
txt:host,2,310.0,0.0,1.08,XGBoost,14.3
txt:garbage,2,311.0,0.0,4.3,XGBoost,14.3
txt:home sale,2,311.0,0.0,1.29,XGBoost,14.3
txt:home update,2,311.5,0.0,2.25,XGBoost,14.3
txt:existing customer,2,312.0,0.0,3.4,XGBoost,14.3
txt:deloitte,2,313.5,0.0,3.84,XGBoost,14.3
txt:home fix,2,314.0,0.0,1.36,XGBoost,14.3
txt:fiancee getting,2,315.0,0.0,2.95,XGBoost,14.3
txt:good risk,2,315.0,0.0,1.49,XGBoost,14.3
txt:henry,2,315.5,0.0,1.24,XGBoost,14.3
txt:help sister,2,316.0,0.0,1.5,XGBoost,14.3
txt:card little,2,316.5,0.0018,1.83,XGBoost,14.3
txt:end payment,2,317.0,0.0,2.98,XGBoost,14.3
txt:attend,2,318.0,0.002,1.15,XGBoost,14.3
txt:single mother,2,321.0,0.0016,1.13,XGBoost,14.3
txt:debtbuster,2,321.5,0.0,6.01,XGBoost,14.3
txt:help lower,2,321.5,0.0,1.53,XGBoost,14.3
txt:debt health,2,323.0,0.0,5.14,XGBoost,14.3
txt:house payment,2,323.0,0.0,1.12,XGBoost,14.3
txt:health center,2,325.5,0.0,1.45,XGBoost,14.3
txt:helper,2,325.5,0.0,1.78,XGBoost,14.3
txt:pacer,2,325.5,0.0,5.19,XGBoost,14.3
txt:datapipe,2,326.0,0.0,3.98,XGBoost,14.3
txt:diva,2,326.0,0.0,3.66,XGBoost,14.3
txt:harvard,2,327.0,0.0,1.47,XGBoost,14.3
txt:electro,2,327.5,0.0,6.36,XGBoost,14.3
txt:chico,2,329.0,0.001,3.61,XGBoost,14.3
txt:debtrelief,2,329.0,0.0,2.89,XGBoost,14.3
txt:good account,2,329.0,0.0,2.31,XGBoost,14.3
txt:room addition,2,329.0,0.0015,1.85,XGBoost,14.3
txt:fly,2,329.5,0.0,2.12,XGBoost,14.3
txt:free army,2,329.5,0.0,2.39,XGBoost,14.3
txt:use buy,2,331.5,0.0022,1.64,XGBoost,14.3
txt:work health,2,332.5,0.0,2.29,XGBoost,14.3
txt:debt cox,2,333.0,0.0,4.65,XGBoost,14.3
txt:height,2,333.0,0.0,1.38,XGBoost,14.3
txt:necessary medical,2,333.5,0.0,4.82,XGBoost,14.3
txt:sacred,2,333.5,0.0012,1.71,XGBoost,14.3
txt:pay wedding,2,334.0,0.0021,0.88,XGBoost,14.3
txt:crux,2,334.5,0.0,3.92,XGBoost,14.3
txt:pay small,2,335.0,0.0026,2.09,XGBoost,14.3
txt:great history,2,335.5,0.0,1.05,XGBoost,14.3
txt:buffalo,2,336.0,0.0007,2.16,XGBoost,14.3
txt:destroy,2,336.0,0.0,3.52,XGBoost,14.3
txt:pine,2,337.5,0.0,2.4,XGBoost,14.3
txt:discover amex,2,338.5,0.0,3.25,XGBoost,14.3
txt:good samaritan,2,338.5,0.0,2.8,XGBoost,14.3
txt:fiscal,2,339.0,0.0,1.23,XGBoost,14.3
txt:debt organized,2,340.0,0.0,2.83,XGBoost,14.3
txt:month going,2,340.0,0.0,1.39,XGBoost,14.3
txt:needing,2,340.0,0.0024,0.93,XGBoost,14.3
txt:presented,2,340.0,0.0017,2.06,XGBoost,14.3
txt:guitar,2,340.5,0.0,2.49,XGBoost,14.3
txt:dunn,2,341.0,0.0,3.25,XGBoost,14.3
txt:catholic,2,342.5,0.0012,1.62,XGBoost,14.3
txt:burch,2,343.5,0.0006,6.93,XGBoost,14.3
txt:cashcall,2,345.0,0.0006,4.73,XGBoost,14.3
txt:goal oriented,2,345.0,0.0,1.72,XGBoost,14.3
txt:csa,2,345.5,0.0,4.66,XGBoost,14.3
txt:covenant aviation,2,346.0,0.0,6.58,XGBoost,14.3
txt:expense monthly,2,346.0,0.0,0.98,XGBoost,14.3
txt:consolidation vanguard,2,347.0,0.0,3.96,XGBoost,14.3
txt:family budget,2,347.0,0.0,1.95,XGBoost,14.3
txt:resort spa,2,347.0,0.0,2.38,XGBoost,14.3
txt:forward working,2,347.5,0.0,2.5,XGBoost,14.3
txt:foundry,2,348.5,0.0,2.82,XGBoost,14.3
txt:free financial,2,348.5,0.0,1.92,XGBoost,14.3
txt:freight line,2,348.5,0.0,3.04,XGBoost,14.3
txt:finally debt,2,352.0,0.0,2.06,XGBoost,14.3
txt:establishing,2,352.5,0.0,2.17,XGBoost,14.3
txt:fastest,2,353.5,0.0,2.0,XGBoost,14.3
txt:ran credit,2,354.0,0.0015,1.37,XGBoost,14.3
txt:eliminated,2,357.5,0.0,1.36,XGBoost,14.3
txt:physic,2,357.5,0.0,2.33,XGBoost,14.3
txt:exception home,2,359.0,0.0,1.96,XGBoost,14.3
txt:pink,2,359.5,0.0,2.27,XGBoost,14.3
txt:consolidation trump,2,360.0,0.0,7.61,XGBoost,14.3
txt:duck,2,360.0,0.0,2.1,XGBoost,14.3
txt:family business,2,361.0,0.0,1.33,XGBoost,14.3
txt:acre,2,361.5,0.0016,1.43,XGBoost,14.3
txt:double payment,2,361.5,0.0,1.94,XGBoost,14.3
txt:creditcardloan,2,362.0,0.0,4.03,XGBoost,14.3
txt:crane service,2,363.0,0.0,5.62,XGBoost,14.3
txt:extension,2,364.0,0.0,1.08,XGBoost,14.3
txt:aide,2,364.5,0.0012,2.07,XGBoost,14.3
txt:able help,2,365.5,0.0007,1.26,XGBoost,14.3
txt:debt grateful,2,366.5,0.0,3.38,XGBoost,14.3
txt:pay vacation,2,366.5,0.0,4.07,XGBoost,14.3
txt:machining,2,367.0,0.0,3.52,XGBoost,14.3
txt:consolidation temp,2,367.5,0.0,4.36,XGBoost,14.3
txt:credid,2,367.5,0.0,3.46,XGBoost,14.3
txt:debt consider,2,367.5,0.0,2.41,XGBoost,14.3
txt:opportunity financial,2,368.0,0.0017,3.14,XGBoost,14.3
txt:able continue,2,369.0,0.0012,2.4,XGBoost,14.3
txt:cracker barrel,2,370.0,0.0,3.23,XGBoost,14.3
txt:consolidation savannah,2,371.5,0.0,6.63,XGBoost,14.3
txt:consolidation porter,2,373.0,0.0,4.38,XGBoost,14.3
txt:consolidation seneca,2,374.5,0.0,4.33,XGBoost,14.3
txt:enrollment,2,374.5,0.0,2.61,XGBoost,14.3
txt:olean,2,377.0,0.0,6.14,XGBoost,14.3
txt:pay history,2,377.5,0.0008,2.43,XGBoost,14.3
txt:consolidation special,2,378.0,0.0,5.5,XGBoost,14.3
txt:consolidation rent,2,379.0,0.0,3.79,XGBoost,14.3
txt:consolidation summer,2,379.5,0.0,4.87,XGBoost,14.3
txt:pay number,2,379.5,0.0,3.37,XGBoost,14.3
txt:pay creditcards,2,380.0,0.0,4.89,XGBoost,14.3
txt:debt begin,2,381.0,0.0,1.21,XGBoost,14.3
txt:purchase university,2,381.0,0.0,2.62,XGBoost,14.3
txt:consolidation generation,2,381.5,0.0,5.31,XGBoost,14.3
txt:lsi,2,381.5,0.0,4.85,XGBoost,14.3
txt:consolidation hancock,2,383.0,0.0,4.28,XGBoost,14.3
txt:consolidation harley,2,384.0,0.0,4.04,XGBoost,14.3
txt:electric supply,2,384.0,0.0,2.38,XGBoost,14.3
txt:plan personal,2,384.0,0.0,2.59,XGBoost,14.3
txt:planning payoff,2,384.0,0.0,2.52,XGBoost,14.3
txt:consolidation omni,2,384.5,0.0,4.84,XGBoost,14.3
txt:consolidation start,2,384.5,0.0,3.52,XGBoost,14.3
txt:consolidation sra,2,385.5,0.0,3.93,XGBoost,14.3
txt:consolidation heart,2,386.0,0.0,5.58,XGBoost,14.3
txt:consolidation southwestern,2,386.5,0.0,3.92,XGBoost,14.3
txt:rent center,2,387.0,0.0,2.64,XGBoost,14.3
txt:ranger,2,387.5,0.0,1.72,XGBoost,14.3
txt:debt asap,2,388.5,0.0,1.42,XGBoost,14.3
txt:debt add,2,389.0,0.0,1.23,XGBoost,14.3
txt:consolidation laurel,2,390.5,0.0,5.73,XGBoost,14.3
txt:consolidation mattress,2,390.5,0.0,4.38,XGBoost,14.3
txt:paid ontime,2,390.5,0.0,1.79,XGBoost,14.3
txt:reason able,2,390.5,0.0,1.98,XGBoost,14.3
txt:consolidation pratt,2,391.0,0.0,4.76,XGBoost,14.3
txt:development company,2,391.0,0.0,1.4,XGBoost,14.3
txt:obligation current,2,391.5,0.0,3.33,XGBoost,14.3
txt:crowne plaza,2,392.5,0.0,3.79,XGBoost,14.3
txt:dedication,2,393.5,0.0,1.03,XGBoost,14.3
txt:metro north,2,394.0,0.0015,4.85,XGBoost,14.3
txt:nan,2,394.5,0.0017,1.08,XGBoost,14.3
txt:consolidation hallmark,2,395.0,0.0,3.18,XGBoost,14.3
txt:nephew,2,395.0,0.0,3.3,XGBoost,14.3
txt:new look,2,395.0,0.0,2.1,XGBoost,14.3
txt:rate fair,2,395.0,0.0,2.74,XGBoost,14.3
txt:consolidation moog,2,396.0,0.0,6.81,XGBoost,14.3
txt:debit late,2,396.5,0.0,2.29,XGBoost,14.3
txt:creditor credit,2,397.0,0.0,2.22,XGBoost,14.3
txt:consolidation infosys,2,397.5,0.0,4.1,XGBoost,14.3
txt:month compared,2,397.5,0.0,2.64,XGBoost,14.3
txt:debt consolidator,2,399.0,0.0,3.37,XGBoost,14.3
txt:consolidation peter,2,401.0,0.0,3.06,XGBoost,14.3
txt:consolidation astoria,2,402.5,0.0,4.36,XGBoost,14.3
txt:costco,2,403.0,0.0,1.88,XGBoost,14.3
txt:currently going,2,404.0,0.0,2.51,XGBoost,14.3
txt:coordinator,2,404.5,0.0,1.41,XGBoost,14.3
txt:consolidation class,2,405.0,0.0,10.47,XGBoost,14.3
txt:overwhelmed,2,405.0,0.0,1.92,XGBoost,14.3
txt:consolidation grace,2,405.5,0.0,3.97,XGBoost,14.3
txt:cook,2,405.5,0.0,2.47,XGBoost,14.3
txt:price range,2,405.5,0.0,2.35,XGBoost,14.3
txt:payment medical,2,407.0,0.0,1.71,XGBoost,14.3
txt:consolidation cracker,2,407.5,0.0,9.05,XGBoost,14.3
txt:consolidation eaton,2,408.5,0.0,3.55,XGBoost,14.3
txt:consolidation eye,2,410.5,0.0,4.44,XGBoost,14.3
txt:payment feel,2,411.0,0.0,1.37,XGBoost,14.3
txt:consolidation cbre,2,412.0,0.0,3.8,XGBoost,14.3
txt:year emergency,2,412.0,0.0,2.58,XGBoost,14.3
txt:utilizing money,2,412.5,0.0,3.27,XGBoost,14.3
txt:occur,2,413.0,0.0,1.13,XGBoost,14.3
txt:legion,2,414.0,0.0,7.12,XGBoost,14.3
txt:linen,2,414.0,0.0,2.97,XGBoost,14.3
txt:consolidation aim,2,415.5,0.0,4.52,XGBoost,14.3
txt:omni,2,415.5,0.0009,2.7,XGBoost,14.3
txt:payment creditor,2,415.5,0.0,1.05,XGBoost,14.3
txt:consolidation certified,2,416.5,0.0,3.11,XGBoost,14.3
txt:consolidation ferguson,2,416.5,0.0,4.67,XGBoost,14.3
txt:consolidation sport,2,416.5,0.0,2.54,XGBoost,14.3
txt:consolidation paid,2,418.0,0.0,1.76,XGBoost,14.3
txt:consolidation san,2,418.0,0.0,2.1,XGBoost,14.3
txt:company different,2,419.0,0.0,3.63,XGBoost,14.3
txt:consoladition,2,419.0,0.0,3.38,XGBoost,14.3
txt:consolidat debt,2,419.0,0.0,5.62,XGBoost,14.3
txt:oppurtunity,2,419.5,0.0,2.17,XGBoost,14.3
txt:requesting funding,2,419.5,0.0,2.16,XGBoost,14.3
txt:score goal,2,420.5,0.0,2.77,XGBoost,14.3
txt:confidential,2,421.5,0.0,2.97,XGBoost,14.3
txt:year god,2,422.0,0.0009,2.03,XGBoost,14.3
txt:improvment home,2,422.5,0.0,3.92,XGBoost,14.3
txt:instead monthly,2,422.5,0.0,4.66,XGBoost,14.3
txt:kenneth,2,422.5,0.0,3.74,XGBoost,14.3
txt:utilites,2,422.5,0.0,2.45,XGBoost,14.3
txt:medical tax,2,423.0,0.0,2.74,XGBoost,14.3
txt:year major,2,423.5,0.0,1.72,XGBoost,14.3
txt:consist,2,424.5,0.0,0.94,XGBoost,14.3
txt:waste management,2,425.0,0.0,2.92,XGBoost,14.3
txt:year feb,2,427.5,0.0,2.52,XGBoost,14.3
txt:city fort,2,428.5,0.0,2.91,XGBoost,14.3
txt:cobham,2,428.5,0.0,4.1,XGBoost,14.3
txt:mailer,2,428.5,0.0,4.83,XGBoost,14.3
txt:majestic,2,428.5,0.0,4.23,XGBoost,14.3
txt:walked,2,429.0,0.0,1.91,XGBoost,14.3
txt:personal use,2,429.5,0.0,1.36,XGBoost,14.3
txt:combustion,2,430.0,0.0,10.91,XGBoost,14.3
txt:consolidation citizen,2,430.5,0.0,2.12,XGBoost,14.3
txt:pay capital,2,431.5,0.0,2.69,XGBoost,14.3
txt:parish school,2,432.0,0.0,2.19,XGBoost,14.3
txt:past mistake,2,432.0,0.0,2.17,XGBoost,14.3
txt:consolidation child,2,433.0,0.0,4.24,XGBoost,14.3
txt:company long,2,434.0,0.0,1.52,XGBoost,14.3
txt:marino,2,434.0,0.0,5.02,XGBoost,14.3
txt:casting,2,434.5,0.0,2.52,XGBoost,14.3
txt:city police,2,436.5,0.0,1.55,XGBoost,14.3
txt:lotus,2,436.5,0.0,3.61,XGBoost,14.3
txt:tire service,2,436.5,0.0,4.5,XGBoost,14.3
txt:ccc,2,437.0,0.0,2.37,XGBoost,14.3
txt:perform,2,437.5,0.0,1.36,XGBoost,14.3
txt:samaritan,2,437.5,0.0,2.8,XGBoost,14.3
txt:school consolidate,2,438.0,0.0,1.83,XGBoost,14.3
txt:college help,2,439.0,0.0,1.03,XGBoost,14.3
txt:career year,2,440.0,0.0,1.0,XGBoost,14.3
txt:climb,2,440.5,0.0,2.03,XGBoost,14.3
txt:linden,2,441.0,0.0,4.2,XGBoost,14.3
txt:work got,2,441.5,0.0,2.78,XGBoost,14.3
txt:philippine,2,443.0,0.0,1.52,XGBoost,14.3
txt:mckesson medical,2,443.5,0.0,4.04,XGBoost,14.3
txt:cent store,2,444.0,0.0,7.31,XGBoost,14.3
txt:rest debt,2,444.5,0.0,2.18,XGBoost,14.3
txt:cfbisd,2,445.5,0.0,3.73,XGBoost,14.3
txt:card look,2,446.0,0.0,2.2,XGBoost,14.3
txt:physician,2,446.5,0.0,0.85,XGBoost,14.3
txt:cash thing,2,447.0,0.0,2.18,XGBoost,14.3
txt:card food,2,448.0,0.0,3.3,XGBoost,14.3
txt:card peace,2,449.0,0.0,3.5,XGBoost,14.3
txt:chesapeake,2,449.0,0.0,2.77,XGBoost,14.3
txt:callaway golf,2,450.0,0.0,8.17,XGBoost,14.3
txt:computer service,2,450.0,0.0,2.02,XGBoost,14.3
txt:microchip,2,450.5,0.0,4.37,XGBoost,14.3
txt:programmer,2,450.5,0.0,1.21,XGBoost,14.3
txt:personal international,2,451.0,0.0,3.77,XGBoost,14.3
txt:looking fix,2,451.5,0.0,3.73,XGBoost,14.3
txt:category,2,452.0,0.0,1.63,XGBoost,14.3
txt:phelan,2,452.0,0.0,6.01,XGBoost,14.3
txt:payoff verizon,2,453.5,0.0,4.76,XGBoost,14.3
txt:pizzeria,2,453.5,0.0,5.15,XGBoost,14.3
txt:carriage house,2,454.0,0.0,3.86,XGBoost,14.3
txt:closer work,2,454.0,0.0,2.15,XGBoost,14.3
txt:laurel,2,454.0,0.0,4.83,XGBoost,14.3
txt:workforce,2,454.5,0.0,2.22,XGBoost,14.3
txt:carrying debt,2,455.0,0.0,2.09,XGBoost,14.3
txt:buy year,2,455.5,0.0,2.97,XGBoost,14.3
txt:ray,2,455.5,0.0,1.86,XGBoost,14.3
txt:really year,2,456.5,0.0,1.51,XGBoost,14.3
txt:personal better,2,459.0,0.0,2.87,XGBoost,14.3
txt:buisness,2,459.5,0.0,3.01,XGBoost,14.3
txt:card allied,2,460.0,0.0,2.11,XGBoost,14.3
txt:caremark,2,460.0,0.0,2.52,XGBoost,14.3
txt:business line,2,460.5,0.0,2.81,XGBoost,14.3
txt:card moving,2,461.0,0.0,2.59,XGBoost,14.3
txt:lubricant,2,461.0,0.0,4.75,XGBoost,14.3
txt:business future,2,461.5,0.0,6.65,XGBoost,14.3
txt:car refinance,2,461.5,0.0,1.5,XGBoost,14.3
txt:machine llc,2,462.0,0.0,3.92,XGBoost,14.3
txt:card foot,2,463.5,0.0,3.42,XGBoost,14.3
txt:newell,2,464.0,0.0,2.38,XGBoost,14.3
txt:buffet,2,464.5,0.0,3.84,XGBoost,14.3
txt:boro,2,465.0,0.0,4.1,XGBoost,14.3
txt:card walmart,2,465.5,0.0,4.39,XGBoost,14.3
txt:life medical,2,466.0,0.0,3.19,XGBoost,14.3
txt:mgt,2,466.5,0.0,3.48,XGBoost,14.3
txt:norwalk,2,466.5,0.0,2.11,XGBoost,14.3
txt:panther,2,467.0,0.0,2.7,XGBoost,14.3
txt:year payoff,2,467.0,0.0,1.58,XGBoost,14.3
txt:builder,2,467.5,0.0,2.5,XGBoost,14.3
txt:bubba,2,468.0,0.0,3.87,XGBoost,14.3
txt:california state,2,469.0,0.0,1.73,XGBoost,14.3
txt:branch manager,2,470.0,0.0,1.23,XGBoost,14.3
txt:capital visa,2,470.0,0.0,1.84,XGBoost,14.3
txt:car getting,2,470.0,0.0,2.07,XGBoost,14.3
txt:relocation expense,2,470.0,0.0,1.59,XGBoost,14.3
txt:cape cod,2,470.5,0.0,1.82,XGBoost,14.3
txt:nursing service,2,471.0,0.0,1.98,XGBoost,14.3
txt:required debt,2,471.5,0.0,2.85,XGBoost,14.3
txt:ymca,2,472.0,0.0,1.63,XGBoost,14.3
txt:personal help,2,473.0,0.0,2.88,XGBoost,14.3
txt:red,2,473.0,0.0,1.21,XGBoost,14.3
txt:save paid,2,473.0,0.0,2.09,XGBoost,14.3
txt:bus line,2,473.5,0.0,6.7,XGBoost,14.3
txt:williams,2,474.0,0.0,1.24,XGBoost,14.3
txt:pay apply,2,474.5,0.0,3.15,XGBoost,14.3
txt:shared service,2,474.5,0.0,2.59,XGBoost,14.3
txt:biils,2,476.0,0.0,4.32,XGBoost,14.3
txt:ruining,2,476.0,0.0,2.07,XGBoost,14.3
txt:sensor,2,476.0,0.0,3.34,XGBoost,14.3
txt:stopped,2,476.0,0.0,1.29,XGBoost,14.3
txt:cancelled debt,2,476.5,0.0,2.85,XGBoost,14.3
txt:strategic,2,476.5,0.0,1.15,XGBoost,14.3
txt:cabrini hospital,2,477.0,0.0,4.4,XGBoost,14.3
txt:request funded,2,477.5,0.0,1.35,XGBoost,14.3
txt:boy girl,2,478.0,0.0,1.97,XGBoost,14.3
txt:upstairs,2,479.0,0.0,1.28,XGBoost,14.3
txt:behavioral,2,482.0,0.0,2.29,XGBoost,14.3
txt:benihana,2,482.5,0.0,3.81,XGBoost,14.3
txt:union job,2,483.0,0.0,1.95,XGBoost,14.3
txt:bidding,2,484.0,0.0,1.03,XGBoost,14.3
txt:stable problem,2,484.5,0.0,1.54,XGBoost,14.3
txt:best wish,2,485.0,0.0,2.9,XGBoost,14.3
txt:baystate health,2,486.5,0.0,4.45,XGBoost,14.3
txt:belong,2,486.5,0.0,1.14,XGBoost,14.3
txt:better future,2,486.5,0.0,1.89,XGBoost,14.3
txt:use consolidation,2,487.0,0.0,3.39,XGBoost,14.3
txt:roll,2,487.5,0.0,1.79,XGBoost,14.3
txt:visa balance,2,488.5,0.0,1.72,XGBoost,14.3
txt:brevard county,2,489.0,0.0,3.88,XGBoost,14.3
txt:planning consolidate,2,490.0,0.0,2.15,XGBoost,14.3
txt:arena,2,490.5,0.0,2.53,XGBoost,14.3
txt:mta nyct,2,490.5,0.0,6.67,XGBoost,14.3
txt:shaw group,2,490.5,0.0,2.17,XGBoost,14.3
txt:break,2,491.5,0.0,2.17,XGBoost,14.3
txt:army debt,2,493.5,0.0,2.74,XGBoost,14.3
txt:audio,2,494.0,0.0,2.14,XGBoost,14.3
txt:baseball,2,494.0,0.0,2.79,XGBoost,14.3
txt:nco financial,2,494.0,0.0,4.51,XGBoost,14.3
txt:account close,2,495.0,0.0,1.5,XGBoost,14.3
txt:pay house,2,495.0,0.0,1.47,XGBoost,14.3
txt:reade,2,495.5,0.0,3.97,XGBoost,14.3
txt:repair family,2,495.5,0.0,1.38,XGBoost,14.3
txt:receive help,2,497.0,0.0,3.92,XGBoost,14.3
txt:aircraft,2,497.5,0.0,1.52,XGBoost,14.3
txt:repayment history,2,497.5,0.0,1.2,XGBoost,14.3
txt:amy,2,498.0,0.0,1.31,XGBoost,14.3
txt:redondo,2,499.5,0.0,3.95,XGBoost,14.3
txt:appreciate investing,2,500.0,0.0,2.14,XGBoost,14.3
txt:arbor,2,500.0,0.0,2.72,XGBoost,14.3
txt:pain,2,501.5,0.0,1.48,XGBoost,14.3
txt:monthly utility,2,502.0,0.0,1.97,XGBoost,14.3
txt:staffing,2,502.0,0.0,1.15,XGBoost,14.3
txt:amp line,2,503.0,0.0,2.68,XGBoost,14.3
txt:ala,2,503.5,0.0,4.29,XGBoost,14.3
txt:monthly cheaper,2,503.5,0.0,5.89,XGBoost,14.3
txt:alcoa fastening,2,504.5,0.0,7.09,XGBoost,14.3
txt:sum debt,2,504.5,0.0,4.99,XGBoost,14.3
txt:ambulance service,2,507.0,0.0,2.8,XGBoost,14.3
txt:multiple high,2,507.0,0.0,2.69,XGBoost,14.3
txt:pay sears,2,507.0,0.0,3.84,XGBoost,14.3
txt:spot,2,508.0,0.0,1.7,XGBoost,14.3
txt:assistance advance,2,510.0,0.0,5.33,XGBoost,14.3
txt:stony brook,2,510.5,0.0,3.91,XGBoost,14.3
txt:pristine,2,511.5,0.0,4.4,XGBoost,14.3
txt:pastry,2,512.0,0.0,4.21,XGBoost,14.3
txt:able investor,2,513.0,0.0,2.83,XGBoost,14.3
txt:paybills,2,513.0,0.0,4.9,XGBoost,14.3
txt:needed debt,2,513.5,0.0,2.36,XGBoost,14.3
txt:terrace,2,513.5,0.0,2.65,XGBoost,14.3
txt:accumalated,2,516.0,0.0,1.86,XGBoost,14.3
txt:alpha,2,516.0,0.0,2.87,XGBoost,14.3
txt:trident,2,516.0,0.0,4.81,XGBoost,14.3
txt:rug,2,518.5,0.0,4.3,XGBoost,14.3
txt:transportion,2,520.5,0.0,3.08,XGBoost,14.3
txt:new heating,2,521.0,0.0,1.44,XGBoost,14.3
txt:unwanted,2,524.5,0.0,2.94,XGBoost,14.3
txt:refinancing washington,2,527.5,0.0,3.83,XGBoost,14.3
txt:situation debt,2,528.0,0.0,2.87,XGBoost,14.3
txt:able breath,2,529.0,0.0,3.99,XGBoost,14.3
txt:sate,2,529.0,0.0,6.32,XGBoost,14.3
txt:shelter,2,529.0,0.0,1.6,XGBoost,14.3
txt:new place,2,530.5,0.0,1.63,XGBoost,14.3
txt:responsive,2,530.5,0.0,5.08,XGBoost,14.3
txt:scana,2,531.0,0.0,5.14,XGBoost,14.3
txt:net worth,2,531.5,0.0,1.35,XGBoost,14.3
txt:richemont,2,538.5,0.0,4.11,XGBoost,14.3
txt:putting new,2,541.0,0.0,3.13,XGBoost,14.3
txt:stryker,2,541.0,0.0,2.93,XGBoost,14.3
txt:personal fargo,2,541.5,0.0,2.86,XGBoost,14.3
txt:renting home,2,544.0,0.0,4.59,XGBoost,14.3
txt:payoff macys,2,544.5,0.0,2.86,XGBoost,14.3
txt:year know,2,544.5,0.0,1.36,XGBoost,14.3
txt:seterus,2,548.5,0.0,7.84,XGBoost,14.3
txt:rehabilitation hospital,2,549.5,0.0,4.49,XGBoost,14.3
txt:shepherd,2,550.5,0.0,4.48,XGBoost,14.3
txt:preservation,2,551.5,0.0,3.1,XGBoost,14.3
txt:survive,2,553.0,0.0,1.51,XGBoost,14.3
txt:platinum card,2,557.0,0.0,2.83,XGBoost,14.3
txt:repair personal,2,560.5,0.0,2.93,XGBoost,14.3
txt:room consolidation,2,561.0,0.0,3.24,XGBoost,14.3
txt:simpler payment,2,563.5,0.0,6.15,XGBoost,14.3
txt:union bank,2,564.0,0.0,2.31,XGBoost,14.3
txt:sch,2,565.0,0.0,4.33,XGBoost,14.3
txt:truckload,2,570.0,0.0,6.75,XGBoost,14.3
txt:report payment,2,574.5,0.0,4.01,XGBoost,14.3
txt:solver,2,579.5,0.0,6.76,XGBoost,14.3
txt:sorta,2,581.0,0.0,4.02,XGBoost,14.3
txt:thankful help,2,581.5,0.0,2.63,XGBoost,14.3
txt:sponsor,2,583.0,0.0,3.87,XGBoost,14.3
txt:talent,2,585.0,0.0,3.35,XGBoost,14.3
txt:stay hotel,2,590.0,0.0,5.36,XGBoost,14.3
txt:untill,2,591.5,0.0,2.24,XGBoost,14.3
txt:stillwater,2,592.0,0.0,4.62,XGBoost,14.3
txt:using lower,2,594.0,0.0,1.64,XGBoost,14.3
txt:usmc,2,594.0,0.0,2.11,XGBoost,14.3
txt:terminix,2,594.5,0.0,6.13,XGBoost,14.3
txt:murray,2,597.5,0.0,2.84,XGBoost,14.3
txt:simi,2,599.0,0.0,3.76,XGBoost,14.3
txt:spotlight,2,600.0,0.0,4.68,XGBoost,14.3
txt:year union,2,611.5,0.0,2.14,XGBoost,14.3
txt:way home,2,612.5,0.0,3.02,XGBoost,14.3
txt:wildwood,2,615.0,0.0,7.13,XGBoost,14.3
txt:working law,2,617.5,0.0,2.43,XGBoost,14.3
txt:solving,2,618.0,0.0,3.14,XGBoost,14.3
txt:strongly,1,7.0,0.0063,0.96,XGBoost,7.1
txt:card balance,1,14.0,0.006,0.71,XGBoost,7.1
txt:tax,1,17.0,0.0058,1.17,XGBoost,7.1
txt:thing,1,23.0,0.0055,0.92,XGBoost,7.1
txt:learned,1,26.0,0.0055,0.7,XGBoost,7.1
txt:martin,1,28.0,0.0053,2.93,XGBoost,7.1
txt:federal government,1,32.0,0.0047,3.67,XGBoost,7.1
txt:job year,1,33.0,0.0053,0.89,XGBoost,7.1
txt:moving,1,34.0,0.0054,1.1,XGBoost,7.1
txt:score,1,37.0,0.0053,0.74,XGBoost,7.1
txt:ease,1,38.0,0.0055,2.43,XGBoost,7.1
txt:driver,1,39.0,0.0039,5.57,XGBoost,7.1
txt:home,1,39.0,0.0053,1.14,XGBoost,7.1
txt:use help,1,40.0,0.0054,2.93,XGBoost,7.1
txt:debt payoff,1,41.0,0.0054,1.65,XGBoost,7.1
txt:apr year,1,42.0,0.0051,1.74,XGBoost,7.1
txt:associate,1,42.0,0.0051,1.19,XGBoost,7.1
txt:capital,1,45.0,0.005,1.33,XGBoost,7.1
txt:forward,1,46.0,0.0052,0.69,XGBoost,7.1
txt:accident,1,47.0,0.005,1.11,XGBoost,7.1
txt:software,1,48.0,0.0037,7.71,XGBoost,7.1
txt:pay smaller,1,49.0,0.0049,1.64,XGBoost,7.1
txt:metro,1,50.0,0.0049,2.09,XGBoost,7.1
txt:new company,1,51.0,0.0051,1.54,XGBoost,7.1
txt:assistance,1,52.0,0.0051,0.95,XGBoost,7.1
txt:engineer,1,53.0,0.0036,8.94,XGBoost,7.1
txt:office,1,54.0,0.0049,1.11,XGBoost,7.1
txt:getting better,1,55.0,0.0051,1.78,XGBoost,7.1
txt:forest,1,56.0,0.0041,3.32,XGBoost,7.1
txt:money used,1,57.0,0.005,1.67,XGBoost,7.1
txt:control,1,59.0,0.0049,0.73,XGBoost,7.1
txt:having payment,1,59.0,0.0048,2.28,XGBoost,7.1
txt:really,1,60.0,0.0048,1.4,XGBoost,7.1
txt:dream,1,61.0,0.0048,0.72,XGBoost,7.1
txt:planning using,1,62.0,0.0048,2.59,XGBoost,7.1
txt:wonderful,1,62.0,0.0048,1.07,XGBoost,7.1
txt:helpful,1,63.0,0.0047,1.91,XGBoost,7.1
txt:mart,1,66.0,0.0048,1.76,XGBoost,7.1
txt:credit checked,1,67.0,0.0047,1.95,XGBoost,7.1
txt:gift,1,67.0,0.0047,1.14,XGBoost,7.1
txt:faster,1,70.0,0.0043,2.73,XGBoost,7.1
txt:nov,1,70.0,0.0046,1.62,XGBoost,7.1
txt:electronics,1,71.0,0.0046,3.11,XGBoost,7.1
txt:fully funded,1,71.0,0.0047,1.52,XGBoost,7.1
txt:prince,1,72.0,0.0042,2.83,XGBoost,7.1
txt:purchasing,1,72.0,0.0047,0.73,XGBoost,7.1
txt:visit,1,72.0,0.0048,1.62,XGBoost,7.1
txt:communication,1,73.0,0.0045,2.33,XGBoost,7.1
txt:working company,1,73.0,0.0047,1.48,XGBoost,7.1
txt:institute,1,76.0,0.0047,1.69,XGBoost,7.1
txt:summer,1,76.0,0.0046,1.27,XGBoost,7.1
txt:department,1,77.0,0.0046,0.85,XGBoost,7.1
txt:horizon,1,77.0,0.0044,2.59,XGBoost,7.1
txt:help debt,1,79.0,0.0044,1.46,XGBoost,7.1
txt:roof,1,79.0,0.0045,2.42,XGBoost,7.1
txt:timely manner,1,79.0,0.0046,0.74,XGBoost,7.1
txt:idea,1,80.0,0.0046,0.75,XGBoost,7.1
txt:architect,1,82.0,0.0033,7.68,XGBoost,7.1
txt:home debt,1,82.0,0.0045,2.73,XGBoost,7.1
txt:healthcare,1,83.0,0.0045,1.05,XGBoost,7.1
txt:somewhat,1,83.0,0.0045,1.24,XGBoost,7.1
txt:laborer,1,84.0,0.0032,13.85,XGBoost,7.1
txt:montgomery,1,85.0,0.0037,3.34,XGBoost,7.1
txt:available,1,86.0,0.0045,0.91,XGBoost,7.1
txt:seeking refinance,1,86.0,0.0044,1.71,XGBoost,7.1
txt:concept,1,88.0,0.0043,1.7,XGBoost,7.1
txt:fiance,1,88.0,0.0045,0.76,XGBoost,7.1
txt:bigger,1,89.0,0.0043,1.55,XGBoost,7.1
txt:debt monthly,1,90.0,0.0045,2.1,XGBoost,7.1
txt:fund plan,1,90.0,0.0043,1.26,XGBoost,7.1
txt:young college,1,90.0,0.0044,2.32,XGBoost,7.1
txt:america,1,92.0,0.0044,1.08,XGBoost,7.1
txt:rate consolidation,1,93.0,0.0041,2.57,XGBoost,7.1
txt:network,1,94.0,0.0042,1.19,XGBoost,7.1
txt:international,1,95.0,0.0043,0.96,XGBoost,7.1
txt:coming,1,98.0,0.0043,0.85,XGBoost,7.1
txt:sandy,1,98.0,0.0041,3.31,XGBoost,7.1
txt:microsoft,1,99.0,0.0043,2.84,XGBoost,7.1
txt:craft,1,101.0,0.0034,3.7,XGBoost,7.1
txt:requested pay,1,101.0,0.0042,1.7,XGBoost,7.1
txt:card feel,1,102.0,0.0043,1.51,XGBoost,7.1
txt:greatful,1,103.0,0.0034,4.19,XGBoost,7.1
txt:long history,1,103.0,0.0043,1.08,XGBoost,7.1
txt:california,1,104.0,0.0042,1.33,XGBoost,7.1
txt:revolving debt,1,106.0,0.0042,0.72,XGBoost,7.1
txt:talking,1,107.0,0.0041,1.49,XGBoost,7.1
txt:card missed,1,108.0,0.0041,0.96,XGBoost,7.1
txt:target,1,108.0,0.0041,1.85,XGBoost,7.1
txt:local,1,109.0,0.0041,1.09,XGBoost,7.1
txt:giving,1,110.0,0.0041,0.82,XGBoost,7.1
txt:pay rent,1,111.0,0.0042,2.13,XGBoost,7.1
txt:copy,1,112.0,0.0042,1.41,XGBoost,7.1
txt:internet,1,112.0,0.0041,1.0,XGBoost,7.1
txt:expansion,1,113.0,0.0041,2.95,XGBoost,7.1
txt:payoff,1,113.0,0.0042,1.2,XGBoost,7.1
txt:improvement,1,114.0,0.0041,0.96,XGBoost,7.1
txt:consolidation home,1,118.0,0.0033,3.34,XGBoost,7.1
txt:mom,1,118.0,0.0041,1.74,XGBoost,7.1
txt:new home,1,119.0,0.0041,0.93,XGBoost,7.1
txt:credit bank,1,120.0,0.0039,2.67,XGBoost,7.1
txt:high rate,1,122.0,0.0029,3.98,XGBoost,7.1
txt:improvement debt,1,122.0,0.0031,3.39,XGBoost,7.1
txt:wedding new,1,122.0,0.004,0.75,XGBoost,7.1
txt:patch,1,124.0,0.0039,1.92,XGBoost,7.1
txt:city county,1,125.0,0.0033,3.27,XGBoost,7.1
txt:porch,1,126.0,0.004,1.31,XGBoost,7.1
txt:senior,1,126.0,0.0033,3.72,XGBoost,7.1
txt:payment soon,1,128.0,0.0038,2.0,XGBoost,7.1
txt:credit payoff,1,130.0,0.0038,2.69,XGBoost,7.1
txt:work job,1,130.0,0.0039,1.66,XGBoost,7.1
txt:moment,1,131.0,0.0039,0.89,XGBoost,7.1
txt:superior,1,133.0,0.0039,1.29,XGBoost,7.1
txt:invested,1,134.0,0.0039,0.72,XGBoost,7.1
txt:visa card,1,134.0,0.0039,1.57,XGBoost,7.1
txt:berkeley,1,135.0,0.0032,3.58,XGBoost,7.1
txt:macys,1,137.0,0.0038,1.17,XGBoost,7.1
txt:director,1,138.0,0.0028,5.53,XGBoost,7.1
txt:deb,1,139.0,0.0037,1.74,XGBoost,7.1
txt:mold,1,139.0,0.0038,0.82,XGBoost,7.1
txt:chrysler jeep,1,140.0,0.0036,2.65,XGBoost,7.1
txt:september,1,140.0,0.0038,1.18,XGBoost,7.1
txt:dental work,1,141.0,0.0038,2.25,XGBoost,7.1
txt:custodian,1,142.0,0.0027,9.17,XGBoost,7.1
txt:cumberland,1,144.0,0.0037,2.05,XGBoost,7.1
txt:soon possible,1,144.0,0.0037,0.8,XGBoost,7.1
txt:sky,1,145.0,0.0037,2.14,XGBoost,7.1
txt:going,1,146.0,0.0037,0.68,XGBoost,7.1
txt:consolidation higher,1,148.0,0.0035,3.82,XGBoost,7.1
txt:credit account,1,148.0,0.0037,0.72,XGBoost,7.1
txt:university health,1,148.0,0.0035,2.42,XGBoost,7.1
txt:work place,1,148.0,0.0038,1.63,XGBoost,7.1
txt:documentation,1,151.0,0.0037,1.18,XGBoost,7.1
txt:geico,1,151.0,0.0038,2.67,XGBoost,7.1
txt:paid month,1,151.0,0.0037,1.34,XGBoost,7.1
txt:card wife,1,153.0,0.0037,0.79,XGBoost,7.1
txt:moving relocation,1,153.0,0.0031,2.92,XGBoost,7.1
txt:hotel,1,154.0,0.0036,0.89,XGBoost,7.1
txt:worry,1,156.0,0.0036,1.09,XGBoost,7.1
txt:money bank,1,157.0,0.0037,0.9,XGBoost,7.1
txt:organic,1,157.0,0.0036,2.24,XGBoost,7.1
txt:deduction,1,158.0,0.0036,1.18,XGBoost,7.1
txt:homeland,1,158.0,0.0036,1.26,XGBoost,7.1
txt:attorney,1,159.0,0.0036,0.93,XGBoost,7.1
txt:auto,1,160.0,0.0036,0.81,XGBoost,7.1
txt:wanting consolidate,1,160.0,0.0036,3.08,XGBoost,7.1
txt:office coordinator,1,161.0,0.0026,7.89,XGBoost,7.1
txt:monterey,1,163.0,0.0035,4.49,XGBoost,7.1
txt:colorado,1,165.0,0.0035,1.52,XGBoost,7.1
txt:home repair,1,165.0,0.0035,2.63,XGBoost,7.1
txt:pay late,1,165.0,0.0036,0.93,XGBoost,7.1
txt:borrow pay,1,168.0,0.0033,1.9,XGBoost,7.1
txt:intent use,1,168.0,0.0036,1.59,XGBoost,7.1
txt:branch,1,169.0,0.0035,0.84,XGBoost,7.1
txt:card forever,1,170.0,0.0035,2.08,XGBoost,7.1
txt:phone cable,1,170.0,0.0035,1.06,XGBoost,7.1
txt:rehab,1,171.0,0.0035,1.9,XGBoost,7.1
txt:gate,1,172.0,0.0034,3.02,XGBoost,7.1
txt:closed year,1,174.0,0.0034,2.47,XGBoost,7.1
txt:door,1,176.0,0.0035,1.59,XGBoost,7.1
txt:little work,1,176.0,0.0033,1.49,XGBoost,7.1
txt:charles,1,177.0,0.0035,2.18,XGBoost,7.1
txt:everett,1,177.0,0.0034,2.69,XGBoost,7.1
txt:exciting,1,178.0,0.0035,0.91,XGBoost,7.1
txt:consolidation director,1,179.0,0.0025,3.66,XGBoost,7.1
txt:harley,1,181.0,0.0034,0.96,XGBoost,7.1
txt:nicer,1,181.0,0.003,2.9,XGBoost,7.1
txt:backed,1,183.0,0.0033,2.06,XGBoost,7.1
txt:candidate stable,1,183.0,0.0032,2.02,XGBoost,7.1
txt:integrated,1,183.0,0.0033,1.36,XGBoost,7.1
txt:lamar,1,183.0,0.0024,3.84,XGBoost,7.1
txt:stable debt,1,184.0,0.0033,1.8,XGBoost,7.1
txt:year refi,1,185.0,0.0032,2.19,XGBoost,7.1
txt:card misc,1,186.0,0.0029,2.87,XGBoost,7.1
txt:air force,1,188.0,0.0032,1.41,XGBoost,7.1
txt:financial burden,1,188.0,0.0033,1.66,XGBoost,7.1
txt:credit missed,1,189.0,0.0032,0.72,XGBoost,7.1
txt:card refinancing,1,192.0,0.0026,3.58,XGBoost,7.1
txt:charleston,1,192.0,0.0032,1.57,XGBoost,7.1
txt:daniel,1,193.0,0.0026,3.64,XGBoost,7.1
txt:financial life,1,194.0,0.003,2.04,XGBoost,7.1
txt:payment late,1,194.0,0.0032,1.0,XGBoost,7.1
txt:refinance high,1,194.0,0.0031,0.82,XGBoost,7.1
txt:advance funding,1,195.0,0.0032,1.85,XGBoost,7.1
txt:process moving,1,195.0,0.003,1.53,XGBoost,7.1
txt:comcast,1,196.0,0.0032,1.41,XGBoost,7.1
txt:pay quicker,1,197.0,0.0032,1.67,XGBoost,7.1
txt:situation good,1,199.0,0.003,0.93,XGBoost,7.1
txt:tuition cost,1,200.0,0.0024,3.18,XGBoost,7.1
txt:goal pay,1,201.0,0.003,0.74,XGBoost,7.1
txt:mark,1,201.0,0.0026,2.33,XGBoost,7.1
txt:food,1,202.0,0.002,4.08,XGBoost,7.1
txt:pay current,1,203.0,0.003,0.9,XGBoost,7.1
txt:repayment record,1,203.0,0.0026,2.07,XGBoost,7.1
txt:help consolidating,1,207.0,0.0021,3.33,XGBoost,7.1
txt:hard worker,1,208.0,0.0024,2.23,XGBoost,7.1
txt:tenure,1,208.0,0.0029,2.52,XGBoost,7.1
txt:simple,1,210.0,0.003,1.09,XGBoost,7.1
txt:size,1,210.0,0.0028,1.52,XGBoost,7.1
txt:refinance new,1,211.0,0.0022,2.22,XGBoost,7.1
txt:depts,1,212.0,0.0019,1.93,XGBoost,7.1
txt:cleaning,1,214.0,0.0027,1.03,XGBoost,7.1
txt:flavor,1,214.0,0.0018,2.39,XGBoost,7.1
txt:sushi,1,216.0,0.0016,2.75,XGBoost,7.1
txt:account past,1,217.0,0.002,2.1,XGBoost,7.1
txt:ccloan,1,217.0,0.002,3.9,XGBoost,7.1
txt:enable,1,217.0,0.0026,0.76,XGBoost,7.1
txt:alpine,1,219.0,0.0022,1.38,XGBoost,7.1
txt:able use,1,220.0,0.0023,1.59,XGBoost,7.1
txt:coal,1,220.0,0.001,3.71,XGBoost,7.1
txt:resource,1,220.0,0.0025,0.83,XGBoost,7.1
txt:wedding dress,1,221.0,0.0018,2.14,XGBoost,7.1
txt:card owe,1,222.0,0.0021,1.09,XGBoost,7.1
txt:combined income,1,222.0,0.0023,1.73,XGBoost,7.1
txt:financial group,1,224.0,0.0024,0.79,XGBoost,7.1
txt:menards,1,227.0,0.0,2.02,XGBoost,7.1
txt:worker stable,1,227.0,0.0,1.86,XGBoost,7.1
txt:jacob,1,228.0,0.0,4.1,XGBoost,7.1
txt:null pay,1,228.0,0.0,1.59,XGBoost,7.1
txt:year consolidated,1,228.0,0.0,2.04,XGBoost,7.1
txt:campus,1,229.0,0.0017,1.28,XGBoost,7.1
txt:enterprise,1,229.0,0.0018,0.84,XGBoost,7.1
txt:mama,1,229.0,0.0,3.02,XGBoost,7.1
txt:wardrobe,1,229.0,0.0,2.94,XGBoost,7.1
txt:able payment,1,230.0,0.0017,0.8,XGBoost,7.1
txt:maintaining good,1,230.0,0.0,2.65,XGBoost,7.1
txt:monthly year,1,231.0,0.0,1.23,XGBoost,7.1
txt:office year,1,231.0,0.0,2.14,XGBoost,7.1
txt:relocation moving,1,231.0,0.0,3.13,XGBoost,7.1
txt:kai,1,232.0,0.0,6.23,XGBoost,7.1
txt:paid consolidate,1,233.0,0.0,2.11,XGBoost,7.1
txt:keiser university,1,234.0,0.0,5.88,XGBoost,7.1
txt:wisconsin,1,234.0,0.0,1.16,XGBoost,7.1
txt:month getting,1,235.0,0.0,1.37,XGBoost,7.1
txt:moving forward,1,235.0,0.0,1.35,XGBoost,7.1
txt:pay secure,1,235.0,0.0,2.08,XGBoost,7.1
txt:money money,1,236.0,0.0,2.36,XGBoost,7.1
txt:weren,1,236.0,0.0,0.96,XGBoost,7.1
txt:hope buy,1,237.0,0.0,3.52,XGBoost,7.1
txt:montage,1,237.0,0.0,3.08,XGBoost,7.1
txt:lacy,1,238.0,0.0,5.08,XGBoost,7.1
txt:paid hope,1,238.0,0.0,1.42,XGBoost,7.1
txt:homeimprov,1,239.0,0.0,12.19,XGBoost,7.1
txt:levy,1,239.0,0.0,3.98,XGBoost,7.1
txt:loa,1,239.0,0.0,4.56,XGBoost,7.1
txt:homemaker,1,240.0,0.0,11.05,XGBoost,7.1
txt:medline industry,1,240.0,0.0,4.32,XGBoost,7.1
txt:money owed,1,240.0,0.0,1.3,XGBoost,7.1
txt:money payment,1,240.0,0.0,1.29,XGBoost,7.1
txt:medline,1,241.0,0.0,3.78,XGBoost,7.1
txt:wamu,1,241.0,0.0,0.96,XGBoost,7.1
txt:legal issue,1,242.0,0.0,2.74,XGBoost,7.1
txt:money available,1,242.0,0.0,0.83,XGBoost,7.1
txt:old college,1,242.0,0.0,0.89,XGBoost,7.1
txt:ordered,1,242.0,0.0,1.35,XGBoost,7.1
txt:viewing request,1,242.0,0.0,1.74,XGBoost,7.1
txt:importer,1,243.0,0.0,4.02,XGBoost,7.1
txt:little minimum,1,243.0,0.0,2.72,XGBoost,7.1
txt:new gutter,1,243.0,0.0,3.03,XGBoost,7.1
txt:miller,1,244.0,0.0,1.42,XGBoost,7.1
txt:opportunity pay,1,244.0,0.0,1.43,XGBoost,7.1
txt:improvement macys,1,245.0,0.0,3.52,XGBoost,7.1
txt:mantech,1,245.0,0.0,2.07,XGBoost,7.1
txt:mechanic,1,245.0,0.0,1.01,XGBoost,7.1
txt:michigan,1,245.0,0.0,1.1,XGBoost,7.1
txt:housing expense,1,246.0,0.0,2.78,XGBoost,7.1
txt:interval,1,246.0,0.0,3.61,XGBoost,7.1
txt:max,1,246.0,0.0,1.66,XGBoost,7.1
txt:monterey county,1,247.0,0.0,3.4,XGBoost,7.1
txt:payment truly,1,247.0,0.0,1.82,XGBoost,7.1
txt:making difficult,1,248.0,0.0,1.28,XGBoost,7.1
txt:month based,1,248.0,0.0,1.59,XGBoost,7.1
txt:job question,1,249.0,0.0,1.92,XGBoost,7.1
txt:medical personal,1,249.0,0.0,1.58,XGBoost,7.1
txt:metro area,1,249.0,0.0,1.3,XGBoost,7.1
txt:investigative,1,250.0,0.0,5.47,XGBoost,7.1
txt:maintain good,1,250.0,0.0,1.26,XGBoost,7.1
txt:ipg,1,251.0,0.0,4.88,XGBoost,7.1
txt:kaiser hospital,1,251.0,0.0,4.54,XGBoost,7.1
txt:madison square,1,251.0,0.0,1.95,XGBoost,7.1
txt:pepper,1,251.0,0.0,4.38,XGBoost,7.1
txt:mayo clinic,1,252.0,0.0,2.09,XGBoost,7.1
txt:money spend,1,252.0,0.0,0.95,XGBoost,7.1
txt:harlem,1,253.0,0.0,5.14,XGBoost,7.1
txt:management year,1,253.0,0.0,1.72,XGBoost,7.1
txt:mayo,1,253.0,0.0,2.68,XGBoost,7.1
txt:mckesson corp,1,253.0,0.0,3.54,XGBoost,7.1
txt:help resolve,1,254.0,0.0,4.13,XGBoost,7.1
txt:matt,1,254.0,0.0,1.44,XGBoost,7.1
txt:mattress firm,1,254.0,0.0,3.42,XGBoost,7.1
txt:modern,1,254.0,0.0,0.95,XGBoost,7.1
txt:help special,1,255.0,0.0,4.78,XGBoost,7.1
txt:mobile,1,255.0,0.0,0.98,XGBoost,7.1
txt:petco,1,255.0,0.0,2.05,XGBoost,7.1
txt:hep,1,256.0,0.0,4.52,XGBoost,7.1
txt:lewis,1,256.0,0.0,0.75,XGBoost,7.1
txt:instead small,1,257.0,0.0,2.59,XGBoost,7.1
txt:landing,1,257.0,0.0,4.02,XGBoost,7.1
txt:lesson learned,1,257.0,0.0,0.79,XGBoost,7.1
txt:military year,1,257.0,0.0,1.81,XGBoost,7.1
txt:lender help,1,258.0,0.0,1.18,XGBoost,7.1
txt:lenscrafters,1,258.0,0.0,4.8,XGBoost,7.1
txt:macdonald,1,259.0,0.0,4.33,XGBoost,7.1
txt:plan putting,1,259.0,0.0,2.22,XGBoost,7.1
txt:gkn,1,260.0,0.0,3.8,XGBoost,7.1
txt:keeping payment,1,260.0,0.0,2.54,XGBoost,7.1
txt:home verizon,1,261.0,0.0,4.49,XGBoost,7.1
txt:know pay,1,261.0,0.0,0.9,XGBoost,7.1
txt:hopefully help,1,264.0,0.0,2.1,XGBoost,7.1
txt:improvement florida,1,264.0,0.0,2.79,XGBoost,7.1
txt:knock,1,264.0,0.0,0.96,XGBoost,7.1
txt:life change,1,264.0,0.0,2.27,XGBoost,7.1
txt:global logistics,1,265.0,0.0,4.19,XGBoost,7.1
txt:lady,1,265.0,0.0,3.09,XGBoost,7.1
txt:ice,1,266.0,0.0,3.02,XGBoost,7.1
txt:kaiser,1,266.0,0.0,0.71,XGBoost,7.1
txt:maquet,1,266.0,0.0,2.45,XGBoost,7.1
txt:oswego,1,266.0,0.0,3.07,XGBoost,7.1
txt:ibm corp,1,267.0,0.0,2.79,XGBoost,7.1
txt:joy,1,267.0,0.0,0.93,XGBoost,7.1
txt:lasalle,1,267.0,0.0,2.73,XGBoost,7.1
txt:payment multiple,1,267.0,0.0,1.2,XGBoost,7.1
txt:hca,1,268.0,0.0,3.27,XGBoost,7.1
txt:invest great,1,268.0,0.0,2.31,XGBoost,7.1
txt:job right,1,268.0,0.0,0.83,XGBoost,7.1
txt:glidewell,1,269.0,0.0,4.66,XGBoost,7.1
txt:harbour,1,269.0,0.0,3.16,XGBoost,7.1
txt:paying tax,1,269.0,0.0,2.29,XGBoost,7.1
txt:godaddy,1,270.0,0.0,7.46,XGBoost,7.1
txt:job health,1,270.0,0.0,1.17,XGBoost,7.1
txt:nyct,1,270.0,0.0,3.22,XGBoost,7.1
txt:payment hopefully,1,270.0,0.0,0.94,XGBoost,7.1
txt:gojo,1,271.0,0.0,6.65,XGBoost,7.1
txt:guardsmark llc,1,271.0,0.0,3.9,XGBoost,7.1
txt:ibew,1,271.0,0.0,2.41,XGBoost,7.1
txt:int rate,1,271.0,0.0,2.26,XGBoost,7.1
txt:jewel,1,271.0,0.0,1.15,XGBoost,7.1
txt:gorman,1,272.0,0.0,3.93,XGBoost,7.1
txt:island,1,272.0,0.0,1.36,XGBoost,7.1
txt:kmart,1,272.0,0.0,1.78,XGBoost,7.1
txt:gyn,1,273.0,0.0,2.85,XGBoost,7.1
txt:humanity,1,273.0,0.0,2.77,XGBoost,7.1
txt:home daughter,1,274.0,0.0,2.78,XGBoost,7.1
txt:investor question,1,274.0,0.0,1.52,XGBoost,7.1
txt:looking funding,1,274.0,0.0,1.55,XGBoost,7.1
txt:hanover regional,1,275.0,0.0,3.38,XGBoost,7.1
txt:looking investor,1,275.0,0.0,1.68,XGBoost,7.1
txt:paying earlier,1,275.0,0.0,1.08,XGBoost,7.1
txt:footwear,1,276.0,0.0,3.15,XGBoost,7.1
txt:investor helping,1,277.0,0.0,4.17,XGBoost,7.1
txt:facility manager,1,278.0,0.0,3.72,XGBoost,7.1
txt:intention pay,1,278.0,0.0,0.71,XGBoost,7.1
txt:investor future,1,278.0,0.0,1.46,XGBoost,7.1
txt:lpl financial,1,278.0,0.0,1.67,XGBoost,7.1
txt:investor funding,1,279.0,0.0,1.41,XGBoost,7.1
txt:help personal,1,280.0,0.0,3.4,XGBoost,7.1
txt:insurance phone,1,280.0,0.0,0.87,XGBoost,7.1
txt:insurance credit,1,281.0,0.0,1.13,XGBoost,7.1
txt:fitter,1,282.0,0.0,8.4,XGBoost,7.1
txt:hawkeye,1,282.0,0.0,3.13,XGBoost,7.1
txt:roto rooter,1,282.0,0.0,2.48,XGBoost,7.1
txt:finisher,1,283.0,0.0,4.0,XGBoost,7.1
txt:industrial,1,283.0,0.0,0.71,XGBoost,7.1
txt:lender funded,1,283.0,0.0,1.33,XGBoost,7.1
txt:roto,1,283.0,0.0,2.48,XGBoost,7.1
txt:investers,1,284.0,0.0,1.81,XGBoost,7.1
txt:iam,1,285.0,0.0,0.74,XGBoost,7.1
txt:required credit,1,285.0,0.0,2.67,XGBoost,7.1
txt:free supervisor,1,286.0,0.0,4.73,XGBoost,7.1
txt:logan,1,286.0,0.0,1.05,XGBoost,7.1
txt:snapple,1,286.0,0.0,2.98,XGBoost,7.1
txt:forward question,1,287.0,0.0,3.2,XGBoost,7.1
txt:hood,1,287.0,0.0,1.93,XGBoost,7.1
txt:human resource,1,287.0,0.0,0.91,XGBoost,7.1
txt:flow personal,1,288.0,0.0,3.88,XGBoost,7.1
txt:payment early,1,288.0,0.0,1.63,XGBoost,7.1
txt:genuine,1,289.0,0.0,3.68,XGBoost,7.1
txt:honest,1,289.0,0.0,0.93,XGBoost,7.1
txt:home value,1,290.0,0.0,0.92,XGBoost,7.1
txt:financial order,1,291.0,0.0,3.25,XGBoost,7.1
txt:gardner,1,291.0,0.0,3.62,XGBoost,7.1
txt:help financial,1,291.0,0.0,2.58,XGBoost,7.1
txt:high good,1,291.0,0.0,3.54,XGBoost,7.1
txt:home remodel,1,291.0,0.0,0.92,XGBoost,7.1
txt:job solid,1,291.0,0.0,1.36,XGBoost,7.1
txt:funding business,1,292.0,0.0,3.6,XGBoost,7.1
txt:help house,1,292.0,0.0,2.77,XGBoost,7.1
txt:home mortgage,1,292.0,0.0,1.32,XGBoost,7.1
txt:include new,1,292.0,0.0,1.13,XGBoost,7.1
txt:home home,1,293.0,0.0,1.31,XGBoost,7.1
txt:improvement kitchen,1,293.0,0.0,1.77,XGBoost,7.1
txt:history paying,1,294.0,0.0,0.78,XGBoost,7.1
txt:forever debt,1,295.0,0.0,3.12,XGBoost,7.1
txt:large debt,1,295.0,0.0,1.01,XGBoost,7.1
txt:dollar store,1,296.0,0.0,3.02,XGBoost,7.1
txt:field service,1,296.0,0.0,2.32,XGBoost,7.1
txt:laboratory,1,296.0,0.0,1.22,XGBoost,7.1
txt:pay seperate,1,296.0,0.0,4.71,XGBoost,7.1
txt:geo group,1,297.0,0.0,3.34,XGBoost,7.1
txt:help really,1,297.0,0.0,0.97,XGBoost,7.1
txt:kpmg,1,297.0,0.0,0.95,XGBoost,7.1
txt:fix kitchen,1,298.0,0.0,2.92,XGBoost,7.1
txt:inspector,1,298.0,0.0,1.53,XGBoost,7.1
txt:requested debt,1,298.0,0.0,2.38,XGBoost,7.1
txt:dupage,1,299.0,0.0,4.37,XGBoost,7.1
txt:dyer,1,300.0,0.0,3.88,XGBoost,7.1
txt:editor,1,301.0,0.0,4.31,XGBoost,7.1
txt:equipment major,1,301.0,0.0,3.45,XGBoost,7.1
txt:faster start,1,301.0,0.0,5.21,XGBoost,7.1
txt:gaf,1,301.0,0.0,3.04,XGBoost,7.1
txt:help promise,1,301.0,0.0,1.28,XGBoost,7.1
txt:karen,1,301.0,0.0,2.39,XGBoost,7.1
txt:fastenal,1,302.0,0.0,2.98,XGBoost,7.1
txt:great lake,1,302.0,0.0,2.57,XGBoost,7.1
txt:help monthly,1,302.0,0.0,1.14,XGBoost,7.1
txt:med center,1,302.0,0.0,3.0,XGBoost,7.1
txt:prestige,1,302.0,0.0,1.86,XGBoost,7.1
txt:guard,1,303.0,0.0,2.22,XGBoost,7.1
txt:grocery,1,304.0,0.0,0.95,XGBoost,7.1
txt:protect credit,1,304.0,0.0,2.36,XGBoost,7.1
txt:insurance agent,1,305.0,0.0,1.29,XGBoost,7.1
txt:help good,1,306.0,0.0,1.12,XGBoost,7.1
txt:instead currently,1,306.0,0.0,1.42,XGBoost,7.1
txt:issue paying,1,306.0,0.0,1.1,XGBoost,7.1
txt:month dept,1,306.0,0.0,2.79,XGBoost,7.1
txt:gratitude,1,307.0,0.0,0.74,XGBoost,7.1
txt:debt joseph,1,308.0,0.0,4.46,XGBoost,7.1
txt:half debt,1,308.0,0.0,2.05,XGBoost,7.1
txt:help looking,1,308.0,0.0,1.06,XGBoost,7.1
txt:money friend,1,308.0,0.0,2.71,XGBoost,7.1
txt:grandmother,1,309.0,0.0,1.49,XGBoost,7.1
txt:help job,1,309.0,0.0,0.94,XGBoost,7.1
txt:debt payer,1,310.0,0.0,5.7,XGBoost,7.1
txt:debt rose,1,310.0,0.0,3.18,XGBoost,7.1
txt:harbor freight,1,310.0,0.0,3.04,XGBoost,7.1
txt:heart attack,1,310.0,0.0,1.14,XGBoost,7.1
txt:high quality,1,310.0,0.0,1.91,XGBoost,7.1
txt:income secure,1,310.0,0.0,1.26,XGBoost,7.1
txt:harrahs,1,312.0,0.0,2.15,XGBoost,7.1
txt:gannett,1,313.0,0.0,1.96,XGBoost,7.1
txt:intrest rate,1,313.0,0.0,0.94,XGBoost,7.1
txt:service agency,1,313.0,0.0,3.09,XGBoost,7.1
txt:fear valley,1,314.0,0.0,5.37,XGBoost,7.1
txt:getting life,1,314.0,0.0,2.66,XGBoost,7.1
txt:medical expences,1,314.0,0.0,2.74,XGBoost,7.1
txt:dept pay,1,315.0,0.0,3.3,XGBoost,7.1
txt:elimination high,1,315.0,0.0,2.54,XGBoost,7.1
txt:fcps,1,315.0,0.0,4.12,XGBoost,7.1
txt:getting thing,1,315.0,0.0,2.27,XGBoost,7.1
txt:halfway,1,315.0,0.0,1.64,XGBoost,7.1
txt:dental debt,1,316.0,0.0,4.43,XGBoost,7.1
txt:expense department,1,316.0,0.0,3.98,XGBoost,7.1
txt:houston,1,316.0,0.0,1.3,XGBoost,7.1
txt:desperate,1,317.0,0.0,4.46,XGBoost,7.1
txt:house repair,1,317.0,0.0,2.01,XGBoost,7.1
txt:destroy debt,1,319.0,0.0,4.05,XGBoost,7.1
txt:funeral expense,1,319.0,0.0,1.15,XGBoost,7.1
txt:hopeful,1,319.0,0.0,2.04,XGBoost,7.1
txt:dough,1,320.0,0.0,6.4,XGBoost,7.1
txt:free personal,1,320.0,0.0,4.05,XGBoost,7.1
txt:homeland security,1,320.0,0.0,1.26,XGBoost,7.1
txt:indian,1,320.0,0.0,1.45,XGBoost,7.1
txt:driller,1,321.0,0.0,3.92,XGBoost,7.1
txt:fund needed,1,321.0,0.0,1.16,XGBoost,7.1
txt:darling,1,322.0,0.0,5.3,XGBoost,7.1
txt:fund debt,1,322.0,0.0,1.07,XGBoost,7.1
txt:year lived,1,322.0,0.0,1.38,XGBoost,7.1
txt:fund buy,1,323.0,0.0,1.31,XGBoost,7.1
txt:income house,1,323.0,0.0,1.15,XGBoost,7.1
txt:lease life,1,323.0,0.0,4.82,XGBoost,7.1
txt:year increased,1,323.0,0.0,1.15,XGBoost,7.1
txt:davis county,1,324.0,0.0,5.55,XGBoost,7.1
txt:education corporation,1,324.0,0.0,3.19,XGBoost,7.1
txt:heb,1,324.0,0.0,2.89,XGBoost,7.1
txt:fully,1,325.0,0.0,0.82,XGBoost,7.1
txt:growth debt,1,325.0,0.0,2.88,XGBoost,7.1
txt:harris teeter,1,325.0,0.0,2.16,XGBoost,7.1
txt:debt admin,1,326.0,0.0,4.78,XGBoost,7.1
txt:knight frank,1,326.0,0.0,3.52,XGBoost,7.1
txt:payment week,1,326.0,0.0,0.98,XGBoost,7.1
txt:requesting fund,1,326.0,0.0,1.86,XGBoost,7.1
txt:year manager,1,326.0,0.0,1.75,XGBoost,7.1
txt:cummings,1,327.0,0.0,3.39,XGBoost,7.1
txt:debt area,1,327.0,0.0,6.14,XGBoost,7.1
txt:freeing,1,327.0,0.0,1.12,XGBoost,7.1
txt:paying easy,1,327.0,0.0,3.37,XGBoost,7.1
txt:payment repay,1,327.0,0.0,0.94,XGBoost,7.1
txt:presbyterian,1,327.0,0.0,1.95,XGBoost,7.1
txt:damaging,1,328.0,0.0,3.78,XGBoost,7.1
txt:debt combining,1,328.0,0.0,3.74,XGBoost,7.1
txt:dmc,1,328.0,0.0,3.38,XGBoost,7.1
txt:fairchild,1,328.0,0.0,2.37,XGBoost,7.1
txt:forward life,1,328.0,0.0,0.71,XGBoost,7.1
txt:recycling,1,328.0,0.0,2.59,XGBoost,7.1
txt:desperately trying,1,329.0,0.0,2.68,XGBoost,7.1
txt:force,1,330.0,0.0,1.05,XGBoost,7.1
txt:person job,1,330.0,0.0,2.21,XGBoost,7.1
txt:debit consolidation,1,331.0,0.0,4.08,XGBoost,7.1
txt:dental pay,1,331.0,0.0,2.61,XGBoost,7.1
txt:year add,1,331.0,0.0,1.9,XGBoost,7.1
txt:flight,1,332.0,0.0,0.74,XGBoost,7.1
txt:pay city,1,332.0,0.0,3.3,XGBoost,7.1
txt:peak,1,332.0,0.0,1.74,XGBoost,7.1
txt:debt fixer,1,333.0,0.0,4.62,XGBoost,7.1
txt:express discover,1,333.0,0.0,2.32,XGBoost,7.1
txt:fitness,1,333.0,0.0,0.73,XGBoost,7.1
txt:dennis,1,334.0,0.0,2.74,XGBoost,7.1
txt:payoff debt,1,334.0,0.0,1.52,XGBoost,7.1
txt:fine,1,335.0,0.0,1.04,XGBoost,7.1
txt:dept credit,1,336.0,0.0,3.29,XGBoost,7.1
txt:help payoff,1,336.0,0.0,1.14,XGBoost,7.1
txt:dept cosolidation,1,337.0,0.0,4.17,XGBoost,7.1
txt:fifth,1,337.0,0.0,0.78,XGBoost,7.1
txt:worker looking,1,337.0,0.0,3.55,XGBoost,7.1
txt:worldwide,1,337.0,0.0,1.1,XGBoost,7.1
txt:correction officer,1,338.0,0.0,4.95,XGBoost,7.1
txt:year consolidate,1,338.0,0.0,0.84,XGBoost,7.1
txt:county human,1,339.0,0.0,3.88,XGBoost,7.1
txt:family help,1,340.0,0.0,1.1,XGBoost,7.1
txt:greene,1,341.0,0.0,3.74,XGBoost,7.1
txt:head start,1,341.0,0.0,2.24,XGBoost,7.1
txt:pers,1,341.0,0.0,6.56,XGBoost,7.1
txt:debt helper,1,342.0,0.0,3.2,XGBoost,7.1
txt:extremely stable,1,342.0,0.0,0.69,XGBoost,7.1
txt:fedex freight,1,342.0,0.0,2.09,XGBoost,7.1
txt:free money,1,342.0,0.0,1.22,XGBoost,7.1
txt:pepper snapple,1,342.0,0.0,2.98,XGBoost,7.1
txt:final year,1,343.0,0.0,2.0,XGBoost,7.1
txt:growing business,1,343.0,0.0,1.64,XGBoost,7.1
txt:employer looking,1,344.0,0.0,2.15,XGBoost,7.1
txt:finance home,1,344.0,0.0,2.68,XGBoost,7.1
txt:payment result,1,344.0,0.0,2.43,XGBoost,7.1
txt:expense include,1,345.0,0.0,0.8,XGBoost,7.1
txt:financial corp,1,345.0,0.0,4.02,XGBoost,7.1
txt:half paid,1,345.0,0.0,1.29,XGBoost,7.1
txt:help daughter,1,345.0,0.0,1.27,XGBoost,7.1
txt:help accomplish,1,346.0,0.0,1.75,XGBoost,7.1
txt:year taking,1,346.0,0.0,1.06,XGBoost,7.1
txt:consolidation swiss,1,347.0,0.0,3.77,XGBoost,7.1
txt:payment charge,1,347.0,0.0,2.38,XGBoost,7.1
txt:horton,1,348.0,0.0,3.07,XGBoost,7.1
txt:coty,1,349.0,0.0,3.43,XGBoost,7.1
txt:establishing credit,1,351.0,0.0,1.43,XGBoost,7.1
txt:different day,1,352.0,0.0,2.36,XGBoost,7.1
txt:financial crisis,1,352.0,0.0,1.66,XGBoost,7.1
txt:credit moving,1,354.0,0.0,3.3,XGBoost,7.1
txt:funded able,1,354.0,0.0,1.57,XGBoost,7.1
txt:personel,1,354.0,0.0,1.71,XGBoost,7.1
txt:washington university,1,354.0,0.0,0.78,XGBoost,7.1
txt:dependable job,1,355.0,0.0,2.03,XGBoost,7.1
txt:new bed,1,355.0,0.0,2.45,XGBoost,7.1
txt:diligently paying,1,356.0,0.0,2.42,XGBoost,7.1
txt:driven,1,356.0,0.0,0.77,XGBoost,7.1
txt:fund allow,1,356.0,0.0,1.58,XGBoost,7.1
txt:page group,1,356.0,0.0,3.17,XGBoost,7.1
txt:environment,1,357.0,0.0,0.9,XGBoost,7.1
txt:finish house,1,357.0,0.0,1.96,XGBoost,7.1
txt:nanny,1,357.0,0.0,2.74,XGBoost,7.1
txt:wedding date,1,358.0,0.0,1.11,XGBoost,7.1
txt:consuladation,1,359.0,0.0,4.13,XGBoost,7.1
txt:debt army,1,359.0,0.0,3.62,XGBoost,7.1
txt:ending,1,359.0,0.0,1.29,XGBoost,7.1
txt:mta bus,1,359.0,0.0,3.56,XGBoost,7.1
txt:contracting officer,1,360.0,0.0,3.73,XGBoost,7.1
txt:dog,1,360.0,0.0,0.91,XGBoost,7.1
txt:dunkin,1,360.0,0.0,4.65,XGBoost,7.1
txt:fusion,1,360.0,0.0,1.8,XGBoost,7.1
txt:consolidation nursing,1,361.0,0.0,6.84,XGBoost,7.1
txt:dayton,1,361.0,0.0,3.78,XGBoost,7.1
txt:fund small,1,361.0,0.0,1.84,XGBoost,7.1
txt:doing home,1,362.0,0.0,2.01,XGBoost,7.1
txt:dying,1,362.0,0.0,1.32,XGBoost,7.1
txt:village,1,362.0,0.0,0.69,XGBoost,7.1
txt:medium size,1,363.0,0.0,3.98,XGBoost,7.1
txt:consolidation postal,1,364.0,0.0,4.28,XGBoost,7.1
txt:cowboy,1,364.0,0.0,2.79,XGBoost,7.1
txt:dairy queen,1,364.0,0.0,3.62,XGBoost,7.1
txt:division,1,364.0,0.0,1.22,XGBoost,7.1
txt:easier help,1,364.0,0.0,2.04,XGBoost,7.1
txt:mfa,1,364.0,0.0,3.32,XGBoost,7.1
txt:fresno,1,365.0,0.0,1.92,XGBoost,7.1
txt:having pay,1,365.0,0.0,0.99,XGBoost,7.1
txt:rebuild credit,1,365.0,0.0,2.49,XGBoost,7.1
txt:version,1,365.0,0.0,0.76,XGBoost,7.1
txt:consolidation rose,1,366.0,0.0,3.99,XGBoost,7.1
txt:disease,1,366.0,0.0,1.08,XGBoost,7.1
txt:consolitdation,1,367.0,0.0,3.06,XGBoost,7.1
txt:removing,1,367.0,0.0,2.48,XGBoost,7.1
txt:const,1,368.0,0.0,3.71,XGBoost,7.1
txt:dept correction,1,368.0,0.0,1.39,XGBoost,7.1
txt:going paying,1,368.0,0.0,0.9,XGBoost,7.1
txt:palace,1,368.0,0.0,3.36,XGBoost,7.1
txt:reorganization,1,368.0,0.0,2.29,XGBoost,7.1
txt:consolidation volvo,1,369.0,0.0,3.04,XGBoost,7.1
txt:debt fargo,1,369.0,0.0,2.15,XGBoost,7.1
txt:verizon wireless,1,369.0,0.0,0.78,XGBoost,7.1
txt:debt federal,1,370.0,0.0,2.02,XGBoost,7.1
txt:valley,1,370.0,0.0,0.69,XGBoost,7.1
txt:consolidation natural,1,371.0,0.0,3.17,XGBoost,7.1
txt:consolidation viacom,1,371.0,0.0,2.74,XGBoost,7.1
txt:consolidation village,1,371.0,0.0,3.07,XGBoost,7.1
txt:deductible,1,371.0,0.0,0.82,XGBoost,7.1
txt:excellent employment,1,371.0,0.0,1.83,XGBoost,7.1
txt:present job,1,372.0,0.0,1.31,XGBoost,7.1
txt:cut high,1,373.0,0.0,2.31,XGBoost,7.1
txt:expense unexpected,1,373.0,0.0,1.54,XGBoost,7.1
txt:cuisine,1,374.0,0.0,2.82,XGBoost,7.1
txt:plant,1,375.0,0.0,1.56,XGBoost,7.1
txt:consolidation signature,1,376.0,0.0,2.62,XGBoost,7.1
txt:debt cosolidation,1,377.0,0.0,1.08,XGBoost,7.1
txt:debt paying,1,377.0,0.0,0.69,XGBoost,7.1
txt:consolidation ross,1,378.0,0.0,4.17,XGBoost,7.1
txt:express chase,1,378.0,0.0,1.81,XGBoost,7.1
txt:contruction,1,379.0,0.0,3.37,XGBoost,7.1
txt:debt consol,1,379.0,0.0,1.17,XGBoost,7.1
txt:expense didn,1,379.0,0.0,1.71,XGBoost,7.1
txt:processing,1,379.0,0.0,1.18,XGBoost,7.1
txt:universal,1,379.0,0.0,1.0,XGBoost,7.1
txt:unable pay,1,380.0,0.0,0.8,XGBoost,7.1
txt:ent,1,382.0,0.0,1.95,XGBoost,7.1
txt:debt scheduled,1,383.0,0.0,2.89,XGBoost,7.1
txt:easier manage,1,383.0,0.0,1.64,XGBoost,7.1
txt:dear,1,384.0,0.0,1.11,XGBoost,7.1
txt:debt obtain,1,384.0,0.0,2.57,XGBoost,7.1
txt:consolidation line,1,385.0,0.0,11.05,XGBoost,7.1
txt:day fund,1,385.0,0.0,1.19,XGBoost,7.1
txt:dealer,1,385.0,0.0,1.35,XGBoost,7.1
txt:eaton,1,385.0,0.0,2.08,XGBoost,7.1
txt:eliminate higher,1,385.0,0.0,1.74,XGBoost,7.1
txt:consolidation machine,1,386.0,0.0,11.36,XGBoost,7.1
txt:nursery,1,386.0,0.0,1.87,XGBoost,7.1
txt:truth,1,386.0,0.0,0.76,XGBoost,7.1
txt:consolidation consolidated,1,387.0,0.0,3.63,XGBoost,7.1
txt:dave,1,387.0,0.0,1.12,XGBoost,7.1
txt:excess,1,387.0,0.0,1.19,XGBoost,7.1
txt:upmc,1,387.0,0.0,1.76,XGBoost,7.1
txt:consolidation commerce,1,388.0,0.0,4.68,XGBoost,7.1
txt:county dept,1,388.0,0.0,2.32,XGBoost,7.1
txt:daughter college,1,388.0,0.0,1.85,XGBoost,7.1
txt:obtain lower,1,388.0,0.0,1.91,XGBoost,7.1
txt:debt simple,1,389.0,0.0,1.18,XGBoost,7.1
txt:consolidation mission,1,391.0,0.0,2.74,XGBoost,7.1
txt:consolidation night,1,391.0,0.0,4.42,XGBoost,7.1
txt:dept store,1,391.0,0.0,2.73,XGBoost,7.1
txt:consolidate lowes,1,392.0,0.0,10.91,XGBoost,7.1
txt:consolidation midwest,1,392.0,0.0,2.65,XGBoost,7.1
txt:credit risk,1,392.0,0.0,1.12,XGBoost,7.1
txt:custom,1,392.0,0.0,0.95,XGBoost,7.1
txt:debt little,1,392.0,0.0,1.16,XGBoost,7.1
txt:discrepancy,1,393.0,0.0,1.32,XGBoost,7.1
txt:consolidation king,1,394.0,0.0,2.59,XGBoost,7.1
txt:debt consolidate,1,394.0,0.0,1.48,XGBoost,7.1
txt:underwriter,1,394.0,0.0,1.18,XGBoost,7.1
txt:creek,1,395.0,0.0,0.72,XGBoost,7.1
txt:consolidation cashier,1,396.0,0.0,9.76,XGBoost,7.1
txt:couple week,1,396.0,0.0,1.56,XGBoost,7.1
txt:credit review,1,396.0,0.0,0.93,XGBoost,7.1
txt:consolidation catalina,1,397.0,0.0,5.43,XGBoost,7.1
txt:consolidation inova,1,397.0,0.0,3.2,XGBoost,7.1
txt:consolidation saint,1,397.0,0.0,3.42,XGBoost,7.1
txt:consolidation christopher,1,398.0,0.0,4.99,XGBoost,7.1
txt:consolidation master,1,398.0,0.0,4.55,XGBoost,7.1
txt:credit debt,1,398.0,0.0,0.84,XGBoost,7.1
txt:consolidation cnc,1,400.0,0.0,6.43,XGBoost,7.1
txt:debt consoladation,1,401.0,0.0,1.81,XGBoost,7.1
txt:total year,1,401.0,0.0,1.18,XGBoost,7.1
txt:consolidation hilton,1,402.0,0.0,2.57,XGBoost,7.1
txt:consolidation naval,1,402.0,0.0,2.82,XGBoost,7.1
txt:consolidaton,1,402.0,0.0,2.44,XGBoost,7.1
txt:cover medical,1,402.0,0.0,2.76,XGBoost,7.1
txt:debt starting,1,402.0,0.0,3.63,XGBoost,7.1
txt:rate fee,1,402.0,0.0,0.9,XGBoost,7.1
txt:receive social,1,402.0,0.0,1.3,XGBoost,7.1
txt:consiladate,1,403.0,0.0,4.2,XGBoost,7.1
txt:consolidation dairy,1,403.0,0.0,3.78,XGBoost,7.1
txt:consolidation fund,1,403.0,0.0,2.42,XGBoost,7.1
txt:story pay,1,403.0,0.0,2.27,XGBoost,7.1
txt:condolidation,1,404.0,0.0,4.1,XGBoost,7.1
txt:consolidation niagara,1,404.0,0.0,4.53,XGBoost,7.1
txt:year supporting,1,404.0,0.0,2.54,XGBoost,7.1
txt:consolidation great,1,405.0,0.0,1.59,XGBoost,7.1
txt:consolidation henry,1,405.0,0.0,3.81,XGBoost,7.1
txt:consolidation floor,1,406.0,0.0,3.94,XGBoost,7.1
txt:consolidation royal,1,406.0,0.0,3.38,XGBoost,7.1
txt:consolidatiom,1,407.0,0.0,4.4,XGBoost,7.1
txt:rough patch,1,407.0,0.0,1.92,XGBoost,7.1
txt:consolidation verizon,1,408.0,0.0,1.04,XGBoost,7.1
txt:contracted,1,408.0,0.0,0.96,XGBoost,7.1
txt:payment consilidation,1,408.0,0.0,4.78,XGBoost,7.1
txt:railway,1,408.0,0.0,1.35,XGBoost,7.1
txt:start anew,1,408.0,0.0,2.41,XGBoost,7.1
txt:consolidation aep,1,409.0,0.0,3.7,XGBoost,7.1
txt:consolidation garden,1,409.0,0.0,2.62,XGBoost,7.1
txt:consolidation jewish,1,409.0,0.0,3.92,XGBoost,7.1
txt:consolidation microsoft,1,409.0,0.0,3.78,XGBoost,7.1
txt:consolidation purpose,1,409.0,0.0,0.77,XGBoost,7.1
txt:consolidation builder,1,410.0,0.0,3.46,XGBoost,7.1
txt:consolidation medco,1,410.0,0.0,2.36,XGBoost,7.1
txt:payment overwhelming,1,410.0,0.0,4.77,XGBoost,7.1
txt:consoliation,1,411.0,0.0,1.25,XGBoost,7.1
txt:consolidate home,1,411.0,0.0,0.82,XGBoost,7.1
txt:consolidation frito,1,411.0,0.0,2.71,XGBoost,7.1
txt:payoff nurse,1,411.0,0.0,7.33,XGBoost,7.1
txt:responsable,1,411.0,0.0,3.05,XGBoost,7.1
txt:consolidation collier,1,412.0,0.0,3.26,XGBoost,7.1
txt:consolidation kohl,1,412.0,0.0,2.96,XGBoost,7.1
txt:consolidation eastern,1,413.0,0.0,2.95,XGBoost,7.1
txt:connection,1,414.0,0.0,1.08,XGBoost,7.1
txt:consolidation employment,1,414.0,0.0,4.63,XGBoost,7.1
txt:consolidation institute,1,414.0,0.0,2.83,XGBoost,7.1
txt:year layoff,1,414.0,0.0,3.77,XGBoost,7.1
txt:consoildation,1,415.0,0.0,2.07,XGBoost,7.1
txt:consolidate charge,1,415.0,0.0,6.0,XGBoost,7.1
txt:consolidation engineer,1,415.0,0.0,4.49,XGBoost,7.1
txt:concrete,1,416.0,0.0,1.29,XGBoost,7.1
txt:consolidation card,1,416.0,0.0,3.13,XGBoost,7.1
txt:day payment,1,416.0,0.0,1.78,XGBoost,7.1
txt:decreasing,1,416.0,0.0,0.97,XGBoost,7.1
txt:tired,1,416.0,0.0,0.74,XGBoost,7.1
txt:piazza,1,417.0,0.0,3.77,XGBoost,7.1
txt:community hospice,1,418.0,0.0,2.87,XGBoost,7.1
txt:cost home,1,418.0,0.0,1.33,XGBoost,7.1
txt:consolidation coast,1,419.0,0.0,1.93,XGBoost,7.1
txt:tax credit,1,419.0,0.0,0.98,XGBoost,7.1
txt:combine payment,1,420.0,0.0,2.94,XGBoost,7.1
txt:consolidation aaa,1,420.0,0.0,3.27,XGBoost,7.1
txt:consolidation golden,1,421.0,0.0,1.97,XGBoost,7.1
txt:pay individual,1,421.0,0.0,1.19,XGBoost,7.1
txt:cnc,1,422.0,0.0,3.49,XGBoost,7.1
txt:city cleveland,1,423.0,0.0,3.74,XGBoost,7.1
txt:clean harbor,1,423.0,0.0,3.09,XGBoost,7.1
txt:pay attorney,1,423.0,0.0,1.5,XGBoost,7.1
txt:city transit,1,424.0,0.0,0.88,XGBoost,7.1
txt:consoldiation,1,424.0,0.0,3.37,XGBoost,7.1
txt:regency,1,424.0,0.0,2.33,XGBoost,7.1
txt:paid short,1,425.0,0.0,1.91,XGBoost,7.1
txt:suggestion,1,425.0,0.0,1.14,XGBoost,7.1
txt:childrens,1,426.0,0.0,1.59,XGBoost,7.1
txt:cigna,1,426.0,0.0,3.27,XGBoost,7.1
txt:coaching,1,426.0,0.0,1.18,XGBoost,7.1
txt:comptroller,1,426.0,0.0,2.83,XGBoost,7.1
txt:consolidation bell,1,426.0,0.0,4.87,XGBoost,7.1
txt:paramount,1,426.0,0.0,3.14,XGBoost,7.1
txt:chemical,1,427.0,0.0,2.44,XGBoost,7.1
txt:collier county,1,427.0,0.0,4.22,XGBoost,7.1
txt:northgate,1,427.0,0.0,3.53,XGBoost,7.1
txt:city charlotte,1,428.0,0.0,3.6,XGBoost,7.1
txt:paid expense,1,428.0,0.0,1.13,XGBoost,7.1
txt:succeed,1,428.0,0.0,1.01,XGBoost,7.1
txt:clinical lab,1,429.0,0.0,3.52,XGBoost,7.1
txt:communication technician,1,429.0,0.0,4.51,XGBoost,7.1
txt:consolidate various,1,429.0,0.0,2.19,XGBoost,7.1
txt:consolidating total,1,429.0,0.0,3.12,XGBoost,7.1
txt:consolidation refinancing,1,429.0,0.0,2.12,XGBoost,7.1
txt:stub,1,429.0,0.0,0.72,XGBoost,7.1
txt:community support,1,430.0,0.0,4.61,XGBoost,7.1
txt:consolidate track,1,430.0,0.0,3.26,XGBoost,7.1
txt:consolidation payment,1,430.0,0.0,1.9,XGBoost,7.1
txt:change term,1,431.0,0.0,0.76,XGBoost,7.1
txt:child custody,1,431.0,0.0,1.27,XGBoost,7.1
txt:consolidate freedom,1,431.0,0.0,3.2,XGBoost,7.1
txt:consolidation care,1,431.0,0.0,3.55,XGBoost,7.1
txt:recieve,1,431.0,0.0,1.03,XGBoost,7.1
txt:check pay,1,432.0,0.0,1.38,XGBoost,7.1
txt:conselidation,1,432.0,0.0,4.47,XGBoost,7.1
txt:consolidation kroger,1,432.0,0.0,1.81,XGBoost,7.1
txt:store,1,432.0,0.0,0.86,XGBoost,7.1
txt:certain,1,433.0,0.0,0.8,XGBoost,7.1
txt:consilidate debt,1,433.0,0.0,1.71,XGBoost,7.1
txt:opening business,1,433.0,0.0,2.74,XGBoost,7.1
txt:superviser,1,433.0,0.0,5.47,XGBoost,7.1
txt:card warehouse,1,434.0,0.0,6.53,XGBoost,7.1
txt:charles schwab,1,434.0,0.0,1.34,XGBoost,7.1
txt:consolidation dell,1,434.0,0.0,2.96,XGBoost,7.1
txt:credit problem,1,434.0,0.0,1.23,XGBoost,7.1
txt:pay monthy,1,434.0,0.0,2.58,XGBoost,7.1
txt:card bring,1,435.0,0.0,1.53,XGBoost,7.1
txt:company payment,1,435.0,0.0,1.82,XGBoost,7.1
txt:consolidation local,1,435.0,0.0,3.18,XGBoost,7.1
txt:omnicare,1,435.0,0.0,4.9,XGBoost,7.1
txt:pay simple,1,435.0,0.0,3.64,XGBoost,7.1
txt:care center,1,436.0,0.0,4.64,XGBoost,7.1
txt:offer payment,1,436.0,0.0,2.77,XGBoost,7.1
txt:state new,1,436.0,0.0,0.75,XGBoost,7.1
txt:card verizon,1,437.0,0.0,3.98,XGBoost,7.1
txt:care coordinator,1,437.0,0.0,6.27,XGBoost,7.1
txt:chang,1,437.0,0.0,2.05,XGBoost,7.1
txt:removal,1,438.0,0.0,1.14,XGBoost,7.1
txt:caretaker,1,439.0,0.0,7.88,XGBoost,7.1
txt:cedit card,1,439.0,0.0,2.29,XGBoost,7.1
txt:consolidation francis,1,439.0,0.0,2.27,XGBoost,7.1
txt:negative mark,1,439.0,0.0,1.47,XGBoost,7.1
txt:remaining money,1,439.0,0.0,0.94,XGBoost,7.1
txt:state farm,1,439.0,0.0,1.0,XGBoost,7.1
txt:chance pay,1,440.0,0.0,3.26,XGBoost,7.1
txt:coalition,1,440.0,0.0,2.41,XGBoost,7.1
txt:start paying,1,440.0,0.0,0.79,XGBoost,7.1
txt:morton,1,441.0,0.0,2.03,XGBoost,7.1
txt:cashier,1,442.0,0.0,4.26,XGBoost,7.1
txt:chicago police,1,442.0,0.0,4.05,XGBoost,7.1
txt:consolidation community,1,442.0,0.0,2.43,XGBoost,7.1
txt:card fund,1,443.0,0.0,1.05,XGBoost,7.1
txt:carr,1,443.0,0.0,2.84,XGBoost,7.1
txt:monthly fixed,1,443.0,0.0,1.73,XGBoost,7.1
txt:motor company,1,443.0,0.0,1.4,XGBoost,7.1
txt:consolidation castle,1,444.0,0.0,2.38,XGBoost,7.1
txt:moody,1,444.0,0.0,1.74,XGBoost,7.1
txt:smile,1,444.0,0.0,1.51,XGBoost,7.1
txt:consolidation buffalo,1,445.0,0.0,3.58,XGBoost,7.1
txt:month issue,1,445.0,0.0,1.78,XGBoost,7.1
txt:stable employment,1,445.0,0.0,0.77,XGBoost,7.1
txt:consolidation alliance,1,446.0,0.0,4.18,XGBoost,7.1
txt:consolidate total,1,448.0,0.0,2.46,XGBoost,7.1
txt:consolidation combine,1,448.0,0.0,1.88,XGBoost,7.1
txt:spread,1,448.0,0.0,1.35,XGBoost,7.1
txt:buyer tax,1,449.0,0.0,0.81,XGBoost,7.1
txt:color,1,449.0,0.0,2.56,XGBoost,7.1
txt:pipefitters local,1,449.0,0.0,3.93,XGBoost,7.1
txt:textile,1,449.0,0.0,2.84,XGBoost,7.1
txt:buy new,1,450.0,0.0,1.39,XGBoost,7.1
txt:car reduce,1,451.0,0.0,4.24,XGBoost,7.1
txt:card guy,1,451.0,0.0,4.0,XGBoost,7.1
txt:card union,1,451.0,0.0,3.1,XGBoost,7.1
txt:consistent pay,1,451.0,0.0,1.83,XGBoost,7.1
txt:budget monthly,1,452.0,0.0,0.71,XGBoost,7.1
txt:city los,1,452.0,0.0,1.48,XGBoost,7.1
txt:technition,1,452.0,0.0,6.06,XGBoost,7.1
txt:broken,1,453.0,0.0,2.59,XGBoost,7.1
txt:brother law,1,453.0,0.0,1.09,XGBoost,7.1
txt:carecredit,1,453.0,0.0,2.48,XGBoost,7.1
txt:candy,1,455.0,0.0,4.49,XGBoost,7.1
txt:buget,1,456.0,0.0,1.14,XGBoost,7.1
txt:bust,1,456.0,0.0,3.6,XGBoost,7.1
txt:columbus,1,456.0,0.0,0.97,XGBoost,7.1
txt:consilidate credit,1,456.0,0.0,2.74,XGBoost,7.1
txt:card overall,1,457.0,0.0,3.39,XGBoost,7.1
txt:carting,1,457.0,0.0,2.15,XGBoost,7.1
txt:business purpose,1,458.0,0.0,4.0,XGBoost,7.1
txt:card payday,1,458.0,0.0,3.98,XGBoost,7.1
txt:college fund,1,458.0,0.0,1.2,XGBoost,7.1
txt:combine debt,1,458.0,0.0,1.77,XGBoost,7.1
txt:breath,1,459.0,0.0,8.22,XGBoost,7.1
txt:bring monthly,1,459.0,0.0,1.1,XGBoost,7.1
txt:boeing,1,460.0,0.0,1.1,XGBoost,7.1
txt:brick,1,460.0,0.0,1.76,XGBoost,7.1
txt:business used,1,460.0,0.0,2.57,XGBoost,7.1
txt:build better,1,461.0,0.0,3.64,XGBoost,7.1
txt:build addition,1,462.0,0.0,3.88,XGBoost,7.1
txt:bus,1,462.0,0.0,2.06,XGBoost,7.1
txt:cleveland,1,462.0,0.0,3.15,XGBoost,7.1
txt:boulder,1,463.0,0.0,1.16,XGBoost,7.1
txt:castle,1,463.0,0.0,3.15,XGBoost,7.1
txt:chance prove,1,463.0,0.0,3.04,XGBoost,7.1
txt:business started,1,464.0,0.0,2.15,XGBoost,7.1
txt:repeat,1,464.0,0.0,1.57,XGBoost,7.1
txt:reliant,1,465.0,0.0,1.41,XGBoost,7.1
txt:beverage,1,466.0,0.0,1.73,XGBoost,7.1
txt:burden pay,1,466.0,0.0,3.97,XGBoost,7.1
txt:cause pay,1,466.0,0.0,2.28,XGBoost,7.1
txt:pay john,1,466.0,0.0,3.96,XGBoost,7.1
txt:plus month,1,466.0,0.0,1.91,XGBoost,7.1
txt:betterlife,1,467.0,0.0,4.67,XGBoost,7.1
txt:bowling,1,467.0,0.0,3.08,XGBoost,7.1
txt:career worked,1,467.0,0.0,1.96,XGBoost,7.1
txt:cape fear,1,468.0,0.0,2.12,XGBoost,7.1
txt:cash reserve,1,468.0,0.0,1.09,XGBoost,7.1
txt:invensys,1,468.0,0.0,2.93,XGBoost,7.1
txt:olive,1,468.0,0.0,2.75,XGBoost,7.1
txt:card life,1,470.0,0.0,1.88,XGBoost,7.1
txt:semi,1,470.0,0.0,1.25,XGBoost,7.1
txt:beach,1,471.0,0.0,0.71,XGBoost,7.1
txt:brighton,1,471.0,0.0,3.07,XGBoost,7.1
txt:buy stuff,1,471.0,0.0,4.98,XGBoost,7.1
txt:bath,1,472.0,0.0,0.71,XGBoost,7.1
txt:informa,1,472.0,0.0,2.82,XGBoost,7.1
txt:siding,1,473.0,0.0,0.85,XGBoost,7.1
txt:bakery,1,474.0,0.0,1.1,XGBoost,7.1
txt:schwab,1,474.0,0.0,1.11,XGBoost,7.1
txt:cabinet,1,475.0,0.0,1.0,XGBoost,7.1
txt:beautiful day,1,476.0,0.0,3.31,XGBoost,7.1
txt:buying new,1,476.0,0.0,1.25,XGBoost,7.1
txt:card big,1,476.0,0.0,1.85,XGBoost,7.1
txt:available pay,1,477.0,0.0,0.75,XGBoost,7.1
txt:buy truck,1,477.0,0.0,1.2,XGBoost,7.1
txt:improvement employed,1,477.0,0.0,2.96,XGBoost,7.1
txt:capgemini,1,478.0,0.0,2.28,XGBoost,7.1
txt:bar restaurant,1,479.0,0.0,2.58,XGBoost,7.1
txt:bay resort,1,479.0,0.0,4.92,XGBoost,7.1
txt:bureau prison,1,479.0,0.0,1.28,XGBoost,7.1
txt:car debt,1,479.0,0.0,2.62,XGBoost,7.1
txt:route,1,479.0,0.0,1.21,XGBoost,7.1
txt:saving paying,1,479.0,0.0,1.03,XGBoost,7.1
txt:assisting,1,480.0,0.0,2.09,XGBoost,7.1
txt:auto debt,1,482.0,0.0,3.29,XGBoost,7.1
txt:rock,1,482.0,0.0,0.94,XGBoost,7.1
txt:approve,1,483.0,0.0,0.8,XGBoost,7.1
txt:bank monthly,1,483.0,0.0,4.24,XGBoost,7.1
txt:breathe easier,1,483.0,0.0,2.0,XGBoost,7.1
txt:burger,1,483.0,0.0,2.12,XGBoost,7.1
txt:payoff creditcards,1,483.0,0.0,3.68,XGBoost,7.1
txt:appointment,1,484.0,0.0,1.55,XGBoost,7.1
txt:begin investing,1,484.0,0.0,2.6,XGBoost,7.1
txt:biller,1,484.0,0.0,4.08,XGBoost,7.1
txt:boeing company,1,484.0,0.0,1.24,XGBoost,7.1
txt:applying pay,1,485.0,0.0,1.49,XGBoost,7.1
txt:road,1,486.0,0.0,0.77,XGBoost,7.1
txt:begin new,1,487.0,0.0,1.95,XGBoost,7.1
txt:reform,1,487.0,0.0,3.08,XGBoost,7.1
txt:sanitation worker,1,487.0,0.0,3.71,XGBoost,7.1
txt:black,1,488.0,0.0,0.99,XGBoost,7.1
txt:root canal,1,489.0,0.0,2.28,XGBoost,7.1
txt:school expense,1,489.0,0.0,0.93,XGBoost,7.1
txt:advantage,1,490.0,0.0,1.15,XGBoost,7.1
txt:better cash,1,490.0,0.0,3.22,XGBoost,7.1
txt:railroad retirement,1,490.0,0.0,3.15,XGBoost,7.1
txt:rcc,1,491.0,0.0,5.67,XGBoost,7.1
txt:response,1,491.0,0.0,1.04,XGBoost,7.1
txt:simplexgrinnell,1,491.0,0.0,2.1,XGBoost,7.1
txt:biomedical,1,492.0,0.0,2.47,XGBoost,7.1
txt:respond,1,492.0,0.0,0.8,XGBoost,7.1
txt:ale house,1,493.0,0.0,3.02,XGBoost,7.1
txt:bayada,1,493.0,0.0,5.31,XGBoost,7.1
txt:bioscience,1,493.0,0.0,2.51,XGBoost,7.1
txt:protection service,1,493.0,0.0,3.13,XGBoost,7.1
txt:rebound,1,493.0,0.0,4.13,XGBoost,7.1
txt:account debt,1,494.0,0.0,0.79,XGBoost,7.1
txt:atrium,1,494.0,0.0,3.26,XGBoost,7.1
txt:balance consolidate,1,494.0,0.0,1.97,XGBoost,7.1
txt:bank commerce,1,494.0,0.0,3.33,XGBoost,7.1
txt:receptionist,1,495.0,0.0,4.68,XGBoost,7.1
txt:bad economic,1,496.0,0.0,1.79,XGBoost,7.1
txt:resale,1,496.0,0.0,1.61,XGBoost,7.1
txt:atv,1,497.0,0.0,1.35,XGBoost,7.1
txt:caesar,1,497.0,0.0,2.81,XGBoost,7.1
txt:account look,1,498.0,0.0,2.67,XGBoost,7.1
txt:axis,1,498.0,0.0,3.77,XGBoost,7.1
txt:roi,1,498.0,0.0,1.74,XGBoost,7.1
txt:asking pay,1,499.0,0.0,1.29,XGBoost,7.1
txt:maintenence,1,499.0,0.0,6.64,XGBoost,7.1
txt:abercrombie,1,500.0,0.0,2.55,XGBoost,7.1
txt:able financial,1,500.0,0.0,4.16,XGBoost,7.1
txt:abercrombie fitch,1,501.0,0.0,2.55,XGBoost,7.1
txt:aim,1,501.0,0.0,1.86,XGBoost,7.1
txt:appreciates,1,501.0,0.0,1.59,XGBoost,7.1
txt:amtrak,1,502.0,0.0,1.52,XGBoost,7.1
txt:plain simple,1,502.0,0.0,4.18,XGBoost,7.1
txt:sheraton,1,502.0,0.0,2.79,XGBoost,7.1
txt:aiding,1,503.0,0.0,4.07,XGBoost,7.1
txt:america pay,1,503.0,0.0,2.08,XGBoost,7.1
txt:analytical,1,503.0,0.0,2.63,XGBoost,7.1
txt:aluminum,1,504.0,0.0,1.72,XGBoost,7.1
txt:lounge,1,504.0,0.0,3.13,XGBoost,7.1
txt:recently divorced,1,505.0,0.0,1.25,XGBoost,7.1
txt:year teaching,1,505.0,0.0,1.55,XGBoost,7.1
txt:account verification,1,506.0,0.0,2.69,XGBoost,7.1
txt:allow breathing,1,506.0,0.0,3.84,XGBoost,7.1
txt:allowing opportunity,1,506.0,0.0,2.47,XGBoost,7.1
txt:recieved,1,506.0,0.0,0.78,XGBoost,7.1
txt:anniston,1,507.0,0.0,3.86,XGBoost,7.1
txt:appraiser,1,507.0,0.0,1.89,XGBoost,7.1
txt:advance assistance,1,508.0,0.0,1.29,XGBoost,7.1
txt:army officer,1,508.0,0.0,7.39,XGBoost,7.1
txt:responsible financially,1,508.0,0.0,2.03,XGBoost,7.1
txt:recently bought,1,509.0,0.0,1.03,XGBoost,7.1
txt:saia motor,1,509.0,0.0,4.11,XGBoost,7.1
txt:self employment,1,509.0,0.0,1.78,XGBoost,7.1
txt:anymore,1,510.0,0.0,0.99,XGBoost,7.1
txt:smaller payment,1,510.0,0.0,2.9,XGBoost,7.1
txt:ready debt,1,511.0,0.0,0.76,XGBoost,7.1
txt:riverbend,1,511.0,0.0,3.34,XGBoost,7.1
txt:asking consolidate,1,512.0,0.0,2.1,XGBoost,7.1
txt:bayonne,1,512.0,0.0,3.11,XGBoost,7.1
txt:prospect mortgage,1,512.0,0.0,2.36,XGBoost,7.1
txt:rate save,1,512.0,0.0,0.92,XGBoost,7.1
txt:refinance market,1,512.0,0.0,4.65,XGBoost,7.1
txt:skywest,1,512.0,0.0,3.29,XGBoost,7.1
txt:alaska,1,513.0,0.0,1.47,XGBoost,7.1
txt:area rapid,1,513.0,0.0,3.34,XGBoost,7.1
txt:refinance truck,1,513.0,0.0,5.06,XGBoost,7.1
txt:airway,1,514.0,0.0,1.95,XGBoost,7.1
txt:purchasing house,1,515.0,0.0,1.9,XGBoost,7.1
txt:registered respiratory,1,515.0,0.0,3.9,XGBoost,7.1
txt:shoppe,1,515.0,0.0,3.7,XGBoost,7.1
txt:material management,1,516.0,0.0,4.43,XGBoost,7.1
txt:question help,1,517.0,0.0,1.18,XGBoost,7.1
txt:responsible payoff,1,517.0,0.0,4.21,XGBoost,7.1
txt:securitas security,1,518.0,0.0,2.4,XGBoost,7.1
txt:question concern,1,519.0,0.0,0.84,XGBoost,7.1
txt:restart,1,519.0,0.0,4.74,XGBoost,7.1
txt:rocklin,1,520.0,0.0,5.11,XGBoost,7.1
txt:agree,1,521.0,0.0,0.97,XGBoost,7.1
txt:room breath,1,521.0,0.0,3.78,XGBoost,7.1
txt:stony,1,521.0,0.0,4.08,XGBoost,7.1
txt:able paid,1,522.0,0.0,2.06,XGBoost,7.1
txt:soldier,1,522.0,0.0,1.86,XGBoost,7.1
txt:stay monthly,1,522.0,0.0,2.36,XGBoost,7.1
txt:athletic,1,523.0,0.0,3.68,XGBoost,7.1
txt:square garden,1,523.0,0.0,1.95,XGBoost,7.1
txt:account bank,1,524.0,0.0,1.48,XGBoost,7.1
txt:account debit,1,524.0,0.0,2.82,XGBoost,7.1
txt:matrix,1,524.0,0.0,4.58,XGBoost,7.1
txt:pro,1,524.0,0.0,0.88,XGBoost,7.1
txt:stair,1,524.0,0.0,2.73,XGBoost,7.1
txt:joann,1,525.0,0.0,3.52,XGBoost,7.1
txt:able good,1,527.0,0.0,2.74,XGBoost,7.1
txt:jaguar,1,527.0,0.0,3.58,XGBoost,7.1
txt:princess,1,527.0,0.0,3.47,XGBoost,7.1
txt:medical consultant,1,528.0,0.0,4.14,XGBoost,7.1
txt:power,1,528.0,0.0,0.85,XGBoost,7.1
txt:aamco,1,529.0,0.0,3.92,XGBoost,7.1
txt:simply pay,1,529.0,0.0,1.16,XGBoost,7.1
txt:stable steady,1,529.0,0.0,1.85,XGBoost,7.1
txt:replace payment,1,530.0,0.0,2.01,XGBoost,7.1
txt:position year,1,531.0,0.0,0.77,XGBoost,7.1
txt:meisel,1,532.0,0.0,4.25,XGBoost,7.1
txt:retainer,1,532.0,0.0,3.02,XGBoost,7.1
txt:point life,1,533.0,0.0,0.89,XGBoost,7.1
txt:respite,1,533.0,0.0,3.7,XGBoost,7.1
txt:sci,1,533.0,0.0,3.97,XGBoost,7.1
txt:summer vacation,1,533.0,0.0,2.49,XGBoost,7.1
txt:requesting credit,1,534.0,0.0,3.97,XGBoost,7.1
txt:metroplus,1,535.0,0.0,6.49,XGBoost,7.1
txt:plan stay,1,535.0,0.0,0.75,XGBoost,7.1
txt:unstable,1,535.0,0.0,2.32,XGBoost,7.1
txt:payday credit,1,539.0,0.0,5.5,XGBoost,7.1
txt:pickup,1,539.0,0.0,1.89,XGBoost,7.1
txt:payment sure,1,540.0,0.0,1.36,XGBoost,7.1
txt:payment possible,1,541.0,0.0,1.84,XGBoost,7.1
txt:sacred heart,1,541.0,0.0,2.02,XGBoost,7.1
txt:scott,1,541.0,0.0,1.27,XGBoost,7.1
txt:month bonus,1,542.0,0.0,1.52,XGBoost,7.1
txt:save day,1,543.0,0.0,4.82,XGBoost,7.1
txt:savior,1,544.0,0.0,5.31,XGBoost,7.1
txt:revel,1,545.0,0.0,3.47,XGBoost,7.1
txt:tech data,1,545.0,0.0,2.19,XGBoost,7.1
txt:prepared pay,1,546.0,0.0,3.12,XGBoost,7.1
txt:seneca,1,547.0,0.0,3.37,XGBoost,7.1
txt:thanksgiving,1,547.0,0.0,1.12,XGBoost,7.1
txt:securitas usa,1,548.0,0.0,5.79,XGBoost,7.1
txt:senior care,1,548.0,0.0,3.64,XGBoost,7.1
txt:stream,1,548.0,0.0,2.18,XGBoost,7.1
txt:talk,1,548.0,0.0,0.94,XGBoost,7.1
txt:use payment,1,548.0,0.0,2.77,XGBoost,7.1
txt:niagara,1,549.0,0.0,3.92,XGBoost,7.1
txt:oriented,1,550.0,0.0,1.99,XGBoost,7.1
txt:refinance bank,1,552.0,0.0,3.15,XGBoost,7.1
txt:set free,1,552.0,0.0,1.92,XGBoost,7.1
txt:obtain consolidate,1,553.0,0.0,2.0,XGBoost,7.1
txt:sure paid,1,554.0,0.0,1.54,XGBoost,7.1
txt:payment half,1,555.0,0.0,1.02,XGBoost,7.1
txt:orkin pest,1,556.0,0.0,2.57,XGBoost,7.1
txt:tape,1,556.0,0.0,2.32,XGBoost,7.1
txt:orthodontist,1,557.0,0.0,2.26,XGBoost,7.1
txt:qualify home,1,557.0,0.0,3.07,XGBoost,7.1
txt:new project,1,560.0,0.0,1.9,XGBoost,7.1
txt:orthopaedic,1,560.0,0.0,2.7,XGBoost,7.1
txt:paying payment,1,560.0,0.0,0.69,XGBoost,7.1
txt:paying week,1,560.0,0.0,1.29,XGBoost,7.1
txt:life payoff,1,561.0,0.0,2.81,XGBoost,7.1
txt:product service,1,563.0,0.0,2.54,XGBoost,7.1
txt:pay timely,1,564.0,0.0,1.29,XGBoost,7.1
txt:pay stub,1,565.0,0.0,1.25,XGBoost,7.1
txt:thing home,1,565.0,0.0,5.6,XGBoost,7.1
txt:usc,1,566.0,0.0,3.26,XGBoost,7.1
txt:pay irs,1,567.0,0.0,0.68,XGBoost,7.1
txt:asst manager,1,568.0,0.0,7.36,XGBoost,7.1
txt:pay daughter,1,568.0,0.0,1.35,XGBoost,7.1
txt:addition family,1,569.0,0.0,3.1,XGBoost,7.1
txt:state washington,1,569.0,0.0,3.08,XGBoost,7.1
txt:moving city,1,570.0,0.0,1.62,XGBoost,7.1
txt:pay check,1,570.0,0.0,0.97,XGBoost,7.1
txt:pay approximately,1,571.0,0.0,1.53,XGBoost,7.1
txt:usc medical,1,571.0,0.0,3.74,XGBoost,7.1
txt:tribe,1,572.0,0.0,2.8,XGBoost,7.1
txt:visa mastercard,1,572.0,0.0,2.32,XGBoost,7.1
txt:shop supervisor,1,573.0,0.0,9.92,XGBoost,7.1
txt:tenet,1,573.0,0.0,3.26,XGBoost,7.1
txt:ole,1,574.0,0.0,2.53,XGBoost,7.1
txt:software engineer,1,576.0,0.0,4.3,XGBoost,7.1
txt:monthly exp,1,578.0,0.0,2.2,XGBoost,7.1
txt:service master,1,578.0,0.0,3.33,XGBoost,7.1
txt:teeter,1,578.0,0.0,2.16,XGBoost,7.1
txt:think good,1,578.0,0.0,1.11,XGBoost,7.1
txt:tough year,1,578.0,0.0,3.35,XGBoost,7.1
txt:somerville,1,579.0,0.0,6.88,XGBoost,7.1
txt:tyson,1,580.0,0.0,2.22,XGBoost,7.1
txt:loomis,1,581.0,0.0,5.42,XGBoost,7.1
txt:overhead,1,581.0,0.0,1.03,XGBoost,7.1
txt:unc,1,581.0,0.0,2.43,XGBoost,7.1
txt:lite,1,583.0,0.0,4.81,XGBoost,7.1
txt:oil,1,583.0,0.0,1.26,XGBoost,7.1
txt:sport grill,1,583.0,0.0,9.99,XGBoost,7.1
txt:payment combine,1,586.0,0.0,3.14,XGBoost,7.1
txt:obtaining,1,587.0,0.0,1.27,XGBoost,7.1
txt:thing debt,1,588.0,0.0,2.67,XGBoost,7.1
txt:sts,1,589.0,0.0,4.3,XGBoost,7.1
txt:valley view,1,589.0,0.0,3.58,XGBoost,7.1
txt:kid credit,1,590.0,0.0,3.35,XGBoost,7.1
txt:loeb,1,590.0,0.0,3.74,XGBoost,7.1
txt:kfc,1,591.0,0.0,4.15,XGBoost,7.1
txt:summerlin,1,591.0,0.0,3.52,XGBoost,7.1
txt:trust fund,1,591.0,0.0,2.39,XGBoost,7.1
txt:tryin,1,591.0,0.0,2.33,XGBoost,7.1
txt:stocker,1,593.0,0.0,8.58,XGBoost,7.1
txt:tennis,1,593.0,0.0,1.59,XGBoost,7.1
txt:used clear,1,593.0,0.0,3.05,XGBoost,7.1
txt:parkway,1,594.0,0.0,3.02,XGBoost,7.1
txt:strayer university,1,594.0,0.0,4.09,XGBoost,7.1
txt:panhandle,1,595.0,0.0,3.93,XGBoost,7.1
txt:palmetto,1,596.0,0.0,2.87,XGBoost,7.1
txt:transportation manager,1,597.0,0.0,4.28,XGBoost,7.1
txt:moog,1,598.0,0.0,2.9,XGBoost,7.1
txt:organize debt,1,598.0,0.0,2.7,XGBoost,7.1
txt:transporter,1,598.0,0.0,6.51,XGBoost,7.1
txt:month tell,1,600.0,0.0,3.21,XGBoost,7.1
txt:window door,1,600.0,0.0,1.54,XGBoost,7.1
txt:york company,1,601.0,0.0,3.48,XGBoost,7.1
txt:orlando,1,602.0,0.0,1.33,XGBoost,7.1
txt:order lower,1,603.0,0.0,1.22,XGBoost,7.1
txt:nursing school,1,604.0,0.0,0.74,XGBoost,7.1
txt:unlv,1,604.0,0.0,4.83,XGBoost,7.1
txt:multiple company,1,606.0,0.0,2.87,XGBoost,7.1
txt:new flooring,1,606.0,0.0,1.16,XGBoost,7.1
txt:year fix,1,606.0,0.0,7.46,XGBoost,7.1
txt:new apt,1,608.0,0.0,2.29,XGBoost,7.1
txt:israel,1,609.0,0.0,3.14,XGBoost,7.1
txt:lot medical,1,609.0,0.0,4.52,XGBoost,7.1
txt:new mortgage,1,609.0,0.0,2.09,XGBoost,7.1
txt:payin,1,610.0,0.0,2.8,XGBoost,7.1
txt:worked federal,1,610.0,0.0,2.72,XGBoost,7.1
txt:verified email,1,611.0,0.0,1.96,XGBoost,7.1
txt:wife use,1,611.0,0.0,1.72,XGBoost,7.1
txt:work care,1,611.0,0.0,3.49,XGBoost,7.1
txt:work looking,1,612.0,0.0,2.3,XGBoost,7.1
txt:money unexpected,1,613.0,0.0,2.95,XGBoost,7.1
txt:target card,1,613.0,0.0,4.41,XGBoost,7.1
txt:money rid,1,614.0,0.0,2.81,XGBoost,7.1
txt:start financially,1,614.0,0.0,4.0,XGBoost,7.1
txt:vineland,1,614.0,0.0,4.11,XGBoost,7.1
txt:mistake debt,1,615.0,0.0,2.58,XGBoost,7.1
txt:mustang,1,615.0,0.0,1.1,XGBoost,7.1
txt:team industrial,1,615.0,0.0,3.44,XGBoost,7.1
txt:wearhouse,1,617.0,0.0,4.43,XGBoost,7.1
txt:national guard,1,618.0,0.0,0.86,XGBoost,7.1
txt:welder,1,618.0,0.0,4.83,XGBoost,7.1
txt:topay,1,619.0,0.0,3.44,XGBoost,7.1
txt:wedding june,1,620.0,0.0,2.05,XGBoost,7.1
txt:pathology,1,622.0,0.0,2.59,XGBoost,7.1
txt:helpmeout,1,624.0,0.0,3.58,XGBoost,7.1
txt:machine operator,1,625.0,0.0,3.88,XGBoost,7.1
txt:mail carrier,1,626.0,0.0,3.72,XGBoost,7.1
txt:york life,1,626.0,0.0,2.35,XGBoost,7.1
