fold,Arm,Model,Feature,Kind,Importance_raw,Importance_share,Rank
1,Structured,Logistic,bc_open_to_buy,structured,0.042763,0.015012,25
1,Structured,Logistic,bc_util,structured,0.0,0.0,50
1,Structured,Logistic,chargeoff_within_12_mths,structured,0.079999,0.028083,10
1,Structured,Logistic,delinq_amnt,structured,0.520057,0.182563,1
1,Structured,Logistic,dti,structured,0.090284,0.031694,8
1,Structured,Logistic,inq_last_6mths,structured,0.0,0.0,49
1,Structured,Logistic,int_rate,structured,0.130303,0.045742,4
1,Structured,Logistic,mo_sin_old_il_acct,structured,0.0,0.0,48
1,Structured,Logistic,mo_sin_old_rev_tl_op,structured,0.0,0.0,47
1,Structured,Logistic,mo_sin_rcnt_rev_tl_op,structured,0.0,0.0,46
1,Structured,Logistic,mo_sin_rcnt_tl,structured,0.036161,0.012694,28
1,Structured,Logistic,mths_since_last_delinq,structured,0.008899,0.003124,38
1,Structured,Logistic,mths_since_recent_bc_dlq,structured,0.246483,0.086526,2
1,Structured,Logistic,mths_since_recent_inq,structured,0.030737,0.01079,31
1,Structured,Logistic,mths_since_recent_revol_delinq,structured,0.037406,0.013131,27
1,Structured,Logistic,num_actv_bc_tl,structured,0.053218,0.018682,17
1,Structured,Logistic,num_actv_rev_tl,structured,0.046935,0.016476,22
1,Structured,Logistic,num_il_tl,structured,0.046274,0.016244,23
1,Structured,Logistic,num_tl_30dpd,structured,0.049245,0.017287,21
1,Structured,Logistic,open_acc,structured,0.0,0.0,43
1,Structured,Logistic,percent_bc_gt_75,structured,0.0,0.0,42
1,Structured,Logistic,tot_coll_amt,structured,0.008245,0.002894,40
1,Structured,Logistic,total_bc_limit,structured,0.0,0.0,45
1,Structured,Logistic,total_il_high_credit_limit,structured,0.0,0.0,44
1,Structured,Logistic,total_rev_hi_lim,structured,0.035388,0.012423,29
1,Structured,Logistic,addr_state_AL,structured,0.044487,0.015617,24
1,Structured,Logistic,addr_state_AR,structured,0.053124,0.018649,18
1,Structured,Logistic,addr_state_AZ,structured,0.011581,0.004065,36
1,Structured,Logistic,addr_state_CA,structured,0.016945,0.005948,33
1,Structured,Logistic,addr_state_CO,structured,0.067494,0.023693,12
1,Structured,Logistic,addr_state_DC,structured,0.05855,0.020553,14
1,Structured,Logistic,addr_state_DE,structured,0.063958,0.022452,13
1,Structured,Logistic,addr_state_ID,structured,0.055761,0.019575,15
1,Structured,Logistic,addr_state_KS,structured,0.054874,0.019263,16
1,Structured,Logistic,addr_state_LA,structured,0.035337,0.012405,30
1,Structured,Logistic,addr_state_MA,structured,0.230842,0.081036,3
1,Structured,Logistic,addr_state_MD,structured,0.11737,0.041202,5
1,Structured,Logistic,addr_state_MN,structured,0.049632,0.017423,20
1,Structured,Logistic,addr_state_MS,structured,0.020536,0.007209,32
1,Structured,Logistic,addr_state_NE,structured,0.015972,0.005607,34
1,Structured,Logistic,addr_state_NH,structured,0.104737,0.036767,6
1,Structured,Logistic,addr_state_NJ,structured,0.086531,0.030376,9
1,Structured,Logistic,addr_state_NM,structured,0.076437,0.026833,11
1,Structured,Logistic,addr_state_NV,structured,0.094934,0.033326,7
1,Structured,Logistic,addr_state_NY,structured,0.0,0.0,41
1,Structured,Logistic,addr_state_OK,structured,0.052569,0.018454,19
1,Structured,Logistic,addr_state_PA,structured,0.040245,0.014128,26
1,Structured,Logistic,addr_state_RI,structured,0.011503,0.004038,37
1,Structured,Logistic,addr_state_SC,structured,0.008539,0.002997,39
1,Structured,Logistic,addr_state_SD,structured,0.014285,0.005015,35
1,Structured,XGBoost,bc_open_to_buy,structured,10.070038,0.017,28
1,Structured,XGBoost,bc_util,structured,0.0,0.0,50
1,Structured,XGBoost,chargeoff_within_12_mths,structured,14.840732,0.025053,11
1,Structured,XGBoost,delinq_amnt,structured,41.042,0.069285,3
1,Structured,XGBoost,dti,structured,15.8868,0.026819,9
1,Structured,XGBoost,inq_last_6mths,structured,0.0,0.0,49
1,Structured,XGBoost,int_rate,structured,16.165129,0.027289,8
1,Structured,XGBoost,mo_sin_old_il_acct,structured,0.0,0.0,48
1,Structured,XGBoost,mo_sin_old_rev_tl_op,structured,0.0,0.0,47
1,Structured,XGBoost,mo_sin_rcnt_rev_tl_op,structured,0.0,0.0,46
1,Structured,XGBoost,mo_sin_rcnt_tl,structured,12.850386,0.021693,18
1,Structured,XGBoost,mths_since_last_delinq,structured,14.204032,0.023979,14
1,Structured,XGBoost,mths_since_recent_bc_dlq,structured,27.157051,0.045845,4
1,Structured,XGBoost,mths_since_recent_inq,structured,15.629922,0.026386,10
1,Structured,XGBoost,mths_since_recent_revol_delinq,structured,14.216103,0.023999,13
1,Structured,XGBoost,num_actv_bc_tl,structured,10.018928,0.016913,29
1,Structured,XGBoost,num_actv_rev_tl,structured,12.7746,0.021565,19
1,Structured,XGBoost,num_il_tl,structured,9.797225,0.016539,30
1,Structured,XGBoost,num_tl_30dpd,structured,13.683069,0.023099,16
1,Structured,XGBoost,open_acc,structured,0.0,0.0,43
1,Structured,XGBoost,percent_bc_gt_75,structured,0.0,0.0,42
1,Structured,XGBoost,tot_coll_amt,structured,0.0,0.0,45
1,Structured,XGBoost,total_bc_limit,structured,0.0,0.0,44
1,Structured,XGBoost,total_il_high_credit_limit,structured,0.0,0.0,41
1,Structured,XGBoost,total_rev_hi_lim,structured,7.709461,0.013015,37
1,Structured,XGBoost,addr_state_AL,structured,10.852539,0.018321,26
1,Structured,XGBoost,addr_state_AR,structured,9.295258,0.015692,34
1,Structured,XGBoost,addr_state_AZ,structured,12.625659,0.021314,21
1,Structured,XGBoost,addr_state_CA,structured,14.573632,0.024603,12
1,Structured,XGBoost,addr_state_CO,structured,9.319152,0.015732,32
1,Structured,XGBoost,addr_state_DC,structured,18.000696,0.030388,5
1,Structured,XGBoost,addr_state_DE,structured,10.589472,0.017877,27
1,Structured,XGBoost,addr_state_ID,structured,9.580076,0.016173,31
1,Structured,XGBoost,addr_state_KS,structured,11.305717,0.019086,24
1,Structured,XGBoost,addr_state_LA,structured,7.782154,0.013137,35
1,Structured,XGBoost,addr_state_MA,structured,6.816187,0.011507,38
1,Structured,XGBoost,addr_state_MD,structured,17.959408,0.030318,6
1,Structured,XGBoost,addr_state_MN,structured,10.875128,0.018359,25
1,Structured,XGBoost,addr_state_MS,structured,7.771667,0.01312,36
1,Structured,XGBoost,addr_state_NE,structured,9.318443,0.015731,33
1,Structured,XGBoost,addr_state_NH,structured,16.961731,0.028634,7
1,Structured,XGBoost,addr_state_NJ,structured,5.178278,0.008742,39
1,Structured,XGBoost,addr_state_NM,structured,13.03528,0.022006,17
1,Structured,XGBoost,addr_state_NV,structured,13.973799,0.02359,15
1,Structured,XGBoost,addr_state_NY,structured,0.0,0.0,40
1,Structured,XGBoost,addr_state_OK,structured,11.749109,0.019834,22
1,Structured,XGBoost,addr_state_PA,structured,12.636209,0.021332,20
1,Structured,XGBoost,addr_state_RI,structured,11.475351,0.019372,23
1,Structured,XGBoost,addr_state_SC,structured,56.589355,0.095531,1
1,Structured,XGBoost,addr_state_SD,structured,48.053535,0.081122,2
1,Structured,RandomForest,bc_open_to_buy,structured,0.004077,0.004077,18
1,Structured,RandomForest,bc_util,structured,0.0,0.0,50
1,Structured,RandomForest,chargeoff_within_12_mths,structured,0.089981,0.089981,5
1,Structured,RandomForest,delinq_amnt,structured,0.188794,0.188794,1
1,Structured,RandomForest,dti,structured,0.075124,0.075124,7
1,Structured,RandomForest,inq_last_6mths,structured,0.0,0.0,49
1,Structured,RandomForest,int_rate,structured,0.016038,0.016038,10
1,Structured,RandomForest,mo_sin_old_il_acct,structured,0.0,0.0,48
1,Structured,RandomForest,mo_sin_old_rev_tl_op,structured,0.0,0.0,47
1,Structured,RandomForest,mo_sin_rcnt_rev_tl_op,structured,0.0,0.0,46
1,Structured,RandomForest,mo_sin_rcnt_tl,structured,0.054453,0.054453,9
1,Structured,RandomForest,mths_since_last_delinq,structured,0.007694,0.007694,14
1,Structured,RandomForest,mths_since_recent_bc_dlq,structured,0.06604,0.06604,8
1,Structured,RandomForest,mths_since_recent_inq,structured,0.079194,0.079194,6
1,Structured,RandomForest,mths_since_recent_revol_delinq,structured,0.106857,0.106857,3
1,Structured,RandomForest,num_actv_bc_tl,structured,0.0,0.0,45
1,Structured,RandomForest,num_actv_rev_tl,structured,0.000453,0.000453,24
1,Structured,RandomForest,num_il_tl,structured,0.000427,0.000427,26
1,Structured,RandomForest,num_tl_30dpd,structured,0.002328,0.002328,20
1,Structured,RandomForest,open_acc,structured,0.0,0.0,43
1,Structured,RandomForest,percent_bc_gt_75,structured,0.0,0.0,42
1,Structured,RandomForest,tot_coll_amt,structured,0.000243,0.000243,27
1,Structured,RandomForest,total_bc_limit,structured,0.0,0.0,38
1,Structured,RandomForest,total_il_high_credit_limit,structured,0.0,0.0,44
1,Structured,RandomForest,total_rev_hi_lim,structured,0.0,0.0,41
1,Structured,RandomForest,addr_state_AL,structured,0.0,0.0,39
1,Structured,RandomForest,addr_state_AR,structured,8.2e-05,8.2e-05,30
1,Structured,RandomForest,addr_state_AZ,structured,0.0044,0.0044,16
1,Structured,RandomForest,addr_state_CA,structured,0.000614,0.000614,23
1,Structured,RandomForest,addr_state_CO,structured,4.7e-05,4.7e-05,31
1,Structured,RandomForest,addr_state_DC,structured,0.00414,0.00414,17
1,Structured,RandomForest,addr_state_DE,structured,0.0,0.0,40
1,Structured,RandomForest,addr_state_ID,structured,0.0,0.0,35
1,Structured,RandomForest,addr_state_KS,structured,0.001163,0.001163,22
1,Structured,RandomForest,addr_state_LA,structured,0.0,0.0,36
1,Structured,RandomForest,addr_state_MA,structured,0.0,0.0,37
1,Structured,RandomForest,addr_state_MD,structured,0.014782,0.014782,11
1,Structured,RandomForest,addr_state_MN,structured,0.000442,0.000442,25
1,Structured,RandomForest,addr_state_MS,structured,2.2e-05,2.2e-05,32
1,Structured,RandomForest,addr_state_NE,structured,0.000138,0.000138,29
1,Structured,RandomForest,addr_state_NH,structured,0.010391,0.010391,12
1,Structured,RandomForest,addr_state_NJ,structured,0.0,0.0,34
1,Structured,RandomForest,addr_state_NM,structured,0.00017,0.00017,28
1,Structured,RandomForest,addr_state_NV,structured,0.001467,0.001467,21
1,Structured,RandomForest,addr_state_NY,structured,0.0,0.0,33
1,Structured,RandomForest,addr_state_OK,structured,0.002599,0.002599,19
1,Structured,RandomForest,addr_state_PA,structured,0.006915,0.006915,15
1,Structured,RandomForest,addr_state_RI,structured,0.009394,0.009394,13
1,Structured,RandomForest,addr_state_SC,structured,0.103616,0.103616,4
1,Structured,RandomForest,addr_state_SD,structured,0.147915,0.147915,2
1,Structured+FinBERT,Logistic,acc_now_delinq,structured,0.0,0.0,50
1,Structured+FinBERT,Logistic,avg_cur_bal,structured,0.0,0.0,49
1,Structured+FinBERT,Logistic,chargeoff_within_12_mths,structured,0.068002,0.024276,11
1,Structured+FinBERT,Logistic,collections_12_mths_ex_med,structured,0.006827,0.002437,40
1,Structured+FinBERT,Logistic,delinq_amnt,structured,0.717779,0.256239,1
1,Structured+FinBERT,Logistic,dti,structured,0.147635,0.052704,3
1,Structured+FinBERT,Logistic,emp_length,structured,0.073153,0.026115,8
1,Structured+FinBERT,Logistic,mo_sin_old_rev_tl_op,structured,0.0,0.0,48
1,Structured+FinBERT,Logistic,mo_sin_rcnt_rev_tl_op,structured,0.0,0.0,47
1,Structured+FinBERT,Logistic,mo_sin_rcnt_tl,structured,0.042723,0.015252,24
1,Structured+FinBERT,Logistic,mort_acc,structured,0.084368,0.030118,7
1,Structured+FinBERT,Logistic,mths_since_last_delinq,structured,0.054642,0.019507,15
1,Structured+FinBERT,Logistic,mths_since_last_record,structured,0.01528,0.005455,34
1,Structured+FinBERT,Logistic,mths_since_recent_bc_dlq,structured,0.235652,0.084125,2
1,Structured+FinBERT,Logistic,mths_since_recent_inq,structured,0.009563,0.003414,39
1,Structured+FinBERT,Logistic,mths_since_recent_revol_delinq,structured,0.034267,0.012233,25
1,Structured+FinBERT,Logistic,num_accts_ever_120_pd,structured,0.043439,0.015507,22
1,Structured+FinBERT,Logistic,num_bc_sats,structured,0.046778,0.016699,18
1,Structured+FinBERT,Logistic,num_rev_accts,structured,0.031755,0.011336,27
1,Structured+FinBERT,Logistic,num_tl_120dpd_2m,structured,0.043578,0.015557,21
1,Structured+FinBERT,Logistic,num_tl_30dpd,structured,0.057868,0.020658,13
1,Structured+FinBERT,Logistic,open_acc,structured,0.0,0.0,44
1,Structured+FinBERT,Logistic,pct_tl_nvr_dlq,structured,0.033311,0.011892,26
1,Structured+FinBERT,Logistic,revol_bal,structured,0.020404,0.007284,30
1,Structured+FinBERT,Logistic,term,structured,0.048622,0.017357,17
1,Structured+FinBERT,Logistic,tot_cur_bal,structured,0.072875,0.026016,9
1,Structured+FinBERT,Logistic,total_il_high_credit_limit,structured,0.0,0.0,46
1,Structured+FinBERT,Logistic,addr_state_AL,structured,0.044767,0.015981,19
1,Structured+FinBERT,Logistic,addr_state_CO,structured,0.068175,0.024338,10
1,Structured+FinBERT,Logistic,addr_state_HI,structured,0.0,0.0,45
1,Structured+FinBERT,Logistic,addr_state_IL,structured,0.01465,0.00523,36
1,Structured+FinBERT,Logistic,addr_state_MD,structured,0.143129,0.051095,4
1,Structured+FinBERT,Logistic,addr_state_MS,structured,0.014999,0.005355,35
1,Structured+FinBERT,Logistic,addr_state_NV,structured,0.111771,0.039901,5
1,Structured+FinBERT,Logistic,addr_state_PA,structured,0.042834,0.015291,23
1,Structured+FinBERT,Logistic,addr_state_SC,structured,0.066587,0.023771,12
1,Structured+FinBERT,Logistic,addr_state_SD,structured,0.101019,0.036063,6
1,Structured+FinBERT,Logistic,addr_state_TN,structured,0.044592,0.015919,20
1,Structured+FinBERT,Logistic,addr_state_UT,structured,0.005986,0.002137,41
1,Structured+FinBERT,Logistic,addr_state_VT,structured,0.02781,0.009928,28
1,Structured+FinBERT,Logistic,purpose_debt_consolidation,structured,0.014019,0.005004,37
1,Structured+FinBERT,Logistic,purpose_home_improvement,structured,0.011749,0.004194,38
1,Structured+FinBERT,Logistic,purpose_vacation,structured,0.057238,0.020433,14
1,Structured+FinBERT,Logistic,home_ownership_RENT,structured,0.016468,0.005879,33
1,Structured+FinBERT,Logistic,fb:has_desc,FinBERT,0.02299,0.008207,29
1,Structured+FinBERT,Logistic,fb:pca_001,FinBERT,0.019499,0.006961,32
1,Structured+FinBERT,Logistic,fb:pca_003,FinBERT,0.020029,0.00715,31
1,Structured+FinBERT,Logistic,fb:pca_004,FinBERT,0.005413,0.001932,43
1,Structured+FinBERT,Logistic,fb:pca_007,FinBERT,0.005896,0.002105,42
1,Structured+FinBERT,Logistic,fb:pca_012,FinBERT,0.053065,0.018944,16
1,Structured+FinBERT,XGBoost,acc_now_delinq,structured,0.0,0.0,50
1,Structured+FinBERT,XGBoost,avg_cur_bal,structured,0.0,0.0,49
1,Structured+FinBERT,XGBoost,chargeoff_within_12_mths,structured,21.89068,0.024747,10
1,Structured+FinBERT,XGBoost,collections_12_mths_ex_med,structured,24.454239,0.027645,5
1,Structured+FinBERT,XGBoost,delinq_amnt,structured,65.819839,0.074407,2
1,Structured+FinBERT,XGBoost,dti,structured,20.456312,0.023125,14
1,Structured+FinBERT,XGBoost,emp_length,structured,17.77228,0.020091,29
1,Structured+FinBERT,XGBoost,mo_sin_old_rev_tl_op,structured,0.0,0.0,48
1,Structured+FinBERT,XGBoost,mo_sin_rcnt_rev_tl_op,structured,0.0,0.0,47
1,Structured+FinBERT,XGBoost,mo_sin_rcnt_tl,structured,20.110268,0.022734,15
1,Structured+FinBERT,XGBoost,mort_acc,structured,24.329763,0.027504,6
1,Structured+FinBERT,XGBoost,mths_since_last_delinq,structured,19.24567,0.021757,17
1,Structured+FinBERT,XGBoost,mths_since_last_record,structured,21.108173,0.023862,12
1,Structured+FinBERT,XGBoost,mths_since_recent_bc_dlq,structured,38.590458,0.043625,3
1,Structured+FinBERT,XGBoost,mths_since_recent_inq,structured,22.465204,0.025396,9
1,Structured+FinBERT,XGBoost,mths_since_recent_revol_delinq,structured,21.045147,0.023791,13
1,Structured+FinBERT,XGBoost,num_accts_ever_120_pd,structured,11.132904,0.012585,36
1,Structured+FinBERT,XGBoost,num_bc_sats,structured,18.653488,0.021087,21
1,Structured+FinBERT,XGBoost,num_rev_accts,structured,0.0,0.0,43
1,Structured+FinBERT,XGBoost,num_tl_120dpd_2m,structured,18.558636,0.02098,23
1,Structured+FinBERT,XGBoost,num_tl_30dpd,structured,18.273638,0.020658,25
1,Structured+FinBERT,XGBoost,open_acc,structured,0.0,0.0,44
1,Structured+FinBERT,XGBoost,pct_tl_nvr_dlq,structured,23.657911,0.026744,8
1,Structured+FinBERT,XGBoost,revol_bal,structured,10.534757,0.011909,37
1,Structured+FinBERT,XGBoost,term,structured,14.844343,0.016781,35
1,Structured+FinBERT,XGBoost,tot_cur_bal,structured,17.54328,0.019832,30
1,Structured+FinBERT,XGBoost,total_il_high_credit_limit,structured,0.0,0.0,45
1,Structured+FinBERT,XGBoost,addr_state_AL,structured,0.0,0.0,46
1,Structured+FinBERT,XGBoost,addr_state_CO,structured,8.497505,0.009606,38
1,Structured+FinBERT,XGBoost,addr_state_HI,structured,0.0,0.0,42
1,Structured+FinBERT,XGBoost,addr_state_IL,structured,7.805904,0.008824,39
1,Structured+FinBERT,XGBoost,addr_state_MD,structured,23.920935,0.027042,7
1,Structured+FinBERT,XGBoost,addr_state_MS,structured,0.0,0.0,41
1,Structured+FinBERT,XGBoost,addr_state_NV,structured,17.221809,0.019469,32
1,Structured+FinBERT,XGBoost,addr_state_PA,structured,15.447205,0.017463,34
1,Structured+FinBERT,XGBoost,addr_state_SC,structured,33.548603,0.037926,4
1,Structured+FinBERT,XGBoost,addr_state_SD,structured,103.969734,0.117534,1
1,Structured+FinBERT,XGBoost,addr_state_TN,structured,0.0,0.0,40
1,Structured+FinBERT,XGBoost,addr_state_UT,structured,21.653036,0.024478,11
1,Structured+FinBERT,XGBoost,addr_state_VT,structured,16.753611,0.018939,33
1,Structured+FinBERT,XGBoost,purpose_debt_consolidation,structured,17.946625,0.020288,28
1,Structured+FinBERT,XGBoost,purpose_home_improvement,structured,18.144539,0.020512,27
1,Structured+FinBERT,XGBoost,purpose_vacation,structured,18.215879,0.020592,26
1,Structured+FinBERT,XGBoost,home_ownership_RENT,structured,19.086227,0.021576,18
1,Structured+FinBERT,XGBoost,fb:has_desc,FinBERT,19.040159,0.021524,19
1,Structured+FinBERT,XGBoost,fb:pca_001,FinBERT,19.694141,0.022264,16
1,Structured+FinBERT,XGBoost,fb:pca_003,FinBERT,18.526009,0.020943,24
1,Structured+FinBERT,XGBoost,fb:pca_004,FinBERT,17.359144,0.019624,31
1,Structured+FinBERT,XGBoost,fb:pca_007,FinBERT,18.697872,0.021137,20
1,Structured+FinBERT,XGBoost,fb:pca_012,FinBERT,18.574224,0.020998,22
1,Structured+FinBERT,RandomForest,acc_now_delinq,structured,0.0,0.0,50
1,Structured+FinBERT,RandomForest,avg_cur_bal,structured,0.0,0.0,49
1,Structured+FinBERT,RandomForest,chargeoff_within_12_mths,structured,0.048057,0.048057,7
1,Structured+FinBERT,RandomForest,collections_12_mths_ex_med,structured,0.024952,0.024952,11
1,Structured+FinBERT,RandomForest,delinq_amnt,structured,0.128471,0.128471,1
1,Structured+FinBERT,RandomForest,dti,structured,0.040792,0.040792,8
1,Structured+FinBERT,RandomForest,emp_length,structured,0.016923,0.016923,24
1,Structured+FinBERT,RandomForest,mo_sin_old_rev_tl_op,structured,0.0,0.0,48
1,Structured+FinBERT,RandomForest,mo_sin_rcnt_rev_tl_op,structured,0.0,0.0,47
1,Structured+FinBERT,RandomForest,mo_sin_rcnt_tl,structured,0.024581,0.024581,13
1,Structured+FinBERT,RandomForest,mort_acc,structured,0.007094,0.007094,25
1,Structured+FinBERT,RandomForest,mths_since_last_delinq,structured,0.004276,0.004276,27
1,Structured+FinBERT,RandomForest,mths_since_last_record,structured,0.058374,0.058374,5
1,Structured+FinBERT,RandomForest,mths_since_recent_bc_dlq,structured,0.050757,0.050757,6
1,Structured+FinBERT,RandomForest,mths_since_recent_inq,structured,0.039805,0.039805,9
1,Structured+FinBERT,RandomForest,mths_since_recent_revol_delinq,structured,0.072491,0.072491,4
1,Structured+FinBERT,RandomForest,num_accts_ever_120_pd,structured,0.0,0.0,38
1,Structured+FinBERT,RandomForest,num_bc_sats,structured,0.002665,0.002665,28
1,Structured+FinBERT,RandomForest,num_rev_accts,structured,0.0,0.0,44
1,Structured+FinBERT,RandomForest,num_tl_120dpd_2m,structured,0.000999,0.000999,31
1,Structured+FinBERT,RandomForest,num_tl_30dpd,structured,0.000258,0.000258,33
1,Structured+FinBERT,RandomForest,open_acc,structured,0.0,0.0,46
1,Structured+FinBERT,RandomForest,pct_tl_nvr_dlq,structured,0.000437,0.000437,32
1,Structured+FinBERT,RandomForest,revol_bal,structured,0.0,0.0,45
1,Structured+FinBERT,RandomForest,term,structured,0.0,0.0,42
1,Structured+FinBERT,RandomForest,tot_cur_bal,structured,0.000117,0.000117,35
1,Structured+FinBERT,RandomForest,total_il_high_credit_limit,structured,0.0,0.0,41
1,Structured+FinBERT,RandomForest,addr_state_AL,structured,0.0,0.0,40
1,Structured+FinBERT,RandomForest,addr_state_CO,structured,0.0,0.0,39
1,Structured+FinBERT,RandomForest,addr_state_HI,structured,0.0,0.0,43
1,Structured+FinBERT,RandomForest,addr_state_IL,structured,8.3e-05,8.3e-05,36
1,Structured+FinBERT,RandomForest,addr_state_MD,structured,0.006338,0.006338,26
1,Structured+FinBERT,RandomForest,addr_state_MS,structured,0.0,0.0,37
1,Structured+FinBERT,RandomForest,addr_state_NV,structured,0.000221,0.000221,34
1,Structured+FinBERT,RandomForest,addr_state_PA,structured,0.002034,0.002034,30
1,Structured+FinBERT,RandomForest,addr_state_SC,structured,0.078238,0.078238,3
1,Structured+FinBERT,RandomForest,addr_state_SD,structured,0.114882,0.114882,2
1,Structured+FinBERT,RandomForest,addr_state_TN,structured,0.002186,0.002186,29
1,Structured+FinBERT,RandomForest,addr_state_UT,structured,0.029152,0.029152,10
1,Structured+FinBERT,RandomForest,addr_state_VT,structured,0.022343,0.022343,16
1,Structured+FinBERT,RandomForest,purpose_debt_consolidation,structured,0.022199,0.022199,19
1,Structured+FinBERT,RandomForest,purpose_home_improvement,structured,0.021919,0.021919,20
1,Structured+FinBERT,RandomForest,purpose_vacation,structured,0.022989,0.022989,14
1,Structured+FinBERT,RandomForest,home_ownership_RENT,structured,0.022818,0.022818,15
1,Structured+FinBERT,RandomForest,fb:has_desc,FinBERT,0.022277,0.022277,18
1,Structured+FinBERT,RandomForest,fb:pca_001,FinBERT,0.024903,0.024903,12
1,Structured+FinBERT,RandomForest,fb:pca_003,FinBERT,0.021704,0.021704,21
1,Structured+FinBERT,RandomForest,fb:pca_004,FinBERT,0.021094,0.021094,23
1,Structured+FinBERT,RandomForest,fb:pca_007,FinBERT,0.02228,0.02228,17
1,Structured+FinBERT,RandomForest,fb:pca_012,FinBERT,0.021288,0.021288,22
2,Structured,Logistic,acc_now_delinq,structured,0.0,0.0,50
2,Structured,Logistic,acc_open_past_24mths,structured,0.313502,0.091685,2
2,Structured,Logistic,bc_open_to_buy,structured,0.021072,0.006162,34
2,Structured,Logistic,chargeoff_within_12_mths,structured,0.022722,0.006645,33
2,Structured,Logistic,delinq_2yrs,structured,0.212288,0.062085,5
2,Structured,Logistic,delinq_amnt,structured,0.474775,0.13885,1
2,Structured,Logistic,int_rate,structured,0.226647,0.066284,4
2,Structured,Logistic,mo_sin_old_il_acct,structured,0.0,0.0,49
2,Structured,Logistic,mo_sin_old_rev_tl_op,structured,0.0,0.0,48
2,Structured,Logistic,mo_sin_rcnt_tl,structured,0.000636,0.000186,43
2,Structured,Logistic,mort_acc,structured,0.13799,0.040356,7
2,Structured,Logistic,mths_since_last_delinq,structured,0.03187,0.00932,30
2,Structured,Logistic,mths_since_last_record,structured,0.098632,0.028845,10
2,Structured,Logistic,mths_since_recent_bc_dlq,structured,0.301529,0.088183,3
2,Structured,Logistic,mths_since_recent_inq,structured,0.072242,0.021127,15
2,Structured,Logistic,mths_since_recent_revol_delinq,structured,0.091205,0.026673,11
2,Structured,Logistic,num_actv_rev_tl,structured,0.039743,0.011623,25
2,Structured,Logistic,num_op_rev_tl,structured,0.144275,0.042194,6
2,Structured,Logistic,num_rev_accts,structured,0.006897,0.002017,41
2,Structured,Logistic,num_tl_30dpd,structured,0.038035,0.011123,28
2,Structured,Logistic,open_acc,structured,0.0,0.0,46
2,Structured,Logistic,percent_bc_gt_75,structured,0.0,0.0,47
2,Structured,Logistic,revol_util,structured,0.055834,0.016329,19
2,Structured,Logistic,tot_cur_bal,structured,0.038102,0.011143,27
2,Structured,Logistic,total_acc,structured,0.0,0.0,45
2,Structured,Logistic,total_bc_limit,structured,0.065351,0.019112,16
2,Structured,Logistic,total_rev_hi_lim,structured,0.013983,0.004089,37
2,Structured,Logistic,addr_state_AL,structured,0.008609,0.002518,39
2,Structured,Logistic,addr_state_AR,structured,0.050744,0.01484,20
2,Structured,Logistic,addr_state_AZ,structured,0.04286,0.012535,22
2,Structured,Logistic,addr_state_CO,structured,0.087394,0.025559,13
2,Structured,Logistic,addr_state_CT,structured,0.019875,0.005813,35
2,Structured,Logistic,addr_state_DC,structured,0.090371,0.026429,12
2,Structured,Logistic,addr_state_DE,structured,0.041891,0.012251,23
2,Structured,Logistic,addr_state_ID,structured,0.026143,0.007646,32
2,Structured,Logistic,addr_state_IL,structured,0.041454,0.012123,24
2,Structured,Logistic,addr_state_LA,structured,0.035381,0.010347,29
2,Structured,Logistic,addr_state_MD,structured,0.099249,0.029026,9
2,Structured,Logistic,addr_state_MO,structured,0.006428,0.00188,42
2,Structured,Logistic,addr_state_MS,structured,0.007849,0.002295,40
2,Structured,Logistic,addr_state_NE,structured,0.010488,0.003067,38
2,Structured,Logistic,addr_state_NH,structured,0.064697,0.018921,17
2,Structured,Logistic,addr_state_NJ,structured,0.076975,0.022512,14
2,Structured,Logistic,addr_state_NY,structured,0.0,0.0,44
2,Structured,Logistic,addr_state_OK,structured,0.057801,0.016904,18
2,Structured,Logistic,addr_state_OR,structured,0.027978,0.008182,31
2,Structured,Logistic,addr_state_PA,structured,0.019493,0.005701,36
2,Structured,Logistic,addr_state_RI,structured,0.046636,0.013639,21
2,Structured,Logistic,addr_state_SC,structured,0.038102,0.011143,26
2,Structured,Logistic,addr_state_SD,structured,0.111593,0.032636,8
2,Structured,XGBoost,acc_now_delinq,structured,0.0,0.0,50
2,Structured,XGBoost,acc_open_past_24mths,structured,25.848555,0.031815,7
2,Structured,XGBoost,bc_open_to_buy,structured,11.3286,0.013944,35
2,Structured,XGBoost,chargeoff_within_12_mths,structured,14.475861,0.017817,22
2,Structured,XGBoost,delinq_2yrs,structured,29.688976,0.036542,5
2,Structured,XGBoost,delinq_amnt,structured,47.158695,0.058045,4
2,Structured,XGBoost,int_rate,structured,22.383211,0.02755,8
2,Structured,XGBoost,mo_sin_old_il_acct,structured,0.0,0.0,49
2,Structured,XGBoost,mo_sin_old_rev_tl_op,structured,0.0,0.0,48
2,Structured,XGBoost,mo_sin_rcnt_tl,structured,14.584734,0.017951,21
2,Structured,XGBoost,mort_acc,structured,6.756353,0.008316,40
2,Structured,XGBoost,mths_since_last_delinq,structured,26.246458,0.032305,6
2,Structured,XGBoost,mths_since_last_record,structured,17.635876,0.021707,11
2,Structured,XGBoost,mths_since_recent_bc_dlq,structured,68.192627,0.083934,3
2,Structured,XGBoost,mths_since_recent_inq,structured,17.308031,0.021303,12
2,Structured,XGBoost,mths_since_recent_revol_delinq,structured,17.767401,0.021869,10
2,Structured,XGBoost,num_actv_rev_tl,structured,15.472355,0.019044,15
2,Structured,XGBoost,num_op_rev_tl,structured,13.597507,0.016736,29
2,Structured,XGBoost,num_rev_accts,structured,0.0,0.0,43
2,Structured,XGBoost,num_tl_30dpd,structured,16.043989,0.019748,14
2,Structured,XGBoost,open_acc,structured,0.0,0.0,44
2,Structured,XGBoost,percent_bc_gt_75,structured,0.0,0.0,45
2,Structured,XGBoost,revol_util,structured,14.31749,0.017623,24
2,Structured,XGBoost,tot_cur_bal,structured,15.19215,0.018699,17
2,Structured,XGBoost,total_acc,structured,0.0,0.0,46
2,Structured,XGBoost,total_bc_limit,structured,13.885578,0.017091,28
2,Structured,XGBoost,total_rev_hi_lim,structured,7.459503,0.009181,39
2,Structured,XGBoost,addr_state_AL,structured,11.247209,0.013843,36
2,Structured,XGBoost,addr_state_AR,structured,14.012174,0.017247,27
2,Structured,XGBoost,addr_state_AZ,structured,12.611516,0.015523,31
2,Structured,XGBoost,addr_state_CO,structured,11.814059,0.014541,34
2,Structured,XGBoost,addr_state_CT,structured,0.0,0.0,47
2,Structured,XGBoost,addr_state_DC,structured,15.229681,0.018745,16
2,Structured,XGBoost,addr_state_DE,structured,10.688558,0.013156,37
2,Structured,XGBoost,addr_state_ID,structured,0.0,0.0,41
2,Structured,XGBoost,addr_state_IL,structured,13.134866,0.016167,30
2,Structured,XGBoost,addr_state_LA,structured,9.970966,0.012273,38
2,Structured,XGBoost,addr_state_MD,structured,20.460508,0.025184,9
2,Structured,XGBoost,addr_state_MO,structured,14.919774,0.018364,19
2,Structured,XGBoost,addr_state_MS,structured,12.603918,0.015513,32
2,Structured,XGBoost,addr_state_NE,structured,14.450783,0.017787,23
2,Structured,XGBoost,addr_state_NH,structured,14.134244,0.017397,25
2,Structured,XGBoost,addr_state_NJ,structured,14.991696,0.018452,18
2,Structured,XGBoost,addr_state_NY,structured,0.0,0.0,42
2,Structured,XGBoost,addr_state_OK,structured,14.054228,0.017298,26
2,Structured,XGBoost,addr_state_OR,structured,16.293087,0.020054,13
2,Structured,XGBoost,addr_state_PA,structured,14.63509,0.018013,20
2,Structured,XGBoost,addr_state_RI,structured,12.570605,0.015472,33
2,Structured,XGBoost,addr_state_SC,structured,78.546219,0.096678,1
2,Structured,XGBoost,addr_state_SD,structured,70.741615,0.087071,2
2,Structured,RandomForest,acc_now_delinq,structured,0.0,0.0,50
2,Structured,RandomForest,acc_open_past_24mths,structured,0.117539,0.117539,2
2,Structured,RandomForest,bc_open_to_buy,structured,0.003765,0.003765,21
2,Structured,RandomForest,chargeoff_within_12_mths,structured,0.069653,0.069653,8
2,Structured,RandomForest,delinq_2yrs,structured,0.044848,0.044848,10
2,Structured,RandomForest,delinq_amnt,structured,0.144345,0.144345,1
2,Structured,RandomForest,int_rate,structured,0.008976,0.008976,13
2,Structured,RandomForest,mo_sin_old_il_acct,structured,0.0,0.0,49
2,Structured,RandomForest,mo_sin_old_rev_tl_op,structured,0.0,0.0,48
2,Structured,RandomForest,mo_sin_rcnt_tl,structured,0.039735,0.039735,11
2,Structured,RandomForest,mort_acc,structured,0.004893,0.004893,18
2,Structured,RandomForest,mths_since_last_delinq,structured,0.00396,0.00396,20
2,Structured,RandomForest,mths_since_last_record,structured,0.083426,0.083426,6
2,Structured,RandomForest,mths_since_recent_bc_dlq,structured,0.086278,0.086278,4
2,Structured,RandomForest,mths_since_recent_inq,structured,0.060608,0.060608,9
2,Structured,RandomForest,mths_since_recent_revol_delinq,structured,0.081418,0.081418,7
2,Structured,RandomForest,num_actv_rev_tl,structured,0.000294,0.000294,29
2,Structured,RandomForest,num_op_rev_tl,structured,0.00021,0.00021,30
2,Structured,RandomForest,num_rev_accts,structured,0.0,0.0,43
2,Structured,RandomForest,num_tl_30dpd,structured,0.001717,0.001717,25
2,Structured,RandomForest,open_acc,structured,0.0,0.0,44
2,Structured,RandomForest,percent_bc_gt_75,structured,0.0,0.0,45
2,Structured,RandomForest,revol_util,structured,0.001202,0.001202,26
2,Structured,RandomForest,tot_cur_bal,structured,0.000434,0.000434,28
2,Structured,RandomForest,total_acc,structured,0.0,0.0,46
2,Structured,RandomForest,total_bc_limit,structured,2.7e-05,2.7e-05,36
2,Structured,RandomForest,total_rev_hi_lim,structured,8e-06,8e-06,37
2,Structured,RandomForest,addr_state_AL,structured,0.0,0.0,47
2,Structured,RandomForest,addr_state_AR,structured,0.000107,0.000107,32
2,Structured,RandomForest,addr_state_AZ,structured,0.004065,0.004065,19
2,Structured,RandomForest,addr_state_CO,structured,5.1e-05,5.1e-05,33
2,Structured,RandomForest,addr_state_CT,structured,4.6e-05,4.6e-05,34
2,Structured,RandomForest,addr_state_DC,structured,0.002204,0.002204,23
2,Structured,RandomForest,addr_state_DE,structured,2e-06,2e-06,38
2,Structured,RandomForest,addr_state_ID,structured,0.0,0.0,39
2,Structured,RandomForest,addr_state_IL,structured,0.00103,0.00103,27
2,Structured,RandomForest,addr_state_LA,structured,0.0,0.0,40
2,Structured,RandomForest,addr_state_MD,structured,0.008624,0.008624,15
2,Structured,RandomForest,addr_state_MO,structured,0.002178,0.002178,24
2,Structured,RandomForest,addr_state_MS,structured,3.2e-05,3.2e-05,35
2,Structured,RandomForest,addr_state_NE,structured,0.000116,0.000116,31
2,Structured,RandomForest,addr_state_NH,structured,0.005048,0.005048,17
2,Structured,RandomForest,addr_state_NJ,structured,0.0,0.0,41
2,Structured,RandomForest,addr_state_NY,structured,0.0,0.0,42
2,Structured,RandomForest,addr_state_OK,structured,0.002941,0.002941,22
2,Structured,RandomForest,addr_state_OR,structured,0.009687,0.009687,12
2,Structured,RandomForest,addr_state_PA,structured,0.005929,0.005929,16
2,Structured,RandomForest,addr_state_RI,structured,0.008786,0.008786,14
2,Structured,RandomForest,addr_state_SC,structured,0.084609,0.084609,5
2,Structured,RandomForest,addr_state_SD,structured,0.111208,0.111208,3
2,Structured+FinBERT,Logistic,acc_open_past_24mths,structured,0.33589,0.094333,2
2,Structured+FinBERT,Logistic,collections_12_mths_ex_med,structured,0.0389,0.010925,25
2,Structured+FinBERT,Logistic,delinq_2yrs,structured,0.220246,0.061855,5
2,Structured+FinBERT,Logistic,delinq_amnt,structured,0.581846,0.163409,1
2,Structured+FinBERT,Logistic,dti,structured,0.032565,0.009146,27
2,Structured+FinBERT,Logistic,emp_length,structured,0.017779,0.004993,38
2,Structured+FinBERT,Logistic,mo_sin_old_rev_tl_op,structured,0.0,0.0,50
2,Structured+FinBERT,Logistic,mo_sin_rcnt_rev_tl_op,structured,0.0,0.0,49
2,Structured+FinBERT,Logistic,mo_sin_rcnt_tl,structured,0.021184,0.005949,35
2,Structured+FinBERT,Logistic,mths_since_last_delinq,structured,0.106653,0.029953,9
2,Structured+FinBERT,Logistic,mths_since_recent_bc_dlq,structured,0.301121,0.084568,3
2,Structured+FinBERT,Logistic,mths_since_recent_inq,structured,0.069212,0.019438,13
2,Structured+FinBERT,Logistic,mths_since_recent_revol_delinq,structured,0.137475,0.038609,7
2,Structured+FinBERT,Logistic,num_accts_ever_120_pd,structured,0.048757,0.013693,20
2,Structured+FinBERT,Logistic,num_actv_rev_tl,structured,0.024213,0.0068,32
2,Structured+FinBERT,Logistic,num_bc_sats,structured,0.082444,0.023154,11
2,Structured+FinBERT,Logistic,num_tl_120dpd_2m,structured,0.064874,0.01822,15
2,Structured+FinBERT,Logistic,num_tl_30dpd,structured,0.056405,0.015841,18
2,Structured+FinBERT,Logistic,open_acc,structured,0.0,0.0,47
2,Structured+FinBERT,Logistic,pct_tl_nvr_dlq,structured,0.049035,0.013771,19
2,Structured+FinBERT,Logistic,revol_bal,structured,0.024979,0.007015,31
2,Structured+FinBERT,Logistic,term,structured,0.030865,0.008668,29
2,Structured+FinBERT,Logistic,tot_cur_bal,structured,0.048369,0.013584,21
2,Structured+FinBERT,Logistic,total_bal_ex_mort,structured,0.246792,0.06931,4
2,Structured+FinBERT,Logistic,total_bc_limit,structured,0.073589,0.020667,12
2,Structured+FinBERT,Logistic,addr_state_DC,structured,0.066865,0.018779,14
2,Structured+FinBERT,Logistic,addr_state_HI,structured,0.0,0.0,48
2,Structured+FinBERT,Logistic,addr_state_IL,structured,0.020005,0.005618,36
2,Structured+FinBERT,Logistic,addr_state_KS,structured,0.061732,0.017337,17
2,Structured+FinBERT,Logistic,addr_state_MD,structured,0.117907,0.033114,8
2,Structured+FinBERT,Logistic,addr_state_MS,structured,0.000834,0.000234,46
2,Structured+FinBERT,Logistic,addr_state_NC,structured,0.013247,0.00372,40
2,Structured+FinBERT,Logistic,addr_state_NV,structured,0.101927,0.028626,10
2,Structured+FinBERT,Logistic,addr_state_PA,structured,0.002213,0.000622,44
2,Structured+FinBERT,Logistic,addr_state_SC,structured,0.023449,0.006586,34
2,Structured+FinBERT,Logistic,addr_state_SD,structured,0.183215,0.051455,6
2,Structured+FinBERT,Logistic,addr_state_TX,structured,0.042037,0.011806,23
2,Structured+FinBERT,Logistic,addr_state_WY,structured,0.002994,0.000841,43
2,Structured+FinBERT,Logistic,purpose_debt_consolidation,structured,0.032342,0.009083,28
2,Structured+FinBERT,Logistic,purpose_educational,structured,0.062972,0.017685,16
2,Structured+FinBERT,Logistic,purpose_major_purchase,structured,0.032722,0.00919,26
2,Structured+FinBERT,Logistic,purpose_medical,structured,0.013617,0.003824,39
2,Structured+FinBERT,Logistic,purpose_wedding,structured,0.042119,0.011829,22
2,Structured+FinBERT,Logistic,fb:has_desc,FinBERT,0.002103,0.000591,45
2,Structured+FinBERT,Logistic,fb:pca_001,FinBERT,0.008052,0.002261,41
2,Structured+FinBERT,Logistic,fb:pca_008,FinBERT,0.02384,0.006695,33
2,Structured+FinBERT,Logistic,fb:pca_009,FinBERT,0.039665,0.01114,24
2,Structured+FinBERT,Logistic,fb:pca_012,FinBERT,0.029197,0.0082,30
2,Structured+FinBERT,Logistic,fb:pca_015,FinBERT,0.005065,0.001422,42
2,Structured+FinBERT,Logistic,fb:pca_017,FinBERT,0.019372,0.00544,37
2,Structured+FinBERT,XGBoost,acc_open_past_24mths,structured,33.403095,0.028202,6
2,Structured+FinBERT,XGBoost,collections_12_mths_ex_med,structured,20.83198,0.017588,25
2,Structured+FinBERT,XGBoost,delinq_2yrs,structured,37.096588,0.031321,5
2,Structured+FinBERT,XGBoost,delinq_amnt,structured,70.961166,0.059913,4
2,Structured+FinBERT,XGBoost,dti,structured,20.177902,0.017036,29
2,Structured+FinBERT,XGBoost,emp_length,structured,19.366314,0.016351,35
2,Structured+FinBERT,XGBoost,mo_sin_old_rev_tl_op,structured,0.0,0.0,50
2,Structured+FinBERT,XGBoost,mo_sin_rcnt_rev_tl_op,structured,0.0,0.0,49
2,Structured+FinBERT,XGBoost,mo_sin_rcnt_tl,structured,17.693939,0.014939,37
2,Structured+FinBERT,XGBoost,mths_since_last_delinq,structured,29.729025,0.0251,7
2,Structured+FinBERT,XGBoost,mths_since_recent_bc_dlq,structured,78.001915,0.065857,3
2,Structured+FinBERT,XGBoost,mths_since_recent_inq,structured,22.261194,0.018795,16
2,Structured+FinBERT,XGBoost,mths_since_recent_revol_delinq,structured,25.059227,0.021158,9
2,Structured+FinBERT,XGBoost,num_accts_ever_120_pd,structured,23.814283,0.020106,10
2,Structured+FinBERT,XGBoost,num_actv_rev_tl,structured,21.402199,0.01807,21
2,Structured+FinBERT,XGBoost,num_bc_sats,structured,21.085789,0.017803,22
2,Structured+FinBERT,XGBoost,num_tl_120dpd_2m,structured,16.646746,0.014055,40
2,Structured+FinBERT,XGBoost,num_tl_30dpd,structured,16.999657,0.014353,39
2,Structured+FinBERT,XGBoost,open_acc,structured,0.0,0.0,47
2,Structured+FinBERT,XGBoost,pct_tl_nvr_dlq,structured,25.586548,0.021603,8
2,Structured+FinBERT,XGBoost,revol_bal,structured,11.565061,0.009764,42
2,Structured+FinBERT,XGBoost,term,structured,21.770313,0.018381,18
2,Structured+FinBERT,XGBoost,tot_cur_bal,structured,11.488011,0.009699,43
2,Structured+FinBERT,XGBoost,total_bal_ex_mort,structured,0.0,0.0,48
2,Structured+FinBERT,XGBoost,total_bc_limit,structured,15.297242,0.012915,41
2,Structured+FinBERT,XGBoost,addr_state_DC,structured,19.907763,0.016808,30
2,Structured+FinBERT,XGBoost,addr_state_HI,structured,0.0,0.0,46
2,Structured+FinBERT,XGBoost,addr_state_IL,structured,22.264027,0.018798,15
2,Structured+FinBERT,XGBoost,addr_state_KS,structured,17.086596,0.014426,38
2,Structured+FinBERT,XGBoost,addr_state_MD,structured,23.508293,0.019848,12
2,Structured+FinBERT,XGBoost,addr_state_MS,structured,0.0,0.0,45
2,Structured+FinBERT,XGBoost,addr_state_NC,structured,3.165813,0.002673,44
2,Structured+FinBERT,XGBoost,addr_state_NV,structured,21.020134,0.017747,23
2,Structured+FinBERT,XGBoost,addr_state_PA,structured,22.851156,0.019293,13
2,Structured+FinBERT,XGBoost,addr_state_SC,structured,85.293465,0.072013,2
2,Structured+FinBERT,XGBoost,addr_state_SD,structured,117.920601,0.09956,1
2,Structured+FinBERT,XGBoost,addr_state_TX,structured,19.84671,0.016757,31
2,Structured+FinBERT,XGBoost,addr_state_WY,structured,21.709118,0.018329,20
2,Structured+FinBERT,XGBoost,purpose_debt_consolidation,structured,19.809338,0.016725,32
2,Structured+FinBERT,XGBoost,purpose_educational,structured,20.960762,0.017697,24
2,Structured+FinBERT,XGBoost,purpose_major_purchase,structured,23.763052,0.020063,11
2,Structured+FinBERT,XGBoost,purpose_medical,structured,21.768782,0.018379,19
2,Structured+FinBERT,XGBoost,purpose_wedding,structured,22.27791,0.018809,14
2,Structured+FinBERT,XGBoost,fb:has_desc,FinBERT,19.560122,0.016515,34
2,Structured+FinBERT,XGBoost,fb:pca_001,FinBERT,21.986578,0.018563,17
2,Structured+FinBERT,XGBoost,fb:pca_008,FinBERT,20.179272,0.017037,28
2,Structured+FinBERT,XGBoost,fb:pca_009,FinBERT,20.699982,0.017477,26
2,Structured+FinBERT,XGBoost,fb:pca_012,FinBERT,20.560011,0.017359,27
2,Structured+FinBERT,XGBoost,fb:pca_015,FinBERT,19.578325,0.01653,33
2,Structured+FinBERT,XGBoost,fb:pca_017,FinBERT,18.455683,0.015582,36
2,Structured+FinBERT,RandomForest,acc_open_past_24mths,structured,0.087006,0.087006,3
2,Structured+FinBERT,RandomForest,collections_12_mths_ex_med,structured,0.022606,0.022606,12
2,Structured+FinBERT,RandomForest,delinq_2yrs,structured,0.031354,0.031354,9
2,Structured+FinBERT,RandomForest,delinq_amnt,structured,0.130478,0.130478,1
2,Structured+FinBERT,RandomForest,dti,structured,0.033491,0.033491,7
2,Structured+FinBERT,RandomForest,emp_length,structured,0.017233,0.017233,23
2,Structured+FinBERT,RandomForest,mo_sin_old_rev_tl_op,structured,0.0,0.0,50
2,Structured+FinBERT,RandomForest,mo_sin_rcnt_rev_tl_op,structured,0.0,0.0,49
2,Structured+FinBERT,RandomForest,mo_sin_rcnt_tl,structured,0.019887,0.019887,18
2,Structured+FinBERT,RandomForest,mths_since_last_delinq,structured,0.004769,0.004769,28
2,Structured+FinBERT,RandomForest,mths_since_recent_bc_dlq,structured,0.077476,0.077476,4
2,Structured+FinBERT,RandomForest,mths_since_recent_inq,structured,0.03308,0.03308,8
2,Structured+FinBERT,RandomForest,mths_since_recent_revol_delinq,structured,0.070666,0.070666,6
2,Structured+FinBERT,RandomForest,num_accts_ever_120_pd,structured,0.0,0.0,48
2,Structured+FinBERT,RandomForest,num_actv_rev_tl,structured,0.0,0.0,47
2,Structured+FinBERT,RandomForest,num_bc_sats,structured,0.001962,0.001962,30
2,Structured+FinBERT,RandomForest,num_tl_120dpd_2m,structured,0.000948,0.000948,33
2,Structured+FinBERT,RandomForest,num_tl_30dpd,structured,0.000407,0.000407,35
2,Structured+FinBERT,RandomForest,open_acc,structured,0.0,0.0,43
2,Structured+FinBERT,RandomForest,pct_tl_nvr_dlq,structured,0.001297,0.001297,31
2,Structured+FinBERT,RandomForest,revol_bal,structured,1.6e-05,1.6e-05,40
2,Structured+FinBERT,RandomForest,term,structured,3.1e-05,3.1e-05,38
2,Structured+FinBERT,RandomForest,tot_cur_bal,structured,0.000128,0.000128,36
2,Structured+FinBERT,RandomForest,total_bal_ex_mort,structured,0.0,0.0,44
2,Structured+FinBERT,RandomForest,total_bc_limit,structured,0.0,0.0,46
2,Structured+FinBERT,RandomForest,addr_state_DC,structured,0.001077,0.001077,32
2,Structured+FinBERT,RandomForest,addr_state_HI,structured,0.0,0.0,45
2,Structured+FinBERT,RandomForest,addr_state_IL,structured,5.4e-05,5.4e-05,37
2,Structured+FinBERT,RandomForest,addr_state_KS,structured,2.2e-05,2.2e-05,39
2,Structured+FinBERT,RandomForest,addr_state_MD,structured,0.004908,0.004908,27
2,Structured+FinBERT,RandomForest,addr_state_MS,structured,0.0,0.0,42
2,Structured+FinBERT,RandomForest,addr_state_NC,structured,0.0,0.0,41
2,Structured+FinBERT,RandomForest,addr_state_NV,structured,0.000458,0.000458,34
2,Structured+FinBERT,RandomForest,addr_state_PA,structured,0.002589,0.002589,29
2,Structured+FinBERT,RandomForest,addr_state_SC,structured,0.075826,0.075826,5
2,Structured+FinBERT,RandomForest,addr_state_SD,structured,0.10871,0.10871,2
2,Structured+FinBERT,RandomForest,addr_state_TX,structured,0.022855,0.022855,11
2,Structured+FinBERT,RandomForest,addr_state_WY,structured,0.020205,0.020205,16
2,Structured+FinBERT,RandomForest,purpose_debt_consolidation,structured,0.017549,0.017549,22
2,Structured+FinBERT,RandomForest,purpose_educational,structured,0.019196,0.019196,20
2,Structured+FinBERT,RandomForest,purpose_major_purchase,structured,0.023077,0.023077,10
2,Structured+FinBERT,RandomForest,purpose_medical,structured,0.019461,0.019461,19
2,Structured+FinBERT,RandomForest,purpose_wedding,structured,0.021584,0.021584,13
2,Structured+FinBERT,RandomForest,fb:has_desc,FinBERT,0.018437,0.018437,21
2,Structured+FinBERT,RandomForest,fb:pca_001,FinBERT,0.020128,0.020128,17
2,Structured+FinBERT,RandomForest,fb:pca_008,FinBERT,0.021528,0.021528,14
2,Structured+FinBERT,RandomForest,fb:pca_009,FinBERT,0.020744,0.020744,15
2,Structured+FinBERT,RandomForest,fb:pca_012,FinBERT,0.015832,0.015832,26
2,Structured+FinBERT,RandomForest,fb:pca_015,FinBERT,0.015844,0.015844,25
2,Structured+FinBERT,RandomForest,fb:pca_017,FinBERT,0.017083,0.017083,24
3,Structured,Logistic,acc_now_delinq,structured,0.0,0.0,50
3,Structured,Logistic,acc_open_past_24mths,structured,0.333954,0.108263,2
3,Structured,Logistic,bc_open_to_buy,structured,0.014806,0.0048,37
3,Structured,Logistic,bc_util,structured,0.0,0.0,49
3,Structured,Logistic,collections_12_mths_ex_med,structured,0.02734,0.008863,25
3,Structured,Logistic,delinq_2yrs,structured,0.225285,0.073034,5
3,Structured,Logistic,delinq_amnt,structured,0.399554,0.129529,1
3,Structured,Logistic,emp_length,structured,0.025835,0.008375,29
3,Structured,Logistic,inq_last_6mths,structured,0.0,0.0,47
3,Structured,Logistic,int_rate,structured,0.232438,0.075353,4
3,Structured,Logistic,mo_sin_old_rev_tl_op,structured,0.0,0.0,48
3,Structured,Logistic,mo_sin_rcnt_tl,structured,0.022781,0.007385,31
3,Structured,Logistic,mort_acc,structured,0.098077,0.031795,9
3,Structured,Logistic,mths_since_last_delinq,structured,0.010166,0.003296,40
3,Structured,Logistic,mths_since_last_record,structured,0.120983,0.039221,6
3,Structured,Logistic,mths_since_recent_bc_dlq,structured,0.299836,0.097202,3
3,Structured,Logistic,mths_since_recent_inq,structured,0.077446,0.025107,13
3,Structured,Logistic,mths_since_recent_revol_delinq,structured,0.077722,0.025196,12
3,Structured,Logistic,num_bc_sats,structured,0.11542,0.037417,7
3,Structured,Logistic,num_bc_tl,structured,0.022611,0.00733,32
3,Structured,Logistic,num_tl_120dpd_2m,structured,0.090461,0.029326,10
3,Structured,Logistic,num_tl_30dpd,structured,0.04597,0.014903,17
3,Structured,Logistic,open_acc,structured,0.0,0.0,44
3,Structured,Logistic,percent_bc_gt_75,structured,0.0,0.0,46
3,Structured,Logistic,pub_rec,structured,0.000924,0.0003,42
3,Structured,Logistic,revol_bal,structured,0.032668,0.010591,23
3,Structured,Logistic,revol_util,structured,0.012974,0.004206,39
3,Structured,Logistic,total_acc,structured,0.0,0.0,45
3,Structured,Logistic,total_rev_hi_lim,structured,0.034549,0.0112,22
3,Structured,Logistic,addr_state_AL,structured,0.02673,0.008666,27
3,Structured,Logistic,addr_state_AR,structured,0.066783,0.02165,15
3,Structured,Logistic,addr_state_DC,structured,0.045358,0.014704,18
3,Structured,Logistic,addr_state_FL,structured,0.022913,0.007428,30
3,Structured,Logistic,addr_state_IL,structured,0.016587,0.005377,35
3,Structured,Logistic,addr_state_IN,structured,0.003902,0.001265,41
3,Structured,Logistic,addr_state_KS,structured,0.039889,0.012931,19
3,Structured,Logistic,addr_state_LA,structured,0.013454,0.004362,38
3,Structured,Logistic,addr_state_MI,structured,0.082528,0.026754,11
3,Structured,Logistic,addr_state_MO,structured,0.021629,0.007012,33
3,Structured,Logistic,addr_state_MT,structured,0.027902,0.009045,24
3,Structured,Logistic,addr_state_NE,structured,0.035101,0.011379,21
3,Structured,Logistic,addr_state_NH,structured,0.109783,0.03559,8
3,Structured,Logistic,addr_state_NJ,structured,0.068023,0.022052,14
3,Structured,Logistic,addr_state_NY,structured,0.0,0.0,43
3,Structured,Logistic,addr_state_OK,structured,0.036228,0.011745,20
3,Structured,Logistic,addr_state_OR,structured,0.020137,0.006528,34
3,Structured,Logistic,addr_state_PA,structured,0.026775,0.00868,26
3,Structured,Logistic,addr_state_RI,structured,0.02667,0.008646,28
3,Structured,Logistic,addr_state_SC,structured,0.015375,0.004984,36
3,Structured,Logistic,addr_state_SD,structured,0.057097,0.01851,16
3,Structured,XGBoost,acc_now_delinq,structured,0.0,0.0,50
3,Structured,XGBoost,acc_open_past_24mths,structured,27.472511,0.02917,6
3,Structured,XGBoost,bc_open_to_buy,structured,13.587799,0.014427,31
3,Structured,XGBoost,bc_util,structured,0.0,0.0,49
3,Structured,XGBoost,collections_12_mths_ex_med,structured,18.779095,0.019939,14
3,Structured,XGBoost,delinq_2yrs,structured,32.100208,0.034083,5
3,Structured,XGBoost,delinq_amnt,structured,65.131416,0.069155,4
3,Structured,XGBoost,emp_length,structured,16.34708,0.017357,24
3,Structured,XGBoost,inq_last_6mths,structured,0.0,0.0,47
3,Structured,XGBoost,int_rate,structured,21.923065,0.023277,8
3,Structured,XGBoost,mo_sin_old_rev_tl_op,structured,0.0,0.0,48
3,Structured,XGBoost,mo_sin_rcnt_tl,structured,16.186567,0.017187,25
3,Structured,XGBoost,mort_acc,structured,8.33781,0.008853,41
3,Structured,XGBoost,mths_since_last_delinq,structured,25.282011,0.026844,7
3,Structured,XGBoost,mths_since_last_record,structured,20.453541,0.021717,11
3,Structured,XGBoost,mths_since_recent_bc_dlq,structured,78.464439,0.083312,3
3,Structured,XGBoost,mths_since_recent_inq,structured,18.524395,0.019669,15
3,Structured,XGBoost,mths_since_recent_revol_delinq,structured,21.164572,0.022472,9
3,Structured,XGBoost,num_bc_sats,structured,17.285774,0.018354,20
3,Structured,XGBoost,num_bc_tl,structured,10.502662,0.011151,39
3,Structured,XGBoost,num_tl_120dpd_2m,structured,18.239656,0.019366,16
3,Structured,XGBoost,num_tl_30dpd,structured,13.562326,0.0144,32
3,Structured,XGBoost,open_acc,structured,0.0,0.0,44
3,Structured,XGBoost,percent_bc_gt_75,structured,0.0,0.0,46
3,Structured,XGBoost,pub_rec,structured,13.435093,0.014265,33
3,Structured,XGBoost,revol_bal,structured,11.491514,0.012201,36
3,Structured,XGBoost,revol_util,structured,17.104731,0.018161,21
3,Structured,XGBoost,total_acc,structured,0.0,0.0,45
3,Structured,XGBoost,total_rev_hi_lim,structured,17.501736,0.018583,18
3,Structured,XGBoost,addr_state_AL,structured,16.614008,0.01764,23
3,Structured,XGBoost,addr_state_AR,structured,16.922129,0.017968,22
3,Structured,XGBoost,addr_state_DC,structured,14.203754,0.015081,30
3,Structured,XGBoost,addr_state_FL,structured,9.307125,0.009882,40
3,Structured,XGBoost,addr_state_IL,structured,14.780607,0.015694,29
3,Structured,XGBoost,addr_state_IN,structured,0.0,0.0,43
3,Structured,XGBoost,addr_state_KS,structured,10.568344,0.011221,38
3,Structured,XGBoost,addr_state_LA,structured,11.660093,0.01238,35
3,Structured,XGBoost,addr_state_MI,structured,18.928967,0.020098,13
3,Structured,XGBoost,addr_state_MO,structured,13.195551,0.014011,34
3,Structured,XGBoost,addr_state_MT,structured,17.420841,0.018497,19
3,Structured,XGBoost,addr_state_NE,structured,19.588488,0.020799,12
3,Structured,XGBoost,addr_state_NH,structured,20.857887,0.022146,10
3,Structured,XGBoost,addr_state_NJ,structured,15.668263,0.016636,27
3,Structured,XGBoost,addr_state_NY,structured,0.0,0.0,42
3,Structured,XGBoost,addr_state_OK,structured,15.715882,0.016687,26
3,Structured,XGBoost,addr_state_OR,structured,17.840736,0.018943,17
3,Structured,XGBoost,addr_state_PA,structured,10.654246,0.011312,37
3,Structured,XGBoost,addr_state_RI,structured,14.970057,0.015895,28
3,Structured,XGBoost,addr_state_SC,structured,90.915459,0.096532,1
3,Structured,XGBoost,addr_state_SD,structured,89.127907,0.094634,2
3,Structured,RandomForest,acc_now_delinq,structured,0.0,0.0,50
3,Structured,RandomForest,acc_open_past_24mths,structured,0.117445,0.117445,2
3,Structured,RandomForest,bc_open_to_buy,structured,0.003101,0.003101,23
3,Structured,RandomForest,bc_util,structured,0.0,0.0,49
3,Structured,RandomForest,collections_12_mths_ex_med,structured,0.038884,0.038884,11
3,Structured,RandomForest,delinq_2yrs,structured,0.043817,0.043817,9
3,Structured,RandomForest,delinq_amnt,structured,0.139663,0.139663,1
3,Structured,RandomForest,emp_length,structured,0.03102,0.03102,12
3,Structured,RandomForest,inq_last_6mths,structured,0.0,0.0,47
3,Structured,RandomForest,int_rate,structured,0.010388,0.010388,14
3,Structured,RandomForest,mo_sin_old_rev_tl_op,structured,0.0,0.0,48
3,Structured,RandomForest,mo_sin_rcnt_tl,structured,0.042486,0.042486,10
3,Structured,RandomForest,mort_acc,structured,0.007845,0.007845,17
3,Structured,RandomForest,mths_since_last_delinq,structured,0.004342,0.004342,21
3,Structured,RandomForest,mths_since_last_record,structured,0.086221,0.086221,5
3,Structured,RandomForest,mths_since_recent_bc_dlq,structured,0.087065,0.087065,4
3,Structured,RandomForest,mths_since_recent_inq,structured,0.059313,0.059313,8
3,Structured,RandomForest,mths_since_recent_revol_delinq,structured,0.074986,0.074986,6
3,Structured,RandomForest,num_bc_sats,structured,0.00645,0.00645,19
3,Structured,RandomForest,num_bc_tl,structured,0.000323,0.000323,32
3,Structured,RandomForest,num_tl_120dpd_2m,structured,0.00359,0.00359,22
3,Structured,RandomForest,num_tl_30dpd,structured,0.001269,0.001269,28
3,Structured,RandomForest,open_acc,structured,0.0,0.0,43
3,Structured,RandomForest,percent_bc_gt_75,structured,0.0,0.0,44
3,Structured,RandomForest,pub_rec,structured,0.0,0.0,46
3,Structured,RandomForest,revol_bal,structured,0.000115,0.000115,35
3,Structured,RandomForest,revol_util,structured,0.001088,0.001088,29
3,Structured,RandomForest,total_acc,structured,0.0,0.0,45
3,Structured,RandomForest,total_rev_hi_lim,structured,0.0,0.0,42
3,Structured,RandomForest,addr_state_AL,structured,8e-06,8e-06,37
3,Structured,RandomForest,addr_state_AR,structured,0.000266,0.000266,33
3,Structured,RandomForest,addr_state_DC,structured,0.001625,0.001625,27
3,Structured,RandomForest,addr_state_FL,structured,2.7e-05,2.7e-05,36
3,Structured,RandomForest,addr_state_IL,structured,0.000958,0.000958,30
3,Structured,RandomForest,addr_state_IN,structured,0.0,0.0,39
3,Structured,RandomForest,addr_state_KS,structured,0.000374,0.000374,31
3,Structured,RandomForest,addr_state_LA,structured,3e-06,3e-06,38
3,Structured,RandomForest,addr_state_MI,structured,0.01272,0.01272,13
3,Structured,RandomForest,addr_state_MO,structured,0.002083,0.002083,25
3,Structured,RandomForest,addr_state_MT,structured,0.00177,0.00177,26
3,Structured,RandomForest,addr_state_NE,structured,0.000237,0.000237,34
3,Structured,RandomForest,addr_state_NH,structured,0.004879,0.004879,20
3,Structured,RandomForest,addr_state_NJ,structured,0.0,0.0,41
3,Structured,RandomForest,addr_state_NY,structured,0.0,0.0,40
3,Structured,RandomForest,addr_state_OK,structured,0.002955,0.002955,24
3,Structured,RandomForest,addr_state_OR,structured,0.010073,0.010073,15
3,Structured,RandomForest,addr_state_PA,structured,0.006737,0.006737,18
3,Structured,RandomForest,addr_state_RI,structured,0.008444,0.008444,16
3,Structured,RandomForest,addr_state_SC,structured,0.070125,0.070125,7
3,Structured,RandomForest,addr_state_SD,structured,0.117303,0.117303,3
3,Structured+FinBERT,Logistic,acc_open_past_24mths,structured,0.299968,0.106764,3
3,Structured+FinBERT,Logistic,bc_open_to_buy,structured,0.016199,0.005765,34
3,Structured+FinBERT,Logistic,delinq_2yrs,structured,0.228766,0.081422,4
3,Structured+FinBERT,Logistic,delinq_amnt,structured,0.43844,0.156048,1
3,Structured+FinBERT,Logistic,emp_length,structured,0.036475,0.012982,20
3,Structured+FinBERT,Logistic,inq_last_6mths,structured,0.0,0.0,49
3,Structured+FinBERT,Logistic,mo_sin_rcnt_rev_tl_op,structured,0.0,0.0,50
3,Structured+FinBERT,Logistic,mort_acc,structured,0.099706,0.035487,7
3,Structured+FinBERT,Logistic,mths_since_last_delinq,structured,0.032651,0.011621,24
3,Structured+FinBERT,Logistic,mths_since_last_record,structured,0.127016,0.045207,5
3,Structured+FinBERT,Logistic,mths_since_recent_bc_dlq,structured,0.309384,0.110115,2
3,Structured+FinBERT,Logistic,mths_since_recent_revol_delinq,structured,0.049157,0.017496,17
3,Structured+FinBERT,Logistic,num_accts_ever_120_pd,structured,0.057796,0.020571,13
3,Structured+FinBERT,Logistic,num_actv_rev_tl,structured,0.014562,0.005183,37
3,Structured+FinBERT,Logistic,num_bc_sats,structured,0.099749,0.035503,6
3,Structured+FinBERT,Logistic,num_bc_tl,structured,0.021244,0.007561,31
3,Structured+FinBERT,Logistic,num_tl_120dpd_2m,structured,0.087658,0.031199,8
3,Structured+FinBERT,Logistic,open_acc,structured,0.0,0.0,47
3,Structured+FinBERT,Logistic,percent_bc_gt_75,structured,0.0,0.0,48
3,Structured+FinBERT,Logistic,pub_rec_bankruptcies,structured,0.022626,0.008053,30
3,Structured+FinBERT,Logistic,revol_bal,structured,0.031879,0.011346,25
3,Structured+FinBERT,Logistic,tot_cur_bal,structured,0.048526,0.017271,18
3,Structured+FinBERT,Logistic,addr_state_AL,structured,0.028344,0.010088,26
3,Structured+FinBERT,Logistic,addr_state_DC,structured,0.049283,0.017541,16
3,Structured+FinBERT,Logistic,addr_state_FL,structured,0.023377,0.00832,29
3,Structured+FinBERT,Logistic,addr_state_HI,structured,0.0,0.0,46
3,Structured+FinBERT,Logistic,addr_state_KS,structured,0.036813,0.013103,19
3,Structured+FinBERT,Logistic,addr_state_MT,structured,0.00865,0.003079,41
3,Structured+FinBERT,Logistic,addr_state_NH,structured,0.060773,0.02163,12
3,Structured+FinBERT,Logistic,addr_state_RI,structured,0.025257,0.008989,27
3,Structured+FinBERT,Logistic,addr_state_SC,structured,0.017337,0.006171,32
3,Structured+FinBERT,Logistic,addr_state_SD,structured,0.057129,0.020333,15
3,Structured+FinBERT,Logistic,addr_state_UT,structured,0.024438,0.008698,28
3,Structured+FinBERT,Logistic,addr_state_VA,structured,0.065129,0.023181,9
3,Structured+FinBERT,Logistic,addr_state_WI,structured,0.014799,0.005267,36
3,Structured+FinBERT,Logistic,addr_state_WV,structured,0.065013,0.023139,10
3,Structured+FinBERT,Logistic,purpose_credit_card,structured,0.061569,0.021913,11
3,Structured+FinBERT,Logistic,purpose_home_improvement,structured,0.014823,0.005276,35
3,Structured+FinBERT,Logistic,purpose_house,structured,0.035266,0.012552,23
3,Structured+FinBERT,Logistic,purpose_medical,structured,0.007939,0.002826,42
3,Structured+FinBERT,Logistic,home_ownership_NONE,structured,0.009729,0.003463,40
3,Structured+FinBERT,Logistic,verification_status_Verified,structured,0.007869,0.002801,43
3,Structured+FinBERT,Logistic,grade_ord,structured,0.036066,0.012837,21
3,Structured+FinBERT,Logistic,fb:pca_000,FinBERT,0.012079,0.004299,38
3,Structured+FinBERT,Logistic,fb:pca_006,FinBERT,0.002965,0.001055,44
3,Structured+FinBERT,Logistic,fb:pca_011,FinBERT,0.016759,0.005965,33
3,Structured+FinBERT,Logistic,fb:pca_012,FinBERT,0.035651,0.012689,22
3,Structured+FinBERT,Logistic,fb:pca_014,FinBERT,0.011996,0.00427,39
3,Structured+FinBERT,Logistic,fb:pca_017,FinBERT,0.057239,0.020372,14
3,Structured+FinBERT,Logistic,fb:pca_020,FinBERT,0.001545,0.00055,45
3,Structured+FinBERT,XGBoost,acc_open_past_24mths,structured,40.612698,0.029583,5
3,Structured+FinBERT,XGBoost,bc_open_to_buy,structured,14.729242,0.010729,40
3,Structured+FinBERT,XGBoost,delinq_2yrs,structured,38.450199,0.028008,6
3,Structured+FinBERT,XGBoost,delinq_amnt,structured,100.665428,0.073327,3
3,Structured+FinBERT,XGBoost,emp_length,structured,21.732605,0.015831,28
3,Structured+FinBERT,XGBoost,inq_last_6mths,structured,0.0,0.0,49
3,Structured+FinBERT,XGBoost,mo_sin_rcnt_rev_tl_op,structured,0.0,0.0,50
3,Structured+FinBERT,XGBoost,mort_acc,structured,35.478065,0.025843,8
3,Structured+FinBERT,XGBoost,mths_since_last_delinq,structured,35.721146,0.02602,7
3,Structured+FinBERT,XGBoost,mths_since_last_record,structured,28.124132,0.020486,11
3,Structured+FinBERT,XGBoost,mths_since_recent_bc_dlq,structured,97.073486,0.07071,4
3,Structured+FinBERT,XGBoost,mths_since_recent_revol_delinq,structured,29.16806,0.021247,10
3,Structured+FinBERT,XGBoost,num_accts_ever_120_pd,structured,20.959457,0.015267,31
3,Structured+FinBERT,XGBoost,num_actv_rev_tl,structured,30.030537,0.021875,9
3,Structured+FinBERT,XGBoost,num_bc_sats,structured,23.618843,0.017204,19
3,Structured+FinBERT,XGBoost,num_bc_tl,structured,20.26351,0.01476,35
3,Structured+FinBERT,XGBoost,num_tl_120dpd_2m,structured,21.496178,0.015658,30
3,Structured+FinBERT,XGBoost,open_acc,structured,0.0,0.0,43
3,Structured+FinBERT,XGBoost,percent_bc_gt_75,structured,0.0,0.0,44
3,Structured+FinBERT,XGBoost,pub_rec_bankruptcies,structured,0.0,0.0,45
3,Structured+FinBERT,XGBoost,revol_bal,structured,10.761567,0.007839,42
3,Structured+FinBERT,XGBoost,tot_cur_bal,structured,16.946177,0.012344,39
3,Structured+FinBERT,XGBoost,addr_state_AL,structured,23.132437,0.01685,22
3,Structured+FinBERT,XGBoost,addr_state_DC,structured,19.919037,0.014509,36
3,Structured+FinBERT,XGBoost,addr_state_FL,structured,0.0,0.0,46
3,Structured+FinBERT,XGBoost,addr_state_HI,structured,0.0,0.0,47
3,Structured+FinBERT,XGBoost,addr_state_KS,structured,0.0,0.0,48
3,Structured+FinBERT,XGBoost,addr_state_MT,structured,19.142797,0.013944,38
3,Structured+FinBERT,XGBoost,addr_state_NH,structured,23.836491,0.017363,17
3,Structured+FinBERT,XGBoost,addr_state_RI,structured,13.671777,0.009959,41
3,Structured+FinBERT,XGBoost,addr_state_SC,structured,118.087387,0.086017,2
3,Structured+FinBERT,XGBoost,addr_state_SD,structured,159.839752,0.116431,1
3,Structured+FinBERT,XGBoost,addr_state_UT,structured,25.064547,0.018258,13
3,Structured+FinBERT,XGBoost,addr_state_VA,structured,25.272646,0.018409,12
3,Structured+FinBERT,XGBoost,addr_state_WI,structured,22.159065,0.016141,27
3,Structured+FinBERT,XGBoost,addr_state_WV,structured,23.130524,0.016849,23
3,Structured+FinBERT,XGBoost,purpose_credit_card,structured,23.87628,0.017392,16
3,Structured+FinBERT,XGBoost,purpose_home_improvement,structured,23.64147,0.017221,18
3,Structured+FinBERT,XGBoost,purpose_house,structured,23.14012,0.016856,21
3,Structured+FinBERT,XGBoost,purpose_medical,structured,22.246206,0.016205,26
3,Structured+FinBERT,XGBoost,home_ownership_NONE,structured,24.406603,0.017778,15
3,Structured+FinBERT,XGBoost,verification_status_Verified,structured,22.616236,0.016474,24
3,Structured+FinBERT,XGBoost,grade_ord,structured,21.540285,0.01569,29
3,Structured+FinBERT,XGBoost,fb:pca_000,FinBERT,20.75931,0.015122,33
3,Structured+FinBERT,XGBoost,fb:pca_006,FinBERT,20.815376,0.015162,32
3,Structured+FinBERT,XGBoost,fb:pca_011,FinBERT,19.672264,0.01433,37
3,Structured+FinBERT,XGBoost,fb:pca_012,FinBERT,23.373867,0.017026,20
3,Structured+FinBERT,XGBoost,fb:pca_014,FinBERT,22.472311,0.016369,25
3,Structured+FinBERT,XGBoost,fb:pca_017,FinBERT,24.778584,0.018049,14
3,Structured+FinBERT,XGBoost,fb:pca_020,FinBERT,20.403238,0.014862,34
3,Structured+FinBERT,RandomForest,acc_open_past_24mths,structured,0.090199,0.090199,3
3,Structured+FinBERT,RandomForest,bc_open_to_buy,structured,0.001213,0.001213,34
3,Structured+FinBERT,RandomForest,delinq_2yrs,structured,0.031493,0.031493,8
3,Structured+FinBERT,RandomForest,delinq_amnt,structured,0.127452,0.127452,1
3,Structured+FinBERT,RandomForest,emp_length,structured,0.01654,0.01654,25
3,Structured+FinBERT,RandomForest,inq_last_6mths,structured,0.0,0.0,49
3,Structured+FinBERT,RandomForest,mo_sin_rcnt_rev_tl_op,structured,0.0,0.0,50
3,Structured+FinBERT,RandomForest,mort_acc,structured,0.007877,0.007877,28
3,Structured+FinBERT,RandomForest,mths_since_last_delinq,structured,0.00547,0.00547,29
3,Structured+FinBERT,RandomForest,mths_since_last_record,structured,0.062538,0.062538,6
3,Structured+FinBERT,RandomForest,mths_since_recent_bc_dlq,structured,0.079491,0.079491,4
3,Structured+FinBERT,RandomForest,mths_since_recent_revol_delinq,structured,0.054409,0.054409,7
3,Structured+FinBERT,RandomForest,num_accts_ever_120_pd,structured,1.5e-05,1.5e-05,40
3,Structured+FinBERT,RandomForest,num_actv_rev_tl,structured,9e-05,9e-05,38
3,Structured+FinBERT,RandomForest,num_bc_sats,structured,0.003097,0.003097,31
3,Structured+FinBERT,RandomForest,num_bc_tl,structured,0.0,0.0,48
3,Structured+FinBERT,RandomForest,num_tl_120dpd_2m,structured,0.001304,0.001304,33
3,Structured+FinBERT,RandomForest,open_acc,structured,0.0,0.0,43
3,Structured+FinBERT,RandomForest,percent_bc_gt_75,structured,0.0,0.0,44
3,Structured+FinBERT,RandomForest,pub_rec_bankruptcies,structured,0.0,0.0,45
3,Structured+FinBERT,RandomForest,revol_bal,structured,1.2e-05,1.2e-05,41
3,Structured+FinBERT,RandomForest,tot_cur_bal,structured,0.000133,0.000133,37
3,Structured+FinBERT,RandomForest,addr_state_AL,structured,0.0,0.0,46
3,Structured+FinBERT,RandomForest,addr_state_DC,structured,0.00048,0.00048,35
3,Structured+FinBERT,RandomForest,addr_state_FL,structured,1.7e-05,1.7e-05,39
3,Structured+FinBERT,RandomForest,addr_state_HI,structured,0.0,0.0,42
3,Structured+FinBERT,RandomForest,addr_state_KS,structured,0.0,0.0,47
3,Structured+FinBERT,RandomForest,addr_state_MT,structured,0.000404,0.000404,36
3,Structured+FinBERT,RandomForest,addr_state_NH,structured,0.002091,0.002091,32
3,Structured+FinBERT,RandomForest,addr_state_RI,structured,0.004424,0.004424,30
3,Structured+FinBERT,RandomForest,addr_state_SC,structured,0.073433,0.073433,5
3,Structured+FinBERT,RandomForest,addr_state_SD,structured,0.103579,0.103579,2
3,Structured+FinBERT,RandomForest,addr_state_UT,structured,0.022607,0.022607,10
3,Structured+FinBERT,RandomForest,addr_state_VA,structured,0.023757,0.023757,9
3,Structured+FinBERT,RandomForest,addr_state_WI,structured,0.017218,0.017218,22
3,Structured+FinBERT,RandomForest,addr_state_WV,structured,0.019807,0.019807,12
3,Structured+FinBERT,RandomForest,purpose_credit_card,structured,0.019348,0.019348,14
3,Structured+FinBERT,RandomForest,purpose_home_improvement,structured,0.0175,0.0175,19
3,Structured+FinBERT,RandomForest,purpose_house,structured,0.020553,0.020553,11
3,Structured+FinBERT,RandomForest,purpose_medical,structured,0.017263,0.017263,21
3,Structured+FinBERT,RandomForest,home_ownership_NONE,structured,0.019647,0.019647,13
3,Structured+FinBERT,RandomForest,verification_status_Verified,structured,0.018046,0.018046,17
3,Structured+FinBERT,RandomForest,grade_ord,structured,0.017349,0.017349,20
3,Structured+FinBERT,RandomForest,fb:pca_000,FinBERT,0.015849,0.015849,27
3,Structured+FinBERT,RandomForest,fb:pca_006,FinBERT,0.017671,0.017671,18
3,Structured+FinBERT,RandomForest,fb:pca_011,FinBERT,0.016906,0.016906,23
3,Structured+FinBERT,RandomForest,fb:pca_012,FinBERT,0.016199,0.016199,26
3,Structured+FinBERT,RandomForest,fb:pca_014,FinBERT,0.019155,0.019155,15
3,Structured+FinBERT,RandomForest,fb:pca_017,FinBERT,0.018714,0.018714,16
3,Structured+FinBERT,RandomForest,fb:pca_020,FinBERT,0.016649,0.016649,24
4,Structured,Logistic,acc_open_past_24mths,structured,0.348279,0.109663,2
4,Structured,Logistic,bc_open_to_buy,structured,0.009646,0.003037,37
4,Structured,Logistic,bc_util,structured,0.0,0.0,50
4,Structured,Logistic,chargeoff_within_12_mths,structured,0.01618,0.005094,31
4,Structured,Logistic,delinq_2yrs,structured,0.187102,0.058913,5
4,Structured,Logistic,delinq_amnt,structured,0.5546,0.174627,1
4,Structured,Logistic,dti,structured,0.004684,0.001475,40
4,Structured,Logistic,emp_length,structured,0.001108,0.000349,44
4,Structured,Logistic,int_rate,structured,0.115169,0.036263,8
4,Structured,Logistic,mo_sin_old_rev_tl_op,structured,0.0,0.0,49
4,Structured,Logistic,mo_sin_rcnt_tl,structured,0.014653,0.004614,34
4,Structured,Logistic,mort_acc,structured,0.015448,0.004864,33
4,Structured,Logistic,mths_since_last_delinq,structured,0.020613,0.006491,26
4,Structured,Logistic,mths_since_last_record,structured,0.145122,0.045695,7
4,Structured,Logistic,mths_since_recent_bc_dlq,structured,0.309004,0.097296,3
4,Structured,Logistic,mths_since_recent_inq,structured,0.08601,0.027082,10
4,Structured,Logistic,mths_since_recent_revol_delinq,structured,0.091571,0.028833,9
4,Structured,Logistic,num_actv_rev_tl,structured,0.029937,0.009426,21
4,Structured,Logistic,num_bc_tl,structured,0.017996,0.005666,29
4,Structured,Logistic,num_op_rev_tl,structured,0.175552,0.055276,6
4,Structured,Logistic,num_tl_120dpd_2m,structured,0.077139,0.024289,12
4,Structured,Logistic,num_tl_30dpd,structured,0.023479,0.007393,24
4,Structured,Logistic,open_acc,structured,0.0,0.0,47
4,Structured,Logistic,pub_rec,structured,0.003787,0.001192,41
4,Structured,Logistic,pub_rec_bankruptcies,structured,0.008386,0.002641,38
4,Structured,Logistic,revol_util,structured,0.02003,0.006307,27
4,Structured,Logistic,term,structured,0.035299,0.011114,20
4,Structured,Logistic,tot_coll_amt,structured,0.015807,0.004977,32
4,Structured,Logistic,total_acc,structured,0.0,0.0,48
4,Structured,Logistic,total_bal_ex_mort,structured,0.017422,0.005486,30
4,Structured,Logistic,total_rev_hi_lim,structured,0.011401,0.00359,36
4,Structured,Logistic,addr_state_AL,structured,0.02649,0.008341,23
4,Structured,Logistic,addr_state_AR,structured,0.054612,0.017196,16
4,Structured,Logistic,addr_state_CT,structured,0.007434,0.002341,39
4,Structured,Logistic,addr_state_DC,structured,0.047118,0.014836,19
4,Structured,Logistic,addr_state_FL,structured,0.000545,0.000172,45
4,Structured,Logistic,addr_state_IL,structured,0.050653,0.015949,18
4,Structured,Logistic,addr_state_IN,structured,0.02139,0.006735,25
4,Structured,Logistic,addr_state_LA,structured,0.001821,0.000574,43
4,Structured,Logistic,addr_state_MI,structured,0.059154,0.018626,15
4,Structured,Logistic,addr_state_MO,structured,0.019767,0.006224,28
4,Structured,Logistic,addr_state_MT,structured,0.001906,0.0006,42
4,Structured,Logistic,addr_state_NH,structured,0.083686,0.02635,11
4,Structured,Logistic,addr_state_NJ,structured,0.067953,0.021396,14
4,Structured,Logistic,addr_state_NY,structured,0.0,0.0,46
4,Structured,Logistic,addr_state_OR,structured,0.02715,0.008549,22
4,Structured,Logistic,addr_state_PA,structured,0.051589,0.016244,17
4,Structured,Logistic,addr_state_RI,structured,0.068385,0.021533,13
4,Structured,Logistic,addr_state_SC,structured,0.013423,0.004226,35
4,Structured,Logistic,addr_state_SD,structured,0.217412,0.068457,4
4,Structured,XGBoost,acc_open_past_24mths,structured,36.730309,0.03492,5
4,Structured,XGBoost,bc_open_to_buy,structured,16.115688,0.015321,31
4,Structured,XGBoost,bc_util,structured,0.0,0.0,50
4,Structured,XGBoost,chargeoff_within_12_mths,structured,17.315416,0.016462,27
4,Structured,XGBoost,delinq_2yrs,structured,35.451767,0.033705,6
4,Structured,XGBoost,delinq_amnt,structured,124.102364,0.117986,1
4,Structured,XGBoost,dti,structured,19.5658,0.018601,17
4,Structured,XGBoost,emp_length,structured,16.998158,0.01616,28
4,Structured,XGBoost,int_rate,structured,28.062511,0.026679,8
4,Structured,XGBoost,mo_sin_old_rev_tl_op,structured,0.0,0.0,49
4,Structured,XGBoost,mo_sin_rcnt_tl,structured,17.914089,0.017031,24
4,Structured,XGBoost,mort_acc,structured,0.0,0.0,48
4,Structured,XGBoost,mths_since_last_delinq,structured,34.174885,0.032491,7
4,Structured,XGBoost,mths_since_last_record,structured,26.144577,0.024856,9
4,Structured,XGBoost,mths_since_recent_bc_dlq,structured,109.319908,0.103932,2
4,Structured,XGBoost,mths_since_recent_inq,structured,20.962671,0.01993,15
4,Structured,XGBoost,mths_since_recent_revol_delinq,structured,21.670816,0.020603,14
4,Structured,XGBoost,num_actv_rev_tl,structured,16.04335,0.015253,32
4,Structured,XGBoost,num_bc_tl,structured,9.925811,0.009437,39
4,Structured,XGBoost,num_op_rev_tl,structured,21.705894,0.020636,13
4,Structured,XGBoost,num_tl_120dpd_2m,structured,23.116722,0.021977,10
4,Structured,XGBoost,num_tl_30dpd,structured,17.758343,0.016883,25
4,Structured,XGBoost,open_acc,structured,0.0,0.0,47
4,Structured,XGBoost,pub_rec,structured,12.892382,0.012257,35
4,Structured,XGBoost,pub_rec_bankruptcies,structured,0.0,0.0,46
4,Structured,XGBoost,revol_util,structured,12.863999,0.01223,36
4,Structured,XGBoost,term,structured,16.59565,0.015778,30
4,Structured,XGBoost,tot_coll_amt,structured,11.748066,0.011169,38
4,Structured,XGBoost,total_acc,structured,0.0,0.0,45
4,Structured,XGBoost,total_bal_ex_mort,structured,0.0,0.0,44
4,Structured,XGBoost,total_rev_hi_lim,structured,19.183607,0.018238,19
4,Structured,XGBoost,addr_state_AL,structured,22.206329,0.021112,11
4,Structured,XGBoost,addr_state_AR,structured,19.520784,0.018559,18
4,Structured,XGBoost,addr_state_CT,structured,0.0,0.0,43
4,Structured,XGBoost,addr_state_DC,structured,14.884136,0.014151,33
4,Structured,XGBoost,addr_state_FL,structured,0.0,0.0,42
4,Structured,XGBoost,addr_state_IL,structured,16.946995,0.016112,29
4,Structured,XGBoost,addr_state_IN,structured,8.673958,0.008246,40
4,Structured,XGBoost,addr_state_LA,structured,17.584328,0.016718,26
4,Structured,XGBoost,addr_state_MI,structured,18.965954,0.018031,22
4,Structured,XGBoost,addr_state_MO,structured,20.024673,0.019038,16
4,Structured,XGBoost,addr_state_MT,structured,18.368364,0.017463,23
4,Structured,XGBoost,addr_state_NH,structured,19.11377,0.018172,20
4,Structured,XGBoost,addr_state_NJ,structured,18.972858,0.018038,21
4,Structured,XGBoost,addr_state_NY,structured,0.0,0.0,41
4,Structured,XGBoost,addr_state_OR,structured,14.225983,0.013525,34
4,Structured,XGBoost,addr_state_PA,structured,12.2123,0.01161,37
4,Structured,XGBoost,addr_state_RI,structured,21.802738,0.020728,12
4,Structured,XGBoost,addr_state_SC,structured,74.30986,0.070647,3
4,Structured,XGBoost,addr_state_SD,structured,47.664825,0.045316,4
4,Structured,RandomForest,acc_open_past_24mths,structured,0.107079,0.107079,3
4,Structured,RandomForest,bc_open_to_buy,structured,0.003259,0.003259,23
4,Structured,RandomForest,bc_util,structured,0.0,0.0,50
4,Structured,RandomForest,chargeoff_within_12_mths,structured,0.063924,0.063924,7
4,Structured,RandomForest,delinq_2yrs,structured,0.032025,0.032025,12
4,Structured,RandomForest,delinq_amnt,structured,0.141475,0.141475,1
4,Structured,RandomForest,dti,structured,0.056383,0.056383,9
4,Structured,RandomForest,emp_length,structured,0.026753,0.026753,13
4,Structured,RandomForest,int_rate,structured,0.008113,0.008113,17
4,Structured,RandomForest,mo_sin_old_rev_tl_op,structured,0.0,0.0,49
4,Structured,RandomForest,mo_sin_rcnt_tl,structured,0.036816,0.036816,11
4,Structured,RandomForest,mort_acc,structured,0.005569,0.005569,19
4,Structured,RandomForest,mths_since_last_delinq,structured,0.00454,0.00454,20
4,Structured,RandomForest,mths_since_last_record,structured,0.078187,0.078187,5
4,Structured,RandomForest,mths_since_recent_bc_dlq,structured,0.076709,0.076709,6
4,Structured,RandomForest,mths_since_recent_inq,structured,0.05175,0.05175,10
4,Structured,RandomForest,mths_since_recent_revol_delinq,structured,0.063342,0.063342,8
4,Structured,RandomForest,num_actv_rev_tl,structured,0.00046,0.00046,31
4,Structured,RandomForest,num_bc_tl,structured,0.000171,0.000171,34
4,Structured,RandomForest,num_op_rev_tl,structured,0.000482,0.000482,30
4,Structured,RandomForest,num_tl_120dpd_2m,structured,0.003528,0.003528,21
4,Structured,RandomForest,num_tl_30dpd,structured,0.000873,0.000873,28
4,Structured,RandomForest,open_acc,structured,0.0,0.0,47
4,Structured,RandomForest,pub_rec,structured,6e-06,6e-06,41
4,Structured,RandomForest,pub_rec_bankruptcies,structured,9e-06,9e-06,39
4,Structured,RandomForest,revol_util,structured,0.000863,0.000863,29
4,Structured,RandomForest,term,structured,0.000351,0.000351,32
4,Structured,RandomForest,tot_coll_amt,structured,0.000105,0.000105,35
4,Structured,RandomForest,total_acc,structured,0.0,0.0,48
4,Structured,RandomForest,total_bal_ex_mort,structured,0.0,0.0,46
4,Structured,RandomForest,total_rev_hi_lim,structured,0.0,0.0,45
4,Structured,RandomForest,addr_state_AL,structured,3.2e-05,3.2e-05,37
4,Structured,RandomForest,addr_state_AR,structured,0.000346,0.000346,33
4,Structured,RandomForest,addr_state_CT,structured,5.1e-05,5.1e-05,36
4,Structured,RandomForest,addr_state_DC,structured,0.000887,0.000887,27
4,Structured,RandomForest,addr_state_FL,structured,1.7e-05,1.7e-05,38
4,Structured,RandomForest,addr_state_IL,structured,0.001211,0.001211,26
4,Structured,RandomForest,addr_state_IN,structured,0.0,0.0,44
4,Structured,RandomForest,addr_state_LA,structured,0.0,0.0,43
4,Structured,RandomForest,addr_state_MI,structured,0.011128,0.011128,14
4,Structured,RandomForest,addr_state_MO,structured,0.002133,0.002133,24
4,Structured,RandomForest,addr_state_MT,structured,0.001821,0.001821,25
4,Structured,RandomForest,addr_state_NH,structured,0.003338,0.003338,22
4,Structured,RandomForest,addr_state_NJ,structured,8e-06,8e-06,40
4,Structured,RandomForest,addr_state_NY,structured,0.0,0.0,42
4,Structured,RandomForest,addr_state_OR,structured,0.009366,0.009366,15
4,Structured,RandomForest,addr_state_PA,structured,0.006797,0.006797,18
4,Structured,RandomForest,addr_state_RI,structured,0.008477,0.008477,16
4,Structured,RandomForest,addr_state_SC,structured,0.082904,0.082904,4
4,Structured,RandomForest,addr_state_SD,structured,0.10871,0.10871,2
4,Structured+FinBERT,Logistic,acc_open_past_24mths,structured,0.280318,0.100116,3
4,Structured+FinBERT,Logistic,bc_util,structured,0.0,0.0,50
4,Structured+FinBERT,Logistic,delinq_amnt,structured,0.621433,0.221945,1
4,Structured+FinBERT,Logistic,dti,structured,0.005971,0.002133,38
4,Structured+FinBERT,Logistic,mo_sin_old_il_acct,structured,0.0,0.0,49
4,Structured+FinBERT,Logistic,mo_sin_rcnt_rev_tl_op,structured,0.0,0.0,48
4,Structured+FinBERT,Logistic,mort_acc,structured,0.080207,0.028646,10
4,Structured+FinBERT,Logistic,mths_since_last_delinq,structured,0.037544,0.013409,19
4,Structured+FinBERT,Logistic,mths_since_last_record,structured,0.106272,0.037955,6
4,Structured+FinBERT,Logistic,mths_since_recent_bc_dlq,structured,0.320175,0.114351,2
4,Structured+FinBERT,Logistic,mths_since_recent_revol_delinq,structured,0.068249,0.024375,11
4,Structured+FinBERT,Logistic,num_bc_sats,structured,0.108337,0.038693,5
4,Structured+FinBERT,Logistic,num_bc_tl,structured,0.00078,0.000279,43
4,Structured+FinBERT,Logistic,num_tl_120dpd_2m,structured,0.09942,0.035508,8
4,Structured+FinBERT,Logistic,num_tl_30dpd,structured,0.045056,0.016092,17
4,Structured+FinBERT,Logistic,num_tl_90g_dpd_24m,structured,0.003972,0.001419,39
4,Structured+FinBERT,Logistic,num_tl_op_past_12m,structured,0.03125,0.011161,22
4,Structured+FinBERT,Logistic,open_acc,structured,0.0,0.0,47
4,Structured+FinBERT,Logistic,percent_bc_gt_75,structured,0.0,0.0,44
4,Structured+FinBERT,Logistic,pub_rec,structured,0.009735,0.003477,34
4,Structured+FinBERT,Logistic,pub_rec_bankruptcies,structured,0.026735,0.009548,26
4,Structured+FinBERT,Logistic,term,structured,0.010422,0.003722,33
4,Structured+FinBERT,Logistic,tot_cur_bal,structured,0.046437,0.016585,15
4,Structured+FinBERT,Logistic,total_bc_limit,structured,0.002095,0.000748,42
4,Structured+FinBERT,Logistic,total_il_high_credit_limit,structured,0.0,0.0,46
4,Structured+FinBERT,Logistic,addr_state_AL,structured,0.03064,0.010943,23
4,Structured+FinBERT,Logistic,addr_state_DC,structured,0.010616,0.003791,32
4,Structured+FinBERT,Logistic,addr_state_DE,structured,0.013758,0.004914,30
4,Structured+FinBERT,Logistic,addr_state_FL,structured,0.011748,0.004196,31
4,Structured+FinBERT,Logistic,addr_state_HI,structured,0.0,0.0,45
4,Structured+FinBERT,Logistic,addr_state_KS,structured,0.020771,0.007418,27
4,Structured+FinBERT,Logistic,addr_state_LA,structured,0.006291,0.002247,37
4,Structured+FinBERT,Logistic,addr_state_MI,structured,0.015858,0.005664,29
4,Structured+FinBERT,Logistic,addr_state_MT,structured,0.038834,0.013869,18
4,Structured+FinBERT,Logistic,addr_state_NC,structured,0.006377,0.002278,36
4,Structured+FinBERT,Logistic,addr_state_NV,structured,0.054129,0.019332,13
4,Structured+FinBERT,Logistic,addr_state_SC,structured,0.046159,0.016486,16
4,Structured+FinBERT,Logistic,addr_state_SD,structured,0.187777,0.067065,4
4,Structured+FinBERT,Logistic,addr_state_VA,structured,0.0642,0.022929,12
4,Structured+FinBERT,Logistic,addr_state_VT,structured,0.026767,0.00956,25
4,Structured+FinBERT,Logistic,addr_state_WV,structured,0.081472,0.029098,9
4,Structured+FinBERT,Logistic,purpose_credit_card,structured,0.035923,0.01283,20
4,Structured+FinBERT,Logistic,purpose_house,structured,0.050936,0.018192,14
4,Structured+FinBERT,Logistic,purpose_renewable_energy,structured,0.100867,0.036025,7
4,Structured+FinBERT,Logistic,home_ownership_NONE,structured,0.034098,0.012178,21
4,Structured+FinBERT,Logistic,verification_status_Verified,structured,0.00254,0.000907,40
4,Structured+FinBERT,Logistic,fb:has_desc,FinBERT,0.00244,0.000871,41
4,Structured+FinBERT,Logistic,fb:pca_000,FinBERT,0.00889,0.003175,35
4,Structured+FinBERT,Logistic,fb:pca_006,FinBERT,0.016677,0.005956,28
4,Structured+FinBERT,Logistic,fb:pca_010,FinBERT,0.027765,0.009916,24
4,Structured+FinBERT,XGBoost,acc_open_past_24mths,structured,45.1884,0.03698,5
4,Structured+FinBERT,XGBoost,bc_util,structured,0.0,0.0,50
4,Structured+FinBERT,XGBoost,delinq_amnt,structured,134.460297,0.110037,2
4,Structured+FinBERT,XGBoost,dti,structured,22.930126,0.018765,20
4,Structured+FinBERT,XGBoost,mo_sin_old_il_acct,structured,0.0,0.0,49
4,Structured+FinBERT,XGBoost,mo_sin_rcnt_rev_tl_op,structured,0.0,0.0,48
4,Structured+FinBERT,XGBoost,mort_acc,structured,34.937683,0.028592,6
4,Structured+FinBERT,XGBoost,mths_since_last_delinq,structured,33.063263,0.027058,7
4,Structured+FinBERT,XGBoost,mths_since_last_record,structured,28.67132,0.023463,8
4,Structured+FinBERT,XGBoost,mths_since_recent_bc_dlq,structured,101.162331,0.082787,3
4,Structured+FinBERT,XGBoost,mths_since_recent_revol_delinq,structured,26.529455,0.021711,11
4,Structured+FinBERT,XGBoost,num_bc_sats,structured,23.240894,0.019019,18
4,Structured+FinBERT,XGBoost,num_bc_tl,structured,9.192331,0.007523,37
4,Structured+FinBERT,XGBoost,num_tl_120dpd_2m,structured,25.472269,0.020845,13
4,Structured+FinBERT,XGBoost,num_tl_30dpd,structured,18.572834,0.015199,32
4,Structured+FinBERT,XGBoost,num_tl_90g_dpd_24m,structured,0.0,0.0,47
4,Structured+FinBERT,XGBoost,num_tl_op_past_12m,structured,0.0,0.0,43
4,Structured+FinBERT,XGBoost,open_acc,structured,0.0,0.0,44
4,Structured+FinBERT,XGBoost,percent_bc_gt_75,structured,0.0,0.0,45
4,Structured+FinBERT,XGBoost,pub_rec,structured,8.84024,0.007234,38
4,Structured+FinBERT,XGBoost,pub_rec_bankruptcies,structured,13.92584,0.011396,34
4,Structured+FinBERT,XGBoost,term,structured,13.087852,0.010711,36
4,Structured+FinBERT,XGBoost,tot_cur_bal,structured,16.942375,0.013865,33
4,Structured+FinBERT,XGBoost,total_bc_limit,structured,0.0,0.0,46
4,Structured+FinBERT,XGBoost,total_il_high_credit_limit,structured,0.0,0.0,42
4,Structured+FinBERT,XGBoost,addr_state_AL,structured,27.602833,0.022589,10
4,Structured+FinBERT,XGBoost,addr_state_DC,structured,13.333341,0.010911,35
4,Structured+FinBERT,XGBoost,addr_state_DE,structured,18.591265,0.015214,31
4,Structured+FinBERT,XGBoost,addr_state_FL,structured,0.0,0.0,39
4,Structured+FinBERT,XGBoost,addr_state_HI,structured,0.0,0.0,40
4,Structured+FinBERT,XGBoost,addr_state_KS,structured,20.039799,0.0164,30
4,Structured+FinBERT,XGBoost,addr_state_LA,structured,0.0,0.0,41
4,Structured+FinBERT,XGBoost,addr_state_MI,structured,21.548433,0.017634,25
4,Structured+FinBERT,XGBoost,addr_state_MT,structured,21.74159,0.017792,24
4,Structured+FinBERT,XGBoost,addr_state_NC,structured,28.014446,0.022926,9
4,Structured+FinBERT,XGBoost,addr_state_NV,structured,24.531263,0.020075,15
4,Structured+FinBERT,XGBoost,addr_state_SC,structured,150.231064,0.122943,1
4,Structured+FinBERT,XGBoost,addr_state_SD,structured,66.030533,0.054037,4
4,Structured+FinBERT,XGBoost,addr_state_VA,structured,26.381638,0.02159,12
4,Structured+FinBERT,XGBoost,addr_state_VT,structured,21.167377,0.017323,27
4,Structured+FinBERT,XGBoost,addr_state_WV,structured,24.060553,0.01969,16
4,Structured+FinBERT,XGBoost,purpose_credit_card,structured,23.227581,0.019008,19
4,Structured+FinBERT,XGBoost,purpose_house,structured,24.777195,0.020277,14
4,Structured+FinBERT,XGBoost,purpose_renewable_energy,structured,23.90859,0.019566,17
4,Structured+FinBERT,XGBoost,home_ownership_NONE,structured,21.179422,0.017332,26
4,Structured+FinBERT,XGBoost,verification_status_Verified,structured,22.594307,0.01849,21
4,Structured+FinBERT,XGBoost,fb:has_desc,FinBERT,22.250525,0.018209,23
4,Structured+FinBERT,XGBoost,fb:pca_000,FinBERT,21.003059,0.017188,28
4,Structured+FinBERT,XGBoost,fb:pca_006,FinBERT,22.579094,0.018478,22
4,Structured+FinBERT,XGBoost,fb:pca_010,FinBERT,20.946619,0.017142,29
4,Structured+FinBERT,RandomForest,acc_open_past_24mths,structured,0.096784,0.096784,3
4,Structured+FinBERT,RandomForest,bc_util,structured,0.0,0.0,50
4,Structured+FinBERT,RandomForest,delinq_amnt,structured,0.141895,0.141895,1
4,Structured+FinBERT,RandomForest,dti,structured,0.042579,0.042579,8
4,Structured+FinBERT,RandomForest,mo_sin_old_il_acct,structured,0.0,0.0,49
4,Structured+FinBERT,RandomForest,mo_sin_rcnt_rev_tl_op,structured,0.0,0.0,48
4,Structured+FinBERT,RandomForest,mort_acc,structured,0.007623,0.007623,22
4,Structured+FinBERT,RandomForest,mths_since_last_delinq,structured,0.005499,0.005499,23
4,Structured+FinBERT,RandomForest,mths_since_last_record,structured,0.064647,0.064647,6
4,Structured+FinBERT,RandomForest,mths_since_recent_bc_dlq,structured,0.086535,0.086535,4
4,Structured+FinBERT,RandomForest,mths_since_recent_revol_delinq,structured,0.058024,0.058024,7
4,Structured+FinBERT,RandomForest,num_bc_sats,structured,0.003676,0.003676,24
4,Structured+FinBERT,RandomForest,num_bc_tl,structured,4.1e-05,4.1e-05,34
4,Structured+FinBERT,RandomForest,num_tl_120dpd_2m,structured,0.002146,0.002146,25
4,Structured+FinBERT,RandomForest,num_tl_30dpd,structured,0.000306,0.000306,28
4,Structured+FinBERT,RandomForest,num_tl_90g_dpd_24m,structured,0.0,0.0,47
4,Structured+FinBERT,RandomForest,num_tl_op_past_12m,structured,0.0,0.0,37
4,Structured+FinBERT,RandomForest,open_acc,structured,0.0,0.0,38
4,Structured+FinBERT,RandomForest,percent_bc_gt_75,structured,0.0,0.0,45
4,Structured+FinBERT,RandomForest,pub_rec,structured,0.0,0.0,46
4,Structured+FinBERT,RandomForest,pub_rec_bankruptcies,structured,0.0,0.0,39
4,Structured+FinBERT,RandomForest,term,structured,6.2e-05,6.2e-05,32
4,Structured+FinBERT,RandomForest,tot_cur_bal,structured,7.3e-05,7.3e-05,31
4,Structured+FinBERT,RandomForest,total_bc_limit,structured,4.6e-05,4.6e-05,33
4,Structured+FinBERT,RandomForest,total_il_high_credit_limit,structured,0.0,0.0,42
4,Structured+FinBERT,RandomForest,addr_state_AL,structured,0.0,0.0,41
4,Structured+FinBERT,RandomForest,addr_state_DC,structured,0.000351,0.000351,27
4,Structured+FinBERT,RandomForest,addr_state_DE,structured,0.0,0.0,40
4,Structured+FinBERT,RandomForest,addr_state_FL,structured,7e-06,7e-06,36
4,Structured+FinBERT,RandomForest,addr_state_HI,structured,0.0,0.0,44
4,Structured+FinBERT,RandomForest,addr_state_KS,structured,4e-05,4e-05,35
4,Structured+FinBERT,RandomForest,addr_state_LA,structured,0.0,0.0,43
4,Structured+FinBERT,RandomForest,addr_state_MI,structured,0.007939,0.007939,21
4,Structured+FinBERT,RandomForest,addr_state_MT,structured,0.000782,0.000782,26
4,Structured+FinBERT,RandomForest,addr_state_NC,structured,8.7e-05,8.7e-05,30
4,Structured+FinBERT,RandomForest,addr_state_NV,structured,0.000304,0.000304,29
4,Structured+FinBERT,RandomForest,addr_state_SC,structured,0.085469,0.085469,5
4,Structured+FinBERT,RandomForest,addr_state_SD,structured,0.123913,0.123913,2
4,Structured+FinBERT,RandomForest,addr_state_VA,structured,0.026156,0.026156,10
4,Structured+FinBERT,RandomForest,addr_state_VT,structured,0.020122,0.020122,19
4,Structured+FinBERT,RandomForest,addr_state_WV,structured,0.025841,0.025841,11
4,Structured+FinBERT,RandomForest,purpose_credit_card,structured,0.021289,0.021289,16
4,Structured+FinBERT,RandomForest,purpose_house,structured,0.024201,0.024201,12
4,Structured+FinBERT,RandomForest,purpose_renewable_energy,structured,0.027298,0.027298,9
4,Structured+FinBERT,RandomForest,home_ownership_NONE,structured,0.021991,0.021991,14
4,Structured+FinBERT,RandomForest,verification_status_Verified,structured,0.020322,0.020322,18
4,Structured+FinBERT,RandomForest,fb:has_desc,FinBERT,0.019734,0.019734,20
4,Structured+FinBERT,RandomForest,fb:pca_000,FinBERT,0.021506,0.021506,15
4,Structured+FinBERT,RandomForest,fb:pca_006,FinBERT,0.022152,0.022152,13
4,Structured+FinBERT,RandomForest,fb:pca_010,FinBERT,0.02056,0.02056,17
5,Structured,Logistic,annual_inc,structured,0.0,0.0,50
5,Structured,Logistic,chargeoff_within_12_mths,structured,0.068094,0.023135,13
5,Structured,Logistic,collections_12_mths_ex_med,structured,0.005926,0.002013,45
5,Structured,Logistic,delinq_2yrs,structured,0.176339,0.059911,4
5,Structured,Logistic,delinq_amnt,structured,0.548291,0.18628,1
5,Structured,Logistic,dti,structured,0.148121,0.050324,5
5,Structured,Logistic,emp_length,structured,0.016817,0.005713,34
5,Structured,Logistic,inq_last_6mths,structured,0.0,0.0,49
5,Structured,Logistic,int_rate,structured,0.135885,0.046167,6
5,Structured,Logistic,mo_sin_rcnt_tl,structured,0.046951,0.015951,16
5,Structured,Logistic,mort_acc,structured,0.041533,0.014111,18
5,Structured,Logistic,mths_since_last_delinq,structured,0.007738,0.002629,42
5,Structured,Logistic,mths_since_last_record,structured,0.071982,0.024455,12
5,Structured,Logistic,mths_since_recent_bc_dlq,structured,0.337703,0.114733,2
5,Structured,Logistic,mths_since_recent_inq,structured,0.038681,0.013142,20
5,Structured,Logistic,mths_since_recent_revol_delinq,structured,0.100785,0.034241,8
5,Structured,Logistic,num_actv_bc_tl,structured,0.024549,0.00834,29
5,Structured,Logistic,num_actv_rev_tl,structured,0.023207,0.007884,31
5,Structured,Logistic,num_bc_sats,structured,0.088686,0.030131,9
5,Structured,Logistic,num_bc_tl,structured,0.014039,0.00477,37
5,Structured,Logistic,num_il_tl,structured,0.018671,0.006343,33
5,Structured,Logistic,num_tl_120dpd_2m,structured,0.087761,0.029816,10
5,Structured,Logistic,num_tl_30dpd,structured,0.027459,0.009329,25
5,Structured,Logistic,num_tl_op_past_12m,structured,0.026577,0.009029,27
5,Structured,Logistic,open_acc,structured,0.0,0.0,48
5,Structured,Logistic,pub_rec,structured,0.001092,0.000371,46
5,Structured,Logistic,pub_rec_bankruptcies,structured,0.008005,0.00272,41
5,Structured,Logistic,revol_util,structured,0.009418,0.0032,40
5,Structured,Logistic,total_acc,structured,0.0,0.0,47
5,Structured,Logistic,fico_midpoint,structured,0.042752,0.014525,17
5,Structured,Logistic,addr_state_AL,structured,0.03983,0.013532,19
5,Structured,Logistic,addr_state_AR,structured,0.060764,0.020644,14
5,Structured,Logistic,addr_state_CO,structured,0.012722,0.004322,38
5,Structured,Logistic,addr_state_DC,structured,0.02684,0.009119,26
5,Structured,Logistic,addr_state_DE,structured,0.01467,0.004984,36
5,Structured,Logistic,addr_state_IA,structured,0.032094,0.010904,24
5,Structured,Logistic,addr_state_IL,structured,0.033864,0.011505,23
5,Structured,Logistic,addr_state_IN,structured,0.006661,0.002263,43
5,Structured,Logistic,addr_state_MI,structured,0.101185,0.034377,7
5,Structured,Logistic,addr_state_MO,structured,0.016102,0.005471,35
5,Structured,Logistic,addr_state_MS,structured,0.010802,0.00367,39
5,Structured,Logistic,addr_state_NC,structured,0.025139,0.008541,28
5,Structured,Logistic,addr_state_NH,structured,0.085544,0.029063,11
5,Structured,Logistic,addr_state_NJ,structured,0.049526,0.016826,15
5,Structured,Logistic,addr_state_NV,structured,0.036178,0.012291,22
5,Structured,Logistic,addr_state_OR,structured,0.006254,0.002125,44
5,Structured,Logistic,addr_state_PA,structured,0.02427,0.008246,30
5,Structured,Logistic,addr_state_RI,structured,0.037117,0.01261,21
5,Structured,Logistic,addr_state_SC,structured,0.021276,0.007229,32
5,Structured,Logistic,addr_state_SD,structured,0.185467,0.063012,3
5,Structured,XGBoost,annual_inc,structured,0.0,0.0,50
5,Structured,XGBoost,chargeoff_within_12_mths,structured,20.969341,0.019718,19
5,Structured,XGBoost,collections_12_mths_ex_med,structured,21.477083,0.020195,16
5,Structured,XGBoost,delinq_2yrs,structured,36.994335,0.034786,3
5,Structured,XGBoost,delinq_amnt,structured,142.514908,0.134009,1
5,Structured,XGBoost,dti,structured,27.613787,0.025966,6
5,Structured,XGBoost,emp_length,structured,19.479279,0.018317,23
5,Structured,XGBoost,inq_last_6mths,structured,0.0,0.0,49
5,Structured,XGBoost,int_rate,structured,26.889141,0.025284,8
5,Structured,XGBoost,mo_sin_rcnt_tl,structured,18.39572,0.017298,24
5,Structured,XGBoost,mort_acc,structured,13.328922,0.012533,39
5,Structured,XGBoost,mths_since_last_delinq,structured,28.217009,0.026533,5
5,Structured,XGBoost,mths_since_last_record,structured,23.280039,0.021891,12
5,Structured,XGBoost,mths_since_recent_bc_dlq,structured,96.150726,0.090412,2
5,Structured,XGBoost,mths_since_recent_inq,structured,21.165396,0.019902,18
5,Structured,XGBoost,mths_since_recent_revol_delinq,structured,27.467813,0.025828,7
5,Structured,XGBoost,num_actv_bc_tl,structured,15.034198,0.014137,37
5,Structured,XGBoost,num_actv_rev_tl,structured,17.806759,0.016744,26
5,Structured,XGBoost,num_bc_sats,structured,23.496666,0.022094,11
5,Structured,XGBoost,num_bc_tl,structured,12.736011,0.011976,41
5,Structured,XGBoost,num_il_tl,structured,17.127052,0.016105,28
5,Structured,XGBoost,num_tl_120dpd_2m,structured,23.24576,0.021858,13
5,Structured,XGBoost,num_tl_30dpd,structured,15.112394,0.01421,36
5,Structured,XGBoost,num_tl_op_past_12m,structured,0.0,0.0,47
5,Structured,XGBoost,open_acc,structured,0.0,0.0,46
5,Structured,XGBoost,pub_rec,structured,12.306697,0.011572,42
5,Structured,XGBoost,pub_rec_bankruptcies,structured,0.0,0.0,45
5,Structured,XGBoost,revol_util,structured,12.921118,0.01215,40
5,Structured,XGBoost,total_acc,structured,0.0,0.0,48
5,Structured,XGBoost,fico_midpoint,structured,16.873594,0.015867,30
5,Structured,XGBoost,addr_state_AL,structured,15.354127,0.014438,35
5,Structured,XGBoost,addr_state_AR,structured,21.511997,0.020228,15
5,Structured,XGBoost,addr_state_CO,structured,15.571216,0.014642,34
5,Structured,XGBoost,addr_state_DC,structured,15.871131,0.014924,32
5,Structured,XGBoost,addr_state_DE,structured,13.36295,0.012565,38
5,Structured,XGBoost,addr_state_IA,structured,25.063297,0.023567,9
5,Structured,XGBoost,addr_state_IL,structured,17.088322,0.016068,29
5,Structured,XGBoost,addr_state_IN,structured,9.780306,0.009197,44
5,Structured,XGBoost,addr_state_MI,structured,22.121395,0.020801,14
5,Structured,XGBoost,addr_state_MO,structured,20.770462,0.019531,20
5,Structured,XGBoost,addr_state_MS,structured,11.20792,0.010539,43
5,Structured,XGBoost,addr_state_NC,structured,21.211445,0.019945,17
5,Structured,XGBoost,addr_state_NH,structured,20.035004,0.018839,22
5,Structured,XGBoost,addr_state_NJ,structured,15.858449,0.014912,33
5,Structured,XGBoost,addr_state_NV,structured,23.821836,0.0224,10
5,Structured,XGBoost,addr_state_OR,structured,18.004744,0.01693,25
5,Structured,XGBoost,addr_state_PA,structured,17.484968,0.016441,27
5,Structured,XGBoost,addr_state_RI,structured,16.213747,0.015246,31
5,Structured,XGBoost,addr_state_SC,structured,20.352726,0.019138,21
5,Structured,XGBoost,addr_state_SD,structured,32.180634,0.03026,4
5,Structured,RandomForest,annual_inc,structured,0.0,0.0,50
5,Structured,RandomForest,chargeoff_within_12_mths,structured,0.073781,0.073781,6
5,Structured,RandomForest,collections_12_mths_ex_med,structured,0.036438,0.036438,11
5,Structured,RandomForest,delinq_2yrs,structured,0.033105,0.033105,12
5,Structured,RandomForest,delinq_amnt,structured,0.142774,0.142774,1
5,Structured,RandomForest,dti,structured,0.067386,0.067386,8
5,Structured,RandomForest,emp_length,structured,0.030744,0.030744,13
5,Structured,RandomForest,inq_last_6mths,structured,0.0,0.0,49
5,Structured,RandomForest,int_rate,structured,0.007919,0.007919,17
5,Structured,RandomForest,mo_sin_rcnt_tl,structured,0.039738,0.039738,10
5,Structured,RandomForest,mort_acc,structured,0.005049,0.005049,20
5,Structured,RandomForest,mths_since_last_delinq,structured,0.003704,0.003704,23
5,Structured,RandomForest,mths_since_last_record,structured,0.085798,0.085798,3
5,Structured,RandomForest,mths_since_recent_bc_dlq,structured,0.084513,0.084513,5
5,Structured,RandomForest,mths_since_recent_inq,structured,0.055879,0.055879,9
5,Structured,RandomForest,mths_since_recent_revol_delinq,structured,0.069682,0.069682,7
5,Structured,RandomForest,num_actv_bc_tl,structured,3.6e-05,3.6e-05,39
5,Structured,RandomForest,num_actv_rev_tl,structured,0.000669,0.000669,32
5,Structured,RandomForest,num_bc_sats,structured,0.00618,0.00618,19
5,Structured,RandomForest,num_bc_tl,structured,0.000197,0.000197,36
5,Structured,RandomForest,num_il_tl,structured,0.000327,0.000327,35
5,Structured,RandomForest,num_tl_120dpd_2m,structured,0.004324,0.004324,21
5,Structured,RandomForest,num_tl_30dpd,structured,0.001018,0.001018,28
5,Structured,RandomForest,num_tl_op_past_12m,structured,0.0,0.0,47
5,Structured,RandomForest,open_acc,structured,0.0,0.0,48
5,Structured,RandomForest,pub_rec,structured,5.3e-05,5.3e-05,38
5,Structured,RandomForest,pub_rec_bankruptcies,structured,1.9e-05,1.9e-05,42
5,Structured,RandomForest,revol_util,structured,0.000953,0.000953,31
5,Structured,RandomForest,total_acc,structured,0.0,0.0,46
5,Structured,RandomForest,fico_midpoint,structured,0.001571,0.001571,26
5,Structured,RandomForest,addr_state_AL,structured,7.7e-05,7.7e-05,37
5,Structured,RandomForest,addr_state_AR,structured,0.000599,0.000599,33
5,Structured,RandomForest,addr_state_CO,structured,2.7e-05,2.7e-05,40
5,Structured,RandomForest,addr_state_DC,structured,0.00112,0.00112,27
5,Structured,RandomForest,addr_state_DE,structured,7e-06,7e-06,44
5,Structured,RandomForest,addr_state_IA,structured,0.002689,0.002689,24
5,Structured,RandomForest,addr_state_IL,structured,0.000971,0.000971,29
5,Structured,RandomForest,addr_state_IN,structured,0.0,0.0,45
5,Structured,RandomForest,addr_state_MI,structured,0.012012,0.012012,14
5,Structured,RandomForest,addr_state_MO,structured,0.002395,0.002395,25
5,Structured,RandomForest,addr_state_MS,structured,2.5e-05,2.5e-05,41
5,Structured,RandomForest,addr_state_NC,structured,0.000497,0.000497,34
5,Structured,RandomForest,addr_state_NH,structured,0.003777,0.003777,22
5,Structured,RandomForest,addr_state_NJ,structured,1e-05,1e-05,43
5,Structured,RandomForest,addr_state_NV,structured,0.000965,0.000965,30
5,Structured,RandomForest,addr_state_OR,structured,0.010122,0.010122,15
5,Structured,RandomForest,addr_state_PA,structured,0.0071,0.0071,18
5,Structured,RandomForest,addr_state_RI,structured,0.008753,0.008753,16
5,Structured,RandomForest,addr_state_SC,structured,0.085295,0.085295,4
5,Structured,RandomForest,addr_state_SD,structured,0.111702,0.111702,2
5,Structured+FinBERT,Logistic,acc_open_past_24mths,structured,0.326894,0.113262,2
5,Structured+FinBERT,Logistic,avg_cur_bal,structured,0.0,0.0,50
5,Structured+FinBERT,Logistic,chargeoff_within_12_mths,structured,0.003162,0.001095,39
5,Structured+FinBERT,Logistic,collections_12_mths_ex_med,structured,0.052914,0.018334,14
5,Structured+FinBERT,Logistic,delinq_2yrs,structured,0.176816,0.061263,5
5,Structured+FinBERT,Logistic,delinq_amnt,structured,0.545553,0.189023,1
5,Structured+FinBERT,Logistic,dti,structured,0.007967,0.00276,33
5,Structured+FinBERT,Logistic,emp_length,structured,0.003976,0.001378,37
5,Structured+FinBERT,Logistic,mo_sin_old_il_acct,structured,0.0,0.0,49
5,Structured+FinBERT,Logistic,mo_sin_rcnt_rev_tl_op,structured,0.0,0.0,48
5,Structured+FinBERT,Logistic,mo_sin_rcnt_tl,structured,0.018478,0.006402,26
5,Structured+FinBERT,Logistic,mths_since_last_delinq,structured,0.085197,0.029519,10
5,Structured+FinBERT,Logistic,mths_since_last_record,structured,0.14581,0.05052,6
5,Structured+FinBERT,Logistic,mths_since_recent_bc_dlq,structured,0.314605,0.109004,3
5,Structured+FinBERT,Logistic,mths_since_recent_revol_delinq,structured,0.107807,0.037353,7
5,Structured+FinBERT,Logistic,num_tl_120dpd_2m,structured,0.063845,0.022121,12
5,Structured+FinBERT,Logistic,num_tl_90g_dpd_24m,structured,0.01103,0.003822,29
5,Structured+FinBERT,Logistic,open_acc,structured,0.0,0.0,47
5,Structured+FinBERT,Logistic,percent_bc_gt_75,structured,0.0,0.0,44
5,Structured+FinBERT,Logistic,pub_rec,structured,0.012644,0.004381,28
5,Structured+FinBERT,Logistic,pub_rec_bankruptcies,structured,0.0012,0.000416,40
5,Structured+FinBERT,Logistic,total_il_high_credit_limit,structured,0.0,0.0,45
5,Structured+FinBERT,Logistic,addr_state_DE,structured,0.017297,0.005993,27
5,Structured+FinBERT,Logistic,addr_state_FL,structured,0.007084,0.002455,35
5,Structured+FinBERT,Logistic,addr_state_HI,structured,0.0,0.0,46
5,Structured+FinBERT,Logistic,addr_state_IL,structured,0.037754,0.013081,19
5,Structured+FinBERT,Logistic,addr_state_IN,structured,0.010531,0.003649,30
5,Structured+FinBERT,Logistic,addr_state_KS,structured,0.001001,0.000347,41
5,Structured+FinBERT,Logistic,addr_state_MA,structured,0.106414,0.03687,8
5,Structured+FinBERT,Logistic,addr_state_MD,structured,0.071588,0.024804,11
5,Structured+FinBERT,Logistic,addr_state_MI,structured,0.005337,0.001849,36
5,Structured+FinBERT,Logistic,addr_state_MN,structured,0.020092,0.006962,25
5,Structured+FinBERT,Logistic,addr_state_MS,structured,0.000677,0.000235,42
5,Structured+FinBERT,Logistic,addr_state_MT,structured,0.033125,0.011477,23
5,Structured+FinBERT,Logistic,addr_state_NJ,structured,0.035668,0.012358,21
5,Structured+FinBERT,Logistic,addr_state_NV,structured,0.06089,0.021097,13
5,Structured+FinBERT,Logistic,addr_state_NY,structured,0.0,0.0,43
5,Structured+FinBERT,Logistic,addr_state_RI,structured,0.038741,0.013423,18
5,Structured+FinBERT,Logistic,addr_state_SC,structured,0.007421,0.002571,34
5,Structured+FinBERT,Logistic,addr_state_SD,structured,0.20742,0.071867,4
5,Structured+FinBERT,Logistic,addr_state_VA,structured,0.049076,0.017004,15
5,Structured+FinBERT,Logistic,purpose_house,structured,0.03362,0.011649,22
5,Structured+FinBERT,Logistic,purpose_renewable_energy,structured,0.095533,0.0331,9
5,Structured+FinBERT,Logistic,purpose_vacation,structured,0.036581,0.012675,20
5,Structured+FinBERT,Logistic,purpose_wedding,structured,0.008248,0.002858,32
5,Structured+FinBERT,Logistic,fb:has_desc,FinBERT,0.023321,0.00808,24
5,Structured+FinBERT,Logistic,fb:pca_002,FinBERT,0.041942,0.014532,17
5,Structured+FinBERT,Logistic,fb:pca_005,FinBERT,0.008348,0.002893,31
5,Structured+FinBERT,Logistic,fb:pca_006,FinBERT,0.003624,0.001256,38
5,Structured+FinBERT,Logistic,fb:pca_011,FinBERT,0.046936,0.016263,16
5,Structured+FinBERT,XGBoost,acc_open_past_24mths,structured,53.106739,0.041714,4
5,Structured+FinBERT,XGBoost,avg_cur_bal,structured,0.0,0.0,50
5,Structured+FinBERT,XGBoost,chargeoff_within_12_mths,structured,21.719557,0.01706,29
5,Structured+FinBERT,XGBoost,collections_12_mths_ex_med,structured,26.954744,0.021172,13
5,Structured+FinBERT,XGBoost,delinq_2yrs,structured,51.3783,0.040356,5
5,Structured+FinBERT,XGBoost,delinq_amnt,structured,223.596146,0.175629,1
5,Structured+FinBERT,XGBoost,dti,structured,26.589128,0.020885,16
5,Structured+FinBERT,XGBoost,emp_length,structured,22.826086,0.017929,28
5,Structured+FinBERT,XGBoost,mo_sin_old_il_acct,structured,0.0,0.0,49
5,Structured+FinBERT,XGBoost,mo_sin_rcnt_rev_tl_op,structured,0.0,0.0,48
5,Structured+FinBERT,XGBoost,mo_sin_rcnt_tl,structured,24.33176,0.019112,24
5,Structured+FinBERT,XGBoost,mths_since_last_delinq,structured,35.920109,0.028214,7
5,Structured+FinBERT,XGBoost,mths_since_last_record,structured,32.692684,0.025679,8
5,Structured+FinBERT,XGBoost,mths_since_recent_bc_dlq,structured,128.316833,0.10079,2
5,Structured+FinBERT,XGBoost,mths_since_recent_revol_delinq,structured,35.997223,0.028275,6
5,Structured+FinBERT,XGBoost,num_tl_120dpd_2m,structured,24.135809,0.018958,25
5,Structured+FinBERT,XGBoost,num_tl_90g_dpd_24m,structured,0.0,0.0,39
5,Structured+FinBERT,XGBoost,open_acc,structured,0.0,0.0,38
5,Structured+FinBERT,XGBoost,percent_bc_gt_75,structured,0.0,0.0,45
5,Structured+FinBERT,XGBoost,pub_rec,structured,8.358072,0.006565,36
5,Structured+FinBERT,XGBoost,pub_rec_bankruptcies,structured,0.0,0.0,46
5,Structured+FinBERT,XGBoost,total_il_high_credit_limit,structured,0.0,0.0,40
5,Structured+FinBERT,XGBoost,addr_state_DE,structured,16.938925,0.013305,33
5,Structured+FinBERT,XGBoost,addr_state_FL,structured,0.0,0.0,47
5,Structured+FinBERT,XGBoost,addr_state_HI,structured,0.0,0.0,42
5,Structured+FinBERT,XGBoost,addr_state_IL,structured,17.072216,0.01341,32
5,Structured+FinBERT,XGBoost,addr_state_IN,structured,0.0,0.0,41
5,Structured+FinBERT,XGBoost,addr_state_KS,structured,0.0,0.0,43
5,Structured+FinBERT,XGBoost,addr_state_MA,structured,16.903721,0.013277,34
5,Structured+FinBERT,XGBoost,addr_state_MD,structured,32.416573,0.025462,9
5,Structured+FinBERT,XGBoost,addr_state_MI,structured,23.7719,0.018672,26
5,Structured+FinBERT,XGBoost,addr_state_MN,structured,0.0,0.0,44
5,Structured+FinBERT,XGBoost,addr_state_MS,structured,9.117167,0.007161,35
5,Structured+FinBERT,XGBoost,addr_state_MT,structured,26.76693,0.021025,15
5,Structured+FinBERT,XGBoost,addr_state_NJ,structured,18.320726,0.01439,31
5,Structured+FinBERT,XGBoost,addr_state_NV,structured,30.049946,0.023603,11
5,Structured+FinBERT,XGBoost,addr_state_NY,structured,0.0,0.0,37
5,Structured+FinBERT,XGBoost,addr_state_RI,structured,26.43503,0.020764,17
5,Structured+FinBERT,XGBoost,addr_state_SC,structured,31.003563,0.024352,10
5,Structured+FinBERT,XGBoost,addr_state_SD,structured,57.253582,0.044971,3
5,Structured+FinBERT,XGBoost,addr_state_VA,structured,26.898825,0.021128,14
5,Structured+FinBERT,XGBoost,purpose_house,structured,25.077312,0.019698,20
5,Structured+FinBERT,XGBoost,purpose_renewable_energy,structured,29.486774,0.023161,12
5,Structured+FinBERT,XGBoost,purpose_vacation,structured,26.176622,0.020561,18
5,Structured+FinBERT,XGBoost,purpose_wedding,structured,21.685102,0.017033,30
5,Structured+FinBERT,XGBoost,fb:has_desc,FinBERT,24.457603,0.019211,22
5,Structured+FinBERT,XGBoost,fb:pca_002,FinBERT,24.799917,0.01948,21
5,Structured+FinBERT,XGBoost,fb:pca_005,FinBERT,24.364536,0.019138,23
5,Structured+FinBERT,XGBoost,fb:pca_006,FinBERT,22.921038,0.018004,27
5,Structured+FinBERT,XGBoost,fb:pca_011,FinBERT,25.275858,0.019854,19
5,Structured+FinBERT,RandomForest,acc_open_past_24mths,structured,0.091686,0.091686,3
5,Structured+FinBERT,RandomForest,avg_cur_bal,structured,0.0,0.0,50
5,Structured+FinBERT,RandomForest,chargeoff_within_12_mths,structured,0.042352,0.042352,8
5,Structured+FinBERT,RandomForest,collections_12_mths_ex_med,structured,0.020722,0.020722,14
5,Structured+FinBERT,RandomForest,delinq_2yrs,structured,0.023456,0.023456,11
5,Structured+FinBERT,RandomForest,delinq_amnt,structured,0.136736,0.136736,1
5,Structured+FinBERT,RandomForest,dti,structured,0.040404,0.040404,9
5,Structured+FinBERT,RandomForest,emp_length,structured,0.017435,0.017435,23
5,Structured+FinBERT,RandomForest,mo_sin_old_il_acct,structured,0.0,0.0,49
5,Structured+FinBERT,RandomForest,mo_sin_rcnt_rev_tl_op,structured,0.0,0.0,48
5,Structured+FinBERT,RandomForest,mo_sin_rcnt_tl,structured,0.021408,0.021408,13
5,Structured+FinBERT,RandomForest,mths_since_last_delinq,structured,0.004144,0.004144,26
5,Structured+FinBERT,RandomForest,mths_since_last_record,structured,0.058326,0.058326,6
5,Structured+FinBERT,RandomForest,mths_since_recent_bc_dlq,structured,0.078817,0.078817,5
5,Structured+FinBERT,RandomForest,mths_since_recent_revol_delinq,structured,0.055751,0.055751,7
5,Structured+FinBERT,RandomForest,num_tl_120dpd_2m,structured,0.001322,0.001322,28
5,Structured+FinBERT,RandomForest,num_tl_90g_dpd_24m,structured,0.0,0.0,39
5,Structured+FinBERT,RandomForest,open_acc,structured,0.0,0.0,38
5,Structured+FinBERT,RandomForest,percent_bc_gt_75,structured,0.0,0.0,37
5,Structured+FinBERT,RandomForest,pub_rec,structured,1e-06,1e-06,33
5,Structured+FinBERT,RandomForest,pub_rec_bankruptcies,structured,0.0,0.0,46
5,Structured+FinBERT,RandomForest,total_il_high_credit_limit,structured,0.0,0.0,40
5,Structured+FinBERT,RandomForest,addr_state_DE,structured,0.0,0.0,47
5,Structured+FinBERT,RandomForest,addr_state_FL,structured,0.0,0.0,41
5,Structured+FinBERT,RandomForest,addr_state_HI,structured,0.0,0.0,42
5,Structured+FinBERT,RandomForest,addr_state_IL,structured,0.00023,0.00023,31
5,Structured+FinBERT,RandomForest,addr_state_IN,structured,0.0,0.0,44
5,Structured+FinBERT,RandomForest,addr_state_KS,structured,3.7e-05,3.7e-05,32
5,Structured+FinBERT,RandomForest,addr_state_MA,structured,0.0,0.0,45
5,Structured+FinBERT,RandomForest,addr_state_MD,structured,0.004125,0.004125,27
5,Structured+FinBERT,RandomForest,addr_state_MI,structured,0.0068,0.0068,24
5,Structured+FinBERT,RandomForest,addr_state_MN,structured,0.0,0.0,43
5,Structured+FinBERT,RandomForest,addr_state_MS,structured,0.0,0.0,35
5,Structured+FinBERT,RandomForest,addr_state_MT,structured,0.000765,0.000765,29
5,Structured+FinBERT,RandomForest,addr_state_NJ,structured,0.0,0.0,36
5,Structured+FinBERT,RandomForest,addr_state_NV,structured,0.000388,0.000388,30
5,Structured+FinBERT,RandomForest,addr_state_NY,structured,0.0,0.0,34
5,Structured+FinBERT,RandomForest,addr_state_RI,structured,0.004912,0.004912,25
5,Structured+FinBERT,RandomForest,addr_state_SC,structured,0.079009,0.079009,4
5,Structured+FinBERT,RandomForest,addr_state_SD,structured,0.110362,0.110362,2
5,Structured+FinBERT,RandomForest,addr_state_VA,structured,0.023017,0.023017,12
5,Structured+FinBERT,RandomForest,purpose_house,structured,0.020253,0.020253,16
5,Structured+FinBERT,RandomForest,purpose_renewable_energy,structured,0.02431,0.02431,10
5,Structured+FinBERT,RandomForest,purpose_vacation,structured,0.020667,0.020667,15
5,Structured+FinBERT,RandomForest,purpose_wedding,structured,0.017682,0.017682,22
5,Structured+FinBERT,RandomForest,fb:has_desc,FinBERT,0.018136,0.018136,21
5,Structured+FinBERT,RandomForest,fb:pca_002,FinBERT,0.020017,0.020017,17
5,Structured+FinBERT,RandomForest,fb:pca_005,FinBERT,0.018214,0.018214,20
5,Structured+FinBERT,RandomForest,fb:pca_006,FinBERT,0.018645,0.018645,19
5,Structured+FinBERT,RandomForest,fb:pca_011,FinBERT,0.019869,0.019869,18
6,Structured,Logistic,acc_open_past_24mths,structured,0.360211,0.121912,2
6,Structured,Logistic,chargeoff_within_12_mths,structured,0.010591,0.003585,36
6,Structured,Logistic,delinq_2yrs,structured,0.174883,0.059188,4
6,Structured,Logistic,delinq_amnt,structured,0.472377,0.159874,1
6,Structured,Logistic,dti,structured,0.032914,0.011139,19
6,Structured,Logistic,emp_length,structured,0.021704,0.007345,29
6,Structured,Logistic,int_rate,structured,0.10546,0.035693,9
6,Structured,Logistic,mo_sin_rcnt_rev_tl_op,structured,0.0,0.0,50
6,Structured,Logistic,mort_acc,structured,0.022899,0.00775,28
6,Structured,Logistic,mths_since_last_delinq,structured,0.005459,0.001847,40
6,Structured,Logistic,mths_since_last_major_derog,structured,0.050762,0.01718,14
6,Structured,Logistic,mths_since_last_record,structured,0.145585,0.049273,7
6,Structured,Logistic,mths_since_recent_bc_dlq,structured,0.335684,0.113611,3
6,Structured,Logistic,mths_since_recent_inq,structured,0.067227,0.022753,12
6,Structured,Logistic,mths_since_recent_revol_delinq,structured,0.150988,0.051101,6
6,Structured,Logistic,num_actv_rev_tl,structured,0.002201,0.000745,46
6,Structured,Logistic,num_bc_sats,structured,0.108336,0.036666,8
6,Structured,Logistic,num_il_tl,structured,0.00494,0.001672,42
6,Structured,Logistic,num_tl_120dpd_2m,structured,0.078556,0.026587,11
6,Structured,Logistic,num_tl_30dpd,structured,0.026324,0.008909,24
6,Structured,Logistic,num_tl_90g_dpd_24m,structured,0.011878,0.00402,34
6,Structured,Logistic,num_tl_op_past_12m,structured,0.025444,0.008611,25
6,Structured,Logistic,open_acc,structured,0.0,0.0,49
6,Structured,Logistic,pub_rec,structured,0.01533,0.005188,30
6,Structured,Logistic,pub_rec_bankruptcies,structured,0.000485,0.000164,48
6,Structured,Logistic,revol_bal,structured,0.002848,0.000964,45
6,Structured,Logistic,revol_util,structured,0.010183,0.003446,37
6,Structured,Logistic,tax_liens,structured,0.034025,0.011516,17
6,Structured,Logistic,tot_cur_bal,structured,0.033762,0.011426,18
6,Structured,Logistic,total_acc,structured,0.027628,0.00935,22
6,Structured,Logistic,total_bal_ex_mort,structured,0.013598,0.004602,33
6,Structured,Logistic,fico_midpoint,structured,0.039842,0.013484,15
6,Structured,Logistic,addr_state_AL,structured,0.03982,0.013477,16
6,Structured,Logistic,addr_state_CO,structured,0.013604,0.004604,32
6,Structured,Logistic,addr_state_DC,structured,0.030501,0.010323,21
6,Structured,Logistic,addr_state_DE,structured,0.000532,0.00018,47
6,Structured,Logistic,addr_state_IA,structured,0.026434,0.008947,23
6,Structured,Logistic,addr_state_IL,structured,0.002961,0.001002,44
6,Structured,Logistic,addr_state_IN,structured,0.011048,0.003739,35
6,Structured,Logistic,addr_state_KY,structured,0.007187,0.002432,39
6,Structured,Logistic,addr_state_MI,structured,0.053918,0.018248,13
6,Structured,Logistic,addr_state_MN,structured,0.024301,0.008224,27
6,Structured,Logistic,addr_state_MO,structured,0.014914,0.005047,31
6,Structured,Logistic,addr_state_MS,structured,0.008422,0.002851,38
6,Structured,Logistic,addr_state_NH,structured,0.09841,0.033306,10
6,Structured,Logistic,addr_state_NV,structured,0.031861,0.010783,20
6,Structured,Logistic,addr_state_OR,structured,0.024336,0.008236,26
6,Structured,Logistic,addr_state_PA,structured,0.005,0.001692,41
6,Structured,Logistic,addr_state_SC,structured,0.004061,0.001374,43
6,Structured,Logistic,addr_state_SD,structured,0.165253,0.055929,5
6,Structured,XGBoost,acc_open_past_24mths,structured,53.274868,0.031647,4
6,Structured,XGBoost,chargeoff_within_12_mths,structured,20.761318,0.012333,23
6,Structured,XGBoost,delinq_2yrs,structured,44.304329,0.026318,6
6,Structured,XGBoost,delinq_amnt,structured,152.634979,0.090669,2
6,Structured,XGBoost,dti,structured,22.251123,0.013218,18
6,Structured,XGBoost,emp_length,structured,21.204882,0.012596,21
6,Structured,XGBoost,int_rate,structured,27.373447,0.016261,11
6,Structured,XGBoost,mo_sin_rcnt_rev_tl_op,structured,0.0,0.0,50
6,Structured,XGBoost,mort_acc,structured,0.0,0.0,49
6,Structured,XGBoost,mths_since_last_delinq,structured,46.464203,0.027601,5
6,Structured,XGBoost,mths_since_last_major_derog,structured,24.22352,0.014389,14
6,Structured,XGBoost,mths_since_last_record,structured,28.314915,0.01682,9
6,Structured,XGBoost,mths_since_recent_bc_dlq,structured,140.171341,0.083266,3
6,Structured,XGBoost,mths_since_recent_inq,structured,22.889704,0.013597,16
6,Structured,XGBoost,mths_since_recent_revol_delinq,structured,34.877312,0.020718,8
6,Structured,XGBoost,num_actv_rev_tl,structured,13.50777,0.008024,37
6,Structured,XGBoost,num_bc_sats,structured,27.650087,0.016425,10
6,Structured,XGBoost,num_il_tl,structured,17.696152,0.010512,30
6,Structured,XGBoost,num_tl_120dpd_2m,structured,26.436266,0.015704,12
6,Structured,XGBoost,num_tl_30dpd,structured,17.842121,0.010599,29
6,Structured,XGBoost,num_tl_90g_dpd_24m,structured,15.606376,0.009271,33
6,Structured,XGBoost,num_tl_op_past_12m,structured,0.0,0.0,48
6,Structured,XGBoost,open_acc,structured,0.0,0.0,47
6,Structured,XGBoost,pub_rec,structured,19.275883,0.01145,25
6,Structured,XGBoost,pub_rec_bankruptcies,structured,13.174046,0.007826,39
6,Structured,XGBoost,revol_bal,structured,17.118776,0.010169,31
6,Structured,XGBoost,revol_util,structured,11.822077,0.007023,42
6,Structured,XGBoost,tax_liens,structured,15.006742,0.008914,34
6,Structured,XGBoost,tot_cur_bal,structured,19.210466,0.011412,26
6,Structured,XGBoost,total_acc,structured,0.0,0.0,46
6,Structured,XGBoost,total_bal_ex_mort,structured,11.625724,0.006906,43
6,Structured,XGBoost,fico_midpoint,structured,14.571874,0.008656,35
6,Structured,XGBoost,addr_state_AL,structured,17.957756,0.010667,28
6,Structured,XGBoost,addr_state_CO,structured,13.405007,0.007963,38
6,Structured,XGBoost,addr_state_DC,structured,22.029131,0.013086,19
6,Structured,XGBoost,addr_state_DE,structured,12.579094,0.007472,40
6,Structured,XGBoost,addr_state_IA,structured,22.003609,0.013071,20
6,Structured,XGBoost,addr_state_IL,structured,19.11405,0.011354,27
6,Structured,XGBoost,addr_state_IN,structured,0.0,0.0,45
6,Structured,XGBoost,addr_state_KY,structured,12.321539,0.007319,41
6,Structured,XGBoost,addr_state_MI,structured,22.691641,0.013479,17
6,Structured,XGBoost,addr_state_MN,structured,9.450075,0.005614,44
6,Structured,XGBoost,addr_state_MO,structured,17.113029,0.010166,32
6,Structured,XGBoost,addr_state_MS,structured,14.203201,0.008437,36
6,Structured,XGBoost,addr_state_NH,structured,24.670792,0.014655,13
6,Structured,XGBoost,addr_state_NV,structured,20.960466,0.012451,22
6,Structured,XGBoost,addr_state_OR,structured,19.655008,0.011676,24
6,Structured,XGBoost,addr_state_PA,structured,23.980265,0.014245,15
6,Structured,XGBoost,addr_state_SC,structured,493.372437,0.293076,1
6,Structured,XGBoost,addr_state_SD,structured,38.628052,0.022946,7
6,Structured,RandomForest,acc_open_past_24mths,structured,0.10788,0.10788,3
6,Structured,RandomForest,chargeoff_within_12_mths,structured,0.06443,0.06443,7
6,Structured,RandomForest,delinq_2yrs,structured,0.028249,0.028249,13
6,Structured,RandomForest,delinq_amnt,structured,0.145142,0.145142,1
6,Structured,RandomForest,dti,structured,0.054755,0.054755,10
6,Structured,RandomForest,emp_length,structured,0.029113,0.029113,12
6,Structured,RandomForest,int_rate,structured,0.005926,0.005926,17
6,Structured,RandomForest,mo_sin_rcnt_rev_tl_op,structured,0.0,0.0,50
6,Structured,RandomForest,mort_acc,structured,0.003896,0.003896,20
6,Structured,RandomForest,mths_since_last_delinq,structured,0.002667,0.002667,22
6,Structured,RandomForest,mths_since_last_major_derog,structured,0.063175,0.063175,9
6,Structured,RandomForest,mths_since_last_record,structured,0.072996,0.072996,6
6,Structured,RandomForest,mths_since_recent_bc_dlq,structured,0.074083,0.074083,5
6,Structured,RandomForest,mths_since_recent_inq,structured,0.047892,0.047892,11
6,Structured,RandomForest,mths_since_recent_revol_delinq,structured,0.063353,0.063353,8
6,Structured,RandomForest,num_actv_rev_tl,structured,0.000311,0.000311,32
6,Structured,RandomForest,num_bc_sats,structured,0.005845,0.005845,18
6,Structured,RandomForest,num_il_tl,structured,0.000196,0.000196,34
6,Structured,RandomForest,num_tl_120dpd_2m,structured,0.003273,0.003273,21
6,Structured,RandomForest,num_tl_30dpd,structured,0.000813,0.000813,27
6,Structured,RandomForest,num_tl_90g_dpd_24m,structured,9e-06,9e-06,42
6,Structured,RandomForest,num_tl_op_past_12m,structured,0.0,0.0,48
6,Structured,RandomForest,open_acc,structured,0.0,0.0,47
6,Structured,RandomForest,pub_rec,structured,0.00016,0.00016,35
6,Structured,RandomForest,pub_rec_bankruptcies,structured,3.2e-05,3.2e-05,41
6,Structured,RandomForest,revol_bal,structured,0.000149,0.000149,36
6,Structured,RandomForest,revol_util,structured,0.000702,0.000702,30
6,Structured,RandomForest,tax_liens,structured,0.000278,0.000278,33
6,Structured,RandomForest,tot_cur_bal,structured,0.000331,0.000331,31
6,Structured,RandomForest,total_acc,structured,0.0,0.0,49
6,Structured,RandomForest,total_bal_ex_mort,structured,0.0,0.0,46
6,Structured,RandomForest,fico_midpoint,structured,0.001164,0.001164,26
6,Structured,RandomForest,addr_state_AL,structured,7.2e-05,7.2e-05,38
6,Structured,RandomForest,addr_state_CO,structured,3.9e-05,3.9e-05,40
6,Structured,RandomForest,addr_state_DC,structured,0.001194,0.001194,25
6,Structured,RandomForest,addr_state_DE,structured,6e-06,6e-06,43
6,Structured,RandomForest,addr_state_IA,structured,0.002148,0.002148,24
6,Structured,RandomForest,addr_state_IL,structured,0.000734,0.000734,29
6,Structured,RandomForest,addr_state_IN,structured,0.0,0.0,45
6,Structured,RandomForest,addr_state_KY,structured,0.000116,0.000116,37
6,Structured,RandomForest,addr_state_MI,structured,0.009651,0.009651,14
6,Structured,RandomForest,addr_state_MN,structured,0.0,0.0,44
6,Structured,RandomForest,addr_state_MO,structured,0.002538,0.002538,23
6,Structured,RandomForest,addr_state_MS,structured,5.3e-05,5.3e-05,39
6,Structured,RandomForest,addr_state_NH,structured,0.004475,0.004475,19
6,Structured,RandomForest,addr_state_NV,structured,0.000757,0.000757,28
6,Structured,RandomForest,addr_state_OR,structured,0.008828,0.008828,15
6,Structured,RandomForest,addr_state_PA,structured,0.006517,0.006517,16
6,Structured,RandomForest,addr_state_SC,structured,0.077122,0.077122,4
6,Structured,RandomForest,addr_state_SD,structured,0.108933,0.108933,2
6,Structured+FinBERT,Logistic,acc_open_past_24mths,structured,0.340566,0.119107,2
6,Structured+FinBERT,Logistic,annual_inc,structured,0.0,0.0,50
6,Structured+FinBERT,Logistic,avg_cur_bal,structured,0.0,0.0,49
6,Structured+FinBERT,Logistic,bc_open_to_buy,structured,0.008919,0.003119,37
6,Structured+FinBERT,Logistic,chargeoff_within_12_mths,structured,0.023232,0.008125,26
6,Structured+FinBERT,Logistic,collections_12_mths_ex_med,structured,0.038368,0.013419,17
6,Structured+FinBERT,Logistic,delinq_2yrs,structured,0.178684,0.062492,5
6,Structured+FinBERT,Logistic,delinq_amnt,structured,0.500671,0.175102,1
6,Structured+FinBERT,Logistic,emp_length,structured,0.016592,0.005803,31
6,Structured+FinBERT,Logistic,int_rate,structured,0.077481,0.027098,10
6,Structured+FinBERT,Logistic,mo_sin_old_il_acct,structured,0.0,0.0,48
6,Structured+FinBERT,Logistic,mths_since_last_delinq,structured,0.008984,0.003142,36
6,Structured+FinBERT,Logistic,mths_since_last_record,structured,0.121776,0.042589,7
6,Structured+FinBERT,Logistic,mths_since_recent_bc_dlq,structured,0.333151,0.116514,3
6,Structured+FinBERT,Logistic,mths_since_recent_revol_delinq,structured,0.134556,0.047059,6
6,Structured+FinBERT,Logistic,num_actv_rev_tl,structured,0.006811,0.002382,38
6,Structured+FinBERT,Logistic,num_bc_sats,structured,0.084007,0.02938,8
6,Structured+FinBERT,Logistic,num_bc_tl,structured,0.024938,0.008722,24
6,Structured+FinBERT,Logistic,num_tl_120dpd_2m,structured,0.06808,0.02381,11
6,Structured+FinBERT,Logistic,open_acc,structured,0.0,0.0,47
6,Structured+FinBERT,Logistic,pct_tl_nvr_dlq,structured,0.030365,0.01062,20
6,Structured+FinBERT,Logistic,pub_rec_bankruptcies,structured,0.000227,7.9e-05,45
6,Structured+FinBERT,Logistic,term,structured,0.010562,0.003694,35
6,Structured+FinBERT,Logistic,total_bal_ex_mort,structured,0.020062,0.007016,28
6,Structured+FinBERT,Logistic,total_il_high_credit_limit,structured,0.0,0.0,46
6,Structured+FinBERT,Logistic,addr_state_DC,structured,0.037274,0.013036,18
6,Structured+FinBERT,Logistic,addr_state_DE,structured,0.002168,0.000758,43
6,Structured+FinBERT,Logistic,addr_state_MS,structured,0.00307,0.001074,42
6,Structured+FinBERT,Logistic,addr_state_MT,structured,0.029453,0.010301,22
6,Structured+FinBERT,Logistic,addr_state_NH,structured,0.058297,0.020389,12
6,Structured+FinBERT,Logistic,addr_state_NV,structured,0.050642,0.017711,15
6,Structured+FinBERT,Logistic,addr_state_OK,structured,0.003291,0.001151,40
6,Structured+FinBERT,Logistic,addr_state_RI,structured,0.036522,0.012773,19
6,Structured+FinBERT,Logistic,addr_state_SC,structured,0.001864,0.000652,44
6,Structured+FinBERT,Logistic,addr_state_SD,structured,0.18232,0.063763,4
6,Structured+FinBERT,Logistic,addr_state_TX,structured,0.003261,0.00114,41
6,Structured+FinBERT,Logistic,addr_state_VA,structured,0.057002,0.019935,13
6,Structured+FinBERT,Logistic,addr_state_VT,structured,0.024898,0.008708,25
6,Structured+FinBERT,Logistic,purpose_house,structured,0.02251,0.007872,27
6,Structured+FinBERT,Logistic,purpose_medical,structured,0.017796,0.006224,29
6,Structured+FinBERT,Logistic,purpose_moving,structured,0.01267,0.004431,32
6,Structured+FinBERT,Logistic,purpose_other,structured,0.054356,0.01901,14
6,Structured+FinBERT,Logistic,purpose_renewable_energy,structured,0.08057,0.028178,9
6,Structured+FinBERT,Logistic,home_ownership_RENT,structured,0.010619,0.003714,34
6,Structured+FinBERT,Logistic,verification_status_Source Verified,structured,0.017438,0.006099,30
6,Structured+FinBERT,Logistic,fb:pca_002,FinBERT,0.04986,0.017438,16
6,Structured+FinBERT,Logistic,fb:pca_006,FinBERT,0.01062,0.003714,33
6,Structured+FinBERT,Logistic,fb:pca_011,FinBERT,0.028273,0.009888,23
6,Structured+FinBERT,Logistic,fb:pca_015,FinBERT,0.006739,0.002357,39
6,Structured+FinBERT,Logistic,fb:pca_016,FinBERT,0.029775,0.010413,21
6,Structured+FinBERT,XGBoost,acc_open_past_24mths,structured,67.938354,0.031724,5
6,Structured+FinBERT,XGBoost,annual_inc,structured,0.0,0.0,50
6,Structured+FinBERT,XGBoost,avg_cur_bal,structured,0.0,0.0,49
6,Structured+FinBERT,XGBoost,bc_open_to_buy,structured,22.26524,0.010397,36
6,Structured+FinBERT,XGBoost,chargeoff_within_12_mths,structured,24.87442,0.011615,28
6,Structured+FinBERT,XGBoost,collections_12_mths_ex_med,structured,23.343328,0.0109,32
6,Structured+FinBERT,XGBoost,delinq_2yrs,structured,51.693878,0.024138,6
6,Structured+FinBERT,XGBoost,delinq_amnt,structured,215.550751,0.100651,2
6,Structured+FinBERT,XGBoost,emp_length,structured,28.587767,0.013349,18
6,Structured+FinBERT,XGBoost,int_rate,structured,35.779663,0.016707,9
6,Structured+FinBERT,XGBoost,mo_sin_old_il_acct,structured,0.0,0.0,48
6,Structured+FinBERT,XGBoost,mths_since_last_delinq,structured,45.319218,0.021162,7
6,Structured+FinBERT,XGBoost,mths_since_last_record,structured,34.814953,0.016257,10
6,Structured+FinBERT,XGBoost,mths_since_recent_bc_dlq,structured,148.42247,0.069305,3
6,Structured+FinBERT,XGBoost,mths_since_recent_revol_delinq,structured,43.99033,0.020541,8
6,Structured+FinBERT,XGBoost,num_actv_rev_tl,structured,17.749376,0.008288,40
6,Structured+FinBERT,XGBoost,num_bc_sats,structured,34.103397,0.015924,11
6,Structured+FinBERT,XGBoost,num_bc_tl,structured,19.784466,0.009238,38
6,Structured+FinBERT,XGBoost,num_tl_120dpd_2m,structured,27.889189,0.013023,19
6,Structured+FinBERT,XGBoost,open_acc,structured,0.0,0.0,43
6,Structured+FinBERT,XGBoost,pct_tl_nvr_dlq,structured,19.354677,0.009038,39
6,Structured+FinBERT,XGBoost,pub_rec_bankruptcies,structured,0.0,0.0,46
6,Structured+FinBERT,XGBoost,term,structured,0.0,0.0,45
6,Structured+FinBERT,XGBoost,total_bal_ex_mort,structured,0.0,0.0,44
6,Structured+FinBERT,XGBoost,total_il_high_credit_limit,structured,0.0,0.0,41
6,Structured+FinBERT,XGBoost,addr_state_DC,structured,26.457674,0.012354,22
6,Structured+FinBERT,XGBoost,addr_state_DE,structured,0.0,0.0,47
6,Structured+FinBERT,XGBoost,addr_state_MS,structured,0.0,0.0,42
6,Structured+FinBERT,XGBoost,addr_state_MT,structured,22.868057,0.010678,33
6,Structured+FinBERT,XGBoost,addr_state_NH,structured,31.737667,0.01482,13
6,Structured+FinBERT,XGBoost,addr_state_NV,structured,30.848631,0.014405,14
6,Structured+FinBERT,XGBoost,addr_state_OK,structured,21.981493,0.010264,37
6,Structured+FinBERT,XGBoost,addr_state_RI,structured,25.622986,0.011965,25
6,Structured+FinBERT,XGBoost,addr_state_SC,structured,653.054016,0.304941,1
6,Structured+FinBERT,XGBoost,addr_state_SD,structured,72.975815,0.034076,4
6,Structured+FinBERT,XGBoost,addr_state_TX,structured,29.144775,0.013609,16
6,Structured+FinBERT,XGBoost,addr_state_VA,structured,34.039265,0.015894,12
6,Structured+FinBERT,XGBoost,addr_state_VT,structured,23.870022,0.011146,30
6,Structured+FinBERT,XGBoost,purpose_house,structured,24.99177,0.01167,27
6,Structured+FinBERT,XGBoost,purpose_medical,structured,25.743719,0.012021,24
6,Structured+FinBERT,XGBoost,purpose_moving,structured,25.889027,0.012089,23
6,Structured+FinBERT,XGBoost,purpose_other,structured,28.791611,0.013444,17
6,Structured+FinBERT,XGBoost,purpose_renewable_energy,structured,30.016157,0.014016,15
6,Structured+FinBERT,XGBoost,home_ownership_RENT,structured,25.581629,0.011945,26
6,Structured+FinBERT,XGBoost,verification_status_Source Verified,structured,22.595861,0.010551,34
6,Structured+FinBERT,XGBoost,fb:pca_002,FinBERT,26.567131,0.012405,21
6,Structured+FinBERT,XGBoost,fb:pca_006,FinBERT,22.335829,0.01043,35
6,Structured+FinBERT,XGBoost,fb:pca_011,FinBERT,24.505941,0.011443,29
6,Structured+FinBERT,XGBoost,fb:pca_015,FinBERT,26.754255,0.012493,20
6,Structured+FinBERT,XGBoost,fb:pca_016,FinBERT,23.741211,0.011086,31
6,Structured+FinBERT,RandomForest,acc_open_past_24mths,structured,0.096984,0.096984,3
6,Structured+FinBERT,RandomForest,annual_inc,structured,0.0,0.0,50
6,Structured+FinBERT,RandomForest,avg_cur_bal,structured,0.0,0.0,49
6,Structured+FinBERT,RandomForest,bc_open_to_buy,structured,0.001701,0.001701,32
6,Structured+FinBERT,RandomForest,chargeoff_within_12_mths,structured,0.041354,0.041354,8
6,Structured+FinBERT,RandomForest,collections_12_mths_ex_med,structured,0.019861,0.019861,12
6,Structured+FinBERT,RandomForest,delinq_2yrs,structured,0.022,0.022,9
6,Structured+FinBERT,RandomForest,delinq_amnt,structured,0.144577,0.144577,1
6,Structured+FinBERT,RandomForest,emp_length,structured,0.018275,0.018275,15
6,Structured+FinBERT,RandomForest,int_rate,structured,0.004941,0.004941,28
6,Structured+FinBERT,RandomForest,mo_sin_old_il_acct,structured,0.0,0.0,48
6,Structured+FinBERT,RandomForest,mths_since_last_delinq,structured,0.003039,0.003039,30
6,Structured+FinBERT,RandomForest,mths_since_last_record,structured,0.057209,0.057209,6
6,Structured+FinBERT,RandomForest,mths_since_recent_bc_dlq,structured,0.080002,0.080002,5
6,Structured+FinBERT,RandomForest,mths_since_recent_revol_delinq,structured,0.054387,0.054387,7
6,Structured+FinBERT,RandomForest,num_actv_rev_tl,structured,0.000106,0.000106,39
6,Structured+FinBERT,RandomForest,num_bc_sats,structured,0.003409,0.003409,29
6,Structured+FinBERT,RandomForest,num_bc_tl,structured,1.9e-05,1.9e-05,41
6,Structured+FinBERT,RandomForest,num_tl_120dpd_2m,structured,0.001583,0.001583,33
6,Structured+FinBERT,RandomForest,open_acc,structured,0.0,0.0,43
6,Structured+FinBERT,RandomForest,pct_tl_nvr_dlq,structured,0.000517,0.000517,36
6,Structured+FinBERT,RandomForest,pub_rec_bankruptcies,structured,0.0,0.0,44
6,Structured+FinBERT,RandomForest,term,structured,2.6e-05,2.6e-05,40
6,Structured+FinBERT,RandomForest,total_bal_ex_mort,structured,0.0,0.0,45
6,Structured+FinBERT,RandomForest,total_il_high_credit_limit,structured,0.0,0.0,46
6,Structured+FinBERT,RandomForest,addr_state_DC,structured,0.000454,0.000454,37
6,Structured+FinBERT,RandomForest,addr_state_DE,structured,0.0,0.0,47
6,Structured+FinBERT,RandomForest,addr_state_MS,structured,0.0,0.0,42
6,Structured+FinBERT,RandomForest,addr_state_MT,structured,0.000852,0.000852,34
6,Structured+FinBERT,RandomForest,addr_state_NH,structured,0.002453,0.002453,31
6,Structured+FinBERT,RandomForest,addr_state_NV,structured,0.000339,0.000339,38
6,Structured+FinBERT,RandomForest,addr_state_OK,structured,0.000599,0.000599,35
6,Structured+FinBERT,RandomForest,addr_state_RI,structured,0.005519,0.005519,27
6,Structured+FinBERT,RandomForest,addr_state_SC,structured,0.086291,0.086291,4
6,Structured+FinBERT,RandomForest,addr_state_SD,structured,0.097311,0.097311,2
6,Structured+FinBERT,RandomForest,addr_state_TX,structured,0.018649,0.018649,14
6,Structured+FinBERT,RandomForest,addr_state_VA,structured,0.021261,0.021261,10
6,Structured+FinBERT,RandomForest,addr_state_VT,structured,0.016765,0.016765,16
6,Structured+FinBERT,RandomForest,purpose_house,structured,0.016445,0.016445,20
6,Structured+FinBERT,RandomForest,purpose_medical,structured,0.015724,0.015724,22
6,Structured+FinBERT,RandomForest,purpose_moving,structured,0.015688,0.015688,23
6,Structured+FinBERT,RandomForest,purpose_other,structured,0.018681,0.018681,13
6,Structured+FinBERT,RandomForest,purpose_renewable_energy,structured,0.021066,0.021066,11
6,Structured+FinBERT,RandomForest,home_ownership_RENT,structured,0.015287,0.015287,26
6,Structured+FinBERT,RandomForest,verification_status_Source Verified,structured,0.016028,0.016028,21
6,Structured+FinBERT,RandomForest,fb:pca_002,FinBERT,0.016518,0.016518,18
6,Structured+FinBERT,RandomForest,fb:pca_006,FinBERT,0.015301,0.015301,25
6,Structured+FinBERT,RandomForest,fb:pca_011,FinBERT,0.016672,0.016672,17
6,Structured+FinBERT,RandomForest,fb:pca_015,FinBERT,0.015611,0.015611,24
6,Structured+FinBERT,RandomForest,fb:pca_016,FinBERT,0.016494,0.016494,19
7,Structured,Logistic,acc_open_past_24mths,structured,0.342415,0.111112,2
7,Structured,Logistic,bc_open_to_buy,structured,0.003413,0.001107,45
7,Structured,Logistic,bc_util,structured,0.0,0.0,50
7,Structured,Logistic,collections_12_mths_ex_med,structured,0.049932,0.016203,17
7,Structured,Logistic,delinq_2yrs,structured,0.173754,0.056382,5
7,Structured,Logistic,delinq_amnt,structured,0.499972,0.162238,1
7,Structured,Logistic,dti,structured,0.067386,0.021866,12
7,Structured,Logistic,int_rate,structured,0.086103,0.02794,10
7,Structured,Logistic,mo_sin_old_rev_tl_op,structured,0.0,0.0,49
7,Structured,Logistic,mo_sin_rcnt_rev_tl_op,structured,0.0,0.0,48
7,Structured,Logistic,mort_acc,structured,0.009792,0.003177,39
7,Structured,Logistic,mths_since_last_major_derog,structured,0.028752,0.00933,25
7,Structured,Logistic,mths_since_last_record,structured,0.151707,0.049228,6
7,Structured,Logistic,mths_since_recent_bc_dlq,structured,0.30892,0.100243,3
7,Structured,Logistic,mths_since_recent_revol_delinq,structured,0.139781,0.045358,7
7,Structured,Logistic,num_bc_sats,structured,0.086606,0.028103,9
7,Structured,Logistic,num_il_tl,structured,0.020041,0.006503,28
7,Structured,Logistic,num_op_rev_tl,structured,0.074411,0.024146,11
7,Structured,Logistic,num_tl_120dpd_2m,structured,0.0618,0.020054,14
7,Structured,Logistic,num_tl_90g_dpd_24m,structured,0.008623,0.002798,41
7,Structured,Logistic,open_acc,structured,0.0,0.0,47
7,Structured,Logistic,pct_tl_nvr_dlq,structured,0.032445,0.010528,23
7,Structured,Logistic,pub_rec_bankruptcies,structured,0.009853,0.003197,38
7,Structured,Logistic,tax_liens,structured,0.016195,0.005255,34
7,Structured,Logistic,tot_coll_amt,structured,0.003757,0.001219,44
7,Structured,Logistic,tot_cur_bal,structured,0.017078,0.005542,31
7,Structured,Logistic,total_bc_limit,structured,0.014063,0.004563,35
7,Structured,Logistic,addr_state_AZ,structured,0.017693,0.005741,30
7,Structured,Logistic,addr_state_CA,structured,0.03085,0.010011,24
7,Structured,Logistic,addr_state_DC,structured,0.037442,0.01215,22
7,Structured,Logistic,addr_state_GA,structured,0.016246,0.005272,33
7,Structured,Logistic,addr_state_IA,structured,0.038618,0.012531,21
7,Structured,Logistic,addr_state_ID,structured,0.019828,0.006434,29
7,Structured,Logistic,addr_state_KS,structured,0.008822,0.002863,40
7,Structured,Logistic,addr_state_LA,structured,0.016331,0.005299,32
7,Structured,Logistic,addr_state_MD,structured,0.049757,0.016146,18
7,Structured,Logistic,addr_state_MI,structured,0.061238,0.019871,15
7,Structured,Logistic,addr_state_MN,structured,0.021434,0.006955,26
7,Structured,Logistic,addr_state_MT,structured,0.004739,0.001538,43
7,Structured,Logistic,addr_state_NC,structured,0.04348,0.014109,19
7,Structured,Logistic,addr_state_NE,structured,0.05592,0.018146,16
7,Structured,Logistic,addr_state_NH,structured,0.098473,0.031954,8
7,Structured,Logistic,addr_state_NM,structured,0.04232,0.013733,20
7,Structured,Logistic,addr_state_NY,structured,0.0,0.0,46
7,Structured,Logistic,addr_state_OH,structured,0.066957,0.021727,13
7,Structured,Logistic,addr_state_OK,structured,0.013276,0.004308,36
7,Structured,Logistic,addr_state_OR,structured,0.009991,0.003242,37
7,Structured,Logistic,addr_state_RI,structured,0.006984,0.002266,42
7,Structured,Logistic,addr_state_SC,structured,0.020707,0.006719,27
7,Structured,Logistic,addr_state_SD,structured,0.193817,0.062892,4
7,Structured,XGBoost,acc_open_past_24mths,structured,50.924393,0.04094,3
7,Structured,XGBoost,bc_open_to_buy,structured,18.33659,0.014742,26
7,Structured,XGBoost,bc_util,structured,0.0,0.0,50
7,Structured,XGBoost,collections_12_mths_ex_med,structured,21.966022,0.017659,19
7,Structured,XGBoost,delinq_2yrs,structured,43.154247,0.034694,4
7,Structured,XGBoost,delinq_amnt,structured,177.095184,0.142375,1
7,Structured,XGBoost,dti,structured,22.592026,0.018163,16
7,Structured,XGBoost,int_rate,structured,26.309135,0.021151,11
7,Structured,XGBoost,mo_sin_old_rev_tl_op,structured,0.0,0.0,47
7,Structured,XGBoost,mo_sin_rcnt_rev_tl_op,structured,0.0,0.0,48
7,Structured,XGBoost,mort_acc,structured,0.0,0.0,49
7,Structured,XGBoost,mths_since_last_major_derog,structured,21.992937,0.017681,18
7,Structured,XGBoost,mths_since_last_record,structured,30.178564,0.024262,9
7,Structured,XGBoost,mths_since_recent_bc_dlq,structured,162.257843,0.130446,2
7,Structured,XGBoost,mths_since_recent_revol_delinq,structured,39.63586,0.031865,5
7,Structured,XGBoost,num_bc_sats,structured,32.248672,0.025926,8
7,Structured,XGBoost,num_il_tl,structured,13.775163,0.011074,40
7,Structured,XGBoost,num_op_rev_tl,structured,23.233828,0.018679,14
7,Structured,XGBoost,num_tl_120dpd_2m,structured,24.213684,0.019466,13
7,Structured,XGBoost,num_tl_90g_dpd_24m,structured,14.02705,0.011277,38
7,Structured,XGBoost,open_acc,structured,0.0,0.0,45
7,Structured,XGBoost,pct_tl_nvr_dlq,structured,16.729639,0.01345,30
7,Structured,XGBoost,pub_rec_bankruptcies,structured,9.958446,0.008006,42
7,Structured,XGBoost,tax_liens,structured,12.456356,0.010014,41
7,Structured,XGBoost,tot_coll_amt,structured,13.927185,0.011197,39
7,Structured,XGBoost,tot_cur_bal,structured,16.536642,0.013295,33
7,Structured,XGBoost,total_bc_limit,structured,16.694569,0.013422,31
7,Structured,XGBoost,addr_state_AZ,structured,16.532701,0.013291,34
7,Structured,XGBoost,addr_state_CA,structured,16.667379,0.0134,32
7,Structured,XGBoost,addr_state_DC,structured,17.242029,0.013862,28
7,Structured,XGBoost,addr_state_GA,structured,0.0,0.0,46
7,Structured,XGBoost,addr_state_IA,structured,28.431696,0.022857,10
7,Structured,XGBoost,addr_state_ID,structured,19.133345,0.015382,25
7,Structured,XGBoost,addr_state_KS,structured,20.962383,0.016853,20
7,Structured,XGBoost,addr_state_LA,structured,15.03239,0.012085,36
7,Structured,XGBoost,addr_state_MD,structured,38.732853,0.031139,7
7,Structured,XGBoost,addr_state_MI,structured,23.199747,0.018651,15
7,Structured,XGBoost,addr_state_MN,structured,17.246548,0.013865,27
7,Structured,XGBoost,addr_state_MT,structured,19.715223,0.01585,23
7,Structured,XGBoost,addr_state_NC,structured,14.857608,0.011945,37
7,Structured,XGBoost,addr_state_NE,structured,19.158604,0.015402,24
7,Structured,XGBoost,addr_state_NH,structured,25.57272,0.020559,12
7,Structured,XGBoost,addr_state_NM,structured,15.950353,0.012823,35
7,Structured,XGBoost,addr_state_NY,structured,0.0,0.0,44
7,Structured,XGBoost,addr_state_OH,structured,8.032684,0.006458,43
7,Structured,XGBoost,addr_state_OK,structured,20.285267,0.016308,22
7,Structured,XGBoost,addr_state_OR,structured,20.781382,0.016707,21
7,Structured,XGBoost,addr_state_RI,structured,22.133738,0.017794,17
7,Structured,XGBoost,addr_state_SC,structured,16.9902,0.013659,29
7,Structured,XGBoost,addr_state_SD,structured,38.964645,0.031325,6
7,Structured,RandomForest,acc_open_past_24mths,structured,0.123171,0.123171,2
7,Structured,RandomForest,bc_open_to_buy,structured,0.004221,0.004221,19
7,Structured,RandomForest,bc_util,structured,0.0,0.0,50
7,Structured,RandomForest,collections_12_mths_ex_med,structured,0.038099,0.038099,10
7,Structured,RandomForest,delinq_2yrs,structured,0.031242,0.031242,11
7,Structured,RandomForest,delinq_amnt,structured,0.157521,0.157521,1
7,Structured,RandomForest,dti,structured,0.062715,0.062715,9
7,Structured,RandomForest,int_rate,structured,0.006139,0.006139,17
7,Structured,RandomForest,mo_sin_old_rev_tl_op,structured,0.0,0.0,49
7,Structured,RandomForest,mo_sin_rcnt_rev_tl_op,structured,0.0,0.0,48
7,Structured,RandomForest,mort_acc,structured,0.003513,0.003513,20
7,Structured,RandomForest,mths_since_last_major_derog,structured,0.072885,0.072885,6
7,Structured,RandomForest,mths_since_last_record,structured,0.088532,0.088532,4
7,Structured,RandomForest,mths_since_recent_bc_dlq,structured,0.07214,0.07214,7
7,Structured,RandomForest,mths_since_recent_revol_delinq,structured,0.071521,0.071521,8
7,Structured,RandomForest,num_bc_sats,structured,0.006958,0.006958,16
7,Structured,RandomForest,num_il_tl,structured,0.000421,0.000421,33
7,Structured,RandomForest,num_op_rev_tl,structured,0.000351,0.000351,35
7,Structured,RandomForest,num_tl_120dpd_2m,structured,0.003317,0.003317,21
7,Structured,RandomForest,num_tl_90g_dpd_24m,structured,1.3e-05,1.3e-05,42
7,Structured,RandomForest,open_acc,structured,0.0,0.0,47
7,Structured,RandomForest,pct_tl_nvr_dlq,structured,0.001393,0.001393,26
7,Structured,RandomForest,pub_rec_bankruptcies,structured,6.2e-05,6.2e-05,40
7,Structured,RandomForest,tax_liens,structured,0.000483,0.000483,31
7,Structured,RandomForest,tot_coll_amt,structured,0.000182,0.000182,38
7,Structured,RandomForest,tot_cur_bal,structured,0.000283,0.000283,36
7,Structured,RandomForest,total_bc_limit,structured,0.000405,0.000405,34
7,Structured,RandomForest,addr_state_AZ,structured,0.003274,0.003274,22
7,Structured,RandomForest,addr_state_CA,structured,0.000645,0.000645,29
7,Structured,RandomForest,addr_state_DC,structured,0.001184,0.001184,28
7,Structured,RandomForest,addr_state_GA,structured,1.1e-05,1.1e-05,43
7,Structured,RandomForest,addr_state_IA,structured,0.002971,0.002971,23
7,Structured,RandomForest,addr_state_ID,structured,6.9e-05,6.9e-05,39
7,Structured,RandomForest,addr_state_KS,structured,0.000508,0.000508,30
7,Structured,RandomForest,addr_state_LA,structured,1.4e-05,1.4e-05,41
7,Structured,RandomForest,addr_state_MD,structured,0.009388,0.009388,14
7,Structured,RandomForest,addr_state_MI,structured,0.010477,0.010477,13
7,Structured,RandomForest,addr_state_MN,structured,2e-06,2e-06,44
7,Structured,RandomForest,addr_state_MT,structured,0.002077,0.002077,25
7,Structured,RandomForest,addr_state_NC,structured,0.000471,0.000471,32
7,Structured,RandomForest,addr_state_NE,structured,0.001309,0.001309,27
7,Structured,RandomForest,addr_state_NH,structured,0.004698,0.004698,18
7,Structured,RandomForest,addr_state_NM,structured,0.000241,0.000241,37
7,Structured,RandomForest,addr_state_NY,structured,0.0,0.0,46
7,Structured,RandomForest,addr_state_OH,structured,0.0,0.0,45
7,Structured,RandomForest,addr_state_OK,structured,0.002532,0.002532,24
7,Structured,RandomForest,addr_state_OR,structured,0.010962,0.010962,12
7,Structured,RandomForest,addr_state_RI,structured,0.008956,0.008956,15
7,Structured,RandomForest,addr_state_SC,structured,0.081317,0.081317,5
7,Structured,RandomForest,addr_state_SD,structured,0.113327,0.113327,3
7,Structured+FinBERT,Logistic,acc_open_past_24mths,structured,0.328887,0.112641,2
7,Structured+FinBERT,Logistic,bc_open_to_buy,structured,0.019775,0.006773,29
7,Structured+FinBERT,Logistic,chargeoff_within_12_mths,structured,0.028614,0.0098,21
7,Structured+FinBERT,Logistic,delinq_2yrs,structured,0.165012,0.056515,5
7,Structured+FinBERT,Logistic,delinq_amnt,structured,0.53196,0.182192,1
7,Structured+FinBERT,Logistic,dti,structured,0.056401,0.019317,13
7,Structured+FinBERT,Logistic,emp_length,structured,0.043325,0.014838,17
7,Structured+FinBERT,Logistic,mo_sin_old_rev_tl_op,structured,0.0,0.0,50
7,Structured+FinBERT,Logistic,mths_since_last_delinq,structured,0.072627,0.024874,11
7,Structured+FinBERT,Logistic,mths_since_last_record,structured,0.125961,0.043141,7
7,Structured+FinBERT,Logistic,mths_since_recent_bc_dlq,structured,0.300495,0.102917,3
7,Structured+FinBERT,Logistic,mths_since_recent_revol_delinq,structured,0.150165,0.05143,6
7,Structured+FinBERT,Logistic,num_accts_ever_120_pd,structured,0.02143,0.00734,27
7,Structured+FinBERT,Logistic,num_bc_tl,structured,0.019884,0.00681,28
7,Structured+FinBERT,Logistic,num_tl_120dpd_2m,structured,0.049748,0.017038,14
7,Structured+FinBERT,Logistic,num_tl_30dpd,structured,0.02378,0.008144,23
7,Structured+FinBERT,Logistic,num_tl_90g_dpd_24m,structured,0.009165,0.003139,40
7,Structured+FinBERT,Logistic,pct_tl_nvr_dlq,structured,0.039857,0.013651,18
7,Structured+FinBERT,Logistic,pub_rec_bankruptcies,structured,0.011994,0.004108,34
7,Structured+FinBERT,Logistic,term,structured,0.006042,0.002069,43
7,Structured+FinBERT,Logistic,tot_cur_bal,structured,0.01062,0.003637,37
7,Structured+FinBERT,Logistic,total_bc_limit,structured,0.006461,0.002213,42
7,Structured+FinBERT,Logistic,total_il_high_credit_limit,structured,0.0,0.0,49
7,Structured+FinBERT,Logistic,total_rev_hi_lim,structured,0.000319,0.000109,47
7,Structured+FinBERT,Logistic,addr_state_AL,structured,0.024938,0.008541,22
7,Structured+FinBERT,Logistic,addr_state_CT,structured,0.004122,0.001412,44
7,Structured+FinBERT,Logistic,addr_state_DC,structured,0.045354,0.015533,16
7,Structured+FinBERT,Logistic,addr_state_DE,structured,0.002616,0.000896,45
7,Structured+FinBERT,Logistic,addr_state_KY,structured,0.011107,0.003804,36
7,Structured+FinBERT,Logistic,addr_state_MA,structured,0.081628,0.027957,10
7,Structured+FinBERT,Logistic,addr_state_MD,structured,0.092643,0.031729,8
7,Structured+FinBERT,Logistic,addr_state_NH,structured,0.058308,0.01997,12
7,Structured+FinBERT,Logistic,addr_state_NV,structured,0.047158,0.016151,15
7,Structured+FinBERT,Logistic,addr_state_NY,structured,0.0,0.0,48
7,Structured+FinBERT,Logistic,addr_state_OK,structured,0.009217,0.003157,39
7,Structured+FinBERT,Logistic,addr_state_PA,structured,0.011127,0.003811,35
7,Structured+FinBERT,Logistic,addr_state_RI,structured,0.010044,0.00344,38
7,Structured+FinBERT,Logistic,addr_state_SC,structured,0.030488,0.010442,20
7,Structured+FinBERT,Logistic,addr_state_SD,structured,0.199182,0.068218,4
7,Structured+FinBERT,Logistic,addr_state_TN,structured,0.008966,0.003071,41
7,Structured+FinBERT,Logistic,addr_state_WI,structured,0.022131,0.00758,25
7,Structured+FinBERT,Logistic,purpose_debt_consolidation,structured,0.001284,0.00044,46
7,Structured+FinBERT,Logistic,purpose_moving,structured,0.023255,0.007965,24
7,Structured+FinBERT,Logistic,purpose_renewable_energy,structured,0.086281,0.029551,9
7,Structured+FinBERT,Logistic,purpose_vacation,structured,0.039699,0.013596,19
7,Structured+FinBERT,Logistic,home_ownership_RENT,structured,0.019708,0.00675,30
7,Structured+FinBERT,Logistic,verification_status_Source Verified,structured,0.013823,0.004734,32
7,Structured+FinBERT,Logistic,fb:pca_000,FinBERT,0.01906,0.006528,31
7,Structured+FinBERT,Logistic,fb:pca_001,FinBERT,0.013655,0.004677,33
7,Structured+FinBERT,Logistic,fb:pca_003,FinBERT,0.021467,0.007352,26
7,Structured+FinBERT,XGBoost,acc_open_past_24mths,structured,71.091141,0.04904,3
7,Structured+FinBERT,XGBoost,bc_open_to_buy,structured,19.947723,0.01376,36
7,Structured+FinBERT,XGBoost,chargeoff_within_12_mths,structured,23.674171,0.016331,22
7,Structured+FinBERT,XGBoost,delinq_2yrs,structured,53.362152,0.03681,4
7,Structured+FinBERT,XGBoost,delinq_amnt,structured,210.589722,0.145268,1
7,Structured+FinBERT,XGBoost,dti,structured,25.856449,0.017836,16
7,Structured+FinBERT,XGBoost,emp_length,structured,27.75444,0.019145,14
7,Structured+FinBERT,XGBoost,mo_sin_old_rev_tl_op,structured,0.0,0.0,50
7,Structured+FinBERT,XGBoost,mths_since_last_delinq,structured,34.87175,0.024055,9
7,Structured+FinBERT,XGBoost,mths_since_last_record,structured,36.30431,0.025043,8
7,Structured+FinBERT,XGBoost,mths_since_recent_bc_dlq,structured,175.293625,0.12092,2
7,Structured+FinBERT,XGBoost,mths_since_recent_revol_delinq,structured,52.144409,0.03597,6
7,Structured+FinBERT,XGBoost,num_accts_ever_120_pd,structured,22.263666,0.015358,27
7,Structured+FinBERT,XGBoost,num_bc_tl,structured,18.424915,0.01271,38
7,Structured+FinBERT,XGBoost,num_tl_120dpd_2m,structured,29.378649,0.020266,13
7,Structured+FinBERT,XGBoost,num_tl_30dpd,structured,19.022537,0.013122,37
7,Structured+FinBERT,XGBoost,num_tl_90g_dpd_24m,structured,0.0,0.0,43
7,Structured+FinBERT,XGBoost,pct_tl_nvr_dlq,structured,20.001644,0.013797,35
7,Structured+FinBERT,XGBoost,pub_rec_bankruptcies,structured,0.0,0.0,44
7,Structured+FinBERT,XGBoost,term,structured,0.0,0.0,45
7,Structured+FinBERT,XGBoost,tot_cur_bal,structured,8.448,0.005828,40
7,Structured+FinBERT,XGBoost,total_bc_limit,structured,0.0,0.0,46
7,Structured+FinBERT,XGBoost,total_il_high_credit_limit,structured,0.0,0.0,48
7,Structured+FinBERT,XGBoost,total_rev_hi_lim,structured,0.0,0.0,47
7,Structured+FinBERT,XGBoost,addr_state_AL,structured,20.585344,0.0142,33
7,Structured+FinBERT,XGBoost,addr_state_CT,structured,17.951359,0.012383,39
7,Structured+FinBERT,XGBoost,addr_state_DC,structured,20.85486,0.014386,32
7,Structured+FinBERT,XGBoost,addr_state_DE,structured,0.0,0.0,49
7,Structured+FinBERT,XGBoost,addr_state_KY,structured,20.188698,0.013926,34
7,Structured+FinBERT,XGBoost,addr_state_MA,structured,22.587944,0.015582,26
7,Structured+FinBERT,XGBoost,addr_state_MD,structured,44.805508,0.030908,7
7,Structured+FinBERT,XGBoost,addr_state_NH,structured,30.973419,0.021366,11
7,Structured+FinBERT,XGBoost,addr_state_NV,structured,26.312681,0.018151,15
7,Structured+FinBERT,XGBoost,addr_state_NY,structured,0.0,0.0,41
7,Structured+FinBERT,XGBoost,addr_state_OK,structured,22.221212,0.015329,28
7,Structured+FinBERT,XGBoost,addr_state_PA,structured,21.461296,0.014804,31
7,Structured+FinBERT,XGBoost,addr_state_RI,structured,30.630136,0.021129,12
7,Structured+FinBERT,XGBoost,addr_state_SC,structured,21.636002,0.014925,30
7,Structured+FinBERT,XGBoost,addr_state_SD,structured,53.323311,0.036783,5
7,Structured+FinBERT,XGBoost,addr_state_TN,structured,0.0,0.0,42
7,Structured+FinBERT,XGBoost,addr_state_WI,structured,24.870348,0.017156,18
7,Structured+FinBERT,XGBoost,purpose_debt_consolidation,structured,23.062412,0.015909,25
7,Structured+FinBERT,XGBoost,purpose_moving,structured,22.185575,0.015304,29
7,Structured+FinBERT,XGBoost,purpose_renewable_energy,structured,31.225496,0.02154,10
7,Structured+FinBERT,XGBoost,purpose_vacation,structured,23.451326,0.016177,23
7,Structured+FinBERT,XGBoost,home_ownership_RENT,structured,25.47942,0.017576,17
7,Structured+FinBERT,XGBoost,verification_status_Source Verified,structured,24.848572,0.017141,19
7,Structured+FinBERT,XGBoost,fb:pca_000,FinBERT,24.378897,0.016817,21
7,Structured+FinBERT,XGBoost,fb:pca_001,FinBERT,23.399302,0.016141,24
7,Structured+FinBERT,XGBoost,fb:pca_003,FinBERT,24.801271,0.017108,20
7,Structured+FinBERT,RandomForest,acc_open_past_24mths,structured,0.10073,0.10073,3
7,Structured+FinBERT,RandomForest,bc_open_to_buy,structured,0.00176,0.00176,29
7,Structured+FinBERT,RandomForest,chargeoff_within_12_mths,structured,0.047522,0.047522,8
7,Structured+FinBERT,RandomForest,delinq_2yrs,structured,0.023757,0.023757,11
7,Structured+FinBERT,RandomForest,delinq_amnt,structured,0.142647,0.142647,1
7,Structured+FinBERT,RandomForest,dti,structured,0.042209,0.042209,9
7,Structured+FinBERT,RandomForest,emp_length,structured,0.01938,0.01938,19
7,Structured+FinBERT,RandomForest,mo_sin_old_rev_tl_op,structured,0.0,0.0,50
7,Structured+FinBERT,RandomForest,mths_since_last_delinq,structured,0.00308,0.00308,25
7,Structured+FinBERT,RandomForest,mths_since_last_record,structured,0.061006,0.061006,6
7,Structured+FinBERT,RandomForest,mths_since_recent_bc_dlq,structured,0.070227,0.070227,5
7,Structured+FinBERT,RandomForest,mths_since_recent_revol_delinq,structured,0.058624,0.058624,7
7,Structured+FinBERT,RandomForest,num_accts_ever_120_pd,structured,8e-06,8e-06,41
7,Structured+FinBERT,RandomForest,num_bc_tl,structured,2.9e-05,2.9e-05,37
7,Structured+FinBERT,RandomForest,num_tl_120dpd_2m,structured,0.001876,0.001876,28
7,Structured+FinBERT,RandomForest,num_tl_30dpd,structured,0.000329,0.000329,34
7,Structured+FinBERT,RandomForest,num_tl_90g_dpd_24m,structured,0.0,0.0,43
7,Structured+FinBERT,RandomForest,pct_tl_nvr_dlq,structured,0.000524,0.000524,31
7,Structured+FinBERT,RandomForest,pub_rec_bankruptcies,structured,0.0,0.0,44
7,Structured+FinBERT,RandomForest,term,structured,2.4e-05,2.4e-05,38
7,Structured+FinBERT,RandomForest,tot_cur_bal,structured,4.2e-05,4.2e-05,36
7,Structured+FinBERT,RandomForest,total_bc_limit,structured,4.7e-05,4.7e-05,35
7,Structured+FinBERT,RandomForest,total_il_high_credit_limit,structured,0.0,0.0,45
7,Structured+FinBERT,RandomForest,total_rev_hi_lim,structured,0.0,0.0,46
7,Structured+FinBERT,RandomForest,addr_state_AL,structured,0.0,0.0,49
7,Structured+FinBERT,RandomForest,addr_state_CT,structured,1.6e-05,1.6e-05,40
7,Structured+FinBERT,RandomForest,addr_state_DC,structured,0.000362,0.000362,33
7,Structured+FinBERT,RandomForest,addr_state_DE,structured,0.0,0.0,47
7,Structured+FinBERT,RandomForest,addr_state_KY,structured,2.1e-05,2.1e-05,39
7,Structured+FinBERT,RandomForest,addr_state_MA,structured,0.0,0.0,48
7,Structured+FinBERT,RandomForest,addr_state_MD,structured,0.006335,0.006335,22
7,Structured+FinBERT,RandomForest,addr_state_NH,structured,0.002182,0.002182,27
7,Structured+FinBERT,RandomForest,addr_state_NV,structured,0.000435,0.000435,32
7,Structured+FinBERT,RandomForest,addr_state_NY,structured,0.0,0.0,42
7,Structured+FinBERT,RandomForest,addr_state_OK,structured,0.0008,0.0008,30
7,Structured+FinBERT,RandomForest,addr_state_PA,structured,0.004571,0.004571,24
7,Structured+FinBERT,RandomForest,addr_state_RI,structured,0.005502,0.005502,23
7,Structured+FinBERT,RandomForest,addr_state_SC,structured,0.08218,0.08218,4
7,Structured+FinBERT,RandomForest,addr_state_SD,structured,0.114197,0.114197,2
7,Structured+FinBERT,RandomForest,addr_state_TN,structured,0.00265,0.00265,26
7,Structured+FinBERT,RandomForest,addr_state_WI,structured,0.019674,0.019674,18
7,Structured+FinBERT,RandomForest,purpose_debt_consolidation,structured,0.019316,0.019316,20
7,Structured+FinBERT,RandomForest,purpose_moving,structured,0.020978,0.020978,13
7,Structured+FinBERT,RandomForest,purpose_renewable_energy,structured,0.026989,0.026989,10
7,Structured+FinBERT,RandomForest,purpose_vacation,structured,0.019974,0.019974,14
7,Structured+FinBERT,RandomForest,home_ownership_RENT,structured,0.019931,0.019931,17
7,Structured+FinBERT,RandomForest,verification_status_Source Verified,structured,0.019969,0.019969,16
7,Structured+FinBERT,RandomForest,fb:pca_000,FinBERT,0.01871,0.01871,21
7,Structured+FinBERT,RandomForest,fb:pca_001,FinBERT,0.019969,0.019969,15
7,Structured+FinBERT,RandomForest,fb:pca_003,FinBERT,0.021416,0.021416,12
8,Structured,Logistic,annual_inc,structured,0.367626,0.111952,2
8,Structured,Logistic,avg_cur_bal,structured,0.184738,0.056258,5
8,Structured,Logistic,bc_open_to_buy,structured,0.078214,0.023818,12
8,Structured,Logistic,collections_12_mths_ex_med,structured,0.007442,0.002266,42
8,Structured,Logistic,delinq_amnt,structured,0.016989,0.005174,31
8,Structured,Logistic,dti,structured,0.049455,0.01506,18
8,Structured,Logistic,emp_length,structured,0.163577,0.049814,7
8,Structured,Logistic,inq_last_6mths,structured,0.500069,0.152285,1
8,Structured,Logistic,int_rate,structured,0.060488,0.01842,15
8,Structured,Logistic,mo_sin_old_il_acct,structured,0.04761,0.014499,19
8,Structured,Logistic,mths_since_last_major_derog,structured,0.0281,0.008557,26
8,Structured,Logistic,mths_since_recent_bc,structured,0.043975,0.013391,20
8,Structured,Logistic,mths_since_recent_bc_dlq,structured,0.0507,0.015439,16
8,Structured,Logistic,mths_since_recent_inq,structured,0.027877,0.008489,27
8,Structured,Logistic,num_accts_ever_120_pd,structured,0.116815,0.035573,9
8,Structured,Logistic,num_actv_bc_tl,structured,0.0,0.0,50
8,Structured,Logistic,num_actv_rev_tl,structured,0.281699,0.085785,3
8,Structured,Logistic,num_bc_sats,structured,0.049532,0.015084,17
8,Structured,Logistic,num_il_tl,structured,0.221476,0.067445,4
8,Structured,Logistic,num_op_rev_tl,structured,0.151458,0.046123,8
8,Structured,Logistic,num_rev_accts,structured,0.011324,0.003448,36
8,Structured,Logistic,num_tl_120dpd_2m,structured,0.015873,0.004834,32
8,Structured,Logistic,num_tl_90g_dpd_24m,structured,0.088932,0.027082,11
8,Structured,Logistic,num_tl_op_past_12m,structured,0.00797,0.002427,41
8,Structured,Logistic,pub_rec,structured,0.06064,0.018467,13
8,Structured,Logistic,revol_util,structured,0.017873,0.005443,30
8,Structured,Logistic,tot_coll_amt,structured,0.0,0.0,48
8,Structured,Logistic,addr_state_AL,structured,0.008866,0.0027,39
8,Structured,Logistic,addr_state_AZ,structured,0.018101,0.005512,29
8,Structured,Logistic,addr_state_CO,structured,0.0,0.0,49
8,Structured,Logistic,addr_state_GA,structured,0.028616,0.008714,24
8,Structured,Logistic,addr_state_IA,structured,0.014492,0.004413,34
8,Structured,Logistic,addr_state_IL,structured,0.022454,0.006838,28
8,Structured,Logistic,addr_state_IN,structured,0.009543,0.002906,38
8,Structured,Logistic,addr_state_KS,structured,0.002183,0.000665,45
8,Structured,Logistic,addr_state_LA,structured,0.0,0.0,47
8,Structured,Logistic,addr_state_MA,structured,0.029238,0.008904,23
8,Structured,Logistic,addr_state_MD,structured,0.014714,0.004481,33
8,Structured,Logistic,addr_state_MO,structured,0.009559,0.002911,37
8,Structured,Logistic,addr_state_NE,structured,0.111918,0.034082,10
8,Structured,Logistic,addr_state_NH,structured,0.033071,0.010071,22
8,Structured,Logistic,addr_state_NV,structured,0.002219,0.000676,44
8,Structured,Logistic,addr_state_NY,structured,0.03961,0.012062,21
8,Structured,Logistic,addr_state_RI,structured,0.028421,0.008655,25
8,Structured,Logistic,addr_state_TN,structured,0.060539,0.018436,14
8,Structured,Logistic,addr_state_UT,structured,0.000172,5.2e-05,46
8,Structured,Logistic,addr_state_VA,structured,0.01388,0.004227,35
8,Structured,Logistic,addr_state_VT,structured,0.004605,0.001402,43
8,Structured,Logistic,addr_state_WA,structured,0.008522,0.002595,40
8,Structured,Logistic,addr_state_WI,structured,0.1726,0.052561,6
8,Structured,XGBoost,annual_inc,structured,68.352631,0.046678,4
8,Structured,XGBoost,avg_cur_bal,structured,18.594292,0.012698,32
8,Structured,XGBoost,bc_open_to_buy,structured,26.226965,0.01791,16
8,Structured,XGBoost,collections_12_mths_ex_med,structured,15.334571,0.010472,36
8,Structured,XGBoost,delinq_amnt,structured,22.751612,0.015537,23
8,Structured,XGBoost,dti,structured,29.052876,0.01984,13
8,Structured,XGBoost,emp_length,structured,48.861713,0.033368,5
8,Structured,XGBoost,inq_last_6mths,structured,248.842361,0.169934,1
8,Structured,XGBoost,int_rate,structured,21.800278,0.014887,25
8,Structured,XGBoost,mo_sin_old_il_acct,structured,24.010954,0.016397,20
8,Structured,XGBoost,mths_since_last_major_derog,structured,17.867186,0.012201,34
8,Structured,XGBoost,mths_since_recent_bc,structured,25.433798,0.017369,18
8,Structured,XGBoost,mths_since_recent_bc_dlq,structured,34.09021,0.02328,9
8,Structured,XGBoost,mths_since_recent_inq,structured,34.078342,0.023272,10
8,Structured,XGBoost,num_accts_ever_120_pd,structured,32.680382,0.022317,11
8,Structured,XGBoost,num_actv_bc_tl,structured,0.0,0.0,50
8,Structured,XGBoost,num_actv_rev_tl,structured,175.568085,0.119895,2
8,Structured,XGBoost,num_bc_sats,structured,23.876991,0.016306,21
8,Structured,XGBoost,num_il_tl,structured,18.737371,0.012796,31
8,Structured,XGBoost,num_op_rev_tl,structured,42.504814,0.029026,6
8,Structured,XGBoost,num_rev_accts,structured,18.752623,0.012806,30
8,Structured,XGBoost,num_tl_120dpd_2m,structured,15.35434,0.010485,35
8,Structured,XGBoost,num_tl_90g_dpd_24m,structured,29.190138,0.019934,12
8,Structured,XGBoost,num_tl_op_past_12m,structured,0.0,0.0,45
8,Structured,XGBoost,pub_rec,structured,26.032061,0.017777,17
8,Structured,XGBoost,revol_util,structured,0.0,0.0,46
8,Structured,XGBoost,tot_coll_amt,structured,0.0,0.0,49
8,Structured,XGBoost,addr_state_AL,structured,18.057774,0.012332,33
8,Structured,XGBoost,addr_state_AZ,structured,14.106017,0.009633,38
8,Structured,XGBoost,addr_state_CO,structured,0.0,0.0,47
8,Structured,XGBoost,addr_state_GA,structured,18.810993,0.012846,29
8,Structured,XGBoost,addr_state_IA,structured,0.0,0.0,48
8,Structured,XGBoost,addr_state_IL,structured,14.625691,0.009988,37
8,Structured,XGBoost,addr_state_IN,structured,0.0,0.0,43
8,Structured,XGBoost,addr_state_KS,structured,0.0,0.0,44
8,Structured,XGBoost,addr_state_LA,structured,0.0,0.0,41
8,Structured,XGBoost,addr_state_MA,structured,22.408537,0.015303,24
8,Structured,XGBoost,addr_state_MD,structured,10.829268,0.007395,40
8,Structured,XGBoost,addr_state_MO,structured,13.614946,0.009298,39
8,Structured,XGBoost,addr_state_NE,structured,40.297375,0.027519,7
8,Structured,XGBoost,addr_state_NH,structured,26.66263,0.018208,15
8,Structured,XGBoost,addr_state_NV,structured,27.055056,0.018476,14
8,Structured,XGBoost,addr_state_NY,structured,20.641298,0.014096,26
8,Structured,XGBoost,addr_state_RI,structured,19.577869,0.01337,28
8,Structured,XGBoost,addr_state_TN,structured,0.0,0.0,42
8,Structured,XGBoost,addr_state_UT,structured,24.115841,0.016469,19
8,Structured,XGBoost,addr_state_VA,structured,19.858484,0.013561,27
8,Structured,XGBoost,addr_state_VT,structured,23.510866,0.016055,22
8,Structured,XGBoost,addr_state_WA,structured,95.526299,0.065235,3
8,Structured,XGBoost,addr_state_WI,structured,36.656155,0.025032,8
8,Structured,RandomForest,annual_inc,structured,0.113262,0.113262,2
8,Structured,RandomForest,avg_cur_bal,structured,0.009098,0.009098,17
8,Structured,RandomForest,bc_open_to_buy,structured,0.010715,0.010715,14
8,Structured,RandomForest,collections_12_mths_ex_med,structured,0.002784,0.002784,25
8,Structured,RandomForest,delinq_amnt,structured,0.066883,0.066883,7
8,Structured,RandomForest,dti,structured,0.035291,0.035291,11
8,Structured,RandomForest,emp_length,structured,0.02633,0.02633,13
8,Structured,RandomForest,inq_last_6mths,structured,0.149562,0.149562,1
8,Structured,RandomForest,int_rate,structured,0.055912,0.055912,9
8,Structured,RandomForest,mo_sin_old_il_acct,structured,0.027625,0.027625,12
8,Structured,RandomForest,mths_since_last_major_derog,structured,0.001846,0.001846,30
8,Structured,RandomForest,mths_since_recent_bc,structured,0.006383,0.006383,22
8,Structured,RandomForest,mths_since_recent_bc_dlq,structured,0.003289,0.003289,24
8,Structured,RandomForest,mths_since_recent_inq,structured,0.002675,0.002675,26
8,Structured,RandomForest,num_accts_ever_120_pd,structured,0.075665,0.075665,4
8,Structured,RandomForest,num_actv_bc_tl,structured,0.0,0.0,50
8,Structured,RandomForest,num_actv_rev_tl,structured,0.058105,0.058105,8
8,Structured,RandomForest,num_bc_sats,structured,0.047944,0.047944,10
8,Structured,RandomForest,num_il_tl,structured,0.008697,0.008697,18
8,Structured,RandomForest,num_op_rev_tl,structured,0.067557,0.067557,6
8,Structured,RandomForest,num_rev_accts,structured,0.000114,0.000114,37
8,Structured,RandomForest,num_tl_120dpd_2m,structured,1.7e-05,1.7e-05,42
8,Structured,RandomForest,num_tl_90g_dpd_24m,structured,0.006179,0.006179,23
8,Structured,RandomForest,num_tl_op_past_12m,structured,0.000166,0.000166,36
8,Structured,RandomForest,pub_rec,structured,0.00259,0.00259,27
8,Structured,RandomForest,revol_util,structured,0.0,0.0,46
8,Structured,RandomForest,tot_coll_amt,structured,0.0,0.0,49
8,Structured,RandomForest,addr_state_AL,structured,0.000174,0.000174,35
8,Structured,RandomForest,addr_state_AZ,structured,0.0,0.0,47
8,Structured,RandomForest,addr_state_CO,structured,0.0,0.0,48
8,Structured,RandomForest,addr_state_GA,structured,0.002589,0.002589,28
8,Structured,RandomForest,addr_state_IA,structured,2.6e-05,2.6e-05,41
8,Structured,RandomForest,addr_state_IL,structured,0.00071,0.00071,32
8,Structured,RandomForest,addr_state_IN,structured,7e-06,7e-06,43
8,Structured,RandomForest,addr_state_KS,structured,9.1e-05,9.1e-05,38
8,Structured,RandomForest,addr_state_LA,structured,0.0,0.0,45
8,Structured,RandomForest,addr_state_MA,structured,0.002311,0.002311,29
8,Structured,RandomForest,addr_state_MD,structured,4.8e-05,4.8e-05,40
8,Structured,RandomForest,addr_state_MO,structured,0.000401,0.000401,33
8,Structured,RandomForest,addr_state_NE,structured,0.007635,0.007635,20
8,Structured,RandomForest,addr_state_NH,structured,0.009489,0.009489,15
8,Structured,RandomForest,addr_state_NV,structured,7.3e-05,7.3e-05,39
8,Structured,RandomForest,addr_state_NY,structured,0.001483,0.001483,31
8,Structured,RandomForest,addr_state_RI,structured,0.000185,0.000185,34
8,Structured,RandomForest,addr_state_TN,structured,0.0,0.0,44
8,Structured,RandomForest,addr_state_UT,structured,0.009455,0.009455,16
8,Structured,RandomForest,addr_state_VA,structured,0.007206,0.007206,21
8,Structured,RandomForest,addr_state_VT,structured,0.007713,0.007713,19
8,Structured,RandomForest,addr_state_WA,structured,0.06958,0.06958,5
8,Structured,RandomForest,addr_state_WI,structured,0.102134,0.102134,3
8,Structured+FinBERT,Logistic,acc_open_past_24mths,structured,0.111193,0.031179,11
8,Structured+FinBERT,Logistic,annual_inc,structured,0.330942,0.092797,2
8,Structured+FinBERT,Logistic,avg_cur_bal,structured,0.297606,0.083449,3
8,Structured+FinBERT,Logistic,bc_open_to_buy,structured,0.153188,0.042954,8
8,Structured+FinBERT,Logistic,delinq_2yrs,structured,0.0,0.0,50
8,Structured+FinBERT,Logistic,delinq_amnt,structured,0.026853,0.00753,26
8,Structured+FinBERT,Logistic,emp_length,structured,0.161339,0.04524,7
8,Structured+FinBERT,Logistic,inq_last_6mths,structured,0.497574,0.139521,1
8,Structured+FinBERT,Logistic,int_rate,structured,0.052962,0.014851,18
8,Structured+FinBERT,Logistic,mo_sin_rcnt_rev_tl_op,structured,0.056245,0.015771,17
8,Structured+FinBERT,Logistic,mo_sin_rcnt_tl,structured,0.252134,0.070699,5
8,Structured+FinBERT,Logistic,mths_since_last_delinq,structured,0.061435,0.017227,15
8,Structured+FinBERT,Logistic,mths_since_recent_bc,structured,0.057764,0.016197,16
8,Structured+FinBERT,Logistic,mths_since_recent_inq,structured,0.023456,0.006577,30
8,Structured+FinBERT,Logistic,num_accts_ever_120_pd,structured,0.119499,0.033508,9
8,Structured+FinBERT,Logistic,num_actv_rev_tl,structured,0.29417,0.082486,4
8,Structured+FinBERT,Logistic,num_op_rev_tl,structured,0.11551,0.032389,10
8,Structured+FinBERT,Logistic,num_tl_90g_dpd_24m,structured,0.094528,0.026506,12
8,Structured+FinBERT,Logistic,pub_rec,structured,0.067241,0.018855,14
8,Structured+FinBERT,Logistic,pub_rec_bankruptcies,structured,0.023005,0.006451,32
8,Structured+FinBERT,Logistic,revol_bal,structured,0.009987,0.0028,38
8,Structured+FinBERT,Logistic,total_acc,structured,0.003982,0.001117,47
8,Structured+FinBERT,Logistic,total_bal_ex_mort,structured,0.002106,0.000591,48
8,Structured+FinBERT,Logistic,total_il_high_credit_limit,structured,0.012205,0.003422,36
8,Structured+FinBERT,Logistic,addr_state_CA,structured,0.018982,0.005323,35
8,Structured+FinBERT,Logistic,addr_state_CO,structured,0.0,0.0,49
8,Structured+FinBERT,Logistic,addr_state_DC,structured,0.037816,0.010604,22
8,Structured+FinBERT,Logistic,addr_state_HI,structured,0.02413,0.006766,29
8,Structured+FinBERT,Logistic,addr_state_KS,structured,0.004605,0.001291,46
8,Structured+FinBERT,Logistic,addr_state_MA,structured,0.025824,0.007241,27
8,Structured+FinBERT,Logistic,addr_state_MO,structured,0.010195,0.002859,37
8,Structured+FinBERT,Logistic,addr_state_NH,structured,0.02818,0.007902,24
8,Structured+FinBERT,Logistic,addr_state_SC,structured,0.048402,0.013572,19
8,Structured+FinBERT,Logistic,addr_state_VA,structured,0.008841,0.002479,40
8,Structured+FinBERT,Logistic,addr_state_VT,structured,0.006966,0.001953,42
8,Structured+FinBERT,Logistic,addr_state_WA,structured,0.005392,0.001512,43
8,Structured+FinBERT,Logistic,addr_state_WI,structured,0.17207,0.048249,6
8,Structured+FinBERT,Logistic,addr_state_WY,structured,0.019047,0.005341,34
8,Structured+FinBERT,Logistic,purpose_credit_card,structured,0.005211,0.001461,44
8,Structured+FinBERT,Logistic,purpose_house,structured,0.019923,0.005586,33
8,Structured+FinBERT,Logistic,purpose_medical,structured,0.047288,0.01326,21
8,Structured+FinBERT,Logistic,purpose_wedding,structured,0.04827,0.013535,20
8,Structured+FinBERT,Logistic,verification_status_Source Verified,structured,0.083084,0.023297,13
8,Structured+FinBERT,Logistic,fb:pca_001,FinBERT,0.024971,0.007002,28
8,Structured+FinBERT,Logistic,fb:pca_003,FinBERT,0.027406,0.007685,25
8,Structured+FinBERT,Logistic,fb:pca_006,FinBERT,0.008728,0.002447,41
8,Structured+FinBERT,Logistic,fb:pca_008,FinBERT,0.004966,0.001393,45
8,Structured+FinBERT,Logistic,fb:pca_010,FinBERT,0.028627,0.008027,23
8,Structured+FinBERT,Logistic,fb:pca_016,FinBERT,0.009157,0.002568,39
8,Structured+FinBERT,Logistic,fb:pca_026,FinBERT,0.023297,0.006532,31
8,Structured+FinBERT,XGBoost,acc_open_past_24mths,structured,42.070007,0.022175,9
8,Structured+FinBERT,XGBoost,annual_inc,structured,85.91713,0.045287,4
8,Structured+FinBERT,XGBoost,avg_cur_bal,structured,23.08392,0.012168,38
8,Structured+FinBERT,XGBoost,bc_open_to_buy,structured,26.574453,0.014007,23
8,Structured+FinBERT,XGBoost,delinq_2yrs,structured,0.0,0.0,50
8,Structured+FinBERT,XGBoost,delinq_amnt,structured,27.017195,0.014241,22
8,Structured+FinBERT,XGBoost,emp_length,structured,61.024433,0.032166,5
8,Structured+FinBERT,XGBoost,inq_last_6mths,structured,301.429047,0.158883,1
8,Structured+FinBERT,XGBoost,int_rate,structured,26.056122,0.013734,25
8,Structured+FinBERT,XGBoost,mo_sin_rcnt_rev_tl_op,structured,40.358143,0.021273,10
8,Structured+FinBERT,XGBoost,mo_sin_rcnt_tl,structured,22.837669,0.012038,40
8,Structured+FinBERT,XGBoost,mths_since_last_delinq,structured,34.576862,0.018225,14
8,Structured+FinBERT,XGBoost,mths_since_recent_bc,structured,25.368927,0.013372,32
8,Structured+FinBERT,XGBoost,mths_since_recent_inq,structured,43.992626,0.023188,8
8,Structured+FinBERT,XGBoost,num_accts_ever_120_pd,structured,40.078842,0.021126,11
8,Structured+FinBERT,XGBoost,num_actv_rev_tl,structured,184.326447,0.097158,2
8,Structured+FinBERT,XGBoost,num_op_rev_tl,structured,53.940678,0.028432,7
8,Structured+FinBERT,XGBoost,num_tl_90g_dpd_24m,structured,34.953514,0.018424,13
8,Structured+FinBERT,XGBoost,pub_rec,structured,33.983463,0.017913,15
8,Structured+FinBERT,XGBoost,pub_rec_bankruptcies,structured,35.959084,0.018954,12
8,Structured+FinBERT,XGBoost,revol_bal,structured,0.0,0.0,49
8,Structured+FinBERT,XGBoost,total_acc,structured,0.0,0.0,45
8,Structured+FinBERT,XGBoost,total_bal_ex_mort,structured,0.0,0.0,44
8,Structured+FinBERT,XGBoost,total_il_high_credit_limit,structured,6.64465,0.003502,43
8,Structured+FinBERT,XGBoost,addr_state_CA,structured,25.143831,0.013253,33
8,Structured+FinBERT,XGBoost,addr_state_CO,structured,0.0,0.0,46
8,Structured+FinBERT,XGBoost,addr_state_DC,structured,23.300133,0.012281,37
8,Structured+FinBERT,XGBoost,addr_state_HI,structured,18.486393,0.009744,41
8,Structured+FinBERT,XGBoost,addr_state_KS,structured,0.0,0.0,47
8,Structured+FinBERT,XGBoost,addr_state_MA,structured,30.24626,0.015943,18
8,Structured+FinBERT,XGBoost,addr_state_MO,structured,0.0,0.0,48
8,Structured+FinBERT,XGBoost,addr_state_NH,structured,25.939184,0.013673,27
8,Structured+FinBERT,XGBoost,addr_state_SC,structured,32.692455,0.017232,16
8,Structured+FinBERT,XGBoost,addr_state_VA,structured,15.054756,0.007935,42
8,Structured+FinBERT,XGBoost,addr_state_VT,structured,25.04162,0.013199,34
8,Structured+FinBERT,XGBoost,addr_state_WA,structured,148.023453,0.078023,3
8,Structured+FinBERT,XGBoost,addr_state_WI,structured,55.280502,0.029138,6
8,Structured+FinBERT,XGBoost,addr_state_WY,structured,25.972799,0.01369,26
8,Structured+FinBERT,XGBoost,purpose_credit_card,structured,29.574255,0.015589,20
8,Structured+FinBERT,XGBoost,purpose_house,structured,24.130478,0.012719,36
8,Structured+FinBERT,XGBoost,purpose_medical,structured,29.027575,0.0153,21
8,Structured+FinBERT,XGBoost,purpose_wedding,structured,29.995338,0.015811,19
8,Structured+FinBERT,XGBoost,verification_status_Source Verified,structured,32.491966,0.017126,17
8,Structured+FinBERT,XGBoost,fb:pca_001,FinBERT,25.490847,0.013436,31
8,Structured+FinBERT,XGBoost,fb:pca_003,FinBERT,26.295301,0.01386,24
8,Structured+FinBERT,XGBoost,fb:pca_006,FinBERT,22.86717,0.012053,39
8,Structured+FinBERT,XGBoost,fb:pca_008,FinBERT,24.680738,0.013009,35
8,Structured+FinBERT,XGBoost,fb:pca_010,FinBERT,25.854641,0.013628,29
8,Structured+FinBERT,XGBoost,fb:pca_016,FinBERT,25.514263,0.013449,30
8,Structured+FinBERT,XGBoost,fb:pca_026,FinBERT,25.880236,0.013641,28
8,Structured+FinBERT,RandomForest,acc_open_past_24mths,structured,0.003693,0.003693,33
8,Structured+FinBERT,RandomForest,annual_inc,structured,0.099763,0.099763,3
8,Structured+FinBERT,RandomForest,avg_cur_bal,structured,0.005159,0.005159,28
8,Structured+FinBERT,RandomForest,bc_open_to_buy,structured,0.006063,0.006063,25
8,Structured+FinBERT,RandomForest,delinq_2yrs,structured,0.0,0.0,50
8,Structured+FinBERT,RandomForest,delinq_amnt,structured,0.043826,0.043826,8
8,Structured+FinBERT,RandomForest,emp_length,structured,0.021587,0.021587,11
8,Structured+FinBERT,RandomForest,inq_last_6mths,structured,0.144207,0.144207,1
8,Structured+FinBERT,RandomForest,int_rate,structured,0.039399,0.039399,9
8,Structured+FinBERT,RandomForest,mo_sin_rcnt_rev_tl_op,structured,0.003935,0.003935,31
8,Structured+FinBERT,RandomForest,mo_sin_rcnt_tl,structured,0.00545,0.00545,26
8,Structured+FinBERT,RandomForest,mths_since_last_delinq,structured,0.004822,0.004822,29
8,Structured+FinBERT,RandomForest,mths_since_recent_bc,structured,0.00385,0.00385,32
8,Structured+FinBERT,RandomForest,mths_since_recent_inq,structured,0.001922,0.001922,35
8,Structured+FinBERT,RandomForest,num_accts_ever_120_pd,structured,0.056667,0.056667,7
8,Structured+FinBERT,RandomForest,num_actv_rev_tl,structured,0.066078,0.066078,5
8,Structured+FinBERT,RandomForest,num_op_rev_tl,structured,0.057659,0.057659,6
8,Structured+FinBERT,RandomForest,num_tl_90g_dpd_24m,structured,0.003352,0.003352,34
8,Structured+FinBERT,RandomForest,pub_rec,structured,0.001237,0.001237,37
8,Structured+FinBERT,RandomForest,pub_rec_bankruptcies,structured,0.000239,0.000239,40
8,Structured+FinBERT,RandomForest,revol_bal,structured,0.0,0.0,48
8,Structured+FinBERT,RandomForest,total_acc,structured,0.0,0.0,47
8,Structured+FinBERT,RandomForest,total_bal_ex_mort,structured,1.1e-05,1.1e-05,46
8,Structured+FinBERT,RandomForest,total_il_high_credit_limit,structured,8.2e-05,8.2e-05,43
8,Structured+FinBERT,RandomForest,addr_state_CA,structured,8.7e-05,8.7e-05,42
8,Structured+FinBERT,RandomForest,addr_state_CO,structured,0.0,0.0,49
8,Structured+FinBERT,RandomForest,addr_state_DC,structured,0.000289,0.000289,38
8,Structured+FinBERT,RandomForest,addr_state_HI,structured,0.000144,0.000144,41
8,Structured+FinBERT,RandomForest,addr_state_KS,structured,1.4e-05,1.4e-05,45
8,Structured+FinBERT,RandomForest,addr_state_MA,structured,0.001367,0.001367,36
8,Structured+FinBERT,RandomForest,addr_state_MO,structured,6.1e-05,6.1e-05,44
8,Structured+FinBERT,RandomForest,addr_state_NH,structured,0.007058,0.007058,24
8,Structured+FinBERT,RandomForest,addr_state_SC,structured,0.000272,0.000272,39
8,Structured+FinBERT,RandomForest,addr_state_VA,structured,0.004364,0.004364,30
8,Structured+FinBERT,RandomForest,addr_state_VT,structured,0.005333,0.005333,27
8,Structured+FinBERT,RandomForest,addr_state_WA,structured,0.071682,0.071682,4
8,Structured+FinBERT,RandomForest,addr_state_WI,structured,0.105943,0.105943,2
8,Structured+FinBERT,RandomForest,addr_state_WY,structured,0.019086,0.019086,14
8,Structured+FinBERT,RandomForest,purpose_credit_card,structured,0.02041,0.02041,12
8,Structured+FinBERT,RandomForest,purpose_house,structured,0.015994,0.015994,22
8,Structured+FinBERT,RandomForest,purpose_medical,structured,0.018762,0.018762,15
8,Structured+FinBERT,RandomForest,purpose_wedding,structured,0.020358,0.020358,13
8,Structured+FinBERT,RandomForest,verification_status_Source Verified,structured,0.022056,0.022056,10
8,Structured+FinBERT,RandomForest,fb:pca_001,FinBERT,0.016864,0.016864,19
8,Structured+FinBERT,RandomForest,fb:pca_003,FinBERT,0.016575,0.016575,20
8,Structured+FinBERT,RandomForest,fb:pca_006,FinBERT,0.015957,0.015957,23
8,Structured+FinBERT,RandomForest,fb:pca_008,FinBERT,0.017743,0.017743,16
8,Structured+FinBERT,RandomForest,fb:pca_010,FinBERT,0.017286,0.017286,17
8,Structured+FinBERT,RandomForest,fb:pca_016,FinBERT,0.016325,0.016325,21
8,Structured+FinBERT,RandomForest,fb:pca_026,FinBERT,0.016971,0.016971,18
9,Structured,Logistic,acc_open_past_24mths,structured,0.169409,0.050387,6
9,Structured,Logistic,annual_inc,structured,0.31386,0.09335,2
9,Structured,Logistic,bc_open_to_buy,structured,0.250184,0.074411,5
9,Structured,Logistic,bc_util,structured,0.119189,0.03545,9
9,Structured,Logistic,delinq_2yrs,structured,0.008611,0.002561,43
9,Structured,Logistic,dti,structured,0.029212,0.008688,24
9,Structured,Logistic,emp_length,structured,0.045802,0.013623,21
9,Structured,Logistic,inq_last_6mths,structured,0.135766,0.04038,7
9,Structured,Logistic,int_rate,structured,0.464415,0.138128,1
9,Structured,Logistic,mo_sin_old_il_acct,structured,0.006278,0.001867,46
9,Structured,Logistic,mo_sin_rcnt_tl,structured,0.01089,0.003239,41
9,Structured,Logistic,mths_since_recent_bc,structured,0.258257,0.076812,4
9,Structured,Logistic,mths_since_recent_inq,structured,0.073075,0.021734,15
9,Structured,Logistic,mths_since_recent_revol_delinq,structured,0.016305,0.004849,33
9,Structured,Logistic,num_op_rev_tl,structured,0.05667,0.016855,17
9,Structured,Logistic,num_rev_accts,structured,0.045872,0.013644,20
9,Structured,Logistic,num_tl_90g_dpd_24m,structured,0.003176,0.000945,48
9,Structured,Logistic,num_tl_op_past_12m,structured,0.014148,0.004208,38
9,Structured,Logistic,pub_rec_bankruptcies,structured,0.058138,0.017292,16
9,Structured,Logistic,revol_util,structured,0.120995,0.035987,8
9,Structured,Logistic,tax_liens,structured,0.0,0.0,50
9,Structured,Logistic,term,structured,0.265778,0.079049,3
9,Structured,Logistic,total_bc_limit,structured,0.078426,0.023326,14
9,Structured,Logistic,fico_midpoint,structured,0.089014,0.026475,11
9,Structured,Logistic,addr_state_CT,structured,0.012468,0.003708,40
9,Structured,Logistic,addr_state_FL,structured,0.047736,0.014198,19
9,Structured,Logistic,addr_state_IA,structured,0.015625,0.004647,34
9,Structured,Logistic,addr_state_MA,structured,0.014743,0.004385,37
9,Structured,Logistic,addr_state_MN,structured,0.000563,0.000167,49
9,Structured,Logistic,addr_state_NY,structured,0.019693,0.005857,30
9,Structured,Logistic,addr_state_OH,structured,0.022412,0.006666,28
9,Structured,Logistic,addr_state_RI,structured,0.006575,0.001956,44
9,Structured,Logistic,addr_state_UT,structured,0.015518,0.004616,35
9,Structured,Logistic,addr_state_VA,structured,0.023877,0.007102,26
9,Structured,Logistic,addr_state_WA,structured,0.008656,0.002575,42
9,Structured,Logistic,addr_state_WI,structured,0.006301,0.001874,45
9,Structured,Logistic,purpose_debt_consolidation,structured,0.079754,0.023721,13
9,Structured,Logistic,purpose_home_improvement,structured,0.021301,0.006335,29
9,Structured,Logistic,purpose_house,structured,0.026288,0.007819,25
9,Structured,Logistic,purpose_major_purchase,structured,0.012674,0.00377,39
9,Structured,Logistic,purpose_moving,structured,0.044492,0.013233,22
9,Structured,Logistic,purpose_other,structured,0.088239,0.026244,12
9,Structured,Logistic,purpose_wedding,structured,0.022483,0.006687,27
9,Structured,Logistic,home_ownership_OTHER,structured,0.050631,0.015059,18
9,Structured,Logistic,home_ownership_OWN,structured,0.015019,0.004467,36
9,Structured,Logistic,home_ownership_RENT,structured,0.018051,0.005369,31
9,Structured,Logistic,verification_status_Source Verified,structured,0.030811,0.009164,23
9,Structured,Logistic,verification_status_Verified,structured,0.016726,0.004975,32
9,Structured,Logistic,grade_ord,structured,0.005965,0.001774,47
9,Structured,Logistic,sub_grade_ord,structured,0.102127,0.030375,10
9,Structured,XGBoost,acc_open_past_24mths,structured,52.440903,0.028928,7
9,Structured,XGBoost,annual_inc,structured,82.898048,0.045729,4
9,Structured,XGBoost,bc_open_to_buy,structured,23.705282,0.013077,24
9,Structured,XGBoost,bc_util,structured,24.177263,0.013337,21
9,Structured,XGBoost,delinq_2yrs,structured,17.665108,0.009745,40
9,Structured,XGBoost,dti,structured,22.813494,0.012585,25
9,Structured,XGBoost,emp_length,structured,27.004456,0.014897,15
9,Structured,XGBoost,inq_last_6mths,structured,54.216785,0.029908,6
9,Structured,XGBoost,int_rate,structured,316.082275,0.174361,1
9,Structured,XGBoost,mo_sin_old_il_acct,structured,18.907198,0.01043,37
9,Structured,XGBoost,mo_sin_rcnt_tl,structured,18.992035,0.010477,36
9,Structured,XGBoost,mths_since_recent_bc,structured,28.191093,0.015551,13
9,Structured,XGBoost,mths_since_recent_inq,structured,24.797422,0.013679,19
9,Structured,XGBoost,mths_since_recent_revol_delinq,structured,19.93609,0.010997,32
9,Structured,XGBoost,num_op_rev_tl,structured,11.318323,0.006244,44
9,Structured,XGBoost,num_rev_accts,structured,10.732312,0.00592,45
9,Structured,XGBoost,num_tl_90g_dpd_24m,structured,0.0,0.0,47
9,Structured,XGBoost,num_tl_op_past_12m,structured,12.894699,0.007113,43
9,Structured,XGBoost,pub_rec_bankruptcies,structured,41.05764,0.022649,8
9,Structured,XGBoost,revol_util,structured,30.375463,0.016756,11
9,Structured,XGBoost,tax_liens,structured,0.0,0.0,48
9,Structured,XGBoost,term,structured,162.849579,0.089833,3
9,Structured,XGBoost,total_bc_limit,structured,28.858952,0.01592,12
9,Structured,XGBoost,fico_midpoint,structured,36.173653,0.019955,9
9,Structured,XGBoost,addr_state_CT,structured,27.001415,0.014895,17
9,Structured,XGBoost,addr_state_FL,structured,24.045206,0.013264,22
9,Structured,XGBoost,addr_state_IA,structured,0.0,0.0,50
9,Structured,XGBoost,addr_state_MA,structured,18.726387,0.01033,38
9,Structured,XGBoost,addr_state_MN,structured,20.296749,0.011196,31
9,Structured,XGBoost,addr_state_NY,structured,23.800158,0.013129,23
9,Structured,XGBoost,addr_state_OH,structured,16.306601,0.008995,41
9,Structured,XGBoost,addr_state_RI,structured,0.0,0.0,49
9,Structured,XGBoost,addr_state_UT,structured,14.634063,0.008073,42
9,Structured,XGBoost,addr_state_VA,structured,18.566971,0.010242,39
9,Structured,XGBoost,addr_state_WA,structured,20.694672,0.011416,29
9,Structured,XGBoost,addr_state_WI,structured,20.759375,0.011452,27
9,Structured,XGBoost,purpose_debt_consolidation,structured,27.473825,0.015155,14
9,Structured,XGBoost,purpose_home_improvement,structured,27.004129,0.014896,16
9,Structured,XGBoost,purpose_house,structured,24.771276,0.013665,20
9,Structured,XGBoost,purpose_major_purchase,structured,19.897358,0.010976,33
9,Structured,XGBoost,purpose_moving,structured,20.650383,0.011391,30
9,Structured,XGBoost,purpose_other,structured,36.105278,0.019917,10
9,Structured,XGBoost,purpose_wedding,structured,26.018824,0.014353,18
9,Structured,XGBoost,home_ownership_OTHER,structured,0.0,0.0,46
9,Structured,XGBoost,home_ownership_OWN,structured,19.798643,0.010922,34
9,Structured,XGBoost,home_ownership_RENT,structured,20.747013,0.011445,28
9,Structured,XGBoost,verification_status_Source Verified,structured,22.789356,0.012571,26
9,Structured,XGBoost,verification_status_Verified,structured,19.679062,0.010856,35
9,Structured,XGBoost,grade_ord,structured,218.380219,0.120466,2
9,Structured,XGBoost,sub_grade_ord,structured,58.564709,0.032306,5
9,Structured,RandomForest,acc_open_past_24mths,structured,0.019124,0.019124,15
9,Structured,RandomForest,annual_inc,structured,0.116785,0.116785,2
9,Structured,RandomForest,bc_open_to_buy,structured,0.024542,0.024542,11
9,Structured,RandomForest,bc_util,structured,0.023658,0.023658,14
9,Structured,RandomForest,delinq_2yrs,structured,0.003801,0.003801,23
9,Structured,RandomForest,dti,structured,0.071593,0.071593,6
9,Structured,RandomForest,emp_length,structured,0.035716,0.035716,9
9,Structured,RandomForest,inq_last_6mths,structured,0.026421,0.026421,10
9,Structured,RandomForest,int_rate,structured,0.149632,0.149632,1
9,Structured,RandomForest,mo_sin_old_il_acct,structured,0.00028,0.00028,37
9,Structured,RandomForest,mo_sin_rcnt_tl,structured,0.000318,0.000318,36
9,Structured,RandomForest,mths_since_recent_bc,structured,0.023782,0.023782,13
9,Structured,RandomForest,mths_since_recent_inq,structured,0.017834,0.017834,16
9,Structured,RandomForest,mths_since_recent_revol_delinq,structured,0.005888,0.005888,21
9,Structured,RandomForest,num_op_rev_tl,structured,0.000177,0.000177,42
9,Structured,RandomForest,num_rev_accts,structured,0.000226,0.000226,39
9,Structured,RandomForest,num_tl_90g_dpd_24m,structured,0.0,0.0,48
9,Structured,RandomForest,num_tl_op_past_12m,structured,0.000178,0.000178,41
9,Structured,RandomForest,pub_rec_bankruptcies,structured,0.002449,0.002449,26
9,Structured,RandomForest,revol_util,structured,0.078997,0.078997,4
9,Structured,RandomForest,tax_liens,structured,0.0,0.0,50
9,Structured,RandomForest,term,structured,0.058102,0.058102,8
9,Structured,RandomForest,total_bc_limit,structured,0.024369,0.024369,12
9,Structured,RandomForest,fico_midpoint,structured,0.068497,0.068497,7
9,Structured,RandomForest,addr_state_CT,structured,0.00026,0.00026,38
9,Structured,RandomForest,addr_state_FL,structured,0.002962,0.002962,25
9,Structured,RandomForest,addr_state_IA,structured,0.0,0.0,49
9,Structured,RandomForest,addr_state_MA,structured,0.000796,0.000796,32
9,Structured,RandomForest,addr_state_MN,structured,0.000183,0.000183,40
9,Structured,RandomForest,addr_state_NY,structured,0.003078,0.003078,24
9,Structured,RandomForest,addr_state_OH,structured,0.000542,0.000542,34
9,Structured,RandomForest,addr_state_RI,structured,6e-06,6e-06,46
9,Structured,RandomForest,addr_state_UT,structured,3.6e-05,3.6e-05,45
9,Structured,RandomForest,addr_state_VA,structured,0.000823,0.000823,31
9,Structured,RandomForest,addr_state_WA,structured,0.000387,0.000387,35
9,Structured,RandomForest,addr_state_WI,structured,9e-05,9e-05,44
9,Structured,RandomForest,purpose_debt_consolidation,structured,0.011449,0.011449,17
9,Structured,RandomForest,purpose_home_improvement,structured,0.002265,0.002265,27
9,Structured,RandomForest,purpose_house,structured,0.000113,0.000113,43
9,Structured,RandomForest,purpose_major_purchase,structured,0.00145,0.00145,29
9,Structured,RandomForest,purpose_moving,structured,0.000829,0.000829,30
9,Structured,RandomForest,purpose_other,structured,0.004472,0.004472,22
9,Structured,RandomForest,purpose_wedding,structured,0.000672,0.000672,33
9,Structured,RandomForest,home_ownership_OTHER,structured,0.0,0.0,47
9,Structured,RandomForest,home_ownership_OWN,structured,0.002156,0.002156,28
9,Structured,RandomForest,home_ownership_RENT,structured,0.010147,0.010147,18
9,Structured,RandomForest,verification_status_Source Verified,structured,0.007362,0.007362,20
9,Structured,RandomForest,verification_status_Verified,structured,0.008809,0.008809,19
9,Structured,RandomForest,grade_ord,structured,0.076762,0.076762,5
9,Structured,RandomForest,sub_grade_ord,structured,0.111978,0.111978,3
9,Structured+FinBERT,Logistic,annual_inc,structured,0.319543,0.108078,2
9,Structured+FinBERT,Logistic,bc_open_to_buy,structured,0.24368,0.082419,4
9,Structured+FinBERT,Logistic,collections_12_mths_ex_med,structured,0.0,0.0,50
9,Structured+FinBERT,Logistic,delinq_2yrs,structured,0.001707,0.000577,47
9,Structured+FinBERT,Logistic,dti,structured,0.040573,0.013723,15
9,Structured+FinBERT,Logistic,inq_last_6mths,structured,0.152591,0.05161,5
9,Structured+FinBERT,Logistic,int_rate,structured,0.447113,0.151225,1
9,Structured+FinBERT,Logistic,loan_amnt,structured,0.073194,0.024756,12
9,Structured+FinBERT,Logistic,mo_sin_old_rev_tl_op,structured,0.007118,0.002408,42
9,Structured+FinBERT,Logistic,mths_since_recent_bc,structured,0.147866,0.050012,6
9,Structured+FinBERT,Logistic,mths_since_recent_inq,structured,0.127847,0.043241,9
9,Structured+FinBERT,Logistic,num_bc_sats,structured,0.010917,0.003692,38
9,Structured+FinBERT,Logistic,pub_rec,structured,0.037957,0.012838,19
9,Structured+FinBERT,Logistic,pub_rec_bankruptcies,structured,0.029153,0.00986,22
9,Structured+FinBERT,Logistic,revol_util,structured,0.078247,0.026465,11
9,Structured+FinBERT,Logistic,term,structured,0.269417,0.091124,3
9,Structured+FinBERT,Logistic,total_bal_ex_mort,structured,0.021877,0.007399,25
9,Structured+FinBERT,Logistic,fico_midpoint,structured,0.131667,0.044533,8
9,Structured+FinBERT,Logistic,addr_state_AL,structured,0.006066,0.002052,43
9,Structured+FinBERT,Logistic,addr_state_AR,structured,0.010345,0.003499,39
9,Structured+FinBERT,Logistic,addr_state_CO,structured,0.012486,0.004223,36
9,Structured+FinBERT,Logistic,addr_state_FL,structured,0.043157,0.014597,14
9,Structured+FinBERT,Logistic,addr_state_LA,structured,0.008329,0.002817,41
9,Structured+FinBERT,Logistic,addr_state_MT,structured,0.019028,0.006436,27
9,Structured+FinBERT,Logistic,addr_state_NC,structured,0.00535,0.00181,44
9,Structured+FinBERT,Logistic,addr_state_NE,structured,0.0,0.0,49
9,Structured+FinBERT,Logistic,addr_state_NY,structured,0.016948,0.005732,29
9,Structured+FinBERT,Logistic,addr_state_OK,structured,0.009651,0.003264,40
9,Structured+FinBERT,Logistic,addr_state_TX,structured,0.051835,0.017532,13
9,Structured+FinBERT,Logistic,addr_state_UT,structured,0.016831,0.005693,30
9,Structured+FinBERT,Logistic,addr_state_VA,structured,0.024554,0.008305,23
9,Structured+FinBERT,Logistic,addr_state_WV,structured,0.021881,0.007401,24
9,Structured+FinBERT,Logistic,purpose_debt_consolidation,structured,0.035228,0.011915,20
9,Structured+FinBERT,Logistic,purpose_educational,structured,0.015137,0.00512,33
9,Structured+FinBERT,Logistic,purpose_moving,structured,0.039256,0.013277,17
9,Structured+FinBERT,Logistic,purpose_renewable_energy,structured,0.03952,0.013367,16
9,Structured+FinBERT,Logistic,home_ownership_OTHER,structured,0.120277,0.040681,10
9,Structured+FinBERT,Logistic,home_ownership_RENT,structured,0.002543,0.00086,46
9,Structured+FinBERT,Logistic,verification_status_Verified,structured,0.012881,0.004357,34
9,Structured+FinBERT,Logistic,grade_ord,structured,0.01279,0.004326,35
9,Structured+FinBERT,Logistic,sub_grade_ord,structured,0.134759,0.045579,7
9,Structured+FinBERT,Logistic,fb:pca_009,FinBERT,0.038862,0.013144,18
9,Structured+FinBERT,Logistic,fb:pca_014,FinBERT,0.011373,0.003847,37
9,Structured+FinBERT,Logistic,fb:pca_026,FinBERT,0.015845,0.005359,32
9,Structured+FinBERT,Logistic,fb:pca_028,FinBERT,0.001135,0.000384,48
9,Structured+FinBERT,Logistic,fb:pca_031,FinBERT,0.002646,0.000895,45
9,Structured+FinBERT,Logistic,fb:pca_035,FinBERT,0.018795,0.006357,28
9,Structured+FinBERT,Logistic,fb:pca_041,FinBERT,0.031303,0.010588,21
9,Structured+FinBERT,Logistic,fb:pca_047,FinBERT,0.016471,0.005571,31
9,Structured+FinBERT,Logistic,fb:pca_049,FinBERT,0.02085,0.007052,26
9,Structured+FinBERT,XGBoost,annual_inc,structured,95.178574,0.042234,4
9,Structured+FinBERT,XGBoost,bc_open_to_buy,structured,32.879379,0.01459,15
9,Structured+FinBERT,XGBoost,collections_12_mths_ex_med,structured,0.0,0.0,50
9,Structured+FinBERT,XGBoost,delinq_2yrs,structured,21.2269,0.009419,38
9,Structured+FinBERT,XGBoost,dti,structured,29.002598,0.01287,18
9,Structured+FinBERT,XGBoost,inq_last_6mths,structured,62.110081,0.027561,6
9,Structured+FinBERT,XGBoost,int_rate,structured,378.358551,0.167892,2
9,Structured+FinBERT,XGBoost,loan_amnt,structured,26.299688,0.01167,26
9,Structured+FinBERT,XGBoost,mo_sin_old_rev_tl_op,structured,20.983301,0.009311,39
9,Structured+FinBERT,XGBoost,mths_since_recent_bc,structured,44.13998,0.019587,10
9,Structured+FinBERT,XGBoost,mths_since_recent_inq,structured,40.456043,0.017952,11
9,Structured+FinBERT,XGBoost,num_bc_sats,structured,26.161354,0.011609,28
9,Structured+FinBERT,XGBoost,pub_rec,structured,46.924522,0.020822,8
9,Structured+FinBERT,XGBoost,pub_rec_bankruptcies,structured,30.749121,0.013645,16
9,Structured+FinBERT,XGBoost,revol_util,structured,35.037315,0.015547,12
9,Structured+FinBERT,XGBoost,term,structured,175.697769,0.077964,3
9,Structured+FinBERT,XGBoost,total_bal_ex_mort,structured,26.184721,0.011619,27
9,Structured+FinBERT,XGBoost,fico_midpoint,structured,45.63253,0.020249,9
9,Structured+FinBERT,XGBoost,addr_state_AL,structured,58.506218,0.025961,7
9,Structured+FinBERT,XGBoost,addr_state_AR,structured,26.508459,0.011763,24
9,Structured+FinBERT,XGBoost,addr_state_CO,structured,13.052065,0.005792,45
9,Structured+FinBERT,XGBoost,addr_state_FL,structured,28.757492,0.012761,19
9,Structured+FinBERT,XGBoost,addr_state_LA,structured,20.436934,0.009069,41
9,Structured+FinBERT,XGBoost,addr_state_MT,structured,18.547857,0.00823,42
9,Structured+FinBERT,XGBoost,addr_state_NC,structured,17.892546,0.00794,44
9,Structured+FinBERT,XGBoost,addr_state_NE,structured,0.0,0.0,48
9,Structured+FinBERT,XGBoost,addr_state_NY,structured,33.000214,0.014643,14
9,Structured+FinBERT,XGBoost,addr_state_OK,structured,0.0,0.0,49
9,Structured+FinBERT,XGBoost,addr_state_TX,structured,34.409836,0.015269,13
9,Structured+FinBERT,XGBoost,addr_state_UT,structured,22.993553,0.010203,36
9,Structured+FinBERT,XGBoost,addr_state_VA,structured,20.696192,0.009184,40
9,Structured+FinBERT,XGBoost,addr_state_WV,structured,18.024017,0.007998,43
9,Structured+FinBERT,XGBoost,purpose_debt_consolidation,structured,27.71389,0.012298,21
9,Structured+FinBERT,XGBoost,purpose_educational,structured,0.0,0.0,47
9,Structured+FinBERT,XGBoost,purpose_moving,structured,22.803055,0.010119,37
9,Structured+FinBERT,XGBoost,purpose_renewable_energy,structured,23.29563,0.010337,34
9,Structured+FinBERT,XGBoost,home_ownership_OTHER,structured,0.0,0.0,46
9,Structured+FinBERT,XGBoost,home_ownership_RENT,structured,28.30279,0.012559,20
9,Structured+FinBERT,XGBoost,verification_status_Verified,structured,27.544058,0.012222,22
9,Structured+FinBERT,XGBoost,grade_ord,structured,380.893738,0.169017,1
9,Structured+FinBERT,XGBoost,sub_grade_ord,structured,62.581921,0.02777,5
9,Structured+FinBERT,XGBoost,fb:pca_009,FinBERT,29.993452,0.013309,17
9,Structured+FinBERT,XGBoost,fb:pca_014,FinBERT,25.551777,0.011338,30
9,Structured+FinBERT,XGBoost,fb:pca_026,FinBERT,25.552963,0.011339,29
9,Structured+FinBERT,XGBoost,fb:pca_028,FinBERT,23.213045,0.010301,35
9,Structured+FinBERT,XGBoost,fb:pca_031,FinBERT,23.311485,0.010344,33
9,Structured+FinBERT,XGBoost,fb:pca_035,FinBERT,25.135695,0.011154,31
9,Structured+FinBERT,XGBoost,fb:pca_041,FinBERT,26.539745,0.011777,23
9,Structured+FinBERT,XGBoost,fb:pca_047,FinBERT,26.345053,0.01169,25
9,Structured+FinBERT,XGBoost,fb:pca_049,FinBERT,24.953922,0.011073,32
9,Structured+FinBERT,RandomForest,annual_inc,structured,0.098197,0.098197,3
9,Structured+FinBERT,RandomForest,bc_open_to_buy,structured,0.017507,0.017507,21
9,Structured+FinBERT,RandomForest,collections_12_mths_ex_med,structured,0.0,0.0,50
9,Structured+FinBERT,RandomForest,delinq_2yrs,structured,0.001929,0.001929,28
9,Structured+FinBERT,RandomForest,dti,structured,0.049374,0.049374,8
9,Structured+FinBERT,RandomForest,inq_last_6mths,structured,0.020932,0.020932,11
9,Structured+FinBERT,RandomForest,int_rate,structured,0.143275,0.143275,1
9,Structured+FinBERT,RandomForest,loan_amnt,structured,0.04223,0.04223,9
9,Structured+FinBERT,RandomForest,mo_sin_old_rev_tl_op,structured,7.2e-05,7.2e-05,37
9,Structured+FinBERT,RandomForest,mths_since_recent_bc,structured,0.019043,0.019043,19
9,Structured+FinBERT,RandomForest,mths_since_recent_inq,structured,0.013496,0.013496,23
9,Structured+FinBERT,RandomForest,num_bc_sats,structured,0.004839,0.004839,27
9,Structured+FinBERT,RandomForest,pub_rec,structured,0.001749,0.001749,29
9,Structured+FinBERT,RandomForest,pub_rec_bankruptcies,structured,0.00147,0.00147,32
9,Structured+FinBERT,RandomForest,revol_util,structured,0.055323,0.055323,7
9,Structured+FinBERT,RandomForest,term,structured,0.055938,0.055938,6
9,Structured+FinBERT,RandomForest,total_bal_ex_mort,structured,0.017029,0.017029,22
9,Structured+FinBERT,RandomForest,fico_midpoint,structured,0.061435,0.061435,5
9,Structured+FinBERT,RandomForest,addr_state_AL,structured,2e-05,2e-05,39
9,Structured+FinBERT,RandomForest,addr_state_AR,structured,0.0,0.0,47
9,Structured+FinBERT,RandomForest,addr_state_CO,structured,5.1e-05,5.1e-05,38
9,Structured+FinBERT,RandomForest,addr_state_FL,structured,0.001477,0.001477,31
9,Structured+FinBERT,RandomForest,addr_state_LA,structured,1.6e-05,1.6e-05,40
9,Structured+FinBERT,RandomForest,addr_state_MT,structured,0.0,0.0,48
9,Structured+FinBERT,RandomForest,addr_state_NC,structured,0.000117,0.000117,36
9,Structured+FinBERT,RandomForest,addr_state_NE,structured,0.0,0.0,46
9,Structured+FinBERT,RandomForest,addr_state_NY,structured,0.001226,0.001226,33
9,Structured+FinBERT,RandomForest,addr_state_OK,structured,0.0,0.0,43
9,Structured+FinBERT,RandomForest,addr_state_TX,structured,0.001601,0.001601,30
9,Structured+FinBERT,RandomForest,addr_state_UT,structured,6e-06,6e-06,41
9,Structured+FinBERT,RandomForest,addr_state_VA,structured,0.000248,0.000248,35
9,Structured+FinBERT,RandomForest,addr_state_WV,structured,0.0,0.0,49
9,Structured+FinBERT,RandomForest,purpose_debt_consolidation,structured,0.007731,0.007731,24
9,Structured+FinBERT,RandomForest,purpose_educational,structured,1e-06,1e-06,42
9,Structured+FinBERT,RandomForest,purpose_moving,structured,0.000322,0.000322,34
9,Structured+FinBERT,RandomForest,purpose_renewable_energy,structured,0.0,0.0,45
9,Structured+FinBERT,RandomForest,home_ownership_OTHER,structured,0.0,0.0,44
9,Structured+FinBERT,RandomForest,home_ownership_RENT,structured,0.006975,0.006975,25
9,Structured+FinBERT,RandomForest,verification_status_Verified,structured,0.005798,0.005798,26
9,Structured+FinBERT,RandomForest,grade_ord,structured,0.081151,0.081151,4
9,Structured+FinBERT,RandomForest,sub_grade_ord,structured,0.108597,0.108597,2
9,Structured+FinBERT,RandomForest,fb:pca_009,FinBERT,0.023129,0.023129,10
9,Structured+FinBERT,RandomForest,fb:pca_014,FinBERT,0.019385,0.019385,16
9,Structured+FinBERT,RandomForest,fb:pca_026,FinBERT,0.018927,0.018927,20
9,Structured+FinBERT,RandomForest,fb:pca_028,FinBERT,0.019495,0.019495,15
9,Structured+FinBERT,RandomForest,fb:pca_031,FinBERT,0.020102,0.020102,14
9,Structured+FinBERT,RandomForest,fb:pca_035,FinBERT,0.020494,0.020494,13
9,Structured+FinBERT,RandomForest,fb:pca_041,FinBERT,0.020826,0.020826,12
9,Structured+FinBERT,RandomForest,fb:pca_047,FinBERT,0.019281,0.019281,17
9,Structured+FinBERT,RandomForest,fb:pca_049,FinBERT,0.019183,0.019183,18
10,Structured,Logistic,acc_open_past_24mths,structured,0.181082,0.044624,7
10,Structured,Logistic,annual_inc,structured,0.328616,0.08098,4
10,Structured,Logistic,avg_cur_bal,structured,0.051544,0.012702,22
10,Structured,Logistic,bc_open_to_buy,structured,0.371141,0.09146,3
10,Structured,Logistic,bc_util,structured,0.263051,0.064823,6
10,Structured,Logistic,delinq_2yrs,structured,0.0217,0.005348,34
10,Structured,Logistic,inq_last_6mths,structured,0.131285,0.032352,10
10,Structured,Logistic,int_rate,structured,0.382274,0.094203,2
10,Structured,Logistic,loan_amnt,structured,0.137372,0.033852,9
10,Structured,Logistic,mo_sin_rcnt_rev_tl_op,structured,0.001581,0.00039,49
10,Structured,Logistic,mths_since_last_delinq,structured,0.03765,0.009278,24
10,Structured,Logistic,mths_since_last_major_derog,structured,0.005296,0.001305,46
10,Structured,Logistic,mths_since_last_record,structured,0.031939,0.007871,28
10,Structured,Logistic,mths_since_recent_bc,structured,0.406552,0.100186,1
10,Structured,Logistic,mths_since_recent_inq,structured,0.036727,0.00905,25
10,Structured,Logistic,num_actv_rev_tl,structured,0.06412,0.015801,17
10,Structured,Logistic,num_il_tl,structured,0.055051,0.013566,20
10,Structured,Logistic,num_tl_op_past_12m,structured,0.053284,0.013131,21
10,Structured,Logistic,pct_tl_nvr_dlq,structured,0.065898,0.016239,16
10,Structured,Logistic,percent_bc_gt_75,structured,0.055737,0.013735,19
10,Structured,Logistic,pub_rec_bankruptcies,structured,0.021892,0.005395,33
10,Structured,Logistic,revol_util,structured,0.126436,0.031157,11
10,Structured,Logistic,term,structured,0.271822,0.066985,5
10,Structured,Logistic,tot_cur_bal,structured,0.004355,0.001073,47
10,Structured,Logistic,total_bc_limit,structured,0.007743,0.001908,42
10,Structured,Logistic,total_il_high_credit_limit,structured,0.029068,0.007163,30
10,Structured,Logistic,total_rev_hi_lim,structured,0.106503,0.026245,12
10,Structured,Logistic,fico_midpoint,structured,0.177251,0.04368,8
10,Structured,Logistic,addr_state_AZ,structured,0.008642,0.00213,41
10,Structured,Logistic,addr_state_CO,structured,0.019037,0.004691,35
10,Structured,Logistic,addr_state_CT,structured,0.000345,8.5e-05,50
10,Structured,Logistic,addr_state_DC,structured,0.063506,0.01565,18
10,Structured,Logistic,addr_state_FL,structured,0.048153,0.011866,23
10,Structured,Logistic,addr_state_IL,structured,0.036583,0.009015,26
10,Structured,Logistic,addr_state_MA,structured,0.003537,0.000872,48
10,Structured,Logistic,addr_state_MD,structured,0.01081,0.002664,40
10,Structured,Logistic,addr_state_NV,structured,0.031806,0.007838,29
10,Structured,Logistic,addr_state_NY,structured,0.025302,0.006235,31
10,Structured,Logistic,addr_state_OH,structured,0.016871,0.004157,37
10,Structured,Logistic,addr_state_UT,structured,0.006469,0.001594,45
10,Structured,Logistic,addr_state_WA,structured,0.007543,0.001859,43
10,Structured,Logistic,purpose_credit_card,structured,0.074135,0.018269,14
10,Structured,Logistic,purpose_debt_consolidation,structured,0.013647,0.003363,38
10,Structured,Logistic,purpose_educational,structured,0.01234,0.003041,39
10,Structured,Logistic,purpose_moving,structured,0.034929,0.008607,27
10,Structured,Logistic,purpose_other,structured,0.073548,0.018124,15
10,Structured,Logistic,home_ownership_RENT,structured,0.017475,0.004306,36
10,Structured,Logistic,verification_status_Verified,structured,0.006609,0.001629,44
10,Structured,Logistic,grade_ord,structured,0.024563,0.006053,32
10,Structured,Logistic,sub_grade_ord,structured,0.095154,0.023449,13
10,Structured,XGBoost,acc_open_past_24mths,structured,77.878464,0.0278,6
10,Structured,XGBoost,annual_inc,structured,104.068703,0.037149,5
10,Structured,XGBoost,avg_cur_bal,structured,33.571804,0.011984,20
10,Structured,XGBoost,bc_open_to_buy,structured,37.145828,0.01326,11
10,Structured,XGBoost,bc_util,structured,36.048038,0.012868,14
10,Structured,XGBoost,delinq_2yrs,structured,20.953289,0.00748,43
10,Structured,XGBoost,inq_last_6mths,structured,63.87682,0.022802,8
10,Structured,XGBoost,int_rate,structured,437.787506,0.156276,2
10,Structured,XGBoost,loan_amnt,structured,29.520824,0.010538,27
10,Structured,XGBoost,mo_sin_rcnt_rev_tl_op,structured,30.672249,0.010949,25
10,Structured,XGBoost,mths_since_last_delinq,structured,27.04291,0.009653,30
10,Structured,XGBoost,mths_since_last_major_derog,structured,22.176052,0.007916,40
10,Structured,XGBoost,mths_since_last_record,structured,30.909531,0.011034,24
10,Structured,XGBoost,mths_since_recent_bc,structured,36.470158,0.013019,12
10,Structured,XGBoost,mths_since_recent_inq,structured,34.710938,0.012391,17
10,Structured,XGBoost,num_actv_rev_tl,structured,24.482164,0.008739,33
10,Structured,XGBoost,num_il_tl,structured,30.058435,0.01073,26
10,Structured,XGBoost,num_tl_op_past_12m,structured,32.257263,0.011515,21
10,Structured,XGBoost,pct_tl_nvr_dlq,structured,21.263012,0.00759,41
10,Structured,XGBoost,percent_bc_gt_75,structured,23.926287,0.008541,36
10,Structured,XGBoost,pub_rec_bankruptcies,structured,30.926235,0.01104,23
10,Structured,XGBoost,revol_util,structured,34.538788,0.012329,18
10,Structured,XGBoost,term,structured,237.48735,0.084775,3
10,Structured,XGBoost,tot_cur_bal,structured,22.228319,0.007935,39
10,Structured,XGBoost,total_bc_limit,structured,33.995647,0.012135,19
10,Structured,XGBoost,total_il_high_credit_limit,structured,31.845812,0.011368,22
10,Structured,XGBoost,total_rev_hi_lim,structured,24.308586,0.008677,34
10,Structured,XGBoost,fico_midpoint,structured,44.235291,0.015791,9
10,Structured,XGBoost,addr_state_AZ,structured,16.881338,0.006026,46
10,Structured,XGBoost,addr_state_CO,structured,19.512878,0.006965,44
10,Structured,XGBoost,addr_state_CT,structured,23.344599,0.008333,37
10,Structured,XGBoost,addr_state_DC,structured,36.258656,0.012943,13
10,Structured,XGBoost,addr_state_FL,structured,36.004166,0.012852,15
10,Structured,XGBoost,addr_state_IL,structured,35.970783,0.01284,16
10,Structured,XGBoost,addr_state_MA,structured,0.0,0.0,49
10,Structured,XGBoost,addr_state_MD,structured,27.569029,0.009841,28
10,Structured,XGBoost,addr_state_NV,structured,27.519737,0.009824,29
10,Structured,XGBoost,addr_state_NY,structured,21.122919,0.00754,42
10,Structured,XGBoost,addr_state_OH,structured,16.780344,0.00599,47
10,Structured,XGBoost,addr_state_UT,structured,18.910957,0.006751,45
10,Structured,XGBoost,addr_state_WA,structured,16.664284,0.005949,48
10,Structured,XGBoost,purpose_credit_card,structured,68.514091,0.024457,7
10,Structured,XGBoost,purpose_debt_consolidation,structured,23.022142,0.008218,38
10,Structured,XGBoost,purpose_educational,structured,0.0,0.0,50
10,Structured,XGBoost,purpose_moving,structured,24.160568,0.008625,35
10,Structured,XGBoost,purpose_other,structured,43.141739,0.0154,10
10,Structured,XGBoost,home_ownership_RENT,structured,25.612255,0.009143,32
10,Structured,XGBoost,verification_status_Verified,structured,26.650146,0.009513,31
10,Structured,XGBoost,grade_ord,structured,528.835876,0.188777,1
10,Structured,XGBoost,sub_grade_ord,structured,150.516983,0.05373,4
10,Structured,RandomForest,acc_open_past_24mths,structured,0.022681,0.022681,14
10,Structured,RandomForest,annual_inc,structured,0.107065,0.107065,2
10,Structured,RandomForest,avg_cur_bal,structured,0.013101,0.013101,18
10,Structured,RandomForest,bc_open_to_buy,structured,0.029402,0.029402,9
10,Structured,RandomForest,bc_util,structured,0.02883,0.02883,11
10,Structured,RandomForest,delinq_2yrs,structured,0.003051,0.003051,32
10,Structured,RandomForest,inq_last_6mths,structured,0.021717,0.021717,15
10,Structured,RandomForest,int_rate,structured,0.127775,0.127775,1
10,Structured,RandomForest,loan_amnt,structured,0.055852,0.055852,7
10,Structured,RandomForest,mo_sin_rcnt_rev_tl_op,structured,0.010652,0.010652,22
10,Structured,RandomForest,mths_since_last_delinq,structured,0.027304,0.027304,12
10,Structured,RandomForest,mths_since_last_major_derog,structured,0.001803,0.001803,36
10,Structured,RandomForest,mths_since_last_record,structured,0.002847,0.002847,33
10,Structured,RandomForest,mths_since_recent_bc,structured,0.026623,0.026623,13
10,Structured,RandomForest,mths_since_recent_inq,structured,0.020476,0.020476,16
10,Structured,RandomForest,num_actv_rev_tl,structured,0.00602,0.00602,28
10,Structured,RandomForest,num_il_tl,structured,0.007806,0.007806,27
10,Structured,RandomForest,num_tl_op_past_12m,structured,0.005173,0.005173,30
10,Structured,RandomForest,pct_tl_nvr_dlq,structured,0.005313,0.005313,29
10,Structured,RandomForest,percent_bc_gt_75,structured,0.01629,0.01629,17
10,Structured,RandomForest,pub_rec_bankruptcies,structured,0.001195,0.001195,38
10,Structured,RandomForest,revol_util,structured,0.068891,0.068891,5
10,Structured,RandomForest,term,structured,0.053672,0.053672,8
10,Structured,RandomForest,tot_cur_bal,structured,0.012774,0.012774,19
10,Structured,RandomForest,total_bc_limit,structured,0.028867,0.028867,10
10,Structured,RandomForest,total_il_high_credit_limit,structured,0.011281,0.011281,21
10,Structured,RandomForest,total_rev_hi_lim,structured,0.011704,0.011704,20
10,Structured,RandomForest,fico_midpoint,structured,0.058675,0.058675,6
10,Structured,RandomForest,addr_state_AZ,structured,0.000331,0.000331,43
10,Structured,RandomForest,addr_state_CO,structured,0.000163,0.000163,46
10,Structured,RandomForest,addr_state_CT,structured,0.000149,0.000149,47
10,Structured,RandomForest,addr_state_DC,structured,8.9e-05,8.9e-05,48
10,Structured,RandomForest,addr_state_FL,structured,0.002714,0.002714,34
10,Structured,RandomForest,addr_state_IL,structured,0.00131,0.00131,37
10,Structured,RandomForest,addr_state_MA,structured,0.000553,0.000553,40
10,Structured,RandomForest,addr_state_MD,structured,0.00029,0.00029,44
10,Structured,RandomForest,addr_state_NV,structured,0.000258,0.000258,45
10,Structured,RandomForest,addr_state_NY,structured,0.002573,0.002573,35
10,Structured,RandomForest,addr_state_OH,structured,0.000443,0.000443,41
10,Structured,RandomForest,addr_state_UT,structured,1.3e-05,1.3e-05,49
10,Structured,RandomForest,addr_state_WA,structured,0.000331,0.000331,42
10,Structured,RandomForest,purpose_credit_card,structured,0.007912,0.007912,26
10,Structured,RandomForest,purpose_debt_consolidation,structured,0.008613,0.008613,24
10,Structured,RandomForest,purpose_educational,structured,0.0,0.0,50
10,Structured,RandomForest,purpose_moving,structured,0.00057,0.00057,39
10,Structured,RandomForest,purpose_other,structured,0.003403,0.003403,31
10,Structured,RandomForest,home_ownership_RENT,structured,0.009062,0.009062,23
10,Structured,RandomForest,verification_status_Verified,structured,0.00839,0.00839,25
10,Structured,RandomForest,grade_ord,structured,0.068992,0.068992,4
10,Structured,RandomForest,sub_grade_ord,structured,0.097001,0.097001,3
10,Structured+FinBERT,Logistic,acc_open_past_24mths,structured,0.170971,0.043801,7
10,Structured+FinBERT,Logistic,annual_inc,structured,0.345582,0.088535,4
10,Structured+FinBERT,Logistic,bc_open_to_buy,structured,0.427128,0.109426,2
10,Structured+FinBERT,Logistic,bc_util,structured,0.220978,0.056613,6
10,Structured+FinBERT,Logistic,delinq_2yrs,structured,0.004827,0.001237,43
10,Structured+FinBERT,Logistic,emp_length,structured,0.024506,0.006278,27
10,Structured+FinBERT,Logistic,inq_last_6mths,structured,0.127079,0.032556,11
10,Structured+FinBERT,Logistic,int_rate,structured,0.398082,0.101985,3
10,Structured+FinBERT,Logistic,loan_amnt,structured,0.130113,0.033334,10
10,Structured+FinBERT,Logistic,mo_sin_rcnt_rev_tl_op,structured,0.012495,0.003201,37
10,Structured+FinBERT,Logistic,mo_sin_rcnt_tl,structured,8.3e-05,2.1e-05,48
10,Structured+FinBERT,Logistic,mths_since_last_record,structured,0.048863,0.012518,19
10,Structured+FinBERT,Logistic,mths_since_recent_bc,structured,0.453779,0.116254,1
10,Structured+FinBERT,Logistic,mths_since_recent_inq,structured,0.030766,0.007882,25
10,Structured+FinBERT,Logistic,num_accts_ever_120_pd,structured,0.021395,0.005481,33
10,Structured+FinBERT,Logistic,num_bc_sats,structured,0.049763,0.012749,18
10,Structured+FinBERT,Logistic,num_tl_120dpd_2m,structured,0.0,0.0,49
10,Structured+FinBERT,Logistic,num_tl_op_past_12m,structured,0.050833,0.013023,17
10,Structured+FinBERT,Logistic,revol_util,structured,0.13732,0.03518,9
10,Structured+FinBERT,Logistic,term,structured,0.266171,0.068191,5
10,Structured+FinBERT,Logistic,total_bal_ex_mort,structured,0.002882,0.000738,45
10,Structured+FinBERT,Logistic,total_bc_limit,structured,0.016426,0.004208,34
10,Structured+FinBERT,Logistic,total_il_high_credit_limit,structured,0.065545,0.016792,14
10,Structured+FinBERT,Logistic,total_rev_hi_lim,structured,0.05785,0.014821,16
10,Structured+FinBERT,Logistic,fico_midpoint,structured,0.164704,0.042196,8
10,Structured+FinBERT,Logistic,addr_state_AZ,structured,0.010099,0.002587,38
10,Structured+FinBERT,Logistic,addr_state_DC,structured,0.061259,0.015694,15
10,Structured+FinBERT,Logistic,addr_state_FL,structured,0.048181,0.012344,20
10,Structured+FinBERT,Logistic,addr_state_MO,structured,0.001237,0.000317,46
10,Structured+FinBERT,Logistic,addr_state_NC,structured,0.005237,0.001342,42
10,Structured+FinBERT,Logistic,addr_state_NY,structured,0.03197,0.008191,24
10,Structured+FinBERT,Logistic,addr_state_TN,structured,0.0,0.0,50
10,Structured+FinBERT,Logistic,addr_state_VA,structured,0.009534,0.002443,39
10,Structured+FinBERT,Logistic,purpose_credit_card,structured,0.107516,0.027545,12
10,Structured+FinBERT,Logistic,purpose_debt_consolidation,structured,0.035553,0.009108,23
10,Structured+FinBERT,Logistic,purpose_house,structured,0.008715,0.002233,40
10,Structured+FinBERT,Logistic,verification_status_Source Verified,structured,0.023005,0.005894,29
10,Structured+FinBERT,Logistic,grade_ord,structured,0.028925,0.00741,26
10,Structured+FinBERT,Logistic,sub_grade_ord,structured,0.099897,0.025593,13
10,Structured+FinBERT,Logistic,fb:pca_001,FinBERT,0.013974,0.00358,36
10,Structured+FinBERT,Logistic,fb:pca_006,FinBERT,0.015648,0.004009,35
10,Structured+FinBERT,Logistic,fb:pca_010,FinBERT,0.022467,0.005756,30
10,Structured+FinBERT,Logistic,fb:pca_015,FinBERT,0.024328,0.006233,28
10,Structured+FinBERT,Logistic,fb:pca_019,FinBERT,0.022143,0.005673,31
10,Structured+FinBERT,Logistic,fb:pca_023,FinBERT,0.002992,0.000766,44
10,Structured+FinBERT,Logistic,fb:pca_029,FinBERT,0.007495,0.00192,41
10,Structured+FinBERT,Logistic,fb:pca_032,FinBERT,0.000504,0.000129,47
10,Structured+FinBERT,Logistic,fb:pca_037,FinBERT,0.021769,0.005577,32
10,Structured+FinBERT,Logistic,fb:pca_041,FinBERT,0.036927,0.00946,21
10,Structured+FinBERT,Logistic,fb:pca_044,FinBERT,0.035824,0.009178,22
10,Structured+FinBERT,XGBoost,acc_open_past_24mths,structured,89.640099,0.030774,6
10,Structured+FinBERT,XGBoost,annual_inc,structured,113.825783,0.039077,5
10,Structured+FinBERT,XGBoost,bc_open_to_buy,structured,43.355236,0.014884,13
10,Structured+FinBERT,XGBoost,bc_util,structured,44.139725,0.015153,12
10,Structured+FinBERT,XGBoost,delinq_2yrs,structured,25.429764,0.00873,41
10,Structured+FinBERT,XGBoost,emp_length,structured,31.459471,0.0108,28
10,Structured+FinBERT,XGBoost,inq_last_6mths,structured,81.045113,0.027823,7
10,Structured+FinBERT,XGBoost,int_rate,structured,539.014954,0.185047,1
10,Structured+FinBERT,XGBoost,loan_amnt,structured,34.486027,0.011839,24
10,Structured+FinBERT,XGBoost,mo_sin_rcnt_rev_tl_op,structured,35.375626,0.012145,21
10,Structured+FinBERT,XGBoost,mo_sin_rcnt_tl,structured,40.533459,0.013915,18
10,Structured+FinBERT,XGBoost,mths_since_last_record,structured,41.400288,0.014213,16
10,Structured+FinBERT,XGBoost,mths_since_recent_bc,structured,44.472427,0.015268,11
10,Structured+FinBERT,XGBoost,mths_since_recent_inq,structured,45.889568,0.015754,10
10,Structured+FinBERT,XGBoost,num_accts_ever_120_pd,structured,25.185818,0.008646,42
10,Structured+FinBERT,XGBoost,num_bc_sats,structured,28.55744,0.009804,36
10,Structured+FinBERT,XGBoost,num_tl_120dpd_2m,structured,0.0,0.0,46
10,Structured+FinBERT,XGBoost,num_tl_op_past_12m,structured,28.959551,0.009942,34
10,Structured+FinBERT,XGBoost,revol_util,structured,42.982838,0.014756,14
10,Structured+FinBERT,XGBoost,term,structured,257.112793,0.088268,3
10,Structured+FinBERT,XGBoost,total_bal_ex_mort,structured,28.946064,0.009937,35
10,Structured+FinBERT,XGBoost,total_bc_limit,structured,35.551212,0.012205,19
10,Structured+FinBERT,XGBoost,total_il_high_credit_limit,structured,42.718487,0.014666,15
10,Structured+FinBERT,XGBoost,total_rev_hi_lim,structured,27.747097,0.009526,39
10,Structured+FinBERT,XGBoost,fico_midpoint,structured,50.14608,0.017215,9
10,Structured+FinBERT,XGBoost,addr_state_AZ,structured,0.0,0.0,50
10,Structured+FinBERT,XGBoost,addr_state_DC,structured,41.01141,0.014079,17
10,Structured+FinBERT,XGBoost,addr_state_FL,structured,34.869392,0.011971,22
10,Structured+FinBERT,XGBoost,addr_state_MO,structured,0.0,0.0,47
10,Structured+FinBERT,XGBoost,addr_state_NC,structured,0.0,0.0,48
10,Structured+FinBERT,XGBoost,addr_state_NY,structured,29.461035,0.010114,32
10,Structured+FinBERT,XGBoost,addr_state_TN,structured,0.0,0.0,49
10,Structured+FinBERT,XGBoost,addr_state_VA,structured,20.715668,0.007112,45
10,Structured+FinBERT,XGBoost,purpose_credit_card,structured,73.535782,0.025245,8
10,Structured+FinBERT,XGBoost,purpose_debt_consolidation,structured,35.431908,0.012164,20
10,Structured+FinBERT,XGBoost,purpose_house,structured,32.894413,0.011293,26
10,Structured+FinBERT,XGBoost,verification_status_Source Verified,structured,22.652641,0.007777,44
10,Structured+FinBERT,XGBoost,grade_ord,structured,330.351166,0.113412,2
10,Structured+FinBERT,XGBoost,sub_grade_ord,structured,188.107483,0.064578,4
10,Structured+FinBERT,XGBoost,fb:pca_001,FinBERT,32.931332,0.011306,25
10,Structured+FinBERT,XGBoost,fb:pca_006,FinBERT,29.646296,0.010178,31
10,Structured+FinBERT,XGBoost,fb:pca_010,FinBERT,31.651012,0.010866,27
10,Structured+FinBERT,XGBoost,fb:pca_015,FinBERT,29.819704,0.010237,30
10,Structured+FinBERT,XGBoost,fb:pca_019,FinBERT,26.190437,0.008991,40
10,Structured+FinBERT,XGBoost,fb:pca_023,FinBERT,29.064043,0.009978,33
10,Structured+FinBERT,XGBoost,fb:pca_029,FinBERT,28.298651,0.009715,38
10,Structured+FinBERT,XGBoost,fb:pca_032,FinBERT,28.313082,0.00972,37
10,Structured+FinBERT,XGBoost,fb:pca_037,FinBERT,24.042082,0.008254,43
10,Structured+FinBERT,XGBoost,fb:pca_041,FinBERT,34.615074,0.011884,23
10,Structured+FinBERT,XGBoost,fb:pca_044,FinBERT,31.273718,0.010736,29
10,Structured+FinBERT,RandomForest,acc_open_past_24mths,structured,0.017788,0.017788,18
10,Structured+FinBERT,RandomForest,annual_inc,structured,0.093223,0.093223,3
10,Structured+FinBERT,RandomForest,bc_open_to_buy,structured,0.01945,0.01945,13
10,Structured+FinBERT,RandomForest,bc_util,structured,0.019708,0.019708,11
10,Structured+FinBERT,RandomForest,delinq_2yrs,structured,0.001834,0.001834,38
10,Structured+FinBERT,RandomForest,emp_length,structured,0.018949,0.018949,14
10,Structured+FinBERT,RandomForest,inq_last_6mths,structured,0.017799,0.017799,17
10,Structured+FinBERT,RandomForest,int_rate,structured,0.125555,0.125555,1
10,Structured+FinBERT,RandomForest,loan_amnt,structured,0.038721,0.038721,8
10,Structured+FinBERT,RandomForest,mo_sin_rcnt_rev_tl_op,structured,0.007231,0.007231,31
10,Structured+FinBERT,RandomForest,mo_sin_rcnt_tl,structured,0.006796,0.006796,32
10,Structured+FinBERT,RandomForest,mths_since_last_record,structured,0.001691,0.001691,39
10,Structured+FinBERT,RandomForest,mths_since_recent_bc,structured,0.018608,0.018608,15
10,Structured+FinBERT,RandomForest,mths_since_recent_inq,structured,0.013363,0.013363,28
10,Structured+FinBERT,RandomForest,num_accts_ever_120_pd,structured,0.000481,0.000481,42
10,Structured+FinBERT,RandomForest,num_bc_sats,structured,0.0067,0.0067,33
10,Structured+FinBERT,RandomForest,num_tl_120dpd_2m,structured,0.0,0.0,49
10,Structured+FinBERT,RandomForest,num_tl_op_past_12m,structured,0.003484,0.003484,36
10,Structured+FinBERT,RandomForest,revol_util,structured,0.048671,0.048671,7
10,Structured+FinBERT,RandomForest,term,structured,0.056402,0.056402,5
10,Structured+FinBERT,RandomForest,total_bal_ex_mort,structured,0.019535,0.019535,12
10,Structured+FinBERT,RandomForest,total_bc_limit,structured,0.018467,0.018467,16
10,Structured+FinBERT,RandomForest,total_il_high_credit_limit,structured,0.008463,0.008463,29
10,Structured+FinBERT,RandomForest,total_rev_hi_lim,structured,0.008318,0.008318,30
10,Structured+FinBERT,RandomForest,fico_midpoint,structured,0.049413,0.049413,6
10,Structured+FinBERT,RandomForest,addr_state_AZ,structured,9.3e-05,9.3e-05,45
10,Structured+FinBERT,RandomForest,addr_state_DC,structured,4.2e-05,4.2e-05,46
10,Structured+FinBERT,RandomForest,addr_state_FL,structured,0.001255,0.001255,40
10,Structured+FinBERT,RandomForest,addr_state_MO,structured,2.3e-05,2.3e-05,47
10,Structured+FinBERT,RandomForest,addr_state_NC,structured,0.000108,0.000108,44
10,Structured+FinBERT,RandomForest,addr_state_NY,structured,0.001161,0.001161,41
10,Structured+FinBERT,RandomForest,addr_state_TN,structured,0.0,0.0,50
10,Structured+FinBERT,RandomForest,addr_state_VA,structured,0.000145,0.000145,43
10,Structured+FinBERT,RandomForest,purpose_credit_card,structured,0.006164,0.006164,34
10,Structured+FinBERT,RandomForest,purpose_debt_consolidation,structured,0.005751,0.005751,35
10,Structured+FinBERT,RandomForest,purpose_house,structured,2e-06,2e-06,48
10,Structured+FinBERT,RandomForest,verification_status_Source Verified,structured,0.003262,0.003262,37
10,Structured+FinBERT,RandomForest,grade_ord,structured,0.068507,0.068507,4
10,Structured+FinBERT,RandomForest,sub_grade_ord,structured,0.102977,0.102977,2
10,Structured+FinBERT,RandomForest,fb:pca_001,FinBERT,0.020109,0.020109,10
10,Structured+FinBERT,RandomForest,fb:pca_006,FinBERT,0.016929,0.016929,20
10,Structured+FinBERT,RandomForest,fb:pca_010,FinBERT,0.016857,0.016857,21
10,Structured+FinBERT,RandomForest,fb:pca_015,FinBERT,0.017095,0.017095,19
10,Structured+FinBERT,RandomForest,fb:pca_019,FinBERT,0.016001,0.016001,27
10,Structured+FinBERT,RandomForest,fb:pca_023,FinBERT,0.016246,0.016246,24
10,Structured+FinBERT,RandomForest,fb:pca_029,FinBERT,0.016195,0.016195,25
10,Structured+FinBERT,RandomForest,fb:pca_032,FinBERT,0.016262,0.016262,23
10,Structured+FinBERT,RandomForest,fb:pca_037,FinBERT,0.016084,0.016084,26
10,Structured+FinBERT,RandomForest,fb:pca_041,FinBERT,0.021361,0.021361,9
10,Structured+FinBERT,RandomForest,fb:pca_044,FinBERT,0.016723,0.016723,22
11,Structured,Logistic,acc_open_past_24mths,structured,0.164282,0.040431,10
11,Structured,Logistic,annual_inc,structured,0.3215,0.079123,4
11,Structured,Logistic,avg_cur_bal,structured,0.197471,0.048599,8
11,Structured,Logistic,bc_open_to_buy,structured,0.350282,0.086206,3
11,Structured,Logistic,bc_util,structured,0.256676,0.063169,6
11,Structured,Logistic,chargeoff_within_12_mths,structured,0.006576,0.001618,41
11,Structured,Logistic,collections_12_mths_ex_med,structured,0.005567,0.00137,45
11,Structured,Logistic,delinq_2yrs,structured,0.02284,0.005621,29
11,Structured,Logistic,inq_last_6mths,structured,0.126865,0.031222,12
11,Structured,Logistic,int_rate,structured,0.366178,0.090119,2
11,Structured,Logistic,loan_amnt,structured,0.167343,0.041184,9
11,Structured,Logistic,mo_sin_old_rev_tl_op,structured,0.008954,0.002204,40
11,Structured,Logistic,mths_since_last_delinq,structured,0.046655,0.011482,22
11,Structured,Logistic,mths_since_last_major_derog,structured,0.013425,0.003304,37
11,Structured,Logistic,mths_since_recent_bc,structured,0.386374,0.095089,1
11,Structured,Logistic,mths_since_recent_inq,structured,0.043055,0.010596,23
11,Structured,Logistic,num_bc_sats,structured,0.055124,0.013566,17
11,Structured,Logistic,num_tl_op_past_12m,structured,0.051646,0.01271,19
11,Structured,Logistic,percent_bc_gt_75,structured,0.056003,0.013783,16
11,Structured,Logistic,pub_rec_bankruptcies,structured,0.023338,0.005744,28
11,Structured,Logistic,revol_bal,structured,0.048785,0.012006,21
11,Structured,Logistic,revol_util,structured,0.147725,0.036356,11
11,Structured,Logistic,term,structured,0.279292,0.068735,5
11,Structured,Logistic,total_bc_limit,structured,0.037499,0.009229,25
11,Structured,Logistic,total_rev_hi_lim,structured,0.064937,0.015981,15
11,Structured,Logistic,fico_midpoint,structured,0.206916,0.050923,7
11,Structured,Logistic,addr_state_AL,structured,0.004607,0.001134,47
11,Structured,Logistic,addr_state_CO,structured,0.018605,0.004579,32
11,Structured,Logistic,addr_state_FL,structured,0.038885,0.00957,24
11,Structured,Logistic,addr_state_HI,structured,0.000946,0.000233,50
11,Structured,Logistic,addr_state_KY,structured,0.006187,0.001523,43
11,Structured,Logistic,addr_state_LA,structured,0.010812,0.002661,38
11,Structured,Logistic,addr_state_MD,structured,0.006144,0.001512,44
11,Structured,Logistic,addr_state_MN,structured,0.01921,0.004728,31
11,Structured,Logistic,addr_state_MO,structured,0.002549,0.000627,48
11,Structured,Logistic,addr_state_NJ,structured,0.035604,0.008762,26
11,Structured,Logistic,addr_state_NM,structured,0.006268,0.001542,42
11,Structured,Logistic,addr_state_PA,structured,0.01657,0.004078,34
11,Structured,Logistic,addr_state_SC,structured,0.014041,0.003456,36
11,Structured,Logistic,addr_state_TX,structured,0.04983,0.012264,20
11,Structured,Logistic,purpose_credit_card,structured,0.094498,0.023256,14
11,Structured,Logistic,purpose_debt_consolidation,structured,0.022193,0.005462,30
11,Structured,Logistic,purpose_home_improvement,structured,0.014984,0.003688,35
11,Structured,Logistic,purpose_house,structured,0.010615,0.002612,39
11,Structured,Logistic,purpose_other,structured,0.053733,0.013224,18
11,Structured,Logistic,purpose_wedding,structured,0.030763,0.007571,27
11,Structured,Logistic,home_ownership_NONE,structured,0.00488,0.001201,46
11,Structured,Logistic,home_ownership_OWN,structured,0.001942,0.000478,49
11,Structured,Logistic,grade_ord,structured,0.017902,0.004406,33
11,Structured,Logistic,sub_grade_ord,structured,0.126221,0.031064,13
11,Structured,XGBoost,acc_open_past_24mths,structured,94.998238,0.024342,6
11,Structured,XGBoost,annual_inc,structured,104.612198,0.026806,5
11,Structured,XGBoost,avg_cur_bal,structured,33.350979,0.008546,24
11,Structured,XGBoost,bc_open_to_buy,structured,55.001888,0.014094,9
11,Structured,XGBoost,bc_util,structured,38.757343,0.009931,16
11,Structured,XGBoost,chargeoff_within_12_mths,structured,0.0,0.0,49
11,Structured,XGBoost,collections_12_mths_ex_med,structured,0.0,0.0,50
11,Structured,XGBoost,delinq_2yrs,structured,27.551706,0.00706,34
11,Structured,XGBoost,inq_last_6mths,structured,75.156067,0.019258,8
11,Structured,XGBoost,int_rate,structured,549.094971,0.140699,2
11,Structured,XGBoost,loan_amnt,structured,37.695251,0.009659,17
11,Structured,XGBoost,mo_sin_old_rev_tl_op,structured,30.052608,0.007701,32
11,Structured,XGBoost,mths_since_last_delinq,structured,32.659088,0.008368,26
11,Structured,XGBoost,mths_since_last_major_derog,structured,21.857279,0.005601,39
11,Structured,XGBoost,mths_since_recent_bc,structured,43.077885,0.011038,13
11,Structured,XGBoost,mths_since_recent_inq,structured,37.55574,0.009623,18
11,Structured,XGBoost,num_bc_sats,structured,32.94474,0.008442,25
11,Structured,XGBoost,num_tl_op_past_12m,structured,30.097147,0.007712,31
11,Structured,XGBoost,percent_bc_gt_75,structured,31.073248,0.007962,30
11,Structured,XGBoost,pub_rec_bankruptcies,structured,35.74041,0.009158,22
11,Structured,XGBoost,revol_bal,structured,36.50518,0.009354,21
11,Structured,XGBoost,revol_util,structured,36.756905,0.009418,19
11,Structured,XGBoost,term,structured,276.540741,0.07086,4
11,Structured,XGBoost,total_bc_limit,structured,39.919956,0.010229,15
11,Structured,XGBoost,total_rev_hi_lim,structured,31.173025,0.007988,28
11,Structured,XGBoost,fico_midpoint,structured,46.214859,0.011842,10
11,Structured,XGBoost,addr_state_AL,structured,14.04213,0.003598,43
11,Structured,XGBoost,addr_state_CO,structured,22.380804,0.005735,38
11,Structured,XGBoost,addr_state_FL,structured,41.230904,0.010565,14
11,Structured,XGBoost,addr_state_HI,structured,0.0,0.0,48
11,Structured,XGBoost,addr_state_KY,structured,0.0,0.0,46
11,Structured,XGBoost,addr_state_LA,structured,0.0,0.0,47
11,Structured,XGBoost,addr_state_MD,structured,24.935318,0.006389,35
11,Structured,XGBoost,addr_state_MN,structured,24.889704,0.006378,36
11,Structured,XGBoost,addr_state_MO,structured,22.577188,0.005785,37
11,Structured,XGBoost,addr_state_NJ,structured,31.432764,0.008054,27
11,Structured,XGBoost,addr_state_NM,structured,17.95751,0.004601,42
11,Structured,XGBoost,addr_state_PA,structured,21.753584,0.005574,40
11,Structured,XGBoost,addr_state_SC,structured,27.563971,0.007063,33
11,Structured,XGBoost,addr_state_TX,structured,45.956684,0.011776,11
11,Structured,XGBoost,purpose_credit_card,structured,76.166771,0.019517,7
11,Structured,XGBoost,purpose_debt_consolidation,structured,36.635471,0.009387,20
11,Structured,XGBoost,purpose_home_improvement,structured,19.827246,0.00508,41
11,Structured,XGBoost,purpose_house,structured,33.533371,0.008592,23
11,Structured,XGBoost,purpose_other,structured,44.008259,0.011277,12
11,Structured,XGBoost,purpose_wedding,structured,31.073767,0.007962,29
11,Structured,XGBoost,home_ownership_NONE,structured,0.0,0.0,44
11,Structured,XGBoost,home_ownership_OWN,structured,0.0,0.0,45
11,Structured,XGBoost,grade_ord,structured,1205.651123,0.308933,1
11,Structured,XGBoost,sub_grade_ord,structured,382.629089,0.098044,3
11,Structured,RandomForest,acc_open_past_24mths,structured,0.024976,0.024976,16
11,Structured,RandomForest,annual_inc,structured,0.09333,0.09333,3
11,Structured,RandomForest,avg_cur_bal,structured,0.025219,0.025219,15
11,Structured,RandomForest,bc_open_to_buy,structured,0.033777,0.033777,10
11,Structured,RandomForest,bc_util,structured,0.030624,0.030624,11
11,Structured,RandomForest,chargeoff_within_12_mths,structured,1e-06,1e-06,48
11,Structured,RandomForest,collections_12_mths_ex_med,structured,0.0,0.0,50
11,Structured,RandomForest,delinq_2yrs,structured,0.002792,0.002792,27
11,Structured,RandomForest,inq_last_6mths,structured,0.018821,0.018821,20
11,Structured,RandomForest,int_rate,structured,0.111036,0.111036,1
11,Structured,RandomForest,loan_amnt,structured,0.052711,0.052711,8
11,Structured,RandomForest,mo_sin_old_rev_tl_op,structured,0.021555,0.021555,17
11,Structured,RandomForest,mths_since_last_delinq,structured,0.025801,0.025801,14
11,Structured,RandomForest,mths_since_last_major_derog,structured,0.003787,0.003787,26
11,Structured,RandomForest,mths_since_recent_bc,structured,0.029642,0.029642,13
11,Structured,RandomForest,mths_since_recent_inq,structured,0.021551,0.021551,18
11,Structured,RandomForest,num_bc_sats,structured,0.013278,0.013278,22
11,Structured,RandomForest,num_tl_op_past_12m,structured,0.00852,0.00852,23
11,Structured,RandomForest,percent_bc_gt_75,structured,0.018111,0.018111,21
11,Structured,RandomForest,pub_rec_bankruptcies,structured,0.001417,0.001417,32
11,Structured,RandomForest,revol_bal,structured,0.055529,0.055529,6
11,Structured,RandomForest,revol_util,structured,0.060317,0.060317,5
11,Structured,RandomForest,term,structured,0.053707,0.053707,7
11,Structured,RandomForest,total_bc_limit,structured,0.030591,0.030591,12
11,Structured,RandomForest,total_rev_hi_lim,structured,0.021387,0.021387,19
11,Structured,RandomForest,fico_midpoint,structured,0.049885,0.049885,9
11,Structured,RandomForest,addr_state_AL,structured,4.7e-05,4.7e-05,44
11,Structured,RandomForest,addr_state_CO,structured,0.000209,0.000209,38
11,Structured,RandomForest,addr_state_FL,structured,0.002245,0.002245,29
11,Structured,RandomForest,addr_state_HI,structured,1.4e-05,1.4e-05,47
11,Structured,RandomForest,addr_state_KY,structured,2.7e-05,2.7e-05,45
11,Structured,RandomForest,addr_state_LA,structured,6.8e-05,6.8e-05,42
11,Structured,RandomForest,addr_state_MD,structured,0.000253,0.000253,37
11,Structured,RandomForest,addr_state_MN,structured,0.000133,0.000133,40
11,Structured,RandomForest,addr_state_MO,structured,0.000144,0.000144,39
11,Structured,RandomForest,addr_state_NJ,structured,0.000852,0.000852,34
11,Structured,RandomForest,addr_state_NM,structured,1.5e-05,1.5e-05,46
11,Structured,RandomForest,addr_state_PA,structured,0.00061,0.00061,35
11,Structured,RandomForest,addr_state_SC,structured,8.6e-05,8.6e-05,41
11,Structured,RandomForest,addr_state_TX,structured,0.002149,0.002149,30
11,Structured,RandomForest,purpose_credit_card,structured,0.006399,0.006399,25
11,Structured,RandomForest,purpose_debt_consolidation,structured,0.007359,0.007359,24
11,Structured,RandomForest,purpose_home_improvement,structured,0.001399,0.001399,33
11,Structured,RandomForest,purpose_house,structured,5.6e-05,5.6e-05,43
11,Structured,RandomForest,purpose_other,structured,0.002624,0.002624,28
11,Structured,RandomForest,purpose_wedding,structured,0.000363,0.000363,36
11,Structured,RandomForest,home_ownership_NONE,structured,0.0,0.0,49
11,Structured,RandomForest,home_ownership_OWN,structured,0.001622,0.001622,31
11,Structured,RandomForest,grade_ord,structured,0.069915,0.069915,4
11,Structured,RandomForest,sub_grade_ord,structured,0.095048,0.095048,2
11,Structured+FinBERT,Logistic,annual_inc,structured,0.300068,0.082301,4
11,Structured+FinBERT,Logistic,bc_open_to_buy,structured,0.314162,0.086167,3
11,Structured+FinBERT,Logistic,bc_util,structured,0.259959,0.0713,6
11,Structured+FinBERT,Logistic,delinq_amnt,structured,0.006442,0.001767,44
11,Structured+FinBERT,Logistic,dti,structured,0.060545,0.016606,16
11,Structured+FinBERT,Logistic,emp_length,structured,0.023223,0.00637,28
11,Structured+FinBERT,Logistic,inq_last_6mths,structured,0.12947,0.03551,8
11,Structured+FinBERT,Logistic,int_rate,structured,0.370511,0.101622,2
11,Structured+FinBERT,Logistic,loan_amnt,structured,0.121265,0.03326,9
11,Structured+FinBERT,Logistic,mo_sin_old_rev_tl_op,structured,0.073281,0.020099,14
11,Structured+FinBERT,Logistic,mort_acc,structured,0.012512,0.003432,35
11,Structured+FinBERT,Logistic,mths_since_last_delinq,structured,0.044213,0.012127,19
11,Structured+FinBERT,Logistic,mths_since_last_major_derog,structured,0.010801,0.002963,39
11,Structured+FinBERT,Logistic,mths_since_last_record,structured,0.025488,0.006991,27
11,Structured+FinBERT,Logistic,mths_since_recent_bc,structured,0.459312,0.125977,1
11,Structured+FinBERT,Logistic,mths_since_recent_inq,structured,0.095358,0.026154,11
11,Structured+FinBERT,Logistic,num_bc_tl,structured,0.010978,0.003011,38
11,Structured+FinBERT,Logistic,num_op_rev_tl,structured,0.032382,0.008881,22
11,Structured+FinBERT,Logistic,open_acc,structured,0.053004,0.014538,18
11,Structured+FinBERT,Logistic,percent_bc_gt_75,structured,0.027037,0.007416,26
11,Structured+FinBERT,Logistic,revol_bal,structured,0.070884,0.019442,15
11,Structured+FinBERT,Logistic,revol_util,structured,0.12025,0.032981,10
11,Structured+FinBERT,Logistic,tax_liens,structured,0.005675,0.001556,45
11,Structured+FinBERT,Logistic,term,structured,0.264029,0.072416,5
11,Structured+FinBERT,Logistic,total_bc_limit,structured,0.055803,0.015305,17
11,Structured+FinBERT,Logistic,fico_midpoint,structured,0.185467,0.050869,7
11,Structured+FinBERT,Logistic,addr_state_AZ,structured,0.00659,0.001807,43
11,Structured+FinBERT,Logistic,addr_state_KY,structured,0.007351,0.002016,42
11,Structured+FinBERT,Logistic,addr_state_VA,structured,0.005561,0.001525,46
11,Structured+FinBERT,Logistic,addr_state_WA,structured,0.003164,0.000868,49
11,Structured+FinBERT,Logistic,addr_state_WY,structured,0.036899,0.010121,20
11,Structured+FinBERT,Logistic,purpose_educational,structured,0.011743,0.003221,37
11,Structured+FinBERT,Logistic,purpose_house,structured,0.01802,0.004942,32
11,Structured+FinBERT,Logistic,purpose_major_purchase,structured,0.022124,0.006068,30
11,Structured+FinBERT,Logistic,purpose_moving,structured,0.028694,0.00787,24
11,Structured+FinBERT,Logistic,verification_status_Source Verified,structured,0.030483,0.008361,23
11,Structured+FinBERT,Logistic,verification_status_Verified,structured,0.004765,0.001307,47
11,Structured+FinBERT,Logistic,grade_ord,structured,0.022217,0.006094,29
11,Structured+FinBERT,Logistic,sub_grade_ord,structured,0.075051,0.020585,13
11,Structured+FinBERT,Logistic,fb:pca_005,FinBERT,0.033252,0.00912,21
11,Structured+FinBERT,Logistic,fb:pca_010,FinBERT,0.00458,0.001256,48
11,Structured+FinBERT,Logistic,fb:pca_013,FinBERT,0.027522,0.007549,25
11,Structured+FinBERT,Logistic,fb:pca_015,FinBERT,0.018007,0.004939,33
11,Structured+FinBERT,Logistic,fb:pca_016,FinBERT,0.084451,0.023163,12
11,Structured+FinBERT,Logistic,fb:pca_017,FinBERT,0.020773,0.005698,31
11,Structured+FinBERT,Logistic,fb:pca_018,FinBERT,0.009887,0.002712,40
11,Structured+FinBERT,Logistic,fb:pca_020,FinBERT,0.009806,0.002689,41
11,Structured+FinBERT,Logistic,fb:pca_024,FinBERT,0.017812,0.004885,34
11,Structured+FinBERT,Logistic,fb:pca_039,FinBERT,0.011991,0.003289,36
11,Structured+FinBERT,Logistic,fb:pca_049,FinBERT,0.003123,0.000857,50
11,Structured+FinBERT,XGBoost,annual_inc,structured,120.253845,0.028106,5
11,Structured+FinBERT,XGBoost,bc_open_to_buy,structured,53.713482,0.012554,10
11,Structured+FinBERT,XGBoost,bc_util,structured,46.966846,0.010977,12
11,Structured+FinBERT,XGBoost,delinq_amnt,structured,0.0,0.0,50
11,Structured+FinBERT,XGBoost,dti,structured,67.000565,0.01566,7
11,Structured+FinBERT,XGBoost,emp_length,structured,38.171196,0.008922,21
11,Structured+FinBERT,XGBoost,inq_last_6mths,structured,86.73822,0.020273,6
11,Structured+FinBERT,XGBoost,int_rate,structured,683.355408,0.159717,2
11,Structured+FinBERT,XGBoost,loan_amnt,structured,42.978619,0.010045,16
11,Structured+FinBERT,XGBoost,mo_sin_old_rev_tl_op,structured,33.820526,0.007905,25
11,Structured+FinBERT,XGBoost,mort_acc,structured,33.492931,0.007828,26
11,Structured+FinBERT,XGBoost,mths_since_last_delinq,structured,39.961639,0.00934,20
11,Structured+FinBERT,XGBoost,mths_since_last_major_derog,structured,25.65221,0.005996,42
11,Structured+FinBERT,XGBoost,mths_since_last_record,structured,43.382771,0.01014,15
11,Structured+FinBERT,XGBoost,mths_since_recent_bc,structured,57.963139,0.013547,9
11,Structured+FinBERT,XGBoost,mths_since_recent_inq,structured,41.969234,0.009809,18
11,Structured+FinBERT,XGBoost,num_bc_tl,structured,41.81432,0.009773,19
11,Structured+FinBERT,XGBoost,num_op_rev_tl,structured,34.976776,0.008175,23
11,Structured+FinBERT,XGBoost,open_acc,structured,34.667835,0.008103,24
11,Structured+FinBERT,XGBoost,percent_bc_gt_75,structured,33.193489,0.007758,27
11,Structured+FinBERT,XGBoost,revol_bal,structured,42.182934,0.009859,17
11,Structured+FinBERT,XGBoost,revol_util,structured,37.723827,0.008817,22
11,Structured+FinBERT,XGBoost,tax_liens,structured,0.0,0.0,45
11,Structured+FinBERT,XGBoost,term,structured,307.861755,0.071955,4
11,Structured+FinBERT,XGBoost,total_bc_limit,structured,45.140392,0.01055,13
11,Structured+FinBERT,XGBoost,fico_midpoint,structured,62.208061,0.01454,8
11,Structured+FinBERT,XGBoost,addr_state_AZ,structured,0.0,0.0,49
11,Structured+FinBERT,XGBoost,addr_state_KY,structured,0.0,0.0,48
11,Structured+FinBERT,XGBoost,addr_state_VA,structured,0.0,0.0,47
11,Structured+FinBERT,XGBoost,addr_state_WA,structured,0.0,0.0,44
11,Structured+FinBERT,XGBoost,addr_state_WY,structured,28.799393,0.006731,39
11,Structured+FinBERT,XGBoost,purpose_educational,structured,0.0,0.0,46
11,Structured+FinBERT,XGBoost,purpose_house,structured,31.998379,0.007479,31
11,Structured+FinBERT,XGBoost,purpose_major_purchase,structured,33.118828,0.007741,28
11,Structured+FinBERT,XGBoost,purpose_moving,structured,22.83066,0.005336,43
11,Structured+FinBERT,XGBoost,verification_status_Source Verified,structured,28.240301,0.0066,40
11,Structured+FinBERT,XGBoost,verification_status_Verified,structured,44.026123,0.01029,14
11,Structured+FinBERT,XGBoost,grade_ord,structured,1198.9104,0.280214,1
11,Structured+FinBERT,XGBoost,sub_grade_ord,structured,477.089905,0.111507,3
11,Structured+FinBERT,XGBoost,fb:pca_005,FinBERT,31.041933,0.007255,34
11,Structured+FinBERT,XGBoost,fb:pca_010,FinBERT,32.316105,0.007553,30
11,Structured+FinBERT,XGBoost,fb:pca_013,FinBERT,31.064566,0.007261,33
11,Structured+FinBERT,XGBoost,fb:pca_015,FinBERT,29.66597,0.006934,37
11,Structured+FinBERT,XGBoost,fb:pca_016,FinBERT,53.429249,0.012488,11
11,Structured+FinBERT,XGBoost,fb:pca_017,FinBERT,32.534321,0.007604,29
11,Structured+FinBERT,XGBoost,fb:pca_018,FinBERT,29.304325,0.006849,38
11,Structured+FinBERT,XGBoost,fb:pca_020,FinBERT,31.231878,0.0073,32
11,Structured+FinBERT,XGBoost,fb:pca_024,FinBERT,30.408718,0.007107,35
11,Structured+FinBERT,XGBoost,fb:pca_039,FinBERT,29.786564,0.006962,36
11,Structured+FinBERT,XGBoost,fb:pca_049,FinBERT,27.561237,0.006442,41
11,Structured+FinBERT,RandomForest,annual_inc,structured,0.074796,0.074796,3
11,Structured+FinBERT,RandomForest,bc_open_to_buy,structured,0.021314,0.021314,12
11,Structured+FinBERT,RandomForest,bc_util,structured,0.020166,0.020166,15
11,Structured+FinBERT,RandomForest,delinq_amnt,structured,0.0,0.0,50
11,Structured+FinBERT,RandomForest,dti,structured,0.043264,0.043264,6
11,Structured+FinBERT,RandomForest,emp_length,structured,0.016829,0.016829,17
11,Structured+FinBERT,RandomForest,inq_last_6mths,structured,0.014598,0.014598,25
11,Structured+FinBERT,RandomForest,int_rate,structured,0.117871,0.117871,1
11,Structured+FinBERT,RandomForest,loan_amnt,structured,0.034994,0.034994,10
11,Structured+FinBERT,RandomForest,mo_sin_old_rev_tl_op,structured,0.014011,0.014011,29
11,Structured+FinBERT,RandomForest,mort_acc,structured,0.006334,0.006334,35
11,Structured+FinBERT,RandomForest,mths_since_last_delinq,structured,0.016584,0.016584,18
11,Structured+FinBERT,RandomForest,mths_since_last_major_derog,structured,0.002051,0.002051,38
11,Structured+FinBERT,RandomForest,mths_since_last_record,structured,0.00129,0.00129,39
11,Structured+FinBERT,RandomForest,mths_since_recent_bc,structured,0.023166,0.023166,11
11,Structured+FinBERT,RandomForest,mths_since_recent_inq,structured,0.015224,0.015224,20
11,Structured+FinBERT,RandomForest,num_bc_tl,structured,0.009027,0.009027,33
11,Structured+FinBERT,RandomForest,num_op_rev_tl,structured,0.007766,0.007766,34
11,Structured+FinBERT,RandomForest,open_acc,structured,0.017499,0.017499,16
11,Structured+FinBERT,RandomForest,percent_bc_gt_75,structured,0.011974,0.011974,32
11,Structured+FinBERT,RandomForest,revol_bal,structured,0.035202,0.035202,9
11,Structured+FinBERT,RandomForest,revol_util,structured,0.039154,0.039154,8
11,Structured+FinBERT,RandomForest,tax_liens,structured,0.0,0.0,47
11,Structured+FinBERT,RandomForest,term,structured,0.04895,0.04895,5
11,Structured+FinBERT,RandomForest,total_bc_limit,structured,0.020474,0.020474,14
11,Structured+FinBERT,RandomForest,fico_midpoint,structured,0.040328,0.040328,7
11,Structured+FinBERT,RandomForest,addr_state_AZ,structured,8.7e-05,8.7e-05,43
11,Structured+FinBERT,RandomForest,addr_state_KY,structured,4e-06,4e-06,45
11,Structured+FinBERT,RandomForest,addr_state_VA,structured,0.000108,0.000108,42
11,Structured+FinBERT,RandomForest,addr_state_WA,structured,5.4e-05,5.4e-05,44
11,Structured+FinBERT,RandomForest,addr_state_WY,structured,0.0,0.0,48
11,Structured+FinBERT,RandomForest,purpose_educational,structured,0.0,0.0,49
11,Structured+FinBERT,RandomForest,purpose_house,structured,2e-06,2e-06,46
11,Structured+FinBERT,RandomForest,purpose_major_purchase,structured,0.000285,0.000285,40
11,Structured+FinBERT,RandomForest,purpose_moving,structured,0.000131,0.000131,41
11,Structured+FinBERT,RandomForest,verification_status_Source Verified,structured,0.002631,0.002631,37
11,Structured+FinBERT,RandomForest,verification_status_Verified,structured,0.005118,0.005118,36
11,Structured+FinBERT,RandomForest,grade_ord,structured,0.073068,0.073068,4
11,Structured+FinBERT,RandomForest,sub_grade_ord,structured,0.099262,0.099262,2
11,Structured+FinBERT,RandomForest,fb:pca_005,FinBERT,0.015994,0.015994,19
11,Structured+FinBERT,RandomForest,fb:pca_010,FinBERT,0.015149,0.015149,21
11,Structured+FinBERT,RandomForest,fb:pca_013,FinBERT,0.014554,0.014554,26
11,Structured+FinBERT,RandomForest,fb:pca_015,FinBERT,0.014713,0.014713,22
11,Structured+FinBERT,RandomForest,fb:pca_016,FinBERT,0.020678,0.020678,13
11,Structured+FinBERT,RandomForest,fb:pca_017,FinBERT,0.01466,0.01466,24
11,Structured+FinBERT,RandomForest,fb:pca_018,FinBERT,0.014712,0.014712,23
11,Structured+FinBERT,RandomForest,fb:pca_020,FinBERT,0.013579,0.013579,31
11,Structured+FinBERT,RandomForest,fb:pca_024,FinBERT,0.014215,0.014215,28
11,Structured+FinBERT,RandomForest,fb:pca_039,FinBERT,0.014515,0.014515,27
11,Structured+FinBERT,RandomForest,fb:pca_049,FinBERT,0.013618,0.013618,30
12,Structured,Logistic,acc_open_past_24mths,structured,0.155092,0.047726,6
12,Structured,Logistic,annual_inc,structured,0.315561,0.097106,2
12,Structured,Logistic,avg_cur_bal,structured,0.144815,0.044563,7
12,Structured,Logistic,bc_util,structured,0.131079,0.040336,8
12,Structured,Logistic,inq_last_6mths,structured,0.116554,0.035867,11
12,Structured,Logistic,int_rate,structured,0.385364,0.118586,1
12,Structured,Logistic,loan_amnt,structured,0.121261,0.037315,10
12,Structured,Logistic,mo_sin_rcnt_rev_tl_op,structured,0.004904,0.001509,44
12,Structured,Logistic,mo_sin_rcnt_tl,structured,0.015794,0.00486,32
12,Structured,Logistic,mths_since_recent_bc,structured,0.227348,0.069961,5
12,Structured,Logistic,mths_since_recent_inq,structured,0.053432,0.016442,16
12,Structured,Logistic,num_actv_bc_tl,structured,0.031924,0.009824,21
12,Structured,Logistic,num_actv_rev_tl,structured,0.049096,0.015108,17
12,Structured,Logistic,num_bc_tl,structured,0.011334,0.003488,36
12,Structured,Logistic,num_tl_op_past_12m,structured,0.028889,0.00889,24
12,Structured,Logistic,open_acc,structured,0.008361,0.002573,39
12,Structured,Logistic,percent_bc_gt_75,structured,0.090865,0.027962,13
12,Structured,Logistic,pub_rec,structured,0.014866,0.004575,33
12,Structured,Logistic,revol_util,structured,0.1017,0.031296,12
12,Structured,Logistic,tax_liens,structured,0.004735,0.001457,45
12,Structured,Logistic,term,structured,0.257142,0.079129,4
12,Structured,Logistic,tot_coll_amt,structured,0.011382,0.003503,35
12,Structured,Logistic,tot_cur_bal,structured,0.006478,0.001993,42
12,Structured,Logistic,total_bal_ex_mort,structured,0.006067,0.001867,43
12,Structured,Logistic,total_bc_limit,structured,0.314712,0.096845,3
12,Structured,Logistic,fico_midpoint,structured,0.130067,0.040025,9
12,Structured,Logistic,addr_state_AL,structured,0.007124,0.002192,41
12,Structured,Logistic,addr_state_DC,structured,0.058757,0.018081,15
12,Structured,Logistic,addr_state_DE,structured,0.003955,0.001217,47
12,Structured,Logistic,addr_state_LA,structured,0.008123,0.0025,40
12,Structured,Logistic,addr_state_MA,structured,0.0031,0.000954,48
12,Structured,Logistic,addr_state_MI,structured,0.001483,0.000456,49
12,Structured,Logistic,addr_state_MN,structured,0.022621,0.006961,28
12,Structured,Logistic,addr_state_MS,structured,0.000148,4.6e-05,50
12,Structured,Logistic,addr_state_NH,structured,0.019259,0.005926,29
12,Structured,Logistic,addr_state_NJ,structured,0.036516,0.011237,19
12,Structured,Logistic,addr_state_NM,structured,0.010834,0.003334,37
12,Structured,Logistic,addr_state_TN,structured,0.004424,0.001361,46
12,Structured,Logistic,addr_state_TX,structured,0.044748,0.01377,18
12,Structured,Logistic,addr_state_UT,structured,0.009492,0.002921,38
12,Structured,Logistic,addr_state_WV,structured,0.032793,0.010091,20
12,Structured,Logistic,purpose_debt_consolidation,structured,0.028347,0.008723,25
12,Structured,Logistic,purpose_house,structured,0.012419,0.003822,34
12,Structured,Logistic,purpose_major_purchase,structured,0.01592,0.004899,31
12,Structured,Logistic,purpose_moving,structured,0.024866,0.007652,26
12,Structured,Logistic,home_ownership_RENT,structured,0.023789,0.00732,27
12,Structured,Logistic,verification_status_Source Verified,structured,0.031718,0.009761,22
12,Structured,Logistic,verification_status_Verified,structured,0.01835,0.005647,30
12,Structured,Logistic,grade_ord,structured,0.029421,0.009054,23
12,Structured,Logistic,sub_grade_ord,structured,0.062618,0.019269,14
12,Structured,XGBoost,acc_open_past_24mths,structured,104.811081,0.024554,6
12,Structured,XGBoost,annual_inc,structured,115.750877,0.027117,5
12,Structured,XGBoost,avg_cur_bal,structured,36.992004,0.008666,21
12,Structured,XGBoost,bc_util,structured,54.875725,0.012856,10
12,Structured,XGBoost,inq_last_6mths,structured,79.537521,0.018633,7
12,Structured,XGBoost,int_rate,structured,594.107056,0.139181,3
12,Structured,XGBoost,loan_amnt,structured,43.057564,0.010087,17
12,Structured,XGBoost,mo_sin_rcnt_rev_tl_op,structured,45.853691,0.010742,15
12,Structured,XGBoost,mo_sin_rcnt_tl,structured,59.693874,0.013984,8
12,Structured,XGBoost,mths_since_recent_bc,structured,43.468033,0.010183,16
12,Structured,XGBoost,mths_since_recent_inq,structured,35.473186,0.00831,24
12,Structured,XGBoost,num_actv_bc_tl,structured,30.654676,0.007181,31
12,Structured,XGBoost,num_actv_rev_tl,structured,49.927052,0.011696,11
12,Structured,XGBoost,num_bc_tl,structured,28.401577,0.006654,35
12,Structured,XGBoost,num_tl_op_past_12m,structured,25.632677,0.006005,41
12,Structured,XGBoost,open_acc,structured,26.651674,0.006244,40
12,Structured,XGBoost,percent_bc_gt_75,structured,34.033924,0.007973,26
12,Structured,XGBoost,pub_rec,structured,31.157919,0.007299,29
12,Structured,XGBoost,revol_util,structured,36.578648,0.008569,23
12,Structured,XGBoost,tax_liens,structured,18.739397,0.00439,44
12,Structured,XGBoost,term,structured,378.195099,0.088599,4
12,Structured,XGBoost,tot_coll_amt,structured,28.756868,0.006737,34
12,Structured,XGBoost,tot_cur_bal,structured,28.924749,0.006776,33
12,Structured,XGBoost,total_bal_ex_mort,structured,27.095028,0.006348,37
12,Structured,XGBoost,total_bc_limit,structured,39.198479,0.009183,18
12,Structured,XGBoost,fico_midpoint,structured,55.75317,0.013061,9
12,Structured,XGBoost,addr_state_AL,structured,38.147575,0.008937,20
12,Structured,XGBoost,addr_state_DC,structured,46.614101,0.01092,14
12,Structured,XGBoost,addr_state_DE,structured,0.0,0.0,50
12,Structured,XGBoost,addr_state_LA,structured,17.231577,0.004037,45
12,Structured,XGBoost,addr_state_MA,structured,0.0,0.0,49
12,Structured,XGBoost,addr_state_MI,structured,0.0,0.0,48
12,Structured,XGBoost,addr_state_MN,structured,24.269871,0.005686,43
12,Structured,XGBoost,addr_state_MS,structured,0.0,0.0,47
12,Structured,XGBoost,addr_state_NH,structured,24.964661,0.005848,42
12,Structured,XGBoost,addr_state_NJ,structured,38.593109,0.009041,19
12,Structured,XGBoost,addr_state_NM,structured,32.146744,0.007531,27
12,Structured,XGBoost,addr_state_TN,structured,0.0,0.0,46
12,Structured,XGBoost,addr_state_TX,structured,48.987431,0.011476,12
12,Structured,XGBoost,addr_state_UT,structured,36.628605,0.008581,22
12,Structured,XGBoost,addr_state_WV,structured,30.94525,0.00725,30
12,Structured,XGBoost,purpose_debt_consolidation,structured,48.549438,0.011374,13
12,Structured,XGBoost,purpose_house,structured,30.051054,0.00704,32
12,Structured,XGBoost,purpose_major_purchase,structured,31.992044,0.007495,28
12,Structured,XGBoost,purpose_moving,structured,27.285164,0.006392,36
12,Structured,XGBoost,home_ownership_RENT,structured,26.771408,0.006272,39
12,Structured,XGBoost,verification_status_Source Verified,structured,26.928896,0.006309,38
12,Structured,XGBoost,verification_status_Verified,structured,35.254036,0.008259,25
12,Structured,XGBoost,grade_ord,structured,914.833557,0.214317,1
12,Structured,XGBoost,sub_grade_ord,structured,735.086426,0.172208,2
12,Structured,RandomForest,acc_open_past_24mths,structured,0.022492,0.022492,17
12,Structured,RandomForest,annual_inc,structured,0.088769,0.088769,3
12,Structured,RandomForest,avg_cur_bal,structured,0.028654,0.028654,14
12,Structured,RandomForest,bc_util,structured,0.036115,0.036115,9
12,Structured,RandomForest,inq_last_6mths,structured,0.017032,0.017032,21
12,Structured,RandomForest,int_rate,structured,0.111401,0.111401,1
12,Structured,RandomForest,loan_amnt,structured,0.05177,0.05177,6
12,Structured,RandomForest,mo_sin_rcnt_rev_tl_op,structured,0.019428,0.019428,19
12,Structured,RandomForest,mo_sin_rcnt_tl,structured,0.017514,0.017514,20
12,Structured,RandomForest,mths_since_recent_bc,structured,0.029784,0.029784,12
12,Structured,RandomForest,mths_since_recent_inq,structured,0.02274,0.02274,16
12,Structured,RandomForest,num_actv_bc_tl,structured,0.010178,0.010178,24
12,Structured,RandomForest,num_actv_rev_tl,structured,0.012316,0.012316,23
12,Structured,RandomForest,num_bc_tl,structured,0.015625,0.015625,22
12,Structured,RandomForest,num_tl_op_past_12m,structured,0.009158,0.009158,25
12,Structured,RandomForest,open_acc,structured,0.028863,0.028863,13
12,Structured,RandomForest,percent_bc_gt_75,structured,0.019581,0.019581,18
12,Structured,RandomForest,pub_rec,structured,0.001776,0.001776,31
12,Structured,RandomForest,revol_util,structured,0.057521,0.057521,5
12,Structured,RandomForest,tax_liens,structured,5e-06,5e-06,48
12,Structured,RandomForest,term,structured,0.048727,0.048727,7
12,Structured,RandomForest,tot_coll_amt,structured,0.00159,0.00159,32
12,Structured,RandomForest,tot_cur_bal,structured,0.027156,0.027156,15
12,Structured,RandomForest,total_bal_ex_mort,structured,0.034783,0.034783,11
12,Structured,RandomForest,total_bc_limit,structured,0.035897,0.035897,10
12,Structured,RandomForest,fico_midpoint,structured,0.044762,0.044762,8
12,Structured,RandomForest,addr_state_AL,structured,7.6e-05,7.6e-05,40
12,Structured,RandomForest,addr_state_DC,structured,7.5e-05,7.5e-05,41
12,Structured,RandomForest,addr_state_DE,structured,1e-06,1e-06,49
12,Structured,RandomForest,addr_state_LA,structured,7.9e-05,7.9e-05,39
12,Structured,RandomForest,addr_state_MA,structured,0.000449,0.000449,35
12,Structured,RandomForest,addr_state_MI,structured,0.000243,0.000243,37
12,Structured,RandomForest,addr_state_MN,structured,0.000169,0.000169,38
12,Structured,RandomForest,addr_state_MS,structured,0.0,0.0,50
12,Structured,RandomForest,addr_state_NH,structured,6e-06,6e-06,47
12,Structured,RandomForest,addr_state_NJ,structured,0.000878,0.000878,33
12,Structured,RandomForest,addr_state_NM,structured,1.7e-05,1.7e-05,45
12,Structured,RandomForest,addr_state_TN,structured,7e-06,7e-06,46
12,Structured,RandomForest,addr_state_TX,structured,0.002137,0.002137,30
12,Structured,RandomForest,addr_state_UT,structured,3.8e-05,3.8e-05,42
12,Structured,RandomForest,addr_state_WV,structured,1.9e-05,1.9e-05,44
12,Structured,RandomForest,purpose_debt_consolidation,structured,0.008322,0.008322,26
12,Structured,RandomForest,purpose_house,structured,3.7e-05,3.7e-05,43
12,Structured,RandomForest,purpose_major_purchase,structured,0.000788,0.000788,34
12,Structured,RandomForest,purpose_moving,structured,0.000326,0.000326,36
12,Structured,RandomForest,home_ownership_RENT,structured,0.007264,0.007264,28
12,Structured,RandomForest,verification_status_Source Verified,structured,0.004358,0.004358,29
12,Structured,RandomForest,verification_status_Verified,structured,0.00775,0.00775,27
12,Structured,RandomForest,grade_ord,structured,0.07254,0.07254,4
12,Structured,RandomForest,sub_grade_ord,structured,0.100788,0.100788,2
12,Structured+FinBERT,Logistic,acc_open_past_24mths,structured,0.157638,0.043213,9
12,Structured+FinBERT,Logistic,avg_cur_bal,structured,0.235452,0.064544,5
12,Structured+FinBERT,Logistic,bc_open_to_buy,structured,0.321982,0.088265,3
12,Structured+FinBERT,Logistic,bc_util,structured,0.167999,0.046054,8
12,Structured+FinBERT,Logistic,delinq_2yrs,structured,0.014764,0.004047,31
12,Structured+FinBERT,Logistic,inq_last_6mths,structured,0.100669,0.027596,11
12,Structured+FinBERT,Logistic,int_rate,structured,0.504855,0.138396,1
12,Structured+FinBERT,Logistic,loan_amnt,structured,0.014125,0.003872,34
12,Structured+FinBERT,Logistic,mo_sin_rcnt_tl,structured,0.026891,0.007372,23
12,Structured+FinBERT,Logistic,mort_acc,structured,0.048655,0.013338,18
12,Structured+FinBERT,Logistic,mths_since_last_delinq,structured,0.08576,0.023509,12
12,Structured+FinBERT,Logistic,mths_since_last_record,structured,0.007365,0.002019,40
12,Structured+FinBERT,Logistic,mths_since_recent_bc,structured,0.405058,0.111039,2
12,Structured+FinBERT,Logistic,mths_since_recent_inq,structured,0.040119,0.010998,20
12,Structured+FinBERT,Logistic,num_rev_accts,structured,0.025136,0.006891,25
12,Structured+FinBERT,Logistic,num_tl_90g_dpd_24m,structured,0.001846,0.000506,47
12,Structured+FinBERT,Logistic,open_acc,structured,0.016499,0.004523,29
12,Structured+FinBERT,Logistic,revol_util,structured,0.075997,0.020833,14
12,Structured+FinBERT,Logistic,tax_liens,structured,0.001061,0.000291,50
12,Structured+FinBERT,Logistic,term,structured,0.274177,0.07516,4
12,Structured+FinBERT,Logistic,total_bal_ex_mort,structured,0.070832,0.019417,15
12,Structured+FinBERT,Logistic,total_bc_limit,structured,0.055444,0.015199,17
12,Structured+FinBERT,Logistic,total_rev_hi_lim,structured,0.135233,0.037071,10
12,Structured+FinBERT,Logistic,fico_midpoint,structured,0.200181,0.054876,6
12,Structured+FinBERT,Logistic,addr_state_CO,structured,0.020778,0.005696,27
12,Structured+FinBERT,Logistic,addr_state_LA,structured,0.004924,0.00135,44
12,Structured+FinBERT,Logistic,addr_state_MN,structured,0.014229,0.003901,32
12,Structured+FinBERT,Logistic,addr_state_MO,structured,0.001563,0.000428,48
12,Structured+FinBERT,Logistic,addr_state_NH,structured,0.017507,0.004799,28
12,Structured+FinBERT,Logistic,addr_state_NY,structured,0.013873,0.003803,35
12,Structured+FinBERT,Logistic,addr_state_OH,structured,0.001343,0.000368,49
12,Structured+FinBERT,Logistic,addr_state_OR,structured,0.008363,0.002293,38
12,Structured+FinBERT,Logistic,addr_state_VT,structured,0.008609,0.00236,37
12,Structured+FinBERT,Logistic,addr_state_WA,structured,0.004968,0.001362,43
12,Structured+FinBERT,Logistic,addr_state_WI,structured,0.004305,0.00118,45
12,Structured+FinBERT,Logistic,purpose_credit_card,structured,0.067267,0.01844,16
12,Structured+FinBERT,Logistic,purpose_medical,structured,0.015543,0.004261,30
12,Structured+FinBERT,Logistic,home_ownership_RENT,structured,0.048402,0.013269,19
12,Structured+FinBERT,Logistic,verification_status_Verified,structured,0.02614,0.007166,24
12,Structured+FinBERT,Logistic,grade_ord,structured,0.03157,0.008654,22
12,Structured+FinBERT,Logistic,sub_grade_ord,structured,0.190548,0.052235,7
12,Structured+FinBERT,Logistic,fb:has_desc,FinBERT,0.005479,0.001502,42
12,Structured+FinBERT,Logistic,fb:pca_002,FinBERT,0.005698,0.001562,41
12,Structured+FinBERT,Logistic,fb:pca_005,FinBERT,0.033799,0.009265,21
12,Structured+FinBERT,Logistic,fb:pca_006,FinBERT,0.014152,0.003879,33
12,Structured+FinBERT,Logistic,fb:pca_016,FinBERT,0.077044,0.02112,13
12,Structured+FinBERT,Logistic,fb:pca_024,FinBERT,0.023876,0.006545,26
12,Structured+FinBERT,Logistic,fb:pca_025,FinBERT,0.010702,0.002934,36
12,Structured+FinBERT,Logistic,fb:pca_033,FinBERT,0.007376,0.002022,39
12,Structured+FinBERT,Logistic,fb:pca_036,FinBERT,0.002101,0.000576,46
12,Structured+FinBERT,XGBoost,acc_open_past_24mths,structured,79.657257,0.016755,6
12,Structured+FinBERT,XGBoost,avg_cur_bal,structured,69.129372,0.014541,8
12,Structured+FinBERT,XGBoost,bc_open_to_buy,structured,56.443851,0.011872,15
12,Structured+FinBERT,XGBoost,bc_util,structured,59.980965,0.012616,12
12,Structured+FinBERT,XGBoost,delinq_2yrs,structured,32.124702,0.006757,28
12,Structured+FinBERT,XGBoost,inq_last_6mths,structured,75.155373,0.015808,7
12,Structured+FinBERT,XGBoost,int_rate,structured,621.065613,0.130634,2
12,Structured+FinBERT,XGBoost,loan_amnt,structured,46.534031,0.009788,19
12,Structured+FinBERT,XGBoost,mo_sin_rcnt_tl,structured,62.963554,0.013244,10
12,Structured+FinBERT,XGBoost,mort_acc,structured,41.599953,0.00875,20
12,Structured+FinBERT,XGBoost,mths_since_last_delinq,structured,49.249077,0.010359,17
12,Structured+FinBERT,XGBoost,mths_since_last_record,structured,34.579731,0.007273,25
12,Structured+FinBERT,XGBoost,mths_since_recent_bc,structured,55.954144,0.011769,16
12,Structured+FinBERT,XGBoost,mths_since_recent_inq,structured,38.756821,0.008152,21
12,Structured+FinBERT,XGBoost,num_rev_accts,structured,30.312164,0.006376,31
12,Structured+FinBERT,XGBoost,num_tl_90g_dpd_24m,structured,19.357428,0.004072,42
12,Structured+FinBERT,XGBoost,open_acc,structured,28.610195,0.006018,36
12,Structured+FinBERT,XGBoost,revol_util,structured,34.234386,0.007201,26
12,Structured+FinBERT,XGBoost,tax_liens,structured,25.366701,0.005336,39
12,Structured+FinBERT,XGBoost,term,structured,275.312225,0.057909,4
12,Structured+FinBERT,XGBoost,total_bal_ex_mort,structured,48.189556,0.010136,18
12,Structured+FinBERT,XGBoost,total_bc_limit,structured,56.896759,0.011968,14
12,Structured+FinBERT,XGBoost,total_rev_hi_lim,structured,37.215286,0.007828,22
12,Structured+FinBERT,XGBoost,fico_midpoint,structured,67.152428,0.014125,9
12,Structured+FinBERT,XGBoost,addr_state_CO,structured,25.696327,0.005405,38
12,Structured+FinBERT,XGBoost,addr_state_LA,structured,0.0,0.0,50
12,Structured+FinBERT,XGBoost,addr_state_MN,structured,18.186716,0.003825,43
12,Structured+FinBERT,XGBoost,addr_state_MO,structured,0.0,0.0,49
12,Structured+FinBERT,XGBoost,addr_state_NH,structured,24.796062,0.005216,40
12,Structured+FinBERT,XGBoost,addr_state_NY,structured,24.175859,0.005085,41
12,Structured+FinBERT,XGBoost,addr_state_OH,structured,0.0,0.0,48
12,Structured+FinBERT,XGBoost,addr_state_OR,structured,0.0,0.0,47
12,Structured+FinBERT,XGBoost,addr_state_VT,structured,0.0,0.0,45
12,Structured+FinBERT,XGBoost,addr_state_WA,structured,35.765095,0.007523,24
12,Structured+FinBERT,XGBoost,addr_state_WI,structured,31.571659,0.006641,29
12,Structured+FinBERT,XGBoost,purpose_credit_card,structured,79.899117,0.016806,5
12,Structured+FinBERT,XGBoost,purpose_medical,structured,17.302172,0.003639,44
12,Structured+FinBERT,XGBoost,home_ownership_RENT,structured,62.168114,0.013076,11
12,Structured+FinBERT,XGBoost,verification_status_Verified,structured,30.285789,0.00637,32
12,Structured+FinBERT,XGBoost,grade_ord,structured,1618.578613,0.34045,1
12,Structured+FinBERT,XGBoost,sub_grade_ord,structured,565.837402,0.119017,3
12,Structured+FinBERT,XGBoost,fb:has_desc,FinBERT,0.0,0.0,46
12,Structured+FinBERT,XGBoost,fb:pca_002,FinBERT,35.814484,0.007533,23
12,Structured+FinBERT,XGBoost,fb:pca_005,FinBERT,33.215942,0.006987,27
12,Structured+FinBERT,XGBoost,fb:pca_006,FinBERT,31.532122,0.006632,30
12,Structured+FinBERT,XGBoost,fb:pca_016,FinBERT,58.417595,0.012287,13
12,Structured+FinBERT,XGBoost,fb:pca_024,FinBERT,27.80805,0.005849,37
12,Structured+FinBERT,XGBoost,fb:pca_025,FinBERT,29.30121,0.006163,34
12,Structured+FinBERT,XGBoost,fb:pca_033,FinBERT,28.653927,0.006027,35
12,Structured+FinBERT,XGBoost,fb:pca_036,FinBERT,29.389744,0.006182,33
12,Structured+FinBERT,RandomForest,acc_open_past_24mths,structured,0.021173,0.021173,15
12,Structured+FinBERT,RandomForest,avg_cur_bal,structured,0.027439,0.027439,11
12,Structured+FinBERT,RandomForest,bc_open_to_buy,structured,0.029378,0.029378,8
12,Structured+FinBERT,RandomForest,bc_util,structured,0.027761,0.027761,10
12,Structured+FinBERT,RandomForest,delinq_2yrs,structured,0.001806,0.001806,36
12,Structured+FinBERT,RandomForest,inq_last_6mths,structured,0.014976,0.014976,28
12,Structured+FinBERT,RandomForest,int_rate,structured,0.12729,0.12729,1
12,Structured+FinBERT,RandomForest,loan_amnt,structured,0.042366,0.042366,7
12,Structured+FinBERT,RandomForest,mo_sin_rcnt_tl,structured,0.016453,0.016453,27
12,Structured+FinBERT,RandomForest,mort_acc,structured,0.009018,0.009018,30
12,Structured+FinBERT,RandomForest,mths_since_last_delinq,structured,0.020267,0.020267,18
12,Structured+FinBERT,RandomForest,mths_since_last_record,structured,0.002639,0.002639,34
12,Structured+FinBERT,RandomForest,mths_since_recent_bc,structured,0.025425,0.025425,13
12,Structured+FinBERT,RandomForest,mths_since_recent_inq,structured,0.018033,0.018033,21
12,Structured+FinBERT,RandomForest,num_rev_accts,structured,0.013884,0.013884,29
12,Structured+FinBERT,RandomForest,num_tl_90g_dpd_24m,structured,8.7e-05,8.7e-05,40
12,Structured+FinBERT,RandomForest,open_acc,structured,0.020421,0.020421,16
12,Structured+FinBERT,RandomForest,revol_util,structured,0.045872,0.045872,5
12,Structured+FinBERT,RandomForest,tax_liens,structured,3e-06,3e-06,48
12,Structured+FinBERT,RandomForest,term,structured,0.054293,0.054293,4
12,Structured+FinBERT,RandomForest,total_bal_ex_mort,structured,0.028137,0.028137,9
12,Structured+FinBERT,RandomForest,total_bc_limit,structured,0.026705,0.026705,12
12,Structured+FinBERT,RandomForest,total_rev_hi_lim,structured,0.020298,0.020298,17
12,Structured+FinBERT,RandomForest,fico_midpoint,structured,0.044799,0.044799,6
12,Structured+FinBERT,RandomForest,addr_state_CO,structured,8.6e-05,8.6e-05,41
12,Structured+FinBERT,RandomForest,addr_state_LA,structured,1.2e-05,1.2e-05,47
12,Structured+FinBERT,RandomForest,addr_state_MN,structured,5.7e-05,5.7e-05,43
12,Structured+FinBERT,RandomForest,addr_state_MO,structured,5.2e-05,5.2e-05,44
12,Structured+FinBERT,RandomForest,addr_state_NH,structured,0.0,0.0,50
12,Structured+FinBERT,RandomForest,addr_state_NY,structured,0.001154,0.001154,37
12,Structured+FinBERT,RandomForest,addr_state_OH,structured,0.000169,0.000169,38
12,Structured+FinBERT,RandomForest,addr_state_OR,structured,2.4e-05,2.4e-05,45
12,Structured+FinBERT,RandomForest,addr_state_VT,structured,0.0,0.0,49
12,Structured+FinBERT,RandomForest,addr_state_WA,structured,0.000104,0.000104,39
12,Structured+FinBERT,RandomForest,addr_state_WI,structured,1.4e-05,1.4e-05,46
12,Structured+FinBERT,RandomForest,purpose_credit_card,structured,0.005366,0.005366,33
12,Structured+FinBERT,RandomForest,purpose_medical,structured,7.4e-05,7.4e-05,42
12,Structured+FinBERT,RandomForest,home_ownership_RENT,structured,0.006388,0.006388,32
12,Structured+FinBERT,RandomForest,verification_status_Verified,structured,0.006657,0.006657,31
12,Structured+FinBERT,RandomForest,grade_ord,structured,0.084342,0.084342,3
12,Structured+FinBERT,RandomForest,sub_grade_ord,structured,0.107893,0.107893,2
12,Structured+FinBERT,RandomForest,fb:has_desc,FinBERT,0.002502,0.002502,35
12,Structured+FinBERT,RandomForest,fb:pca_002,FinBERT,0.018377,0.018377,20
12,Structured+FinBERT,RandomForest,fb:pca_005,FinBERT,0.018854,0.018854,19
12,Structured+FinBERT,RandomForest,fb:pca_006,FinBERT,0.016874,0.016874,26
12,Structured+FinBERT,RandomForest,fb:pca_016,FinBERT,0.022842,0.022842,14
12,Structured+FinBERT,RandomForest,fb:pca_024,FinBERT,0.017332,0.017332,24
12,Structured+FinBERT,RandomForest,fb:pca_025,FinBERT,0.017607,0.017607,22
12,Structured+FinBERT,RandomForest,fb:pca_033,FinBERT,0.017494,0.017494,23
12,Structured+FinBERT,RandomForest,fb:pca_036,FinBERT,0.017206,0.017206,25
13,Structured,Logistic,acc_now_delinq,structured,0.000353,0.000133,49
13,Structured,Logistic,acc_open_past_24mths,structured,0.156633,0.058782,5
13,Structured,Logistic,annual_inc,structured,0.279192,0.104777,2
13,Structured,Logistic,bc_open_to_buy,structured,0.156891,0.058879,4
13,Structured,Logistic,bc_util,structured,0.102478,0.038459,8
13,Structured,Logistic,chargeoff_within_12_mths,structured,0.001667,0.000626,46
13,Structured,Logistic,collections_12_mths_ex_med,structured,0.009997,0.003752,37
13,Structured,Logistic,delinq_2yrs,structured,0.017323,0.006501,31
13,Structured,Logistic,dti,structured,0.079488,0.029831,10
13,Structured,Logistic,int_rate,structured,0.429916,0.161342,1
13,Structured,Logistic,loan_amnt,structured,0.126178,0.047353,7
13,Structured,Logistic,mo_sin_old_il_acct,structured,0.051153,0.019197,12
13,Structured,Logistic,mo_sin_old_rev_tl_op,structured,0.035999,0.01351,18
13,Structured,Logistic,mo_sin_rcnt_rev_tl_op,structured,0.039195,0.01471,17
13,Structured,Logistic,mths_since_last_major_derog,structured,0.01704,0.006395,32
13,Structured,Logistic,mths_since_recent_inq,structured,0.097856,0.036724,9
13,Structured,Logistic,mths_since_recent_revol_delinq,structured,0.043618,0.016369,14
13,Structured,Logistic,num_accts_ever_120_pd,structured,0.027613,0.010363,23
13,Structured,Logistic,num_actv_bc_tl,structured,0.039256,0.014732,16
13,Structured,Logistic,num_bc_tl,structured,0.004782,0.001794,43
13,Structured,Logistic,num_tl_30dpd,structured,0.014137,0.005305,35
13,Structured,Logistic,num_tl_90g_dpd_24m,structured,0.008918,0.003347,39
13,Structured,Logistic,num_tl_op_past_12m,structured,0.016185,0.006074,33
13,Structured,Logistic,percent_bc_gt_75,structured,0.050356,0.018898,13
13,Structured,Logistic,pub_rec,structured,0.024311,0.009124,25
13,Structured,Logistic,pub_rec_bankruptcies,structured,0.018386,0.0069,30
13,Structured,Logistic,tax_liens,structured,0.013208,0.004957,36
13,Structured,Logistic,term,structured,0.240947,0.090424,3
13,Structured,Logistic,tot_cur_bal,structured,0.029522,0.011079,22
13,Structured,Logistic,fico_midpoint,structured,0.151012,0.056673,6
13,Structured,Logistic,addr_state_AL,structured,0.00867,0.003254,41
13,Structured,Logistic,addr_state_CA,structured,0.023029,0.008643,26
13,Structured,Logistic,addr_state_FL,structured,0.042691,0.016021,15
13,Structured,Logistic,addr_state_IN,structured,0.008903,0.003341,40
13,Structured,Logistic,addr_state_KS,structured,0.019711,0.007397,29
13,Structured,Logistic,addr_state_MO,structured,0.003208,0.001204,44
13,Structured,Logistic,addr_state_NY,structured,0.035104,0.013174,20
13,Structured,Logistic,addr_state_OH,structured,0.000302,0.000114,50
13,Structured,Logistic,addr_state_OK,structured,0.000969,0.000364,47
13,Structured,Logistic,addr_state_RI,structured,0.007847,0.002945,42
13,Structured,Logistic,addr_state_TX,structured,0.033081,0.012415,21
13,Structured,Logistic,purpose_home_improvement,structured,0.020369,0.007644,28
13,Structured,Logistic,purpose_house,structured,0.00951,0.003569,38
13,Structured,Logistic,purpose_vacation,structured,0.022009,0.00826,27
13,Structured,Logistic,home_ownership_NONE,structured,0.002849,0.001069,45
13,Structured,Logistic,home_ownership_OWN,structured,0.000732,0.000275,48
13,Structured,Logistic,home_ownership_RENT,structured,0.024934,0.009357,24
13,Structured,Logistic,verification_status_Source Verified,structured,0.035572,0.01335,19
13,Structured,Logistic,grade_ord,structured,0.065896,0.02473,11
13,Structured,Logistic,sub_grade_ord,structured,0.015625,0.005864,34
13,Structured,XGBoost,acc_now_delinq,structured,0.0,0.0,50
13,Structured,XGBoost,acc_open_past_24mths,structured,111.231285,0.027243,6
13,Structured,XGBoost,annual_inc,structured,156.662628,0.038369,5
13,Structured,XGBoost,bc_open_to_buy,structured,43.629723,0.010686,14
13,Structured,XGBoost,bc_util,structured,40.115959,0.009825,17
13,Structured,XGBoost,chargeoff_within_12_mths,structured,0.0,0.0,49
13,Structured,XGBoost,collections_12_mths_ex_med,structured,22.359329,0.005476,38
13,Structured,XGBoost,delinq_2yrs,structured,23.502882,0.005756,37
13,Structured,XGBoost,dti,structured,62.493587,0.015306,8
13,Structured,XGBoost,int_rate,structured,624.09906,0.152853,2
13,Structured,XGBoost,loan_amnt,structured,50.933811,0.012475,12
13,Structured,XGBoost,mo_sin_old_il_acct,structured,42.987183,0.010528,15
13,Structured,XGBoost,mo_sin_old_rev_tl_op,structured,38.026432,0.009313,19
13,Structured,XGBoost,mo_sin_rcnt_rev_tl_op,structured,67.243263,0.016469,7
13,Structured,XGBoost,mths_since_last_major_derog,structured,28.039255,0.006867,32
13,Structured,XGBoost,mths_since_recent_inq,structured,52.684063,0.012903,11
13,Structured,XGBoost,mths_since_recent_revol_delinq,structured,34.789268,0.008521,24
13,Structured,XGBoost,num_accts_ever_120_pd,structured,23.943699,0.005864,35
13,Structured,XGBoost,num_actv_bc_tl,structured,35.440224,0.00868,22
13,Structured,XGBoost,num_bc_tl,structured,30.283606,0.007417,31
13,Structured,XGBoost,num_tl_30dpd,structured,19.651134,0.004813,40
13,Structured,XGBoost,num_tl_90g_dpd_24m,structured,34.467804,0.008442,25
13,Structured,XGBoost,num_tl_op_past_12m,structured,31.608145,0.007741,30
13,Structured,XGBoost,percent_bc_gt_75,structured,31.991692,0.007835,29
13,Structured,XGBoost,pub_rec,structured,37.068226,0.009079,21
13,Structured,XGBoost,pub_rec_bankruptcies,structured,39.205013,0.009602,18
13,Structured,XGBoost,tax_liens,structured,34.029247,0.008334,26
13,Structured,XGBoost,term,structured,464.062714,0.113657,3
13,Structured,XGBoost,tot_cur_bal,structured,33.789894,0.008276,27
13,Structured,XGBoost,fico_midpoint,structured,53.950737,0.013213,10
13,Structured,XGBoost,addr_state_AL,structured,0.0,0.0,48
13,Structured,XGBoost,addr_state_CA,structured,37.185345,0.009107,20
13,Structured,XGBoost,addr_state_FL,structured,43.929882,0.010759,13
13,Structured,XGBoost,addr_state_IN,structured,0.0,0.0,43
13,Structured,XGBoost,addr_state_KS,structured,27.298105,0.006686,33
13,Structured,XGBoost,addr_state_MO,structured,0.0,0.0,44
13,Structured,XGBoost,addr_state_NY,structured,34.93018,0.008555,23
13,Structured,XGBoost,addr_state_OH,structured,0.0,0.0,46
13,Structured,XGBoost,addr_state_OK,structured,0.0,0.0,45
13,Structured,XGBoost,addr_state_RI,structured,0.0,0.0,47
13,Structured,XGBoost,addr_state_TX,structured,55.311806,0.013547,9
13,Structured,XGBoost,purpose_home_improvement,structured,23.837322,0.005838,36
13,Structured,XGBoost,purpose_house,structured,0.0,0.0,42
13,Structured,XGBoost,purpose_vacation,structured,24.910158,0.006101,34
13,Structured,XGBoost,home_ownership_NONE,structured,0.0,0.0,41
13,Structured,XGBoost,home_ownership_OWN,structured,22.35252,0.005475,39
13,Structured,XGBoost,home_ownership_RENT,structured,42.685181,0.010454,16
13,Structured,XGBoost,verification_status_Source Verified,structured,32.925869,0.008064,28
13,Structured,XGBoost,grade_ord,structured,453.31012,0.111024,4
13,Structured,XGBoost,sub_grade_ord,structured,1016.035828,0.248845,1
13,Structured,RandomForest,acc_now_delinq,structured,0.0,0.0,50
13,Structured,RandomForest,acc_open_past_24mths,structured,0.028003,0.028003,15
13,Structured,RandomForest,annual_inc,structured,0.086571,0.086571,3
13,Structured,RandomForest,bc_open_to_buy,structured,0.044363,0.044363,9
13,Structured,RandomForest,bc_util,structured,0.04086,0.04086,10
13,Structured,RandomForest,chargeoff_within_12_mths,structured,5e-06,5e-06,46
13,Structured,RandomForest,collections_12_mths_ex_med,structured,1e-06,1e-06,47
13,Structured,RandomForest,delinq_2yrs,structured,0.003386,0.003386,26
13,Structured,RandomForest,dti,structured,0.066137,0.066137,5
13,Structured,RandomForest,int_rate,structured,0.113852,0.113852,1
13,Structured,RandomForest,loan_amnt,structured,0.054809,0.054809,6
13,Structured,RandomForest,mo_sin_old_il_acct,structured,0.031525,0.031525,13
13,Structured,RandomForest,mo_sin_old_rev_tl_op,structured,0.033484,0.033484,12
13,Structured,RandomForest,mo_sin_rcnt_rev_tl_op,structured,0.027601,0.027601,16
13,Structured,RandomForest,mths_since_last_major_derog,structured,0.006086,0.006086,23
13,Structured,RandomForest,mths_since_recent_inq,structured,0.029019,0.029019,14
13,Structured,RandomForest,mths_since_recent_revol_delinq,structured,0.013387,0.013387,20
13,Structured,RandomForest,num_accts_ever_120_pd,structured,0.002479,0.002479,27
13,Structured,RandomForest,num_actv_bc_tl,structured,0.013835,0.013835,19
13,Structured,RandomForest,num_bc_tl,structured,0.020046,0.020046,18
13,Structured,RandomForest,num_tl_30dpd,structured,0.0,0.0,48
13,Structured,RandomForest,num_tl_90g_dpd_24m,structured,0.000311,0.000311,36
13,Structured,RandomForest,num_tl_op_past_12m,structured,0.012684,0.012684,21
13,Structured,RandomForest,percent_bc_gt_75,structured,0.022096,0.022096,17
13,Structured,RandomForest,pub_rec,structured,0.001839,0.001839,31
13,Structured,RandomForest,pub_rec_bankruptcies,structured,0.00153,0.00153,33
13,Structured,RandomForest,tax_liens,structured,3.9e-05,3.9e-05,43
13,Structured,RandomForest,term,structured,0.05116,0.05116,7
13,Structured,RandomForest,tot_cur_bal,structured,0.037534,0.037534,11
13,Structured,RandomForest,fico_midpoint,structured,0.050032,0.050032,8
13,Structured,RandomForest,addr_state_AL,structured,0.000105,0.000105,39
13,Structured,RandomForest,addr_state_CA,structured,0.004022,0.004022,25
13,Structured,RandomForest,addr_state_FL,structured,0.002141,0.002141,30
13,Structured,RandomForest,addr_state_IN,structured,6.3e-05,6.3e-05,41
13,Structured,RandomForest,addr_state_KS,structured,9.3e-05,9.3e-05,40
13,Structured,RandomForest,addr_state_MO,structured,0.000162,0.000162,38
13,Structured,RandomForest,addr_state_NY,structured,0.002279,0.002279,29
13,Structured,RandomForest,addr_state_OH,structured,0.000497,0.000497,35
13,Structured,RandomForest,addr_state_OK,structured,5.9e-05,5.9e-05,42
13,Structured,RandomForest,addr_state_RI,structured,8e-06,8e-06,45
13,Structured,RandomForest,addr_state_TX,structured,0.002285,0.002285,28
13,Structured,RandomForest,purpose_home_improvement,structured,0.001313,0.001313,34
13,Structured,RandomForest,purpose_house,structured,3.7e-05,3.7e-05,44
13,Structured,RandomForest,purpose_vacation,structured,0.000166,0.000166,37
13,Structured,RandomForest,home_ownership_NONE,structured,0.0,0.0,49
13,Structured,RandomForest,home_ownership_OWN,structured,0.001746,0.001746,32
13,Structured,RandomForest,home_ownership_RENT,structured,0.007708,0.007708,22
13,Structured,RandomForest,verification_status_Source Verified,structured,0.004344,0.004344,24
13,Structured,RandomForest,grade_ord,structured,0.07502,0.07502,4
13,Structured,RandomForest,sub_grade_ord,structured,0.105274,0.105274,2
13,Structured+FinBERT,Logistic,acc_now_delinq,structured,0.012448,0.004536,34
13,Structured+FinBERT,Logistic,annual_inc,structured,0.228608,0.083312,3
13,Structured+FinBERT,Logistic,bc_open_to_buy,structured,0.155092,0.056521,5
13,Structured+FinBERT,Logistic,delinq_2yrs,structured,0.010589,0.003859,36
13,Structured+FinBERT,Logistic,dti,structured,0.106122,0.038675,7
13,Structured+FinBERT,Logistic,inq_last_6mths,structured,0.098867,0.03603,10
13,Structured+FinBERT,Logistic,int_rate,structured,0.330381,0.120402,1
13,Structured+FinBERT,Logistic,mo_sin_rcnt_rev_tl_op,structured,0.041503,0.015125,20
13,Structured+FinBERT,Logistic,mths_since_recent_bc,structured,0.207693,0.07569,4
13,Structured+FinBERT,Logistic,mths_since_recent_revol_delinq,structured,0.050796,0.018512,16
13,Structured+FinBERT,Logistic,num_actv_rev_tl,structured,0.044106,0.016074,17
13,Structured+FinBERT,Logistic,num_bc_sats,structured,0.070528,0.025703,13
13,Structured+FinBERT,Logistic,num_il_tl,structured,0.071781,0.026159,12
13,Structured+FinBERT,Logistic,num_rev_accts,structured,0.031847,0.011606,22
13,Structured+FinBERT,Logistic,num_tl_op_past_12m,structured,0.105647,0.038501,8
13,Structured+FinBERT,Logistic,pct_tl_nvr_dlq,structured,0.104913,0.038234,9
13,Structured+FinBERT,Logistic,term,structured,0.278122,0.101357,2
13,Structured+FinBERT,Logistic,tot_cur_bal,structured,0.028191,0.010274,24
13,Structured+FinBERT,Logistic,total_bc_limit,structured,0.062505,0.022779,15
13,Structured+FinBERT,Logistic,fico_midpoint,structured,0.15102,0.055037,6
13,Structured+FinBERT,Logistic,addr_state_AL,structured,0.006224,0.002268,43
13,Structured+FinBERT,Logistic,addr_state_CA,structured,0.016196,0.005902,31
13,Structured+FinBERT,Logistic,addr_state_GA,structured,0.012771,0.004654,33
13,Structured+FinBERT,Logistic,addr_state_IA,structured,0.007813,0.002847,39
13,Structured+FinBERT,Logistic,addr_state_KS,structured,0.020382,0.007428,28
13,Structured+FinBERT,Logistic,addr_state_MD,structured,0.004607,0.001679,45
13,Structured+FinBERT,Logistic,addr_state_NC,structured,0.006953,0.002534,41
13,Structured+FinBERT,Logistic,addr_state_NH,structured,0.020319,0.007405,29
13,Structured+FinBERT,Logistic,addr_state_WA,structured,0.004448,0.001621,46
13,Structured+FinBERT,Logistic,purpose_credit_card,structured,0.063953,0.023307,14
13,Structured+FinBERT,Logistic,purpose_debt_consolidation,structured,0.009353,0.003409,37
13,Structured+FinBERT,Logistic,purpose_home_improvement,structured,0.007123,0.002596,40
13,Structured+FinBERT,Logistic,purpose_medical,structured,0.013895,0.005064,32
13,Structured+FinBERT,Logistic,purpose_moving,structured,0.009151,0.003335,38
13,Structured+FinBERT,Logistic,home_ownership_NONE,structured,0.002573,0.000938,48
13,Structured+FinBERT,Logistic,verification_status_Source Verified,structured,0.031778,0.011581,23
13,Structured+FinBERT,Logistic,grade_ord,structured,0.043592,0.015886,18
13,Structured+FinBERT,Logistic,sub_grade_ord,structured,0.032564,0.011867,21
13,Structured+FinBERT,Logistic,fb:has_desc,FinBERT,0.000622,0.000227,49
13,Structured+FinBERT,Logistic,fb:pca_001,FinBERT,0.011691,0.004261,35
13,Structured+FinBERT,Logistic,fb:pca_005,FinBERT,0.025941,0.009454,25
13,Structured+FinBERT,Logistic,fb:pca_008,FinBERT,0.041886,0.015265,19
13,Structured+FinBERT,Logistic,fb:pca_009,FinBERT,0.006844,0.002494,42
13,Structured+FinBERT,Logistic,fb:pca_013,FinBERT,0.019511,0.00711,30
13,Structured+FinBERT,Logistic,fb:pca_016,FinBERT,0.077393,0.028205,11
13,Structured+FinBERT,Logistic,fb:pca_023,FinBERT,0.000476,0.000174,50
13,Structured+FinBERT,Logistic,fb:pca_024,FinBERT,0.022933,0.008357,26
13,Structured+FinBERT,Logistic,fb:pca_034,FinBERT,0.022152,0.008073,27
13,Structured+FinBERT,Logistic,fb:pca_041,FinBERT,0.004235,0.001543,47
13,Structured+FinBERT,Logistic,fb:pca_044,FinBERT,0.005849,0.002132,44
13,Structured+FinBERT,XGBoost,acc_now_delinq,structured,0.0,0.0,50
13,Structured+FinBERT,XGBoost,annual_inc,structured,178.352493,0.039739,5
13,Structured+FinBERT,XGBoost,bc_open_to_buy,structured,47.882298,0.010669,18
13,Structured+FinBERT,XGBoost,delinq_2yrs,structured,25.257986,0.005628,39
13,Structured+FinBERT,XGBoost,dti,structured,84.335197,0.018791,8
13,Structured+FinBERT,XGBoost,inq_last_6mths,structured,85.679718,0.019091,7
13,Structured+FinBERT,XGBoost,int_rate,structured,744.939697,0.165983,2
13,Structured+FinBERT,XGBoost,mo_sin_rcnt_rev_tl_op,structured,72.366493,0.016124,11
13,Structured+FinBERT,XGBoost,mths_since_recent_bc,structured,75.866158,0.016904,10
13,Structured+FinBERT,XGBoost,mths_since_recent_revol_delinq,structured,38.881939,0.008663,21
13,Structured+FinBERT,XGBoost,num_actv_rev_tl,structured,52.135624,0.011617,15
13,Structured+FinBERT,XGBoost,num_bc_sats,structured,38.232677,0.008519,23
13,Structured+FinBERT,XGBoost,num_il_tl,structured,52.041351,0.011596,16
13,Structured+FinBERT,XGBoost,num_rev_accts,structured,33.13327,0.007383,29
13,Structured+FinBERT,XGBoost,num_tl_op_past_12m,structured,54.320839,0.012103,14
13,Structured+FinBERT,XGBoost,pct_tl_nvr_dlq,structured,37.098202,0.008266,25
13,Structured+FinBERT,XGBoost,term,structured,386.87442,0.086201,4
13,Structured+FinBERT,XGBoost,tot_cur_bal,structured,34.646759,0.00772,26
13,Structured+FinBERT,XGBoost,total_bc_limit,structured,38.738022,0.008631,22
13,Structured+FinBERT,XGBoost,fico_midpoint,structured,60.562374,0.013494,13
13,Structured+FinBERT,XGBoost,addr_state_AL,structured,0.0,0.0,48
13,Structured+FinBERT,XGBoost,addr_state_CA,structured,50.947063,0.011352,17
13,Structured+FinBERT,XGBoost,addr_state_GA,structured,33.017391,0.007357,30
13,Structured+FinBERT,XGBoost,addr_state_IA,structured,0.0,0.0,45
13,Structured+FinBERT,XGBoost,addr_state_KS,structured,28.46343,0.006342,36
13,Structured+FinBERT,XGBoost,addr_state_MD,structured,0.0,0.0,46
13,Structured+FinBERT,XGBoost,addr_state_NC,structured,14.437244,0.003217,42
13,Structured+FinBERT,XGBoost,addr_state_NH,structured,29.072775,0.006478,34
13,Structured+FinBERT,XGBoost,addr_state_WA,structured,0.0,0.0,49
13,Structured+FinBERT,XGBoost,purpose_credit_card,structured,94.492714,0.021054,6
13,Structured+FinBERT,XGBoost,purpose_debt_consolidation,structured,77.569603,0.017284,9
13,Structured+FinBERT,XGBoost,purpose_home_improvement,structured,0.0,0.0,47
13,Structured+FinBERT,XGBoost,purpose_medical,structured,16.503571,0.003677,41
13,Structured+FinBERT,XGBoost,purpose_moving,structured,23.919491,0.00533,40
13,Structured+FinBERT,XGBoost,home_ownership_NONE,structured,0.0,0.0,43
13,Structured+FinBERT,XGBoost,verification_status_Source Verified,structured,38.095989,0.008488,24
13,Structured+FinBERT,XGBoost,grade_ord,structured,517.103455,0.115218,3
13,Structured+FinBERT,XGBoost,sub_grade_ord,structured,1029.78186,0.22945,1
13,Structured+FinBERT,XGBoost,fb:has_desc,FinBERT,0.0,0.0,44
13,Structured+FinBERT,XGBoost,fb:pca_001,FinBERT,40.706348,0.00907,20
13,Structured+FinBERT,XGBoost,fb:pca_005,FinBERT,33.355377,0.007432,27
13,Structured+FinBERT,XGBoost,fb:pca_008,FinBERT,46.180397,0.01029,19
13,Structured+FinBERT,XGBoost,fb:pca_009,FinBERT,26.387287,0.005879,38
13,Structured+FinBERT,XGBoost,fb:pca_013,FinBERT,33.244717,0.007407,28
13,Structured+FinBERT,XGBoost,fb:pca_016,FinBERT,63.211845,0.014085,12
13,Structured+FinBERT,XGBoost,fb:pca_023,FinBERT,29.56739,0.006588,33
13,Structured+FinBERT,XGBoost,fb:pca_024,FinBERT,32.282536,0.007193,31
13,Structured+FinBERT,XGBoost,fb:pca_034,FinBERT,31.392164,0.006995,32
13,Structured+FinBERT,XGBoost,fb:pca_041,FinBERT,29.012798,0.006464,35
13,Structured+FinBERT,XGBoost,fb:pca_044,FinBERT,27.951984,0.006228,37
13,Structured+FinBERT,RandomForest,acc_now_delinq,structured,0.0,0.0,50
13,Structured+FinBERT,RandomForest,annual_inc,structured,0.076946,0.076946,4
13,Structured+FinBERT,RandomForest,bc_open_to_buy,structured,0.034152,0.034152,8
13,Structured+FinBERT,RandomForest,delinq_2yrs,structured,0.001932,0.001932,36
13,Structured+FinBERT,RandomForest,dti,structured,0.054932,0.054932,6
13,Structured+FinBERT,RandomForest,inq_last_6mths,structured,0.014412,0.014412,19
13,Structured+FinBERT,RandomForest,int_rate,structured,0.129314,0.129314,1
13,Structured+FinBERT,RandomForest,mo_sin_rcnt_rev_tl_op,structured,0.021052,0.021052,12
13,Structured+FinBERT,RandomForest,mths_since_recent_bc,structured,0.030288,0.030288,9
13,Structured+FinBERT,RandomForest,mths_since_recent_revol_delinq,structured,0.009379,0.009379,31
13,Structured+FinBERT,RandomForest,num_actv_rev_tl,structured,0.012264,0.012264,27
13,Structured+FinBERT,RandomForest,num_bc_sats,structured,0.012162,0.012162,28
13,Structured+FinBERT,RandomForest,num_il_tl,structured,0.017067,0.017067,14
13,Structured+FinBERT,RandomForest,num_rev_accts,structured,0.016273,0.016273,15
13,Structured+FinBERT,RandomForest,num_tl_op_past_12m,structured,0.010888,0.010888,30
13,Structured+FinBERT,RandomForest,pct_tl_nvr_dlq,structured,0.010948,0.010948,29
13,Structured+FinBERT,RandomForest,term,structured,0.059841,0.059841,5
13,Structured+FinBERT,RandomForest,tot_cur_bal,structured,0.028249,0.028249,11
13,Structured+FinBERT,RandomForest,total_bc_limit,structured,0.030025,0.030025,10
13,Structured+FinBERT,RandomForest,fico_midpoint,structured,0.045336,0.045336,7
13,Structured+FinBERT,RandomForest,addr_state_AL,structured,1.5e-05,1.5e-05,46
13,Structured+FinBERT,RandomForest,addr_state_CA,structured,0.002311,0.002311,35
13,Structured+FinBERT,RandomForest,addr_state_GA,structured,0.000173,0.000173,39
13,Structured+FinBERT,RandomForest,addr_state_IA,structured,0.0,0.0,49
13,Structured+FinBERT,RandomForest,addr_state_KS,structured,4.1e-05,4.1e-05,45
13,Structured+FinBERT,RandomForest,addr_state_MD,structured,7.9e-05,7.9e-05,43
13,Structured+FinBERT,RandomForest,addr_state_NC,structured,0.000146,0.000146,40
13,Structured+FinBERT,RandomForest,addr_state_NH,structured,1.1e-05,1.1e-05,47
13,Structured+FinBERT,RandomForest,addr_state_WA,structured,0.000105,0.000105,42
13,Structured+FinBERT,RandomForest,purpose_credit_card,structured,0.005381,0.005381,33
13,Structured+FinBERT,RandomForest,purpose_debt_consolidation,structured,0.006002,0.006002,32
13,Structured+FinBERT,RandomForest,purpose_home_improvement,structured,0.000692,0.000692,38
13,Structured+FinBERT,RandomForest,purpose_medical,structured,6.3e-05,6.3e-05,44
13,Structured+FinBERT,RandomForest,purpose_moving,structured,0.000141,0.000141,41
13,Structured+FinBERT,RandomForest,home_ownership_NONE,structured,0.0,0.0,48
13,Structured+FinBERT,RandomForest,verification_status_Source Verified,structured,0.002809,0.002809,34
13,Structured+FinBERT,RandomForest,grade_ord,structured,0.08204,0.08204,3
13,Structured+FinBERT,RandomForest,sub_grade_ord,structured,0.117819,0.117819,2
13,Structured+FinBERT,RandomForest,fb:has_desc,FinBERT,0.00188,0.00188,37
13,Structured+FinBERT,RandomForest,fb:pca_001,FinBERT,0.015926,0.015926,17
13,Structured+FinBERT,RandomForest,fb:pca_005,FinBERT,0.015282,0.015282,18
13,Structured+FinBERT,RandomForest,fb:pca_008,FinBERT,0.016152,0.016152,16
13,Structured+FinBERT,RandomForest,fb:pca_009,FinBERT,0.014004,0.014004,24
13,Structured+FinBERT,RandomForest,fb:pca_013,FinBERT,0.014115,0.014115,23
13,Structured+FinBERT,RandomForest,fb:pca_016,FinBERT,0.018926,0.018926,13
13,Structured+FinBERT,RandomForest,fb:pca_023,FinBERT,0.013875,0.013875,26
13,Structured+FinBERT,RandomForest,fb:pca_024,FinBERT,0.014281,0.014281,20
13,Structured+FinBERT,RandomForest,fb:pca_034,FinBERT,0.014184,0.014184,21
13,Structured+FinBERT,RandomForest,fb:pca_041,FinBERT,0.01418,0.01418,22
13,Structured+FinBERT,RandomForest,fb:pca_044,FinBERT,0.013904,0.013904,25
14,Structured,Logistic,acc_now_delinq,structured,0.000501,0.000164,48
14,Structured,Logistic,acc_open_past_24mths,structured,0.161059,0.0529,6
14,Structured,Logistic,annual_inc,structured,0.306031,0.100516,2
14,Structured,Logistic,avg_cur_bal,structured,0.134035,0.044024,8
14,Structured,Logistic,bc_open_to_buy,structured,0.155137,0.050955,7
14,Structured,Logistic,dti,structured,0.077927,0.025595,12
14,Structured,Logistic,inq_last_6mths,structured,0.093853,0.030826,10
14,Structured,Logistic,int_rate,structured,0.39545,0.129885,1
14,Structured,Logistic,loan_amnt,structured,0.168002,0.05518,4
14,Structured,Logistic,mths_since_last_record,structured,0.001798,0.000591,46
14,Structured,Logistic,mths_since_recent_bc_dlq,structured,0.005656,0.001858,40
14,Structured,Logistic,mths_since_recent_inq,structured,0.060869,0.019992,16
14,Structured,Logistic,mths_since_recent_revol_delinq,structured,0.022155,0.007277,29
14,Structured,Logistic,num_actv_bc_tl,structured,0.017678,0.005806,31
14,Structured,Logistic,num_actv_rev_tl,structured,0.077784,0.025548,13
14,Structured,Logistic,num_bc_sats,structured,0.073806,0.024242,14
14,Structured,Logistic,num_rev_accts,structured,0.040696,0.013367,20
14,Structured,Logistic,num_tl_30dpd,structured,0.010743,0.003529,37
14,Structured,Logistic,num_tl_op_past_12m,structured,0.050619,0.016626,18
14,Structured,Logistic,open_acc,structured,0.049734,0.016335,19
14,Structured,Logistic,pct_tl_nvr_dlq,structured,0.010326,0.003391,38
14,Structured,Logistic,percent_bc_gt_75,structured,0.027138,0.008914,28
14,Structured,Logistic,revol_util,structured,0.050815,0.01669,17
14,Structured,Logistic,term,structured,0.266233,0.087444,3
14,Structured,Logistic,tot_cur_bal,structured,0.0121,0.003974,36
14,Structured,Logistic,fico_midpoint,structured,0.163664,0.053755,5
14,Structured,Logistic,addr_state_AL,structured,0.005468,0.001796,41
14,Structured,Logistic,addr_state_CA,structured,0.014432,0.00474,34
14,Structured,Logistic,addr_state_CO,structured,0.028931,0.009502,26
14,Structured,Logistic,addr_state_DE,structured,0.000441,0.000145,49
14,Structured,Logistic,addr_state_FL,structured,0.032744,0.010755,25
14,Structured,Logistic,addr_state_HI,structured,0.003476,0.001142,44
14,Structured,Logistic,addr_state_IL,structured,0.017621,0.005788,32
14,Structured,Logistic,addr_state_IN,structured,0.006852,0.002251,39
14,Structured,Logistic,addr_state_MO,structured,0.003138,0.001031,45
14,Structured,Logistic,addr_state_MS,structured,0.000421,0.000138,50
14,Structured,Logistic,addr_state_NY,structured,0.034025,0.011175,23
14,Structured,Logistic,addr_state_OH,structured,0.00062,0.000204,47
14,Structured,Logistic,addr_state_SD,structured,0.005062,0.001663,42
14,Structured,Logistic,addr_state_TX,structured,0.033259,0.010924,24
14,Structured,Logistic,addr_state_VA,structured,0.003883,0.001275,43
14,Structured,Logistic,addr_state_WY,structured,0.022145,0.007273,30
14,Structured,Logistic,purpose_credit_card,structured,0.117398,0.038559,9
14,Structured,Logistic,purpose_debt_consolidation,structured,0.062268,0.020452,15
14,Structured,Logistic,purpose_major_purchase,structured,0.02831,0.009298,27
14,Structured,Logistic,purpose_vacation,structured,0.013055,0.004288,35
14,Structured,Logistic,home_ownership_RENT,structured,0.038003,0.012482,21
14,Structured,Logistic,verification_status_Verified,structured,0.016167,0.00531,33
14,Structured,Logistic,grade_ord,structured,0.036645,0.012036,22
14,Structured,Logistic,sub_grade_ord,structured,0.086437,0.02839,11
14,Structured,XGBoost,acc_now_delinq,structured,0.0,0.0,50
14,Structured,XGBoost,acc_open_past_24mths,structured,124.191879,0.017153,6
14,Structured,XGBoost,annual_inc,structured,184.898727,0.025537,5
14,Structured,XGBoost,avg_cur_bal,structured,68.016068,0.009394,10
14,Structured,XGBoost,bc_open_to_buy,structured,53.149044,0.007341,17
14,Structured,XGBoost,dti,structured,103.887604,0.014348,7
14,Structured,XGBoost,inq_last_6mths,structured,88.995644,0.012292,9
14,Structured,XGBoost,int_rate,structured,769.640442,0.106298,3
14,Structured,XGBoost,loan_amnt,structured,60.38369,0.00834,13
14,Structured,XGBoost,mths_since_last_record,structured,43.089966,0.005951,25
14,Structured,XGBoost,mths_since_recent_bc_dlq,structured,34.672749,0.004789,34
14,Structured,XGBoost,mths_since_recent_inq,structured,50.002247,0.006906,20
14,Structured,XGBoost,mths_since_recent_revol_delinq,structured,46.389202,0.006407,22
14,Structured,XGBoost,num_actv_bc_tl,structured,61.898335,0.008549,12
14,Structured,XGBoost,num_actv_rev_tl,structured,59.564724,0.008227,14
14,Structured,XGBoost,num_bc_sats,structured,39.37072,0.005438,28
14,Structured,XGBoost,num_rev_accts,structured,40.120987,0.005541,27
14,Structured,XGBoost,num_tl_30dpd,structured,0.0,0.0,47
14,Structured,XGBoost,num_tl_op_past_12m,structured,37.903969,0.005235,29
14,Structured,XGBoost,open_acc,structured,29.745152,0.004108,38
14,Structured,XGBoost,pct_tl_nvr_dlq,structured,30.103876,0.004158,37
14,Structured,XGBoost,percent_bc_gt_75,structured,33.349129,0.004606,36
14,Structured,XGBoost,revol_util,structured,41.291637,0.005703,26
14,Structured,XGBoost,term,structured,573.201843,0.079167,4
14,Structured,XGBoost,tot_cur_bal,structured,44.971062,0.006211,23
14,Structured,XGBoost,fico_midpoint,structured,64.432419,0.008899,11
14,Structured,XGBoost,addr_state_AL,structured,0.0,0.0,46
14,Structured,XGBoost,addr_state_CA,structured,50.212666,0.006935,19
14,Structured,XGBoost,addr_state_CO,structured,50.647289,0.006995,18
14,Structured,XGBoost,addr_state_DE,structured,0.0,0.0,49
14,Structured,XGBoost,addr_state_FL,structured,47.539501,0.006566,21
14,Structured,XGBoost,addr_state_HI,structured,0.0,0.0,48
14,Structured,XGBoost,addr_state_IL,structured,35.836178,0.004949,32
14,Structured,XGBoost,addr_state_IN,structured,0.0,0.0,43
14,Structured,XGBoost,addr_state_MO,structured,24.342999,0.003362,40
14,Structured,XGBoost,addr_state_MS,structured,0.0,0.0,44
14,Structured,XGBoost,addr_state_NY,structured,44.016632,0.006079,24
14,Structured,XGBoost,addr_state_OH,structured,0.0,0.0,42
14,Structured,XGBoost,addr_state_SD,structured,0.0,0.0,45
14,Structured,XGBoost,addr_state_TX,structured,58.789288,0.00812,15
14,Structured,XGBoost,addr_state_VA,structured,24.037968,0.00332,41
14,Structured,XGBoost,addr_state_WY,structured,36.577461,0.005052,31
14,Structured,XGBoost,purpose_credit_card,structured,89.177032,0.012317,8
14,Structured,XGBoost,purpose_debt_consolidation,structured,27.859659,0.003848,39
14,Structured,XGBoost,purpose_major_purchase,structured,34.638786,0.004784,35
14,Structured,XGBoost,purpose_vacation,structured,34.927647,0.004824,33
14,Structured,XGBoost,home_ownership_RENT,structured,58.538685,0.008085,16
14,Structured,XGBoost,verification_status_Verified,structured,36.748104,0.005075,30
14,Structured,XGBoost,grade_ord,structured,2554.741943,0.352846,1
14,Structured,XGBoost,sub_grade_ord,structured,1348.481445,0.186244,2
14,Structured,RandomForest,acc_now_delinq,structured,1e-06,1e-06,49
14,Structured,RandomForest,acc_open_past_24mths,structured,0.027017,0.027017,13
14,Structured,RandomForest,annual_inc,structured,0.080005,0.080005,3
14,Structured,RandomForest,avg_cur_bal,structured,0.038519,0.038519,11
14,Structured,RandomForest,bc_open_to_buy,structured,0.042647,0.042647,10
14,Structured,RandomForest,dti,structured,0.061497,0.061497,5
14,Structured,RandomForest,inq_last_6mths,structured,0.013433,0.013433,21
14,Structured,RandomForest,int_rate,structured,0.113529,0.113529,1
14,Structured,RandomForest,loan_amnt,structured,0.04959,0.04959,7
14,Structured,RandomForest,mths_since_last_record,structured,0.005433,0.005433,29
14,Structured,RandomForest,mths_since_recent_bc_dlq,structured,0.007982,0.007982,25
14,Structured,RandomForest,mths_since_recent_inq,structured,0.025242,0.025242,15
14,Structured,RandomForest,mths_since_recent_revol_delinq,structured,0.012153,0.012153,24
14,Structured,RandomForest,num_actv_bc_tl,structured,0.012249,0.012249,23
14,Structured,RandomForest,num_actv_rev_tl,structured,0.015391,0.015391,18
14,Structured,RandomForest,num_bc_sats,structured,0.014991,0.014991,20
14,Structured,RandomForest,num_rev_accts,structured,0.022716,0.022716,16
14,Structured,RandomForest,num_tl_30dpd,structured,1e-06,1e-06,48
14,Structured,RandomForest,num_tl_op_past_12m,structured,0.012518,0.012518,22
14,Structured,RandomForest,open_acc,structured,0.02583,0.02583,14
14,Structured,RandomForest,pct_tl_nvr_dlq,structured,0.015211,0.015211,19
14,Structured,RandomForest,percent_bc_gt_75,structured,0.021265,0.021265,17
14,Structured,RandomForest,revol_util,structured,0.051301,0.051301,6
14,Structured,RandomForest,term,structured,0.045961,0.045961,8
14,Structured,RandomForest,tot_cur_bal,structured,0.037518,0.037518,12
14,Structured,RandomForest,fico_midpoint,structured,0.042707,0.042707,9
14,Structured,RandomForest,addr_state_AL,structured,5.7e-05,5.7e-05,43
14,Structured,RandomForest,addr_state_CA,structured,0.003239,0.003239,31
14,Structured,RandomForest,addr_state_CO,structured,0.000303,0.000303,39
14,Structured,RandomForest,addr_state_DE,structured,2e-06,2e-06,46
14,Structured,RandomForest,addr_state_FL,structured,0.001535,0.001535,34
14,Structured,RandomForest,addr_state_HI,structured,2.2e-05,2.2e-05,44
14,Structured,RandomForest,addr_state_IL,structured,0.00077,0.00077,35
14,Structured,RandomForest,addr_state_IN,structured,6e-05,6e-05,42
14,Structured,RandomForest,addr_state_MO,structured,0.00011,0.00011,41
14,Structured,RandomForest,addr_state_MS,structured,0.0,0.0,50
14,Structured,RandomForest,addr_state_NY,structured,0.001801,0.001801,33
14,Structured,RandomForest,addr_state_OH,structured,0.000383,0.000383,37
14,Structured,RandomForest,addr_state_SD,structured,2e-06,2e-06,47
14,Structured,RandomForest,addr_state_TX,structured,0.001832,0.001832,32
14,Structured,RandomForest,addr_state_VA,structured,0.000363,0.000363,38
14,Structured,RandomForest,addr_state_WY,structured,3e-06,3e-06,45
14,Structured,RandomForest,purpose_credit_card,structured,0.005293,0.005293,30
14,Structured,RandomForest,purpose_debt_consolidation,structured,0.00663,0.00663,28
14,Structured,RandomForest,purpose_major_purchase,structured,0.000422,0.000422,36
14,Structured,RandomForest,purpose_vacation,structured,0.000127,0.000127,40
14,Structured,RandomForest,home_ownership_RENT,structured,0.006681,0.006681,27
14,Structured,RandomForest,verification_status_Verified,structured,0.006966,0.006966,26
14,Structured,RandomForest,grade_ord,structured,0.071487,0.071487,4
14,Structured,RandomForest,sub_grade_ord,structured,0.097207,0.097207,2
14,Structured+FinBERT,Logistic,acc_now_delinq,structured,0.006599,0.002041,41
14,Structured+FinBERT,Logistic,acc_open_past_24mths,structured,0.176632,0.054618,6
14,Structured+FinBERT,Logistic,annual_inc,structured,0.295335,0.091323,2
14,Structured+FinBERT,Logistic,bc_open_to_buy,structured,0.127974,0.039572,9
14,Structured+FinBERT,Logistic,dti,structured,0.099295,0.030704,13
14,Structured+FinBERT,Logistic,inq_last_6mths,structured,0.089886,0.027794,14
14,Structured+FinBERT,Logistic,int_rate,structured,0.421827,0.130436,1
14,Structured+FinBERT,Logistic,loan_amnt,structured,0.17154,0.053043,7
14,Structured+FinBERT,Logistic,mths_since_recent_bc,structured,0.189476,0.058589,5
14,Structured+FinBERT,Logistic,mths_since_recent_bc_dlq,structured,0.015307,0.004733,31
14,Structured+FinBERT,Logistic,mths_since_recent_inq,structured,0.043851,0.013559,18
14,Structured+FinBERT,Logistic,mths_since_recent_revol_delinq,structured,0.025504,0.007886,24
14,Structured+FinBERT,Logistic,num_actv_bc_tl,structured,0.065334,0.020202,15
14,Structured+FinBERT,Logistic,num_actv_rev_tl,structured,0.031382,0.009704,22
14,Structured+FinBERT,Logistic,num_bc_tl,structured,0.010137,0.003134,37
14,Structured+FinBERT,Logistic,num_il_tl,structured,0.117782,0.03642,10
14,Structured+FinBERT,Logistic,num_tl_op_past_12m,structured,0.023997,0.00742,26
14,Structured+FinBERT,Logistic,open_acc,structured,0.014191,0.004388,32
14,Structured+FinBERT,Logistic,term,structured,0.259271,0.080171,3
14,Structured+FinBERT,Logistic,total_acc,structured,0.003046,0.000942,45
14,Structured+FinBERT,Logistic,total_bc_limit,structured,0.244618,0.07564,4
14,Structured+FinBERT,Logistic,fico_midpoint,structured,0.171139,0.052919,8
14,Structured+FinBERT,Logistic,addr_state_CA,structured,0.012383,0.003829,33
14,Structured+FinBERT,Logistic,addr_state_CT,structured,0.000385,0.000119,50
14,Structured+FinBERT,Logistic,addr_state_FL,structured,0.032394,0.010017,20
14,Structured+FinBERT,Logistic,addr_state_IL,structured,0.01577,0.004876,30
14,Structured+FinBERT,Logistic,addr_state_IN,structured,0.007905,0.002444,39
14,Structured+FinBERT,Logistic,addr_state_KS,structured,0.016293,0.005038,28
14,Structured+FinBERT,Logistic,addr_state_LA,structured,0.003353,0.001037,44
14,Structured+FinBERT,Logistic,addr_state_MD,structured,0.00996,0.00308,38
14,Structured+FinBERT,Logistic,addr_state_NJ,structured,0.039354,0.012169,19
14,Structured+FinBERT,Logistic,addr_state_OH,structured,0.000785,0.000243,49
14,Structured+FinBERT,Logistic,addr_state_OR,structured,0.012336,0.003814,34
14,Structured+FinBERT,Logistic,addr_state_SC,structured,0.019981,0.006178,27
14,Structured+FinBERT,Logistic,addr_state_UT,structured,0.010171,0.003145,36
14,Structured+FinBERT,Logistic,addr_state_WV,structured,0.025036,0.007742,25
14,Structured+FinBERT,Logistic,purpose_credit_card,structured,0.103183,0.031906,12
14,Structured+FinBERT,Logistic,purpose_debt_consolidation,structured,0.049824,0.015406,17
14,Structured+FinBERT,Logistic,purpose_house,structured,0.001783,0.000551,48
14,Structured+FinBERT,Logistic,purpose_vacation,structured,0.015892,0.004914,29
14,Structured+FinBERT,Logistic,home_ownership_RENT,structured,0.056068,0.017337,16
14,Structured+FinBERT,Logistic,verification_status_Source Verified,structured,0.031961,0.009883,21
14,Structured+FinBERT,Logistic,verification_status_Verified,structured,0.002327,0.000719,46
14,Structured+FinBERT,Logistic,grade_ord,structured,0.02617,0.008092,23
14,Structured+FinBERT,Logistic,sub_grade_ord,structured,0.106963,0.033075,11
14,Structured+FinBERT,Logistic,fb:pca_000,FinBERT,0.011573,0.003579,35
14,Structured+FinBERT,Logistic,fb:pca_030,FinBERT,0.007291,0.002254,40
14,Structured+FinBERT,Logistic,fb:pca_033,FinBERT,0.005356,0.001656,42
14,Structured+FinBERT,Logistic,fb:pca_037,FinBERT,0.003467,0.001072,43
14,Structured+FinBERT,Logistic,fb:pca_046,FinBERT,0.001888,0.000584,47
14,Structured+FinBERT,XGBoost,acc_now_delinq,structured,0.0,0.0,50
14,Structured+FinBERT,XGBoost,acc_open_past_24mths,structured,148.751495,0.020884,6
14,Structured+FinBERT,XGBoost,annual_inc,structured,191.884155,0.02694,5
14,Structured+FinBERT,XGBoost,bc_open_to_buy,structured,65.570724,0.009206,14
14,Structured+FinBERT,XGBoost,dti,structured,100.992775,0.014179,7
14,Structured+FinBERT,XGBoost,inq_last_6mths,structured,88.718941,0.012456,9
14,Structured+FinBERT,XGBoost,int_rate,structured,902.997437,0.126779,3
14,Structured+FinBERT,XGBoost,loan_amnt,structured,60.998703,0.008564,15
14,Structured+FinBERT,XGBoost,mths_since_recent_bc,structured,76.876678,0.010793,10
14,Structured+FinBERT,XGBoost,mths_since_recent_bc_dlq,structured,32.970066,0.004629,34
14,Structured+FinBERT,XGBoost,mths_since_recent_inq,structured,55.155994,0.007744,18
14,Structured+FinBERT,XGBoost,mths_since_recent_revol_delinq,structured,41.178391,0.005781,27
14,Structured+FinBERT,XGBoost,num_actv_bc_tl,structured,50.29686,0.007062,21
14,Structured+FinBERT,XGBoost,num_actv_rev_tl,structured,66.215286,0.009296,13
14,Structured+FinBERT,XGBoost,num_bc_tl,structured,45.81974,0.006433,22
14,Structured+FinBERT,XGBoost,num_il_tl,structured,75.794571,0.010641,11
14,Structured+FinBERT,XGBoost,num_tl_op_past_12m,structured,37.670856,0.005289,29
14,Structured+FinBERT,XGBoost,open_acc,structured,29.561518,0.00415,42
14,Structured+FinBERT,XGBoost,term,structured,563.886414,0.079168,4
14,Structured+FinBERT,XGBoost,total_acc,structured,40.234467,0.005649,28
14,Structured+FinBERT,XGBoost,total_bc_limit,structured,58.855904,0.008263,17
14,Structured+FinBERT,XGBoost,fico_midpoint,structured,67.121002,0.009424,12
14,Structured+FinBERT,XGBoost,addr_state_CA,structured,54.123684,0.007599,20
14,Structured+FinBERT,XGBoost,addr_state_CT,structured,25.585991,0.003592,47
14,Structured+FinBERT,XGBoost,addr_state_FL,structured,44.788757,0.006288,24
14,Structured+FinBERT,XGBoost,addr_state_IL,structured,45.685303,0.006414,23
14,Structured+FinBERT,XGBoost,addr_state_IN,structured,32.164909,0.004516,37
14,Structured+FinBERT,XGBoost,addr_state_KS,structured,32.581116,0.004574,36
14,Structured+FinBERT,XGBoost,addr_state_LA,structured,0.0,0.0,49
14,Structured+FinBERT,XGBoost,addr_state_MD,structured,0.0,0.0,48
14,Structured+FinBERT,XGBoost,addr_state_NJ,structured,54.73061,0.007684,19
14,Structured+FinBERT,XGBoost,addr_state_OH,structured,43.562428,0.006116,25
14,Structured+FinBERT,XGBoost,addr_state_OR,structured,34.176662,0.004798,31
14,Structured+FinBERT,XGBoost,addr_state_SC,structured,32.678272,0.004588,35
14,Structured+FinBERT,XGBoost,addr_state_UT,structured,30.65238,0.004304,41
14,Structured+FinBERT,XGBoost,addr_state_WV,structured,34.127609,0.004791,32
14,Structured+FinBERT,XGBoost,purpose_credit_card,structured,98.315544,0.013803,8
14,Structured+FinBERT,XGBoost,purpose_debt_consolidation,structured,27.113287,0.003807,46
14,Structured+FinBERT,XGBoost,purpose_house,structured,27.782116,0.003901,45
14,Structured+FinBERT,XGBoost,purpose_vacation,structured,31.377239,0.004405,38
14,Structured+FinBERT,XGBoost,home_ownership_RENT,structured,59.734165,0.008387,16
14,Structured+FinBERT,XGBoost,verification_status_Source Verified,structured,36.312096,0.005098,30
14,Structured+FinBERT,XGBoost,verification_status_Verified,structured,31.273615,0.004391,39
14,Structured+FinBERT,XGBoost,grade_ord,structured,1937.538818,0.272026,1
14,Structured+FinBERT,XGBoost,sub_grade_ord,structured,1442.214478,0.202483,2
14,Structured+FinBERT,XGBoost,fb:pca_000,FinBERT,42.935608,0.006028,26
14,Structured+FinBERT,XGBoost,fb:pca_030,FinBERT,31.071281,0.004362,40
14,Structured+FinBERT,XGBoost,fb:pca_033,FinBERT,29.155052,0.004093,43
14,Structured+FinBERT,XGBoost,fb:pca_037,FinBERT,33.094742,0.004646,33
14,Structured+FinBERT,XGBoost,fb:pca_046,FinBERT,28.30521,0.003974,44
14,Structured+FinBERT,RandomForest,acc_now_delinq,structured,0.0,0.0,50
14,Structured+FinBERT,RandomForest,acc_open_past_24mths,structured,0.025037,0.025037,13
14,Structured+FinBERT,RandomForest,annual_inc,structured,0.080001,0.080001,4
14,Structured+FinBERT,RandomForest,bc_open_to_buy,structured,0.035997,0.035997,9
14,Structured+FinBERT,RandomForest,dti,structured,0.054376,0.054376,6
14,Structured+FinBERT,RandomForest,inq_last_6mths,structured,0.011448,0.011448,24
14,Structured+FinBERT,RandomForest,int_rate,structured,0.127954,0.127954,1
14,Structured+FinBERT,RandomForest,loan_amnt,structured,0.043309,0.043309,7
14,Structured+FinBERT,RandomForest,mths_since_recent_bc,structured,0.02997,0.02997,11
14,Structured+FinBERT,RandomForest,mths_since_recent_bc_dlq,structured,0.006613,0.006613,29
14,Structured+FinBERT,RandomForest,mths_since_recent_inq,structured,0.019824,0.019824,15
14,Structured+FinBERT,RandomForest,mths_since_recent_revol_delinq,structured,0.009664,0.009664,27
14,Structured+FinBERT,RandomForest,num_actv_bc_tl,structured,0.011101,0.011101,25
14,Structured+FinBERT,RandomForest,num_actv_rev_tl,structured,0.013948,0.013948,23
14,Structured+FinBERT,RandomForest,num_bc_tl,structured,0.016013,0.016013,18
14,Structured+FinBERT,RandomForest,num_il_tl,structured,0.020263,0.020263,14
14,Structured+FinBERT,RandomForest,num_tl_op_past_12m,structured,0.010672,0.010672,26
14,Structured+FinBERT,RandomForest,open_acc,structured,0.019212,0.019212,16
14,Structured+FinBERT,RandomForest,term,structured,0.057268,0.057268,5
14,Structured+FinBERT,RandomForest,total_acc,structured,0.027447,0.027447,12
14,Structured+FinBERT,RandomForest,total_bc_limit,structured,0.033189,0.033189,10
14,Structured+FinBERT,RandomForest,fico_midpoint,structured,0.043081,0.043081,8
14,Structured+FinBERT,RandomForest,addr_state_CA,structured,0.002244,0.002244,34
14,Structured+FinBERT,RandomForest,addr_state_CT,structured,5.2e-05,5.2e-05,42
14,Structured+FinBERT,RandomForest,addr_state_FL,structured,0.001089,0.001089,35
14,Structured+FinBERT,RandomForest,addr_state_IL,structured,0.000421,0.000421,37
14,Structured+FinBERT,RandomForest,addr_state_IN,structured,1.7e-05,1.7e-05,46
14,Structured+FinBERT,RandomForest,addr_state_KS,structured,2.8e-05,2.8e-05,44
14,Structured+FinBERT,RandomForest,addr_state_LA,structured,1.8e-05,1.8e-05,45
14,Structured+FinBERT,RandomForest,addr_state_MD,structured,9.9e-05,9.9e-05,39
14,Structured+FinBERT,RandomForest,addr_state_NJ,structured,0.000489,0.000489,36
14,Structured+FinBERT,RandomForest,addr_state_OH,structured,0.000165,0.000165,38
14,Structured+FinBERT,RandomForest,addr_state_OR,structured,5.2e-05,5.2e-05,43
14,Structured+FinBERT,RandomForest,addr_state_SC,structured,5.7e-05,5.7e-05,41
14,Structured+FinBERT,RandomForest,addr_state_UT,structured,8e-06,8e-06,49
14,Structured+FinBERT,RandomForest,addr_state_WV,structured,1.2e-05,1.2e-05,47
14,Structured+FinBERT,RandomForest,purpose_credit_card,structured,0.004355,0.004355,32
14,Structured+FinBERT,RandomForest,purpose_debt_consolidation,structured,0.005578,0.005578,31
14,Structured+FinBERT,RandomForest,purpose_house,structured,9e-06,9e-06,48
14,Structured+FinBERT,RandomForest,purpose_vacation,structured,6.6e-05,6.6e-05,40
14,Structured+FinBERT,RandomForest,home_ownership_RENT,structured,0.006643,0.006643,28
14,Structured+FinBERT,RandomForest,verification_status_Source Verified,structured,0.002922,0.002922,33
14,Structured+FinBERT,RandomForest,verification_status_Verified,structured,0.005943,0.005943,30
14,Structured+FinBERT,RandomForest,grade_ord,structured,0.086104,0.086104,3
14,Structured+FinBERT,RandomForest,sub_grade_ord,structured,0.110901,0.110901,2
14,Structured+FinBERT,RandomForest,fb:pca_000,FinBERT,0.017993,0.017993,17
14,Structured+FinBERT,RandomForest,fb:pca_030,FinBERT,0.014712,0.014712,19
14,Structured+FinBERT,RandomForest,fb:pca_033,FinBERT,0.014542,0.014542,21
14,Structured+FinBERT,RandomForest,fb:pca_037,FinBERT,0.014565,0.014565,20
14,Structured+FinBERT,RandomForest,fb:pca_046,FinBERT,0.014531,0.014531,22
