fold,Arm,Model,Feature,Kind,Importance_raw,Importance_share,Rank
1,Structured,Logistic,acc_now_delinq,structured,0.0,0.0,126
1,Structured,Logistic,acc_open_past_24mths,structured,0.0,0.0,125
1,Structured,Logistic,annual_inc,structured,0.310047,0.042695,5
1,Structured,Logistic,avg_cur_bal,structured,0.0,0.0,124
1,Structured,Logistic,bc_open_to_buy,structured,0.0,0.0,123
1,Structured,Logistic,bc_util,structured,0.0,0.0,121
1,Structured,Logistic,chargeoff_within_12_mths,structured,0.0,0.0,122
1,Structured,Logistic,collections_12_mths_ex_med,structured,0.0,0.0,120
1,Structured,Logistic,delinq_2yrs,structured,0.027344,0.003765,58
1,Structured,Logistic,delinq_amnt,structured,0.0,0.0,119
1,Structured,Logistic,dti,structured,0.017169,0.002364,68
1,Structured,Logistic,emp_length,structured,0.015803,0.002176,69
1,Structured,Logistic,inq_last_6mths,structured,0.214241,0.029502,10
1,Structured,Logistic,int_rate,structured,0.534751,0.073638,1
1,Structured,Logistic,loan_amnt,structured,0.070067,0.009649,38
1,Structured,Logistic,mo_sin_old_il_acct,structured,0.0,0.0,118
1,Structured,Logistic,mo_sin_old_rev_tl_op,structured,0.0,0.0,111
1,Structured,Logistic,mo_sin_rcnt_rev_tl_op,structured,0.0,0.0,112
1,Structured,Logistic,mo_sin_rcnt_tl,structured,0.0,0.0,113
1,Structured,Logistic,mort_acc,structured,0.0,0.0,114
1,Structured,Logistic,mths_since_last_delinq,structured,0.072825,0.010028,36
1,Structured,Logistic,mths_since_last_major_derog,structured,0.0,0.0,115
1,Structured,Logistic,mths_since_last_record,structured,0.388297,0.053471,3
1,Structured,Logistic,mths_since_recent_bc,structured,0.0,0.0,116
1,Structured,Logistic,mths_since_recent_bc_dlq,structured,0.0,0.0,104
1,Structured,Logistic,mths_since_recent_inq,structured,0.0,0.0,117
1,Structured,Logistic,mths_since_recent_revol_delinq,structured,0.0,0.0,108
1,Structured,Logistic,num_accts_ever_120_pd,structured,0.0,0.0,107
1,Structured,Logistic,num_actv_bc_tl,structured,0.0,0.0,110
1,Structured,Logistic,num_actv_rev_tl,structured,0.0,0.0,109
1,Structured,Logistic,num_bc_sats,structured,0.0,0.0,106
1,Structured,Logistic,num_bc_tl,structured,0.0,0.0,105
1,Structured,Logistic,num_il_tl,structured,0.0,0.0,95
1,Structured,Logistic,num_op_rev_tl,structured,0.0,0.0,96
1,Structured,Logistic,num_rev_accts,structured,0.0,0.0,97
1,Structured,Logistic,num_tl_120dpd_2m,structured,0.0,0.0,98
1,Structured,Logistic,num_tl_30dpd,structured,0.0,0.0,99
1,Structured,Logistic,num_tl_90g_dpd_24m,structured,0.0,0.0,100
1,Structured,Logistic,num_tl_op_past_12m,structured,0.0,0.0,101
1,Structured,Logistic,open_acc,structured,0.006809,0.000938,76
1,Structured,Logistic,pct_tl_nvr_dlq,structured,0.0,0.0,102
1,Structured,Logistic,percent_bc_gt_75,structured,0.0,0.0,93
1,Structured,Logistic,pub_rec,structured,0.257198,0.035418,6
1,Structured,Logistic,pub_rec_bankruptcies,structured,0.010699,0.001473,74
1,Structured,Logistic,revol_bal,structured,0.121172,0.016686,18
1,Structured,Logistic,revol_util,structured,0.125259,0.017249,16
1,Structured,Logistic,tax_liens,structured,0.0,0.0,103
1,Structured,Logistic,term,structured,0.254223,0.035008,7
1,Structured,Logistic,tot_coll_amt,structured,0.0,0.0,87
1,Structured,Logistic,tot_cur_bal,structured,0.0,0.0,88
1,Structured,Logistic,total_acc,structured,0.018393,0.002533,66
1,Structured,Logistic,total_bal_ex_mort,structured,0.0,0.0,89
1,Structured,Logistic,total_bc_limit,structured,0.0,0.0,90
1,Structured,Logistic,total_il_high_credit_limit,structured,0.0,0.0,92
1,Structured,Logistic,total_rev_hi_lim,structured,0.0,0.0,91
1,Structured,Logistic,fico_midpoint,structured,0.149613,0.020603,11
1,Structured,Logistic,credit_history_months,structured,0.142692,0.01965,12
1,Structured,Logistic,initial_list_status_w,structured,0.0,0.0,94
1,Structured,Logistic,addr_state_AL,structured,0.088322,0.012162,27
1,Structured,Logistic,addr_state_AR,structured,0.090213,0.012423,26
1,Structured,Logistic,addr_state_AZ,structured,0.076137,0.010485,31
1,Structured,Logistic,addr_state_CA,structured,0.031291,0.004309,56
1,Structured,Logistic,addr_state_CO,structured,0.018017,0.002481,67
1,Structured,Logistic,addr_state_CT,structured,0.079941,0.011008,30
1,Structured,Logistic,addr_state_DC,structured,0.436078,0.060051,2
1,Structured,Logistic,addr_state_DE,structured,0.013955,0.001922,70
1,Structured,Logistic,addr_state_FL,structured,0.039652,0.00546,52
1,Structured,Logistic,addr_state_GA,structured,0.007823,0.001077,75
1,Structured,Logistic,addr_state_HI,structured,0.029877,0.004114,57
1,Structured,Logistic,addr_state_IA,structured,0.055237,0.007606,47
1,Structured,Logistic,addr_state_ID,structured,0.0,0.0,79
1,Structured,Logistic,addr_state_IL,structured,0.091296,0.012572,25
1,Structured,Logistic,addr_state_IN,structured,0.0,0.0,80
1,Structured,Logistic,addr_state_KS,structured,0.0,0.0,81
1,Structured,Logistic,addr_state_KY,structured,0.075348,0.010376,32
1,Structured,Logistic,addr_state_LA,structured,0.043895,0.006045,50
1,Structured,Logistic,addr_state_MA,structured,0.116933,0.016102,20
1,Structured,Logistic,addr_state_MD,structured,0.072995,0.010052,35
1,Structured,Logistic,addr_state_MI,structured,0.087085,0.011992,28
1,Structured,Logistic,addr_state_MN,structured,0.024578,0.003385,60
1,Structured,Logistic,addr_state_MO,structured,0.02439,0.003359,61
1,Structured,Logistic,addr_state_MS,structured,0.0,0.0,82
1,Structured,Logistic,addr_state_MT,structured,0.225732,0.031085,8
1,Structured,Logistic,addr_state_NC,structured,0.0,0.0,83
1,Structured,Logistic,addr_state_NE,structured,0.0,0.0,84
1,Structured,Logistic,addr_state_NH,structured,0.055966,0.007707,46
1,Structured,Logistic,addr_state_NJ,structured,0.000342,4.7e-05,78
1,Structured,Logistic,addr_state_NM,structured,0.035799,0.00493,53
1,Structured,Logistic,addr_state_NV,structured,0.032659,0.004497,55
1,Structured,Logistic,addr_state_NY,structured,0.059767,0.00823,43
1,Structured,Logistic,addr_state_OH,structured,0.056139,0.007731,45
1,Structured,Logistic,addr_state_OK,structured,0.10124,0.013941,22
1,Structured,Logistic,addr_state_OR,structured,0.012903,0.001777,71
1,Structured,Logistic,addr_state_PA,structured,0.120525,0.016597,19
1,Structured,Logistic,addr_state_RI,structured,0.085777,0.011812,29
1,Structured,Logistic,addr_state_SC,structured,0.003617,0.000498,77
1,Structured,Logistic,addr_state_SD,structured,0.010875,0.001498,72
1,Structured,Logistic,addr_state_TN,structured,0.0,0.0,86
1,Structured,Logistic,addr_state_TX,structured,0.12835,0.017675,15
1,Structured,Logistic,addr_state_UT,structured,0.098331,0.013541,24
1,Structured,Logistic,addr_state_VA,structured,0.066741,0.009191,39
1,Structured,Logistic,addr_state_VT,structured,0.010794,0.001486,73
1,Structured,Logistic,addr_state_WA,structured,0.0237,0.003264,62
1,Structured,Logistic,addr_state_WI,structured,0.059558,0.008201,44
1,Structured,Logistic,addr_state_WV,structured,0.07468,0.010284,33
1,Structured,Logistic,addr_state_WY,structured,0.329462,0.045369,4
1,Structured,Logistic,purpose_credit_card,structured,0.034136,0.004701,54
1,Structured,Logistic,purpose_debt_consolidation,structured,0.101132,0.013927,23
1,Structured,Logistic,purpose_educational,structured,0.072013,0.009917,37
1,Structured,Logistic,purpose_home_improvement,structured,0.06365,0.008765,41
1,Structured,Logistic,purpose_house,structured,0.046078,0.006345,48
1,Structured,Logistic,purpose_major_purchase,structured,0.136433,0.018788,14
1,Structured,Logistic,purpose_medical,structured,0.064696,0.008909,40
1,Structured,Logistic,purpose_moving,structured,0.06294,0.008667,42
1,Structured,Logistic,purpose_other,structured,0.215987,0.029743,9
1,Structured,Logistic,purpose_renewable_energy,structured,0.074484,0.010257,34
1,Structured,Logistic,purpose_vacation,structured,0.116139,0.015993,21
1,Structured,Logistic,purpose_wedding,structured,0.044545,0.006134,49
1,Structured,Logistic,home_ownership_NONE,structured,0.0,0.0,85
1,Structured,Logistic,home_ownership_OTHER,structured,0.124981,0.017211,17
1,Structured,Logistic,home_ownership_OWN,structured,0.023523,0.003239,63
1,Structured,Logistic,home_ownership_RENT,structured,0.020163,0.002777,64
1,Structured,Logistic,verification_status_Source Verified,structured,0.026764,0.003686,59
1,Structured,Logistic,verification_status_Verified,structured,0.018607,0.002562,65
1,Structured,Logistic,grade_ord,structured,0.041633,0.005733,51
1,Structured,Logistic,sub_grade_ord,structured,0.141315,0.01946,13
1,Structured,XGBoost,acc_now_delinq,structured,0.0,0.0,126
1,Structured,XGBoost,acc_open_past_24mths,structured,0.0,0.0,125
1,Structured,XGBoost,annual_inc,structured,21.264263,0.018107,5
1,Structured,XGBoost,avg_cur_bal,structured,0.0,0.0,124
1,Structured,XGBoost,bc_open_to_buy,structured,0.0,0.0,123
1,Structured,XGBoost,bc_util,structured,0.0,0.0,121
1,Structured,XGBoost,chargeoff_within_12_mths,structured,0.0,0.0,122
1,Structured,XGBoost,collections_12_mths_ex_med,structured,0.0,0.0,120
1,Structured,XGBoost,delinq_2yrs,structured,12.077965,0.010285,57
1,Structured,XGBoost,delinq_amnt,structured,0.0,0.0,119
1,Structured,XGBoost,dti,structured,16.71139,0.01423,26
1,Structured,XGBoost,emp_length,structured,16.791918,0.014299,24
1,Structured,XGBoost,inq_last_6mths,structured,20.356747,0.017335,8
1,Structured,XGBoost,int_rate,structured,43.441212,0.036992,2
1,Structured,XGBoost,loan_amnt,structured,16.095781,0.013706,30
1,Structured,XGBoost,mo_sin_old_il_acct,structured,0.0,0.0,118
1,Structured,XGBoost,mo_sin_old_rev_tl_op,structured,0.0,0.0,111
1,Structured,XGBoost,mo_sin_rcnt_rev_tl_op,structured,0.0,0.0,112
1,Structured,XGBoost,mo_sin_rcnt_tl,structured,0.0,0.0,113
1,Structured,XGBoost,mort_acc,structured,0.0,0.0,114
1,Structured,XGBoost,mths_since_last_delinq,structured,16.327274,0.013903,28
1,Structured,XGBoost,mths_since_last_major_derog,structured,0.0,0.0,115
1,Structured,XGBoost,mths_since_last_record,structured,18.52239,0.015773,13
1,Structured,XGBoost,mths_since_recent_bc,structured,0.0,0.0,116
1,Structured,XGBoost,mths_since_recent_bc_dlq,structured,0.0,0.0,104
1,Structured,XGBoost,mths_since_recent_inq,structured,0.0,0.0,117
1,Structured,XGBoost,mths_since_recent_revol_delinq,structured,0.0,0.0,108
1,Structured,XGBoost,num_accts_ever_120_pd,structured,0.0,0.0,107
1,Structured,XGBoost,num_actv_bc_tl,structured,0.0,0.0,110
1,Structured,XGBoost,num_actv_rev_tl,structured,0.0,0.0,109
1,Structured,XGBoost,num_bc_sats,structured,0.0,0.0,106
1,Structured,XGBoost,num_bc_tl,structured,0.0,0.0,105
1,Structured,XGBoost,num_il_tl,structured,0.0,0.0,95
1,Structured,XGBoost,num_op_rev_tl,structured,0.0,0.0,96
1,Structured,XGBoost,num_rev_accts,structured,0.0,0.0,97
1,Structured,XGBoost,num_tl_120dpd_2m,structured,0.0,0.0,98
1,Structured,XGBoost,num_tl_30dpd,structured,0.0,0.0,99
1,Structured,XGBoost,num_tl_90g_dpd_24m,structured,0.0,0.0,100
1,Structured,XGBoost,num_tl_op_past_12m,structured,0.0,0.0,101
1,Structured,XGBoost,open_acc,structured,14.706867,0.012524,41
1,Structured,XGBoost,pct_tl_nvr_dlq,structured,0.0,0.0,102
1,Structured,XGBoost,percent_bc_gt_75,structured,0.0,0.0,93
1,Structured,XGBoost,pub_rec,structured,11.632114,0.009905,59
1,Structured,XGBoost,pub_rec_bankruptcies,structured,18.757509,0.015973,10
1,Structured,XGBoost,revol_bal,structured,17.602354,0.014989,19
1,Structured,XGBoost,revol_util,structured,17.133781,0.01459,22
1,Structured,XGBoost,tax_liens,structured,0.0,0.0,103
1,Structured,XGBoost,term,structured,31.105848,0.026488,3
1,Structured,XGBoost,tot_coll_amt,structured,0.0,0.0,87
1,Structured,XGBoost,tot_cur_bal,structured,0.0,0.0,88
1,Structured,XGBoost,total_acc,structured,17.987513,0.015317,16
1,Structured,XGBoost,total_bal_ex_mort,structured,0.0,0.0,89
1,Structured,XGBoost,total_bc_limit,structured,0.0,0.0,90
1,Structured,XGBoost,total_il_high_credit_limit,structured,0.0,0.0,92
1,Structured,XGBoost,total_rev_hi_lim,structured,0.0,0.0,91
1,Structured,XGBoost,fico_midpoint,structured,17.128805,0.014586,23
1,Structured,XGBoost,credit_history_months,structured,17.775391,0.015137,18
1,Structured,XGBoost,initial_list_status_w,structured,0.0,0.0,94
1,Structured,XGBoost,addr_state_AL,structured,12.576035,0.010709,54
1,Structured,XGBoost,addr_state_AR,structured,12.479083,0.010626,55
1,Structured,XGBoost,addr_state_AZ,structured,17.482262,0.014887,21
1,Structured,XGBoost,addr_state_CA,structured,15.461758,0.013166,35
1,Structured,XGBoost,addr_state_CO,structured,15.203708,0.012947,39
1,Structured,XGBoost,addr_state_CT,structured,11.047049,0.009407,62
1,Structured,XGBoost,addr_state_DC,structured,13.39854,0.011409,49
1,Structured,XGBoost,addr_state_DE,structured,24.773575,0.021096,4
1,Structured,XGBoost,addr_state_FL,structured,16.767189,0.014278,25
1,Structured,XGBoost,addr_state_GA,structured,16.597969,0.014134,27
1,Structured,XGBoost,addr_state_HI,structured,10.137447,0.008632,65
1,Structured,XGBoost,addr_state_IA,structured,0.0,0.0,80
1,Structured,XGBoost,addr_state_ID,structured,0.0,0.0,79
1,Structured,XGBoost,addr_state_IL,structured,21.066919,0.017939,7
1,Structured,XGBoost,addr_state_IN,structured,0.0,0.0,82
1,Structured,XGBoost,addr_state_KS,structured,0.0,0.0,81
1,Structured,XGBoost,addr_state_KY,structured,9.056768,0.007712,71
1,Structured,XGBoost,addr_state_LA,structured,10.128102,0.008625,66
1,Structured,XGBoost,addr_state_MA,structured,14.605176,0.012437,42
1,Structured,XGBoost,addr_state_MD,structured,14.810487,0.012612,40
1,Structured,XGBoost,addr_state_MI,structured,13.851806,0.011795,48
1,Structured,XGBoost,addr_state_MN,structured,12.747581,0.010855,51
1,Structured,XGBoost,addr_state_MO,structured,15.282899,0.013014,37
1,Structured,XGBoost,addr_state_MS,structured,0.0,0.0,86
1,Structured,XGBoost,addr_state_MT,structured,0.0,0.0,85
1,Structured,XGBoost,addr_state_NC,structured,0.0,0.0,84
1,Structured,XGBoost,addr_state_NE,structured,0.0,0.0,83
1,Structured,XGBoost,addr_state_NH,structured,9.893695,0.008425,67
1,Structured,XGBoost,addr_state_NJ,structured,15.763327,0.013423,32
1,Structured,XGBoost,addr_state_NM,structured,16.008928,0.013632,31
1,Structured,XGBoost,addr_state_NV,structured,11.044851,0.009405,63
1,Structured,XGBoost,addr_state_NY,structured,12.647573,0.01077,53
1,Structured,XGBoost,addr_state_OH,structured,16.307281,0.013886,29
1,Structured,XGBoost,addr_state_OK,structured,11.582428,0.009863,60
1,Structured,XGBoost,addr_state_OR,structured,18.11908,0.015429,14
1,Structured,XGBoost,addr_state_PA,structured,21.221693,0.018071,6
1,Structured,XGBoost,addr_state_RI,structured,14.036301,0.011953,46
1,Structured,XGBoost,addr_state_SC,structured,11.670096,0.009938,58
1,Structured,XGBoost,addr_state_SD,structured,0.0,0.0,78
1,Structured,XGBoost,addr_state_TN,structured,0.0,0.0,77
1,Structured,XGBoost,addr_state_TX,structured,18.012558,0.015338,15
1,Structured,XGBoost,addr_state_UT,structured,14.276389,0.012157,44
1,Structured,XGBoost,addr_state_VA,structured,15.326334,0.013051,36
1,Structured,XGBoost,addr_state_VT,structured,0.0,0.0,76
1,Structured,XGBoost,addr_state_WA,structured,17.569839,0.014961,20
1,Structured,XGBoost,addr_state_WI,structured,17.816746,0.015172,17
1,Structured,XGBoost,addr_state_WV,structured,10.960464,0.009333,64
1,Structured,XGBoost,addr_state_WY,structured,9.273134,0.007896,70
1,Structured,XGBoost,purpose_credit_card,structured,19.344463,0.016473,9
1,Structured,XGBoost,purpose_debt_consolidation,structured,15.655731,0.013332,34
1,Structured,XGBoost,purpose_educational,structured,9.713064,0.008271,68
1,Structured,XGBoost,purpose_home_improvement,structured,9.034737,0.007693,72
1,Structured,XGBoost,purpose_house,structured,14.193138,0.012086,45
1,Structured,XGBoost,purpose_major_purchase,structured,12.233881,0.010418,56
1,Structured,XGBoost,purpose_medical,structured,11.304708,0.009626,61
1,Structured,XGBoost,purpose_moving,structured,13.86127,0.011803,47
1,Structured,XGBoost,purpose_other,structured,18.687691,0.015913,11
1,Structured,XGBoost,purpose_renewable_energy,structured,9.695354,0.008256,69
1,Structured,XGBoost,purpose_vacation,structured,18.590734,0.015831,12
1,Structured,XGBoost,purpose_wedding,structured,15.66527,0.01334,33
1,Structured,XGBoost,home_ownership_NONE,structured,0.0,0.0,75
1,Structured,XGBoost,home_ownership_OTHER,structured,7.904352,0.006731,74
1,Structured,XGBoost,home_ownership_OWN,structured,12.649846,0.010772,52
1,Structured,XGBoost,home_ownership_RENT,structured,15.276575,0.013009,38
1,Structured,XGBoost,verification_status_Source Verified,structured,12.868489,0.010958,50
1,Structured,XGBoost,verification_status_Verified,structured,8.301783,0.007069,73
1,Structured,XGBoost,grade_ord,structured,14.464081,0.012317,43
1,Structured,XGBoost,sub_grade_ord,structured,50.468323,0.042976,1
1,Structured,RandomForest,acc_now_delinq,structured,0.0,0.0,126
1,Structured,RandomForest,acc_open_past_24mths,structured,0.0,0.0,125
1,Structured,RandomForest,annual_inc,structured,0.075883,0.075883,3
1,Structured,RandomForest,avg_cur_bal,structured,0.0,0.0,124
1,Structured,RandomForest,bc_open_to_buy,structured,0.0,0.0,123
1,Structured,RandomForest,bc_util,structured,0.0,0.0,121
1,Structured,RandomForest,chargeoff_within_12_mths,structured,0.0,0.0,122
1,Structured,RandomForest,collections_12_mths_ex_med,structured,0.0,0.0,120
1,Structured,RandomForest,delinq_2yrs,structured,0.002527,0.002527,29
1,Structured,RandomForest,delinq_amnt,structured,0.0,0.0,119
1,Structured,RandomForest,dti,structured,0.052586,0.052586,8
1,Structured,RandomForest,emp_length,structured,0.029444,0.029444,14
1,Structured,RandomForest,inq_last_6mths,structured,0.028418,0.028418,15
1,Structured,RandomForest,int_rate,structured,0.12125,0.12125,1
1,Structured,RandomForest,loan_amnt,structured,0.043943,0.043943,12
1,Structured,RandomForest,mo_sin_old_il_acct,structured,0.0,0.0,118
1,Structured,RandomForest,mo_sin_old_rev_tl_op,structured,0.0,0.0,111
1,Structured,RandomForest,mo_sin_rcnt_rev_tl_op,structured,0.0,0.0,112
1,Structured,RandomForest,mo_sin_rcnt_tl,structured,0.0,0.0,113
1,Structured,RandomForest,mort_acc,structured,0.0,0.0,114
1,Structured,RandomForest,mths_since_last_delinq,structured,0.022966,0.022966,16
1,Structured,RandomForest,mths_since_last_major_derog,structured,0.0,0.0,115
1,Structured,RandomForest,mths_since_last_record,structured,0.00951,0.00951,17
1,Structured,RandomForest,mths_since_recent_bc,structured,0.0,0.0,116
1,Structured,RandomForest,mths_since_recent_bc_dlq,structured,0.0,0.0,104
1,Structured,RandomForest,mths_since_recent_inq,structured,0.0,0.0,117
1,Structured,RandomForest,mths_since_recent_revol_delinq,structured,0.0,0.0,108
1,Structured,RandomForest,num_accts_ever_120_pd,structured,0.0,0.0,107
1,Structured,RandomForest,num_actv_bc_tl,structured,0.0,0.0,110
1,Structured,RandomForest,num_actv_rev_tl,structured,0.0,0.0,109
1,Structured,RandomForest,num_bc_sats,structured,0.0,0.0,106
1,Structured,RandomForest,num_bc_tl,structured,0.0,0.0,105
1,Structured,RandomForest,num_il_tl,structured,0.0,0.0,95
1,Structured,RandomForest,num_op_rev_tl,structured,0.0,0.0,96
1,Structured,RandomForest,num_rev_accts,structured,0.0,0.0,97
1,Structured,RandomForest,num_tl_120dpd_2m,structured,0.0,0.0,98
1,Structured,RandomForest,num_tl_30dpd,structured,0.0,0.0,99
1,Structured,RandomForest,num_tl_90g_dpd_24m,structured,0.0,0.0,100
1,Structured,RandomForest,num_tl_op_past_12m,structured,0.0,0.0,101
1,Structured,RandomForest,open_acc,structured,0.03315,0.03315,13
1,Structured,RandomForest,pct_tl_nvr_dlq,structured,0.0,0.0,102
1,Structured,RandomForest,percent_bc_gt_75,structured,0.0,0.0,93
1,Structured,RandomForest,pub_rec,structured,0.00715,0.00715,21
1,Structured,RandomForest,pub_rec_bankruptcies,structured,0.004077,0.004077,25
1,Structured,RandomForest,revol_bal,structured,0.054216,0.054216,7
1,Structured,RandomForest,revol_util,structured,0.065573,0.065573,6
1,Structured,RandomForest,tax_liens,structured,0.0,0.0,103
1,Structured,RandomForest,term,structured,0.044207,0.044207,11
1,Structured,RandomForest,tot_coll_amt,structured,0.0,0.0,87
1,Structured,RandomForest,tot_cur_bal,structured,0.0,0.0,88
1,Structured,RandomForest,total_acc,structured,0.046348,0.046348,10
1,Structured,RandomForest,total_bal_ex_mort,structured,0.0,0.0,89
1,Structured,RandomForest,total_bc_limit,structured,0.0,0.0,90
1,Structured,RandomForest,total_il_high_credit_limit,structured,0.0,0.0,92
1,Structured,RandomForest,total_rev_hi_lim,structured,0.0,0.0,91
1,Structured,RandomForest,fico_midpoint,structured,0.070379,0.070379,4
1,Structured,RandomForest,credit_history_months,structured,0.050494,0.050494,9
1,Structured,RandomForest,initial_list_status_w,structured,0.0,0.0,94
1,Structured,RandomForest,addr_state_AL,structured,0.000148,0.000148,55
1,Structured,RandomForest,addr_state_AR,structured,7.6e-05,7.6e-05,61
1,Structured,RandomForest,addr_state_AZ,structured,0.000232,0.000232,50
1,Structured,RandomForest,addr_state_CA,structured,0.005088,0.005088,24
1,Structured,RandomForest,addr_state_CO,structured,0.000738,0.000738,42
1,Structured,RandomForest,addr_state_CT,structured,0.000286,0.000286,49
1,Structured,RandomForest,addr_state_DC,structured,0.000502,0.000502,46
1,Structured,RandomForest,addr_state_DE,structured,0.0,0.0,68
1,Structured,RandomForest,addr_state_FL,structured,0.002596,0.002596,28
1,Structured,RandomForest,addr_state_GA,structured,0.001865,0.001865,34
1,Structured,RandomForest,addr_state_HI,structured,0.0,0.0,82
1,Structured,RandomForest,addr_state_IA,structured,0.0,0.0,69
1,Structured,RandomForest,addr_state_ID,structured,0.0,0.0,70
1,Structured,RandomForest,addr_state_IL,structured,0.002178,0.002178,32
1,Structured,RandomForest,addr_state_IN,structured,0.0,0.0,84
1,Structured,RandomForest,addr_state_KS,structured,0.0,0.0,83
1,Structured,RandomForest,addr_state_KY,structured,4.6e-05,4.6e-05,62
1,Structured,RandomForest,addr_state_LA,structured,3.9e-05,3.9e-05,65
1,Structured,RandomForest,addr_state_MA,structured,0.001581,0.001581,37
1,Structured,RandomForest,addr_state_MD,structured,0.000457,0.000457,47
1,Structured,RandomForest,addr_state_MI,structured,0.000442,0.000442,48
1,Structured,RandomForest,addr_state_MN,structured,0.000146,0.000146,57
1,Structured,RandomForest,addr_state_MO,structured,0.000649,0.000649,43
1,Structured,RandomForest,addr_state_MS,structured,0.0,0.0,86
1,Structured,RandomForest,addr_state_MT,structured,0.0,0.0,85
1,Structured,RandomForest,addr_state_NC,structured,0.0,0.0,72
1,Structured,RandomForest,addr_state_NE,structured,0.0,0.0,71
1,Structured,RandomForest,addr_state_NH,structured,0.0,0.0,73
1,Structured,RandomForest,addr_state_NJ,structured,0.001988,0.001988,33
1,Structured,RandomForest,addr_state_NM,structured,1.8e-05,1.8e-05,67
1,Structured,RandomForest,addr_state_NV,structured,0.000153,0.000153,54
1,Structured,RandomForest,addr_state_NY,structured,0.002923,0.002923,27
1,Structured,RandomForest,addr_state_OH,structured,0.000534,0.000534,44
1,Structured,RandomForest,addr_state_OK,structured,0.000146,0.000146,56
1,Structured,RandomForest,addr_state_OR,structured,0.000102,0.000102,60
1,Structured,RandomForest,addr_state_PA,structured,0.002494,0.002494,30
1,Structured,RandomForest,addr_state_RI,structured,4.3e-05,4.3e-05,64
1,Structured,RandomForest,addr_state_SC,structured,0.000102,0.000102,59
1,Structured,RandomForest,addr_state_SD,structured,0.0,0.0,78
1,Structured,RandomForest,addr_state_TN,structured,0.0,0.0,77
1,Structured,RandomForest,addr_state_TX,structured,0.002327,0.002327,31
1,Structured,RandomForest,addr_state_UT,structured,4.5e-05,4.5e-05,63
1,Structured,RandomForest,addr_state_VA,structured,0.001176,0.001176,39
1,Structured,RandomForest,addr_state_VT,structured,0.0,0.0,76
1,Structured,RandomForest,addr_state_WA,structured,0.000829,0.000829,40
1,Structured,RandomForest,addr_state_WI,structured,0.000521,0.000521,45
1,Structured,RandomForest,addr_state_WV,structured,0.0,0.0,75
1,Structured,RandomForest,addr_state_WY,structured,0.0,0.0,74
1,Structured,RandomForest,purpose_credit_card,structured,0.008586,0.008586,18
1,Structured,RandomForest,purpose_debt_consolidation,structured,0.008029,0.008029,20
1,Structured,RandomForest,purpose_educational,structured,0.000163,0.000163,53
1,Structured,RandomForest,purpose_home_improvement,structured,0.001392,0.001392,38
1,Structured,RandomForest,purpose_house,structured,3.1e-05,3.1e-05,66
1,Structured,RandomForest,purpose_major_purchase,structured,0.001823,0.001823,36
1,Structured,RandomForest,purpose_medical,structured,0.000219,0.000219,51
1,Structured,RandomForest,purpose_moving,structured,0.000202,0.000202,52
1,Structured,RandomForest,purpose_other,structured,0.005699,0.005699,23
1,Structured,RandomForest,purpose_renewable_energy,structured,0.0,0.0,79
1,Structured,RandomForest,purpose_vacation,structured,0.000132,0.000132,58
1,Structured,RandomForest,purpose_wedding,structured,0.000789,0.000789,41
1,Structured,RandomForest,home_ownership_NONE,structured,0.0,0.0,81
1,Structured,RandomForest,home_ownership_OTHER,structured,0.0,0.0,80
1,Structured,RandomForest,home_ownership_OWN,structured,0.001865,0.001865,35
1,Structured,RandomForest,home_ownership_RENT,structured,0.0081,0.0081,19
1,Structured,RandomForest,verification_status_Source Verified,structured,0.004031,0.004031,26
1,Structured,RandomForest,verification_status_Verified,structured,0.005949,0.005949,22
1,Structured,RandomForest,grade_ord,structured,0.069402,0.069402,5
1,Structured,RandomForest,sub_grade_ord,structured,0.090996,0.090996,2
1,Structured+Lexicon,Logistic,acc_now_delinq,structured,0.0,0.0,133
1,Structured+Lexicon,Logistic,acc_open_past_24mths,structured,0.0,0.0,132
1,Structured+Lexicon,Logistic,annual_inc,structured,0.315665,0.042509,5
1,Structured+Lexicon,Logistic,avg_cur_bal,structured,0.0,0.0,131
1,Structured+Lexicon,Logistic,bc_open_to_buy,structured,0.0,0.0,130
1,Structured+Lexicon,Logistic,bc_util,structured,0.0,0.0,128
1,Structured+Lexicon,Logistic,chargeoff_within_12_mths,structured,0.0,0.0,129
1,Structured+Lexicon,Logistic,collections_12_mths_ex_med,structured,0.0,0.0,127
1,Structured+Lexicon,Logistic,delinq_2yrs,structured,0.029987,0.004038,61
1,Structured+Lexicon,Logistic,delinq_amnt,structured,0.0,0.0,126
1,Structured+Lexicon,Logistic,dti,structured,0.015794,0.002127,76
1,Structured+Lexicon,Logistic,emp_length,structured,0.016768,0.002258,73
1,Structured+Lexicon,Logistic,inq_last_6mths,structured,0.21145,0.028475,10
1,Structured+Lexicon,Logistic,int_rate,structured,0.514136,0.069236,1
1,Structured+Lexicon,Logistic,loan_amnt,structured,0.081841,0.011021,29
1,Structured+Lexicon,Logistic,mo_sin_old_il_acct,structured,0.0,0.0,125
1,Structured+Lexicon,Logistic,mo_sin_old_rev_tl_op,structured,0.0,0.0,118
1,Structured+Lexicon,Logistic,mo_sin_rcnt_rev_tl_op,structured,0.0,0.0,119
1,Structured+Lexicon,Logistic,mo_sin_rcnt_tl,structured,0.0,0.0,120
1,Structured+Lexicon,Logistic,mort_acc,structured,0.0,0.0,121
1,Structured+Lexicon,Logistic,mths_since_last_delinq,structured,0.071406,0.009616,35
1,Structured+Lexicon,Logistic,mths_since_last_major_derog,structured,0.0,0.0,122
1,Structured+Lexicon,Logistic,mths_since_last_record,structured,0.381311,0.051349,3
1,Structured+Lexicon,Logistic,mths_since_recent_bc,structured,0.0,0.0,123
1,Structured+Lexicon,Logistic,mths_since_recent_bc_dlq,structured,0.0,0.0,111
1,Structured+Lexicon,Logistic,mths_since_recent_inq,structured,0.0,0.0,124
1,Structured+Lexicon,Logistic,mths_since_recent_revol_delinq,structured,0.0,0.0,115
1,Structured+Lexicon,Logistic,num_accts_ever_120_pd,structured,0.0,0.0,114
1,Structured+Lexicon,Logistic,num_actv_bc_tl,structured,0.0,0.0,117
1,Structured+Lexicon,Logistic,num_actv_rev_tl,structured,0.0,0.0,116
1,Structured+Lexicon,Logistic,num_bc_sats,structured,0.0,0.0,113
1,Structured+Lexicon,Logistic,num_bc_tl,structured,0.0,0.0,112
1,Structured+Lexicon,Logistic,num_il_tl,structured,0.0,0.0,102
1,Structured+Lexicon,Logistic,num_op_rev_tl,structured,0.0,0.0,103
1,Structured+Lexicon,Logistic,num_rev_accts,structured,0.0,0.0,104
1,Structured+Lexicon,Logistic,num_tl_120dpd_2m,structured,0.0,0.0,105
1,Structured+Lexicon,Logistic,num_tl_30dpd,structured,0.0,0.0,106
1,Structured+Lexicon,Logistic,num_tl_90g_dpd_24m,structured,0.0,0.0,107
1,Structured+Lexicon,Logistic,num_tl_op_past_12m,structured,0.0,0.0,108
1,Structured+Lexicon,Logistic,open_acc,structured,0.017258,0.002324,72
1,Structured+Lexicon,Logistic,pct_tl_nvr_dlq,structured,0.0,0.0,109
1,Structured+Lexicon,Logistic,percent_bc_gt_75,structured,0.0,0.0,100
1,Structured+Lexicon,Logistic,pub_rec,structured,0.253999,0.034205,6
1,Structured+Lexicon,Logistic,pub_rec_bankruptcies,structured,0.004413,0.000594,84
1,Structured+Lexicon,Logistic,revol_bal,structured,0.125061,0.016841,16
1,Structured+Lexicon,Logistic,revol_util,structured,0.134573,0.018122,14
1,Structured+Lexicon,Logistic,tax_liens,structured,0.0,0.0,110
1,Structured+Lexicon,Logistic,term,structured,0.253227,0.034101,7
1,Structured+Lexicon,Logistic,tot_coll_amt,structured,0.0,0.0,94
1,Structured+Lexicon,Logistic,tot_cur_bal,structured,0.0,0.0,95
1,Structured+Lexicon,Logistic,total_acc,structured,0.018264,0.00246,71
1,Structured+Lexicon,Logistic,total_bal_ex_mort,structured,0.0,0.0,96
1,Structured+Lexicon,Logistic,total_bc_limit,structured,0.0,0.0,97
1,Structured+Lexicon,Logistic,total_il_high_credit_limit,structured,0.0,0.0,99
1,Structured+Lexicon,Logistic,total_rev_hi_lim,structured,0.0,0.0,98
1,Structured+Lexicon,Logistic,fico_midpoint,structured,0.154242,0.020771,11
1,Structured+Lexicon,Logistic,credit_history_months,structured,0.136756,0.018416,13
1,Structured+Lexicon,Logistic,initial_list_status_w,structured,0.0,0.0,101
1,Structured+Lexicon,Logistic,addr_state_AL,structured,0.080504,0.010841,31
1,Structured+Lexicon,Logistic,addr_state_AR,structured,0.085677,0.011538,26
1,Structured+Lexicon,Logistic,addr_state_AZ,structured,0.069611,0.009374,37
1,Structured+Lexicon,Logistic,addr_state_CA,structured,0.01029,0.001386,78
1,Structured+Lexicon,Logistic,addr_state_CO,structured,0.028608,0.003852,62
1,Structured+Lexicon,Logistic,addr_state_CT,structured,0.073495,0.009897,33
1,Structured+Lexicon,Logistic,addr_state_DC,structured,0.435296,0.058619,2
1,Structured+Lexicon,Logistic,addr_state_DE,structured,0.015908,0.002142,75
1,Structured+Lexicon,Logistic,addr_state_FL,structured,0.026339,0.003547,64
1,Structured+Lexicon,Logistic,addr_state_GA,structured,0.023068,0.003106,67
1,Structured+Lexicon,Logistic,addr_state_HI,structured,0.028023,0.003774,63
1,Structured+Lexicon,Logistic,addr_state_IA,structured,0.055434,0.007465,45
1,Structured+Lexicon,Logistic,addr_state_ID,structured,0.0,0.0,86
1,Structured+Lexicon,Logistic,addr_state_IL,structured,0.082348,0.011089,28
1,Structured+Lexicon,Logistic,addr_state_IN,structured,0.0,0.0,87
1,Structured+Lexicon,Logistic,addr_state_KS,structured,0.0,0.0,88
1,Structured+Lexicon,Logistic,addr_state_KY,structured,0.068463,0.00922,38
1,Structured+Lexicon,Logistic,addr_state_LA,structured,0.037753,0.005084,58
1,Structured+Lexicon,Logistic,addr_state_MA,structured,0.103966,0.014001,22
1,Structured+Lexicon,Logistic,addr_state_MD,structured,0.065224,0.008783,39
1,Structured+Lexicon,Logistic,addr_state_MI,structured,0.081528,0.010979,30
1,Structured+Lexicon,Logistic,addr_state_MN,structured,0.013414,0.001806,77
1,Structured+Lexicon,Logistic,addr_state_MO,structured,0.035238,0.004745,59
1,Structured+Lexicon,Logistic,addr_state_MS,structured,0.0,0.0,89
1,Structured+Lexicon,Logistic,addr_state_MT,structured,0.223314,0.030072,8
1,Structured+Lexicon,Logistic,addr_state_NC,structured,0.0,0.0,90
1,Structured+Lexicon,Logistic,addr_state_NE,structured,0.0,0.0,91
1,Structured+Lexicon,Logistic,addr_state_NH,structured,0.053433,0.007195,48
1,Structured+Lexicon,Logistic,addr_state_NJ,structured,0.010121,0.001363,79
1,Structured+Lexicon,Logistic,addr_state_NM,structured,0.040361,0.005435,55
1,Structured+Lexicon,Logistic,addr_state_NV,structured,0.039304,0.005293,57
1,Structured+Lexicon,Logistic,addr_state_NY,structured,0.044745,0.006026,53
1,Structured+Lexicon,Logistic,addr_state_OH,structured,0.046027,0.006198,52
1,Structured+Lexicon,Logistic,addr_state_OK,structured,0.094758,0.012761,23
1,Structured+Lexicon,Logistic,addr_state_OR,structured,0.019428,0.002616,68
1,Structured+Lexicon,Logistic,addr_state_PA,structured,0.107263,0.014445,21
1,Structured+Lexicon,Logistic,addr_state_RI,structured,0.082551,0.011117,27
1,Structured+Lexicon,Logistic,addr_state_SC,structured,0.002884,0.000388,85
1,Structured+Lexicon,Logistic,addr_state_SD,structured,0.007945,0.00107,81
1,Structured+Lexicon,Logistic,addr_state_TN,structured,0.0,0.0,93
1,Structured+Lexicon,Logistic,addr_state_TX,structured,0.115555,0.015561,20
1,Structured+Lexicon,Logistic,addr_state_UT,structured,0.09044,0.012179,24
1,Structured+Lexicon,Logistic,addr_state_VA,structured,0.053512,0.007206,47
1,Structured+Lexicon,Logistic,addr_state_VT,structured,0.006422,0.000865,83
1,Structured+Lexicon,Logistic,addr_state_WA,structured,0.033008,0.004445,60
1,Structured+Lexicon,Logistic,addr_state_WI,structured,0.062855,0.008464,43
1,Structured+Lexicon,Logistic,addr_state_WV,structured,0.07203,0.0097,34
1,Structured+Lexicon,Logistic,addr_state_WY,structured,0.325772,0.04387,4
1,Structured+Lexicon,Logistic,purpose_credit_card,structured,0.016193,0.002181,74
1,Structured+Lexicon,Logistic,purpose_debt_consolidation,structured,0.122265,0.016465,18
1,Structured+Lexicon,Logistic,purpose_educational,structured,0.070586,0.009505,36
1,Structured+Lexicon,Logistic,purpose_home_improvement,structured,0.063715,0.00858,42
1,Structured+Lexicon,Logistic,purpose_house,structured,0.047222,0.006359,50
1,Structured+Lexicon,Logistic,purpose_major_purchase,structured,0.139603,0.0188,12
1,Structured+Lexicon,Logistic,purpose_medical,structured,0.053161,0.007159,49
1,Structured+Lexicon,Logistic,purpose_moving,structured,0.064217,0.008648,41
1,Structured+Lexicon,Logistic,purpose_other,structured,0.215878,0.029071,9
1,Structured+Lexicon,Logistic,purpose_renewable_energy,structured,0.07536,0.010148,32
1,Structured+Lexicon,Logistic,purpose_vacation,structured,0.11767,0.015846,19
1,Structured+Lexicon,Logistic,purpose_wedding,structured,0.044624,0.006009,54
1,Structured+Lexicon,Logistic,home_ownership_NONE,structured,0.0,0.0,92
1,Structured+Lexicon,Logistic,home_ownership_OTHER,structured,0.123953,0.016692,17
1,Structured+Lexicon,Logistic,home_ownership_OWN,structured,0.024295,0.003272,66
1,Structured+Lexicon,Logistic,home_ownership_RENT,structured,0.018587,0.002503,69
1,Structured+Lexicon,Logistic,verification_status_Source Verified,structured,0.024645,0.003319,65
1,Structured+Lexicon,Logistic,verification_status_Verified,structured,0.018343,0.00247,70
1,Structured+Lexicon,Logistic,grade_ord,structured,0.046244,0.006227,51
1,Structured+Lexicon,Logistic,sub_grade_ord,structured,0.129008,0.017373,15
1,Structured+Lexicon,Logistic,risk_word_count,lexicon,0.059653,0.008033,44
1,Structured+Lexicon,Logistic,risk_word_density,lexicon,0.039525,0.005323,56
1,Structured+Lexicon,Logistic,risk_word_flag,lexicon,0.009938,0.001338,80
1,Structured+Lexicon,Logistic,distress_debt_pressure_count,lexicon,0.086587,0.01166,25
1,Structured+Lexicon,Logistic,distress_liquidity_shortage_count,lexicon,0.006695,0.000902,82
1,Structured+Lexicon,Logistic,distress_medical_life_shock_count,lexicon,0.06475,0.00872,40
1,Structured+Lexicon,Logistic,distress_refinancing_burden_count,lexicon,0.05507,0.007416,46
1,Structured+Lexicon,XGBoost,acc_now_delinq,structured,0.0,0.0,133
1,Structured+Lexicon,XGBoost,acc_open_past_24mths,structured,0.0,0.0,132
1,Structured+Lexicon,XGBoost,annual_inc,structured,21.759876,0.016637,7
1,Structured+Lexicon,XGBoost,avg_cur_bal,structured,0.0,0.0,131
1,Structured+Lexicon,XGBoost,bc_open_to_buy,structured,0.0,0.0,130
1,Structured+Lexicon,XGBoost,bc_util,structured,0.0,0.0,128
1,Structured+Lexicon,XGBoost,chargeoff_within_12_mths,structured,0.0,0.0,129
1,Structured+Lexicon,XGBoost,collections_12_mths_ex_med,structured,0.0,0.0,127
1,Structured+Lexicon,XGBoost,delinq_2yrs,structured,14.524276,0.011105,47
1,Structured+Lexicon,XGBoost,delinq_amnt,structured,0.0,0.0,126
1,Structured+Lexicon,XGBoost,dti,structured,17.039545,0.013028,29
1,Structured+Lexicon,XGBoost,emp_length,structured,18.525362,0.014164,18
1,Structured+Lexicon,XGBoost,inq_last_6mths,structured,23.219805,0.017753,5
1,Structured+Lexicon,XGBoost,int_rate,structured,46.95121,0.035897,2
1,Structured+Lexicon,XGBoost,loan_amnt,structured,17.287046,0.013217,26
1,Structured+Lexicon,XGBoost,mo_sin_old_il_acct,structured,0.0,0.0,125
1,Structured+Lexicon,XGBoost,mo_sin_old_rev_tl_op,structured,0.0,0.0,118
1,Structured+Lexicon,XGBoost,mo_sin_rcnt_rev_tl_op,structured,0.0,0.0,119
1,Structured+Lexicon,XGBoost,mo_sin_rcnt_tl,structured,0.0,0.0,120
1,Structured+Lexicon,XGBoost,mort_acc,structured,0.0,0.0,121
1,Structured+Lexicon,XGBoost,mths_since_last_delinq,structured,16.16227,0.012357,34
1,Structured+Lexicon,XGBoost,mths_since_last_major_derog,structured,0.0,0.0,122
1,Structured+Lexicon,XGBoost,mths_since_last_record,structured,20.080244,0.015353,13
1,Structured+Lexicon,XGBoost,mths_since_recent_bc,structured,0.0,0.0,123
1,Structured+Lexicon,XGBoost,mths_since_recent_bc_dlq,structured,0.0,0.0,111
1,Structured+Lexicon,XGBoost,mths_since_recent_inq,structured,0.0,0.0,124
1,Structured+Lexicon,XGBoost,mths_since_recent_revol_delinq,structured,0.0,0.0,115
1,Structured+Lexicon,XGBoost,num_accts_ever_120_pd,structured,0.0,0.0,114
1,Structured+Lexicon,XGBoost,num_actv_bc_tl,structured,0.0,0.0,117
1,Structured+Lexicon,XGBoost,num_actv_rev_tl,structured,0.0,0.0,116
1,Structured+Lexicon,XGBoost,num_bc_sats,structured,0.0,0.0,113
1,Structured+Lexicon,XGBoost,num_bc_tl,structured,0.0,0.0,112
1,Structured+Lexicon,XGBoost,num_il_tl,structured,0.0,0.0,102
1,Structured+Lexicon,XGBoost,num_op_rev_tl,structured,0.0,0.0,103
1,Structured+Lexicon,XGBoost,num_rev_accts,structured,0.0,0.0,104
1,Structured+Lexicon,XGBoost,num_tl_120dpd_2m,structured,0.0,0.0,105
1,Structured+Lexicon,XGBoost,num_tl_30dpd,structured,0.0,0.0,106
1,Structured+Lexicon,XGBoost,num_tl_90g_dpd_24m,structured,0.0,0.0,107
1,Structured+Lexicon,XGBoost,num_tl_op_past_12m,structured,0.0,0.0,108
1,Structured+Lexicon,XGBoost,open_acc,structured,15.406604,0.011779,39
1,Structured+Lexicon,XGBoost,pct_tl_nvr_dlq,structured,0.0,0.0,109
1,Structured+Lexicon,XGBoost,percent_bc_gt_75,structured,0.0,0.0,100
1,Structured+Lexicon,XGBoost,pub_rec,structured,8.480238,0.006484,78
1,Structured+Lexicon,XGBoost,pub_rec_bankruptcies,structured,20.90873,0.015986,11
1,Structured+Lexicon,XGBoost,revol_bal,structured,18.105373,0.013843,20
1,Structured+Lexicon,XGBoost,revol_util,structured,17.757196,0.013576,23
1,Structured+Lexicon,XGBoost,tax_liens,structured,0.0,0.0,110
1,Structured+Lexicon,XGBoost,term,structured,37.129158,0.028387,3
1,Structured+Lexicon,XGBoost,tot_coll_amt,structured,0.0,0.0,94
1,Structured+Lexicon,XGBoost,tot_cur_bal,structured,0.0,0.0,95
1,Structured+Lexicon,XGBoost,total_acc,structured,17.601404,0.013457,24
1,Structured+Lexicon,XGBoost,total_bal_ex_mort,structured,0.0,0.0,96
1,Structured+Lexicon,XGBoost,total_bc_limit,structured,0.0,0.0,97
1,Structured+Lexicon,XGBoost,total_il_high_credit_limit,structured,0.0,0.0,99
1,Structured+Lexicon,XGBoost,total_rev_hi_lim,structured,0.0,0.0,98
1,Structured+Lexicon,XGBoost,fico_midpoint,structured,17.083885,0.013062,28
1,Structured+Lexicon,XGBoost,credit_history_months,structured,18.284449,0.01398,19
1,Structured+Lexicon,XGBoost,initial_list_status_w,structured,0.0,0.0,101
1,Structured+Lexicon,XGBoost,addr_state_AL,structured,13.136905,0.010044,58
1,Structured+Lexicon,XGBoost,addr_state_AR,structured,11.947301,0.009134,66
1,Structured+Lexicon,XGBoost,addr_state_AZ,structured,17.766253,0.013583,22
1,Structured+Lexicon,XGBoost,addr_state_CA,structured,19.127846,0.014624,14
1,Structured+Lexicon,XGBoost,addr_state_CO,structured,16.973034,0.012977,30
1,Structured+Lexicon,XGBoost,addr_state_CT,structured,12.626408,0.009654,62
1,Structured+Lexicon,XGBoost,addr_state_DC,structured,13.166191,0.010066,57
1,Structured+Lexicon,XGBoost,addr_state_DE,structured,17.862829,0.013657,21
1,Structured+Lexicon,XGBoost,addr_state_FL,structured,14.24192,0.010889,49
1,Structured+Lexicon,XGBoost,addr_state_GA,structured,16.890989,0.012914,32
1,Structured+Lexicon,XGBoost,addr_state_HI,structured,9.400521,0.007187,74
1,Structured+Lexicon,XGBoost,addr_state_IA,structured,0.0,0.0,87
1,Structured+Lexicon,XGBoost,addr_state_ID,structured,0.0,0.0,86
1,Structured+Lexicon,XGBoost,addr_state_IL,structured,22.744797,0.01739,6
1,Structured+Lexicon,XGBoost,addr_state_IN,structured,0.0,0.0,89
1,Structured+Lexicon,XGBoost,addr_state_KS,structured,0.0,0.0,88
1,Structured+Lexicon,XGBoost,addr_state_KY,structured,0.0,0.0,90
1,Structured+Lexicon,XGBoost,addr_state_LA,structured,10.806883,0.008263,71
1,Structured+Lexicon,XGBoost,addr_state_MA,structured,16.861698,0.012892,33
1,Structured+Lexicon,XGBoost,addr_state_MD,structured,17.440577,0.013334,25
1,Structured+Lexicon,XGBoost,addr_state_MI,structured,13.807145,0.010556,51
1,Structured+Lexicon,XGBoost,addr_state_MN,structured,12.2481,0.009364,65
1,Structured+Lexicon,XGBoost,addr_state_MO,structured,13.797042,0.010549,52
1,Structured+Lexicon,XGBoost,addr_state_MS,structured,0.0,0.0,93
1,Structured+Lexicon,XGBoost,addr_state_MT,structured,0.0,0.0,92
1,Structured+Lexicon,XGBoost,addr_state_NC,structured,0.0,0.0,91
1,Structured+Lexicon,XGBoost,addr_state_NE,structured,0.0,0.0,80
1,Structured+Lexicon,XGBoost,addr_state_NH,structured,9.28604,0.0071,75
1,Structured+Lexicon,XGBoost,addr_state_NJ,structured,18.600969,0.014222,17
1,Structured+Lexicon,XGBoost,addr_state_NM,structured,14.73247,0.011264,44
1,Structured+Lexicon,XGBoost,addr_state_NV,structured,13.509836,0.010329,55
1,Structured+Lexicon,XGBoost,addr_state_NY,structured,10.990959,0.008403,69
1,Structured+Lexicon,XGBoost,addr_state_OH,structured,17.232004,0.013175,27
1,Structured+Lexicon,XGBoost,addr_state_OK,structured,10.963035,0.008382,70
1,Structured+Lexicon,XGBoost,addr_state_OR,structured,14.60745,0.011168,46
1,Structured+Lexicon,XGBoost,addr_state_PA,structured,21.444954,0.016396,9
1,Structured+Lexicon,XGBoost,addr_state_RI,structured,14.170632,0.010834,50
1,Structured+Lexicon,XGBoost,addr_state_SC,structured,11.386758,0.008706,68
1,Structured+Lexicon,XGBoost,addr_state_SD,structured,0.0,0.0,83
1,Structured+Lexicon,XGBoost,addr_state_TN,structured,0.0,0.0,84
1,Structured+Lexicon,XGBoost,addr_state_TX,structured,15.421393,0.011791,38
1,Structured+Lexicon,XGBoost,addr_state_UT,structured,13.180626,0.010077,56
1,Structured+Lexicon,XGBoost,addr_state_VA,structured,15.648337,0.011964,36
1,Structured+Lexicon,XGBoost,addr_state_VT,structured,0.0,0.0,81
1,Structured+Lexicon,XGBoost,addr_state_WA,structured,16.950426,0.01296,31
1,Structured+Lexicon,XGBoost,addr_state_WI,structured,18.744768,0.014331,15
1,Structured+Lexicon,XGBoost,addr_state_WV,structured,10.243061,0.007831,72
1,Structured+Lexicon,XGBoost,addr_state_WY,structured,9.207658,0.00704,76
1,Structured+Lexicon,XGBoost,purpose_credit_card,structured,20.961666,0.016026,10
1,Structured+Lexicon,XGBoost,purpose_debt_consolidation,structured,18.671797,0.014276,16
1,Structured+Lexicon,XGBoost,purpose_educational,structured,15.20825,0.011628,40
1,Structured+Lexicon,XGBoost,purpose_home_improvement,structured,15.017173,0.011482,43
1,Structured+Lexicon,XGBoost,purpose_house,structured,0.0,0.0,82
1,Structured+Lexicon,XGBoost,purpose_major_purchase,structured,12.661756,0.009681,61
1,Structured+Lexicon,XGBoost,purpose_medical,structured,11.899436,0.009098,67
1,Structured+Lexicon,XGBoost,purpose_moving,structured,12.869044,0.009839,59
1,Structured+Lexicon,XGBoost,purpose_other,structured,21.540634,0.016469,8
1,Structured+Lexicon,XGBoost,purpose_renewable_energy,structured,10.073555,0.007702,73
1,Structured+Lexicon,XGBoost,purpose_vacation,structured,15.603924,0.01193,37
1,Structured+Lexicon,XGBoost,purpose_wedding,structured,14.315079,0.010945,48
1,Structured+Lexicon,XGBoost,home_ownership_NONE,structured,0.0,0.0,85
1,Structured+Lexicon,XGBoost,home_ownership_OTHER,structured,8.634967,0.006602,77
1,Structured+Lexicon,XGBoost,home_ownership_OWN,structured,15.943486,0.01219,35
1,Structured+Lexicon,XGBoost,home_ownership_RENT,structured,15.161407,0.011592,41
1,Structured+Lexicon,XGBoost,verification_status_Source Verified,structured,12.729215,0.009732,60
1,Structured+Lexicon,XGBoost,verification_status_Verified,structured,12.473596,0.009537,64
1,Structured+Lexicon,XGBoost,grade_ord,structured,32.203167,0.024621,4
1,Structured+Lexicon,XGBoost,sub_grade_ord,structured,58.147968,0.044458,1
1,Structured+Lexicon,XGBoost,risk_word_count,lexicon,13.75914,0.01052,54
1,Structured+Lexicon,XGBoost,risk_word_density,lexicon,15.14872,0.011582,42
1,Structured+Lexicon,XGBoost,risk_word_flag,lexicon,0.0,0.0,79
1,Structured+Lexicon,XGBoost,distress_debt_pressure_count,lexicon,20.489571,0.015666,12
1,Structured+Lexicon,XGBoost,distress_liquidity_shortage_count,lexicon,14.653619,0.011204,45
1,Structured+Lexicon,XGBoost,distress_medical_life_shock_count,lexicon,13.785367,0.01054,53
1,Structured+Lexicon,XGBoost,distress_refinancing_burden_count,lexicon,12.515208,0.009569,63
1,Structured+Lexicon,RandomForest,acc_now_delinq,structured,0.0,0.0,133
1,Structured+Lexicon,RandomForest,acc_open_past_24mths,structured,0.0,0.0,132
1,Structured+Lexicon,RandomForest,annual_inc,structured,0.06993,0.06993,3
1,Structured+Lexicon,RandomForest,avg_cur_bal,structured,0.0,0.0,131
1,Structured+Lexicon,RandomForest,bc_open_to_buy,structured,0.0,0.0,130
1,Structured+Lexicon,RandomForest,bc_util,structured,0.0,0.0,128
1,Structured+Lexicon,RandomForest,chargeoff_within_12_mths,structured,0.0,0.0,129
1,Structured+Lexicon,RandomForest,collections_12_mths_ex_med,structured,0.0,0.0,127
1,Structured+Lexicon,RandomForest,delinq_2yrs,structured,0.002168,0.002168,34
1,Structured+Lexicon,RandomForest,delinq_amnt,structured,0.0,0.0,126
1,Structured+Lexicon,RandomForest,dti,structured,0.047621,0.047621,8
1,Structured+Lexicon,RandomForest,emp_length,structured,0.026984,0.026984,15
1,Structured+Lexicon,RandomForest,inq_last_6mths,structured,0.024891,0.024891,16
1,Structured+Lexicon,RandomForest,int_rate,structured,0.100919,0.100919,1
1,Structured+Lexicon,RandomForest,loan_amnt,structured,0.040534,0.040534,11
1,Structured+Lexicon,RandomForest,mo_sin_old_il_acct,structured,0.0,0.0,125
1,Structured+Lexicon,RandomForest,mo_sin_old_rev_tl_op,structured,0.0,0.0,118
1,Structured+Lexicon,RandomForest,mo_sin_rcnt_rev_tl_op,structured,0.0,0.0,119
1,Structured+Lexicon,RandomForest,mo_sin_rcnt_tl,structured,0.0,0.0,120
1,Structured+Lexicon,RandomForest,mort_acc,structured,0.0,0.0,121
1,Structured+Lexicon,RandomForest,mths_since_last_delinq,structured,0.020921,0.020921,17
1,Structured+Lexicon,RandomForest,mths_since_last_major_derog,structured,0.0,0.0,122
1,Structured+Lexicon,RandomForest,mths_since_last_record,structured,0.007691,0.007691,21
1,Structured+Lexicon,RandomForest,mths_since_recent_bc,structured,0.0,0.0,123
1,Structured+Lexicon,RandomForest,mths_since_recent_bc_dlq,structured,0.0,0.0,111
1,Structured+Lexicon,RandomForest,mths_since_recent_inq,structured,0.0,0.0,124
1,Structured+Lexicon,RandomForest,mths_since_recent_revol_delinq,structured,0.0,0.0,115
1,Structured+Lexicon,RandomForest,num_accts_ever_120_pd,structured,0.0,0.0,114
1,Structured+Lexicon,RandomForest,num_actv_bc_tl,structured,0.0,0.0,117
1,Structured+Lexicon,RandomForest,num_actv_rev_tl,structured,0.0,0.0,116
1,Structured+Lexicon,RandomForest,num_bc_sats,structured,0.0,0.0,113
1,Structured+Lexicon,RandomForest,num_bc_tl,structured,0.0,0.0,112
1,Structured+Lexicon,RandomForest,num_il_tl,structured,0.0,0.0,102
1,Structured+Lexicon,RandomForest,num_op_rev_tl,structured,0.0,0.0,103
1,Structured+Lexicon,RandomForest,num_rev_accts,structured,0.0,0.0,104
1,Structured+Lexicon,RandomForest,num_tl_120dpd_2m,structured,0.0,0.0,105
1,Structured+Lexicon,RandomForest,num_tl_30dpd,structured,0.0,0.0,106
1,Structured+Lexicon,RandomForest,num_tl_90g_dpd_24m,structured,0.0,0.0,107
1,Structured+Lexicon,RandomForest,num_tl_op_past_12m,structured,0.0,0.0,108
1,Structured+Lexicon,RandomForest,open_acc,structured,0.030646,0.030646,13
1,Structured+Lexicon,RandomForest,pct_tl_nvr_dlq,structured,0.0,0.0,109
1,Structured+Lexicon,RandomForest,percent_bc_gt_75,structured,0.0,0.0,100
1,Structured+Lexicon,RandomForest,pub_rec,structured,0.006724,0.006724,25
1,Structured+Lexicon,RandomForest,pub_rec_bankruptcies,structured,0.004104,0.004104,31
1,Structured+Lexicon,RandomForest,revol_bal,structured,0.047828,0.047828,7
1,Structured+Lexicon,RandomForest,revol_util,structured,0.059805,0.059805,6
1,Structured+Lexicon,RandomForest,tax_liens,structured,0.0,0.0,110
1,Structured+Lexicon,RandomForest,term,structured,0.038315,0.038315,12
1,Structured+Lexicon,RandomForest,tot_coll_amt,structured,0.0,0.0,94
1,Structured+Lexicon,RandomForest,tot_cur_bal,structured,0.0,0.0,95
1,Structured+Lexicon,RandomForest,total_acc,structured,0.041978,0.041978,10
1,Structured+Lexicon,RandomForest,total_bal_ex_mort,structured,0.0,0.0,96
1,Structured+Lexicon,RandomForest,total_bc_limit,structured,0.0,0.0,97
1,Structured+Lexicon,RandomForest,total_il_high_credit_limit,structured,0.0,0.0,99
1,Structured+Lexicon,RandomForest,total_rev_hi_lim,structured,0.0,0.0,98
1,Structured+Lexicon,RandomForest,fico_midpoint,structured,0.064337,0.064337,4
1,Structured+Lexicon,RandomForest,credit_history_months,structured,0.04669,0.04669,9
1,Structured+Lexicon,RandomForest,initial_list_status_w,structured,0.0,0.0,101
1,Structured+Lexicon,RandomForest,addr_state_AL,structured,0.000168,0.000168,60
1,Structured+Lexicon,RandomForest,addr_state_AR,structured,5.7e-05,5.7e-05,66
1,Structured+Lexicon,RandomForest,addr_state_AZ,structured,0.000309,0.000309,53
1,Structured+Lexicon,RandomForest,addr_state_CA,structured,0.004465,0.004465,30
1,Structured+Lexicon,RandomForest,addr_state_CO,structured,0.000387,0.000387,50
1,Structured+Lexicon,RandomForest,addr_state_CT,structured,0.000215,0.000215,58
1,Structured+Lexicon,RandomForest,addr_state_DC,structured,0.000341,0.000341,52
1,Structured+Lexicon,RandomForest,addr_state_DE,structured,0.0,0.0,75
1,Structured+Lexicon,RandomForest,addr_state_FL,structured,0.001847,0.001847,36
1,Structured+Lexicon,RandomForest,addr_state_GA,structured,0.0013,0.0013,43
1,Structured+Lexicon,RandomForest,addr_state_HI,structured,0.0,0.0,89
1,Structured+Lexicon,RandomForest,addr_state_IA,structured,0.0,0.0,76
1,Structured+Lexicon,RandomForest,addr_state_ID,structured,0.0,0.0,77
1,Structured+Lexicon,RandomForest,addr_state_IL,structured,0.001468,0.001468,40
1,Structured+Lexicon,RandomForest,addr_state_IN,structured,0.0,0.0,91
1,Structured+Lexicon,RandomForest,addr_state_KS,structured,0.0,0.0,90
1,Structured+Lexicon,RandomForest,addr_state_KY,structured,1.1e-05,1.1e-05,74
1,Structured+Lexicon,RandomForest,addr_state_LA,structured,5e-05,5e-05,68
1,Structured+Lexicon,RandomForest,addr_state_MA,structured,0.001192,0.001192,44
1,Structured+Lexicon,RandomForest,addr_state_MD,structured,0.000274,0.000274,54
1,Structured+Lexicon,RandomForest,addr_state_MI,structured,0.000361,0.000361,51
1,Structured+Lexicon,RandomForest,addr_state_MN,structured,0.000107,0.000107,64
1,Structured+Lexicon,RandomForest,addr_state_MO,structured,0.000389,0.000389,49
1,Structured+Lexicon,RandomForest,addr_state_MS,structured,0.0,0.0,93
1,Structured+Lexicon,RandomForest,addr_state_MT,structured,0.0,0.0,92
1,Structured+Lexicon,RandomForest,addr_state_NC,structured,0.0,0.0,79
1,Structured+Lexicon,RandomForest,addr_state_NE,structured,0.0,0.0,78
1,Structured+Lexicon,RandomForest,addr_state_NH,structured,0.0,0.0,80
1,Structured+Lexicon,RandomForest,addr_state_NJ,structured,0.001599,0.001599,39
1,Structured+Lexicon,RandomForest,addr_state_NM,structured,1.6e-05,1.6e-05,73
1,Structured+Lexicon,RandomForest,addr_state_NV,structured,9.3e-05,9.3e-05,65
1,Structured+Lexicon,RandomForest,addr_state_NY,structured,0.002831,0.002831,33
1,Structured+Lexicon,RandomForest,addr_state_OH,structured,0.000261,0.000261,55
1,Structured+Lexicon,RandomForest,addr_state_OK,structured,4.1e-05,4.1e-05,69
1,Structured+Lexicon,RandomForest,addr_state_OR,structured,0.000114,0.000114,63
1,Structured+Lexicon,RandomForest,addr_state_PA,structured,0.00187,0.00187,35
1,Structured+Lexicon,RandomForest,addr_state_RI,structured,2.5e-05,2.5e-05,72
1,Structured+Lexicon,RandomForest,addr_state_SC,structured,3.2e-05,3.2e-05,71
1,Structured+Lexicon,RandomForest,addr_state_SD,structured,0.0,0.0,85
1,Structured+Lexicon,RandomForest,addr_state_TN,structured,0.0,0.0,84
1,Structured+Lexicon,RandomForest,addr_state_TX,structured,0.001835,0.001835,37
1,Structured+Lexicon,RandomForest,addr_state_UT,structured,5.4e-05,5.4e-05,67
1,Structured+Lexicon,RandomForest,addr_state_VA,structured,0.000881,0.000881,45
1,Structured+Lexicon,RandomForest,addr_state_VT,structured,0.0,0.0,83
1,Structured+Lexicon,RandomForest,addr_state_WA,structured,0.000511,0.000511,48
1,Structured+Lexicon,RandomForest,addr_state_WI,structured,0.000241,0.000241,56
1,Structured+Lexicon,RandomForest,addr_state_WV,structured,0.0,0.0,82
1,Structured+Lexicon,RandomForest,addr_state_WY,structured,0.0,0.0,81
1,Structured+Lexicon,RandomForest,purpose_credit_card,structured,0.007312,0.007312,23
1,Structured+Lexicon,RandomForest,purpose_debt_consolidation,structured,0.006859,0.006859,24
1,Structured+Lexicon,RandomForest,purpose_educational,structured,0.000225,0.000225,57
1,Structured+Lexicon,RandomForest,purpose_home_improvement,structured,0.001441,0.001441,41
1,Structured+Lexicon,RandomForest,purpose_house,structured,3.9e-05,3.9e-05,70
1,Structured+Lexicon,RandomForest,purpose_major_purchase,structured,0.001635,0.001635,38
1,Structured+Lexicon,RandomForest,purpose_medical,structured,0.000131,0.000131,61
1,Structured+Lexicon,RandomForest,purpose_moving,structured,0.000124,0.000124,62
1,Structured+Lexicon,RandomForest,purpose_other,structured,0.005612,0.005612,27
1,Structured+Lexicon,RandomForest,purpose_renewable_energy,structured,0.0,0.0,86
1,Structured+Lexicon,RandomForest,purpose_vacation,structured,0.000184,0.000184,59
1,Structured+Lexicon,RandomForest,purpose_wedding,structured,0.000747,0.000747,46
1,Structured+Lexicon,RandomForest,home_ownership_NONE,structured,0.0,0.0,88
1,Structured+Lexicon,RandomForest,home_ownership_OTHER,structured,0.0,0.0,87
1,Structured+Lexicon,RandomForest,home_ownership_OWN,structured,0.001315,0.001315,42
1,Structured+Lexicon,RandomForest,home_ownership_RENT,structured,0.007735,0.007735,20
1,Structured+Lexicon,RandomForest,verification_status_Source Verified,structured,0.003345,0.003345,32
1,Structured+Lexicon,RandomForest,verification_status_Verified,structured,0.006196,0.006196,26
1,Structured+Lexicon,RandomForest,grade_ord,structured,0.060699,0.060699,5
1,Structured+Lexicon,RandomForest,sub_grade_ord,structured,0.10067,0.10067,2
1,Structured+Lexicon,RandomForest,risk_word_count,lexicon,0.020674,0.020674,18
1,Structured+Lexicon,RandomForest,risk_word_density,lexicon,0.030441,0.030441,14
1,Structured+Lexicon,RandomForest,risk_word_flag,lexicon,0.005512,0.005512,28
1,Structured+Lexicon,RandomForest,distress_debt_pressure_count,lexicon,0.020555,0.020555,19
1,Structured+Lexicon,RandomForest,distress_liquidity_shortage_count,lexicon,0.007515,0.007515,22
1,Structured+Lexicon,RandomForest,distress_medical_life_shock_count,lexicon,0.004914,0.004914,29
1,Structured+Lexicon,RandomForest,distress_refinancing_burden_count,lexicon,0.000682,0.000682,47
2,Structured,Logistic,acc_now_delinq,structured,0.0,0.0,126
2,Structured,Logistic,acc_open_past_24mths,structured,0.0,0.0,125
2,Structured,Logistic,annual_inc,structured,0.357067,0.047973,2
2,Structured,Logistic,avg_cur_bal,structured,0.0,0.0,124
2,Structured,Logistic,bc_open_to_buy,structured,0.0,0.0,123
2,Structured,Logistic,bc_util,structured,0.0,0.0,121
2,Structured,Logistic,chargeoff_within_12_mths,structured,0.0,0.0,122
2,Structured,Logistic,collections_12_mths_ex_med,structured,0.0,0.0,120
2,Structured,Logistic,delinq_2yrs,structured,0.03356,0.004509,57
2,Structured,Logistic,delinq_amnt,structured,0.0,0.0,119
2,Structured,Logistic,dti,structured,0.022805,0.003064,63
2,Structured,Logistic,emp_length,structured,0.023807,0.003199,62
2,Structured,Logistic,inq_last_6mths,structured,0.234127,0.031456,7
2,Structured,Logistic,int_rate,structured,0.511316,0.068697,1
2,Structured,Logistic,loan_amnt,structured,0.084808,0.011394,34
2,Structured,Logistic,mo_sin_old_il_acct,structured,0.0,0.0,118
2,Structured,Logistic,mo_sin_old_rev_tl_op,structured,0.0,0.0,111
2,Structured,Logistic,mo_sin_rcnt_rev_tl_op,structured,0.0,0.0,112
2,Structured,Logistic,mo_sin_rcnt_tl,structured,0.0,0.0,113
2,Structured,Logistic,mort_acc,structured,0.0,0.0,114
2,Structured,Logistic,mths_since_last_delinq,structured,0.013257,0.001781,72
2,Structured,Logistic,mths_since_last_major_derog,structured,0.0,0.0,115
2,Structured,Logistic,mths_since_last_record,structured,0.311586,0.041863,5
2,Structured,Logistic,mths_since_recent_bc,structured,0.0,0.0,116
2,Structured,Logistic,mths_since_recent_bc_dlq,structured,0.0,0.0,104
2,Structured,Logistic,mths_since_recent_inq,structured,0.0,0.0,117
2,Structured,Logistic,mths_since_recent_revol_delinq,structured,0.0,0.0,108
2,Structured,Logistic,num_accts_ever_120_pd,structured,0.0,0.0,107
2,Structured,Logistic,num_actv_bc_tl,structured,0.0,0.0,110
2,Structured,Logistic,num_actv_rev_tl,structured,0.0,0.0,109
2,Structured,Logistic,num_bc_sats,structured,0.0,0.0,106
2,Structured,Logistic,num_bc_tl,structured,0.0,0.0,105
2,Structured,Logistic,num_il_tl,structured,0.0,0.0,95
2,Structured,Logistic,num_op_rev_tl,structured,0.0,0.0,96
2,Structured,Logistic,num_rev_accts,structured,0.0,0.0,97
2,Structured,Logistic,num_tl_120dpd_2m,structured,0.0,0.0,98
2,Structured,Logistic,num_tl_30dpd,structured,0.0,0.0,99
2,Structured,Logistic,num_tl_90g_dpd_24m,structured,0.0,0.0,100
2,Structured,Logistic,num_tl_op_past_12m,structured,0.0,0.0,101
2,Structured,Logistic,open_acc,structured,0.021815,0.002931,64
2,Structured,Logistic,pct_tl_nvr_dlq,structured,0.0,0.0,102
2,Structured,Logistic,percent_bc_gt_75,structured,0.0,0.0,93
2,Structured,Logistic,pub_rec,structured,0.227059,0.030506,8
2,Structured,Logistic,pub_rec_bankruptcies,structured,0.021692,0.002914,65
2,Structured,Logistic,revol_bal,structured,0.096732,0.012996,30
2,Structured,Logistic,revol_util,structured,0.138431,0.018599,16
2,Structured,Logistic,tax_liens,structured,0.0,0.0,103
2,Structured,Logistic,term,structured,0.316505,0.042523,4
2,Structured,Logistic,tot_coll_amt,structured,0.0,0.0,87
2,Structured,Logistic,tot_cur_bal,structured,0.0,0.0,88
2,Structured,Logistic,total_acc,structured,0.045153,0.006066,49
2,Structured,Logistic,total_bal_ex_mort,structured,0.0,0.0,89
2,Structured,Logistic,total_bc_limit,structured,0.0,0.0,90
2,Structured,Logistic,total_il_high_credit_limit,structured,0.0,0.0,92
2,Structured,Logistic,total_rev_hi_lim,structured,0.0,0.0,91
2,Structured,Logistic,fico_midpoint,structured,0.175838,0.023624,12
2,Structured,Logistic,credit_history_months,structured,0.102547,0.013778,27
2,Structured,Logistic,initial_list_status_w,structured,0.0,0.0,94
2,Structured,Logistic,addr_state_AL,structured,0.094704,0.012724,31
2,Structured,Logistic,addr_state_AR,structured,0.074761,0.010044,38
2,Structured,Logistic,addr_state_AZ,structured,0.085095,0.011433,32
2,Structured,Logistic,addr_state_CA,structured,0.077293,0.010385,35
2,Structured,Logistic,addr_state_CO,structured,0.048673,0.006539,47
2,Structured,Logistic,addr_state_CT,structured,0.103487,0.013904,26
2,Structured,Logistic,addr_state_DC,structured,0.171719,0.023071,13
2,Structured,Logistic,addr_state_DE,structured,0.012113,0.001627,73
2,Structured,Logistic,addr_state_FL,structured,0.04429,0.005951,50
2,Structured,Logistic,addr_state_GA,structured,0.025473,0.003422,61
2,Structured,Logistic,addr_state_HI,structured,0.009761,0.001311,76
2,Structured,Logistic,addr_state_IA,structured,0.049229,0.006614,46
2,Structured,Logistic,addr_state_ID,structured,0.0,0.0,81
2,Structured,Logistic,addr_state_IL,structured,0.123262,0.016561,19
2,Structured,Logistic,addr_state_IN,structured,0.0,0.0,82
2,Structured,Logistic,addr_state_KS,structured,0.0021,0.000282,80
2,Structured,Logistic,addr_state_KY,structured,0.053387,0.007173,45
2,Structured,Logistic,addr_state_LA,structured,0.015488,0.002081,68
2,Structured,Logistic,addr_state_MA,structured,0.110352,0.014826,23
2,Structured,Logistic,addr_state_MD,structured,0.077073,0.010355,36
2,Structured,Logistic,addr_state_MI,structured,0.084836,0.011398,33
2,Structured,Logistic,addr_state_MN,structured,0.038734,0.005204,55
2,Structured,Logistic,addr_state_MO,structured,0.010267,0.001379,75
2,Structured,Logistic,addr_state_MS,structured,0.0,0.0,86
2,Structured,Logistic,addr_state_MT,structured,0.219213,0.029452,9
2,Structured,Logistic,addr_state_NC,structured,0.04423,0.005943,51
2,Structured,Logistic,addr_state_NE,structured,0.0,0.0,85
2,Structured,Logistic,addr_state_NH,structured,0.03923,0.005271,54
2,Structured,Logistic,addr_state_NJ,structured,0.013267,0.001783,71
2,Structured,Logistic,addr_state_NM,structured,0.011275,0.001515,74
2,Structured,Logistic,addr_state_NV,structured,0.016571,0.002226,67
2,Structured,Logistic,addr_state_NY,structured,0.134964,0.018133,17
2,Structured,Logistic,addr_state_OH,structured,0.099588,0.01338,29
2,Structured,Logistic,addr_state_OK,structured,0.116003,0.015585,20
2,Structured,Logistic,addr_state_OR,structured,0.013675,0.001837,70
2,Structured,Logistic,addr_state_PA,structured,0.157924,0.021218,14
2,Structured,Logistic,addr_state_RI,structured,0.064062,0.008607,42
2,Structured,Logistic,addr_state_SC,structured,0.0273,0.003668,60
2,Structured,Logistic,addr_state_SD,structured,0.005254,0.000706,78
2,Structured,Logistic,addr_state_TN,structured,0.0,0.0,84
2,Structured,Logistic,addr_state_TX,structured,0.146827,0.019727,15
2,Structured,Logistic,addr_state_UT,structured,0.055297,0.007429,43
2,Structured,Logistic,addr_state_VA,structured,0.106992,0.014375,24
2,Structured,Logistic,addr_state_VT,structured,0.043949,0.005905,52
2,Structured,Logistic,addr_state_WA,structured,0.002585,0.000347,79
2,Structured,Logistic,addr_state_WI,structured,0.014709,0.001976,69
2,Structured,Logistic,addr_state_WV,structured,0.064596,0.008679,41
2,Structured,Logistic,addr_state_WY,structured,0.318011,0.042726,3
2,Structured,Logistic,purpose_credit_card,structured,0.027534,0.003699,59
2,Structured,Logistic,purpose_debt_consolidation,structured,0.198538,0.026674,11
2,Structured,Logistic,purpose_educational,structured,0.076818,0.010321,37
2,Structured,Logistic,purpose_home_improvement,structured,0.101501,0.013637,28
2,Structured,Logistic,purpose_house,structured,0.04094,0.0055,53
2,Structured,Logistic,purpose_major_purchase,structured,0.129532,0.017403,18
2,Structured,Logistic,purpose_medical,structured,0.048673,0.006539,48
2,Structured,Logistic,purpose_moving,structured,0.066687,0.00896,40
2,Structured,Logistic,purpose_other,structured,0.200988,0.027003,10
2,Structured,Logistic,purpose_renewable_energy,structured,0.104186,0.013998,25
2,Structured,Logistic,purpose_vacation,structured,0.113837,0.015294,21
2,Structured,Logistic,purpose_wedding,structured,0.03103,0.004169,58
2,Structured,Logistic,home_ownership_NONE,structured,0.0,0.0,83
2,Structured,Logistic,home_ownership_OTHER,structured,0.110951,0.014907,22
2,Structured,Logistic,home_ownership_OWN,structured,0.054369,0.007305,44
2,Structured,Logistic,home_ownership_RENT,structured,0.008006,0.001076,77
2,Structured,Logistic,verification_status_Source Verified,structured,0.020249,0.002721,66
2,Structured,Logistic,verification_status_Verified,structured,0.035255,0.004737,56
2,Structured,Logistic,grade_ord,structured,0.070397,0.009458,39
2,Structured,Logistic,sub_grade_ord,structured,0.237856,0.031957,6
2,Structured,XGBoost,acc_now_delinq,structured,0.0,0.0,126
2,Structured,XGBoost,acc_open_past_24mths,structured,0.0,0.0,125
2,Structured,XGBoost,annual_inc,structured,24.684801,0.018554,6
2,Structured,XGBoost,avg_cur_bal,structured,0.0,0.0,124
2,Structured,XGBoost,bc_open_to_buy,structured,0.0,0.0,123
2,Structured,XGBoost,bc_util,structured,0.0,0.0,121
2,Structured,XGBoost,chargeoff_within_12_mths,structured,0.0,0.0,122
2,Structured,XGBoost,collections_12_mths_ex_med,structured,0.0,0.0,120
2,Structured,XGBoost,delinq_2yrs,structured,13.453233,0.010112,58
2,Structured,XGBoost,delinq_amnt,structured,0.0,0.0,119
2,Structured,XGBoost,dti,structured,15.876985,0.011934,43
2,Structured,XGBoost,emp_length,structured,19.505529,0.014661,16
2,Structured,XGBoost,inq_last_6mths,structured,26.940119,0.020249,5
2,Structured,XGBoost,int_rate,structured,40.909031,0.030749,4
2,Structured,XGBoost,loan_amnt,structured,18.055622,0.013571,21
2,Structured,XGBoost,mo_sin_old_il_acct,structured,0.0,0.0,118
2,Structured,XGBoost,mo_sin_old_rev_tl_op,structured,0.0,0.0,111
2,Structured,XGBoost,mo_sin_rcnt_rev_tl_op,structured,0.0,0.0,112
2,Structured,XGBoost,mo_sin_rcnt_tl,structured,0.0,0.0,113
2,Structured,XGBoost,mort_acc,structured,0.0,0.0,114
2,Structured,XGBoost,mths_since_last_delinq,structured,15.968889,0.012003,40
2,Structured,XGBoost,mths_since_last_major_derog,structured,0.0,0.0,115
2,Structured,XGBoost,mths_since_last_record,structured,19.497166,0.014655,17
2,Structured,XGBoost,mths_since_recent_bc,structured,0.0,0.0,116
2,Structured,XGBoost,mths_since_recent_bc_dlq,structured,0.0,0.0,104
2,Structured,XGBoost,mths_since_recent_inq,structured,0.0,0.0,117
2,Structured,XGBoost,mths_since_recent_revol_delinq,structured,0.0,0.0,108
2,Structured,XGBoost,num_accts_ever_120_pd,structured,0.0,0.0,107
2,Structured,XGBoost,num_actv_bc_tl,structured,0.0,0.0,110
2,Structured,XGBoost,num_actv_rev_tl,structured,0.0,0.0,109
2,Structured,XGBoost,num_bc_sats,structured,0.0,0.0,106
2,Structured,XGBoost,num_bc_tl,structured,0.0,0.0,105
2,Structured,XGBoost,num_il_tl,structured,0.0,0.0,95
2,Structured,XGBoost,num_op_rev_tl,structured,0.0,0.0,96
2,Structured,XGBoost,num_rev_accts,structured,0.0,0.0,97
2,Structured,XGBoost,num_tl_120dpd_2m,structured,0.0,0.0,98
2,Structured,XGBoost,num_tl_30dpd,structured,0.0,0.0,99
2,Structured,XGBoost,num_tl_90g_dpd_24m,structured,0.0,0.0,100
2,Structured,XGBoost,num_tl_op_past_12m,structured,0.0,0.0,101
2,Structured,XGBoost,open_acc,structured,15.596475,0.011723,46
2,Structured,XGBoost,pct_tl_nvr_dlq,structured,0.0,0.0,102
2,Structured,XGBoost,percent_bc_gt_75,structured,0.0,0.0,93
2,Structured,XGBoost,pub_rec,structured,13.234273,0.009947,59
2,Structured,XGBoost,pub_rec_bankruptcies,structured,24.598825,0.018489,7
2,Structured,XGBoost,revol_bal,structured,18.731319,0.014079,19
2,Structured,XGBoost,revol_util,structured,19.676905,0.01479,15
2,Structured,XGBoost,tax_liens,structured,0.0,0.0,103
2,Structured,XGBoost,term,structured,57.701687,0.04337,1
2,Structured,XGBoost,tot_coll_amt,structured,0.0,0.0,87
2,Structured,XGBoost,tot_cur_bal,structured,0.0,0.0,88
2,Structured,XGBoost,total_acc,structured,17.660917,0.013275,23
2,Structured,XGBoost,total_bal_ex_mort,structured,0.0,0.0,89
2,Structured,XGBoost,total_bc_limit,structured,0.0,0.0,90
2,Structured,XGBoost,total_il_high_credit_limit,structured,0.0,0.0,92
2,Structured,XGBoost,total_rev_hi_lim,structured,0.0,0.0,91
2,Structured,XGBoost,fico_midpoint,structured,19.710386,0.014815,13
2,Structured,XGBoost,credit_history_months,structured,19.795471,0.014879,11
2,Structured,XGBoost,initial_list_status_w,structured,0.0,0.0,94
2,Structured,XGBoost,addr_state_AL,structured,19.764633,0.014856,12
2,Structured,XGBoost,addr_state_AR,structured,12.556508,0.009438,63
2,Structured,XGBoost,addr_state_AZ,structured,14.724902,0.011068,52
2,Structured,XGBoost,addr_state_CA,structured,17.825003,0.013398,22
2,Structured,XGBoost,addr_state_CO,structured,13.019078,0.009786,61
2,Structured,XGBoost,addr_state_CT,structured,16.037508,0.012054,38
2,Structured,XGBoost,addr_state_DC,structured,15.945539,0.011985,41
2,Structured,XGBoost,addr_state_DE,structured,14.421925,0.01084,56
2,Structured,XGBoost,addr_state_FL,structured,16.447561,0.012363,34
2,Structured,XGBoost,addr_state_GA,structured,17.110149,0.012861,27
2,Structured,XGBoost,addr_state_HI,structured,9.657315,0.007259,72
2,Structured,XGBoost,addr_state_IA,structured,0.0,0.0,80
2,Structured,XGBoost,addr_state_ID,structured,0.0,0.0,79
2,Structured,XGBoost,addr_state_IL,structured,21.133217,0.015884,9
2,Structured,XGBoost,addr_state_IN,structured,0.0,0.0,82
2,Structured,XGBoost,addr_state_KS,structured,0.0,0.0,81
2,Structured,XGBoost,addr_state_KY,structured,14.624698,0.010992,55
2,Structured,XGBoost,addr_state_LA,structured,12.228349,0.009191,64
2,Structured,XGBoost,addr_state_MA,structured,16.718775,0.012566,33
2,Structured,XGBoost,addr_state_MD,structured,11.843313,0.008902,66
2,Structured,XGBoost,addr_state_MI,structured,16.266012,0.012226,37
2,Structured,XGBoost,addr_state_MN,structured,11.379011,0.008553,69
2,Structured,XGBoost,addr_state_MO,structured,16.832674,0.012652,32
2,Structured,XGBoost,addr_state_MS,structured,0.0,0.0,85
2,Structured,XGBoost,addr_state_MT,structured,6.742492,0.005068,74
2,Structured,XGBoost,addr_state_NC,structured,14.65018,0.011012,54
2,Structured,XGBoost,addr_state_NE,structured,0.0,0.0,83
2,Structured,XGBoost,addr_state_NH,structured,13.060832,0.009817,60
2,Structured,XGBoost,addr_state_NJ,structured,14.887593,0.01119,51
2,Structured,XGBoost,addr_state_NM,structured,12.77329,0.009601,62
2,Structured,XGBoost,addr_state_NV,structured,16.026997,0.012046,39
2,Structured,XGBoost,addr_state_NY,structured,14.708636,0.011055,53
2,Structured,XGBoost,addr_state_OH,structured,17.02548,0.012797,29
2,Structured,XGBoost,addr_state_OK,structured,15.089467,0.011342,50
2,Structured,XGBoost,addr_state_OR,structured,0.0,0.0,84
2,Structured,XGBoost,addr_state_PA,structured,16.394373,0.012323,35
2,Structured,XGBoost,addr_state_RI,structured,15.487762,0.011641,47
2,Structured,XGBoost,addr_state_SC,structured,11.808818,0.008876,67
2,Structured,XGBoost,addr_state_SD,structured,0.0,0.0,86
2,Structured,XGBoost,addr_state_TN,structured,0.0,0.0,77
2,Structured,XGBoost,addr_state_TX,structured,15.48774,0.011641,48
2,Structured,XGBoost,addr_state_UT,structured,10.21998,0.007682,70
2,Structured,XGBoost,addr_state_VA,structured,18.114635,0.013616,20
2,Structured,XGBoost,addr_state_VT,structured,0.0,0.0,76
2,Structured,XGBoost,addr_state_WA,structured,20.126293,0.015128,10
2,Structured,XGBoost,addr_state_WI,structured,15.604457,0.011729,45
2,Structured,XGBoost,addr_state_WV,structured,13.630839,0.010245,57
2,Structured,XGBoost,addr_state_WY,structured,11.419941,0.008584,68
2,Structured,XGBoost,purpose_credit_card,structured,19.695044,0.014803,14
2,Structured,XGBoost,purpose_debt_consolidation,structured,16.867582,0.012678,31
2,Structured,XGBoost,purpose_educational,structured,10.099247,0.007591,71
2,Structured,XGBoost,purpose_home_improvement,structured,17.347746,0.013039,24
2,Structured,XGBoost,purpose_house,structured,0.0,0.0,75
2,Structured,XGBoost,purpose_major_purchase,structured,17.02319,0.012795,30
2,Structured,XGBoost,purpose_medical,structured,11.963133,0.008992,65
2,Structured,XGBoost,purpose_moving,structured,15.88806,0.011942,42
2,Structured,XGBoost,purpose_other,structured,19.430532,0.014605,18
2,Structured,XGBoost,purpose_renewable_energy,structured,17.033022,0.012803,28
2,Structured,XGBoost,purpose_vacation,structured,21.367472,0.01606,8
2,Structured,XGBoost,purpose_wedding,structured,17.265841,0.012978,25
2,Structured,XGBoost,home_ownership_NONE,structured,0.0,0.0,78
2,Structured,XGBoost,home_ownership_OTHER,structured,7.592096,0.005706,73
2,Structured,XGBoost,home_ownership_OWN,structured,16.316549,0.012264,36
2,Structured,XGBoost,home_ownership_RENT,structured,17.155855,0.012895,26
2,Structured,XGBoost,verification_status_Source Verified,structured,15.72821,0.011822,44
2,Structured,XGBoost,verification_status_Verified,structured,15.441473,0.011606,49
2,Structured,XGBoost,grade_ord,structured,56.537945,0.042496,2
2,Structured,XGBoost,sub_grade_ord,structured,54.290791,0.040807,3
2,Structured,RandomForest,acc_now_delinq,structured,0.0,0.0,126
2,Structured,RandomForest,acc_open_past_24mths,structured,0.0,0.0,125
2,Structured,RandomForest,annual_inc,structured,0.081361,0.081361,3
2,Structured,RandomForest,avg_cur_bal,structured,0.0,0.0,124
2,Structured,RandomForest,bc_open_to_buy,structured,0.0,0.0,123
2,Structured,RandomForest,bc_util,structured,0.0,0.0,121
2,Structured,RandomForest,chargeoff_within_12_mths,structured,0.0,0.0,122
2,Structured,RandomForest,collections_12_mths_ex_med,structured,0.0,0.0,120
2,Structured,RandomForest,delinq_2yrs,structured,0.003044,0.003044,28
2,Structured,RandomForest,delinq_amnt,structured,0.0,0.0,119
2,Structured,RandomForest,dti,structured,0.048767,0.048767,10
2,Structured,RandomForest,emp_length,structured,0.029831,0.029831,15
2,Structured,RandomForest,inq_last_6mths,structured,0.031797,0.031797,13
2,Structured,RandomForest,int_rate,structured,0.115172,0.115172,1
2,Structured,RandomForest,loan_amnt,structured,0.041436,0.041436,12
2,Structured,RandomForest,mo_sin_old_il_acct,structured,0.0,0.0,118
2,Structured,RandomForest,mo_sin_old_rev_tl_op,structured,0.0,0.0,111
2,Structured,RandomForest,mo_sin_rcnt_rev_tl_op,structured,0.0,0.0,112
2,Structured,RandomForest,mo_sin_rcnt_tl,structured,0.0,0.0,113
2,Structured,RandomForest,mort_acc,structured,0.0,0.0,114
2,Structured,RandomForest,mths_since_last_delinq,structured,0.022754,0.022754,16
2,Structured,RandomForest,mths_since_last_major_derog,structured,0.0,0.0,115
2,Structured,RandomForest,mths_since_last_record,structured,0.008727,0.008727,17
2,Structured,RandomForest,mths_since_recent_bc,structured,0.0,0.0,116
2,Structured,RandomForest,mths_since_recent_bc_dlq,structured,0.0,0.0,104
2,Structured,RandomForest,mths_since_recent_inq,structured,0.0,0.0,117
2,Structured,RandomForest,mths_since_recent_revol_delinq,structured,0.0,0.0,108
2,Structured,RandomForest,num_accts_ever_120_pd,structured,0.0,0.0,107
2,Structured,RandomForest,num_actv_bc_tl,structured,0.0,0.0,110
2,Structured,RandomForest,num_actv_rev_tl,structured,0.0,0.0,109
2,Structured,RandomForest,num_bc_sats,structured,0.0,0.0,106
2,Structured,RandomForest,num_bc_tl,structured,0.0,0.0,105
2,Structured,RandomForest,num_il_tl,structured,0.0,0.0,95
2,Structured,RandomForest,num_op_rev_tl,structured,0.0,0.0,96
2,Structured,RandomForest,num_rev_accts,structured,0.0,0.0,97
2,Structured,RandomForest,num_tl_120dpd_2m,structured,0.0,0.0,98
2,Structured,RandomForest,num_tl_30dpd,structured,0.0,0.0,99
2,Structured,RandomForest,num_tl_90g_dpd_24m,structured,0.0,0.0,100
2,Structured,RandomForest,num_tl_op_past_12m,structured,0.0,0.0,101
2,Structured,RandomForest,open_acc,structured,0.030024,0.030024,14
2,Structured,RandomForest,pct_tl_nvr_dlq,structured,0.0,0.0,102
2,Structured,RandomForest,percent_bc_gt_75,structured,0.0,0.0,86
2,Structured,RandomForest,pub_rec,structured,0.005173,0.005173,22
2,Structured,RandomForest,pub_rec_bankruptcies,structured,0.004748,0.004748,25
2,Structured,RandomForest,revol_bal,structured,0.051657,0.051657,9
2,Structured,RandomForest,revol_util,structured,0.062237,0.062237,7
2,Structured,RandomForest,tax_liens,structured,0.0,0.0,103
2,Structured,RandomForest,term,structured,0.064589,0.064589,5
2,Structured,RandomForest,tot_coll_amt,structured,0.0,0.0,87
2,Structured,RandomForest,tot_cur_bal,structured,0.0,0.0,88
2,Structured,RandomForest,total_acc,structured,0.042969,0.042969,11
2,Structured,RandomForest,total_bal_ex_mort,structured,0.0,0.0,89
2,Structured,RandomForest,total_bc_limit,structured,0.0,0.0,90
2,Structured,RandomForest,total_il_high_credit_limit,structured,0.0,0.0,92
2,Structured,RandomForest,total_rev_hi_lim,structured,0.0,0.0,91
2,Structured,RandomForest,fico_midpoint,structured,0.063367,0.063367,6
2,Structured,RandomForest,credit_history_months,structured,0.052834,0.052834,8
2,Structured,RandomForest,initial_list_status_w,structured,0.0,0.0,93
2,Structured,RandomForest,addr_state_AL,structured,0.000293,0.000293,53
2,Structured,RandomForest,addr_state_AR,structured,0.0,0.0,94
2,Structured,RandomForest,addr_state_AZ,structured,0.000441,0.000441,49
2,Structured,RandomForest,addr_state_CA,structured,0.004841,0.004841,24
2,Structured,RandomForest,addr_state_CO,structured,0.000296,0.000296,52
2,Structured,RandomForest,addr_state_CT,structured,0.000462,0.000462,48
2,Structured,RandomForest,addr_state_DC,structured,0.000568,0.000568,46
2,Structured,RandomForest,addr_state_DE,structured,0.0,0.0,79
2,Structured,RandomForest,addr_state_FL,structured,0.002978,0.002978,30
2,Structured,RandomForest,addr_state_GA,structured,0.001489,0.001489,37
2,Structured,RandomForest,addr_state_HI,structured,2.2e-05,2.2e-05,67
2,Structured,RandomForest,addr_state_IA,structured,0.0,0.0,80
2,Structured,RandomForest,addr_state_ID,structured,0.0,0.0,81
2,Structured,RandomForest,addr_state_IL,structured,0.002987,0.002987,29
2,Structured,RandomForest,addr_state_IN,structured,0.0,0.0,82
2,Structured,RandomForest,addr_state_KS,structured,0.0,0.0,83
2,Structured,RandomForest,addr_state_KY,structured,2.1e-05,2.1e-05,68
2,Structured,RandomForest,addr_state_LA,structured,9e-05,9e-05,60
2,Structured,RandomForest,addr_state_MA,structured,0.001096,0.001096,39
2,Structured,RandomForest,addr_state_MD,structured,0.000489,0.000489,47
2,Structured,RandomForest,addr_state_MI,structured,0.000639,0.000639,44
2,Structured,RandomForest,addr_state_MN,structured,0.000113,0.000113,57
2,Structured,RandomForest,addr_state_MO,structured,0.000748,0.000748,41
2,Structured,RandomForest,addr_state_MS,structured,0.0,0.0,78
2,Structured,RandomForest,addr_state_MT,structured,0.0,0.0,85
2,Structured,RandomForest,addr_state_NC,structured,7.8e-05,7.8e-05,62
2,Structured,RandomForest,addr_state_NE,structured,0.0,0.0,84
2,Structured,RandomForest,addr_state_NH,structured,1.2e-05,1.2e-05,69
2,Structured,RandomForest,addr_state_NJ,structured,0.00235,0.00235,33
2,Structured,RandomForest,addr_state_NM,structured,1.1e-05,1.1e-05,70
2,Structured,RandomForest,addr_state_NV,structured,0.000163,0.000163,55
2,Structured,RandomForest,addr_state_NY,structured,0.003467,0.003467,27
2,Structured,RandomForest,addr_state_OH,structured,0.000677,0.000677,43
2,Structured,RandomForest,addr_state_OK,structured,9.9e-05,9.9e-05,58
2,Structured,RandomForest,addr_state_OR,structured,9.9e-05,9.9e-05,59
2,Structured,RandomForest,addr_state_PA,structured,0.002157,0.002157,34
2,Structured,RandomForest,addr_state_RI,structured,2.5e-05,2.5e-05,66
2,Structured,RandomForest,addr_state_SC,structured,8.7e-05,8.7e-05,61
2,Structured,RandomForest,addr_state_SD,structured,0.0,0.0,76
2,Structured,RandomForest,addr_state_TN,structured,0.0,0.0,75
2,Structured,RandomForest,addr_state_TX,structured,0.002543,0.002543,31
2,Structured,RandomForest,addr_state_UT,structured,3e-06,3e-06,71
2,Structured,RandomForest,addr_state_VA,structured,0.000932,0.000932,40
2,Structured,RandomForest,addr_state_VT,structured,0.0,0.0,72
2,Structured,RandomForest,addr_state_WA,structured,0.000698,0.000698,42
2,Structured,RandomForest,addr_state_WI,structured,0.00037,0.00037,51
2,Structured,RandomForest,addr_state_WV,structured,2.6e-05,2.6e-05,65
2,Structured,RandomForest,addr_state_WY,structured,0.0,0.0,73
2,Structured,RandomForest,purpose_credit_card,structured,0.007207,0.007207,20
2,Structured,RandomForest,purpose_debt_consolidation,structured,0.008559,0.008559,18
2,Structured,RandomForest,purpose_educational,structured,0.000137,0.000137,56
2,Structured,RandomForest,purpose_home_improvement,structured,0.001912,0.001912,35
2,Structured,RandomForest,purpose_house,structured,5.9e-05,5.9e-05,64
2,Structured,RandomForest,purpose_major_purchase,structured,0.001679,0.001679,36
2,Structured,RandomForest,purpose_medical,structured,0.000391,0.000391,50
2,Structured,RandomForest,purpose_moving,structured,0.000273,0.000273,54
2,Structured,RandomForest,purpose_other,structured,0.004213,0.004213,26
2,Structured,RandomForest,purpose_renewable_energy,structured,6.2e-05,6.2e-05,63
2,Structured,RandomForest,purpose_vacation,structured,0.000607,0.000607,45
2,Structured,RandomForest,purpose_wedding,structured,0.00125,0.00125,38
2,Structured,RandomForest,home_ownership_NONE,structured,0.0,0.0,77
2,Structured,RandomForest,home_ownership_OTHER,structured,0.0,0.0,74
2,Structured,RandomForest,home_ownership_OWN,structured,0.002528,0.002528,32
2,Structured,RandomForest,home_ownership_RENT,structured,0.007798,0.007798,19
2,Structured,RandomForest,verification_status_Source Verified,structured,0.004941,0.004941,23
2,Structured,RandomForest,verification_status_Verified,structured,0.006997,0.006997,21
2,Structured,RandomForest,grade_ord,structured,0.071117,0.071117,4
2,Structured,RandomForest,sub_grade_ord,structured,0.088417,0.088417,2
2,Structured+Lexicon,Logistic,acc_now_delinq,structured,0.0,0.0,133
2,Structured+Lexicon,Logistic,acc_open_past_24mths,structured,0.0,0.0,132
2,Structured+Lexicon,Logistic,annual_inc,structured,0.36102,0.047809,2
2,Structured+Lexicon,Logistic,avg_cur_bal,structured,0.0,0.0,131
2,Structured+Lexicon,Logistic,bc_open_to_buy,structured,0.0,0.0,130
2,Structured+Lexicon,Logistic,bc_util,structured,0.0,0.0,128
2,Structured+Lexicon,Logistic,chargeoff_within_12_mths,structured,0.0,0.0,129
2,Structured+Lexicon,Logistic,collections_12_mths_ex_med,structured,0.0,0.0,127
2,Structured+Lexicon,Logistic,delinq_2yrs,structured,0.035519,0.004704,59
2,Structured+Lexicon,Logistic,delinq_amnt,structured,0.0,0.0,126
2,Structured+Lexicon,Logistic,dti,structured,0.023044,0.003052,70
2,Structured+Lexicon,Logistic,emp_length,structured,0.023597,0.003125,67
2,Structured+Lexicon,Logistic,inq_last_6mths,structured,0.231723,0.030686,6
2,Structured+Lexicon,Logistic,int_rate,structured,0.496358,0.065731,1
2,Structured+Lexicon,Logistic,loan_amnt,structured,0.098729,0.013074,25
2,Structured+Lexicon,Logistic,mo_sin_old_il_acct,structured,0.0,0.0,125
2,Structured+Lexicon,Logistic,mo_sin_old_rev_tl_op,structured,0.0,0.0,118
2,Structured+Lexicon,Logistic,mo_sin_rcnt_rev_tl_op,structured,0.0,0.0,119
2,Structured+Lexicon,Logistic,mo_sin_rcnt_tl,structured,0.0,0.0,120
2,Structured+Lexicon,Logistic,mort_acc,structured,0.0,0.0,121
2,Structured+Lexicon,Logistic,mths_since_last_delinq,structured,0.011868,0.001572,74
2,Structured+Lexicon,Logistic,mths_since_last_major_derog,structured,0.0,0.0,122
2,Structured+Lexicon,Logistic,mths_since_last_record,structured,0.308202,0.040814,5
2,Structured+Lexicon,Logistic,mths_since_recent_bc,structured,0.0,0.0,123
2,Structured+Lexicon,Logistic,mths_since_recent_bc_dlq,structured,0.0,0.0,111
2,Structured+Lexicon,Logistic,mths_since_recent_inq,structured,0.0,0.0,124
2,Structured+Lexicon,Logistic,mths_since_recent_revol_delinq,structured,0.0,0.0,115
2,Structured+Lexicon,Logistic,num_accts_ever_120_pd,structured,0.0,0.0,114
2,Structured+Lexicon,Logistic,num_actv_bc_tl,structured,0.0,0.0,117
2,Structured+Lexicon,Logistic,num_actv_rev_tl,structured,0.0,0.0,116
2,Structured+Lexicon,Logistic,num_bc_sats,structured,0.0,0.0,113
2,Structured+Lexicon,Logistic,num_bc_tl,structured,0.0,0.0,112
2,Structured+Lexicon,Logistic,num_il_tl,structured,0.0,0.0,102
2,Structured+Lexicon,Logistic,num_op_rev_tl,structured,0.0,0.0,103
2,Structured+Lexicon,Logistic,num_rev_accts,structured,0.0,0.0,104
2,Structured+Lexicon,Logistic,num_tl_120dpd_2m,structured,0.0,0.0,105
2,Structured+Lexicon,Logistic,num_tl_30dpd,structured,0.0,0.0,106
2,Structured+Lexicon,Logistic,num_tl_90g_dpd_24m,structured,0.0,0.0,107
2,Structured+Lexicon,Logistic,num_tl_op_past_12m,structured,0.0,0.0,108
2,Structured+Lexicon,Logistic,open_acc,structured,0.031,0.004105,65
2,Structured+Lexicon,Logistic,pct_tl_nvr_dlq,structured,0.0,0.0,109
2,Structured+Lexicon,Logistic,percent_bc_gt_75,structured,0.0,0.0,100
2,Structured+Lexicon,Logistic,pub_rec,structured,0.224372,0.029713,8
2,Structured+Lexicon,Logistic,pub_rec_bankruptcies,structured,0.024624,0.003261,66
2,Structured+Lexicon,Logistic,revol_bal,structured,0.098543,0.01305,26
2,Structured+Lexicon,Logistic,revol_util,structured,0.145925,0.019324,14
2,Structured+Lexicon,Logistic,tax_liens,structured,0.0,0.0,110
2,Structured+Lexicon,Logistic,term,structured,0.314868,0.041697,3
2,Structured+Lexicon,Logistic,tot_coll_amt,structured,0.0,0.0,94
2,Structured+Lexicon,Logistic,tot_cur_bal,structured,0.0,0.0,95
2,Structured+Lexicon,Logistic,total_acc,structured,0.043486,0.005759,52
2,Structured+Lexicon,Logistic,total_bal_ex_mort,structured,0.0,0.0,96
2,Structured+Lexicon,Logistic,total_bc_limit,structured,0.0,0.0,97
2,Structured+Lexicon,Logistic,total_il_high_credit_limit,structured,0.0,0.0,99
2,Structured+Lexicon,Logistic,total_rev_hi_lim,structured,0.0,0.0,98
2,Structured+Lexicon,Logistic,fico_midpoint,structured,0.180481,0.023901,12
2,Structured+Lexicon,Logistic,credit_history_months,structured,0.096923,0.012835,29
2,Structured+Lexicon,Logistic,initial_list_status_w,structured,0.0,0.0,101
2,Structured+Lexicon,Logistic,addr_state_AL,structured,0.086589,0.011467,33
2,Structured+Lexicon,Logistic,addr_state_AR,structured,0.070779,0.009373,39
2,Structured+Lexicon,Logistic,addr_state_AZ,structured,0.078469,0.010391,36
2,Structured+Lexicon,Logistic,addr_state_CA,structured,0.056835,0.007527,45
2,Structured+Lexicon,Logistic,addr_state_CO,structured,0.040136,0.005315,54
2,Structured+Lexicon,Logistic,addr_state_CT,structured,0.09799,0.012977,27
2,Structured+Lexicon,Logistic,addr_state_DC,structured,0.168179,0.022271,13
2,Structured+Lexicon,Logistic,addr_state_DE,structured,0.010316,0.001366,76
2,Structured+Lexicon,Logistic,addr_state_FL,structured,0.031432,0.004162,62
2,Structured+Lexicon,Logistic,addr_state_GA,structured,0.01138,0.001507,75
2,Structured+Lexicon,Logistic,addr_state_HI,structured,0.007752,0.001027,80
2,Structured+Lexicon,Logistic,addr_state_IA,structured,0.049472,0.006551,49
2,Structured+Lexicon,Logistic,addr_state_ID,structured,0.0,0.0,88
2,Structured+Lexicon,Logistic,addr_state_IL,structured,0.116983,0.015492,19
2,Structured+Lexicon,Logistic,addr_state_IN,structured,0.0,0.0,89
2,Structured+Lexicon,Logistic,addr_state_KS,structured,0.004757,0.00063,84
2,Structured+Lexicon,Logistic,addr_state_KY,structured,0.050915,0.006742,48
2,Structured+Lexicon,Logistic,addr_state_LA,structured,0.008524,0.001129,78
2,Structured+Lexicon,Logistic,addr_state_MA,structured,0.100391,0.013294,24
2,Structured+Lexicon,Logistic,addr_state_MD,structured,0.069279,0.009174,40
2,Structured+Lexicon,Logistic,addr_state_MI,structured,0.079839,0.010573,34
2,Structured+Lexicon,Logistic,addr_state_MN,structured,0.031182,0.004129,64
2,Structured+Lexicon,Logistic,addr_state_MO,structured,0.000211,2.8e-05,87
2,Structured+Lexicon,Logistic,addr_state_MS,structured,0.0,0.0,93
2,Structured+Lexicon,Logistic,addr_state_MT,structured,0.216537,0.028675,9
2,Structured+Lexicon,Logistic,addr_state_NC,structured,0.046504,0.006158,50
2,Structured+Lexicon,Logistic,addr_state_NE,structured,0.0,0.0,92
2,Structured+Lexicon,Logistic,addr_state_NH,structured,0.037223,0.004929,58
2,Structured+Lexicon,Logistic,addr_state_NJ,structured,0.003816,0.000505,85
2,Structured+Lexicon,Logistic,addr_state_NM,structured,0.006484,0.000859,82
2,Structured+Lexicon,Logistic,addr_state_NV,structured,0.023433,0.003103,68
2,Structured+Lexicon,Logistic,addr_state_NY,structured,0.121182,0.016048,18
2,Structured+Lexicon,Logistic,addr_state_OH,structured,0.090594,0.011997,32
2,Structured+Lexicon,Logistic,addr_state_OK,structured,0.109641,0.014519,22
2,Structured+Lexicon,Logistic,addr_state_OR,structured,0.008402,0.001113,79
2,Structured+Lexicon,Logistic,addr_state_PA,structured,0.144333,0.019114,15
2,Structured+Lexicon,Logistic,addr_state_RI,structured,0.059325,0.007856,43
2,Structured+Lexicon,Logistic,addr_state_SC,structured,0.023338,0.003091,69
2,Structured+Lexicon,Logistic,addr_state_SD,structured,0.007167,0.000949,81
2,Structured+Lexicon,Logistic,addr_state_TN,structured,0.0,0.0,91
2,Structured+Lexicon,Logistic,addr_state_TX,structured,0.13381,0.01772,16
2,Structured+Lexicon,Logistic,addr_state_UT,structured,0.05099,0.006752,47
2,Structured+Lexicon,Logistic,addr_state_VA,structured,0.094802,0.012554,31
2,Structured+Lexicon,Logistic,addr_state_VT,structured,0.039159,0.005186,56
2,Structured+Lexicon,Logistic,addr_state_WA,structured,0.003769,0.000499,86
2,Structured+Lexicon,Logistic,addr_state_WI,structured,0.018019,0.002386,73
2,Structured+Lexicon,Logistic,addr_state_WV,structured,0.060625,0.008028,42
2,Structured+Lexicon,Logistic,addr_state_WY,structured,0.31445,0.041642,4
2,Structured+Lexicon,Logistic,purpose_credit_card,structured,0.03998,0.005294,55
2,Structured+Lexicon,Logistic,purpose_debt_consolidation,structured,0.215005,0.028473,10
2,Structured+Lexicon,Logistic,purpose_educational,structured,0.075017,0.009934,37
2,Structured+Lexicon,Logistic,purpose_home_improvement,structured,0.097732,0.012942,28
2,Structured+Lexicon,Logistic,purpose_house,structured,0.041367,0.005478,53
2,Structured+Lexicon,Logistic,purpose_major_purchase,structured,0.129101,0.017097,17
2,Structured+Lexicon,Logistic,purpose_medical,structured,0.031208,0.004133,63
2,Structured+Lexicon,Logistic,purpose_moving,structured,0.06553,0.008678,41
2,Structured+Lexicon,Logistic,purpose_other,structured,0.196471,0.026018,11
2,Structured+Lexicon,Logistic,purpose_renewable_energy,structured,0.103938,0.013764,23
2,Structured+Lexicon,Logistic,purpose_vacation,structured,0.113511,0.015032,20
2,Structured+Lexicon,Logistic,purpose_wedding,structured,0.034146,0.004522,61
2,Structured+Lexicon,Logistic,home_ownership_NONE,structured,0.0,0.0,90
2,Structured+Lexicon,Logistic,home_ownership_OTHER,structured,0.109831,0.014545,21
2,Structured+Lexicon,Logistic,home_ownership_OWN,structured,0.053853,0.007132,46
2,Structured+Lexicon,Logistic,home_ownership_RENT,structured,0.009352,0.001239,77
2,Structured+Lexicon,Logistic,verification_status_Source Verified,structured,0.019637,0.0026,72
2,Structured+Lexicon,Logistic,verification_status_Verified,structured,0.03463,0.004586,60
2,Structured+Lexicon,Logistic,grade_ord,structured,0.070836,0.009381,38
2,Structured+Lexicon,Logistic,sub_grade_ord,structured,0.228627,0.030276,7
2,Structured+Lexicon,Logistic,risk_word_count,lexicon,0.058742,0.007779,44
2,Structured+Lexicon,Logistic,risk_word_density,lexicon,0.045904,0.006079,51
2,Structured+Lexicon,Logistic,risk_word_flag,lexicon,0.006129,0.000812,83
2,Structured+Lexicon,Logistic,distress_debt_pressure_count,lexicon,0.095811,0.012688,30
2,Structured+Lexicon,Logistic,distress_liquidity_shortage_count,lexicon,0.021715,0.002876,71
2,Structured+Lexicon,Logistic,distress_medical_life_shock_count,lexicon,0.079163,0.010483,35
2,Structured+Lexicon,Logistic,distress_refinancing_burden_count,lexicon,0.038792,0.005137,57
2,Structured+Lexicon,XGBoost,acc_now_delinq,structured,0.0,0.0,133
2,Structured+Lexicon,XGBoost,acc_open_past_24mths,structured,0.0,0.0,132
2,Structured+Lexicon,XGBoost,annual_inc,structured,25.34111,0.016977,7
2,Structured+Lexicon,XGBoost,avg_cur_bal,structured,0.0,0.0,131
2,Structured+Lexicon,XGBoost,bc_open_to_buy,structured,0.0,0.0,130
2,Structured+Lexicon,XGBoost,bc_util,structured,0.0,0.0,128
2,Structured+Lexicon,XGBoost,chargeoff_within_12_mths,structured,0.0,0.0,129
2,Structured+Lexicon,XGBoost,collections_12_mths_ex_med,structured,0.0,0.0,127
2,Structured+Lexicon,XGBoost,delinq_2yrs,structured,13.864894,0.009288,65
2,Structured+Lexicon,XGBoost,delinq_amnt,structured,0.0,0.0,126
2,Structured+Lexicon,XGBoost,dti,structured,16.787823,0.011247,42
2,Structured+Lexicon,XGBoost,emp_length,structured,18.398083,0.012325,25
2,Structured+Lexicon,XGBoost,inq_last_6mths,structured,28.804274,0.019297,6
2,Structured+Lexicon,XGBoost,int_rate,structured,43.318577,0.02902,4
2,Structured+Lexicon,XGBoost,loan_amnt,structured,17.628998,0.01181,29
2,Structured+Lexicon,XGBoost,mo_sin_old_il_acct,structured,0.0,0.0,125
2,Structured+Lexicon,XGBoost,mo_sin_old_rev_tl_op,structured,0.0,0.0,118
2,Structured+Lexicon,XGBoost,mo_sin_rcnt_rev_tl_op,structured,0.0,0.0,119
2,Structured+Lexicon,XGBoost,mo_sin_rcnt_tl,structured,0.0,0.0,120
2,Structured+Lexicon,XGBoost,mort_acc,structured,0.0,0.0,121
2,Structured+Lexicon,XGBoost,mths_since_last_delinq,structured,17.302494,0.011591,36
2,Structured+Lexicon,XGBoost,mths_since_last_major_derog,structured,0.0,0.0,122
2,Structured+Lexicon,XGBoost,mths_since_last_record,structured,21.238907,0.014228,14
2,Structured+Lexicon,XGBoost,mths_since_recent_bc,structured,0.0,0.0,123
2,Structured+Lexicon,XGBoost,mths_since_recent_bc_dlq,structured,0.0,0.0,111
2,Structured+Lexicon,XGBoost,mths_since_recent_inq,structured,0.0,0.0,124
2,Structured+Lexicon,XGBoost,mths_since_recent_revol_delinq,structured,0.0,0.0,115
2,Structured+Lexicon,XGBoost,num_accts_ever_120_pd,structured,0.0,0.0,114
2,Structured+Lexicon,XGBoost,num_actv_bc_tl,structured,0.0,0.0,117
2,Structured+Lexicon,XGBoost,num_actv_rev_tl,structured,0.0,0.0,116
2,Structured+Lexicon,XGBoost,num_bc_sats,structured,0.0,0.0,113
2,Structured+Lexicon,XGBoost,num_bc_tl,structured,0.0,0.0,112
2,Structured+Lexicon,XGBoost,num_il_tl,structured,0.0,0.0,102
2,Structured+Lexicon,XGBoost,num_op_rev_tl,structured,0.0,0.0,103
2,Structured+Lexicon,XGBoost,num_rev_accts,structured,0.0,0.0,104
2,Structured+Lexicon,XGBoost,num_tl_120dpd_2m,structured,0.0,0.0,105
2,Structured+Lexicon,XGBoost,num_tl_30dpd,structured,0.0,0.0,106
2,Structured+Lexicon,XGBoost,num_tl_90g_dpd_24m,structured,0.0,0.0,107
2,Structured+Lexicon,XGBoost,num_tl_op_past_12m,structured,0.0,0.0,108
2,Structured+Lexicon,XGBoost,open_acc,structured,15.389462,0.01031,53
2,Structured+Lexicon,XGBoost,pct_tl_nvr_dlq,structured,0.0,0.0,109
2,Structured+Lexicon,XGBoost,percent_bc_gt_75,structured,0.0,0.0,100
2,Structured+Lexicon,XGBoost,pub_rec,structured,12.369466,0.008287,72
2,Structured+Lexicon,XGBoost,pub_rec_bankruptcies,structured,30.754251,0.020603,5
2,Structured+Lexicon,XGBoost,revol_bal,structured,17.540689,0.011751,31
2,Structured+Lexicon,XGBoost,revol_util,structured,20.017464,0.01341,17
2,Structured+Lexicon,XGBoost,tax_liens,structured,0.0,0.0,110
2,Structured+Lexicon,XGBoost,term,structured,63.035034,0.042229,1
2,Structured+Lexicon,XGBoost,tot_coll_amt,structured,0.0,0.0,94
2,Structured+Lexicon,XGBoost,tot_cur_bal,structured,0.0,0.0,95
2,Structured+Lexicon,XGBoost,total_acc,structured,18.695772,0.012525,23
2,Structured+Lexicon,XGBoost,total_bal_ex_mort,structured,0.0,0.0,96
2,Structured+Lexicon,XGBoost,total_bc_limit,structured,0.0,0.0,97
2,Structured+Lexicon,XGBoost,total_il_high_credit_limit,structured,0.0,0.0,99
2,Structured+Lexicon,XGBoost,total_rev_hi_lim,structured,0.0,0.0,98
2,Structured+Lexicon,XGBoost,fico_midpoint,structured,20.822073,0.013949,15
2,Structured+Lexicon,XGBoost,credit_history_months,structured,21.279697,0.014256,13
2,Structured+Lexicon,XGBoost,initial_list_status_w,structured,0.0,0.0,101
2,Structured+Lexicon,XGBoost,addr_state_AL,structured,23.806337,0.015948,8
2,Structured+Lexicon,XGBoost,addr_state_AR,structured,13.241755,0.008871,68
2,Structured+Lexicon,XGBoost,addr_state_AZ,structured,15.023347,0.010065,54
2,Structured+Lexicon,XGBoost,addr_state_CA,structured,17.508432,0.011729,33
2,Structured+Lexicon,XGBoost,addr_state_CO,structured,14.002895,0.009381,62
2,Structured+Lexicon,XGBoost,addr_state_CT,structured,14.032027,0.0094,61
2,Structured+Lexicon,XGBoost,addr_state_DC,structured,16.806726,0.011259,40
2,Structured+Lexicon,XGBoost,addr_state_DE,structured,13.303747,0.008913,67
2,Structured+Lexicon,XGBoost,addr_state_FL,structured,14.242822,0.009542,58
2,Structured+Lexicon,XGBoost,addr_state_GA,structured,22.426575,0.015024,10
2,Structured+Lexicon,XGBoost,addr_state_HI,structured,7.688848,0.005151,78
2,Structured+Lexicon,XGBoost,addr_state_IA,structured,0.0,0.0,87
2,Structured+Lexicon,XGBoost,addr_state_ID,structured,0.0,0.0,86
2,Structured+Lexicon,XGBoost,addr_state_IL,structured,20.586176,0.013791,16
2,Structured+Lexicon,XGBoost,addr_state_IN,structured,0.0,0.0,89
2,Structured+Lexicon,XGBoost,addr_state_KS,structured,0.0,0.0,88
2,Structured+Lexicon,XGBoost,addr_state_KY,structured,13.870982,0.009293,64
2,Structured+Lexicon,XGBoost,addr_state_LA,structured,12.894475,0.008638,71
2,Structured+Lexicon,XGBoost,addr_state_MA,structured,14.280758,0.009567,57
2,Structured+Lexicon,XGBoost,addr_state_MD,structured,10.718117,0.00718,77
2,Structured+Lexicon,XGBoost,addr_state_MI,structured,16.066113,0.010763,48
2,Structured+Lexicon,XGBoost,addr_state_MN,structured,10.935966,0.007326,75
2,Structured+Lexicon,XGBoost,addr_state_MO,structured,17.547731,0.011756,30
2,Structured+Lexicon,XGBoost,addr_state_MS,structured,0.0,0.0,93
2,Structured+Lexicon,XGBoost,addr_state_MT,structured,0.0,0.0,92
2,Structured+Lexicon,XGBoost,addr_state_NC,structured,14.281259,0.009567,56
2,Structured+Lexicon,XGBoost,addr_state_NE,structured,0.0,0.0,91
2,Structured+Lexicon,XGBoost,addr_state_NH,structured,13.931895,0.009333,63
2,Structured+Lexicon,XGBoost,addr_state_NJ,structured,16.406429,0.010991,45
2,Structured+Lexicon,XGBoost,addr_state_NM,structured,16.486183,0.011044,44
2,Structured+Lexicon,XGBoost,addr_state_NV,structured,14.19631,0.00951,59
2,Structured+Lexicon,XGBoost,addr_state_NY,structured,17.260592,0.011563,37
2,Structured+Lexicon,XGBoost,addr_state_OH,structured,16.380816,0.010974,46
2,Structured+Lexicon,XGBoost,addr_state_OK,structured,13.638816,0.009137,66
2,Structured+Lexicon,XGBoost,addr_state_OR,structured,0.0,0.0,90
2,Structured+Lexicon,XGBoost,addr_state_PA,structured,19.348295,0.012962,22
2,Structured+Lexicon,XGBoost,addr_state_RI,structured,12.971895,0.00869,70
2,Structured+Lexicon,XGBoost,addr_state_SC,structured,13.038483,0.008735,69
2,Structured+Lexicon,XGBoost,addr_state_SD,structured,0.0,0.0,82
2,Structured+Lexicon,XGBoost,addr_state_TN,structured,0.0,0.0,84
2,Structured+Lexicon,XGBoost,addr_state_TX,structured,15.56614,0.010428,52
2,Structured+Lexicon,XGBoost,addr_state_UT,structured,0.0,0.0,83
2,Structured+Lexicon,XGBoost,addr_state_VA,structured,17.481884,0.011712,34
2,Structured+Lexicon,XGBoost,addr_state_VT,structured,6.927979,0.004641,79
2,Structured+Lexicon,XGBoost,addr_state_WA,structured,20.004431,0.013401,18
2,Structured+Lexicon,XGBoost,addr_state_WI,structured,17.38718,0.011648,35
2,Structured+Lexicon,XGBoost,addr_state_WV,structured,14.673347,0.00983,55
2,Structured+Lexicon,XGBoost,addr_state_WY,structured,10.767383,0.007213,76
2,Structured+Lexicon,XGBoost,purpose_credit_card,structured,23.706751,0.015882,9
2,Structured+Lexicon,XGBoost,purpose_debt_consolidation,structured,16.931347,0.011343,39
2,Structured+Lexicon,XGBoost,purpose_educational,structured,16.796476,0.011252,41
2,Structured+Lexicon,XGBoost,purpose_home_improvement,structured,22.021496,0.014753,11
2,Structured+Lexicon,XGBoost,purpose_house,structured,11.492564,0.007699,74
2,Structured+Lexicon,XGBoost,purpose_major_purchase,structured,18.107235,0.01213,26
2,Structured+Lexicon,XGBoost,purpose_medical,structured,12.102701,0.008108,73
2,Structured+Lexicon,XGBoost,purpose_moving,structured,16.550983,0.011088,43
2,Structured+Lexicon,XGBoost,purpose_other,structured,19.970562,0.013379,20
2,Structured+Lexicon,XGBoost,purpose_renewable_energy,structured,17.528147,0.011743,32
2,Structured+Lexicon,XGBoost,purpose_vacation,structured,21.980642,0.014725,12
2,Structured+Lexicon,XGBoost,purpose_wedding,structured,17.012653,0.011397,38
2,Structured+Lexicon,XGBoost,home_ownership_NONE,structured,0.0,0.0,81
2,Structured+Lexicon,XGBoost,home_ownership_OTHER,structured,0.0,0.0,85
2,Structured+Lexicon,XGBoost,home_ownership_OWN,structured,14.044245,0.009409,60
2,Structured+Lexicon,XGBoost,home_ownership_RENT,structured,17.712296,0.011866,28
2,Structured+Lexicon,XGBoost,verification_status_Source Verified,structured,15.620623,0.010465,50
2,Structured+Lexicon,XGBoost,verification_status_Verified,structured,15.56866,0.01043,51
2,Structured+Lexicon,XGBoost,grade_ord,structured,62.78318,0.04206,2
2,Structured+Lexicon,XGBoost,sub_grade_ord,structured,61.85128,0.041436,3
2,Structured+Lexicon,XGBoost,risk_word_count,lexicon,15.982385,0.010707,49
2,Structured+Lexicon,XGBoost,risk_word_density,lexicon,19.992485,0.013393,19
2,Structured+Lexicon,XGBoost,risk_word_flag,lexicon,0.0,0.0,80
2,Structured+Lexicon,XGBoost,distress_debt_pressure_count,lexicon,19.765146,0.013241,21
2,Structured+Lexicon,XGBoost,distress_liquidity_shortage_count,lexicon,16.347712,0.010952,47
2,Structured+Lexicon,XGBoost,distress_medical_life_shock_count,lexicon,18.534771,0.012417,24
2,Structured+Lexicon,XGBoost,distress_refinancing_burden_count,lexicon,17.97945,0.012045,27
2,Structured+Lexicon,RandomForest,acc_now_delinq,structured,0.0,0.0,133
2,Structured+Lexicon,RandomForest,acc_open_past_24mths,structured,0.0,0.0,132
2,Structured+Lexicon,RandomForest,annual_inc,structured,0.073964,0.073964,3
2,Structured+Lexicon,RandomForest,avg_cur_bal,structured,0.0,0.0,131
2,Structured+Lexicon,RandomForest,bc_open_to_buy,structured,0.0,0.0,130
2,Structured+Lexicon,RandomForest,bc_util,structured,0.0,0.0,128
2,Structured+Lexicon,RandomForest,chargeoff_within_12_mths,structured,0.0,0.0,129
2,Structured+Lexicon,RandomForest,collections_12_mths_ex_med,structured,0.0,0.0,127
2,Structured+Lexicon,RandomForest,delinq_2yrs,structured,0.002674,0.002674,34
2,Structured+Lexicon,RandomForest,delinq_amnt,structured,0.0,0.0,126
2,Structured+Lexicon,RandomForest,dti,structured,0.047648,0.047648,9
2,Structured+Lexicon,RandomForest,emp_length,structured,0.026077,0.026077,16
2,Structured+Lexicon,RandomForest,inq_last_6mths,structured,0.029162,0.029162,13
2,Structured+Lexicon,RandomForest,int_rate,structured,0.097318,0.097318,1
2,Structured+Lexicon,RandomForest,loan_amnt,structured,0.036712,0.036712,12
2,Structured+Lexicon,RandomForest,mo_sin_old_il_acct,structured,0.0,0.0,125
2,Structured+Lexicon,RandomForest,mo_sin_old_rev_tl_op,structured,0.0,0.0,118
2,Structured+Lexicon,RandomForest,mo_sin_rcnt_rev_tl_op,structured,0.0,0.0,119
2,Structured+Lexicon,RandomForest,mo_sin_rcnt_tl,structured,0.0,0.0,120
2,Structured+Lexicon,RandomForest,mort_acc,structured,0.0,0.0,121
2,Structured+Lexicon,RandomForest,mths_since_last_delinq,structured,0.020349,0.020349,19
2,Structured+Lexicon,RandomForest,mths_since_last_major_derog,structured,0.0,0.0,122
2,Structured+Lexicon,RandomForest,mths_since_last_record,structured,0.007234,0.007234,21
2,Structured+Lexicon,RandomForest,mths_since_recent_bc,structured,0.0,0.0,123
2,Structured+Lexicon,RandomForest,mths_since_recent_bc_dlq,structured,0.0,0.0,111
2,Structured+Lexicon,RandomForest,mths_since_recent_inq,structured,0.0,0.0,124
2,Structured+Lexicon,RandomForest,mths_since_recent_revol_delinq,structured,0.0,0.0,115
2,Structured+Lexicon,RandomForest,num_accts_ever_120_pd,structured,0.0,0.0,114
2,Structured+Lexicon,RandomForest,num_actv_bc_tl,structured,0.0,0.0,117
2,Structured+Lexicon,RandomForest,num_actv_rev_tl,structured,0.0,0.0,116
2,Structured+Lexicon,RandomForest,num_bc_sats,structured,0.0,0.0,113
2,Structured+Lexicon,RandomForest,num_bc_tl,structured,0.0,0.0,112
2,Structured+Lexicon,RandomForest,num_il_tl,structured,0.0,0.0,102
2,Structured+Lexicon,RandomForest,num_op_rev_tl,structured,0.0,0.0,103
2,Structured+Lexicon,RandomForest,num_rev_accts,structured,0.0,0.0,104
2,Structured+Lexicon,RandomForest,num_tl_120dpd_2m,structured,0.0,0.0,105
2,Structured+Lexicon,RandomForest,num_tl_30dpd,structured,0.0,0.0,106
2,Structured+Lexicon,RandomForest,num_tl_90g_dpd_24m,structured,0.0,0.0,107
2,Structured+Lexicon,RandomForest,num_tl_op_past_12m,structured,0.0,0.0,108
2,Structured+Lexicon,RandomForest,open_acc,structured,0.028901,0.028901,15
2,Structured+Lexicon,RandomForest,pct_tl_nvr_dlq,structured,0.0,0.0,109
2,Structured+Lexicon,RandomForest,percent_bc_gt_75,structured,0.0,0.0,93
2,Structured+Lexicon,RandomForest,pub_rec,structured,0.00457,0.00457,28
2,Structured+Lexicon,RandomForest,pub_rec_bankruptcies,structured,0.004329,0.004329,29
2,Structured+Lexicon,RandomForest,revol_bal,structured,0.046879,0.046879,10
2,Structured+Lexicon,RandomForest,revol_util,structured,0.059885,0.059885,5
2,Structured+Lexicon,RandomForest,tax_liens,structured,0.0,0.0,110
2,Structured+Lexicon,RandomForest,term,structured,0.057304,0.057304,6
2,Structured+Lexicon,RandomForest,tot_coll_amt,structured,0.0,0.0,94
2,Structured+Lexicon,RandomForest,tot_cur_bal,structured,0.0,0.0,95
2,Structured+Lexicon,RandomForest,total_acc,structured,0.040715,0.040715,11
2,Structured+Lexicon,RandomForest,total_bal_ex_mort,structured,0.0,0.0,96
2,Structured+Lexicon,RandomForest,total_bc_limit,structured,0.0,0.0,97
2,Structured+Lexicon,RandomForest,total_il_high_credit_limit,structured,0.0,0.0,99
2,Structured+Lexicon,RandomForest,total_rev_hi_lim,structured,0.0,0.0,98
2,Structured+Lexicon,RandomForest,fico_midpoint,structured,0.056998,0.056998,7
2,Structured+Lexicon,RandomForest,credit_history_months,structured,0.048091,0.048091,8
2,Structured+Lexicon,RandomForest,initial_list_status_w,structured,0.0,0.0,100
2,Structured+Lexicon,RandomForest,addr_state_AL,structured,0.000167,0.000167,60
2,Structured+Lexicon,RandomForest,addr_state_AR,structured,0.0,0.0,101
2,Structured+Lexicon,RandomForest,addr_state_AZ,structured,0.000346,0.000346,55
2,Structured+Lexicon,RandomForest,addr_state_CA,structured,0.003972,0.003972,31
2,Structured+Lexicon,RandomForest,addr_state_CO,structured,0.000154,0.000154,61
2,Structured+Lexicon,RandomForest,addr_state_CT,structured,0.000362,0.000362,53
2,Structured+Lexicon,RandomForest,addr_state_DC,structured,0.000352,0.000352,54
2,Structured+Lexicon,RandomForest,addr_state_DE,structured,0.0,0.0,86
2,Structured+Lexicon,RandomForest,addr_state_FL,structured,0.002088,0.002088,36
2,Structured+Lexicon,RandomForest,addr_state_GA,structured,0.001325,0.001325,43
2,Structured+Lexicon,RandomForest,addr_state_HI,structured,4.1e-05,4.1e-05,71
2,Structured+Lexicon,RandomForest,addr_state_IA,structured,0.0,0.0,87
2,Structured+Lexicon,RandomForest,addr_state_ID,structured,0.0,0.0,88
2,Structured+Lexicon,RandomForest,addr_state_IL,structured,0.002242,0.002242,35
2,Structured+Lexicon,RandomForest,addr_state_IN,structured,0.0,0.0,89
2,Structured+Lexicon,RandomForest,addr_state_KS,structured,0.0,0.0,90
2,Structured+Lexicon,RandomForest,addr_state_KY,structured,1.8e-05,1.8e-05,77
2,Structured+Lexicon,RandomForest,addr_state_LA,structured,3.4e-05,3.4e-05,73
2,Structured+Lexicon,RandomForest,addr_state_MA,structured,0.00101,0.00101,45
2,Structured+Lexicon,RandomForest,addr_state_MD,structured,0.000368,0.000368,52
2,Structured+Lexicon,RandomForest,addr_state_MI,structured,0.000491,0.000491,47
2,Structured+Lexicon,RandomForest,addr_state_MN,structured,0.000111,0.000111,65
2,Structured+Lexicon,RandomForest,addr_state_MO,structured,0.000307,0.000307,57
2,Structured+Lexicon,RandomForest,addr_state_MS,structured,0.0,0.0,85
2,Structured+Lexicon,RandomForest,addr_state_MT,structured,0.0,0.0,92
2,Structured+Lexicon,RandomForest,addr_state_NC,structured,0.000147,0.000147,62
2,Structured+Lexicon,RandomForest,addr_state_NE,structured,0.0,0.0,91
2,Structured+Lexicon,RandomForest,addr_state_NH,structured,2.1e-05,2.1e-05,76
2,Structured+Lexicon,RandomForest,addr_state_NJ,structured,0.001676,0.001676,41
2,Structured+Lexicon,RandomForest,addr_state_NM,structured,2e-06,2e-06,78
2,Structured+Lexicon,RandomForest,addr_state_NV,structured,0.000195,0.000195,59
2,Structured+Lexicon,RandomForest,addr_state_NY,structured,0.003491,0.003491,33
2,Structured+Lexicon,RandomForest,addr_state_OH,structured,0.000435,0.000435,50
2,Structured+Lexicon,RandomForest,addr_state_OK,structured,0.000126,0.000126,64
2,Structured+Lexicon,RandomForest,addr_state_OR,structured,4.6e-05,4.6e-05,69
2,Structured+Lexicon,RandomForest,addr_state_PA,structured,0.001827,0.001827,38
2,Structured+Lexicon,RandomForest,addr_state_RI,structured,3.7e-05,3.7e-05,72
2,Structured+Lexicon,RandomForest,addr_state_SC,structured,7.1e-05,7.1e-05,67
2,Structured+Lexicon,RandomForest,addr_state_SD,structured,0.0,0.0,83
2,Structured+Lexicon,RandomForest,addr_state_TN,structured,0.0,0.0,82
2,Structured+Lexicon,RandomForest,addr_state_TX,structured,0.001759,0.001759,40
2,Structured+Lexicon,RandomForest,addr_state_UT,structured,4.2e-05,4.2e-05,70
2,Structured+Lexicon,RandomForest,addr_state_VA,structured,0.000617,0.000617,46
2,Structured+Lexicon,RandomForest,addr_state_VT,structured,0.0,0.0,79
2,Structured+Lexicon,RandomForest,addr_state_WA,structured,0.000477,0.000477,49
2,Structured+Lexicon,RandomForest,addr_state_WI,structured,0.000135,0.000135,63
2,Structured+Lexicon,RandomForest,addr_state_WV,structured,2.1e-05,2.1e-05,75
2,Structured+Lexicon,RandomForest,addr_state_WY,structured,0.0,0.0,80
2,Structured+Lexicon,RandomForest,purpose_credit_card,structured,0.006223,0.006223,25
2,Structured+Lexicon,RandomForest,purpose_debt_consolidation,structured,0.007463,0.007463,20
2,Structured+Lexicon,RandomForest,purpose_educational,structured,6.2e-05,6.2e-05,68
2,Structured+Lexicon,RandomForest,purpose_home_improvement,structured,0.001809,0.001809,39
2,Structured+Lexicon,RandomForest,purpose_house,structured,8.9e-05,8.9e-05,66
2,Structured+Lexicon,RandomForest,purpose_major_purchase,structured,0.001538,0.001538,42
2,Structured+Lexicon,RandomForest,purpose_medical,structured,0.000315,0.000315,56
2,Structured+Lexicon,RandomForest,purpose_moving,structured,0.0003,0.0003,58
2,Structured+Lexicon,RandomForest,purpose_other,structured,0.003854,0.003854,32
2,Structured+Lexicon,RandomForest,purpose_renewable_energy,structured,3.1e-05,3.1e-05,74
2,Structured+Lexicon,RandomForest,purpose_vacation,structured,0.000414,0.000414,51
2,Structured+Lexicon,RandomForest,purpose_wedding,structured,0.001117,0.001117,44
2,Structured+Lexicon,RandomForest,home_ownership_NONE,structured,0.0,0.0,84
2,Structured+Lexicon,RandomForest,home_ownership_OTHER,structured,0.0,0.0,81
2,Structured+Lexicon,RandomForest,home_ownership_OWN,structured,0.002039,0.002039,37
2,Structured+Lexicon,RandomForest,home_ownership_RENT,structured,0.006933,0.006933,23
2,Structured+Lexicon,RandomForest,verification_status_Source Verified,structured,0.004199,0.004199,30
2,Structured+Lexicon,RandomForest,verification_status_Verified,structured,0.006696,0.006696,24
2,Structured+Lexicon,RandomForest,grade_ord,structured,0.062206,0.062206,4
2,Structured+Lexicon,RandomForest,sub_grade_ord,structured,0.092305,0.092305,2
2,Structured+Lexicon,RandomForest,risk_word_count,lexicon,0.020362,0.020362,18
2,Structured+Lexicon,RandomForest,risk_word_density,lexicon,0.028988,0.028988,14
2,Structured+Lexicon,RandomForest,risk_word_flag,lexicon,0.005746,0.005746,27
2,Structured+Lexicon,RandomForest,distress_debt_pressure_count,lexicon,0.02051,0.02051,17
2,Structured+Lexicon,RandomForest,distress_liquidity_shortage_count,lexicon,0.007189,0.007189,22
2,Structured+Lexicon,RandomForest,distress_medical_life_shock_count,lexicon,0.005811,0.005811,26
2,Structured+Lexicon,RandomForest,distress_refinancing_burden_count,lexicon,0.000481,0.000481,48
3,Structured,Logistic,acc_now_delinq,structured,0.0,0.0,126
3,Structured,Logistic,acc_open_past_24mths,structured,0.0,0.0,125
3,Structured,Logistic,annual_inc,structured,0.362661,0.064501,2
3,Structured,Logistic,avg_cur_bal,structured,0.0,0.0,124
3,Structured,Logistic,bc_open_to_buy,structured,0.0,0.0,123
3,Structured,Logistic,bc_util,structured,0.0,0.0,121
3,Structured,Logistic,chargeoff_within_12_mths,structured,0.0,0.0,122
3,Structured,Logistic,collections_12_mths_ex_med,structured,0.0,0.0,120
3,Structured,Logistic,delinq_2yrs,structured,0.023092,0.004107,58
3,Structured,Logistic,delinq_amnt,structured,0.0,0.0,119
3,Structured,Logistic,dti,structured,0.035501,0.006314,43
3,Structured,Logistic,emp_length,structured,0.018336,0.003261,63
3,Structured,Logistic,inq_last_6mths,structured,0.230547,0.041004,6
3,Structured,Logistic,int_rate,structured,0.405727,0.07216,1
3,Structured,Logistic,loan_amnt,structured,0.038992,0.006935,40
3,Structured,Logistic,mo_sin_old_il_acct,structured,0.0,0.0,118
3,Structured,Logistic,mo_sin_old_rev_tl_op,structured,0.0,0.0,111
3,Structured,Logistic,mo_sin_rcnt_rev_tl_op,structured,0.0,0.0,112
3,Structured,Logistic,mo_sin_rcnt_tl,structured,0.0,0.0,113
3,Structured,Logistic,mort_acc,structured,0.0,0.0,114
3,Structured,Logistic,mths_since_last_delinq,structured,0.004636,0.000825,78
3,Structured,Logistic,mths_since_last_major_derog,structured,0.0,0.0,115
3,Structured,Logistic,mths_since_last_record,structured,0.275024,0.048914,4
3,Structured,Logistic,mths_since_recent_bc,structured,0.0,0.0,116
3,Structured,Logistic,mths_since_recent_bc_dlq,structured,0.0,0.0,104
3,Structured,Logistic,mths_since_recent_inq,structured,0.0,0.0,117
3,Structured,Logistic,mths_since_recent_revol_delinq,structured,0.0,0.0,108
3,Structured,Logistic,num_accts_ever_120_pd,structured,0.0,0.0,107
3,Structured,Logistic,num_actv_bc_tl,structured,0.0,0.0,110
3,Structured,Logistic,num_actv_rev_tl,structured,0.0,0.0,109
3,Structured,Logistic,num_bc_sats,structured,0.0,0.0,106
3,Structured,Logistic,num_bc_tl,structured,0.0,0.0,105
3,Structured,Logistic,num_il_tl,structured,0.0,0.0,95
3,Structured,Logistic,num_op_rev_tl,structured,0.0,0.0,96
3,Structured,Logistic,num_rev_accts,structured,0.0,0.0,97
3,Structured,Logistic,num_tl_120dpd_2m,structured,0.0,0.0,98
3,Structured,Logistic,num_tl_30dpd,structured,0.0,0.0,99
3,Structured,Logistic,num_tl_90g_dpd_24m,structured,0.0,0.0,100
3,Structured,Logistic,num_tl_op_past_12m,structured,0.0,0.0,101
3,Structured,Logistic,open_acc,structured,0.006811,0.001211,76
3,Structured,Logistic,pct_tl_nvr_dlq,structured,0.0,0.0,102
3,Structured,Logistic,percent_bc_gt_75,structured,0.0,0.0,93
3,Structured,Logistic,pub_rec,structured,0.147334,0.026204,12
3,Structured,Logistic,pub_rec_bankruptcies,structured,0.010612,0.001887,72
3,Structured,Logistic,revol_bal,structured,0.056505,0.01005,33
3,Structured,Logistic,revol_util,structured,0.149875,0.026656,10
3,Structured,Logistic,tax_liens,structured,0.0,0.0,103
3,Structured,Logistic,term,structured,0.313236,0.05571,3
3,Structured,Logistic,tot_coll_amt,structured,0.0,0.0,87
3,Structured,Logistic,tot_cur_bal,structured,0.0,0.0,88
3,Structured,Logistic,total_acc,structured,0.063008,0.011206,28
3,Structured,Logistic,total_bal_ex_mort,structured,0.0,0.0,89
3,Structured,Logistic,total_bc_limit,structured,0.0,0.0,90
3,Structured,Logistic,total_il_high_credit_limit,structured,0.0,0.0,92
3,Structured,Logistic,total_rev_hi_lim,structured,0.0,0.0,91
3,Structured,Logistic,fico_midpoint,structured,0.148508,0.026413,11
3,Structured,Logistic,credit_history_months,structured,0.104983,0.018672,14
3,Structured,Logistic,initial_list_status_w,structured,0.0,0.0,94
3,Structured,Logistic,addr_state_AL,structured,0.086145,0.015321,19
3,Structured,Logistic,addr_state_AR,structured,0.030672,0.005455,49
3,Structured,Logistic,addr_state_AZ,structured,0.051648,0.009186,34
3,Structured,Logistic,addr_state_CA,structured,0.019002,0.00338,61
3,Structured,Logistic,addr_state_CO,structured,0.014846,0.00264,68
3,Structured,Logistic,addr_state_CT,structured,0.075316,0.013395,26
3,Structured,Logistic,addr_state_DC,structured,0.171808,0.030557,9
3,Structured,Logistic,addr_state_DE,structured,0.016018,0.002849,66
3,Structured,Logistic,addr_state_FL,structured,0.025853,0.004598,56
3,Structured,Logistic,addr_state_GA,structured,0.007012,0.001247,75
3,Structured,Logistic,addr_state_HI,structured,0.014795,0.002631,69
3,Structured,Logistic,addr_state_IA,structured,0.041983,0.007467,38
3,Structured,Logistic,addr_state_ID,structured,0.0,0.0,81
3,Structured,Logistic,addr_state_IL,structured,0.090974,0.01618,18
3,Structured,Logistic,addr_state_IN,structured,0.0,0.0,82
3,Structured,Logistic,addr_state_KS,structured,0.016505,0.002936,65
3,Structured,Logistic,addr_state_KY,structured,0.047109,0.008378,36
3,Structured,Logistic,addr_state_LA,structured,0.006521,0.00116,77
3,Structured,Logistic,addr_state_MA,structured,0.058541,0.010412,31
3,Structured,Logistic,addr_state_MD,structured,0.023751,0.004224,57
3,Structured,Logistic,addr_state_MI,structured,0.057872,0.010293,32
3,Structured,Logistic,addr_state_MN,structured,0.029878,0.005314,50
3,Structured,Logistic,addr_state_MO,structured,0.01438,0.002558,70
3,Structured,Logistic,addr_state_MS,structured,0.0,0.0,86
3,Structured,Logistic,addr_state_MT,structured,0.040819,0.00726,39
3,Structured,Logistic,addr_state_NC,structured,0.021528,0.003829,59
3,Structured,Logistic,addr_state_NE,structured,0.0,0.0,85
3,Structured,Logistic,addr_state_NH,structured,0.017006,0.003025,64
3,Structured,Logistic,addr_state_NJ,structured,0.018419,0.003276,62
3,Structured,Logistic,addr_state_NM,structured,0.009962,0.001772,73
3,Structured,Logistic,addr_state_NV,structured,0.037497,0.006669,41
3,Structured,Logistic,addr_state_NY,structured,0.042181,0.007502,37
3,Structured,Logistic,addr_state_OH,structured,0.075629,0.013451,25
3,Structured,Logistic,addr_state_OK,structured,0.036277,0.006452,42
3,Structured,Logistic,addr_state_OR,structured,0.026302,0.004678,55
3,Structured,Logistic,addr_state_PA,structured,0.097763,0.017388,15
3,Structured,Logistic,addr_state_RI,structured,0.034859,0.0062,44
3,Structured,Logistic,addr_state_SC,structured,0.004057,0.000721,79
3,Structured,Logistic,addr_state_SD,structured,0.007504,0.001335,74
3,Structured,Logistic,addr_state_TN,structured,0.0,0.0,84
3,Structured,Logistic,addr_state_TX,structured,0.093372,0.016607,17
3,Structured,Logistic,addr_state_UT,structured,0.028323,0.005037,52
3,Structured,Logistic,addr_state_VA,structured,0.064768,0.011519,27
3,Structured,Logistic,addr_state_VT,structured,0.015439,0.002746,67
3,Structured,Logistic,addr_state_WA,structured,0.002695,0.000479,80
3,Structured,Logistic,addr_state_WI,structured,0.010698,0.001903,71
3,Structured,Logistic,addr_state_WV,structured,0.034431,0.006124,46
3,Structured,Logistic,addr_state_WY,structured,0.244189,0.04343,5
3,Structured,Logistic,purpose_credit_card,structured,0.051478,0.009156,35
3,Structured,Logistic,purpose_debt_consolidation,structured,0.180665,0.032132,7
3,Structured,Logistic,purpose_educational,structured,0.062147,0.011053,30
3,Structured,Logistic,purpose_home_improvement,structured,0.076195,0.013552,24
3,Structured,Logistic,purpose_house,structured,0.032938,0.005858,47
3,Structured,Logistic,purpose_major_purchase,structured,0.08522,0.015157,21
3,Structured,Logistic,purpose_medical,structured,0.078398,0.013943,23
3,Structured,Logistic,purpose_moving,structured,0.062851,0.011178,29
3,Structured,Logistic,purpose_other,structured,0.174981,0.031121,8
3,Structured,Logistic,purpose_renewable_energy,structured,0.082434,0.014661,22
3,Structured,Logistic,purpose_vacation,structured,0.085602,0.015225,20
3,Structured,Logistic,purpose_wedding,structured,0.021415,0.003809,60
3,Structured,Logistic,home_ownership_NONE,structured,0.0,0.0,83
3,Structured,Logistic,home_ownership_OTHER,structured,0.094191,0.016752,16
3,Structured,Logistic,home_ownership_OWN,structured,0.027637,0.004915,53
3,Structured,Logistic,home_ownership_RENT,structured,0.032446,0.005771,48
3,Structured,Logistic,verification_status_Source Verified,structured,0.028833,0.005128,51
3,Structured,Logistic,verification_status_Verified,structured,0.027619,0.004912,54
3,Structured,Logistic,grade_ord,structured,0.034691,0.00617,45
3,Structured,Logistic,sub_grade_ord,structured,0.123119,0.021897,13
3,Structured,XGBoost,acc_now_delinq,structured,0.0,0.0,126
3,Structured,XGBoost,acc_open_past_24mths,structured,0.0,0.0,125
3,Structured,XGBoost,annual_inc,structured,27.720909,0.01737,6
3,Structured,XGBoost,avg_cur_bal,structured,0.0,0.0,124
3,Structured,XGBoost,bc_open_to_buy,structured,0.0,0.0,123
3,Structured,XGBoost,bc_util,structured,0.0,0.0,121
3,Structured,XGBoost,chargeoff_within_12_mths,structured,0.0,0.0,122
3,Structured,XGBoost,collections_12_mths_ex_med,structured,0.0,0.0,120
3,Structured,XGBoost,delinq_2yrs,structured,15.033845,0.00942,58
3,Structured,XGBoost,delinq_amnt,structured,0.0,0.0,119
3,Structured,XGBoost,dti,structured,20.092772,0.01259,28
3,Structured,XGBoost,emp_length,structured,20.778143,0.01302,25
3,Structured,XGBoost,inq_last_6mths,structured,30.038074,0.018822,5
3,Structured,XGBoost,int_rate,structured,55.19067,0.034583,4
3,Structured,XGBoost,loan_amnt,structured,18.448725,0.01156,36
3,Structured,XGBoost,mo_sin_old_il_acct,structured,0.0,0.0,118
3,Structured,XGBoost,mo_sin_old_rev_tl_op,structured,0.0,0.0,111
3,Structured,XGBoost,mo_sin_rcnt_rev_tl_op,structured,0.0,0.0,112
3,Structured,XGBoost,mo_sin_rcnt_tl,structured,0.0,0.0,113
3,Structured,XGBoost,mort_acc,structured,0.0,0.0,114
3,Structured,XGBoost,mths_since_last_delinq,structured,19.207659,0.012036,34
3,Structured,XGBoost,mths_since_last_major_derog,structured,0.0,0.0,115
3,Structured,XGBoost,mths_since_last_record,structured,24.796659,0.015538,8
3,Structured,XGBoost,mths_since_recent_bc,structured,0.0,0.0,116
3,Structured,XGBoost,mths_since_recent_bc_dlq,structured,0.0,0.0,104
3,Structured,XGBoost,mths_since_recent_inq,structured,0.0,0.0,117
3,Structured,XGBoost,mths_since_recent_revol_delinq,structured,0.0,0.0,108
3,Structured,XGBoost,num_accts_ever_120_pd,structured,0.0,0.0,107
3,Structured,XGBoost,num_actv_bc_tl,structured,0.0,0.0,110
3,Structured,XGBoost,num_actv_rev_tl,structured,0.0,0.0,109
3,Structured,XGBoost,num_bc_sats,structured,0.0,0.0,106
3,Structured,XGBoost,num_bc_tl,structured,0.0,0.0,105
3,Structured,XGBoost,num_il_tl,structured,0.0,0.0,95
3,Structured,XGBoost,num_op_rev_tl,structured,0.0,0.0,96
3,Structured,XGBoost,num_rev_accts,structured,0.0,0.0,97
3,Structured,XGBoost,num_tl_120dpd_2m,structured,0.0,0.0,98
3,Structured,XGBoost,num_tl_30dpd,structured,0.0,0.0,99
3,Structured,XGBoost,num_tl_90g_dpd_24m,structured,0.0,0.0,100
3,Structured,XGBoost,num_tl_op_past_12m,structured,0.0,0.0,101
3,Structured,XGBoost,open_acc,structured,17.638929,0.011053,40
3,Structured,XGBoost,pct_tl_nvr_dlq,structured,0.0,0.0,102
3,Structured,XGBoost,percent_bc_gt_75,structured,0.0,0.0,93
3,Structured,XGBoost,pub_rec,structured,15.949085,0.009994,52
3,Structured,XGBoost,pub_rec_bankruptcies,structured,26.854784,0.016827,7
3,Structured,XGBoost,revol_bal,structured,21.500816,0.013472,22
3,Structured,XGBoost,revol_util,structured,22.640543,0.014187,11
3,Structured,XGBoost,tax_liens,structured,0.0,0.0,103
3,Structured,XGBoost,term,structured,83.939346,0.052597,1
3,Structured,XGBoost,tot_coll_amt,structured,0.0,0.0,87
3,Structured,XGBoost,tot_cur_bal,structured,0.0,0.0,88
3,Structured,XGBoost,total_acc,structured,20.07369,0.012578,29
3,Structured,XGBoost,total_bal_ex_mort,structured,0.0,0.0,89
3,Structured,XGBoost,total_bc_limit,structured,0.0,0.0,90
3,Structured,XGBoost,total_il_high_credit_limit,structured,0.0,0.0,92
3,Structured,XGBoost,total_rev_hi_lim,structured,0.0,0.0,91
3,Structured,XGBoost,fico_midpoint,structured,21.810209,0.013666,16
3,Structured,XGBoost,credit_history_months,structured,21.736473,0.01362,18
3,Structured,XGBoost,initial_list_status_w,structured,0.0,0.0,94
3,Structured,XGBoost,addr_state_AL,structured,19.719225,0.012356,30
3,Structured,XGBoost,addr_state_AR,structured,11.873105,0.00744,72
3,Structured,XGBoost,addr_state_AZ,structured,16.179705,0.010138,51
3,Structured,XGBoost,addr_state_CA,structured,20.672209,0.012953,26
3,Structured,XGBoost,addr_state_CO,structured,14.045143,0.008801,62
3,Structured,XGBoost,addr_state_CT,structured,20.863934,0.013073,24
3,Structured,XGBoost,addr_state_DC,structured,19.571524,0.012264,32
3,Structured,XGBoost,addr_state_DE,structured,13.668971,0.008565,64
3,Structured,XGBoost,addr_state_FL,structured,21.432602,0.01343,23
3,Structured,XGBoost,addr_state_GA,structured,21.834732,0.013682,15
3,Structured,XGBoost,addr_state_HI,structured,11.033687,0.006914,73
3,Structured,XGBoost,addr_state_IA,structured,0.0,0.0,82
3,Structured,XGBoost,addr_state_ID,structured,0.0,0.0,80
3,Structured,XGBoost,addr_state_IL,structured,21.684055,0.013587,19
3,Structured,XGBoost,addr_state_IN,structured,0.0,0.0,81
3,Structured,XGBoost,addr_state_KS,structured,15.735264,0.00986,55
3,Structured,XGBoost,addr_state_KY,structured,9.794321,0.006137,77
3,Structured,XGBoost,addr_state_LA,structured,15.799863,0.0099,54
3,Structured,XGBoost,addr_state_MA,structured,18.996416,0.011903,35
3,Structured,XGBoost,addr_state_MD,structured,9.912161,0.006211,76
3,Structured,XGBoost,addr_state_MI,structured,21.946907,0.013752,14
3,Structured,XGBoost,addr_state_MN,structured,12.458569,0.007807,69
3,Structured,XGBoost,addr_state_MO,structured,17.478676,0.010952,41
3,Structured,XGBoost,addr_state_MS,structured,0.0,0.0,86
3,Structured,XGBoost,addr_state_MT,structured,10.550836,0.006611,75
3,Structured,XGBoost,addr_state_NC,structured,16.981859,0.010641,46
3,Structured,XGBoost,addr_state_NE,structured,0.0,0.0,83
3,Structured,XGBoost,addr_state_NH,structured,23.479082,0.014712,9
3,Structured,XGBoost,addr_state_NJ,structured,19.350393,0.012125,33
3,Structured,XGBoost,addr_state_NM,structured,13.741722,0.008611,63
3,Structured,XGBoost,addr_state_NV,structured,22.810253,0.014293,10
3,Structured,XGBoost,addr_state_NY,structured,15.834808,0.009922,53
3,Structured,XGBoost,addr_state_OH,structured,18.149773,0.011373,37
3,Structured,XGBoost,addr_state_OK,structured,14.130759,0.008854,61
3,Structured,XGBoost,addr_state_OR,structured,20.473831,0.012829,27
3,Structured,XGBoost,addr_state_PA,structured,18.14946,0.011373,38
3,Structured,XGBoost,addr_state_RI,structured,17.229864,0.010796,42
3,Structured,XGBoost,addr_state_SC,structured,17.211685,0.010785,43
3,Structured,XGBoost,addr_state_SD,structured,10.795976,0.006765,74
3,Structured,XGBoost,addr_state_TN,structured,0.0,0.0,84
3,Structured,XGBoost,addr_state_TX,structured,16.569216,0.010382,47
3,Structured,XGBoost,addr_state_UT,structured,11.934088,0.007478,71
3,Structured,XGBoost,addr_state_VA,structured,13.186191,0.008263,66
3,Structured,XGBoost,addr_state_VT,structured,9.685839,0.006069,78
3,Structured,XGBoost,addr_state_WA,structured,16.51759,0.01035,48
3,Structured,XGBoost,addr_state_WI,structured,12.881213,0.008071,67
3,Structured,XGBoost,addr_state_WV,structured,17.016039,0.010662,45
3,Structured,XGBoost,addr_state_WY,structured,12.516627,0.007843,68
3,Structured,XGBoost,purpose_credit_card,structured,17.712917,0.011099,39
3,Structured,XGBoost,purpose_debt_consolidation,structured,21.592228,0.01353,21
3,Structured,XGBoost,purpose_educational,structured,12.315873,0.007717,70
3,Structured,XGBoost,purpose_home_improvement,structured,15.521442,0.009726,56
3,Structured,XGBoost,purpose_house,structured,14.564602,0.009126,60
3,Structured,XGBoost,purpose_major_purchase,structured,15.254488,0.009559,57
3,Structured,XGBoost,purpose_medical,structured,16.182764,0.01014,49
3,Structured,XGBoost,purpose_moving,structured,16.180191,0.010139,50
3,Structured,XGBoost,purpose_other,structured,22.26078,0.013949,12
3,Structured,XGBoost,purpose_renewable_energy,structured,22.18223,0.013899,13
3,Structured,XGBoost,purpose_vacation,structured,14.978837,0.009386,59
3,Structured,XGBoost,purpose_wedding,structured,21.768328,0.01364,17
3,Structured,XGBoost,home_ownership_NONE,structured,0.0,0.0,85
3,Structured,XGBoost,home_ownership_OTHER,structured,8.630585,0.005408,79
3,Structured,XGBoost,home_ownership_OWN,structured,21.664276,0.013575,20
3,Structured,XGBoost,home_ownership_RENT,structured,17.158182,0.010751,44
3,Structured,XGBoost,verification_status_Source Verified,structured,19.583553,0.012271,31
3,Structured,XGBoost,verification_status_Verified,structured,13.593052,0.008517,65
3,Structured,XGBoost,grade_ord,structured,68.655266,0.04302,3
3,Structured,XGBoost,sub_grade_ord,structured,68.75518,0.043082,2
3,Structured,RandomForest,acc_now_delinq,structured,0.0,0.0,126
3,Structured,RandomForest,acc_open_past_24mths,structured,0.0,0.0,125
3,Structured,RandomForest,annual_inc,structured,0.079759,0.079759,3
3,Structured,RandomForest,avg_cur_bal,structured,0.0,0.0,124
3,Structured,RandomForest,bc_open_to_buy,structured,0.0,0.0,123
3,Structured,RandomForest,bc_util,structured,0.0,0.0,121
3,Structured,RandomForest,chargeoff_within_12_mths,structured,0.0,0.0,122
3,Structured,RandomForest,collections_12_mths_ex_med,structured,0.0,0.0,120
3,Structured,RandomForest,delinq_2yrs,structured,0.00328,0.00328,28
3,Structured,RandomForest,delinq_amnt,structured,0.0,0.0,119
3,Structured,RandomForest,dti,structured,0.05214,0.05214,9
3,Structured,RandomForest,emp_length,structured,0.028113,0.028113,15
3,Structured,RandomForest,inq_last_6mths,structured,0.032145,0.032145,13
3,Structured,RandomForest,int_rate,structured,0.113287,0.113287,1
3,Structured,RandomForest,loan_amnt,structured,0.043561,0.043561,12
3,Structured,RandomForest,mo_sin_old_il_acct,structured,0.0,0.0,118
3,Structured,RandomForest,mo_sin_old_rev_tl_op,structured,0.0,0.0,111
3,Structured,RandomForest,mo_sin_rcnt_rev_tl_op,structured,0.0,0.0,112
3,Structured,RandomForest,mo_sin_rcnt_tl,structured,0.0,0.0,113
3,Structured,RandomForest,mort_acc,structured,0.0,0.0,114
3,Structured,RandomForest,mths_since_last_delinq,structured,0.022694,0.022694,16
3,Structured,RandomForest,mths_since_last_major_derog,structured,0.0,0.0,115
3,Structured,RandomForest,mths_since_last_record,structured,0.008849,0.008849,17
3,Structured,RandomForest,mths_since_recent_bc,structured,0.0,0.0,116
3,Structured,RandomForest,mths_since_recent_bc_dlq,structured,0.0,0.0,104
3,Structured,RandomForest,mths_since_recent_inq,structured,0.0,0.0,117
3,Structured,RandomForest,mths_since_recent_revol_delinq,structured,0.0,0.0,108
3,Structured,RandomForest,num_accts_ever_120_pd,structured,0.0,0.0,107
3,Structured,RandomForest,num_actv_bc_tl,structured,0.0,0.0,110
3,Structured,RandomForest,num_actv_rev_tl,structured,0.0,0.0,109
3,Structured,RandomForest,num_bc_sats,structured,0.0,0.0,106
3,Structured,RandomForest,num_bc_tl,structured,0.0,0.0,105
3,Structured,RandomForest,num_il_tl,structured,0.0,0.0,95
3,Structured,RandomForest,num_op_rev_tl,structured,0.0,0.0,96
3,Structured,RandomForest,num_rev_accts,structured,0.0,0.0,97
3,Structured,RandomForest,num_tl_120dpd_2m,structured,0.0,0.0,98
3,Structured,RandomForest,num_tl_30dpd,structured,0.0,0.0,99
3,Structured,RandomForest,num_tl_90g_dpd_24m,structured,0.0,0.0,100
3,Structured,RandomForest,num_tl_op_past_12m,structured,0.0,0.0,101
3,Structured,RandomForest,open_acc,structured,0.031134,0.031134,14
3,Structured,RandomForest,pct_tl_nvr_dlq,structured,0.0,0.0,102
3,Structured,RandomForest,percent_bc_gt_75,structured,0.0,0.0,93
3,Structured,RandomForest,pub_rec,structured,0.006747,0.006747,20
3,Structured,RandomForest,pub_rec_bankruptcies,structured,0.005527,0.005527,22
3,Structured,RandomForest,revol_bal,structured,0.052085,0.052085,10
3,Structured,RandomForest,revol_util,structured,0.066268,0.066268,5
3,Structured,RandomForest,tax_liens,structured,0.0,0.0,103
3,Structured,RandomForest,term,structured,0.069298,0.069298,4
3,Structured,RandomForest,tot_coll_amt,structured,0.0,0.0,87
3,Structured,RandomForest,tot_cur_bal,structured,0.0,0.0,88
3,Structured,RandomForest,total_acc,structured,0.043863,0.043863,11
3,Structured,RandomForest,total_bal_ex_mort,structured,0.0,0.0,89
3,Structured,RandomForest,total_bc_limit,structured,0.0,0.0,90
3,Structured,RandomForest,total_il_high_credit_limit,structured,0.0,0.0,92
3,Structured,RandomForest,total_rev_hi_lim,structured,0.0,0.0,91
3,Structured,RandomForest,fico_midpoint,structured,0.057785,0.057785,7
3,Structured,RandomForest,credit_history_months,structured,0.0533,0.0533,8
3,Structured,RandomForest,initial_list_status_w,structured,0.0,0.0,94
3,Structured,RandomForest,addr_state_AL,structured,0.000287,0.000287,53
3,Structured,RandomForest,addr_state_AR,structured,7e-06,7e-06,75
3,Structured,RandomForest,addr_state_AZ,structured,0.000754,0.000754,42
3,Structured,RandomForest,addr_state_CA,structured,0.005058,0.005058,25
3,Structured,RandomForest,addr_state_CO,structured,0.000481,0.000481,48
3,Structured,RandomForest,addr_state_CT,structured,0.000487,0.000487,47
3,Structured,RandomForest,addr_state_DC,structured,0.000579,0.000579,44
3,Structured,RandomForest,addr_state_DE,structured,1.3e-05,1.3e-05,70
3,Structured,RandomForest,addr_state_FL,structured,0.002848,0.002848,29
3,Structured,RandomForest,addr_state_GA,structured,0.001334,0.001334,37
3,Structured,RandomForest,addr_state_HI,structured,7e-06,7e-06,74
3,Structured,RandomForest,addr_state_IA,structured,0.0,0.0,80
3,Structured,RandomForest,addr_state_ID,structured,0.0,0.0,79
3,Structured,RandomForest,addr_state_IL,structured,0.001979,0.001979,33
3,Structured,RandomForest,addr_state_IN,structured,0.0,0.0,81
3,Structured,RandomForest,addr_state_KS,structured,1.1e-05,1.1e-05,71
3,Structured,RandomForest,addr_state_KY,structured,3.1e-05,3.1e-05,65
3,Structured,RandomForest,addr_state_LA,structured,0.000187,0.000187,56
3,Structured,RandomForest,addr_state_MA,structured,0.001118,0.001118,40
3,Structured,RandomForest,addr_state_MD,structured,0.000464,0.000464,50
3,Structured,RandomForest,addr_state_MI,structured,0.000912,0.000912,41
3,Structured,RandomForest,addr_state_MN,structured,0.000163,0.000163,58
3,Structured,RandomForest,addr_state_MO,structured,0.000545,0.000545,46
3,Structured,RandomForest,addr_state_MS,structured,0.0,0.0,82
3,Structured,RandomForest,addr_state_MT,structured,0.0,0.0,83
3,Structured,RandomForest,addr_state_NC,structured,0.000188,0.000188,55
3,Structured,RandomForest,addr_state_NE,structured,0.0,0.0,84
3,Structured,RandomForest,addr_state_NH,structured,2.4e-05,2.4e-05,67
3,Structured,RandomForest,addr_state_NJ,structured,0.002167,0.002167,32
3,Structured,RandomForest,addr_state_NM,structured,2.9e-05,2.9e-05,66
3,Structured,RandomForest,addr_state_NV,structured,0.000194,0.000194,54
3,Structured,RandomForest,addr_state_NY,structured,0.003409,0.003409,27
3,Structured,RandomForest,addr_state_OH,structured,0.00067,0.00067,43
3,Structured,RandomForest,addr_state_OK,structured,4.4e-05,4.4e-05,63
3,Structured,RandomForest,addr_state_OR,structured,0.000126,0.000126,59
3,Structured,RandomForest,addr_state_PA,structured,0.001599,0.001599,36
3,Structured,RandomForest,addr_state_RI,structured,2.4e-05,2.4e-05,68
3,Structured,RandomForest,addr_state_SC,structured,0.000114,0.000114,60
3,Structured,RandomForest,addr_state_SD,structured,0.0,0.0,86
3,Structured,RandomForest,addr_state_TN,structured,0.0,0.0,85
3,Structured,RandomForest,addr_state_TX,structured,0.002336,0.002336,31
3,Structured,RandomForest,addr_state_UT,structured,9e-06,9e-06,73
3,Structured,RandomForest,addr_state_VA,structured,0.001147,0.001147,39
3,Structured,RandomForest,addr_state_VT,structured,0.0,0.0,78
3,Structured,RandomForest,addr_state_WA,structured,0.000358,0.000358,52
3,Structured,RandomForest,addr_state_WI,structured,0.000179,0.000179,57
3,Structured,RandomForest,addr_state_WV,structured,1.9e-05,1.9e-05,69
3,Structured,RandomForest,addr_state_WY,structured,1e-05,1e-05,72
3,Structured,RandomForest,purpose_credit_card,structured,0.005504,0.005504,23
3,Structured,RandomForest,purpose_debt_consolidation,structured,0.008489,0.008489,18
3,Structured,RandomForest,purpose_educational,structured,0.0001,0.0001,61
3,Structured,RandomForest,purpose_home_improvement,structured,0.001955,0.001955,34
3,Structured,RandomForest,purpose_house,structured,7.7e-05,7.7e-05,62
3,Structured,RandomForest,purpose_major_purchase,structured,0.001936,0.001936,35
3,Structured,RandomForest,purpose_medical,structured,0.000465,0.000465,49
3,Structured,RandomForest,purpose_moving,structured,0.00056,0.00056,45
3,Structured,RandomForest,purpose_other,structured,0.004089,0.004089,26
3,Structured,RandomForest,purpose_renewable_energy,structured,3.2e-05,3.2e-05,64
3,Structured,RandomForest,purpose_vacation,structured,0.000409,0.000409,51
3,Structured,RandomForest,purpose_wedding,structured,0.001191,0.001191,38
3,Structured,RandomForest,home_ownership_NONE,structured,0.0,0.0,76
3,Structured,RandomForest,home_ownership_OTHER,structured,0.0,0.0,77
3,Structured,RandomForest,home_ownership_OWN,structured,0.002599,0.002599,30
3,Structured,RandomForest,home_ownership_RENT,structured,0.007269,0.007269,19
3,Structured,RandomForest,verification_status_Source Verified,structured,0.005331,0.005331,24
3,Structured,RandomForest,verification_status_Verified,structured,0.00662,0.00662,21
3,Structured,RandomForest,grade_ord,structured,0.065055,0.065055,6
3,Structured,RandomForest,sub_grade_ord,structured,0.088572,0.088572,2
3,Structured+Lexicon,Logistic,acc_now_delinq,structured,0.0,0.0,133
3,Structured+Lexicon,Logistic,acc_open_past_24mths,structured,0.0,0.0,132
3,Structured+Lexicon,Logistic,annual_inc,structured,0.364983,0.062055,2
3,Structured+Lexicon,Logistic,avg_cur_bal,structured,0.0,0.0,131
3,Structured+Lexicon,Logistic,bc_open_to_buy,structured,0.0,0.0,130
3,Structured+Lexicon,Logistic,bc_util,structured,0.0,0.0,128
3,Structured+Lexicon,Logistic,chargeoff_within_12_mths,structured,0.0,0.0,129
3,Structured+Lexicon,Logistic,collections_12_mths_ex_med,structured,0.0,0.0,127
3,Structured+Lexicon,Logistic,delinq_2yrs,structured,0.024161,0.004108,63
3,Structured+Lexicon,Logistic,delinq_amnt,structured,0.0,0.0,126
3,Structured+Lexicon,Logistic,dti,structured,0.035377,0.006015,47
3,Structured+Lexicon,Logistic,emp_length,structured,0.016472,0.002801,72
3,Structured+Lexicon,Logistic,inq_last_6mths,structured,0.228374,0.038829,6
3,Structured+Lexicon,Logistic,int_rate,structured,0.40014,0.068033,1
3,Structured+Lexicon,Logistic,loan_amnt,structured,0.05201,0.008843,37
3,Structured+Lexicon,Logistic,mo_sin_old_il_acct,structured,0.0,0.0,125
3,Structured+Lexicon,Logistic,mo_sin_old_rev_tl_op,structured,0.0,0.0,118
3,Structured+Lexicon,Logistic,mo_sin_rcnt_rev_tl_op,structured,0.0,0.0,119
3,Structured+Lexicon,Logistic,mo_sin_rcnt_tl,structured,0.0,0.0,120
3,Structured+Lexicon,Logistic,mort_acc,structured,0.0,0.0,121
3,Structured+Lexicon,Logistic,mths_since_last_delinq,structured,0.005077,0.000863,84
3,Structured+Lexicon,Logistic,mths_since_last_major_derog,structured,0.0,0.0,122
3,Structured+Lexicon,Logistic,mths_since_last_record,structured,0.273681,0.046532,4
3,Structured+Lexicon,Logistic,mths_since_recent_bc,structured,0.0,0.0,123
3,Structured+Lexicon,Logistic,mths_since_recent_bc_dlq,structured,0.0,0.0,111
3,Structured+Lexicon,Logistic,mths_since_recent_inq,structured,0.0,0.0,124
3,Structured+Lexicon,Logistic,mths_since_recent_revol_delinq,structured,0.0,0.0,115
3,Structured+Lexicon,Logistic,num_accts_ever_120_pd,structured,0.0,0.0,114
3,Structured+Lexicon,Logistic,num_actv_bc_tl,structured,0.0,0.0,117
3,Structured+Lexicon,Logistic,num_actv_rev_tl,structured,0.0,0.0,116
3,Structured+Lexicon,Logistic,num_bc_sats,structured,0.0,0.0,113
3,Structured+Lexicon,Logistic,num_bc_tl,structured,0.0,0.0,112
3,Structured+Lexicon,Logistic,num_il_tl,structured,0.0,0.0,102
3,Structured+Lexicon,Logistic,num_op_rev_tl,structured,0.0,0.0,103
3,Structured+Lexicon,Logistic,num_rev_accts,structured,0.0,0.0,104
3,Structured+Lexicon,Logistic,num_tl_120dpd_2m,structured,0.0,0.0,105
3,Structured+Lexicon,Logistic,num_tl_30dpd,structured,0.0,0.0,106
3,Structured+Lexicon,Logistic,num_tl_90g_dpd_24m,structured,0.0,0.0,107
3,Structured+Lexicon,Logistic,num_tl_op_past_12m,structured,0.0,0.0,108
3,Structured+Lexicon,Logistic,open_acc,structured,0.000364,6.2e-05,87
3,Structured+Lexicon,Logistic,pct_tl_nvr_dlq,structured,0.0,0.0,109
3,Structured+Lexicon,Logistic,percent_bc_gt_75,structured,0.0,0.0,100
3,Structured+Lexicon,Logistic,pub_rec,structured,0.145839,0.024796,12
3,Structured+Lexicon,Logistic,pub_rec_bankruptcies,structured,0.010281,0.001748,80
3,Structured+Lexicon,Logistic,revol_bal,structured,0.056655,0.009633,34
3,Structured+Lexicon,Logistic,revol_util,structured,0.15507,0.026365,10
3,Structured+Lexicon,Logistic,tax_liens,structured,0.0,0.0,110
3,Structured+Lexicon,Logistic,term,structured,0.313633,0.053325,3
3,Structured+Lexicon,Logistic,tot_coll_amt,structured,0.0,0.0,94
3,Structured+Lexicon,Logistic,tot_cur_bal,structured,0.0,0.0,95
3,Structured+Lexicon,Logistic,total_acc,structured,0.060771,0.010332,32
3,Structured+Lexicon,Logistic,total_bal_ex_mort,structured,0.0,0.0,96
3,Structured+Lexicon,Logistic,total_bc_limit,structured,0.0,0.0,97
3,Structured+Lexicon,Logistic,total_il_high_credit_limit,structured,0.0,0.0,99
3,Structured+Lexicon,Logistic,total_rev_hi_lim,structured,0.0,0.0,98
3,Structured+Lexicon,Logistic,fico_midpoint,structured,0.151884,0.025824,11
3,Structured+Lexicon,Logistic,credit_history_months,structured,0.101402,0.017241,14
3,Structured+Lexicon,Logistic,initial_list_status_w,structured,0.0,0.0,101
3,Structured+Lexicon,Logistic,addr_state_AL,structured,0.079916,0.013588,22
3,Structured+Lexicon,Logistic,addr_state_AR,structured,0.027738,0.004716,58
3,Structured+Lexicon,Logistic,addr_state_AZ,structured,0.046838,0.007964,40
3,Structured+Lexicon,Logistic,addr_state_CA,structured,0.034588,0.005881,48
3,Structured+Lexicon,Logistic,addr_state_CO,structured,0.007347,0.001249,82
3,Structured+Lexicon,Logistic,addr_state_CT,structured,0.0697,0.011851,25
3,Structured+Lexicon,Logistic,addr_state_DC,structured,0.169776,0.028866,9
3,Structured+Lexicon,Logistic,addr_state_DE,structured,0.014432,0.002454,73
3,Structured+Lexicon,Logistic,addr_state_FL,structured,0.036309,0.006173,46
3,Structured+Lexicon,Logistic,addr_state_GA,structured,0.002987,0.000508,85
3,Structured+Lexicon,Logistic,addr_state_HI,structured,0.013076,0.002223,75
3,Structured+Lexicon,Logistic,addr_state_IA,structured,0.041797,0.007106,44
3,Structured+Lexicon,Logistic,addr_state_ID,structured,0.0,0.0,88
3,Structured+Lexicon,Logistic,addr_state_IL,structured,0.084291,0.014331,19
3,Structured+Lexicon,Logistic,addr_state_IN,structured,0.0,0.0,89
3,Structured+Lexicon,Logistic,addr_state_KS,structured,0.012449,0.002117,77
3,Structured+Lexicon,Logistic,addr_state_KY,structured,0.043232,0.00735,42
3,Structured+Lexicon,Logistic,addr_state_LA,structured,0.011405,0.001939,79
3,Structured+Lexicon,Logistic,addr_state_MA,structured,0.050052,0.00851,38
3,Structured+Lexicon,Logistic,addr_state_MD,structured,0.018313,0.003114,71
3,Structured+Lexicon,Logistic,addr_state_MI,structured,0.054049,0.00919,36
3,Structured+Lexicon,Logistic,addr_state_MN,structured,0.022987,0.003908,65
3,Structured+Lexicon,Logistic,addr_state_MO,structured,0.022655,0.003852,66
3,Structured+Lexicon,Logistic,addr_state_MS,structured,0.0,0.0,93
3,Structured+Lexicon,Logistic,addr_state_MT,structured,0.038141,0.006485,45
3,Structured+Lexicon,Logistic,addr_state_NC,structured,0.018578,0.003159,70
3,Structured+Lexicon,Logistic,addr_state_NE,structured,0.0,0.0,92
3,Structured+Lexicon,Logistic,addr_state_NH,structured,0.019204,0.003265,69
3,Structured+Lexicon,Logistic,addr_state_NJ,structured,0.026627,0.004527,60
3,Structured+Lexicon,Logistic,addr_state_NM,structured,0.013569,0.002307,74
3,Structured+Lexicon,Logistic,addr_state_NV,structured,0.044054,0.00749,41
3,Structured+Lexicon,Logistic,addr_state_NY,structured,0.031388,0.005337,54
3,Structured+Lexicon,Logistic,addr_state_OH,structured,0.068767,0.011692,26
3,Structured+Lexicon,Logistic,addr_state_OK,structured,0.031768,0.005401,52
3,Structured+Lexicon,Logistic,addr_state_OR,structured,0.022214,0.003777,67
3,Structured+Lexicon,Logistic,addr_state_PA,structured,0.088471,0.015042,16
3,Structured+Lexicon,Logistic,addr_state_RI,structured,0.031945,0.005431,51
3,Structured+Lexicon,Logistic,addr_state_SC,structured,0.001182,0.000201,86
3,Structured+Lexicon,Logistic,addr_state_SD,structured,0.005954,0.001012,83
3,Structured+Lexicon,Logistic,addr_state_TN,structured,0.0,0.0,91
3,Structured+Lexicon,Logistic,addr_state_TX,structured,0.083366,0.014174,20
3,Structured+Lexicon,Logistic,addr_state_UT,structured,0.023275,0.003957,64
3,Structured+Lexicon,Logistic,addr_state_VA,structured,0.056253,0.009564,35
3,Structured+Lexicon,Logistic,addr_state_VT,structured,0.012384,0.002106,78
3,Structured+Lexicon,Logistic,addr_state_WA,structured,0.008567,0.001457,81
3,Structured+Lexicon,Logistic,addr_state_WI,structured,0.013,0.00221,76
3,Structured+Lexicon,Logistic,addr_state_WV,structured,0.031695,0.005389,53
3,Structured+Lexicon,Logistic,addr_state_WY,structured,0.24134,0.041033,5
3,Structured+Lexicon,Logistic,purpose_credit_card,structured,0.06523,0.011091,28
3,Structured+Lexicon,Logistic,purpose_debt_consolidation,structured,0.198176,0.033694,7
3,Structured+Lexicon,Logistic,purpose_educational,structured,0.06147,0.010451,31
3,Structured+Lexicon,Logistic,purpose_home_improvement,structured,0.073663,0.012524,24
3,Structured+Lexicon,Logistic,purpose_house,structured,0.033756,0.005739,49
3,Structured+Lexicon,Logistic,purpose_major_purchase,structured,0.085236,0.014492,18
3,Structured+Lexicon,Logistic,purpose_medical,structured,0.067243,0.011433,27
3,Structured+Lexicon,Logistic,purpose_moving,structured,0.062208,0.010577,30
3,Structured+Lexicon,Logistic,purpose_other,structured,0.173773,0.029545,8
3,Structured+Lexicon,Logistic,purpose_renewable_energy,structured,0.082408,0.014011,21
3,Structured+Lexicon,Logistic,purpose_vacation,structured,0.086649,0.014732,17
3,Structured+Lexicon,Logistic,purpose_wedding,structured,0.022058,0.00375,68
3,Structured+Lexicon,Logistic,home_ownership_NONE,structured,0.0,0.0,90
3,Structured+Lexicon,Logistic,home_ownership_OTHER,structured,0.093061,0.015823,15
3,Structured+Lexicon,Logistic,home_ownership_OWN,structured,0.026129,0.004442,62
3,Structured+Lexicon,Logistic,home_ownership_RENT,structured,0.032324,0.005496,50
3,Structured+Lexicon,Logistic,verification_status_Source Verified,structured,0.027228,0.004629,59
3,Structured+Lexicon,Logistic,verification_status_Verified,structured,0.026255,0.004464,61
3,Structured+Lexicon,Logistic,grade_ord,structured,0.029154,0.004957,57
3,Structured+Lexicon,Logistic,sub_grade_ord,structured,0.116864,0.01987,13
3,Structured+Lexicon,Logistic,risk_word_count,lexicon,0.048178,0.008191,39
3,Structured+Lexicon,Logistic,risk_word_density,lexicon,0.057947,0.009852,33
3,Structured+Lexicon,Logistic,risk_word_flag,lexicon,0.02963,0.005038,55
3,Structured+Lexicon,Logistic,distress_debt_pressure_count,lexicon,0.075358,0.012813,23
3,Structured+Lexicon,Logistic,distress_liquidity_shortage_count,lexicon,0.029551,0.005024,56
3,Structured+Lexicon,Logistic,distress_medical_life_shock_count,lexicon,0.063329,0.010767,29
3,Structured+Lexicon,Logistic,distress_refinancing_burden_count,lexicon,0.042833,0.007283,43
3,Structured+Lexicon,XGBoost,acc_now_delinq,structured,0.0,0.0,133
3,Structured+Lexicon,XGBoost,acc_open_past_24mths,structured,0.0,0.0,132
3,Structured+Lexicon,XGBoost,annual_inc,structured,29.08704,0.016584,5
3,Structured+Lexicon,XGBoost,avg_cur_bal,structured,0.0,0.0,131
3,Structured+Lexicon,XGBoost,bc_open_to_buy,structured,0.0,0.0,130
3,Structured+Lexicon,XGBoost,bc_util,structured,0.0,0.0,128
3,Structured+Lexicon,XGBoost,chargeoff_within_12_mths,structured,0.0,0.0,129
3,Structured+Lexicon,XGBoost,collections_12_mths_ex_med,structured,0.0,0.0,127
3,Structured+Lexicon,XGBoost,delinq_2yrs,structured,15.042627,0.008577,69
3,Structured+Lexicon,XGBoost,delinq_amnt,structured,0.0,0.0,126
3,Structured+Lexicon,XGBoost,dti,structured,21.092813,0.012026,28
3,Structured+Lexicon,XGBoost,emp_length,structured,18.950846,0.010805,40
3,Structured+Lexicon,XGBoost,inq_last_6mths,structured,29.006628,0.016538,6
3,Structured+Lexicon,XGBoost,int_rate,structured,55.369499,0.03157,4
3,Structured+Lexicon,XGBoost,loan_amnt,structured,17.716883,0.010101,50
3,Structured+Lexicon,XGBoost,mo_sin_old_il_acct,structured,0.0,0.0,125
3,Structured+Lexicon,XGBoost,mo_sin_old_rev_tl_op,structured,0.0,0.0,118
3,Structured+Lexicon,XGBoost,mo_sin_rcnt_rev_tl_op,structured,0.0,0.0,119
3,Structured+Lexicon,XGBoost,mo_sin_rcnt_tl,structured,0.0,0.0,120
3,Structured+Lexicon,XGBoost,mort_acc,structured,0.0,0.0,121
3,Structured+Lexicon,XGBoost,mths_since_last_delinq,structured,19.541433,0.011142,37
3,Structured+Lexicon,XGBoost,mths_since_last_major_derog,structured,0.0,0.0,122
3,Structured+Lexicon,XGBoost,mths_since_last_record,structured,24.410055,0.013918,9
3,Structured+Lexicon,XGBoost,mths_since_recent_bc,structured,0.0,0.0,123
3,Structured+Lexicon,XGBoost,mths_since_recent_bc_dlq,structured,0.0,0.0,111
3,Structured+Lexicon,XGBoost,mths_since_recent_inq,structured,0.0,0.0,124
3,Structured+Lexicon,XGBoost,mths_since_recent_revol_delinq,structured,0.0,0.0,115
3,Structured+Lexicon,XGBoost,num_accts_ever_120_pd,structured,0.0,0.0,114
3,Structured+Lexicon,XGBoost,num_actv_bc_tl,structured,0.0,0.0,117
3,Structured+Lexicon,XGBoost,num_actv_rev_tl,structured,0.0,0.0,116
3,Structured+Lexicon,XGBoost,num_bc_sats,structured,0.0,0.0,113
3,Structured+Lexicon,XGBoost,num_bc_tl,structured,0.0,0.0,112
3,Structured+Lexicon,XGBoost,num_il_tl,structured,0.0,0.0,102
3,Structured+Lexicon,XGBoost,num_op_rev_tl,structured,0.0,0.0,103
3,Structured+Lexicon,XGBoost,num_rev_accts,structured,0.0,0.0,104
3,Structured+Lexicon,XGBoost,num_tl_120dpd_2m,structured,0.0,0.0,105
3,Structured+Lexicon,XGBoost,num_tl_30dpd,structured,0.0,0.0,106
3,Structured+Lexicon,XGBoost,num_tl_90g_dpd_24m,structured,0.0,0.0,107
3,Structured+Lexicon,XGBoost,num_tl_op_past_12m,structured,0.0,0.0,108
3,Structured+Lexicon,XGBoost,open_acc,structured,16.819576,0.00959,57
3,Structured+Lexicon,XGBoost,pct_tl_nvr_dlq,structured,0.0,0.0,109
3,Structured+Lexicon,XGBoost,percent_bc_gt_75,structured,0.0,0.0,100
3,Structured+Lexicon,XGBoost,pub_rec,structured,15.779894,0.008997,67
3,Structured+Lexicon,XGBoost,pub_rec_bankruptcies,structured,28.306437,0.016139,7
3,Structured+Lexicon,XGBoost,revol_bal,structured,23.302752,0.013286,12
3,Structured+Lexicon,XGBoost,revol_util,structured,23.771832,0.013554,11
3,Structured+Lexicon,XGBoost,tax_liens,structured,0.0,0.0,110
3,Structured+Lexicon,XGBoost,term,structured,83.730606,0.04774,1
3,Structured+Lexicon,XGBoost,tot_coll_amt,structured,0.0,0.0,94
3,Structured+Lexicon,XGBoost,tot_cur_bal,structured,0.0,0.0,95
3,Structured+Lexicon,XGBoost,total_acc,structured,20.948427,0.011944,31
3,Structured+Lexicon,XGBoost,total_bal_ex_mort,structured,0.0,0.0,96
3,Structured+Lexicon,XGBoost,total_bc_limit,structured,0.0,0.0,97
3,Structured+Lexicon,XGBoost,total_il_high_credit_limit,structured,0.0,0.0,99
3,Structured+Lexicon,XGBoost,total_rev_hi_lim,structured,0.0,0.0,98
3,Structured+Lexicon,XGBoost,fico_midpoint,structured,24.126038,0.013756,10
3,Structured+Lexicon,XGBoost,credit_history_months,structured,21.348171,0.012172,24
3,Structured+Lexicon,XGBoost,initial_list_status_w,structured,0.0,0.0,101
3,Structured+Lexicon,XGBoost,addr_state_AL,structured,20.878521,0.011904,32
3,Structured+Lexicon,XGBoost,addr_state_AR,structured,15.938195,0.009087,64
3,Structured+Lexicon,XGBoost,addr_state_AZ,structured,15.884693,0.009057,65
3,Structured+Lexicon,XGBoost,addr_state_CA,structured,21.458765,0.012235,23
3,Structured+Lexicon,XGBoost,addr_state_CO,structured,16.212152,0.009244,60
3,Structured+Lexicon,XGBoost,addr_state_CT,structured,21.544783,0.012284,22
3,Structured+Lexicon,XGBoost,addr_state_DC,structured,20.787827,0.011852,33
3,Structured+Lexicon,XGBoost,addr_state_DE,structured,16.264235,0.009273,59
3,Structured+Lexicon,XGBoost,addr_state_FL,structured,21.778467,0.012417,21
3,Structured+Lexicon,XGBoost,addr_state_GA,structured,19.624611,0.011189,36
3,Structured+Lexicon,XGBoost,addr_state_HI,structured,12.284162,0.007004,76
3,Structured+Lexicon,XGBoost,addr_state_IA,structured,0.0,0.0,87
3,Structured+Lexicon,XGBoost,addr_state_ID,structured,0.0,0.0,86
3,Structured+Lexicon,XGBoost,addr_state_IL,structured,22.950197,0.013085,15
3,Structured+Lexicon,XGBoost,addr_state_IN,structured,0.0,0.0,88
3,Structured+Lexicon,XGBoost,addr_state_KS,structured,15.844853,0.009034,66
3,Structured+Lexicon,XGBoost,addr_state_KY,structured,13.947851,0.007953,72
3,Structured+Lexicon,XGBoost,addr_state_LA,structured,12.508149,0.007132,74
3,Structured+Lexicon,XGBoost,addr_state_MA,structured,17.994526,0.01026,47
3,Structured+Lexicon,XGBoost,addr_state_MD,structured,10.774774,0.006143,79
3,Structured+Lexicon,XGBoost,addr_state_MI,structured,20.523767,0.011702,34
3,Structured+Lexicon,XGBoost,addr_state_MN,structured,17.000198,0.009693,55
3,Structured+Lexicon,XGBoost,addr_state_MO,structured,17.730639,0.010109,49
3,Structured+Lexicon,XGBoost,addr_state_MS,structured,0.0,0.0,89
3,Structured+Lexicon,XGBoost,addr_state_MT,structured,9.102347,0.00519,82
3,Structured+Lexicon,XGBoost,addr_state_NC,structured,17.613665,0.010043,52
3,Structured+Lexicon,XGBoost,addr_state_NE,structured,0.0,0.0,90
3,Structured+Lexicon,XGBoost,addr_state_NH,structured,21.287884,0.012138,25
3,Structured+Lexicon,XGBoost,addr_state_NJ,structured,16.919725,0.009647,56
3,Structured+Lexicon,XGBoost,addr_state_NM,structured,23.058563,0.013147,14
3,Structured+Lexicon,XGBoost,addr_state_NV,structured,21.087641,0.012023,29
3,Structured+Lexicon,XGBoost,addr_state_NY,structured,18.215664,0.010386,46
3,Structured+Lexicon,XGBoost,addr_state_OH,structured,18.217438,0.010387,45
3,Structured+Lexicon,XGBoost,addr_state_OK,structured,17.300385,0.009864,53
3,Structured+Lexicon,XGBoost,addr_state_OR,structured,21.260296,0.012122,26
3,Structured+Lexicon,XGBoost,addr_state_PA,structured,18.724083,0.010676,41
3,Structured+Lexicon,XGBoost,addr_state_RI,structured,16.131546,0.009198,61
3,Structured+Lexicon,XGBoost,addr_state_SC,structured,17.811018,0.010155,48
3,Structured+Lexicon,XGBoost,addr_state_SD,structured,0.0,0.0,93
3,Structured+Lexicon,XGBoost,addr_state_TN,structured,0.0,0.0,92
3,Structured+Lexicon,XGBoost,addr_state_TX,structured,19.232275,0.010965,38
3,Structured+Lexicon,XGBoost,addr_state_UT,structured,11.543875,0.006582,77
3,Structured+Lexicon,XGBoost,addr_state_VA,structured,18.721359,0.010674,42
3,Structured+Lexicon,XGBoost,addr_state_VT,structured,9.33301,0.005321,81
3,Structured+Lexicon,XGBoost,addr_state_WA,structured,16.045822,0.009149,62
3,Structured+Lexicon,XGBoost,addr_state_WI,structured,16.270761,0.009277,58
3,Structured+Lexicon,XGBoost,addr_state_WV,structured,16.003216,0.009124,63
3,Structured+Lexicon,XGBoost,addr_state_WY,structured,12.372968,0.007055,75
3,Structured+Lexicon,XGBoost,purpose_credit_card,structured,22.665359,0.012923,17
3,Structured+Lexicon,XGBoost,purpose_debt_consolidation,structured,18.583042,0.010595,43
3,Structured+Lexicon,XGBoost,purpose_educational,structured,10.028366,0.005718,80
3,Structured+Lexicon,XGBoost,purpose_home_improvement,structured,17.698708,0.010091,51
3,Structured+Lexicon,XGBoost,purpose_house,structured,0.0,0.0,91
3,Structured+Lexicon,XGBoost,purpose_major_purchase,structured,14.872797,0.00848,70
3,Structured+Lexicon,XGBoost,purpose_medical,structured,21.900564,0.012487,20
3,Structured+Lexicon,XGBoost,purpose_moving,structured,11.278728,0.006431,78
3,Structured+Lexicon,XGBoost,purpose_other,structured,20.159569,0.011494,35
3,Structured+Lexicon,XGBoost,purpose_renewable_energy,structured,23.164011,0.013207,13
3,Structured+Lexicon,XGBoost,purpose_vacation,structured,18.237204,0.010398,44
3,Structured+Lexicon,XGBoost,purpose_wedding,structured,22.066767,0.012582,18
3,Structured+Lexicon,XGBoost,home_ownership_NONE,structured,0.0,0.0,85
3,Structured+Lexicon,XGBoost,home_ownership_OTHER,structured,7.751286,0.004419,83
3,Structured+Lexicon,XGBoost,home_ownership_OWN,structured,21.192583,0.012083,27
3,Structured+Lexicon,XGBoost,home_ownership_RENT,structured,22.717999,0.012953,16
3,Structured+Lexicon,XGBoost,verification_status_Source Verified,structured,21.006912,0.011977,30
3,Structured+Lexicon,XGBoost,verification_status_Verified,structured,13.661062,0.007789,73
3,Structured+Lexicon,XGBoost,grade_ord,structured,81.716911,0.046592,2
3,Structured+Lexicon,XGBoost,sub_grade_ord,structured,74.292824,0.042359,3
3,Structured+Lexicon,XGBoost,risk_word_count,lexicon,17.278244,0.009851,54
3,Structured+Lexicon,XGBoost,risk_word_density,lexicon,21.907217,0.012491,19
3,Structured+Lexicon,XGBoost,risk_word_flag,lexicon,0.0,0.0,84
3,Structured+Lexicon,XGBoost,distress_debt_pressure_count,lexicon,26.190512,0.014933,8
3,Structured+Lexicon,XGBoost,distress_liquidity_shortage_count,lexicon,15.127414,0.008625,68
3,Structured+Lexicon,XGBoost,distress_medical_life_shock_count,lexicon,19.079361,0.010878,39
3,Structured+Lexicon,XGBoost,distress_refinancing_burden_count,lexicon,14.775866,0.008425,71
3,Structured+Lexicon,RandomForest,acc_now_delinq,structured,0.0,0.0,133
3,Structured+Lexicon,RandomForest,acc_open_past_24mths,structured,0.0,0.0,132
3,Structured+Lexicon,RandomForest,annual_inc,structured,0.07506,0.07506,3
3,Structured+Lexicon,RandomForest,avg_cur_bal,structured,0.0,0.0,131
3,Structured+Lexicon,RandomForest,bc_open_to_buy,structured,0.0,0.0,130
3,Structured+Lexicon,RandomForest,bc_util,structured,0.0,0.0,128
3,Structured+Lexicon,RandomForest,chargeoff_within_12_mths,structured,0.0,0.0,129
3,Structured+Lexicon,RandomForest,collections_12_mths_ex_med,structured,0.0,0.0,127
3,Structured+Lexicon,RandomForest,delinq_2yrs,structured,0.002583,0.002583,35
3,Structured+Lexicon,RandomForest,delinq_amnt,structured,0.0,0.0,126
3,Structured+Lexicon,RandomForest,dti,structured,0.048373,0.048373,9
3,Structured+Lexicon,RandomForest,emp_length,structured,0.025876,0.025876,16
3,Structured+Lexicon,RandomForest,inq_last_6mths,structured,0.030244,0.030244,14
3,Structured+Lexicon,RandomForest,int_rate,structured,0.096025,0.096025,1
3,Structured+Lexicon,RandomForest,loan_amnt,structured,0.038718,0.038718,11
3,Structured+Lexicon,RandomForest,mo_sin_old_il_acct,structured,0.0,0.0,125
3,Structured+Lexicon,RandomForest,mo_sin_old_rev_tl_op,structured,0.0,0.0,118
3,Structured+Lexicon,RandomForest,mo_sin_rcnt_rev_tl_op,structured,0.0,0.0,119
3,Structured+Lexicon,RandomForest,mo_sin_rcnt_tl,structured,0.0,0.0,120
3,Structured+Lexicon,RandomForest,mort_acc,structured,0.0,0.0,121
3,Structured+Lexicon,RandomForest,mths_since_last_delinq,structured,0.021045,0.021045,17
3,Structured+Lexicon,RandomForest,mths_since_last_major_derog,structured,0.0,0.0,122
3,Structured+Lexicon,RandomForest,mths_since_last_record,structured,0.008791,0.008791,20
3,Structured+Lexicon,RandomForest,mths_since_recent_bc,structured,0.0,0.0,123
3,Structured+Lexicon,RandomForest,mths_since_recent_bc_dlq,structured,0.0,0.0,111
3,Structured+Lexicon,RandomForest,mths_since_recent_inq,structured,0.0,0.0,124
3,Structured+Lexicon,RandomForest,mths_since_recent_revol_delinq,structured,0.0,0.0,115
3,Structured+Lexicon,RandomForest,num_accts_ever_120_pd,structured,0.0,0.0,114
3,Structured+Lexicon,RandomForest,num_actv_bc_tl,structured,0.0,0.0,117
3,Structured+Lexicon,RandomForest,num_actv_rev_tl,structured,0.0,0.0,116
3,Structured+Lexicon,RandomForest,num_bc_sats,structured,0.0,0.0,113
3,Structured+Lexicon,RandomForest,num_bc_tl,structured,0.0,0.0,112
3,Structured+Lexicon,RandomForest,num_il_tl,structured,0.0,0.0,102
3,Structured+Lexicon,RandomForest,num_op_rev_tl,structured,0.0,0.0,103
3,Structured+Lexicon,RandomForest,num_rev_accts,structured,0.0,0.0,104
3,Structured+Lexicon,RandomForest,num_tl_120dpd_2m,structured,0.0,0.0,105
3,Structured+Lexicon,RandomForest,num_tl_30dpd,structured,0.0,0.0,106
3,Structured+Lexicon,RandomForest,num_tl_90g_dpd_24m,structured,0.0,0.0,107
3,Structured+Lexicon,RandomForest,num_tl_op_past_12m,structured,0.0,0.0,108
3,Structured+Lexicon,RandomForest,open_acc,structured,0.028916,0.028916,15
3,Structured+Lexicon,RandomForest,pct_tl_nvr_dlq,structured,0.0,0.0,109
3,Structured+Lexicon,RandomForest,percent_bc_gt_75,structured,0.0,0.0,100
3,Structured+Lexicon,RandomForest,pub_rec,structured,0.005979,0.005979,24
3,Structured+Lexicon,RandomForest,pub_rec_bankruptcies,structured,0.004597,0.004597,30
3,Structured+Lexicon,RandomForest,revol_bal,structured,0.047864,0.047864,10
3,Structured+Lexicon,RandomForest,revol_util,structured,0.059503,0.059503,6
3,Structured+Lexicon,RandomForest,tax_liens,structured,0.0,0.0,110
3,Structured+Lexicon,RandomForest,term,structured,0.061447,0.061447,4
3,Structured+Lexicon,RandomForest,tot_coll_amt,structured,0.0,0.0,94
3,Structured+Lexicon,RandomForest,tot_cur_bal,structured,0.0,0.0,95
3,Structured+Lexicon,RandomForest,total_acc,structured,0.038694,0.038694,12
3,Structured+Lexicon,RandomForest,total_bal_ex_mort,structured,0.0,0.0,96
3,Structured+Lexicon,RandomForest,total_bc_limit,structured,0.0,0.0,97
3,Structured+Lexicon,RandomForest,total_il_high_credit_limit,structured,0.0,0.0,99
3,Structured+Lexicon,RandomForest,total_rev_hi_lim,structured,0.0,0.0,98
3,Structured+Lexicon,RandomForest,fico_midpoint,structured,0.053939,0.053939,7
3,Structured+Lexicon,RandomForest,credit_history_months,structured,0.048544,0.048544,8
3,Structured+Lexicon,RandomForest,initial_list_status_w,structured,0.0,0.0,101
3,Structured+Lexicon,RandomForest,addr_state_AL,structured,0.000223,0.000223,60
3,Structured+Lexicon,RandomForest,addr_state_AR,structured,3e-05,3e-05,75
3,Structured+Lexicon,RandomForest,addr_state_AZ,structured,0.000498,0.000498,50
3,Structured+Lexicon,RandomForest,addr_state_CA,structured,0.004675,0.004675,28
3,Structured+Lexicon,RandomForest,addr_state_CO,structured,0.00024,0.00024,59
3,Structured+Lexicon,RandomForest,addr_state_CT,structured,0.000348,0.000348,55
3,Structured+Lexicon,RandomForest,addr_state_DC,structured,0.000655,0.000655,48
3,Structured+Lexicon,RandomForest,addr_state_DE,structured,1.2e-05,1.2e-05,79
3,Structured+Lexicon,RandomForest,addr_state_FL,structured,0.002693,0.002693,34
3,Structured+Lexicon,RandomForest,addr_state_GA,structured,0.000926,0.000926,45
3,Structured+Lexicon,RandomForest,addr_state_HI,structured,0.0,0.0,88
3,Structured+Lexicon,RandomForest,addr_state_IA,structured,0.0,0.0,86
3,Structured+Lexicon,RandomForest,addr_state_ID,structured,0.0,0.0,87
3,Structured+Lexicon,RandomForest,addr_state_IL,structured,0.001726,0.001726,38
3,Structured+Lexicon,RandomForest,addr_state_IN,structured,0.0,0.0,89
3,Structured+Lexicon,RandomForest,addr_state_KS,structured,5e-06,5e-06,80
3,Structured+Lexicon,RandomForest,addr_state_KY,structured,5.3e-05,5.3e-05,70
3,Structured+Lexicon,RandomForest,addr_state_LA,structured,9e-05,9e-05,67
3,Structured+Lexicon,RandomForest,addr_state_MA,structured,0.001097,0.001097,44
3,Structured+Lexicon,RandomForest,addr_state_MD,structured,0.000288,0.000288,57
3,Structured+Lexicon,RandomForest,addr_state_MI,structured,0.00066,0.00066,47
3,Structured+Lexicon,RandomForest,addr_state_MN,structured,0.000127,0.000127,62
3,Structured+Lexicon,RandomForest,addr_state_MO,structured,0.000489,0.000489,51
3,Structured+Lexicon,RandomForest,addr_state_MS,structured,0.0,0.0,92
3,Structured+Lexicon,RandomForest,addr_state_MT,structured,0.0,0.0,90
3,Structured+Lexicon,RandomForest,addr_state_NC,structured,0.000111,0.000111,63
3,Structured+Lexicon,RandomForest,addr_state_NE,structured,0.0,0.0,91
3,Structured+Lexicon,RandomForest,addr_state_NH,structured,1.7e-05,1.7e-05,78
3,Structured+Lexicon,RandomForest,addr_state_NJ,structured,0.001619,0.001619,41
3,Structured+Lexicon,RandomForest,addr_state_NM,structured,2.8e-05,2.8e-05,76
3,Structured+Lexicon,RandomForest,addr_state_NV,structured,0.000213,0.000213,61
3,Structured+Lexicon,RandomForest,addr_state_NY,structured,0.002779,0.002779,33
3,Structured+Lexicon,RandomForest,addr_state_OH,structured,0.000476,0.000476,52
3,Structured+Lexicon,RandomForest,addr_state_OK,structured,3.1e-05,3.1e-05,73
3,Structured+Lexicon,RandomForest,addr_state_OR,structured,0.000106,0.000106,64
3,Structured+Lexicon,RandomForest,addr_state_PA,structured,0.001418,0.001418,42
3,Structured+Lexicon,RandomForest,addr_state_RI,structured,3e-05,3e-05,74
3,Structured+Lexicon,RandomForest,addr_state_SC,structured,6.9e-05,6.9e-05,69
3,Structured+Lexicon,RandomForest,addr_state_SD,structured,0.0,0.0,93
3,Structured+Lexicon,RandomForest,addr_state_TN,structured,0.0,0.0,84
3,Structured+Lexicon,RandomForest,addr_state_TX,structured,0.002046,0.002046,37
3,Structured+Lexicon,RandomForest,addr_state_UT,structured,3.6e-05,3.6e-05,72
3,Structured+Lexicon,RandomForest,addr_state_VA,structured,0.000689,0.000689,46
3,Structured+Lexicon,RandomForest,addr_state_VT,structured,0.0,0.0,83
3,Structured+Lexicon,RandomForest,addr_state_WA,structured,0.000256,0.000256,58
3,Structured+Lexicon,RandomForest,addr_state_WI,structured,9.2e-05,9.2e-05,65
3,Structured+Lexicon,RandomForest,addr_state_WV,structured,5e-06,5e-06,81
3,Structured+Lexicon,RandomForest,addr_state_WY,structured,1.8e-05,1.8e-05,77
3,Structured+Lexicon,RandomForest,purpose_credit_card,structured,0.004622,0.004622,29
3,Structured+Lexicon,RandomForest,purpose_debt_consolidation,structured,0.008373,0.008373,21
3,Structured+Lexicon,RandomForest,purpose_educational,structured,9.2e-05,9.2e-05,66
3,Structured+Lexicon,RandomForest,purpose_home_improvement,structured,0.001718,0.001718,39
3,Structured+Lexicon,RandomForest,purpose_house,structured,8.7e-05,8.7e-05,68
3,Structured+Lexicon,RandomForest,purpose_major_purchase,structured,0.001701,0.001701,40
3,Structured+Lexicon,RandomForest,purpose_medical,structured,0.000376,0.000376,53
3,Structured+Lexicon,RandomForest,purpose_moving,structured,0.000363,0.000363,54
3,Structured+Lexicon,RandomForest,purpose_other,structured,0.003534,0.003534,32
3,Structured+Lexicon,RandomForest,purpose_renewable_energy,structured,4.3e-05,4.3e-05,71
3,Structured+Lexicon,RandomForest,purpose_vacation,structured,0.000345,0.000345,56
3,Structured+Lexicon,RandomForest,purpose_wedding,structured,0.00122,0.00122,43
3,Structured+Lexicon,RandomForest,home_ownership_NONE,structured,0.0,0.0,82
3,Structured+Lexicon,RandomForest,home_ownership_OTHER,structured,0.0,0.0,85
3,Structured+Lexicon,RandomForest,home_ownership_OWN,structured,0.002568,0.002568,36
3,Structured+Lexicon,RandomForest,home_ownership_RENT,structured,0.007223,0.007223,22
3,Structured+Lexicon,RandomForest,verification_status_Source Verified,structured,0.004581,0.004581,31
3,Structured+Lexicon,RandomForest,verification_status_Verified,structured,0.005609,0.005609,25
3,Structured+Lexicon,RandomForest,grade_ord,structured,0.060949,0.060949,5
3,Structured+Lexicon,RandomForest,sub_grade_ord,structured,0.08875,0.08875,2
3,Structured+Lexicon,RandomForest,risk_word_count,lexicon,0.019145,0.019145,19
3,Structured+Lexicon,RandomForest,risk_word_density,lexicon,0.031173,0.031173,13
3,Structured+Lexicon,RandomForest,risk_word_flag,lexicon,0.005113,0.005113,26
3,Structured+Lexicon,RandomForest,distress_debt_pressure_count,lexicon,0.019496,0.019496,18
3,Structured+Lexicon,RandomForest,distress_liquidity_shortage_count,lexicon,0.006505,0.006505,23
3,Structured+Lexicon,RandomForest,distress_medical_life_shock_count,lexicon,0.00475,0.00475,27
3,Structured+Lexicon,RandomForest,distress_refinancing_burden_count,lexicon,0.000589,0.000589,49
4,Structured,Logistic,acc_now_delinq,structured,0.0,0.0,126
4,Structured,Logistic,acc_open_past_24mths,structured,0.0,0.0,125
4,Structured,Logistic,annual_inc,structured,0.380863,0.07413,2
4,Structured,Logistic,avg_cur_bal,structured,0.0,0.0,124
4,Structured,Logistic,bc_open_to_buy,structured,0.0,0.0,123
4,Structured,Logistic,bc_util,structured,0.0,0.0,121
4,Structured,Logistic,chargeoff_within_12_mths,structured,0.0,0.0,122
4,Structured,Logistic,collections_12_mths_ex_med,structured,0.0,0.0,120
4,Structured,Logistic,delinq_2yrs,structured,0.016005,0.003115,60
4,Structured,Logistic,delinq_amnt,structured,0.0,0.0,119
4,Structured,Logistic,dti,structured,0.015485,0.003014,62
4,Structured,Logistic,emp_length,structured,0.043092,0.008387,35
4,Structured,Logistic,inq_last_6mths,structured,0.201412,0.039202,5
4,Structured,Logistic,int_rate,structured,0.569732,0.110891,1
4,Structured,Logistic,loan_amnt,structured,0.020263,0.003944,55
4,Structured,Logistic,mo_sin_old_il_acct,structured,0.0,0.0,118
4,Structured,Logistic,mo_sin_old_rev_tl_op,structured,0.0,0.0,111
4,Structured,Logistic,mo_sin_rcnt_rev_tl_op,structured,0.0,0.0,112
4,Structured,Logistic,mo_sin_rcnt_tl,structured,0.0,0.0,113
4,Structured,Logistic,mort_acc,structured,0.0,0.0,114
4,Structured,Logistic,mths_since_last_delinq,structured,0.022996,0.004476,51
4,Structured,Logistic,mths_since_last_major_derog,structured,0.0,0.0,115
4,Structured,Logistic,mths_since_last_record,structured,0.119199,0.023201,11
4,Structured,Logistic,mths_since_recent_bc,structured,0.0,0.0,116
4,Structured,Logistic,mths_since_recent_bc_dlq,structured,0.0,0.0,104
4,Structured,Logistic,mths_since_recent_inq,structured,0.0,0.0,117
4,Structured,Logistic,mths_since_recent_revol_delinq,structured,0.0,0.0,108
4,Structured,Logistic,num_accts_ever_120_pd,structured,0.0,0.0,107
4,Structured,Logistic,num_actv_bc_tl,structured,0.0,0.0,110
4,Structured,Logistic,num_actv_rev_tl,structured,0.0,0.0,109
4,Structured,Logistic,num_bc_sats,structured,0.0,0.0,106
4,Structured,Logistic,num_bc_tl,structured,0.0,0.0,105
4,Structured,Logistic,num_il_tl,structured,0.0,0.0,95
4,Structured,Logistic,num_op_rev_tl,structured,0.0,0.0,96
4,Structured,Logistic,num_rev_accts,structured,0.0,0.0,97
4,Structured,Logistic,num_tl_120dpd_2m,structured,0.0,0.0,98
4,Structured,Logistic,num_tl_30dpd,structured,0.0,0.0,99
4,Structured,Logistic,num_tl_90g_dpd_24m,structured,0.0,0.0,100
4,Structured,Logistic,num_tl_op_past_12m,structured,0.0,0.0,101
4,Structured,Logistic,open_acc,structured,0.000341,6.6e-05,79
4,Structured,Logistic,pct_tl_nvr_dlq,structured,0.0,0.0,102
4,Structured,Logistic,percent_bc_gt_75,structured,0.0,0.0,93
4,Structured,Logistic,pub_rec,structured,0.021439,0.004173,54
4,Structured,Logistic,pub_rec_bankruptcies,structured,0.010362,0.002017,69
4,Structured,Logistic,revol_bal,structured,0.049889,0.00971,31
4,Structured,Logistic,revol_util,structured,0.158058,0.030764,9
4,Structured,Logistic,tax_liens,structured,0.0,0.0,103
4,Structured,Logistic,term,structured,0.322391,0.062749,3
4,Structured,Logistic,tot_coll_amt,structured,0.0,0.0,87
4,Structured,Logistic,tot_cur_bal,structured,0.0,0.0,88
4,Structured,Logistic,total_acc,structured,0.069293,0.013487,22
4,Structured,Logistic,total_bal_ex_mort,structured,0.0,0.0,89
4,Structured,Logistic,total_bc_limit,structured,0.0,0.0,90
4,Structured,Logistic,total_il_high_credit_limit,structured,0.0,0.0,92
4,Structured,Logistic,total_rev_hi_lim,structured,0.0,0.0,91
4,Structured,Logistic,fico_midpoint,structured,0.148116,0.028829,10
4,Structured,Logistic,credit_history_months,structured,0.098115,0.019097,12
4,Structured,Logistic,initial_list_status_w,structured,0.0,0.0,94
4,Structured,Logistic,addr_state_AL,structured,0.065547,0.012758,24
4,Structured,Logistic,addr_state_AR,structured,0.032366,0.0063,40
4,Structured,Logistic,addr_state_AZ,structured,0.02433,0.004736,50
4,Structured,Logistic,addr_state_CA,structured,0.093211,0.018142,14
4,Structured,Logistic,addr_state_CO,structured,0.013559,0.002639,64
4,Structured,Logistic,addr_state_CT,structured,0.034995,0.006811,37
4,Structured,Logistic,addr_state_DC,structured,0.174074,0.033881,7
4,Structured,Logistic,addr_state_DE,structured,0.02973,0.005787,43
4,Structured,Logistic,addr_state_FL,structured,0.08366,0.016283,17
4,Structured,Logistic,addr_state_GA,structured,0.025516,0.004966,49
4,Structured,Logistic,addr_state_HI,structured,8.6e-05,1.7e-05,80
4,Structured,Logistic,addr_state_IA,structured,0.031902,0.006209,42
4,Structured,Logistic,addr_state_ID,structured,0.0,0.0,81
4,Structured,Logistic,addr_state_IL,structured,0.054246,0.010558,29
4,Structured,Logistic,addr_state_IN,structured,0.0,0.0,82
4,Structured,Logistic,addr_state_KS,structured,0.003081,0.0006,75
4,Structured,Logistic,addr_state_KY,structured,0.009277,0.001806,71
4,Structured,Logistic,addr_state_LA,structured,0.027923,0.005435,46
4,Structured,Logistic,addr_state_MA,structured,0.012515,0.002436,66
4,Structured,Logistic,addr_state_MD,structured,0.001493,0.000291,77
4,Structured,Logistic,addr_state_MI,structured,0.033814,0.006581,39
4,Structured,Logistic,addr_state_MN,structured,0.010463,0.002037,67
4,Structured,Logistic,addr_state_MO,structured,0.027028,0.005261,47
4,Structured,Logistic,addr_state_MS,structured,0.0,0.0,86
4,Structured,Logistic,addr_state_MT,structured,0.015769,0.003069,61
4,Structured,Logistic,addr_state_NC,structured,0.010261,0.001997,70
4,Structured,Logistic,addr_state_NE,structured,0.0,0.0,85
4,Structured,Logistic,addr_state_NH,structured,0.012581,0.002449,65
4,Structured,Logistic,addr_state_NJ,structured,0.032113,0.00625,41
4,Structured,Logistic,addr_state_NM,structured,0.027933,0.005437,45
4,Structured,Logistic,addr_state_NV,structured,0.05793,0.011275,27
4,Structured,Logistic,addr_state_NY,structured,0.003361,0.000654,74
4,Structured,Logistic,addr_state_OH,structured,0.029048,0.005654,44
4,Structured,Logistic,addr_state_OK,structured,0.026279,0.005115,48
4,Structured,Logistic,addr_state_OR,structured,0.010378,0.00202,68
4,Structured,Logistic,addr_state_PA,structured,0.044692,0.008699,34
4,Structured,Logistic,addr_state_RI,structured,0.022104,0.004302,53
4,Structured,Logistic,addr_state_SC,structured,0.001215,0.000236,78
4,Structured,Logistic,addr_state_SD,structured,0.01905,0.003708,58
4,Structured,Logistic,addr_state_TN,structured,0.0,0.0,84
4,Structured,Logistic,addr_state_TX,structured,0.049419,0.009619,32
4,Structured,Logistic,addr_state_UT,structured,0.008572,0.001668,72
4,Structured,Logistic,addr_state_VA,structured,0.044798,0.008719,33
4,Structured,Logistic,addr_state_VT,structured,0.022748,0.004428,52
4,Structured,Logistic,addr_state_WA,structured,0.008437,0.001642,73
4,Structured,Logistic,addr_state_WI,structured,0.019109,0.003719,57
4,Structured,Logistic,addr_state_WV,structured,0.002825,0.00055,76
4,Structured,Logistic,addr_state_WY,structured,0.086802,0.016895,16
4,Structured,Logistic,purpose_credit_card,structured,0.071439,0.013905,21
4,Structured,Logistic,purpose_debt_consolidation,structured,0.188232,0.036637,6
4,Structured,Logistic,purpose_educational,structured,0.05584,0.010869,28
4,Structured,Logistic,purpose_home_improvement,structured,0.089993,0.017516,15
4,Structured,Logistic,purpose_house,structured,0.034969,0.006806,38
4,Structured,Logistic,purpose_major_purchase,structured,0.07241,0.014094,20
4,Structured,Logistic,purpose_medical,structured,0.060437,0.011763,26
4,Structured,Logistic,purpose_moving,structured,0.068786,0.013388,23
4,Structured,Logistic,purpose_other,structured,0.165305,0.032175,8
4,Structured,Logistic,purpose_renewable_energy,structured,0.082822,0.01612,18
4,Structured,Logistic,purpose_vacation,structured,0.095656,0.018618,13
4,Structured,Logistic,purpose_wedding,structured,0.018196,0.003542,59
4,Structured,Logistic,home_ownership_NONE,structured,0.0,0.0,83
4,Structured,Logistic,home_ownership_OTHER,structured,0.077623,0.015108,19
4,Structured,Logistic,home_ownership_OWN,structured,0.019302,0.003757,56
4,Structured,Logistic,home_ownership_RENT,structured,0.036317,0.007069,36
4,Structured,Logistic,verification_status_Source Verified,structured,0.051155,0.009957,30
4,Structured,Logistic,verification_status_Verified,structured,0.062906,0.012244,25
4,Structured,Logistic,grade_ord,structured,0.014068,0.002738,63
4,Structured,Logistic,sub_grade_ord,structured,0.260997,0.0508,4
4,Structured,XGBoost,acc_now_delinq,structured,0.0,0.0,126
4,Structured,XGBoost,acc_open_past_24mths,structured,0.0,0.0,125
4,Structured,XGBoost,annual_inc,structured,33.644478,0.019547,6
4,Structured,XGBoost,avg_cur_bal,structured,0.0,0.0,124
4,Structured,XGBoost,bc_open_to_buy,structured,0.0,0.0,123
4,Structured,XGBoost,bc_util,structured,0.0,0.0,121
4,Structured,XGBoost,chargeoff_within_12_mths,structured,0.0,0.0,122
4,Structured,XGBoost,collections_12_mths_ex_med,structured,0.0,0.0,120
4,Structured,XGBoost,delinq_2yrs,structured,22.022434,0.012795,26
4,Structured,XGBoost,delinq_amnt,structured,0.0,0.0,119
4,Structured,XGBoost,dti,structured,19.624874,0.011402,36
4,Structured,XGBoost,emp_length,structured,20.837812,0.012106,31
4,Structured,XGBoost,inq_last_6mths,structured,30.586582,0.01777,7
4,Structured,XGBoost,int_rate,structured,84.976135,0.04937,2
4,Structured,XGBoost,loan_amnt,structured,20.011007,0.011626,33
4,Structured,XGBoost,mo_sin_old_il_acct,structured,0.0,0.0,118
4,Structured,XGBoost,mo_sin_old_rev_tl_op,structured,0.0,0.0,111
4,Structured,XGBoost,mo_sin_rcnt_rev_tl_op,structured,0.0,0.0,112
4,Structured,XGBoost,mo_sin_rcnt_tl,structured,0.0,0.0,113
4,Structured,XGBoost,mort_acc,structured,0.0,0.0,114
4,Structured,XGBoost,mths_since_last_delinq,structured,18.096214,0.010514,46
4,Structured,XGBoost,mths_since_last_major_derog,structured,0.0,0.0,115
4,Structured,XGBoost,mths_since_last_record,structured,24.837536,0.01443,14
4,Structured,XGBoost,mths_since_recent_bc,structured,0.0,0.0,116
4,Structured,XGBoost,mths_since_recent_bc_dlq,structured,0.0,0.0,104
4,Structured,XGBoost,mths_since_recent_inq,structured,0.0,0.0,117
4,Structured,XGBoost,mths_since_recent_revol_delinq,structured,0.0,0.0,108
4,Structured,XGBoost,num_accts_ever_120_pd,structured,0.0,0.0,107
4,Structured,XGBoost,num_actv_bc_tl,structured,0.0,0.0,110
4,Structured,XGBoost,num_actv_rev_tl,structured,0.0,0.0,109
4,Structured,XGBoost,num_bc_sats,structured,0.0,0.0,106
4,Structured,XGBoost,num_bc_tl,structured,0.0,0.0,105
4,Structured,XGBoost,num_il_tl,structured,0.0,0.0,95
4,Structured,XGBoost,num_op_rev_tl,structured,0.0,0.0,96
4,Structured,XGBoost,num_rev_accts,structured,0.0,0.0,97
4,Structured,XGBoost,num_tl_120dpd_2m,structured,0.0,0.0,98
4,Structured,XGBoost,num_tl_30dpd,structured,0.0,0.0,99
4,Structured,XGBoost,num_tl_90g_dpd_24m,structured,0.0,0.0,100
4,Structured,XGBoost,num_tl_op_past_12m,structured,0.0,0.0,101
4,Structured,XGBoost,open_acc,structured,19.617205,0.011397,37
4,Structured,XGBoost,pct_tl_nvr_dlq,structured,0.0,0.0,102
4,Structured,XGBoost,percent_bc_gt_75,structured,0.0,0.0,93
4,Structured,XGBoost,pub_rec,structured,16.166656,0.009393,58
4,Structured,XGBoost,pub_rec_bankruptcies,structured,30.309988,0.01761,8
4,Structured,XGBoost,revol_bal,structured,22.034126,0.012802,25
4,Structured,XGBoost,revol_util,structured,25.044796,0.014551,13
4,Structured,XGBoost,tax_liens,structured,0.0,0.0,103
4,Structured,XGBoost,term,structured,88.269737,0.051283,1
4,Structured,XGBoost,tot_coll_amt,structured,0.0,0.0,87
4,Structured,XGBoost,tot_cur_bal,structured,0.0,0.0,88
4,Structured,XGBoost,total_acc,structured,22.3167,0.012966,23
4,Structured,XGBoost,total_bal_ex_mort,structured,0.0,0.0,89
4,Structured,XGBoost,total_bc_limit,structured,0.0,0.0,90
4,Structured,XGBoost,total_il_high_credit_limit,structured,0.0,0.0,92
4,Structured,XGBoost,total_rev_hi_lim,structured,0.0,0.0,91
4,Structured,XGBoost,fico_midpoint,structured,22.326553,0.012971,22
4,Structured,XGBoost,credit_history_months,structured,23.066687,0.013401,20
4,Structured,XGBoost,initial_list_status_w,structured,0.0,0.0,94
4,Structured,XGBoost,addr_state_AL,structured,18.5114,0.010755,44
4,Structured,XGBoost,addr_state_AR,structured,13.057525,0.007586,75
4,Structured,XGBoost,addr_state_AZ,structured,17.015543,0.009886,54
4,Structured,XGBoost,addr_state_CA,structured,23.343447,0.013562,18
4,Structured,XGBoost,addr_state_CO,structured,13.096264,0.007609,74
4,Structured,XGBoost,addr_state_CT,structured,19.746502,0.011472,35
4,Structured,XGBoost,addr_state_DC,structured,23.720436,0.013781,16
4,Structured,XGBoost,addr_state_DE,structured,17.423723,0.010123,52
4,Structured,XGBoost,addr_state_FL,structured,25.245569,0.014667,12
4,Structured,XGBoost,addr_state_GA,structured,15.760503,0.009157,60
4,Structured,XGBoost,addr_state_HI,structured,15.015164,0.008724,66
4,Structured,XGBoost,addr_state_IA,structured,0.0,0.0,80
4,Structured,XGBoost,addr_state_ID,structured,0.0,0.0,79
4,Structured,XGBoost,addr_state_IL,structured,26.147333,0.015191,11
4,Structured,XGBoost,addr_state_IN,structured,0.0,0.0,81
4,Structured,XGBoost,addr_state_KS,structured,14.705116,0.008543,68
4,Structured,XGBoost,addr_state_KY,structured,17.771194,0.010325,50
4,Structured,XGBoost,addr_state_LA,structured,15.916053,0.009247,59
4,Structured,XGBoost,addr_state_MA,structured,16.560251,0.009621,56
4,Structured,XGBoost,addr_state_MD,structured,15.274048,0.008874,64
4,Structured,XGBoost,addr_state_MI,structured,19.43852,0.011293,39
4,Structured,XGBoost,addr_state_MN,structured,15.740026,0.009145,61
4,Structured,XGBoost,addr_state_MO,structured,16.281992,0.00946,57
4,Structured,XGBoost,addr_state_MS,structured,0.0,0.0,82
4,Structured,XGBoost,addr_state_MT,structured,0.0,0.0,83
4,Structured,XGBoost,addr_state_NC,structured,20.710682,0.012033,32
4,Structured,XGBoost,addr_state_NE,structured,0.0,0.0,84
4,Structured,XGBoost,addr_state_NH,structured,28.743988,0.0167,9
4,Structured,XGBoost,addr_state_NJ,structured,16.763714,0.009739,55
4,Structured,XGBoost,addr_state_NM,structured,38.566822,0.022407,4
4,Structured,XGBoost,addr_state_NV,structured,24.387371,0.014169,15
4,Structured,XGBoost,addr_state_NY,structured,18.437519,0.010712,45
4,Structured,XGBoost,addr_state_OH,structured,19.30743,0.011217,41
4,Structured,XGBoost,addr_state_OK,structured,14.519729,0.008436,69
4,Structured,XGBoost,addr_state_OR,structured,17.499212,0.010167,51
4,Structured,XGBoost,addr_state_PA,structured,14.388512,0.00836,71
4,Structured,XGBoost,addr_state_RI,structured,17.991791,0.010453,48
4,Structured,XGBoost,addr_state_SC,structured,27.945715,0.016236,10
4,Structured,XGBoost,addr_state_SD,structured,13.45192,0.007815,73
4,Structured,XGBoost,addr_state_TN,structured,0.0,0.0,86
4,Structured,XGBoost,addr_state_TX,structured,18.584499,0.010797,43
4,Structured,XGBoost,addr_state_UT,structured,23.373772,0.01358,17
4,Structured,XGBoost,addr_state_VA,structured,18.0557,0.01049,47
4,Structured,XGBoost,addr_state_VT,structured,12.069028,0.007012,76
4,Structured,XGBoost,addr_state_WA,structured,22.790138,0.013241,21
4,Structured,XGBoost,addr_state_WI,structured,19.926228,0.011577,34
4,Structured,XGBoost,addr_state_WV,structured,14.233744,0.00827,72
4,Structured,XGBoost,addr_state_WY,structured,14.812586,0.008606,67
4,Structured,XGBoost,purpose_credit_card,structured,23.102573,0.013422,19
4,Structured,XGBoost,purpose_debt_consolidation,structured,21.697943,0.012606,28
4,Structured,XGBoost,purpose_educational,structured,11.86065,0.006891,77
4,Structured,XGBoost,purpose_home_improvement,structured,14.397034,0.008364,70
4,Structured,XGBoost,purpose_house,structured,15.242023,0.008855,65
4,Structured,XGBoost,purpose_major_purchase,structured,19.610302,0.011393,38
4,Structured,XGBoost,purpose_medical,structured,15.358217,0.008923,62
4,Structured,XGBoost,purpose_moving,structured,22.049202,0.01281,24
4,Structured,XGBoost,purpose_other,structured,21.185648,0.012309,29
4,Structured,XGBoost,purpose_renewable_energy,structured,21.139168,0.012282,30
4,Structured,XGBoost,purpose_vacation,structured,21.977976,0.012769,27
4,Structured,XGBoost,purpose_wedding,structured,18.836021,0.010943,42
4,Structured,XGBoost,home_ownership_NONE,structured,0.0,0.0,85
4,Structured,XGBoost,home_ownership_OTHER,structured,9.114248,0.005295,78
4,Structured,XGBoost,home_ownership_OWN,structured,17.849939,0.010371,49
4,Structured,XGBoost,home_ownership_RENT,structured,17.063246,0.009913,53
4,Structured,XGBoost,verification_status_Source Verified,structured,15.310856,0.008895,63
4,Structured,XGBoost,verification_status_Verified,structured,19.318325,0.011224,40
4,Structured,XGBoost,grade_ord,structured,57.660988,0.0335,3
4,Structured,XGBoost,sub_grade_ord,structured,38.319561,0.022263,5
4,Structured,RandomForest,acc_now_delinq,structured,0.0,0.0,126
4,Structured,RandomForest,acc_open_past_24mths,structured,0.0,0.0,125
4,Structured,RandomForest,annual_inc,structured,0.081354,0.081354,3
4,Structured,RandomForest,avg_cur_bal,structured,0.0,0.0,124
4,Structured,RandomForest,bc_open_to_buy,structured,0.0,0.0,123
4,Structured,RandomForest,bc_util,structured,0.0,0.0,121
4,Structured,RandomForest,chargeoff_within_12_mths,structured,0.0,0.0,122
4,Structured,RandomForest,collections_12_mths_ex_med,structured,0.0,0.0,120
4,Structured,RandomForest,delinq_2yrs,structured,0.003494,0.003494,28
4,Structured,RandomForest,delinq_amnt,structured,0.0,0.0,119
4,Structured,RandomForest,dti,structured,0.050729,0.050729,8
4,Structured,RandomForest,emp_length,structured,0.027024,0.027024,14
4,Structured,RandomForest,inq_last_6mths,structured,0.026897,0.026897,15
4,Structured,RandomForest,int_rate,structured,0.125134,0.125134,1
4,Structured,RandomForest,loan_amnt,structured,0.043253,0.043253,11
4,Structured,RandomForest,mo_sin_old_il_acct,structured,0.0,0.0,118
4,Structured,RandomForest,mo_sin_old_rev_tl_op,structured,0.0,0.0,111
4,Structured,RandomForest,mo_sin_rcnt_rev_tl_op,structured,0.0,0.0,112
4,Structured,RandomForest,mo_sin_rcnt_tl,structured,0.0,0.0,113
4,Structured,RandomForest,mort_acc,structured,0.0,0.0,114
4,Structured,RandomForest,mths_since_last_delinq,structured,0.022294,0.022294,16
4,Structured,RandomForest,mths_since_last_major_derog,structured,0.0,0.0,115
4,Structured,RandomForest,mths_since_last_record,structured,0.008751,0.008751,18
4,Structured,RandomForest,mths_since_recent_bc,structured,0.0,0.0,116
4,Structured,RandomForest,mths_since_recent_bc_dlq,structured,0.0,0.0,104
4,Structured,RandomForest,mths_since_recent_inq,structured,0.0,0.0,117
4,Structured,RandomForest,mths_since_recent_revol_delinq,structured,0.0,0.0,108
4,Structured,RandomForest,num_accts_ever_120_pd,structured,0.0,0.0,107
4,Structured,RandomForest,num_actv_bc_tl,structured,0.0,0.0,110
4,Structured,RandomForest,num_actv_rev_tl,structured,0.0,0.0,109
4,Structured,RandomForest,num_bc_sats,structured,0.0,0.0,106
4,Structured,RandomForest,num_bc_tl,structured,0.0,0.0,105
4,Structured,RandomForest,num_il_tl,structured,0.0,0.0,95
4,Structured,RandomForest,num_op_rev_tl,structured,0.0,0.0,96
4,Structured,RandomForest,num_rev_accts,structured,0.0,0.0,97
4,Structured,RandomForest,num_tl_120dpd_2m,structured,0.0,0.0,98
4,Structured,RandomForest,num_tl_30dpd,structured,0.0,0.0,99
4,Structured,RandomForest,num_tl_90g_dpd_24m,structured,0.0,0.0,100
4,Structured,RandomForest,num_tl_op_past_12m,structured,0.0,0.0,101
4,Structured,RandomForest,open_acc,structured,0.030737,0.030737,13
4,Structured,RandomForest,pct_tl_nvr_dlq,structured,0.0,0.0,102
4,Structured,RandomForest,percent_bc_gt_75,structured,0.0,0.0,93
4,Structured,RandomForest,pub_rec,structured,0.005682,0.005682,22
4,Structured,RandomForest,pub_rec_bankruptcies,structured,0.00439,0.00439,25
4,Structured,RandomForest,revol_bal,structured,0.049419,0.049419,10
4,Structured,RandomForest,revol_util,structured,0.065808,0.065808,6
4,Structured,RandomForest,tax_liens,structured,0.0,0.0,103
4,Structured,RandomForest,term,structured,0.07084,0.07084,5
4,Structured,RandomForest,tot_coll_amt,structured,0.0,0.0,87
4,Structured,RandomForest,tot_cur_bal,structured,0.0,0.0,88
4,Structured,RandomForest,total_acc,structured,0.041173,0.041173,12
4,Structured,RandomForest,total_bal_ex_mort,structured,0.0,0.0,89
4,Structured,RandomForest,total_bc_limit,structured,0.0,0.0,90
4,Structured,RandomForest,total_il_high_credit_limit,structured,0.0,0.0,92
4,Structured,RandomForest,total_rev_hi_lim,structured,0.0,0.0,91
4,Structured,RandomForest,fico_midpoint,structured,0.054887,0.054887,7
4,Structured,RandomForest,credit_history_months,structured,0.050489,0.050489,9
4,Structured,RandomForest,initial_list_status_w,structured,0.0,0.0,94
4,Structured,RandomForest,addr_state_AL,structured,0.000438,0.000438,50
4,Structured,RandomForest,addr_state_AR,structured,5.4e-05,5.4e-05,65
4,Structured,RandomForest,addr_state_AZ,structured,0.000604,0.000604,44
4,Structured,RandomForest,addr_state_CA,structured,0.005542,0.005542,23
4,Structured,RandomForest,addr_state_CO,structured,0.000285,0.000285,54
4,Structured,RandomForest,addr_state_CT,structured,0.000447,0.000447,49
4,Structured,RandomForest,addr_state_DC,structured,0.000774,0.000774,42
4,Structured,RandomForest,addr_state_DE,structured,1.1e-05,1.1e-05,74
4,Structured,RandomForest,addr_state_FL,structured,0.003889,0.003889,26
4,Structured,RandomForest,addr_state_GA,structured,0.001015,0.001015,38
4,Structured,RandomForest,addr_state_HI,structured,4e-06,4e-06,75
4,Structured,RandomForest,addr_state_IA,structured,0.0,0.0,80
4,Structured,RandomForest,addr_state_ID,structured,0.0,0.0,79
4,Structured,RandomForest,addr_state_IL,structured,0.001932,0.001932,34
4,Structured,RandomForest,addr_state_IN,structured,0.0,0.0,81
4,Structured,RandomForest,addr_state_KS,structured,3.2e-05,3.2e-05,70
4,Structured,RandomForest,addr_state_KY,structured,5.4e-05,5.4e-05,66
4,Structured,RandomForest,addr_state_LA,structured,0.000205,0.000205,57
4,Structured,RandomForest,addr_state_MA,structured,0.000996,0.000996,39
4,Structured,RandomForest,addr_state_MD,structured,0.000416,0.000416,51
4,Structured,RandomForest,addr_state_MI,structured,0.000534,0.000534,46
4,Structured,RandomForest,addr_state_MN,structured,0.000206,0.000206,56
4,Structured,RandomForest,addr_state_MO,structured,0.00051,0.00051,47
4,Structured,RandomForest,addr_state_MS,structured,0.0,0.0,82
4,Structured,RandomForest,addr_state_MT,structured,0.0,0.0,83
4,Structured,RandomForest,addr_state_NC,structured,0.000265,0.000265,55
4,Structured,RandomForest,addr_state_NE,structured,0.0,0.0,84
4,Structured,RandomForest,addr_state_NH,structured,4e-05,4e-05,68
4,Structured,RandomForest,addr_state_NJ,structured,0.001748,0.001748,35
4,Structured,RandomForest,addr_state_NM,structured,0.000128,0.000128,58
4,Structured,RandomForest,addr_state_NV,structured,0.000508,0.000508,48
4,Structured,RandomForest,addr_state_NY,structured,0.003261,0.003261,29
4,Structured,RandomForest,addr_state_OH,structured,0.000783,0.000783,41
4,Structured,RandomForest,addr_state_OK,structured,5.2e-05,5.2e-05,67
4,Structured,RandomForest,addr_state_OR,structured,0.000107,0.000107,61
4,Structured,RandomForest,addr_state_PA,structured,0.001308,0.001308,37
4,Structured,RandomForest,addr_state_RI,structured,1.7e-05,1.7e-05,73
4,Structured,RandomForest,addr_state_SC,structured,0.000107,0.000107,60
4,Structured,RandomForest,addr_state_SD,structured,0.0,0.0,86
4,Structured,RandomForest,addr_state_TN,structured,0.0,0.0,85
4,Structured,RandomForest,addr_state_TX,structured,0.002683,0.002683,30
4,Structured,RandomForest,addr_state_UT,structured,3.9e-05,3.9e-05,69
4,Structured,RandomForest,addr_state_VA,structured,0.001328,0.001328,36
4,Structured,RandomForest,addr_state_VT,structured,0.0,0.0,78
4,Structured,RandomForest,addr_state_WA,structured,0.00033,0.00033,53
4,Structured,RandomForest,addr_state_WI,structured,0.00012,0.00012,59
4,Structured,RandomForest,addr_state_WV,structured,3.1e-05,3.1e-05,71
4,Structured,RandomForest,addr_state_WY,structured,2.1e-05,2.1e-05,72
4,Structured,RandomForest,purpose_credit_card,structured,0.004774,0.004774,24
4,Structured,RandomForest,purpose_debt_consolidation,structured,0.008785,0.008785,17
4,Structured,RandomForest,purpose_educational,structured,7e-05,7e-05,64
4,Structured,RandomForest,purpose_home_improvement,structured,0.002264,0.002264,32
4,Structured,RandomForest,purpose_house,structured,8.3e-05,8.3e-05,63
4,Structured,RandomForest,purpose_major_purchase,structured,0.002125,0.002125,33
4,Structured,RandomForest,purpose_medical,structured,0.000377,0.000377,52
4,Structured,RandomForest,purpose_moving,structured,0.000597,0.000597,45
4,Structured,RandomForest,purpose_other,structured,0.0035,0.0035,27
4,Structured,RandomForest,purpose_renewable_energy,structured,0.000101,0.000101,62
4,Structured,RandomForest,purpose_vacation,structured,0.000619,0.000619,43
4,Structured,RandomForest,purpose_wedding,structured,0.000797,0.000797,40
4,Structured,RandomForest,home_ownership_NONE,structured,0.0,0.0,76
4,Structured,RandomForest,home_ownership_OTHER,structured,0.0,0.0,77
4,Structured,RandomForest,home_ownership_OWN,structured,0.002563,0.002563,31
4,Structured,RandomForest,home_ownership_RENT,structured,0.00739,0.00739,19
4,Structured,RandomForest,verification_status_Source Verified,structured,0.006052,0.006052,21
4,Structured,RandomForest,verification_status_Verified,structured,0.007254,0.007254,20
4,Structured,RandomForest,grade_ord,structured,0.073339,0.073339,4
4,Structured,RandomForest,sub_grade_ord,structured,0.086132,0.086132,2
4,Structured+Lexicon,Logistic,acc_now_delinq,structured,0.0,0.0,133
4,Structured+Lexicon,Logistic,acc_open_past_24mths,structured,0.0,0.0,132
4,Structured+Lexicon,Logistic,annual_inc,structured,0.381827,0.070706,2
4,Structured+Lexicon,Logistic,avg_cur_bal,structured,0.0,0.0,131
4,Structured+Lexicon,Logistic,bc_open_to_buy,structured,0.0,0.0,130
4,Structured+Lexicon,Logistic,bc_util,structured,0.0,0.0,128
4,Structured+Lexicon,Logistic,chargeoff_within_12_mths,structured,0.0,0.0,129
4,Structured+Lexicon,Logistic,collections_12_mths_ex_med,structured,0.0,0.0,127
4,Structured+Lexicon,Logistic,delinq_2yrs,structured,0.017431,0.003228,66
4,Structured+Lexicon,Logistic,delinq_amnt,structured,0.0,0.0,126
4,Structured+Lexicon,Logistic,dti,structured,0.015161,0.002808,68
4,Structured+Lexicon,Logistic,emp_length,structured,0.040344,0.007471,37
4,Structured+Lexicon,Logistic,inq_last_6mths,structured,0.199259,0.036899,6
4,Structured+Lexicon,Logistic,int_rate,structured,0.563569,0.104361,1
4,Structured+Lexicon,Logistic,loan_amnt,structured,0.033417,0.006188,44
4,Structured+Lexicon,Logistic,mo_sin_old_il_acct,structured,0.0,0.0,125
4,Structured+Lexicon,Logistic,mo_sin_old_rev_tl_op,structured,0.0,0.0,118
4,Structured+Lexicon,Logistic,mo_sin_rcnt_rev_tl_op,structured,0.0,0.0,119
4,Structured+Lexicon,Logistic,mo_sin_rcnt_tl,structured,0.0,0.0,120
4,Structured+Lexicon,Logistic,mort_acc,structured,0.0,0.0,121
4,Structured+Lexicon,Logistic,mths_since_last_delinq,structured,0.023828,0.004412,57
4,Structured+Lexicon,Logistic,mths_since_last_major_derog,structured,0.0,0.0,122
4,Structured+Lexicon,Logistic,mths_since_last_record,structured,0.116848,0.021638,11
4,Structured+Lexicon,Logistic,mths_since_recent_bc,structured,0.0,0.0,123
4,Structured+Lexicon,Logistic,mths_since_recent_bc_dlq,structured,0.0,0.0,111
4,Structured+Lexicon,Logistic,mths_since_recent_inq,structured,0.0,0.0,124
4,Structured+Lexicon,Logistic,mths_since_recent_revol_delinq,structured,0.0,0.0,115
4,Structured+Lexicon,Logistic,num_accts_ever_120_pd,structured,0.0,0.0,114
4,Structured+Lexicon,Logistic,num_actv_bc_tl,structured,0.0,0.0,117
4,Structured+Lexicon,Logistic,num_actv_rev_tl,structured,0.0,0.0,116
4,Structured+Lexicon,Logistic,num_bc_sats,structured,0.0,0.0,113
4,Structured+Lexicon,Logistic,num_bc_tl,structured,0.0,0.0,112
4,Structured+Lexicon,Logistic,num_il_tl,structured,0.0,0.0,102
4,Structured+Lexicon,Logistic,num_op_rev_tl,structured,0.0,0.0,103
4,Structured+Lexicon,Logistic,num_rev_accts,structured,0.0,0.0,104
4,Structured+Lexicon,Logistic,num_tl_120dpd_2m,structured,0.0,0.0,105
4,Structured+Lexicon,Logistic,num_tl_30dpd,structured,0.0,0.0,106
4,Structured+Lexicon,Logistic,num_tl_90g_dpd_24m,structured,0.0,0.0,107
4,Structured+Lexicon,Logistic,num_tl_op_past_12m,structured,0.0,0.0,108
4,Structured+Lexicon,Logistic,open_acc,structured,0.007089,0.001313,79
4,Structured+Lexicon,Logistic,pct_tl_nvr_dlq,structured,0.0,0.0,109
4,Structured+Lexicon,Logistic,percent_bc_gt_75,structured,0.0,0.0,100
4,Structured+Lexicon,Logistic,pub_rec,structured,0.020153,0.003732,61
4,Structured+Lexicon,Logistic,pub_rec_bankruptcies,structured,0.010535,0.001951,73
4,Structured+Lexicon,Logistic,revol_bal,structured,0.050455,0.009343,32
4,Structured+Lexicon,Logistic,revol_util,structured,0.162163,0.030029,9
4,Structured+Lexicon,Logistic,tax_liens,structured,0.0,0.0,110
4,Structured+Lexicon,Logistic,term,structured,0.323274,0.059864,3
4,Structured+Lexicon,Logistic,tot_coll_amt,structured,0.0,0.0,94
4,Structured+Lexicon,Logistic,tot_cur_bal,structured,0.0,0.0,95
4,Structured+Lexicon,Logistic,total_acc,structured,0.065842,0.012193,23
4,Structured+Lexicon,Logistic,total_bal_ex_mort,structured,0.0,0.0,96
4,Structured+Lexicon,Logistic,total_bc_limit,structured,0.0,0.0,97
4,Structured+Lexicon,Logistic,total_il_high_credit_limit,structured,0.0,0.0,99
4,Structured+Lexicon,Logistic,total_rev_hi_lim,structured,0.0,0.0,98
4,Structured+Lexicon,Logistic,fico_midpoint,structured,0.151113,0.027983,10
4,Structured+Lexicon,Logistic,credit_history_months,structured,0.095932,0.017765,13
4,Structured+Lexicon,Logistic,initial_list_status_w,structured,0.0,0.0,101
4,Structured+Lexicon,Logistic,addr_state_AL,structured,0.064257,0.011899,24
4,Structured+Lexicon,Logistic,addr_state_AR,structured,0.032231,0.005968,46
4,Structured+Lexicon,Logistic,addr_state_AZ,structured,0.024678,0.00457,56
4,Structured+Lexicon,Logistic,addr_state_CA,structured,0.094596,0.017517,14
4,Structured+Lexicon,Logistic,addr_state_CO,structured,0.011583,0.002145,70
4,Structured+Lexicon,Logistic,addr_state_CT,structured,0.034422,0.006374,43
4,Structured+Lexicon,Logistic,addr_state_DC,structured,0.17417,0.032253,7
4,Structured+Lexicon,Logistic,addr_state_DE,structured,0.029804,0.005519,49
4,Structured+Lexicon,Logistic,addr_state_FL,structured,0.084474,0.015643,18
4,Structured+Lexicon,Logistic,addr_state_GA,structured,0.027494,0.005091,54
4,Structured+Lexicon,Logistic,addr_state_HI,structured,0.000939,0.000174,86
4,Structured+Lexicon,Logistic,addr_state_IA,structured,0.031953,0.005917,47
4,Structured+Lexicon,Logistic,addr_state_ID,structured,0.0,0.0,88
4,Structured+Lexicon,Logistic,addr_state_IL,structured,0.054181,0.010033,30
4,Structured+Lexicon,Logistic,addr_state_IN,structured,0.0,0.0,89
4,Structured+Lexicon,Logistic,addr_state_KS,structured,0.002136,0.000396,84
4,Structured+Lexicon,Logistic,addr_state_KY,structured,0.010446,0.001934,74
4,Structured+Lexicon,Logistic,addr_state_LA,structured,0.02833,0.005246,52
4,Structured+Lexicon,Logistic,addr_state_MA,structured,0.011323,0.002097,71
4,Structured+Lexicon,Logistic,addr_state_MD,structured,0.000832,0.000154,87
4,Structured+Lexicon,Logistic,addr_state_MI,structured,0.034928,0.006468,42
4,Structured+Lexicon,Logistic,addr_state_MN,structured,0.008034,0.001488,78
4,Structured+Lexicon,Logistic,addr_state_MO,structured,0.02978,0.005515,50
4,Structured+Lexicon,Logistic,addr_state_MS,structured,0.0,0.0,93
4,Structured+Lexicon,Logistic,addr_state_MT,structured,0.015773,0.002921,67
4,Structured+Lexicon,Logistic,addr_state_NC,structured,0.011239,0.002081,72
4,Structured+Lexicon,Logistic,addr_state_NE,structured,0.0,0.0,92
4,Structured+Lexicon,Logistic,addr_state_NH,structured,0.01248,0.002311,69
4,Structured+Lexicon,Logistic,addr_state_NJ,structured,0.031585,0.005849,48
4,Structured+Lexicon,Logistic,addr_state_NM,structured,0.028433,0.005265,51
4,Structured+Lexicon,Logistic,addr_state_NV,structured,0.0601,0.011129,27
4,Structured+Lexicon,Logistic,addr_state_NY,structured,0.003438,0.000637,83
4,Structured+Lexicon,Logistic,addr_state_OH,structured,0.027971,0.00518,53
4,Structured+Lexicon,Logistic,addr_state_OK,structured,0.025801,0.004778,55
4,Structured+Lexicon,Logistic,addr_state_OR,structured,0.010418,0.001929,75
4,Structured+Lexicon,Logistic,addr_state_PA,structured,0.04311,0.007983,36
4,Structured+Lexicon,Logistic,addr_state_RI,structured,0.022359,0.00414,59
4,Structured+Lexicon,Logistic,addr_state_SC,structured,0.001397,0.000259,85
4,Structured+Lexicon,Logistic,addr_state_SD,structured,0.018809,0.003483,62
4,Structured+Lexicon,Logistic,addr_state_TN,structured,0.0,0.0,91
4,Structured+Lexicon,Logistic,addr_state_TX,structured,0.049027,0.009079,34
4,Structured+Lexicon,Logistic,addr_state_UT,structured,0.006547,0.001212,80
4,Structured+Lexicon,Logistic,addr_state_VA,structured,0.043944,0.008138,35
4,Structured+Lexicon,Logistic,addr_state_VT,structured,0.021645,0.004008,60
4,Structured+Lexicon,Logistic,addr_state_WA,structured,0.009555,0.001769,76
4,Structured+Lexicon,Logistic,addr_state_WI,structured,0.018386,0.003405,63
4,Structured+Lexicon,Logistic,addr_state_WV,structured,0.00381,0.000705,82
4,Structured+Lexicon,Logistic,addr_state_WY,structured,0.085623,0.015856,16
4,Structured+Lexicon,Logistic,purpose_credit_card,structured,0.085172,0.015772,17
4,Structured+Lexicon,Logistic,purpose_debt_consolidation,structured,0.206049,0.038156,5
4,Structured+Lexicon,Logistic,purpose_educational,structured,0.055592,0.010295,28
4,Structured+Lexicon,Logistic,purpose_home_improvement,structured,0.087771,0.016253,15
4,Structured+Lexicon,Logistic,purpose_house,structured,0.035405,0.006556,39
4,Structured+Lexicon,Logistic,purpose_major_purchase,structured,0.07286,0.013492,21
4,Structured+Lexicon,Logistic,purpose_medical,structured,0.052146,0.009656,31
4,Structured+Lexicon,Logistic,purpose_moving,structured,0.068583,0.0127,22
4,Structured+Lexicon,Logistic,purpose_other,structured,0.164657,0.030491,8
4,Structured+Lexicon,Logistic,purpose_renewable_energy,structured,0.082987,0.015367,19
4,Structured+Lexicon,Logistic,purpose_vacation,structured,0.096585,0.017886,12
4,Structured+Lexicon,Logistic,purpose_wedding,structured,0.017618,0.003263,65
4,Structured+Lexicon,Logistic,home_ownership_NONE,structured,0.0,0.0,90
4,Structured+Lexicon,Logistic,home_ownership_OTHER,structured,0.076969,0.014253,20
4,Structured+Lexicon,Logistic,home_ownership_OWN,structured,0.018133,0.003358,64
4,Structured+Lexicon,Logistic,home_ownership_RENT,structured,0.035196,0.006518,41
4,Structured+Lexicon,Logistic,verification_status_Source Verified,structured,0.049784,0.009219,33
4,Structured+Lexicon,Logistic,verification_status_Verified,structured,0.061719,0.011429,26
4,Structured+Lexicon,Logistic,grade_ord,structured,0.006471,0.001198,81
4,Structured+Lexicon,Logistic,sub_grade_ord,structured,0.25005,0.046304,4
4,Structured+Lexicon,Logistic,risk_word_count,lexicon,0.037146,0.006879,38
4,Structured+Lexicon,Logistic,risk_word_density,lexicon,0.032646,0.006045,45
4,Structured+Lexicon,Logistic,risk_word_flag,lexicon,0.02305,0.004268,58
4,Structured+Lexicon,Logistic,distress_debt_pressure_count,lexicon,0.063605,0.011778,25
4,Structured+Lexicon,Logistic,distress_liquidity_shortage_count,lexicon,0.009286,0.00172,77
4,Structured+Lexicon,Logistic,distress_medical_life_shock_count,lexicon,0.055049,0.010194,29
4,Structured+Lexicon,Logistic,distress_refinancing_burden_count,lexicon,0.035357,0.006547,40
4,Structured+Lexicon,XGBoost,acc_now_delinq,structured,0.0,0.0,133
4,Structured+Lexicon,XGBoost,acc_open_past_24mths,structured,0.0,0.0,132
4,Structured+Lexicon,XGBoost,annual_inc,structured,34.210327,0.017926,6
4,Structured+Lexicon,XGBoost,avg_cur_bal,structured,0.0,0.0,131
4,Structured+Lexicon,XGBoost,bc_open_to_buy,structured,0.0,0.0,130
4,Structured+Lexicon,XGBoost,bc_util,structured,0.0,0.0,128
4,Structured+Lexicon,XGBoost,chargeoff_within_12_mths,structured,0.0,0.0,129
4,Structured+Lexicon,XGBoost,collections_12_mths_ex_med,structured,0.0,0.0,127
4,Structured+Lexicon,XGBoost,delinq_2yrs,structured,20.49292,0.010738,39
4,Structured+Lexicon,XGBoost,delinq_amnt,structured,0.0,0.0,126
4,Structured+Lexicon,XGBoost,dti,structured,19.62969,0.010286,48
4,Structured+Lexicon,XGBoost,emp_length,structured,21.205412,0.011112,36
4,Structured+Lexicon,XGBoost,inq_last_6mths,structured,31.590015,0.016553,7
4,Structured+Lexicon,XGBoost,int_rate,structured,88.485283,0.046366,2
4,Structured+Lexicon,XGBoost,loan_amnt,structured,20.127604,0.010547,43
4,Structured+Lexicon,XGBoost,mo_sin_old_il_acct,structured,0.0,0.0,125
4,Structured+Lexicon,XGBoost,mo_sin_old_rev_tl_op,structured,0.0,0.0,118
4,Structured+Lexicon,XGBoost,mo_sin_rcnt_rev_tl_op,structured,0.0,0.0,119
4,Structured+Lexicon,XGBoost,mo_sin_rcnt_tl,structured,0.0,0.0,120
4,Structured+Lexicon,XGBoost,mort_acc,structured,0.0,0.0,121
4,Structured+Lexicon,XGBoost,mths_since_last_delinq,structured,19.33618,0.010132,50
4,Structured+Lexicon,XGBoost,mths_since_last_major_derog,structured,0.0,0.0,122
4,Structured+Lexicon,XGBoost,mths_since_last_record,structured,26.224272,0.013741,12
4,Structured+Lexicon,XGBoost,mths_since_recent_bc,structured,0.0,0.0,123
4,Structured+Lexicon,XGBoost,mths_since_recent_bc_dlq,structured,0.0,0.0,111
4,Structured+Lexicon,XGBoost,mths_since_recent_inq,structured,0.0,0.0,124
4,Structured+Lexicon,XGBoost,mths_since_recent_revol_delinq,structured,0.0,0.0,115
4,Structured+Lexicon,XGBoost,num_accts_ever_120_pd,structured,0.0,0.0,114
4,Structured+Lexicon,XGBoost,num_actv_bc_tl,structured,0.0,0.0,117
4,Structured+Lexicon,XGBoost,num_actv_rev_tl,structured,0.0,0.0,116
4,Structured+Lexicon,XGBoost,num_bc_sats,structured,0.0,0.0,113
4,Structured+Lexicon,XGBoost,num_bc_tl,structured,0.0,0.0,112
4,Structured+Lexicon,XGBoost,num_il_tl,structured,0.0,0.0,102
4,Structured+Lexicon,XGBoost,num_op_rev_tl,structured,0.0,0.0,103
4,Structured+Lexicon,XGBoost,num_rev_accts,structured,0.0,0.0,104
4,Structured+Lexicon,XGBoost,num_tl_120dpd_2m,structured,0.0,0.0,105
4,Structured+Lexicon,XGBoost,num_tl_30dpd,structured,0.0,0.0,106
4,Structured+Lexicon,XGBoost,num_tl_90g_dpd_24m,structured,0.0,0.0,107
4,Structured+Lexicon,XGBoost,num_tl_op_past_12m,structured,0.0,0.0,108
4,Structured+Lexicon,XGBoost,open_acc,structured,20.556293,0.010771,37
4,Structured+Lexicon,XGBoost,pct_tl_nvr_dlq,structured,0.0,0.0,109
4,Structured+Lexicon,XGBoost,percent_bc_gt_75,structured,0.0,0.0,100
4,Structured+Lexicon,XGBoost,pub_rec,structured,17.664532,0.009256,59
4,Structured+Lexicon,XGBoost,pub_rec_bankruptcies,structured,36.38903,0.019068,5
4,Structured+Lexicon,XGBoost,revol_bal,structured,22.584831,0.011834,26
4,Structured+Lexicon,XGBoost,revol_util,structured,26.646648,0.013963,10
4,Structured+Lexicon,XGBoost,tax_liens,structured,0.0,0.0,110
4,Structured+Lexicon,XGBoost,term,structured,99.193901,0.051977,1
4,Structured+Lexicon,XGBoost,tot_coll_amt,structured,0.0,0.0,94
4,Structured+Lexicon,XGBoost,tot_cur_bal,structured,0.0,0.0,95
4,Structured+Lexicon,XGBoost,total_acc,structured,22.658239,0.011873,25
4,Structured+Lexicon,XGBoost,total_bal_ex_mort,structured,0.0,0.0,96
4,Structured+Lexicon,XGBoost,total_bc_limit,structured,0.0,0.0,97
4,Structured+Lexicon,XGBoost,total_il_high_credit_limit,structured,0.0,0.0,99
4,Structured+Lexicon,XGBoost,total_rev_hi_lim,structured,0.0,0.0,98
4,Structured+Lexicon,XGBoost,fico_midpoint,structured,24.55257,0.012865,15
4,Structured+Lexicon,XGBoost,credit_history_months,structured,23.914431,0.012531,17
4,Structured+Lexicon,XGBoost,initial_list_status_w,structured,0.0,0.0,101
4,Structured+Lexicon,XGBoost,addr_state_AL,structured,20.094908,0.01053,44
4,Structured+Lexicon,XGBoost,addr_state_AR,structured,16.391291,0.008589,67
4,Structured+Lexicon,XGBoost,addr_state_AZ,structured,18.953106,0.009931,53
4,Structured+Lexicon,XGBoost,addr_state_CA,structured,24.938219,0.013068,13
4,Structured+Lexicon,XGBoost,addr_state_CO,structured,15.56458,0.008156,74
4,Structured+Lexicon,XGBoost,addr_state_CT,structured,21.239201,0.011129,34
4,Structured+Lexicon,XGBoost,addr_state_DC,structured,24.824593,0.013008,14
4,Structured+Lexicon,XGBoost,addr_state_DE,structured,17.609001,0.009227,60
4,Structured+Lexicon,XGBoost,addr_state_FL,structured,23.229963,0.012172,22
4,Structured+Lexicon,XGBoost,addr_state_GA,structured,17.209211,0.009018,61
4,Structured+Lexicon,XGBoost,addr_state_HI,structured,18.093103,0.009481,58
4,Structured+Lexicon,XGBoost,addr_state_IA,structured,0.0,0.0,87
4,Structured+Lexicon,XGBoost,addr_state_ID,structured,0.0,0.0,86
4,Structured+Lexicon,XGBoost,addr_state_IL,structured,26.419386,0.013844,11
4,Structured+Lexicon,XGBoost,addr_state_IN,structured,0.0,0.0,88
4,Structured+Lexicon,XGBoost,addr_state_KS,structured,15.137107,0.007932,75
4,Structured+Lexicon,XGBoost,addr_state_KY,structured,16.381815,0.008584,68
4,Structured+Lexicon,XGBoost,addr_state_LA,structured,19.574781,0.010257,49
4,Structured+Lexicon,XGBoost,addr_state_MA,structured,19.730255,0.010339,46
4,Structured+Lexicon,XGBoost,addr_state_MD,structured,15.591766,0.00817,73
4,Structured+Lexicon,XGBoost,addr_state_MI,structured,22.256601,0.011662,29
4,Structured+Lexicon,XGBoost,addr_state_MN,structured,13.743919,0.007202,81
4,Structured+Lexicon,XGBoost,addr_state_MO,structured,16.602379,0.0087,64
4,Structured+Lexicon,XGBoost,addr_state_MS,structured,0.0,0.0,89
4,Structured+Lexicon,XGBoost,addr_state_MT,structured,0.0,0.0,90
4,Structured+Lexicon,XGBoost,addr_state_NC,structured,19.291536,0.010109,51
4,Structured+Lexicon,XGBoost,addr_state_NE,structured,0.0,0.0,91
4,Structured+Lexicon,XGBoost,addr_state_NH,structured,27.448553,0.014383,9
4,Structured+Lexicon,XGBoost,addr_state_NJ,structured,14.768738,0.007739,78
4,Structured+Lexicon,XGBoost,addr_state_NM,structured,23.21756,0.012166,23
4,Structured+Lexicon,XGBoost,addr_state_NV,structured,24.342699,0.012756,16
4,Structured+Lexicon,XGBoost,addr_state_NY,structured,20.537539,0.010762,38
4,Structured+Lexicon,XGBoost,addr_state_OH,structured,20.335472,0.010656,40
4,Structured+Lexicon,XGBoost,addr_state_OK,structured,16.883049,0.008847,63
4,Structured+Lexicon,XGBoost,addr_state_OR,structured,15.790073,0.008274,72
4,Structured+Lexicon,XGBoost,addr_state_PA,structured,14.516702,0.007607,79
4,Structured+Lexicon,XGBoost,addr_state_RI,structured,16.55772,0.008676,65
4,Structured+Lexicon,XGBoost,addr_state_SC,structured,21.208145,0.011113,35
4,Structured+Lexicon,XGBoost,addr_state_SD,structured,12.708476,0.006659,83
4,Structured+Lexicon,XGBoost,addr_state_TN,structured,0.0,0.0,93
4,Structured+Lexicon,XGBoost,addr_state_TX,structured,18.851875,0.009878,54
4,Structured+Lexicon,XGBoost,addr_state_UT,structured,22.323503,0.011697,28
4,Structured+Lexicon,XGBoost,addr_state_VA,structured,16.263212,0.008522,70
4,Structured+Lexicon,XGBoost,addr_state_VT,structured,13.375582,0.007009,82
4,Structured+Lexicon,XGBoost,addr_state_WA,structured,22.046469,0.011552,31
4,Structured+Lexicon,XGBoost,addr_state_WI,structured,19.696959,0.010321,47
4,Structured+Lexicon,XGBoost,addr_state_WV,structured,23.306713,0.012213,21
4,Structured+Lexicon,XGBoost,addr_state_WY,structured,16.431807,0.00861,66
4,Structured+Lexicon,XGBoost,purpose_credit_card,structured,23.695347,0.012416,19
4,Structured+Lexicon,XGBoost,purpose_debt_consolidation,structured,16.29138,0.008537,69
4,Structured+Lexicon,XGBoost,purpose_educational,structured,16.113987,0.008444,71
4,Structured+Lexicon,XGBoost,purpose_home_improvement,structured,20.301039,0.010638,41
4,Structured+Lexicon,XGBoost,purpose_house,structured,14.990574,0.007855,76
4,Structured+Lexicon,XGBoost,purpose_major_purchase,structured,23.76272,0.012452,18
4,Structured+Lexicon,XGBoost,purpose_medical,structured,22.110619,0.011586,30
4,Structured+Lexicon,XGBoost,purpose_moving,structured,18.30126,0.00959,55
4,Structured+Lexicon,XGBoost,purpose_other,structured,23.432735,0.012279,20
4,Structured+Lexicon,XGBoost,purpose_renewable_energy,structured,21.592606,0.011314,32
4,Structured+Lexicon,XGBoost,purpose_vacation,structured,22.435482,0.011756,27
4,Structured+Lexicon,XGBoost,purpose_wedding,structured,19.150988,0.010035,52
4,Structured+Lexicon,XGBoost,home_ownership_NONE,structured,0.0,0.0,92
4,Structured+Lexicon,XGBoost,home_ownership_OTHER,structured,8.407533,0.004406,84
4,Structured+Lexicon,XGBoost,home_ownership_OWN,structured,14.982359,0.007851,77
4,Structured+Lexicon,XGBoost,home_ownership_RENT,structured,18.291151,0.009585,56
4,Structured+Lexicon,XGBoost,verification_status_Source Verified,structured,14.278571,0.007482,80
4,Structured+Lexicon,XGBoost,verification_status_Verified,structured,21.533968,0.011284,33
4,Structured+Lexicon,XGBoost,grade_ord,structured,63.996132,0.033534,3
4,Structured+Lexicon,XGBoost,sub_grade_ord,structured,37.917362,0.019869,4
4,Structured+Lexicon,XGBoost,risk_word_count,lexicon,20.251436,0.010612,42
4,Structured+Lexicon,XGBoost,risk_word_density,lexicon,22.87393,0.011986,24
4,Structured+Lexicon,XGBoost,risk_word_flag,lexicon,0.0,0.0,85
4,Structured+Lexicon,XGBoost,distress_debt_pressure_count,lexicon,29.46051,0.015437,8
4,Structured+Lexicon,XGBoost,distress_liquidity_shortage_count,lexicon,17.094381,0.008957,62
4,Structured+Lexicon,XGBoost,distress_medical_life_shock_count,lexicon,20.082464,0.010523,45
4,Structured+Lexicon,XGBoost,distress_refinancing_burden_count,lexicon,18.105816,0.009487,57
4,Structured+Lexicon,RandomForest,acc_now_delinq,structured,0.0,0.0,133
4,Structured+Lexicon,RandomForest,acc_open_past_24mths,structured,0.0,0.0,132
4,Structured+Lexicon,RandomForest,annual_inc,structured,0.076249,0.076249,3
4,Structured+Lexicon,RandomForest,avg_cur_bal,structured,0.0,0.0,131
4,Structured+Lexicon,RandomForest,bc_open_to_buy,structured,0.0,0.0,130
4,Structured+Lexicon,RandomForest,bc_util,structured,0.0,0.0,128
4,Structured+Lexicon,RandomForest,chargeoff_within_12_mths,structured,0.0,0.0,129
4,Structured+Lexicon,RandomForest,collections_12_mths_ex_med,structured,0.0,0.0,127
4,Structured+Lexicon,RandomForest,delinq_2yrs,structured,0.003166,0.003166,32
4,Structured+Lexicon,RandomForest,delinq_amnt,structured,0.0,0.0,126
4,Structured+Lexicon,RandomForest,dti,structured,0.047121,0.047121,8
4,Structured+Lexicon,RandomForest,emp_length,structured,0.025107,0.025107,15
4,Structured+Lexicon,RandomForest,inq_last_6mths,structured,0.02492,0.02492,16
4,Structured+Lexicon,RandomForest,int_rate,structured,0.111373,0.111373,1
4,Structured+Lexicon,RandomForest,loan_amnt,structured,0.040506,0.040506,11
4,Structured+Lexicon,RandomForest,mo_sin_old_il_acct,structured,0.0,0.0,125
4,Structured+Lexicon,RandomForest,mo_sin_old_rev_tl_op,structured,0.0,0.0,118
4,Structured+Lexicon,RandomForest,mo_sin_rcnt_rev_tl_op,structured,0.0,0.0,119
4,Structured+Lexicon,RandomForest,mo_sin_rcnt_tl,structured,0.0,0.0,120
4,Structured+Lexicon,RandomForest,mort_acc,structured,0.0,0.0,121
4,Structured+Lexicon,RandomForest,mths_since_last_delinq,structured,0.020187,0.020187,17
4,Structured+Lexicon,RandomForest,mths_since_last_major_derog,structured,0.0,0.0,122
4,Structured+Lexicon,RandomForest,mths_since_last_record,structured,0.006656,0.006656,22
4,Structured+Lexicon,RandomForest,mths_since_recent_bc,structured,0.0,0.0,123
4,Structured+Lexicon,RandomForest,mths_since_recent_bc_dlq,structured,0.0,0.0,111
4,Structured+Lexicon,RandomForest,mths_since_recent_inq,structured,0.0,0.0,124
4,Structured+Lexicon,RandomForest,mths_since_recent_revol_delinq,structured,0.0,0.0,115
4,Structured+Lexicon,RandomForest,num_accts_ever_120_pd,structured,0.0,0.0,114
4,Structured+Lexicon,RandomForest,num_actv_bc_tl,structured,0.0,0.0,117
4,Structured+Lexicon,RandomForest,num_actv_rev_tl,structured,0.0,0.0,116
4,Structured+Lexicon,RandomForest,num_bc_sats,structured,0.0,0.0,113
4,Structured+Lexicon,RandomForest,num_bc_tl,structured,0.0,0.0,112
4,Structured+Lexicon,RandomForest,num_il_tl,structured,0.0,0.0,102
4,Structured+Lexicon,RandomForest,num_op_rev_tl,structured,0.0,0.0,103
4,Structured+Lexicon,RandomForest,num_rev_accts,structured,0.0,0.0,104
4,Structured+Lexicon,RandomForest,num_tl_120dpd_2m,structured,0.0,0.0,105
4,Structured+Lexicon,RandomForest,num_tl_30dpd,structured,0.0,0.0,106
4,Structured+Lexicon,RandomForest,num_tl_90g_dpd_24m,structured,0.0,0.0,107
4,Structured+Lexicon,RandomForest,num_tl_op_past_12m,structured,0.0,0.0,108
4,Structured+Lexicon,RandomForest,open_acc,structured,0.028269,0.028269,13
4,Structured+Lexicon,RandomForest,pct_tl_nvr_dlq,structured,0.0,0.0,109
4,Structured+Lexicon,RandomForest,percent_bc_gt_75,structured,0.0,0.0,100
4,Structured+Lexicon,RandomForest,pub_rec,structured,0.005736,0.005736,26
4,Structured+Lexicon,RandomForest,pub_rec_bankruptcies,structured,0.004636,0.004636,29
4,Structured+Lexicon,RandomForest,revol_bal,structured,0.045391,0.045391,10
4,Structured+Lexicon,RandomForest,revol_util,structured,0.059421,0.059421,6
4,Structured+Lexicon,RandomForest,tax_liens,structured,0.0,0.0,110
4,Structured+Lexicon,RandomForest,term,structured,0.062591,0.062591,4
4,Structured+Lexicon,RandomForest,tot_coll_amt,structured,0.0,0.0,94
4,Structured+Lexicon,RandomForest,tot_cur_bal,structured,0.0,0.0,95
4,Structured+Lexicon,RandomForest,total_acc,structured,0.037545,0.037545,12
4,Structured+Lexicon,RandomForest,total_bal_ex_mort,structured,0.0,0.0,96
4,Structured+Lexicon,RandomForest,total_bc_limit,structured,0.0,0.0,97
4,Structured+Lexicon,RandomForest,total_il_high_credit_limit,structured,0.0,0.0,99
4,Structured+Lexicon,RandomForest,total_rev_hi_lim,structured,0.0,0.0,98
4,Structured+Lexicon,RandomForest,fico_midpoint,structured,0.053852,0.053852,7
4,Structured+Lexicon,RandomForest,credit_history_months,structured,0.046192,0.046192,9
4,Structured+Lexicon,RandomForest,initial_list_status_w,structured,0.0,0.0,101
4,Structured+Lexicon,RandomForest,addr_state_AL,structured,0.000372,0.000372,54
4,Structured+Lexicon,RandomForest,addr_state_AR,structured,1.9e-05,1.9e-05,79
4,Structured+Lexicon,RandomForest,addr_state_AZ,structured,0.000578,0.000578,49
4,Structured+Lexicon,RandomForest,addr_state_CA,structured,0.004875,0.004875,28
4,Structured+Lexicon,RandomForest,addr_state_CO,structured,0.000255,0.000255,61
4,Structured+Lexicon,RandomForest,addr_state_CT,structured,0.000279,0.000279,60
4,Structured+Lexicon,RandomForest,addr_state_DC,structured,0.000797,0.000797,45
4,Structured+Lexicon,RandomForest,addr_state_DE,structured,0.0,0.0,86
4,Structured+Lexicon,RandomForest,addr_state_FL,structured,0.00302,0.00302,33
4,Structured+Lexicon,RandomForest,addr_state_GA,structured,0.000963,0.000963,44
4,Structured+Lexicon,RandomForest,addr_state_HI,structured,6e-06,6e-06,82
4,Structured+Lexicon,RandomForest,addr_state_IA,structured,0.0,0.0,87
4,Structured+Lexicon,RandomForest,addr_state_ID,structured,0.0,0.0,88
4,Structured+Lexicon,RandomForest,addr_state_IL,structured,0.001567,0.001567,40
4,Structured+Lexicon,RandomForest,addr_state_IN,structured,0.0,0.0,89
4,Structured+Lexicon,RandomForest,addr_state_KS,structured,1.9e-05,1.9e-05,78
4,Structured+Lexicon,RandomForest,addr_state_KY,structured,2e-05,2e-05,77
4,Structured+Lexicon,RandomForest,addr_state_LA,structured,0.000163,0.000163,64
4,Structured+Lexicon,RandomForest,addr_state_MA,structured,0.000744,0.000744,46
4,Structured+Lexicon,RandomForest,addr_state_MD,structured,0.000435,0.000435,52
4,Structured+Lexicon,RandomForest,addr_state_MI,structured,0.00036,0.00036,55
4,Structured+Lexicon,RandomForest,addr_state_MN,structured,0.000203,0.000203,62
4,Structured+Lexicon,RandomForest,addr_state_MO,structured,0.000312,0.000312,58
4,Structured+Lexicon,RandomForest,addr_state_MS,structured,0.0,0.0,91
4,Structured+Lexicon,RandomForest,addr_state_MT,structured,9e-06,9e-06,81
4,Structured+Lexicon,RandomForest,addr_state_NC,structured,0.000195,0.000195,63
4,Structured+Lexicon,RandomForest,addr_state_NE,structured,0.0,0.0,90
4,Structured+Lexicon,RandomForest,addr_state_NH,structured,2.1e-05,2.1e-05,76
4,Structured+Lexicon,RandomForest,addr_state_NJ,structured,0.001273,0.001273,41
4,Structured+Lexicon,RandomForest,addr_state_NM,structured,7e-05,7e-05,69
4,Structured+Lexicon,RandomForest,addr_state_NV,structured,0.00035,0.00035,56
4,Structured+Lexicon,RandomForest,addr_state_NY,structured,0.002554,0.002554,35
4,Structured+Lexicon,RandomForest,addr_state_OH,structured,0.000662,0.000662,48
4,Structured+Lexicon,RandomForest,addr_state_OK,structured,5.2e-05,5.2e-05,72
4,Structured+Lexicon,RandomForest,addr_state_OR,structured,0.000104,0.000104,66
4,Structured+Lexicon,RandomForest,addr_state_PA,structured,0.000977,0.000977,43
4,Structured+Lexicon,RandomForest,addr_state_RI,structured,2.3e-05,2.3e-05,75
4,Structured+Lexicon,RandomForest,addr_state_SC,structured,9e-05,9e-05,67
4,Structured+Lexicon,RandomForest,addr_state_SD,structured,0.0,0.0,93
4,Structured+Lexicon,RandomForest,addr_state_TN,structured,0.0,0.0,92
4,Structured+Lexicon,RandomForest,addr_state_TX,structured,0.002309,0.002309,36
4,Structured+Lexicon,RandomForest,addr_state_UT,structured,5.7e-05,5.7e-05,71
4,Structured+Lexicon,RandomForest,addr_state_VA,structured,0.001236,0.001236,42
4,Structured+Lexicon,RandomForest,addr_state_VT,structured,0.0,0.0,85
4,Structured+Lexicon,RandomForest,addr_state_WA,structured,0.000315,0.000315,57
4,Structured+Lexicon,RandomForest,addr_state_WI,structured,0.000105,0.000105,65
4,Structured+Lexicon,RandomForest,addr_state_WV,structured,1.9e-05,1.9e-05,80
4,Structured+Lexicon,RandomForest,addr_state_WY,structured,3.3e-05,3.3e-05,74
4,Structured+Lexicon,RandomForest,purpose_credit_card,structured,0.004065,0.004065,31
4,Structured+Lexicon,RandomForest,purpose_debt_consolidation,structured,0.007666,0.007666,20
4,Structured+Lexicon,RandomForest,purpose_educational,structured,4e-05,4e-05,73
4,Structured+Lexicon,RandomForest,purpose_home_improvement,structured,0.001777,0.001777,38
4,Structured+Lexicon,RandomForest,purpose_house,structured,6.8e-05,6.8e-05,70
4,Structured+Lexicon,RandomForest,purpose_major_purchase,structured,0.001693,0.001693,39
4,Structured+Lexicon,RandomForest,purpose_medical,structured,0.000308,0.000308,59
4,Structured+Lexicon,RandomForest,purpose_moving,structured,0.000378,0.000378,53
4,Structured+Lexicon,RandomForest,purpose_other,structured,0.002785,0.002785,34
4,Structured+Lexicon,RandomForest,purpose_renewable_energy,structured,8.4e-05,8.4e-05,68
4,Structured+Lexicon,RandomForest,purpose_vacation,structured,0.000519,0.000519,50
4,Structured+Lexicon,RandomForest,purpose_wedding,structured,0.000666,0.000666,47
4,Structured+Lexicon,RandomForest,home_ownership_NONE,structured,0.0,0.0,83
4,Structured+Lexicon,RandomForest,home_ownership_OTHER,structured,0.0,0.0,84
4,Structured+Lexicon,RandomForest,home_ownership_OWN,structured,0.002215,0.002215,37
4,Structured+Lexicon,RandomForest,home_ownership_RENT,structured,0.007162,0.007162,21
4,Structured+Lexicon,RandomForest,verification_status_Source Verified,structured,0.005768,0.005768,24
4,Structured+Lexicon,RandomForest,verification_status_Verified,structured,0.006482,0.006482,23
4,Structured+Lexicon,RandomForest,grade_ord,structured,0.061308,0.061308,5
4,Structured+Lexicon,RandomForest,sub_grade_ord,structured,0.091867,0.091867,2
4,Structured+Lexicon,RandomForest,risk_word_count,lexicon,0.019142,0.019142,18
4,Structured+Lexicon,RandomForest,risk_word_density,lexicon,0.026842,0.026842,14
4,Structured+Lexicon,RandomForest,risk_word_flag,lexicon,0.005452,0.005452,27
4,Structured+Lexicon,RandomForest,distress_debt_pressure_count,lexicon,0.018691,0.018691,19
4,Structured+Lexicon,RandomForest,distress_liquidity_shortage_count,lexicon,0.005745,0.005745,25
4,Structured+Lexicon,RandomForest,distress_medical_life_shock_count,lexicon,0.004417,0.004417,30
4,Structured+Lexicon,RandomForest,distress_refinancing_burden_count,lexicon,0.000499,0.000499,51
5,Structured,Logistic,acc_now_delinq,structured,0.0,0.0,126
5,Structured,Logistic,acc_open_past_24mths,structured,0.0,0.0,125
5,Structured,Logistic,annual_inc,structured,0.372715,0.082271,2
5,Structured,Logistic,avg_cur_bal,structured,0.0,0.0,124
5,Structured,Logistic,bc_open_to_buy,structured,0.0,0.0,123
5,Structured,Logistic,bc_util,structured,0.0,0.0,121
5,Structured,Logistic,chargeoff_within_12_mths,structured,0.0,0.0,122
5,Structured,Logistic,collections_12_mths_ex_med,structured,0.0,0.0,120
5,Structured,Logistic,delinq_2yrs,structured,0.005522,0.001219,68
5,Structured,Logistic,delinq_amnt,structured,0.0,0.0,119
5,Structured,Logistic,dti,structured,0.002765,0.00061,73
5,Structured,Logistic,emp_length,structured,0.043515,0.009605,29
5,Structured,Logistic,inq_last_6mths,structured,0.191144,0.042192,5
5,Structured,Logistic,int_rate,structured,0.509517,0.112469,1
5,Structured,Logistic,loan_amnt,structured,0.007338,0.00162,65
5,Structured,Logistic,mo_sin_old_il_acct,structured,0.0,0.0,118
5,Structured,Logistic,mo_sin_old_rev_tl_op,structured,0.0,0.0,111
5,Structured,Logistic,mo_sin_rcnt_rev_tl_op,structured,0.0,0.0,112
5,Structured,Logistic,mo_sin_rcnt_tl,structured,0.0,0.0,113
5,Structured,Logistic,mort_acc,structured,0.0,0.0,114
5,Structured,Logistic,mths_since_last_delinq,structured,0.029294,0.006466,46
5,Structured,Logistic,mths_since_last_major_derog,structured,0.0,0.0,115
5,Structured,Logistic,mths_since_last_record,structured,0.123338,0.027225,10
5,Structured,Logistic,mths_since_recent_bc,structured,0.0,0.0,116
5,Structured,Logistic,mths_since_recent_bc_dlq,structured,0.0,0.0,104
5,Structured,Logistic,mths_since_recent_inq,structured,0.0,0.0,117
5,Structured,Logistic,mths_since_recent_revol_delinq,structured,0.0,0.0,108
5,Structured,Logistic,num_accts_ever_120_pd,structured,0.0,0.0,107
5,Structured,Logistic,num_actv_bc_tl,structured,0.0,0.0,110
5,Structured,Logistic,num_actv_rev_tl,structured,0.0,0.0,109
5,Structured,Logistic,num_bc_sats,structured,0.0,0.0,106
5,Structured,Logistic,num_bc_tl,structured,0.0,0.0,105
5,Structured,Logistic,num_il_tl,structured,0.0,0.0,95
5,Structured,Logistic,num_op_rev_tl,structured,0.0,0.0,96
5,Structured,Logistic,num_rev_accts,structured,0.0,0.0,97
5,Structured,Logistic,num_tl_120dpd_2m,structured,0.0,0.0,98
5,Structured,Logistic,num_tl_30dpd,structured,0.0,0.0,99
5,Structured,Logistic,num_tl_90g_dpd_24m,structured,0.0,0.0,100
5,Structured,Logistic,num_tl_op_past_12m,structured,0.0,0.0,101
5,Structured,Logistic,open_acc,structured,0.000724,0.00016,78
5,Structured,Logistic,pct_tl_nvr_dlq,structured,0.0,0.0,102
5,Structured,Logistic,percent_bc_gt_75,structured,0.0,0.0,93
5,Structured,Logistic,pub_rec,structured,0.027023,0.005965,48
5,Structured,Logistic,pub_rec_bankruptcies,structured,0.001597,0.000352,76
5,Structured,Logistic,revol_bal,structured,0.041424,0.009144,31
5,Structured,Logistic,revol_util,structured,0.144641,0.031927,9
5,Structured,Logistic,tax_liens,structured,0.0,0.0,103
5,Structured,Logistic,term,structured,0.32538,0.071823,3
5,Structured,Logistic,tot_coll_amt,structured,0.0,0.0,87
5,Structured,Logistic,tot_cur_bal,structured,0.0,0.0,88
5,Structured,Logistic,total_acc,structured,0.037735,0.008329,35
5,Structured,Logistic,total_bal_ex_mort,structured,0.0,0.0,89
5,Structured,Logistic,total_bc_limit,structured,0.0,0.0,90
5,Structured,Logistic,total_il_high_credit_limit,structured,0.0,0.0,92
5,Structured,Logistic,total_rev_hi_lim,structured,0.0,0.0,91
5,Structured,Logistic,fico_midpoint,structured,0.152908,0.033752,7
5,Structured,Logistic,credit_history_months,structured,0.088393,0.019511,12
5,Structured,Logistic,initial_list_status_w,structured,0.0,0.0,94
5,Structured,Logistic,addr_state_AL,structured,0.048661,0.010741,27
5,Structured,Logistic,addr_state_AR,structured,0.037546,0.008288,36
5,Structured,Logistic,addr_state_AZ,structured,0.032466,0.007166,42
5,Structured,Logistic,addr_state_CA,structured,0.083039,0.01833,13
5,Structured,Logistic,addr_state_CO,structured,0.02295,0.005066,50
5,Structured,Logistic,addr_state_CT,structured,0.02487,0.00549,49
5,Structured,Logistic,addr_state_DC,structured,0.078433,0.017313,15
5,Structured,Logistic,addr_state_DE,structured,0.034239,0.007558,40
5,Structured,Logistic,addr_state_FL,structured,0.064371,0.014209,19
5,Structured,Logistic,addr_state_GA,structured,0.011606,0.002562,59
5,Structured,Logistic,addr_state_HI,structured,0.012864,0.002839,58
5,Structured,Logistic,addr_state_IA,structured,0.03066,0.006768,43
5,Structured,Logistic,addr_state_ID,structured,0.0,0.0,81
5,Structured,Logistic,addr_state_IL,structured,0.042246,0.009325,30
5,Structured,Logistic,addr_state_IN,structured,0.0,0.0,82
5,Structured,Logistic,addr_state_KS,structured,0.010909,0.002408,61
5,Structured,Logistic,addr_state_KY,structured,0.003508,0.000774,71
5,Structured,Logistic,addr_state_LA,structured,0.006169,0.001362,67
5,Structured,Logistic,addr_state_MA,structured,0.016353,0.00361,54
5,Structured,Logistic,addr_state_MD,structured,0.01888,0.004167,53
5,Structured,Logistic,addr_state_MI,structured,0.02973,0.006563,44
5,Structured,Logistic,addr_state_MN,structured,0.001247,0.000275,77
5,Structured,Logistic,addr_state_MO,structured,0.037923,0.008371,34
5,Structured,Logistic,addr_state_MS,structured,0.0,0.0,86
5,Structured,Logistic,addr_state_MT,structured,0.010614,0.002343,62
5,Structured,Logistic,addr_state_NC,structured,0.000151,3.3e-05,80
5,Structured,Logistic,addr_state_NE,structured,0.0,0.0,85
5,Structured,Logistic,addr_state_NH,structured,0.006753,0.001491,66
5,Structured,Logistic,addr_state_NJ,structured,0.036541,0.008066,39
5,Structured,Logistic,addr_state_NM,structured,0.032577,0.007191,41
5,Structured,Logistic,addr_state_NV,structured,0.06201,0.013688,20
5,Structured,Logistic,addr_state_NY,structured,0.002888,0.000637,72
5,Structured,Logistic,addr_state_OH,structured,0.053438,0.011796,24
5,Structured,Logistic,addr_state_OK,structured,0.021994,0.004855,51
5,Structured,Logistic,addr_state_OR,structured,0.011113,0.002453,60
5,Structured,Logistic,addr_state_PA,structured,0.050117,0.011063,26
5,Structured,Logistic,addr_state_RI,structured,0.021502,0.004746,52
5,Structured,Logistic,addr_state_SC,structured,0.009274,0.002047,64
5,Structured,Logistic,addr_state_SD,structured,0.000397,8.8e-05,79
5,Structured,Logistic,addr_state_TN,structured,0.0,0.0,84
5,Structured,Logistic,addr_state_TX,structured,0.040425,0.008923,33
5,Structured,Logistic,addr_state_UT,structured,0.014105,0.003114,56
5,Structured,Logistic,addr_state_VA,structured,0.037335,0.008241,37
5,Structured,Logistic,addr_state_VT,structured,0.010373,0.00229,63
5,Structured,Logistic,addr_state_WA,structured,0.001863,0.000411,75
5,Structured,Logistic,addr_state_WI,structured,0.003709,0.000819,70
5,Structured,Logistic,addr_state_WV,structured,0.01335,0.002947,57
5,Structured,Logistic,addr_state_WY,structured,0.105673,0.023326,11
5,Structured,Logistic,purpose_credit_card,structured,0.027166,0.005996,47
5,Structured,Logistic,purpose_debt_consolidation,structured,0.157428,0.03475,6
5,Structured,Logistic,purpose_educational,structured,0.043775,0.009663,28
5,Structured,Logistic,purpose_home_improvement,structured,0.07606,0.016789,17
5,Structured,Logistic,purpose_house,structured,0.029416,0.006493,45
5,Structured,Logistic,purpose_major_purchase,structured,0.055673,0.012289,22
5,Structured,Logistic,purpose_medical,structured,0.051942,0.011466,25
5,Structured,Logistic,purpose_moving,structured,0.078611,0.017352,14
5,Structured,Logistic,purpose_other,structured,0.145298,0.032073,8
5,Structured,Logistic,purpose_renewable_energy,structured,0.056567,0.012486,21
5,Structured,Logistic,purpose_vacation,structured,0.066301,0.014635,18
5,Structured,Logistic,purpose_wedding,structured,0.002562,0.000565,74
5,Structured,Logistic,home_ownership_NONE,structured,0.0,0.0,83
5,Structured,Logistic,home_ownership_OTHER,structured,0.077401,0.017085,16
5,Structured,Logistic,home_ownership_OWN,structured,0.005134,0.001133,69
5,Structured,Logistic,home_ownership_RENT,structured,0.037076,0.008184,38
5,Structured,Logistic,verification_status_Source Verified,structured,0.041337,0.009125,32
5,Structured,Logistic,verification_status_Verified,structured,0.053858,0.011888,23
5,Structured,Logistic,grade_ord,structured,0.014206,0.003136,55
5,Structured,Logistic,sub_grade_ord,structured,0.21065,0.046498,4
5,Structured,XGBoost,acc_now_delinq,structured,0.0,0.0,126
5,Structured,XGBoost,acc_open_past_24mths,structured,0.0,0.0,125
5,Structured,XGBoost,annual_inc,structured,36.194637,0.020913,3
5,Structured,XGBoost,avg_cur_bal,structured,0.0,0.0,124
5,Structured,XGBoost,bc_open_to_buy,structured,0.0,0.0,123
5,Structured,XGBoost,bc_util,structured,0.0,0.0,121
5,Structured,XGBoost,chargeoff_within_12_mths,structured,0.0,0.0,122
5,Structured,XGBoost,collections_12_mths_ex_med,structured,0.0,0.0,120
5,Structured,XGBoost,delinq_2yrs,structured,20.158176,0.011647,37
5,Structured,XGBoost,delinq_amnt,structured,0.0,0.0,119
5,Structured,XGBoost,dti,structured,20.655081,0.011935,35
5,Structured,XGBoost,emp_length,structured,21.675495,0.012524,24
5,Structured,XGBoost,inq_last_6mths,structured,34.311417,0.019825,4
5,Structured,XGBoost,int_rate,structured,101.174385,0.058459,1
5,Structured,XGBoost,loan_amnt,structured,22.930927,0.01325,19
5,Structured,XGBoost,mo_sin_old_il_acct,structured,0.0,0.0,118
5,Structured,XGBoost,mo_sin_old_rev_tl_op,structured,0.0,0.0,111
5,Structured,XGBoost,mo_sin_rcnt_rev_tl_op,structured,0.0,0.0,112
5,Structured,XGBoost,mo_sin_rcnt_tl,structured,0.0,0.0,113
5,Structured,XGBoost,mort_acc,structured,0.0,0.0,114
5,Structured,XGBoost,mths_since_last_delinq,structured,19.63875,0.011347,39
5,Structured,XGBoost,mths_since_last_major_derog,structured,0.0,0.0,115
5,Structured,XGBoost,mths_since_last_record,structured,28.45179,0.01644,9
5,Structured,XGBoost,mths_since_recent_bc,structured,0.0,0.0,116
5,Structured,XGBoost,mths_since_recent_bc_dlq,structured,0.0,0.0,104
5,Structured,XGBoost,mths_since_recent_inq,structured,0.0,0.0,117
5,Structured,XGBoost,mths_since_recent_revol_delinq,structured,0.0,0.0,108
5,Structured,XGBoost,num_accts_ever_120_pd,structured,0.0,0.0,107
5,Structured,XGBoost,num_actv_bc_tl,structured,0.0,0.0,110
5,Structured,XGBoost,num_actv_rev_tl,structured,0.0,0.0,109
5,Structured,XGBoost,num_bc_sats,structured,0.0,0.0,106
5,Structured,XGBoost,num_bc_tl,structured,0.0,0.0,105
5,Structured,XGBoost,num_il_tl,structured,0.0,0.0,95
5,Structured,XGBoost,num_op_rev_tl,structured,0.0,0.0,96
5,Structured,XGBoost,num_rev_accts,structured,0.0,0.0,97
5,Structured,XGBoost,num_tl_120dpd_2m,structured,0.0,0.0,98
5,Structured,XGBoost,num_tl_30dpd,structured,0.0,0.0,99
5,Structured,XGBoost,num_tl_90g_dpd_24m,structured,0.0,0.0,100
5,Structured,XGBoost,num_tl_op_past_12m,structured,0.0,0.0,101
5,Structured,XGBoost,open_acc,structured,21.63283,0.0125,25
5,Structured,XGBoost,pct_tl_nvr_dlq,structured,0.0,0.0,102
5,Structured,XGBoost,percent_bc_gt_75,structured,0.0,0.0,93
5,Structured,XGBoost,pub_rec,structured,16.157934,0.009336,65
5,Structured,XGBoost,pub_rec_bankruptcies,structured,22.508423,0.013005,20
5,Structured,XGBoost,revol_bal,structured,23.519384,0.01359,17
5,Structured,XGBoost,revol_util,structured,26.378374,0.015242,10
5,Structured,XGBoost,tax_liens,structured,0.0,0.0,103
5,Structured,XGBoost,term,structured,95.599709,0.055238,2
5,Structured,XGBoost,tot_coll_amt,structured,0.0,0.0,87
5,Structured,XGBoost,tot_cur_bal,structured,0.0,0.0,88
5,Structured,XGBoost,total_acc,structured,20.918394,0.012087,32
5,Structured,XGBoost,total_bal_ex_mort,structured,0.0,0.0,89
5,Structured,XGBoost,total_bc_limit,structured,0.0,0.0,90
5,Structured,XGBoost,total_il_high_credit_limit,structured,0.0,0.0,92
5,Structured,XGBoost,total_rev_hi_lim,structured,0.0,0.0,91
5,Structured,XGBoost,fico_midpoint,structured,24.573837,0.014199,13
5,Structured,XGBoost,credit_history_months,structured,22.411638,0.01295,21
5,Structured,XGBoost,initial_list_status_w,structured,0.0,0.0,94
5,Structured,XGBoost,addr_state_AL,structured,18.235292,0.010536,53
5,Structured,XGBoost,addr_state_AR,structured,14.470792,0.008361,70
5,Structured,XGBoost,addr_state_AZ,structured,20.690825,0.011955,34
5,Structured,XGBoost,addr_state_CA,structured,28.993893,0.016753,8
5,Structured,XGBoost,addr_state_CO,structured,21.552769,0.012453,27
5,Structured,XGBoost,addr_state_CT,structured,14.046558,0.008116,73
5,Structured,XGBoost,addr_state_DC,structured,25.152864,0.014533,12
5,Structured,XGBoost,addr_state_DE,structured,21.397825,0.012364,30
5,Structured,XGBoost,addr_state_FL,structured,21.579836,0.012469,26
5,Structured,XGBoost,addr_state_GA,structured,14.603172,0.008438,69
5,Structured,XGBoost,addr_state_HI,structured,19.07214,0.01102,43
5,Structured,XGBoost,addr_state_IA,structured,0.0,0.0,80
5,Structured,XGBoost,addr_state_ID,structured,0.0,0.0,79
5,Structured,XGBoost,addr_state_IL,structured,17.472967,0.010096,61
5,Structured,XGBoost,addr_state_IN,structured,0.0,0.0,81
5,Structured,XGBoost,addr_state_KS,structured,21.972052,0.012696,22
5,Structured,XGBoost,addr_state_KY,structured,7.906293,0.004568,78
5,Structured,XGBoost,addr_state_LA,structured,19.321709,0.011164,42
5,Structured,XGBoost,addr_state_MA,structured,14.111988,0.008154,72
5,Structured,XGBoost,addr_state_MD,structured,13.918035,0.008042,74
5,Structured,XGBoost,addr_state_MI,structured,21.544895,0.012449,28
5,Structured,XGBoost,addr_state_MN,structured,18.468054,0.010671,49
5,Structured,XGBoost,addr_state_MO,structured,23.373955,0.013506,18
5,Structured,XGBoost,addr_state_MS,structured,0.0,0.0,82
5,Structured,XGBoost,addr_state_MT,structured,16.461462,0.009511,63
5,Structured,XGBoost,addr_state_NC,structured,15.831136,0.009147,66
5,Structured,XGBoost,addr_state_NE,structured,0.0,0.0,83
5,Structured,XGBoost,addr_state_NH,structured,20.443939,0.011813,36
5,Structured,XGBoost,addr_state_NJ,structured,18.007618,0.010405,55
5,Structured,XGBoost,addr_state_NM,structured,18.509438,0.010695,48
5,Structured,XGBoost,addr_state_NV,structured,25.725052,0.014864,11
5,Structured,XGBoost,addr_state_NY,structured,18.341251,0.010598,51
5,Structured,XGBoost,addr_state_OH,structured,21.800339,0.012596,23
5,Structured,XGBoost,addr_state_OK,structured,17.556316,0.010144,59
5,Structured,XGBoost,addr_state_OR,structured,15.723242,0.009085,67
5,Structured,XGBoost,addr_state_PA,structured,18.288136,0.010567,52
5,Structured,XGBoost,addr_state_RI,structured,21.491529,0.012418,29
5,Structured,XGBoost,addr_state_SC,structured,18.360291,0.010609,50
5,Structured,XGBoost,addr_state_SD,structured,0.0,0.0,86
5,Structured,XGBoost,addr_state_TN,structured,0.0,0.0,85
5,Structured,XGBoost,addr_state_TX,structured,19.538363,0.011289,40
5,Structured,XGBoost,addr_state_UT,structured,9.959365,0.005755,77
5,Structured,XGBoost,addr_state_VA,structured,18.573586,0.010732,47
5,Structured,XGBoost,addr_state_VT,structured,12.298102,0.007106,75
5,Structured,XGBoost,addr_state_WA,structured,23.871895,0.013793,15
5,Structured,XGBoost,addr_state_WI,structured,19.48138,0.011256,41
5,Structured,XGBoost,addr_state_WV,structured,17.925047,0.010357,57
5,Structured,XGBoost,addr_state_WY,structured,17.986883,0.010393,56
5,Structured,XGBoost,purpose_credit_card,structured,31.043102,0.017937,7
5,Structured,XGBoost,purpose_debt_consolidation,structured,21.287193,0.0123,31
5,Structured,XGBoost,purpose_educational,structured,17.62676,0.010185,58
5,Structured,XGBoost,purpose_home_improvement,structured,16.33633,0.009439,64
5,Structured,XGBoost,purpose_house,structured,14.269486,0.008245,71
5,Structured,XGBoost,purpose_major_purchase,structured,23.680208,0.013683,16
5,Structured,XGBoost,purpose_medical,structured,18.676392,0.010791,46
5,Structured,XGBoost,purpose_moving,structured,18.713314,0.010813,44
5,Structured,XGBoost,purpose_other,structured,17.503796,0.010114,60
5,Structured,XGBoost,purpose_renewable_energy,structured,20.010061,0.011562,38
5,Structured,XGBoost,purpose_vacation,structured,20.692736,0.011956,33
5,Structured,XGBoost,purpose_wedding,structured,24.196878,0.013981,14
5,Structured,XGBoost,home_ownership_NONE,structured,0.0,0.0,84
5,Structured,XGBoost,home_ownership_OTHER,structured,10.27872,0.005939,76
5,Structured,XGBoost,home_ownership_OWN,structured,16.637241,0.009613,62
5,Structured,XGBoost,home_ownership_RENT,structured,18.012753,0.010408,54
5,Structured,XGBoost,verification_status_Source Verified,structured,15.189802,0.008777,68
5,Structured,XGBoost,verification_status_Verified,structured,18.701569,0.010806,45
5,Structured,XGBoost,grade_ord,structured,32.256844,0.018638,6
5,Structured,XGBoost,sub_grade_ord,structured,32.628326,0.018853,5
5,Structured,RandomForest,acc_now_delinq,structured,0.0,0.0,126
5,Structured,RandomForest,acc_open_past_24mths,structured,0.0,0.0,125
5,Structured,RandomForest,annual_inc,structured,0.084833,0.084833,3
5,Structured,RandomForest,avg_cur_bal,structured,0.0,0.0,124
5,Structured,RandomForest,bc_open_to_buy,structured,0.0,0.0,123
5,Structured,RandomForest,bc_util,structured,0.0,0.0,121
5,Structured,RandomForest,chargeoff_within_12_mths,structured,0.0,0.0,122
5,Structured,RandomForest,collections_12_mths_ex_med,structured,0.0,0.0,120
5,Structured,RandomForest,delinq_2yrs,structured,0.003763,0.003763,25
5,Structured,RandomForest,delinq_amnt,structured,0.0,0.0,119
5,Structured,RandomForest,dti,structured,0.050928,0.050928,9
5,Structured,RandomForest,emp_length,structured,0.027385,0.027385,14
5,Structured,RandomForest,inq_last_6mths,structured,0.02702,0.02702,15
5,Structured,RandomForest,int_rate,structured,0.12182,0.12182,1
5,Structured,RandomForest,loan_amnt,structured,0.046256,0.046256,11
5,Structured,RandomForest,mo_sin_old_il_acct,structured,0.0,0.0,118
5,Structured,RandomForest,mo_sin_old_rev_tl_op,structured,0.0,0.0,111
5,Structured,RandomForest,mo_sin_rcnt_rev_tl_op,structured,0.0,0.0,112
5,Structured,RandomForest,mo_sin_rcnt_tl,structured,0.0,0.0,113
5,Structured,RandomForest,mort_acc,structured,0.0,0.0,114
5,Structured,RandomForest,mths_since_last_delinq,structured,0.023391,0.023391,16
5,Structured,RandomForest,mths_since_last_major_derog,structured,0.0,0.0,115
5,Structured,RandomForest,mths_since_last_record,structured,0.008119,0.008119,18
5,Structured,RandomForest,mths_since_recent_bc,structured,0.0,0.0,116
5,Structured,RandomForest,mths_since_recent_bc_dlq,structured,0.0,0.0,104
5,Structured,RandomForest,mths_since_recent_inq,structured,0.0,0.0,117
5,Structured,RandomForest,mths_since_recent_revol_delinq,structured,0.0,0.0,108
5,Structured,RandomForest,num_accts_ever_120_pd,structured,0.0,0.0,107
5,Structured,RandomForest,num_actv_bc_tl,structured,0.0,0.0,110
5,Structured,RandomForest,num_actv_rev_tl,structured,0.0,0.0,109
5,Structured,RandomForest,num_bc_sats,structured,0.0,0.0,106
5,Structured,RandomForest,num_bc_tl,structured,0.0,0.0,105
5,Structured,RandomForest,num_il_tl,structured,0.0,0.0,95
5,Structured,RandomForest,num_op_rev_tl,structured,0.0,0.0,96
5,Structured,RandomForest,num_rev_accts,structured,0.0,0.0,97
5,Structured,RandomForest,num_tl_120dpd_2m,structured,0.0,0.0,98
5,Structured,RandomForest,num_tl_30dpd,structured,0.0,0.0,99
5,Structured,RandomForest,num_tl_90g_dpd_24m,structured,0.0,0.0,100
5,Structured,RandomForest,num_tl_op_past_12m,structured,0.0,0.0,101
5,Structured,RandomForest,open_acc,structured,0.029344,0.029344,13
5,Structured,RandomForest,pct_tl_nvr_dlq,structured,0.0,0.0,102
5,Structured,RandomForest,percent_bc_gt_75,structured,0.0,0.0,93
5,Structured,RandomForest,pub_rec,structured,0.004469,0.004469,24
5,Structured,RandomForest,pub_rec_bankruptcies,structured,0.003697,0.003697,26
5,Structured,RandomForest,revol_bal,structured,0.050929,0.050929,8
5,Structured,RandomForest,revol_util,structured,0.06351,0.06351,6
5,Structured,RandomForest,tax_liens,structured,0.0,0.0,103
5,Structured,RandomForest,term,structured,0.069274,0.069274,5
5,Structured,RandomForest,tot_coll_amt,structured,0.0,0.0,87
5,Structured,RandomForest,tot_cur_bal,structured,0.0,0.0,88
5,Structured,RandomForest,total_acc,structured,0.039651,0.039651,12
5,Structured,RandomForest,total_bal_ex_mort,structured,0.0,0.0,89
5,Structured,RandomForest,total_bc_limit,structured,0.0,0.0,90
5,Structured,RandomForest,total_il_high_credit_limit,structured,0.0,0.0,92
5,Structured,RandomForest,total_rev_hi_lim,structured,0.0,0.0,91
5,Structured,RandomForest,fico_midpoint,structured,0.056562,0.056562,7
5,Structured,RandomForest,credit_history_months,structured,0.049639,0.049639,10
5,Structured,RandomForest,initial_list_status_w,structured,0.0,0.0,94
5,Structured,RandomForest,addr_state_AL,structured,0.000364,0.000364,54
5,Structured,RandomForest,addr_state_AR,structured,8e-05,8e-05,62
5,Structured,RandomForest,addr_state_AZ,structured,0.000663,0.000663,43
5,Structured,RandomForest,addr_state_CA,structured,0.005277,0.005277,23
5,Structured,RandomForest,addr_state_CO,structured,0.00043,0.00043,50
5,Structured,RandomForest,addr_state_CT,structured,0.000398,0.000398,52
5,Structured,RandomForest,addr_state_DC,structured,0.000378,0.000378,53
5,Structured,RandomForest,addr_state_DE,structured,3.2e-05,3.2e-05,70
5,Structured,RandomForest,addr_state_FL,structured,0.003412,0.003412,27
5,Structured,RandomForest,addr_state_GA,structured,0.001094,0.001094,38
5,Structured,RandomForest,addr_state_HI,structured,1e-06,1e-06,75
5,Structured,RandomForest,addr_state_IA,structured,0.0,0.0,80
5,Structured,RandomForest,addr_state_ID,structured,0.0,0.0,79
5,Structured,RandomForest,addr_state_IL,structured,0.001362,0.001362,35
5,Structured,RandomForest,addr_state_IN,structured,0.0,0.0,81
5,Structured,RandomForest,addr_state_KS,structured,5.4e-05,5.4e-05,66
5,Structured,RandomForest,addr_state_KY,structured,5e-05,5e-05,68
5,Structured,RandomForest,addr_state_LA,structured,0.00023,0.00023,56
5,Structured,RandomForest,addr_state_MA,structured,0.001027,0.001027,41
5,Structured,RandomForest,addr_state_MD,structured,0.000553,0.000553,47
5,Structured,RandomForest,addr_state_MI,structured,0.000481,0.000481,48
5,Structured,RandomForest,addr_state_MN,structured,0.000175,0.000175,57
5,Structured,RandomForest,addr_state_MO,structured,0.000655,0.000655,44
5,Structured,RandomForest,addr_state_MS,structured,0.0,0.0,82
5,Structured,RandomForest,addr_state_MT,structured,0.0,0.0,83
5,Structured,RandomForest,addr_state_NC,structured,0.000353,0.000353,55
5,Structured,RandomForest,addr_state_NE,structured,0.0,0.0,84
5,Structured,RandomForest,addr_state_NH,structured,3.3e-05,3.3e-05,69
5,Structured,RandomForest,addr_state_NJ,structured,0.001467,0.001467,34
5,Structured,RandomForest,addr_state_NM,structured,0.000133,0.000133,60
5,Structured,RandomForest,addr_state_NV,structured,0.000621,0.000621,45
5,Structured,RandomForest,addr_state_NY,structured,0.002714,0.002714,29
5,Structured,RandomForest,addr_state_OH,structured,0.000968,0.000968,42
5,Structured,RandomForest,addr_state_OK,structured,5.9e-05,5.9e-05,65
5,Structured,RandomForest,addr_state_OR,structured,0.000141,0.000141,59
5,Structured,RandomForest,addr_state_PA,structured,0.001132,0.001132,37
5,Structured,RandomForest,addr_state_RI,structured,2.9e-05,2.9e-05,71
5,Structured,RandomForest,addr_state_SC,structured,0.000159,0.000159,58
5,Structured,RandomForest,addr_state_SD,structured,0.0,0.0,86
5,Structured,RandomForest,addr_state_TN,structured,0.0,0.0,85
5,Structured,RandomForest,addr_state_TX,structured,0.002059,0.002059,32
5,Structured,RandomForest,addr_state_UT,structured,2.6e-05,2.6e-05,72
5,Structured,RandomForest,addr_state_VA,structured,0.001169,0.001169,36
5,Structured,RandomForest,addr_state_VT,structured,0.0,0.0,78
5,Structured,RandomForest,addr_state_WA,structured,0.000472,0.000472,49
5,Structured,RandomForest,addr_state_WI,structured,9.9e-05,9.9e-05,61
5,Structured,RandomForest,addr_state_WV,structured,5.1e-05,5.1e-05,67
5,Structured,RandomForest,addr_state_WY,structured,7.4e-05,7.4e-05,64
5,Structured,RandomForest,purpose_credit_card,structured,0.006342,0.006342,21
5,Structured,RandomForest,purpose_debt_consolidation,structured,0.00852,0.00852,17
5,Structured,RandomForest,purpose_educational,structured,2.4e-05,2.4e-05,73
5,Structured,RandomForest,purpose_home_improvement,structured,0.002029,0.002029,33
5,Structured,RandomForest,purpose_house,structured,7.7e-05,7.7e-05,63
5,Structured,RandomForest,purpose_major_purchase,structured,0.002066,0.002066,31
5,Structured,RandomForest,purpose_medical,structured,0.000603,0.000603,46
5,Structured,RandomForest,purpose_moving,structured,0.001083,0.001083,39
5,Structured,RandomForest,purpose_other,structured,0.003392,0.003392,28
5,Structured,RandomForest,purpose_renewable_energy,structured,2.1e-05,2.1e-05,74
5,Structured,RandomForest,purpose_vacation,structured,0.00041,0.00041,51
5,Structured,RandomForest,purpose_wedding,structured,0.001061,0.001061,40
5,Structured,RandomForest,home_ownership_NONE,structured,0.0,0.0,76
5,Structured,RandomForest,home_ownership_OTHER,structured,0.0,0.0,77
5,Structured,RandomForest,home_ownership_OWN,structured,0.002134,0.002134,30
5,Structured,RandomForest,home_ownership_RENT,structured,0.007149,0.007149,19
5,Structured,RandomForest,verification_status_Source Verified,structured,0.006223,0.006223,22
5,Structured,RandomForest,verification_status_Verified,structured,0.006807,0.006807,20
5,Structured,RandomForest,grade_ord,structured,0.071765,0.071765,4
5,Structured,RandomForest,sub_grade_ord,structured,0.091229,0.091229,2
5,Structured+Lexicon,Logistic,acc_now_delinq,structured,0.0,0.0,133
5,Structured+Lexicon,Logistic,acc_open_past_24mths,structured,0.0,0.0,132
5,Structured+Lexicon,Logistic,annual_inc,structured,0.372562,0.079156,2
5,Structured+Lexicon,Logistic,avg_cur_bal,structured,0.0,0.0,131
5,Structured+Lexicon,Logistic,bc_open_to_buy,structured,0.0,0.0,130
5,Structured+Lexicon,Logistic,bc_util,structured,0.0,0.0,128
5,Structured+Lexicon,Logistic,chargeoff_within_12_mths,structured,0.0,0.0,129
5,Structured+Lexicon,Logistic,collections_12_mths_ex_med,structured,0.0,0.0,127
5,Structured+Lexicon,Logistic,delinq_2yrs,structured,0.006512,0.001384,72
5,Structured+Lexicon,Logistic,delinq_amnt,structured,0.0,0.0,126
5,Structured+Lexicon,Logistic,dti,structured,0.002024,0.00043,80
5,Structured+Lexicon,Logistic,emp_length,structured,0.041238,0.008762,34
5,Structured+Lexicon,Logistic,inq_last_6mths,structured,0.188725,0.040097,5
5,Structured+Lexicon,Logistic,int_rate,structured,0.503458,0.106967,1
5,Structured+Lexicon,Logistic,loan_amnt,structured,0.019269,0.004094,56
5,Structured+Lexicon,Logistic,mo_sin_old_il_acct,structured,0.0,0.0,125
5,Structured+Lexicon,Logistic,mo_sin_old_rev_tl_op,structured,0.0,0.0,118
5,Structured+Lexicon,Logistic,mo_sin_rcnt_rev_tl_op,structured,0.0,0.0,119
5,Structured+Lexicon,Logistic,mo_sin_rcnt_tl,structured,0.0,0.0,120
5,Structured+Lexicon,Logistic,mort_acc,structured,0.0,0.0,121
5,Structured+Lexicon,Logistic,mths_since_last_delinq,structured,0.03016,0.006408,49
5,Structured+Lexicon,Logistic,mths_since_last_major_derog,structured,0.0,0.0,122
5,Structured+Lexicon,Logistic,mths_since_last_record,structured,0.121399,0.025793,10
5,Structured+Lexicon,Logistic,mths_since_recent_bc,structured,0.0,0.0,123
5,Structured+Lexicon,Logistic,mths_since_recent_bc_dlq,structured,0.0,0.0,111
5,Structured+Lexicon,Logistic,mths_since_recent_inq,structured,0.0,0.0,124
5,Structured+Lexicon,Logistic,mths_since_recent_revol_delinq,structured,0.0,0.0,115
5,Structured+Lexicon,Logistic,num_accts_ever_120_pd,structured,0.0,0.0,114
5,Structured+Lexicon,Logistic,num_actv_bc_tl,structured,0.0,0.0,117
5,Structured+Lexicon,Logistic,num_actv_rev_tl,structured,0.0,0.0,116
5,Structured+Lexicon,Logistic,num_bc_sats,structured,0.0,0.0,113
5,Structured+Lexicon,Logistic,num_bc_tl,structured,0.0,0.0,112
5,Structured+Lexicon,Logistic,num_il_tl,structured,0.0,0.0,102
5,Structured+Lexicon,Logistic,num_op_rev_tl,structured,0.0,0.0,103
5,Structured+Lexicon,Logistic,num_rev_accts,structured,0.0,0.0,104
5,Structured+Lexicon,Logistic,num_tl_120dpd_2m,structured,0.0,0.0,105
5,Structured+Lexicon,Logistic,num_tl_30dpd,structured,0.0,0.0,106
5,Structured+Lexicon,Logistic,num_tl_90g_dpd_24m,structured,0.0,0.0,107
5,Structured+Lexicon,Logistic,num_tl_op_past_12m,structured,0.0,0.0,108
5,Structured+Lexicon,Logistic,open_acc,structured,0.005534,0.001176,74
5,Structured+Lexicon,Logistic,pct_tl_nvr_dlq,structured,0.0,0.0,109
5,Structured+Lexicon,Logistic,percent_bc_gt_75,structured,0.0,0.0,100
5,Structured+Lexicon,Logistic,pub_rec,structured,0.026847,0.005704,51
5,Structured+Lexicon,Logistic,pub_rec_bankruptcies,structured,0.000697,0.000148,85
5,Structured+Lexicon,Logistic,revol_bal,structured,0.041815,0.008884,30
5,Structured+Lexicon,Logistic,revol_util,structured,0.147897,0.031423,8
5,Structured+Lexicon,Logistic,tax_liens,structured,0.0,0.0,110
5,Structured+Lexicon,Logistic,term,structured,0.32503,0.069057,3
5,Structured+Lexicon,Logistic,tot_coll_amt,structured,0.0,0.0,94
5,Structured+Lexicon,Logistic,tot_cur_bal,structured,0.0,0.0,95
5,Structured+Lexicon,Logistic,total_acc,structured,0.035506,0.007544,43
5,Structured+Lexicon,Logistic,total_bal_ex_mort,structured,0.0,0.0,96
5,Structured+Lexicon,Logistic,total_bc_limit,structured,0.0,0.0,97
5,Structured+Lexicon,Logistic,total_il_high_credit_limit,structured,0.0,0.0,99
5,Structured+Lexicon,Logistic,total_rev_hi_lim,structured,0.0,0.0,98
5,Structured+Lexicon,Logistic,fico_midpoint,structured,0.155123,0.032958,7
5,Structured+Lexicon,Logistic,credit_history_months,structured,0.085403,0.018145,13
5,Structured+Lexicon,Logistic,initial_list_status_w,structured,0.0,0.0,101
5,Structured+Lexicon,Logistic,addr_state_AL,structured,0.047632,0.01012,28
5,Structured+Lexicon,Logistic,addr_state_AR,structured,0.03714,0.007891,38
5,Structured+Lexicon,Logistic,addr_state_AZ,structured,0.032382,0.00688,46
5,Structured+Lexicon,Logistic,addr_state_CA,structured,0.085714,0.018211,12
5,Structured+Lexicon,Logistic,addr_state_CO,structured,0.020967,0.004455,54
5,Structured+Lexicon,Logistic,addr_state_CT,structured,0.023697,0.005035,52
5,Structured+Lexicon,Logistic,addr_state_DC,structured,0.078224,0.01662,14
5,Structured+Lexicon,Logistic,addr_state_DE,structured,0.034692,0.007371,44
5,Structured+Lexicon,Logistic,addr_state_FL,structured,0.065553,0.013928,19
5,Structured+Lexicon,Logistic,addr_state_GA,structured,0.013451,0.002858,62
5,Structured+Lexicon,Logistic,addr_state_HI,structured,0.013531,0.002875,61
5,Structured+Lexicon,Logistic,addr_state_IA,structured,0.030825,0.006549,47
5,Structured+Lexicon,Logistic,addr_state_ID,structured,0.0,0.0,88
5,Structured+Lexicon,Logistic,addr_state_IL,structured,0.041697,0.008859,31
5,Structured+Lexicon,Logistic,addr_state_IN,structured,0.0,0.0,89
5,Structured+Lexicon,Logistic,addr_state_KS,structured,0.009953,0.002115,66
5,Structured+Lexicon,Logistic,addr_state_KY,structured,0.001942,0.000413,81
5,Structured+Lexicon,Logistic,addr_state_LA,structured,0.006791,0.001443,71
5,Structured+Lexicon,Logistic,addr_state_MA,structured,0.015223,0.003234,59
5,Structured+Lexicon,Logistic,addr_state_MD,structured,0.018661,0.003965,57
5,Structured+Lexicon,Logistic,addr_state_MI,structured,0.030251,0.006427,48
5,Structured+Lexicon,Logistic,addr_state_MN,structured,0.003581,0.000761,78
5,Structured+Lexicon,Logistic,addr_state_MO,structured,0.040692,0.008646,35
5,Structured+Lexicon,Logistic,addr_state_MS,structured,0.0,0.0,93
5,Structured+Lexicon,Logistic,addr_state_MT,structured,0.010092,0.002144,65
5,Structured+Lexicon,Logistic,addr_state_NC,structured,0.000577,0.000123,86
5,Structured+Lexicon,Logistic,addr_state_NE,structured,0.0,0.0,92
5,Structured+Lexicon,Logistic,addr_state_NH,structured,0.006442,0.001369,73
5,Structured+Lexicon,Logistic,addr_state_NJ,structured,0.036628,0.007782,39
5,Structured+Lexicon,Logistic,addr_state_NM,structured,0.032871,0.006984,45
5,Structured+Lexicon,Logistic,addr_state_NV,structured,0.063675,0.013529,20
5,Structured+Lexicon,Logistic,addr_state_NY,structured,0.00342,0.000727,79
5,Structured+Lexicon,Logistic,addr_state_OH,structured,0.052494,0.011153,26
5,Structured+Lexicon,Logistic,addr_state_OK,structured,0.0221,0.004695,53
5,Structured+Lexicon,Logistic,addr_state_OR,structured,0.010926,0.002321,64
5,Structured+Lexicon,Logistic,addr_state_PA,structured,0.048718,0.010351,27
5,Structured+Lexicon,Logistic,addr_state_RI,structured,0.020877,0.004436,55
5,Structured+Lexicon,Logistic,addr_state_SC,structured,0.008798,0.001869,69
5,Structured+Lexicon,Logistic,addr_state_SD,structured,0.000479,0.000102,87
5,Structured+Lexicon,Logistic,addr_state_TN,structured,0.0,0.0,91
5,Structured+Lexicon,Logistic,addr_state_TX,structured,0.039759,0.008447,36
5,Structured+Lexicon,Logistic,addr_state_UT,structured,0.012208,0.002594,63
5,Structured+Lexicon,Logistic,addr_state_VA,structured,0.036499,0.007755,40
5,Structured+Lexicon,Logistic,addr_state_VT,structured,0.009848,0.002092,67
5,Structured+Lexicon,Logistic,addr_state_WA,structured,0.001136,0.000241,83
5,Structured+Lexicon,Logistic,addr_state_WI,structured,0.003631,0.000772,77
5,Structured+Lexicon,Logistic,addr_state_WV,structured,0.01409,0.002994,60
5,Structured+Lexicon,Logistic,addr_state_WY,structured,0.105127,0.022336,11
5,Structured+Lexicon,Logistic,purpose_credit_card,structured,0.038659,0.008214,37
5,Structured+Lexicon,Logistic,purpose_debt_consolidation,structured,0.172927,0.036741,6
5,Structured+Lexicon,Logistic,purpose_educational,structured,0.043471,0.009236,29
5,Structured+Lexicon,Logistic,purpose_home_improvement,structured,0.07176,0.015246,17
5,Structured+Lexicon,Logistic,purpose_house,structured,0.029531,0.006274,50
5,Structured+Lexicon,Logistic,purpose_major_purchase,structured,0.05466,0.011613,24
5,Structured+Lexicon,Logistic,purpose_medical,structured,0.041644,0.008848,33
5,Structured+Lexicon,Logistic,purpose_moving,structured,0.078126,0.016599,15
5,Structured+Lexicon,Logistic,purpose_other,structured,0.142762,0.030332,9
5,Structured+Lexicon,Logistic,purpose_renewable_energy,structured,0.056373,0.011977,23
5,Structured+Lexicon,Logistic,purpose_vacation,structured,0.066617,0.014154,18
5,Structured+Lexicon,Logistic,purpose_wedding,structured,0.001036,0.00022,84
5,Structured+Lexicon,Logistic,home_ownership_NONE,structured,0.0,0.0,90
5,Structured+Lexicon,Logistic,home_ownership_OTHER,structured,0.076754,0.016307,16
5,Structured+Lexicon,Logistic,home_ownership_OWN,structured,0.003989,0.000848,76
5,Structured+Lexicon,Logistic,home_ownership_RENT,structured,0.035592,0.007562,42
5,Structured+Lexicon,Logistic,verification_status_Source Verified,structured,0.041671,0.008853,32
5,Structured+Lexicon,Logistic,verification_status_Verified,structured,0.053362,0.011337,25
5,Structured+Lexicon,Logistic,grade_ord,structured,0.007864,0.001671,70
5,Structured+Lexicon,Logistic,sub_grade_ord,structured,0.200005,0.042494,4
5,Structured+Lexicon,Logistic,risk_word_count,lexicon,0.036141,0.007679,41
5,Structured+Lexicon,Logistic,risk_word_density,lexicon,0.008873,0.001885,68
5,Structured+Lexicon,Logistic,risk_word_flag,lexicon,0.001855,0.000394,82
5,Structured+Lexicon,Logistic,distress_debt_pressure_count,lexicon,0.058913,0.012517,22
5,Structured+Lexicon,Logistic,distress_liquidity_shortage_count,lexicon,0.004105,0.000872,75
5,Structured+Lexicon,Logistic,distress_medical_life_shock_count,lexicon,0.060054,0.012759,21
5,Structured+Lexicon,Logistic,distress_refinancing_burden_count,lexicon,0.017749,0.003771,58
5,Structured+Lexicon,XGBoost,acc_now_delinq,structured,0.0,0.0,133
5,Structured+Lexicon,XGBoost,acc_open_past_24mths,structured,0.0,0.0,132
5,Structured+Lexicon,XGBoost,annual_inc,structured,37.414303,0.019651,3
5,Structured+Lexicon,XGBoost,avg_cur_bal,structured,0.0,0.0,131
5,Structured+Lexicon,XGBoost,bc_open_to_buy,structured,0.0,0.0,130
5,Structured+Lexicon,XGBoost,bc_util,structured,0.0,0.0,128
5,Structured+Lexicon,XGBoost,chargeoff_within_12_mths,structured,0.0,0.0,129
5,Structured+Lexicon,XGBoost,collections_12_mths_ex_med,structured,0.0,0.0,127
5,Structured+Lexicon,XGBoost,delinq_2yrs,structured,20.905502,0.01098,41
5,Structured+Lexicon,XGBoost,delinq_amnt,structured,0.0,0.0,126
5,Structured+Lexicon,XGBoost,dti,structured,20.747643,0.010897,42
5,Structured+Lexicon,XGBoost,emp_length,structured,22.11714,0.011617,32
5,Structured+Lexicon,XGBoost,inq_last_6mths,structured,35.11797,0.018445,4
5,Structured+Lexicon,XGBoost,int_rate,structured,112.10833,0.058883,1
5,Structured+Lexicon,XGBoost,loan_amnt,structured,22.075294,0.011595,33
5,Structured+Lexicon,XGBoost,mo_sin_old_il_acct,structured,0.0,0.0,125
5,Structured+Lexicon,XGBoost,mo_sin_old_rev_tl_op,structured,0.0,0.0,118
5,Structured+Lexicon,XGBoost,mo_sin_rcnt_rev_tl_op,structured,0.0,0.0,119
5,Structured+Lexicon,XGBoost,mo_sin_rcnt_tl,structured,0.0,0.0,120
5,Structured+Lexicon,XGBoost,mort_acc,structured,0.0,0.0,121
5,Structured+Lexicon,XGBoost,mths_since_last_delinq,structured,21.130821,0.011099,39
5,Structured+Lexicon,XGBoost,mths_since_last_major_derog,structured,0.0,0.0,122
5,Structured+Lexicon,XGBoost,mths_since_last_record,structured,28.008131,0.014711,10
5,Structured+Lexicon,XGBoost,mths_since_recent_bc,structured,0.0,0.0,123
5,Structured+Lexicon,XGBoost,mths_since_recent_bc_dlq,structured,0.0,0.0,111
5,Structured+Lexicon,XGBoost,mths_since_recent_inq,structured,0.0,0.0,124
5,Structured+Lexicon,XGBoost,mths_since_recent_revol_delinq,structured,0.0,0.0,115
5,Structured+Lexicon,XGBoost,num_accts_ever_120_pd,structured,0.0,0.0,114
5,Structured+Lexicon,XGBoost,num_actv_bc_tl,structured,0.0,0.0,117
5,Structured+Lexicon,XGBoost,num_actv_rev_tl,structured,0.0,0.0,116
5,Structured+Lexicon,XGBoost,num_bc_sats,structured,0.0,0.0,113
5,Structured+Lexicon,XGBoost,num_bc_tl,structured,0.0,0.0,112
5,Structured+Lexicon,XGBoost,num_il_tl,structured,0.0,0.0,102
5,Structured+Lexicon,XGBoost,num_op_rev_tl,structured,0.0,0.0,103
5,Structured+Lexicon,XGBoost,num_rev_accts,structured,0.0,0.0,104
5,Structured+Lexicon,XGBoost,num_tl_120dpd_2m,structured,0.0,0.0,105
5,Structured+Lexicon,XGBoost,num_tl_30dpd,structured,0.0,0.0,106
5,Structured+Lexicon,XGBoost,num_tl_90g_dpd_24m,structured,0.0,0.0,107
5,Structured+Lexicon,XGBoost,num_tl_op_past_12m,structured,0.0,0.0,108
5,Structured+Lexicon,XGBoost,open_acc,structured,20.653904,0.010848,44
5,Structured+Lexicon,XGBoost,pct_tl_nvr_dlq,structured,0.0,0.0,109
5,Structured+Lexicon,XGBoost,percent_bc_gt_75,structured,0.0,0.0,100
5,Structured+Lexicon,XGBoost,pub_rec,structured,14.675808,0.007708,75
5,Structured+Lexicon,XGBoost,pub_rec_bankruptcies,structured,21.733208,0.011415,38
5,Structured+Lexicon,XGBoost,revol_bal,structured,24.282177,0.012754,20
5,Structured+Lexicon,XGBoost,revol_util,structured,27.025427,0.014195,11
5,Structured+Lexicon,XGBoost,tax_liens,structured,0.0,0.0,110
5,Structured+Lexicon,XGBoost,term,structured,96.686577,0.050783,2
5,Structured+Lexicon,XGBoost,tot_coll_amt,structured,0.0,0.0,94
5,Structured+Lexicon,XGBoost,tot_cur_bal,structured,0.0,0.0,95
5,Structured+Lexicon,XGBoost,total_acc,structured,22.2603,0.011692,30
5,Structured+Lexicon,XGBoost,total_bal_ex_mort,structured,0.0,0.0,96
5,Structured+Lexicon,XGBoost,total_bc_limit,structured,0.0,0.0,97
5,Structured+Lexicon,XGBoost,total_il_high_credit_limit,structured,0.0,0.0,99
5,Structured+Lexicon,XGBoost,total_rev_hi_lim,structured,0.0,0.0,98
5,Structured+Lexicon,XGBoost,fico_midpoint,structured,26.320463,0.013824,12
5,Structured+Lexicon,XGBoost,credit_history_months,structured,22.468134,0.011801,28
5,Structured+Lexicon,XGBoost,initial_list_status_w,structured,0.0,0.0,101
5,Structured+Lexicon,XGBoost,addr_state_AL,structured,19.97271,0.01049,49
5,Structured+Lexicon,XGBoost,addr_state_AR,structured,16.193214,0.008505,70
5,Structured+Lexicon,XGBoost,addr_state_AZ,structured,24.792816,0.013022,16
5,Structured+Lexicon,XGBoost,addr_state_CA,structured,28.05962,0.014738,9
5,Structured+Lexicon,XGBoost,addr_state_CO,structured,16.506655,0.00867,69
5,Structured+Lexicon,XGBoost,addr_state_CT,structured,13.654015,0.007172,78
5,Structured+Lexicon,XGBoost,addr_state_DC,structured,24.443417,0.012839,18
5,Structured+Lexicon,XGBoost,addr_state_DE,structured,19.840662,0.010421,50
5,Structured+Lexicon,XGBoost,addr_state_FL,structured,23.88043,0.012543,21
5,Structured+Lexicon,XGBoost,addr_state_GA,structured,18.734112,0.00984,58
5,Structured+Lexicon,XGBoost,addr_state_HI,structured,20.937088,0.010997,40
5,Structured+Lexicon,XGBoost,addr_state_IA,structured,0.0,0.0,87
5,Structured+Lexicon,XGBoost,addr_state_ID,structured,0.0,0.0,86
5,Structured+Lexicon,XGBoost,addr_state_IL,structured,15.770526,0.008283,73
5,Structured+Lexicon,XGBoost,addr_state_IN,structured,0.0,0.0,88
5,Structured+Lexicon,XGBoost,addr_state_KS,structured,26.176811,0.013749,13
5,Structured+Lexicon,XGBoost,addr_state_KY,structured,14.056782,0.007383,77
5,Structured+Lexicon,XGBoost,addr_state_LA,structured,23.516218,0.012352,22
5,Structured+Lexicon,XGBoost,addr_state_MA,structured,24.418764,0.012826,19
5,Structured+Lexicon,XGBoost,addr_state_MD,structured,14.818805,0.007783,74
5,Structured+Lexicon,XGBoost,addr_state_MI,structured,19.766205,0.010382,52
5,Structured+Lexicon,XGBoost,addr_state_MN,structured,13.292763,0.006982,79
5,Structured+Lexicon,XGBoost,addr_state_MO,structured,21.795994,0.011448,37
5,Structured+Lexicon,XGBoost,addr_state_MS,structured,0.0,0.0,89
5,Structured+Lexicon,XGBoost,addr_state_MT,structured,10.086493,0.005298,81
5,Structured+Lexicon,XGBoost,addr_state_NC,structured,18.274395,0.009598,61
5,Structured+Lexicon,XGBoost,addr_state_NE,structured,0.0,0.0,90
5,Structured+Lexicon,XGBoost,addr_state_NH,structured,22.523983,0.01183,27
5,Structured+Lexicon,XGBoost,addr_state_NJ,structured,17.550428,0.009218,66
5,Structured+Lexicon,XGBoost,addr_state_NM,structured,20.213621,0.010617,47
5,Structured+Lexicon,XGBoost,addr_state_NV,structured,25.378891,0.01333,14
5,Structured+Lexicon,XGBoost,addr_state_NY,structured,24.68528,0.012966,17
5,Structured+Lexicon,XGBoost,addr_state_OH,structured,22.995419,0.012078,24
5,Structured+Lexicon,XGBoost,addr_state_OK,structured,18.260902,0.009591,62
5,Structured+Lexicon,XGBoost,addr_state_OR,structured,9.165279,0.004814,82
5,Structured+Lexicon,XGBoost,addr_state_PA,structured,20.09654,0.010555,48
5,Structured+Lexicon,XGBoost,addr_state_RI,structured,19.202244,0.010086,55
5,Structured+Lexicon,XGBoost,addr_state_SC,structured,19.667126,0.01033,54
5,Structured+Lexicon,XGBoost,addr_state_SD,structured,0.0,0.0,93
5,Structured+Lexicon,XGBoost,addr_state_TN,structured,0.0,0.0,92
5,Structured+Lexicon,XGBoost,addr_state_TX,structured,19.09318,0.010028,57
5,Structured+Lexicon,XGBoost,addr_state_UT,structured,8.474005,0.004451,83
5,Structured+Lexicon,XGBoost,addr_state_VA,structured,20.323462,0.010675,46
5,Structured+Lexicon,XGBoost,addr_state_VT,structured,15.827625,0.008313,71
5,Structured+Lexicon,XGBoost,addr_state_WA,structured,20.459211,0.010746,45
5,Structured+Lexicon,XGBoost,addr_state_WI,structured,21.87962,0.011492,35
5,Structured+Lexicon,XGBoost,addr_state_WV,structured,18.491358,0.009712,60
5,Structured+Lexicon,XGBoost,addr_state_WY,structured,18.035606,0.009473,64
5,Structured+Lexicon,XGBoost,purpose_credit_card,structured,29.740438,0.015621,8
5,Structured+Lexicon,XGBoost,purpose_debt_consolidation,structured,21.97473,0.011542,34
5,Structured+Lexicon,XGBoost,purpose_educational,structured,20.691486,0.010868,43
5,Structured+Lexicon,XGBoost,purpose_home_improvement,structured,22.660147,0.011902,26
5,Structured+Lexicon,XGBoost,purpose_house,structured,17.780054,0.009339,65
5,Structured+Lexicon,XGBoost,purpose_major_purchase,structured,22.705822,0.011926,25
5,Structured+Lexicon,XGBoost,purpose_medical,structured,23.186207,0.012178,23
5,Structured+Lexicon,XGBoost,purpose_moving,structured,19.1462,0.010056,56
5,Structured+Lexicon,XGBoost,purpose_other,structured,19.783293,0.010391,51
5,Structured+Lexicon,XGBoost,purpose_renewable_energy,structured,21.808512,0.011455,36
5,Structured+Lexicon,XGBoost,purpose_vacation,structured,14.422833,0.007575,76
5,Structured+Lexicon,XGBoost,purpose_wedding,structured,25.345856,0.013313,15
5,Structured+Lexicon,XGBoost,home_ownership_NONE,structured,0.0,0.0,91
5,Structured+Lexicon,XGBoost,home_ownership_OTHER,structured,10.098936,0.005304,80
5,Structured+Lexicon,XGBoost,home_ownership_OWN,structured,16.803446,0.008826,68
5,Structured+Lexicon,XGBoost,home_ownership_RENT,structured,17.051926,0.008956,67
5,Structured+Lexicon,XGBoost,verification_status_Source Verified,structured,15.809637,0.008304,72
5,Structured+Lexicon,XGBoost,verification_status_Verified,structured,18.094753,0.009504,63
5,Structured+Lexicon,XGBoost,grade_ord,structured,33.394749,0.01754,5
5,Structured+Lexicon,XGBoost,sub_grade_ord,structured,31.481768,0.016535,7
5,Structured+Lexicon,XGBoost,risk_word_count,lexicon,19.68194,0.010338,53
5,Structured+Lexicon,XGBoost,risk_word_density,lexicon,22.123629,0.01162,31
5,Structured+Lexicon,XGBoost,risk_word_flag,lexicon,0.0,0.0,84
5,Structured+Lexicon,XGBoost,distress_debt_pressure_count,lexicon,32.165779,0.016895,6
5,Structured+Lexicon,XGBoost,distress_liquidity_shortage_count,lexicon,18.598251,0.009768,59
5,Structured+Lexicon,XGBoost,distress_medical_life_shock_count,lexicon,22.318277,0.011722,29
5,Structured+Lexicon,XGBoost,distress_refinancing_burden_count,lexicon,0.0,0.0,85
5,Structured+Lexicon,RandomForest,acc_now_delinq,structured,0.0,0.0,133
5,Structured+Lexicon,RandomForest,acc_open_past_24mths,structured,0.0,0.0,132
5,Structured+Lexicon,RandomForest,annual_inc,structured,0.077243,0.077243,3
5,Structured+Lexicon,RandomForest,avg_cur_bal,structured,0.0,0.0,131
5,Structured+Lexicon,RandomForest,bc_open_to_buy,structured,0.0,0.0,130
5,Structured+Lexicon,RandomForest,bc_util,structured,0.0,0.0,128
5,Structured+Lexicon,RandomForest,chargeoff_within_12_mths,structured,0.0,0.0,129
5,Structured+Lexicon,RandomForest,collections_12_mths_ex_med,structured,0.0,0.0,127
5,Structured+Lexicon,RandomForest,delinq_2yrs,structured,0.003296,0.003296,32
5,Structured+Lexicon,RandomForest,delinq_amnt,structured,0.0,0.0,126
5,Structured+Lexicon,RandomForest,dti,structured,0.047899,0.047899,8
5,Structured+Lexicon,RandomForest,emp_length,structured,0.02559,0.02559,15
5,Structured+Lexicon,RandomForest,inq_last_6mths,structured,0.024356,0.024356,16
5,Structured+Lexicon,RandomForest,int_rate,structured,0.108452,0.108452,1
5,Structured+Lexicon,RandomForest,loan_amnt,structured,0.041831,0.041831,11
5,Structured+Lexicon,RandomForest,mo_sin_old_il_acct,structured,0.0,0.0,125
5,Structured+Lexicon,RandomForest,mo_sin_old_rev_tl_op,structured,0.0,0.0,118
5,Structured+Lexicon,RandomForest,mo_sin_rcnt_rev_tl_op,structured,0.0,0.0,119
5,Structured+Lexicon,RandomForest,mo_sin_rcnt_tl,structured,0.0,0.0,120
5,Structured+Lexicon,RandomForest,mort_acc,structured,0.0,0.0,121
5,Structured+Lexicon,RandomForest,mths_since_last_delinq,structured,0.021717,0.021717,17
5,Structured+Lexicon,RandomForest,mths_since_last_major_derog,structured,0.0,0.0,122
5,Structured+Lexicon,RandomForest,mths_since_last_record,structured,0.006411,0.006411,22
5,Structured+Lexicon,RandomForest,mths_since_recent_bc,structured,0.0,0.0,123
5,Structured+Lexicon,RandomForest,mths_since_recent_bc_dlq,structured,0.0,0.0,111
5,Structured+Lexicon,RandomForest,mths_since_recent_inq,structured,0.0,0.0,124
5,Structured+Lexicon,RandomForest,mths_since_recent_revol_delinq,structured,0.0,0.0,115
5,Structured+Lexicon,RandomForest,num_accts_ever_120_pd,structured,0.0,0.0,114
5,Structured+Lexicon,RandomForest,num_actv_bc_tl,structured,0.0,0.0,117
5,Structured+Lexicon,RandomForest,num_actv_rev_tl,structured,0.0,0.0,116
5,Structured+Lexicon,RandomForest,num_bc_sats,structured,0.0,0.0,113
5,Structured+Lexicon,RandomForest,num_bc_tl,structured,0.0,0.0,112
5,Structured+Lexicon,RandomForest,num_il_tl,structured,0.0,0.0,102
5,Structured+Lexicon,RandomForest,num_op_rev_tl,structured,0.0,0.0,103
5,Structured+Lexicon,RandomForest,num_rev_accts,structured,0.0,0.0,104
5,Structured+Lexicon,RandomForest,num_tl_120dpd_2m,structured,0.0,0.0,105
5,Structured+Lexicon,RandomForest,num_tl_30dpd,structured,0.0,0.0,106
5,Structured+Lexicon,RandomForest,num_tl_90g_dpd_24m,structured,0.0,0.0,107
5,Structured+Lexicon,RandomForest,num_tl_op_past_12m,structured,0.0,0.0,108
5,Structured+Lexicon,RandomForest,open_acc,structured,0.02798,0.02798,13
5,Structured+Lexicon,RandomForest,pct_tl_nvr_dlq,structured,0.0,0.0,109
5,Structured+Lexicon,RandomForest,percent_bc_gt_75,structured,0.0,0.0,100
5,Structured+Lexicon,RandomForest,pub_rec,structured,0.004377,0.004377,29
5,Structured+Lexicon,RandomForest,pub_rec_bankruptcies,structured,0.003811,0.003811,31
5,Structured+Lexicon,RandomForest,revol_bal,structured,0.046515,0.046515,9
5,Structured+Lexicon,RandomForest,revol_util,structured,0.060434,0.060434,6
5,Structured+Lexicon,RandomForest,tax_liens,structured,0.0,0.0,110
5,Structured+Lexicon,RandomForest,term,structured,0.062455,0.062455,5
5,Structured+Lexicon,RandomForest,tot_coll_amt,structured,0.0,0.0,94
5,Structured+Lexicon,RandomForest,tot_cur_bal,structured,0.0,0.0,95
5,Structured+Lexicon,RandomForest,total_acc,structured,0.035961,0.035961,12
5,Structured+Lexicon,RandomForest,total_bal_ex_mort,structured,0.0,0.0,96
5,Structured+Lexicon,RandomForest,total_bc_limit,structured,0.0,0.0,97
5,Structured+Lexicon,RandomForest,total_il_high_credit_limit,structured,0.0,0.0,99
5,Structured+Lexicon,RandomForest,total_rev_hi_lim,structured,0.0,0.0,98
5,Structured+Lexicon,RandomForest,fico_midpoint,structured,0.052414,0.052414,7
5,Structured+Lexicon,RandomForest,credit_history_months,structured,0.045001,0.045001,10
5,Structured+Lexicon,RandomForest,initial_list_status_w,structured,0.0,0.0,101
5,Structured+Lexicon,RandomForest,addr_state_AL,structured,0.000328,0.000328,57
5,Structured+Lexicon,RandomForest,addr_state_AR,structured,3.7e-05,3.7e-05,76
5,Structured+Lexicon,RandomForest,addr_state_AZ,structured,0.00069,0.00069,49
5,Structured+Lexicon,RandomForest,addr_state_CA,structured,0.005027,0.005027,28
5,Structured+Lexicon,RandomForest,addr_state_CO,structured,0.000303,0.000303,58
5,Structured+Lexicon,RandomForest,addr_state_CT,structured,0.000292,0.000292,60
5,Structured+Lexicon,RandomForest,addr_state_DC,structured,0.000249,0.000249,62
5,Structured+Lexicon,RandomForest,addr_state_DE,structured,1e-06,1e-06,82
5,Structured+Lexicon,RandomForest,addr_state_FL,structured,0.002877,0.002877,34
5,Structured+Lexicon,RandomForest,addr_state_GA,structured,0.000722,0.000722,48
5,Structured+Lexicon,RandomForest,addr_state_HI,structured,2e-06,2e-06,81
5,Structured+Lexicon,RandomForest,addr_state_IA,structured,0.0,0.0,87
5,Structured+Lexicon,RandomForest,addr_state_ID,structured,0.0,0.0,86
5,Structured+Lexicon,RandomForest,addr_state_IL,structured,0.001219,0.001219,40
5,Structured+Lexicon,RandomForest,addr_state_IN,structured,0.0,0.0,88
5,Structured+Lexicon,RandomForest,addr_state_KS,structured,5.3e-05,5.3e-05,72
5,Structured+Lexicon,RandomForest,addr_state_KY,structured,7.1e-05,7.1e-05,71
5,Structured+Lexicon,RandomForest,addr_state_LA,structured,0.000226,0.000226,63
5,Structured+Lexicon,RandomForest,addr_state_MA,structured,0.000944,0.000944,44
5,Structured+Lexicon,RandomForest,addr_state_MD,structured,0.000447,0.000447,52
5,Structured+Lexicon,RandomForest,addr_state_MI,structured,0.000268,0.000268,61
5,Structured+Lexicon,RandomForest,addr_state_MN,structured,0.000128,0.000128,64
5,Structured+Lexicon,RandomForest,addr_state_MO,structured,0.000474,0.000474,50
5,Structured+Lexicon,RandomForest,addr_state_MS,structured,0.0,0.0,89
5,Structured+Lexicon,RandomForest,addr_state_MT,structured,0.0,0.0,90
5,Structured+Lexicon,RandomForest,addr_state_NC,structured,0.0003,0.0003,59
5,Structured+Lexicon,RandomForest,addr_state_NE,structured,0.0,0.0,91
5,Structured+Lexicon,RandomForest,addr_state_NH,structured,4.4e-05,4.4e-05,74
5,Structured+Lexicon,RandomForest,addr_state_NJ,structured,0.001218,0.001218,41
5,Structured+Lexicon,RandomForest,addr_state_NM,structured,9.3e-05,9.3e-05,66
5,Structured+Lexicon,RandomForest,addr_state_NV,structured,0.000455,0.000455,51
5,Structured+Lexicon,RandomForest,addr_state_NY,structured,0.002341,0.002341,35
5,Structured+Lexicon,RandomForest,addr_state_OH,structured,0.000791,0.000791,46
5,Structured+Lexicon,RandomForest,addr_state_OK,structured,2.5e-05,2.5e-05,78
5,Structured+Lexicon,RandomForest,addr_state_OR,structured,0.000111,0.000111,65
5,Structured+Lexicon,RandomForest,addr_state_PA,structured,0.000982,0.000982,43
5,Structured+Lexicon,RandomForest,addr_state_RI,structured,4.9e-05,4.9e-05,73
5,Structured+Lexicon,RandomForest,addr_state_SC,structured,7.6e-05,7.6e-05,68
5,Structured+Lexicon,RandomForest,addr_state_SD,structured,0.0,0.0,83
5,Structured+Lexicon,RandomForest,addr_state_TN,structured,0.0,0.0,93
5,Structured+Lexicon,RandomForest,addr_state_TX,structured,0.001711,0.001711,39
5,Structured+Lexicon,RandomForest,addr_state_UT,structured,9e-06,9e-06,80
5,Structured+Lexicon,RandomForest,addr_state_VA,structured,0.00086,0.00086,45
5,Structured+Lexicon,RandomForest,addr_state_VT,structured,0.0,0.0,92
5,Structured+Lexicon,RandomForest,addr_state_WA,structured,0.000337,0.000337,56
5,Structured+Lexicon,RandomForest,addr_state_WI,structured,7.4e-05,7.4e-05,69
5,Structured+Lexicon,RandomForest,addr_state_WV,structured,3.6e-05,3.6e-05,77
5,Structured+Lexicon,RandomForest,addr_state_WY,structured,8e-05,8e-05,67
5,Structured+Lexicon,RandomForest,purpose_credit_card,structured,0.005238,0.005238,26
5,Structured+Lexicon,RandomForest,purpose_debt_consolidation,structured,0.007639,0.007639,20
5,Structured+Lexicon,RandomForest,purpose_educational,structured,1.9e-05,1.9e-05,79
5,Structured+Lexicon,RandomForest,purpose_home_improvement,structured,0.001854,0.001854,37
5,Structured+Lexicon,RandomForest,purpose_house,structured,7.3e-05,7.3e-05,70
5,Structured+Lexicon,RandomForest,purpose_major_purchase,structured,0.001791,0.001791,38
5,Structured+Lexicon,RandomForest,purpose_medical,structured,0.000374,0.000374,54
5,Structured+Lexicon,RandomForest,purpose_moving,structured,0.001001,0.001001,42
5,Structured+Lexicon,RandomForest,purpose_other,structured,0.003279,0.003279,33
5,Structured+Lexicon,RandomForest,purpose_renewable_energy,structured,4.3e-05,4.3e-05,75
5,Structured+Lexicon,RandomForest,purpose_vacation,structured,0.000338,0.000338,55
5,Structured+Lexicon,RandomForest,purpose_wedding,structured,0.000768,0.000768,47
5,Structured+Lexicon,RandomForest,home_ownership_NONE,structured,0.0,0.0,84
5,Structured+Lexicon,RandomForest,home_ownership_OTHER,structured,0.0,0.0,85
5,Structured+Lexicon,RandomForest,home_ownership_OWN,structured,0.001924,0.001924,36
5,Structured+Lexicon,RandomForest,home_ownership_RENT,structured,0.006964,0.006964,21
5,Structured+Lexicon,RandomForest,verification_status_Source Verified,structured,0.00551,0.00551,25
5,Structured+Lexicon,RandomForest,verification_status_Verified,structured,0.006339,0.006339,23
5,Structured+Lexicon,RandomForest,grade_ord,structured,0.064223,0.064223,4
5,Structured+Lexicon,RandomForest,sub_grade_ord,structured,0.094446,0.094446,2
5,Structured+Lexicon,RandomForest,risk_word_count,lexicon,0.018197,0.018197,19
5,Structured+Lexicon,RandomForest,risk_word_density,lexicon,0.026407,0.026407,14
5,Structured+Lexicon,RandomForest,risk_word_flag,lexicon,0.005196,0.005196,27
5,Structured+Lexicon,RandomForest,distress_debt_pressure_count,lexicon,0.018227,0.018227,18
5,Structured+Lexicon,RandomForest,distress_liquidity_shortage_count,lexicon,0.005746,0.005746,24
5,Structured+Lexicon,RandomForest,distress_medical_life_shock_count,lexicon,0.00428,0.00428,30
5,Structured+Lexicon,RandomForest,distress_refinancing_burden_count,lexicon,0.00043,0.00043,53
6,Structured,Logistic,acc_now_delinq,structured,0.0,0.0,126
6,Structured,Logistic,acc_open_past_24mths,structured,0.0,0.0,125
6,Structured,Logistic,annual_inc,structured,0.387256,0.08918,2
6,Structured,Logistic,avg_cur_bal,structured,0.0,0.0,124
6,Structured,Logistic,bc_open_to_buy,structured,0.0,0.0,123
6,Structured,Logistic,bc_util,structured,0.0,0.0,121
6,Structured,Logistic,chargeoff_within_12_mths,structured,0.0,0.0,122
6,Structured,Logistic,collections_12_mths_ex_med,structured,0.0,0.0,120
6,Structured,Logistic,delinq_2yrs,structured,0.00117,0.00027,79
6,Structured,Logistic,delinq_amnt,structured,0.0,0.0,119
6,Structured,Logistic,dti,structured,0.005264,0.001212,71
6,Structured,Logistic,emp_length,structured,0.026237,0.006042,41
6,Structured,Logistic,inq_last_6mths,structured,0.183929,0.042357,6
6,Structured,Logistic,int_rate,structured,0.471458,0.108571,1
6,Structured,Logistic,loan_amnt,structured,0.0449,0.01034,26
6,Structured,Logistic,mo_sin_old_il_acct,structured,0.0,0.0,118
6,Structured,Logistic,mo_sin_old_rev_tl_op,structured,0.0,0.0,111
6,Structured,Logistic,mo_sin_rcnt_rev_tl_op,structured,0.0,0.0,112
6,Structured,Logistic,mo_sin_rcnt_tl,structured,0.0,0.0,113
6,Structured,Logistic,mort_acc,structured,0.0,0.0,114
6,Structured,Logistic,mths_since_last_delinq,structured,0.041176,0.009482,29
6,Structured,Logistic,mths_since_last_major_derog,structured,0.0,0.0,115
6,Structured,Logistic,mths_since_last_record,structured,0.103092,0.023741,10
6,Structured,Logistic,mths_since_recent_bc,structured,0.0,0.0,116
6,Structured,Logistic,mths_since_recent_bc_dlq,structured,0.0,0.0,104
6,Structured,Logistic,mths_since_recent_inq,structured,0.0,0.0,117
6,Structured,Logistic,mths_since_recent_revol_delinq,structured,0.0,0.0,108
6,Structured,Logistic,num_accts_ever_120_pd,structured,0.0,0.0,107
6,Structured,Logistic,num_actv_bc_tl,structured,0.0,0.0,110
6,Structured,Logistic,num_actv_rev_tl,structured,0.0,0.0,109
6,Structured,Logistic,num_bc_sats,structured,0.0,0.0,106
6,Structured,Logistic,num_bc_tl,structured,0.0,0.0,105
6,Structured,Logistic,num_il_tl,structured,0.0,0.0,95
6,Structured,Logistic,num_op_rev_tl,structured,0.0,0.0,96
6,Structured,Logistic,num_rev_accts,structured,0.0,0.0,97
6,Structured,Logistic,num_tl_120dpd_2m,structured,0.0,0.0,98
6,Structured,Logistic,num_tl_30dpd,structured,0.0,0.0,99
6,Structured,Logistic,num_tl_90g_dpd_24m,structured,0.0,0.0,100
6,Structured,Logistic,num_tl_op_past_12m,structured,0.0,0.0,101
6,Structured,Logistic,open_acc,structured,0.014824,0.003414,60
6,Structured,Logistic,pct_tl_nvr_dlq,structured,0.0,0.0,102
6,Structured,Logistic,percent_bc_gt_75,structured,0.0,0.0,93
6,Structured,Logistic,pub_rec,structured,0.019311,0.004447,54
6,Structured,Logistic,pub_rec_bankruptcies,structured,0.001818,0.000419,76
6,Structured,Logistic,revol_bal,structured,0.058388,0.013446,20
6,Structured,Logistic,revol_util,structured,0.145591,0.033528,8
6,Structured,Logistic,tax_liens,structured,0.0,0.0,103
6,Structured,Logistic,term,structured,0.338076,0.077855,3
6,Structured,Logistic,tot_coll_amt,structured,0.0,0.0,87
6,Structured,Logistic,tot_cur_bal,structured,0.0,0.0,88
6,Structured,Logistic,total_acc,structured,0.040111,0.009237,30
6,Structured,Logistic,total_bal_ex_mort,structured,0.0,0.0,89
6,Structured,Logistic,total_bc_limit,structured,0.0,0.0,90
6,Structured,Logistic,total_il_high_credit_limit,structured,0.0,0.0,92
6,Structured,Logistic,total_rev_hi_lim,structured,0.0,0.0,91
6,Structured,Logistic,fico_midpoint,structured,0.198129,0.045627,4
6,Structured,Logistic,credit_history_months,structured,0.081751,0.018826,12
6,Structured,Logistic,initial_list_status_w,structured,0.0,0.0,94
6,Structured,Logistic,addr_state_AL,structured,0.032182,0.007411,36
6,Structured,Logistic,addr_state_AR,structured,0.03703,0.008528,33
6,Structured,Logistic,addr_state_AZ,structured,0.014926,0.003437,59
6,Structured,Logistic,addr_state_CA,structured,0.075304,0.017342,14
6,Structured,Logistic,addr_state_CO,structured,0.03104,0.007148,38
6,Structured,Logistic,addr_state_CT,structured,0.017463,0.004022,56
6,Structured,Logistic,addr_state_DC,structured,0.080935,0.018638,13
6,Structured,Logistic,addr_state_DE,structured,0.031297,0.007207,37
6,Structured,Logistic,addr_state_FL,structured,0.055456,0.012771,22
6,Structured,Logistic,addr_state_GA,structured,0.007154,0.001647,68
6,Structured,Logistic,addr_state_HI,structured,0.020045,0.004616,49
6,Structured,Logistic,addr_state_IA,structured,0.025502,0.005873,42
6,Structured,Logistic,addr_state_ID,structured,0.0,0.0,82
6,Structured,Logistic,addr_state_IL,structured,0.038759,0.008926,31
6,Structured,Logistic,addr_state_IN,structured,0.0,0.0,84
6,Structured,Logistic,addr_state_KS,structured,0.023347,0.005376,46
6,Structured,Logistic,addr_state_KY,structured,0.008737,0.002012,65
6,Structured,Logistic,addr_state_LA,structured,0.004779,0.001101,72
6,Structured,Logistic,addr_state_MA,structured,0.006528,0.001503,70
6,Structured,Logistic,addr_state_MD,structured,0.019655,0.004526,52
6,Structured,Logistic,addr_state_MI,structured,0.019952,0.004595,50
6,Structured,Logistic,addr_state_MN,structured,0.010823,0.002492,62
6,Structured,Logistic,addr_state_MO,structured,0.020921,0.004818,48
6,Structured,Logistic,addr_state_MS,structured,0.030622,0.007052,39
6,Structured,Logistic,addr_state_MT,structured,0.016953,0.003904,57
6,Structured,Logistic,addr_state_NC,structured,0.001372,0.000316,78
6,Structured,Logistic,addr_state_NE,structured,0.0,0.0,85
6,Structured,Logistic,addr_state_NH,structured,0.008401,0.001935,67
6,Structured,Logistic,addr_state_NJ,structured,0.019848,0.004571,51
6,Structured,Logistic,addr_state_NM,structured,0.034305,0.0079,35
6,Structured,Logistic,addr_state_NV,structured,0.052221,0.012026,23
6,Structured,Logistic,addr_state_NY,structured,0.004165,0.000959,74
6,Structured,Logistic,addr_state_OH,structured,0.042534,0.009795,27
6,Structured,Logistic,addr_state_OK,structured,0.022312,0.005138,47
6,Structured,Logistic,addr_state_OR,structured,0.003405,0.000784,75
6,Structured,Logistic,addr_state_PA,structured,0.049749,0.011457,24
6,Structured,Logistic,addr_state_RI,structured,0.006968,0.001605,69
6,Structured,Logistic,addr_state_SC,structured,0.008578,0.001975,66
6,Structured,Logistic,addr_state_SD,structured,0.008922,0.002055,64
6,Structured,Logistic,addr_state_TN,structured,0.0,0.0,86
6,Structured,Logistic,addr_state_TX,structured,0.048395,0.011145,25
6,Structured,Logistic,addr_state_UT,structured,0.029636,0.006825,40
6,Structured,Logistic,addr_state_VA,structured,0.019034,0.004383,55
6,Structured,Logistic,addr_state_VT,structured,0.013491,0.003107,61
6,Structured,Logistic,addr_state_WA,structured,0.009646,0.002221,63
6,Structured,Logistic,addr_state_WI,structured,0.000204,4.7e-05,80
6,Structured,Logistic,addr_state_WV,structured,0.01959,0.004511,53
6,Structured,Logistic,addr_state_WY,structured,0.06598,0.015194,15
6,Structured,Logistic,purpose_credit_card,structured,0.015851,0.00365,58
6,Structured,Logistic,purpose_debt_consolidation,structured,0.133745,0.0308,9
6,Structured,Logistic,purpose_educational,structured,0.035853,0.008257,34
6,Structured,Logistic,purpose_home_improvement,structured,0.060205,0.013864,19
6,Structured,Logistic,purpose_house,structured,0.024363,0.005611,44
6,Structured,Logistic,purpose_major_purchase,structured,0.037312,0.008592,32
6,Structured,Logistic,purpose_medical,structured,0.065734,0.015138,16
6,Structured,Logistic,purpose_moving,structured,0.081942,0.01887,11
6,Structured,Logistic,purpose_other,structured,0.150831,0.034735,7
6,Structured,Logistic,purpose_renewable_energy,structured,0.05652,0.013016,21
6,Structured,Logistic,purpose_vacation,structured,0.063811,0.014695,18
6,Structured,Logistic,purpose_wedding,structured,0.001738,0.0004,77
6,Structured,Logistic,home_ownership_NONE,structured,0.0,0.0,83
6,Structured,Logistic,home_ownership_OTHER,structured,0.065156,0.015004,17
6,Structured,Logistic,home_ownership_OWN,structured,0.004306,0.000992,73
6,Structured,Logistic,home_ownership_RENT,structured,0.024023,0.005532,45
6,Structured,Logistic,verification_status_Source Verified,structured,0.024979,0.005752,43
6,Structured,Logistic,verification_status_Verified,structured,0.042304,0.009742,28
6,Structured,Logistic,grade_ord,structured,3.6e-05,8e-06,81
6,Structured,Logistic,sub_grade_ord,structured,0.193053,0.044458,5
6,Structured,XGBoost,acc_now_delinq,structured,0.0,0.0,126
6,Structured,XGBoost,acc_open_past_24mths,structured,0.0,0.0,125
6,Structured,XGBoost,annual_inc,structured,42.952579,0.021845,4
6,Structured,XGBoost,avg_cur_bal,structured,0.0,0.0,124
6,Structured,XGBoost,bc_open_to_buy,structured,0.0,0.0,123
6,Structured,XGBoost,bc_util,structured,0.0,0.0,121
6,Structured,XGBoost,chargeoff_within_12_mths,structured,0.0,0.0,122
6,Structured,XGBoost,collections_12_mths_ex_med,structured,0.0,0.0,120
6,Structured,XGBoost,delinq_2yrs,structured,18.924391,0.009625,51
6,Structured,XGBoost,delinq_amnt,structured,0.0,0.0,119
6,Structured,XGBoost,dti,structured,21.832045,0.011103,31
6,Structured,XGBoost,emp_length,structured,23.039833,0.011718,24
6,Structured,XGBoost,inq_last_6mths,structured,35.494556,0.018052,5
6,Structured,XGBoost,int_rate,structured,107.806267,0.054828,2
6,Structured,XGBoost,loan_amnt,structured,21.686598,0.011029,34
6,Structured,XGBoost,mo_sin_old_il_acct,structured,0.0,0.0,118
6,Structured,XGBoost,mo_sin_old_rev_tl_op,structured,0.0,0.0,111
6,Structured,XGBoost,mo_sin_rcnt_rev_tl_op,structured,0.0,0.0,112
6,Structured,XGBoost,mo_sin_rcnt_tl,structured,0.0,0.0,113
6,Structured,XGBoost,mort_acc,structured,0.0,0.0,114
6,Structured,XGBoost,mths_since_last_delinq,structured,22.179008,0.01128,30
6,Structured,XGBoost,mths_since_last_major_derog,structured,0.0,0.0,115
6,Structured,XGBoost,mths_since_last_record,structured,25.333378,0.012884,16
6,Structured,XGBoost,mths_since_recent_bc,structured,0.0,0.0,116
6,Structured,XGBoost,mths_since_recent_bc_dlq,structured,0.0,0.0,104
6,Structured,XGBoost,mths_since_recent_inq,structured,0.0,0.0,117
6,Structured,XGBoost,mths_since_recent_revol_delinq,structured,0.0,0.0,108
6,Structured,XGBoost,num_accts_ever_120_pd,structured,0.0,0.0,107
6,Structured,XGBoost,num_actv_bc_tl,structured,0.0,0.0,110
6,Structured,XGBoost,num_actv_rev_tl,structured,0.0,0.0,109
6,Structured,XGBoost,num_bc_sats,structured,0.0,0.0,106
6,Structured,XGBoost,num_bc_tl,structured,0.0,0.0,105
6,Structured,XGBoost,num_il_tl,structured,0.0,0.0,95
6,Structured,XGBoost,num_op_rev_tl,structured,0.0,0.0,96
6,Structured,XGBoost,num_rev_accts,structured,0.0,0.0,97
6,Structured,XGBoost,num_tl_120dpd_2m,structured,0.0,0.0,98
6,Structured,XGBoost,num_tl_30dpd,structured,0.0,0.0,99
6,Structured,XGBoost,num_tl_90g_dpd_24m,structured,0.0,0.0,100
6,Structured,XGBoost,num_tl_op_past_12m,structured,0.0,0.0,101
6,Structured,XGBoost,open_acc,structured,21.253641,0.010809,35
6,Structured,XGBoost,pct_tl_nvr_dlq,structured,0.0,0.0,102
6,Structured,XGBoost,percent_bc_gt_75,structured,0.0,0.0,93
6,Structured,XGBoost,pub_rec,structured,15.434715,0.00785,70
6,Structured,XGBoost,pub_rec_bankruptcies,structured,30.442858,0.015483,8
6,Structured,XGBoost,revol_bal,structured,24.1395,0.012277,20
6,Structured,XGBoost,revol_util,structured,27.305544,0.013887,12
6,Structured,XGBoost,tax_liens,structured,0.0,0.0,103
6,Structured,XGBoost,term,structured,95.092155,0.048362,3
6,Structured,XGBoost,tot_coll_amt,structured,0.0,0.0,87
6,Structured,XGBoost,tot_cur_bal,structured,0.0,0.0,88
6,Structured,XGBoost,total_acc,structured,21.765261,0.011069,33
6,Structured,XGBoost,total_bal_ex_mort,structured,0.0,0.0,89
6,Structured,XGBoost,total_bc_limit,structured,0.0,0.0,90
6,Structured,XGBoost,total_il_high_credit_limit,structured,0.0,0.0,92
6,Structured,XGBoost,total_rev_hi_lim,structured,0.0,0.0,91
6,Structured,XGBoost,fico_midpoint,structured,28.72398,0.014608,10
6,Structured,XGBoost,credit_history_months,structured,24.117371,0.012266,21
6,Structured,XGBoost,initial_list_status_w,structured,0.0,0.0,94
6,Structured,XGBoost,addr_state_AL,structured,18.973656,0.00965,50
6,Structured,XGBoost,addr_state_AR,structured,17.657389,0.00898,64
6,Structured,XGBoost,addr_state_AZ,structured,17.771755,0.009038,62
6,Structured,XGBoost,addr_state_CA,structured,31.862066,0.016204,6
6,Structured,XGBoost,addr_state_CO,structured,14.709652,0.007481,73
6,Structured,XGBoost,addr_state_CT,structured,19.090454,0.009709,48
6,Structured,XGBoost,addr_state_DC,structured,24.484547,0.012452,19
6,Structured,XGBoost,addr_state_DE,structured,16.150702,0.008214,69
6,Structured,XGBoost,addr_state_FL,structured,25.349035,0.012892,15
6,Structured,XGBoost,addr_state_GA,structured,18.858847,0.009591,54
6,Structured,XGBoost,addr_state_HI,structured,17.730349,0.009017,63
6,Structured,XGBoost,addr_state_IA,structured,0.0,0.0,80
6,Structured,XGBoost,addr_state_ID,structured,0.0,0.0,79
6,Structured,XGBoost,addr_state_IL,structured,18.870819,0.009597,53
6,Structured,XGBoost,addr_state_IN,structured,0.0,0.0,81
6,Structured,XGBoost,addr_state_KS,structured,27.202204,0.013835,13
6,Structured,XGBoost,addr_state_KY,structured,19.434713,0.009884,45
6,Structured,XGBoost,addr_state_LA,structured,14.793434,0.007524,72
6,Structured,XGBoost,addr_state_MA,structured,19.12681,0.009728,47
6,Structured,XGBoost,addr_state_MD,structured,15.089752,0.007674,71
6,Structured,XGBoost,addr_state_MI,structured,18.634367,0.009477,56
6,Structured,XGBoost,addr_state_MN,structured,18.601631,0.00946,57
6,Structured,XGBoost,addr_state_MO,structured,20.532562,0.010442,38
6,Structured,XGBoost,addr_state_MS,structured,0.0,0.0,82
6,Structured,XGBoost,addr_state_MT,structured,0.0,0.0,83
6,Structured,XGBoost,addr_state_NC,structured,19.351236,0.009842,46
6,Structured,XGBoost,addr_state_NE,structured,0.0,0.0,84
6,Structured,XGBoost,addr_state_NH,structured,21.799305,0.011087,32
6,Structured,XGBoost,addr_state_NJ,structured,19.085365,0.009706,49
6,Structured,XGBoost,addr_state_NM,structured,22.419687,0.011402,26
6,Structured,XGBoost,addr_state_NV,structured,23.792854,0.012101,22
6,Structured,XGBoost,addr_state_NY,structured,19.652042,0.009995,43
6,Structured,XGBoost,addr_state_OH,structured,18.516668,0.009417,58
6,Structured,XGBoost,addr_state_OK,structured,12.420586,0.006317,75
6,Structured,XGBoost,addr_state_OR,structured,27.846809,0.014162,11
6,Structured,XGBoost,addr_state_PA,structured,20.904358,0.010632,37
6,Structured,XGBoost,addr_state_RI,structured,17.897251,0.009102,61
6,Structured,XGBoost,addr_state_SC,structured,16.230808,0.008255,67
6,Structured,XGBoost,addr_state_SD,structured,0.0,0.0,86
6,Structured,XGBoost,addr_state_TN,structured,0.0,0.0,85
6,Structured,XGBoost,addr_state_TX,structured,20.203291,0.010275,40
6,Structured,XGBoost,addr_state_UT,structured,14.303715,0.007275,74
6,Structured,XGBoost,addr_state_VA,structured,22.437029,0.011411,25
6,Structured,XGBoost,addr_state_VT,structured,11.66074,0.00593,76
6,Structured,XGBoost,addr_state_WA,structured,24.620562,0.012522,18
6,Structured,XGBoost,addr_state_WI,structured,17.190977,0.008743,66
6,Structured,XGBoost,addr_state_WV,structured,19.442991,0.009888,44
6,Structured,XGBoost,addr_state_WY,structured,17.898977,0.009103,60
6,Structured,XGBoost,purpose_credit_card,structured,30.953608,0.015742,7
6,Structured,XGBoost,purpose_debt_consolidation,structured,19.887785,0.010115,42
6,Structured,XGBoost,purpose_educational,structured,17.926226,0.009117,59
6,Structured,XGBoost,purpose_home_improvement,structured,17.624422,0.008963,65
6,Structured,XGBoost,purpose_house,structured,18.762947,0.009542,55
6,Structured,XGBoost,purpose_major_purchase,structured,23.471432,0.011937,23
6,Structured,XGBoost,purpose_medical,structured,16.161524,0.008219,68
6,Structured,XGBoost,purpose_moving,structured,28.88735,0.014692,9
6,Structured,XGBoost,purpose_other,structured,26.798382,0.013629,14
6,Structured,XGBoost,purpose_renewable_energy,structured,22.238632,0.01131,27
6,Structured,XGBoost,purpose_vacation,structured,20.48975,0.010421,39
6,Structured,XGBoost,purpose_wedding,structured,20.092167,0.010218,41
6,Structured,XGBoost,home_ownership_NONE,structured,0.0,0.0,78
6,Structured,XGBoost,home_ownership_OTHER,structured,10.825267,0.005506,77
6,Structured,XGBoost,home_ownership_OWN,structured,22.203325,0.011292,29
6,Structured,XGBoost,home_ownership_RENT,structured,21.24609,0.010805,36
6,Structured,XGBoost,verification_status_Source Verified,structured,18.88822,0.009606,52
6,Structured,XGBoost,verification_status_Verified,structured,22.22632,0.011304,28
6,Structured,XGBoost,grade_ord,structured,192.811066,0.09806,1
6,Structured,XGBoost,sub_grade_ord,structured,24.638369,0.012531,17
6,Structured,RandomForest,acc_now_delinq,structured,0.0,0.0,126
6,Structured,RandomForest,acc_open_past_24mths,structured,0.0,0.0,125
6,Structured,RandomForest,annual_inc,structured,0.085358,0.085358,3
6,Structured,RandomForest,avg_cur_bal,structured,0.0,0.0,124
6,Structured,RandomForest,bc_open_to_buy,structured,0.0,0.0,123
6,Structured,RandomForest,bc_util,structured,0.0,0.0,121
6,Structured,RandomForest,chargeoff_within_12_mths,structured,0.0,0.0,122
6,Structured,RandomForest,collections_12_mths_ex_med,structured,0.0,0.0,120
6,Structured,RandomForest,delinq_2yrs,structured,0.003727,0.003727,26
6,Structured,RandomForest,delinq_amnt,structured,0.0,0.0,119
6,Structured,RandomForest,dti,structured,0.051642,0.051642,8
6,Structured,RandomForest,emp_length,structured,0.026543,0.026543,14
6,Structured,RandomForest,inq_last_6mths,structured,0.025501,0.025501,15
6,Structured,RandomForest,int_rate,structured,0.124811,0.124811,1
6,Structured,RandomForest,loan_amnt,structured,0.044978,0.044978,11
6,Structured,RandomForest,mo_sin_old_il_acct,structured,0.0,0.0,118
6,Structured,RandomForest,mo_sin_old_rev_tl_op,structured,0.0,0.0,111
6,Structured,RandomForest,mo_sin_rcnt_rev_tl_op,structured,0.0,0.0,112
6,Structured,RandomForest,mo_sin_rcnt_tl,structured,0.0,0.0,113
6,Structured,RandomForest,mort_acc,structured,0.0,0.0,114
6,Structured,RandomForest,mths_since_last_delinq,structured,0.023875,0.023875,16
6,Structured,RandomForest,mths_since_last_major_derog,structured,0.0,0.0,115
6,Structured,RandomForest,mths_since_last_record,structured,0.006825,0.006825,19
6,Structured,RandomForest,mths_since_recent_bc,structured,0.0,0.0,116
6,Structured,RandomForest,mths_since_recent_bc_dlq,structured,0.0,0.0,104
6,Structured,RandomForest,mths_since_recent_inq,structured,0.0,0.0,117
6,Structured,RandomForest,mths_since_recent_revol_delinq,structured,0.0,0.0,108
6,Structured,RandomForest,num_accts_ever_120_pd,structured,0.0,0.0,107
6,Structured,RandomForest,num_actv_bc_tl,structured,0.0,0.0,110
6,Structured,RandomForest,num_actv_rev_tl,structured,0.0,0.0,109
6,Structured,RandomForest,num_bc_sats,structured,0.0,0.0,106
6,Structured,RandomForest,num_bc_tl,structured,0.0,0.0,105
6,Structured,RandomForest,num_il_tl,structured,0.0,0.0,95
6,Structured,RandomForest,num_op_rev_tl,structured,0.0,0.0,96
6,Structured,RandomForest,num_rev_accts,structured,0.0,0.0,97
6,Structured,RandomForest,num_tl_120dpd_2m,structured,0.0,0.0,98
6,Structured,RandomForest,num_tl_30dpd,structured,0.0,0.0,99
6,Structured,RandomForest,num_tl_90g_dpd_24m,structured,0.0,0.0,100
6,Structured,RandomForest,num_tl_op_past_12m,structured,0.0,0.0,101
6,Structured,RandomForest,open_acc,structured,0.029331,0.029331,13
6,Structured,RandomForest,pct_tl_nvr_dlq,structured,0.0,0.0,102
6,Structured,RandomForest,percent_bc_gt_75,structured,0.0,0.0,93
6,Structured,RandomForest,pub_rec,structured,0.003859,0.003859,25
6,Structured,RandomForest,pub_rec_bankruptcies,structured,0.003243,0.003243,28
6,Structured,RandomForest,revol_bal,structured,0.049909,0.049909,9
6,Structured,RandomForest,revol_util,structured,0.062381,0.062381,6
6,Structured,RandomForest,tax_liens,structured,0.0,0.0,103
6,Structured,RandomForest,term,structured,0.067447,0.067447,5
6,Structured,RandomForest,tot_coll_amt,structured,0.0,0.0,87
6,Structured,RandomForest,tot_cur_bal,structured,0.0,0.0,88
6,Structured,RandomForest,total_acc,structured,0.038962,0.038962,12
6,Structured,RandomForest,total_bal_ex_mort,structured,0.0,0.0,89
6,Structured,RandomForest,total_bc_limit,structured,0.0,0.0,90
6,Structured,RandomForest,total_il_high_credit_limit,structured,0.0,0.0,92
6,Structured,RandomForest,total_rev_hi_lim,structured,0.0,0.0,91
6,Structured,RandomForest,fico_midpoint,structured,0.057197,0.057197,7
6,Structured,RandomForest,credit_history_months,structured,0.048312,0.048312,10
6,Structured,RandomForest,initial_list_status_w,structured,0.0,0.0,94
6,Structured,RandomForest,addr_state_AL,structured,0.000239,0.000239,56
6,Structured,RandomForest,addr_state_AR,structured,7.4e-05,7.4e-05,67
6,Structured,RandomForest,addr_state_AZ,structured,0.00054,0.00054,46
6,Structured,RandomForest,addr_state_CA,structured,0.005144,0.005144,23
6,Structured,RandomForest,addr_state_CO,structured,0.000345,0.000345,53
6,Structured,RandomForest,addr_state_CT,structured,0.000366,0.000366,52
6,Structured,RandomForest,addr_state_DC,structured,0.000411,0.000411,50
6,Structured,RandomForest,addr_state_DE,structured,1.2e-05,1.2e-05,73
6,Structured,RandomForest,addr_state_FL,structured,0.003434,0.003434,27
6,Structured,RandomForest,addr_state_GA,structured,0.001005,0.001005,40
6,Structured,RandomForest,addr_state_HI,structured,4e-05,4e-05,70
6,Structured,RandomForest,addr_state_IA,structured,0.0,0.0,80
6,Structured,RandomForest,addr_state_ID,structured,0.0,0.0,79
6,Structured,RandomForest,addr_state_IL,structured,0.001364,0.001364,37
6,Structured,RandomForest,addr_state_IN,structured,0.0,0.0,81
6,Structured,RandomForest,addr_state_KS,structured,0.000273,0.000273,54
6,Structured,RandomForest,addr_state_KY,structured,7.8e-05,7.8e-05,65
6,Structured,RandomForest,addr_state_LA,structured,0.000173,0.000173,60
6,Structured,RandomForest,addr_state_MA,structured,0.000968,0.000968,41
6,Structured,RandomForest,addr_state_MD,structured,0.000508,0.000508,47
6,Structured,RandomForest,addr_state_MI,structured,0.000244,0.000244,55
6,Structured,RandomForest,addr_state_MN,structured,0.000199,0.000199,58
6,Structured,RandomForest,addr_state_MO,structured,0.000472,0.000472,48
6,Structured,RandomForest,addr_state_MS,structured,0.0,0.0,82
6,Structured,RandomForest,addr_state_MT,structured,3e-06,3e-06,76
6,Structured,RandomForest,addr_state_NC,structured,0.000593,0.000593,44
6,Structured,RandomForest,addr_state_NE,structured,0.0,0.0,83
6,Structured,RandomForest,addr_state_NH,structured,4.7e-05,4.7e-05,69
6,Structured,RandomForest,addr_state_NJ,structured,0.001376,0.001376,34
6,Structured,RandomForest,addr_state_NM,structured,0.000125,0.000125,63
6,Structured,RandomForest,addr_state_NV,structured,0.000678,0.000678,43
6,Structured,RandomForest,addr_state_NY,structured,0.002667,0.002667,29
6,Structured,RandomForest,addr_state_OH,structured,0.000739,0.000739,42
6,Structured,RandomForest,addr_state_OK,structured,7.8e-05,7.8e-05,64
6,Structured,RandomForest,addr_state_OR,structured,0.00021,0.00021,57
6,Structured,RandomForest,addr_state_PA,structured,0.001373,0.001373,35
6,Structured,RandomForest,addr_state_RI,structured,7e-06,7e-06,75
6,Structured,RandomForest,addr_state_SC,structured,0.000156,0.000156,61
6,Structured,RandomForest,addr_state_SD,structured,0.0,0.0,86
6,Structured,RandomForest,addr_state_TN,structured,0.0,0.0,85
6,Structured,RandomForest,addr_state_TX,structured,0.002494,0.002494,31
6,Structured,RandomForest,addr_state_UT,structured,7.5e-05,7.5e-05,66
6,Structured,RandomForest,addr_state_VA,structured,0.001025,0.001025,39
6,Structured,RandomForest,addr_state_VT,structured,3e-06,3e-06,77
6,Structured,RandomForest,addr_state_WA,structured,0.000583,0.000583,45
6,Structured,RandomForest,addr_state_WI,structured,0.000186,0.000186,59
6,Structured,RandomForest,addr_state_WV,structured,3.2e-05,3.2e-05,72
6,Structured,RandomForest,addr_state_WY,structured,3.5e-05,3.5e-05,71
6,Structured,RandomForest,purpose_credit_card,structured,0.006527,0.006527,21
6,Structured,RandomForest,purpose_debt_consolidation,structured,0.008188,0.008188,17
6,Structured,RandomForest,purpose_educational,structured,8e-06,8e-06,74
6,Structured,RandomForest,purpose_home_improvement,structured,0.002517,0.002517,30
6,Structured,RandomForest,purpose_house,structured,0.000129,0.000129,62
6,Structured,RandomForest,purpose_major_purchase,structured,0.002323,0.002323,32
6,Structured,RandomForest,purpose_medical,structured,0.000462,0.000462,49
6,Structured,RandomForest,purpose_moving,structured,0.001368,0.001368,36
6,Structured,RandomForest,purpose_other,structured,0.004094,0.004094,24
6,Structured,RandomForest,purpose_renewable_energy,structured,5.9e-05,5.9e-05,68
6,Structured,RandomForest,purpose_vacation,structured,0.000404,0.000404,51
6,Structured,RandomForest,purpose_wedding,structured,0.001134,0.001134,38
6,Structured,RandomForest,home_ownership_NONE,structured,0.0,0.0,78
6,Structured,RandomForest,home_ownership_OTHER,structured,0.0,0.0,84
6,Structured,RandomForest,home_ownership_OWN,structured,0.001991,0.001991,33
6,Structured,RandomForest,home_ownership_RENT,structured,0.007321,0.007321,18
6,Structured,RandomForest,verification_status_Source Verified,structured,0.005856,0.005856,22
6,Structured,RandomForest,verification_status_Verified,structured,0.006679,0.006679,20
6,Structured,RandomForest,grade_ord,structured,0.07604,0.07604,4
6,Structured,RandomForest,sub_grade_ord,structured,0.092628,0.092628,2
6,Structured+Lexicon,Logistic,acc_now_delinq,structured,0.0,0.0,133
6,Structured+Lexicon,Logistic,acc_open_past_24mths,structured,0.0,0.0,132
6,Structured+Lexicon,Logistic,annual_inc,structured,0.387127,0.085726,2
6,Structured+Lexicon,Logistic,avg_cur_bal,structured,0.0,0.0,131
6,Structured+Lexicon,Logistic,bc_open_to_buy,structured,0.0,0.0,130
6,Structured+Lexicon,Logistic,bc_util,structured,0.0,0.0,128
6,Structured+Lexicon,Logistic,chargeoff_within_12_mths,structured,0.0,0.0,129
6,Structured+Lexicon,Logistic,collections_12_mths_ex_med,structured,0.0,0.0,127
6,Structured+Lexicon,Logistic,delinq_2yrs,structured,0.00223,0.000494,84
6,Structured+Lexicon,Logistic,delinq_amnt,structured,0.0,0.0,126
6,Structured+Lexicon,Logistic,dti,structured,0.006212,0.001376,75
6,Structured+Lexicon,Logistic,emp_length,structured,0.023587,0.005223,48
6,Structured+Lexicon,Logistic,inq_last_6mths,structured,0.182139,0.040333,5
6,Structured+Lexicon,Logistic,int_rate,structured,0.45772,0.101359,1
6,Structured+Lexicon,Logistic,loan_amnt,structured,0.05815,0.012877,20
6,Structured+Lexicon,Logistic,mo_sin_old_il_acct,structured,0.0,0.0,125
6,Structured+Lexicon,Logistic,mo_sin_old_rev_tl_op,structured,0.0,0.0,118
6,Structured+Lexicon,Logistic,mo_sin_rcnt_rev_tl_op,structured,0.0,0.0,119
6,Structured+Lexicon,Logistic,mo_sin_rcnt_tl,structured,0.0,0.0,120
6,Structured+Lexicon,Logistic,mort_acc,structured,0.0,0.0,121
6,Structured+Lexicon,Logistic,mths_since_last_delinq,structured,0.042161,0.009336,29
6,Structured+Lexicon,Logistic,mths_since_last_major_derog,structured,0.0,0.0,122
6,Structured+Lexicon,Logistic,mths_since_last_record,structured,0.102039,0.022596,10
6,Structured+Lexicon,Logistic,mths_since_recent_bc,structured,0.0,0.0,123
6,Structured+Lexicon,Logistic,mths_since_recent_bc_dlq,structured,0.0,0.0,111
6,Structured+Lexicon,Logistic,mths_since_recent_inq,structured,0.0,0.0,124
6,Structured+Lexicon,Logistic,mths_since_recent_revol_delinq,structured,0.0,0.0,115
6,Structured+Lexicon,Logistic,num_accts_ever_120_pd,structured,0.0,0.0,114
6,Structured+Lexicon,Logistic,num_actv_bc_tl,structured,0.0,0.0,117
6,Structured+Lexicon,Logistic,num_actv_rev_tl,structured,0.0,0.0,116
6,Structured+Lexicon,Logistic,num_bc_sats,structured,0.0,0.0,113
6,Structured+Lexicon,Logistic,num_bc_tl,structured,0.0,0.0,112
6,Structured+Lexicon,Logistic,num_il_tl,structured,0.0,0.0,102
6,Structured+Lexicon,Logistic,num_op_rev_tl,structured,0.0,0.0,103
6,Structured+Lexicon,Logistic,num_rev_accts,structured,0.0,0.0,104
6,Structured+Lexicon,Logistic,num_tl_120dpd_2m,structured,0.0,0.0,105
6,Structured+Lexicon,Logistic,num_tl_30dpd,structured,0.0,0.0,106
6,Structured+Lexicon,Logistic,num_tl_90g_dpd_24m,structured,0.0,0.0,107
6,Structured+Lexicon,Logistic,num_tl_op_past_12m,structured,0.0,0.0,108
6,Structured+Lexicon,Logistic,open_acc,structured,0.019032,0.004215,59
6,Structured+Lexicon,Logistic,pct_tl_nvr_dlq,structured,0.0,0.0,109
6,Structured+Lexicon,Logistic,percent_bc_gt_75,structured,0.0,0.0,100
6,Structured+Lexicon,Logistic,pub_rec,structured,0.019557,0.004331,58
6,Structured+Lexicon,Logistic,pub_rec_bankruptcies,structured,0.000566,0.000125,87
6,Structured+Lexicon,Logistic,revol_bal,structured,0.059035,0.013073,18
6,Structured+Lexicon,Logistic,revol_util,structured,0.149142,0.033026,8
6,Structured+Lexicon,Logistic,tax_liens,structured,0.0,0.0,110
6,Structured+Lexicon,Logistic,term,structured,0.338614,0.074983,3
6,Structured+Lexicon,Logistic,tot_coll_amt,structured,0.0,0.0,94
6,Structured+Lexicon,Logistic,tot_cur_bal,structured,0.0,0.0,95
6,Structured+Lexicon,Logistic,total_acc,structured,0.038569,0.008541,32
6,Structured+Lexicon,Logistic,total_bal_ex_mort,structured,0.0,0.0,96
6,Structured+Lexicon,Logistic,total_bc_limit,structured,0.0,0.0,97
6,Structured+Lexicon,Logistic,total_il_high_credit_limit,structured,0.0,0.0,99
6,Structured+Lexicon,Logistic,total_rev_hi_lim,structured,0.0,0.0,98
6,Structured+Lexicon,Logistic,fico_midpoint,structured,0.200325,0.04436,4
6,Structured+Lexicon,Logistic,credit_history_months,structured,0.078533,0.017391,13
6,Structured+Lexicon,Logistic,initial_list_status_w,structured,0.0,0.0,101
6,Structured+Lexicon,Logistic,addr_state_AL,structured,0.031938,0.007072,39
6,Structured+Lexicon,Logistic,addr_state_AR,structured,0.03662,0.008109,35
6,Structured+Lexicon,Logistic,addr_state_AZ,structured,0.01413,0.003129,63
6,Structured+Lexicon,Logistic,addr_state_CA,structured,0.078163,0.017309,14
6,Structured+Lexicon,Logistic,addr_state_CO,structured,0.028769,0.006371,42
6,Structured+Lexicon,Logistic,addr_state_CT,structured,0.016132,0.003572,62
6,Structured+Lexicon,Logistic,addr_state_DC,structured,0.080417,0.017808,12
6,Structured+Lexicon,Logistic,addr_state_DE,structured,0.031768,0.007035,40
6,Structured+Lexicon,Logistic,addr_state_FL,structured,0.057061,0.012636,22
6,Structured+Lexicon,Logistic,addr_state_GA,structured,0.009439,0.00209,67
6,Structured+Lexicon,Logistic,addr_state_HI,structured,0.02044,0.004526,54
6,Structured+Lexicon,Logistic,addr_state_IA,structured,0.025543,0.005656,45
6,Structured+Lexicon,Logistic,addr_state_ID,structured,0.0,0.0,89
6,Structured+Lexicon,Logistic,addr_state_IL,structured,0.037907,0.008394,33
6,Structured+Lexicon,Logistic,addr_state_IN,structured,0.0,0.0,91
6,Structured+Lexicon,Logistic,addr_state_KS,structured,0.022603,0.005005,50
6,Structured+Lexicon,Logistic,addr_state_KY,structured,0.006916,0.001531,73
6,Structured+Lexicon,Logistic,addr_state_LA,structured,0.004509,0.000998,80
6,Structured+Lexicon,Logistic,addr_state_MA,structured,0.005139,0.001138,79
6,Structured+Lexicon,Logistic,addr_state_MD,structured,0.019688,0.00436,57
6,Structured+Lexicon,Logistic,addr_state_MI,structured,0.019967,0.004422,55
6,Structured+Lexicon,Logistic,addr_state_MN,structured,0.008858,0.001961,70
6,Structured+Lexicon,Logistic,addr_state_MO,structured,0.023543,0.005213,49
6,Structured+Lexicon,Logistic,addr_state_MS,structured,0.030673,0.006792,41
6,Structured+Lexicon,Logistic,addr_state_MT,structured,0.016609,0.003678,61
6,Structured+Lexicon,Logistic,addr_state_NC,structured,0.000508,0.000113,88
6,Structured+Lexicon,Logistic,addr_state_NE,structured,0.0,0.0,92
6,Structured+Lexicon,Logistic,addr_state_NH,structured,0.008996,0.001992,69
6,Structured+Lexicon,Logistic,addr_state_NJ,structured,0.020797,0.004605,53
6,Structured+Lexicon,Logistic,addr_state_NM,structured,0.034703,0.007685,38
6,Structured+Lexicon,Logistic,addr_state_NV,structured,0.053574,0.011863,26
6,Structured+Lexicon,Logistic,addr_state_NY,structured,0.005216,0.001155,78
6,Structured+Lexicon,Logistic,addr_state_OH,structured,0.041308,0.009147,30
6,Structured+Lexicon,Logistic,addr_state_OK,structured,0.021925,0.004855,52
6,Structured+Lexicon,Logistic,addr_state_OR,structured,0.003313,0.000734,81
6,Structured+Lexicon,Logistic,addr_state_PA,structured,0.048376,0.010712,27
6,Structured+Lexicon,Logistic,addr_state_RI,structured,0.006363,0.001409,74
6,Structured+Lexicon,Logistic,addr_state_SC,structured,0.007322,0.001621,71
6,Structured+Lexicon,Logistic,addr_state_SD,structured,0.00916,0.002029,68
6,Structured+Lexicon,Logistic,addr_state_TN,structured,0.0,0.0,93
6,Structured+Lexicon,Logistic,addr_state_TX,structured,0.047233,0.010459,28
6,Structured+Lexicon,Logistic,addr_state_UT,structured,0.02731,0.006048,44
6,Structured+Lexicon,Logistic,addr_state_VA,structured,0.017563,0.003889,60
6,Structured+Lexicon,Logistic,addr_state_VT,structured,0.0132,0.002923,65
6,Structured+Lexicon,Logistic,addr_state_WA,structured,0.010207,0.00226,66
6,Structured+Lexicon,Logistic,addr_state_WI,structured,0.001051,0.000233,86
6,Structured+Lexicon,Logistic,addr_state_WV,structured,0.019921,0.004411,56
6,Structured+Lexicon,Logistic,addr_state_WY,structured,0.066093,0.014636,15
6,Structured+Lexicon,Logistic,purpose_credit_card,structured,0.027858,0.006169,43
6,Structured+Lexicon,Logistic,purpose_debt_consolidation,structured,0.150335,0.03329,7
6,Structured+Lexicon,Logistic,purpose_educational,structured,0.035887,0.007947,37
6,Structured+Lexicon,Logistic,purpose_home_improvement,structured,0.055685,0.012331,25
6,Structured+Lexicon,Logistic,purpose_house,structured,0.024132,0.005344,47
6,Structured+Lexicon,Logistic,purpose_major_purchase,structured,0.036401,0.008061,36
6,Structured+Lexicon,Logistic,purpose_medical,structured,0.05602,0.012405,24
6,Structured+Lexicon,Logistic,purpose_moving,structured,0.081803,0.018115,11
6,Structured+Lexicon,Logistic,purpose_other,structured,0.149099,0.033017,9
6,Structured+Lexicon,Logistic,purpose_renewable_energy,structured,0.056555,0.012524,23
6,Structured+Lexicon,Logistic,purpose_vacation,structured,0.064116,0.014198,17
6,Structured+Lexicon,Logistic,purpose_wedding,structured,0.002822,0.000625,83
6,Structured+Lexicon,Logistic,home_ownership_NONE,structured,0.0,0.0,90
6,Structured+Lexicon,Logistic,home_ownership_OTHER,structured,0.064612,0.014308,16
6,Structured+Lexicon,Logistic,home_ownership_OWN,structured,0.003165,0.000701,82
6,Structured+Lexicon,Logistic,home_ownership_RENT,structured,0.022316,0.004942,51
6,Structured+Lexicon,Logistic,verification_status_Source Verified,structured,0.024502,0.005426,46
6,Structured+Lexicon,Logistic,verification_status_Verified,structured,0.04125,0.009135,31
6,Structured+Lexicon,Logistic,grade_ord,structured,0.005503,0.001219,77
6,Structured+Lexicon,Logistic,sub_grade_ord,structured,0.176298,0.03904,6
6,Structured+Lexicon,Logistic,risk_word_count,lexicon,0.03697,0.008187,34
6,Structured+Lexicon,Logistic,risk_word_density,lexicon,0.007268,0.001609,72
6,Structured+Lexicon,Logistic,risk_word_flag,lexicon,0.001305,0.000289,85
6,Structured+Lexicon,Logistic,distress_debt_pressure_count,lexicon,0.058201,0.012888,19
6,Structured+Lexicon,Logistic,distress_liquidity_shortage_count,lexicon,0.006113,0.001354,76
6,Structured+Lexicon,Logistic,distress_medical_life_shock_count,lexicon,0.057798,0.012799,21
6,Structured+Lexicon,Logistic,distress_refinancing_burden_count,lexicon,0.014127,0.003128,64
6,Structured+Lexicon,XGBoost,acc_now_delinq,structured,0.0,0.0,133
6,Structured+Lexicon,XGBoost,acc_open_past_24mths,structured,0.0,0.0,132
6,Structured+Lexicon,XGBoost,annual_inc,structured,43.660629,0.01922,4
6,Structured+Lexicon,XGBoost,avg_cur_bal,structured,0.0,0.0,131
6,Structured+Lexicon,XGBoost,bc_open_to_buy,structured,0.0,0.0,130
6,Structured+Lexicon,XGBoost,bc_util,structured,0.0,0.0,128
6,Structured+Lexicon,XGBoost,chargeoff_within_12_mths,structured,0.0,0.0,129
6,Structured+Lexicon,XGBoost,collections_12_mths_ex_med,structured,0.0,0.0,127
6,Structured+Lexicon,XGBoost,delinq_2yrs,structured,21.591255,0.009505,48
6,Structured+Lexicon,XGBoost,delinq_amnt,structured,0.0,0.0,126
6,Structured+Lexicon,XGBoost,dti,structured,22.405418,0.009863,41
6,Structured+Lexicon,XGBoost,emp_length,structured,21.73344,0.009567,47
6,Structured+Lexicon,XGBoost,inq_last_6mths,structured,36.922062,0.016253,5
6,Structured+Lexicon,XGBoost,int_rate,structured,122.440041,0.053899,2
6,Structured+Lexicon,XGBoost,loan_amnt,structured,22.418585,0.009869,40
6,Structured+Lexicon,XGBoost,mo_sin_old_il_acct,structured,0.0,0.0,125
6,Structured+Lexicon,XGBoost,mo_sin_old_rev_tl_op,structured,0.0,0.0,118
6,Structured+Lexicon,XGBoost,mo_sin_rcnt_rev_tl_op,structured,0.0,0.0,119
6,Structured+Lexicon,XGBoost,mo_sin_rcnt_tl,structured,0.0,0.0,120
6,Structured+Lexicon,XGBoost,mort_acc,structured,0.0,0.0,121
6,Structured+Lexicon,XGBoost,mths_since_last_delinq,structured,22.734076,0.010008,36
6,Structured+Lexicon,XGBoost,mths_since_last_major_derog,structured,0.0,0.0,122
6,Structured+Lexicon,XGBoost,mths_since_last_record,structured,27.580475,0.012141,16
6,Structured+Lexicon,XGBoost,mths_since_recent_bc,structured,0.0,0.0,123
6,Structured+Lexicon,XGBoost,mths_since_recent_bc_dlq,structured,0.0,0.0,111
6,Structured+Lexicon,XGBoost,mths_since_recent_inq,structured,0.0,0.0,124
6,Structured+Lexicon,XGBoost,mths_since_recent_revol_delinq,structured,0.0,0.0,115
6,Structured+Lexicon,XGBoost,num_accts_ever_120_pd,structured,0.0,0.0,114
6,Structured+Lexicon,XGBoost,num_actv_bc_tl,structured,0.0,0.0,117
6,Structured+Lexicon,XGBoost,num_actv_rev_tl,structured,0.0,0.0,116
6,Structured+Lexicon,XGBoost,num_bc_sats,structured,0.0,0.0,113
6,Structured+Lexicon,XGBoost,num_bc_tl,structured,0.0,0.0,112
6,Structured+Lexicon,XGBoost,num_il_tl,structured,0.0,0.0,102
6,Structured+Lexicon,XGBoost,num_op_rev_tl,structured,0.0,0.0,103
6,Structured+Lexicon,XGBoost,num_rev_accts,structured,0.0,0.0,104
6,Structured+Lexicon,XGBoost,num_tl_120dpd_2m,structured,0.0,0.0,105
6,Structured+Lexicon,XGBoost,num_tl_30dpd,structured,0.0,0.0,106
6,Structured+Lexicon,XGBoost,num_tl_90g_dpd_24m,structured,0.0,0.0,107
6,Structured+Lexicon,XGBoost,num_tl_op_past_12m,structured,0.0,0.0,108
6,Structured+Lexicon,XGBoost,open_acc,structured,20.859472,0.009182,54
6,Structured+Lexicon,XGBoost,pct_tl_nvr_dlq,structured,0.0,0.0,109
6,Structured+Lexicon,XGBoost,percent_bc_gt_75,structured,0.0,0.0,100
6,Structured+Lexicon,XGBoost,pub_rec,structured,17.799713,0.007836,74
6,Structured+Lexicon,XGBoost,pub_rec_bankruptcies,structured,30.222973,0.013304,10
6,Structured+Lexicon,XGBoost,revol_bal,structured,24.894022,0.010959,24
6,Structured+Lexicon,XGBoost,revol_util,structured,28.312286,0.012463,11
6,Structured+Lexicon,XGBoost,tax_liens,structured,0.0,0.0,110
6,Structured+Lexicon,XGBoost,term,structured,108.128571,0.047599,3
6,Structured+Lexicon,XGBoost,tot_coll_amt,structured,0.0,0.0,94
6,Structured+Lexicon,XGBoost,tot_cur_bal,structured,0.0,0.0,95
6,Structured+Lexicon,XGBoost,total_acc,structured,22.626291,0.00996,39
6,Structured+Lexicon,XGBoost,total_bal_ex_mort,structured,0.0,0.0,96
6,Structured+Lexicon,XGBoost,total_bc_limit,structured,0.0,0.0,97
6,Structured+Lexicon,XGBoost,total_il_high_credit_limit,structured,0.0,0.0,99
6,Structured+Lexicon,XGBoost,total_rev_hi_lim,structured,0.0,0.0,98
6,Structured+Lexicon,XGBoost,fico_midpoint,structured,31.086859,0.013685,8
6,Structured+Lexicon,XGBoost,credit_history_months,structured,24.279202,0.010688,28
6,Structured+Lexicon,XGBoost,initial_list_status_w,structured,0.0,0.0,101
6,Structured+Lexicon,XGBoost,addr_state_AL,structured,18.244732,0.008031,70
6,Structured+Lexicon,XGBoost,addr_state_AR,structured,19.016634,0.008371,65
6,Structured+Lexicon,XGBoost,addr_state_AZ,structured,17.997826,0.007923,71
6,Structured+Lexicon,XGBoost,addr_state_CA,structured,30.39628,0.013381,9
6,Structured+Lexicon,XGBoost,addr_state_CO,structured,13.042773,0.005742,81
6,Structured+Lexicon,XGBoost,addr_state_CT,structured,15.33997,0.006753,78
6,Structured+Lexicon,XGBoost,addr_state_DC,structured,27.887131,0.012276,12
6,Structured+Lexicon,XGBoost,addr_state_DE,structured,19.005671,0.008366,66
6,Structured+Lexicon,XGBoost,addr_state_FL,structured,25.712738,0.011319,20
6,Structured+Lexicon,XGBoost,addr_state_GA,structured,20.250185,0.008914,57
6,Structured+Lexicon,XGBoost,addr_state_HI,structured,18.49004,0.008139,68
6,Structured+Lexicon,XGBoost,addr_state_IA,structured,0.0,0.0,87
6,Structured+Lexicon,XGBoost,addr_state_ID,structured,0.0,0.0,86
6,Structured+Lexicon,XGBoost,addr_state_IL,structured,21.52779,0.009477,49
6,Structured+Lexicon,XGBoost,addr_state_IN,structured,0.0,0.0,88
6,Structured+Lexicon,XGBoost,addr_state_KS,structured,25.015381,0.011012,23
6,Structured+Lexicon,XGBoost,addr_state_KY,structured,27.808079,0.012241,14
6,Structured+Lexicon,XGBoost,addr_state_LA,structured,19.856667,0.008741,60
6,Structured+Lexicon,XGBoost,addr_state_MA,structured,22.1861,0.009766,43
6,Structured+Lexicon,XGBoost,addr_state_MD,structured,14.18509,0.006244,79
6,Structured+Lexicon,XGBoost,addr_state_MI,structured,19.025717,0.008375,64
6,Structured+Lexicon,XGBoost,addr_state_MN,structured,15.461197,0.006806,77
6,Structured+Lexicon,XGBoost,addr_state_MO,structured,20.756243,0.009137,55
6,Structured+Lexicon,XGBoost,addr_state_MS,structured,0.0,0.0,89
6,Structured+Lexicon,XGBoost,addr_state_MT,structured,0.0,0.0,90
6,Structured+Lexicon,XGBoost,addr_state_NC,structured,20.11953,0.008857,58
6,Structured+Lexicon,XGBoost,addr_state_NE,structured,0.0,0.0,91
6,Structured+Lexicon,XGBoost,addr_state_NH,structured,24.441576,0.010759,26
6,Structured+Lexicon,XGBoost,addr_state_NJ,structured,23.025917,0.010136,35
6,Structured+Lexicon,XGBoost,addr_state_NM,structured,23.941328,0.010539,30
6,Structured+Lexicon,XGBoost,addr_state_NV,structured,24.172968,0.010641,29
6,Structured+Lexicon,XGBoost,addr_state_NY,structured,22.193521,0.00977,42
6,Structured+Lexicon,XGBoost,addr_state_OH,structured,22.687468,0.009987,37
6,Structured+Lexicon,XGBoost,addr_state_OK,structured,14.049191,0.006185,80
6,Structured+Lexicon,XGBoost,addr_state_OR,structured,27.247381,0.011994,18
6,Structured+Lexicon,XGBoost,addr_state_PA,structured,25.263962,0.011121,21
6,Structured+Lexicon,XGBoost,addr_state_RI,structured,19.494812,0.008582,62
6,Structured+Lexicon,XGBoost,addr_state_SC,structured,24.653795,0.010853,25
6,Structured+Lexicon,XGBoost,addr_state_SD,structured,0.0,0.0,93
6,Structured+Lexicon,XGBoost,addr_state_TN,structured,0.0,0.0,92
6,Structured+Lexicon,XGBoost,addr_state_TX,structured,23.643015,0.010408,31
6,Structured+Lexicon,XGBoost,addr_state_UT,structured,19.686838,0.008666,61
6,Structured+Lexicon,XGBoost,addr_state_VA,structured,17.996157,0.007922,72
6,Structured+Lexicon,XGBoost,addr_state_VT,structured,9.281268,0.004086,83
6,Structured+Lexicon,XGBoost,addr_state_WA,structured,23.257902,0.010238,34
6,Structured+Lexicon,XGBoost,addr_state_WI,structured,25.061934,0.011032,22
6,Structured+Lexicon,XGBoost,addr_state_WV,structured,19.346703,0.008517,63
6,Structured+Lexicon,XGBoost,addr_state_WY,structured,17.863626,0.007864,73
6,Structured+Lexicon,XGBoost,purpose_credit_card,structured,32.948444,0.014504,7
6,Structured+Lexicon,XGBoost,purpose_debt_consolidation,structured,21.90929,0.009645,46
6,Structured+Lexicon,XGBoost,purpose_educational,structured,22.099474,0.009728,44
6,Structured+Lexicon,XGBoost,purpose_home_improvement,structured,18.472868,0.008132,69
6,Structured+Lexicon,XGBoost,purpose_house,structured,17.236732,0.007588,75
6,Structured+Lexicon,XGBoost,purpose_major_purchase,structured,27.675646,0.012183,15
6,Structured+Lexicon,XGBoost,purpose_medical,structured,24.436964,0.010757,27
6,Structured+Lexicon,XGBoost,purpose_moving,structured,26.912971,0.011847,19
6,Structured+Lexicon,XGBoost,purpose_other,structured,27.815144,0.012244,13
6,Structured+Lexicon,XGBoost,purpose_renewable_energy,structured,21.241432,0.009351,52
6,Structured+Lexicon,XGBoost,purpose_vacation,structured,20.050737,0.008826,59
6,Structured+Lexicon,XGBoost,purpose_wedding,structured,23.627224,0.010401,32
6,Structured+Lexicon,XGBoost,home_ownership_NONE,structured,0.0,0.0,85
6,Structured+Lexicon,XGBoost,home_ownership_OTHER,structured,10.300527,0.004534,82
6,Structured+Lexicon,XGBoost,home_ownership_OWN,structured,22.653522,0.009972,38
6,Structured+Lexicon,XGBoost,home_ownership_RENT,structured,22.091354,0.009725,45
6,Structured+Lexicon,XGBoost,verification_status_Source Verified,structured,18.678516,0.008222,67
6,Structured+Lexicon,XGBoost,verification_status_Verified,structured,23.450777,0.010323,33
6,Structured+Lexicon,XGBoost,grade_ord,structured,239.159241,0.105279,1
6,Structured+Lexicon,XGBoost,sub_grade_ord,structured,27.328285,0.01203,17
6,Structured+Lexicon,XGBoost,risk_word_count,lexicon,21.179291,0.009323,53
6,Structured+Lexicon,XGBoost,risk_word_density,lexicon,21.381569,0.009412,50
6,Structured+Lexicon,XGBoost,risk_word_flag,lexicon,0.0,0.0,84
6,Structured+Lexicon,XGBoost,distress_debt_pressure_count,lexicon,34.375843,0.015132,6
6,Structured+Lexicon,XGBoost,distress_liquidity_shortage_count,lexicon,16.728615,0.007364,76
6,Structured+Lexicon,XGBoost,distress_medical_life_shock_count,lexicon,21.284758,0.00937,51
6,Structured+Lexicon,XGBoost,distress_refinancing_burden_count,lexicon,20.291069,0.008932,56
6,Structured+Lexicon,RandomForest,acc_now_delinq,structured,0.0,0.0,133
6,Structured+Lexicon,RandomForest,acc_open_past_24mths,structured,0.0,0.0,132
6,Structured+Lexicon,RandomForest,annual_inc,structured,0.078301,0.078301,3
6,Structured+Lexicon,RandomForest,avg_cur_bal,structured,0.0,0.0,131
6,Structured+Lexicon,RandomForest,bc_open_to_buy,structured,0.0,0.0,130
6,Structured+Lexicon,RandomForest,bc_util,structured,0.0,0.0,128
6,Structured+Lexicon,RandomForest,chargeoff_within_12_mths,structured,0.0,0.0,129
6,Structured+Lexicon,RandomForest,collections_12_mths_ex_med,structured,0.0,0.0,127
6,Structured+Lexicon,RandomForest,delinq_2yrs,structured,0.003095,0.003095,33
6,Structured+Lexicon,RandomForest,delinq_amnt,structured,0.0,0.0,126
6,Structured+Lexicon,RandomForest,dti,structured,0.048227,0.048227,8
6,Structured+Lexicon,RandomForest,emp_length,structured,0.024346,0.024346,14
6,Structured+Lexicon,RandomForest,inq_last_6mths,structured,0.023487,0.023487,16
6,Structured+Lexicon,RandomForest,int_rate,structured,0.115955,0.115955,1
6,Structured+Lexicon,RandomForest,loan_amnt,structured,0.040622,0.040622,11
6,Structured+Lexicon,RandomForest,mo_sin_old_il_acct,structured,0.0,0.0,125
6,Structured+Lexicon,RandomForest,mo_sin_old_rev_tl_op,structured,0.0,0.0,118
6,Structured+Lexicon,RandomForest,mo_sin_rcnt_rev_tl_op,structured,0.0,0.0,119
6,Structured+Lexicon,RandomForest,mo_sin_rcnt_tl,structured,0.0,0.0,120
6,Structured+Lexicon,RandomForest,mort_acc,structured,0.0,0.0,121
6,Structured+Lexicon,RandomForest,mths_since_last_delinq,structured,0.02195,0.02195,17
6,Structured+Lexicon,RandomForest,mths_since_last_major_derog,structured,0.0,0.0,122
6,Structured+Lexicon,RandomForest,mths_since_last_record,structured,0.005692,0.005692,23
6,Structured+Lexicon,RandomForest,mths_since_recent_bc,structured,0.0,0.0,123
6,Structured+Lexicon,RandomForest,mths_since_recent_bc_dlq,structured,0.0,0.0,111
6,Structured+Lexicon,RandomForest,mths_since_recent_inq,structured,0.0,0.0,124
6,Structured+Lexicon,RandomForest,mths_since_recent_revol_delinq,structured,0.0,0.0,115
6,Structured+Lexicon,RandomForest,num_accts_ever_120_pd,structured,0.0,0.0,114
6,Structured+Lexicon,RandomForest,num_actv_bc_tl,structured,0.0,0.0,117
6,Structured+Lexicon,RandomForest,num_actv_rev_tl,structured,0.0,0.0,116
6,Structured+Lexicon,RandomForest,num_bc_sats,structured,0.0,0.0,113
6,Structured+Lexicon,RandomForest,num_bc_tl,structured,0.0,0.0,112
6,Structured+Lexicon,RandomForest,num_il_tl,structured,0.0,0.0,102
6,Structured+Lexicon,RandomForest,num_op_rev_tl,structured,0.0,0.0,103
6,Structured+Lexicon,RandomForest,num_rev_accts,structured,0.0,0.0,104
6,Structured+Lexicon,RandomForest,num_tl_120dpd_2m,structured,0.0,0.0,105
6,Structured+Lexicon,RandomForest,num_tl_30dpd,structured,0.0,0.0,106
6,Structured+Lexicon,RandomForest,num_tl_90g_dpd_24m,structured,0.0,0.0,107
6,Structured+Lexicon,RandomForest,num_tl_op_past_12m,structured,0.0,0.0,108
6,Structured+Lexicon,RandomForest,open_acc,structured,0.027191,0.027191,13
6,Structured+Lexicon,RandomForest,pct_tl_nvr_dlq,structured,0.0,0.0,109
6,Structured+Lexicon,RandomForest,percent_bc_gt_75,structured,0.0,0.0,100
6,Structured+Lexicon,RandomForest,pub_rec,structured,0.003628,0.003628,30
6,Structured+Lexicon,RandomForest,pub_rec_bankruptcies,structured,0.003324,0.003324,32
6,Structured+Lexicon,RandomForest,revol_bal,structured,0.046445,0.046445,9
6,Structured+Lexicon,RandomForest,revol_util,structured,0.059411,0.059411,6
6,Structured+Lexicon,RandomForest,tax_liens,structured,0.0,0.0,110
6,Structured+Lexicon,RandomForest,term,structured,0.062139,0.062139,5
6,Structured+Lexicon,RandomForest,tot_coll_amt,structured,0.0,0.0,94
6,Structured+Lexicon,RandomForest,tot_cur_bal,structured,0.0,0.0,95
6,Structured+Lexicon,RandomForest,total_acc,structured,0.036161,0.036161,12
6,Structured+Lexicon,RandomForest,total_bal_ex_mort,structured,0.0,0.0,96
6,Structured+Lexicon,RandomForest,total_bc_limit,structured,0.0,0.0,97
6,Structured+Lexicon,RandomForest,total_il_high_credit_limit,structured,0.0,0.0,99
6,Structured+Lexicon,RandomForest,total_rev_hi_lim,structured,0.0,0.0,98
6,Structured+Lexicon,RandomForest,fico_midpoint,structured,0.05527,0.05527,7
6,Structured+Lexicon,RandomForest,credit_history_months,structured,0.045237,0.045237,10
6,Structured+Lexicon,RandomForest,initial_list_status_w,structured,0.0,0.0,101
6,Structured+Lexicon,RandomForest,addr_state_AL,structured,0.000212,0.000212,62
6,Structured+Lexicon,RandomForest,addr_state_AR,structured,6.7e-05,6.7e-05,71
6,Structured+Lexicon,RandomForest,addr_state_AZ,structured,0.000421,0.000421,52
6,Structured+Lexicon,RandomForest,addr_state_CA,structured,0.004855,0.004855,28
6,Structured+Lexicon,RandomForest,addr_state_CO,structured,0.000321,0.000321,57
6,Structured+Lexicon,RandomForest,addr_state_CT,structured,0.000312,0.000312,59
6,Structured+Lexicon,RandomForest,addr_state_DC,structured,0.000315,0.000315,58
6,Structured+Lexicon,RandomForest,addr_state_DE,structured,4e-06,4e-06,83
6,Structured+Lexicon,RandomForest,addr_state_FL,structured,0.002768,0.002768,34
6,Structured+Lexicon,RandomForest,addr_state_GA,structured,0.000772,0.000772,46
6,Structured+Lexicon,RandomForest,addr_state_HI,structured,2.1e-05,2.1e-05,80
6,Structured+Lexicon,RandomForest,addr_state_IA,structured,0.0,0.0,87
6,Structured+Lexicon,RandomForest,addr_state_ID,structured,0.0,0.0,86
6,Structured+Lexicon,RandomForest,addr_state_IL,structured,0.001041,0.001041,43
6,Structured+Lexicon,RandomForest,addr_state_IN,structured,0.0,0.0,88
6,Structured+Lexicon,RandomForest,addr_state_KS,structured,0.000239,0.000239,61
6,Structured+Lexicon,RandomForest,addr_state_KY,structured,8.9e-05,8.9e-05,70
6,Structured+Lexicon,RandomForest,addr_state_LA,structured,0.000195,0.000195,63
6,Structured+Lexicon,RandomForest,addr_state_MA,structured,0.000859,0.000859,44
6,Structured+Lexicon,RandomForest,addr_state_MD,structured,0.000388,0.000388,53
6,Structured+Lexicon,RandomForest,addr_state_MI,structured,0.000149,0.000149,67
6,Structured+Lexicon,RandomForest,addr_state_MN,structured,0.000158,0.000158,65
6,Structured+Lexicon,RandomForest,addr_state_MO,structured,0.000301,0.000301,60
6,Structured+Lexicon,RandomForest,addr_state_MS,structured,0.0,0.0,89
6,Structured+Lexicon,RandomForest,addr_state_MT,structured,6e-06,6e-06,82
6,Structured+Lexicon,RandomForest,addr_state_NC,structured,0.000457,0.000457,51
6,Structured+Lexicon,RandomForest,addr_state_NE,structured,0.0,0.0,90
6,Structured+Lexicon,RandomForest,addr_state_NH,structured,2.8e-05,2.8e-05,75
6,Structured+Lexicon,RandomForest,addr_state_NJ,structured,0.001061,0.001061,42
6,Structured+Lexicon,RandomForest,addr_state_NM,structured,0.000166,0.000166,64
6,Structured+Lexicon,RandomForest,addr_state_NV,structured,0.000508,0.000508,49
6,Structured+Lexicon,RandomForest,addr_state_NY,structured,0.002314,0.002314,35
6,Structured+Lexicon,RandomForest,addr_state_OH,structured,0.00066,0.00066,47
6,Structured+Lexicon,RandomForest,addr_state_OK,structured,2.5e-05,2.5e-05,78
6,Structured+Lexicon,RandomForest,addr_state_OR,structured,0.000142,0.000142,68
6,Structured+Lexicon,RandomForest,addr_state_PA,structured,0.001223,0.001223,40
6,Structured+Lexicon,RandomForest,addr_state_RI,structured,2.2e-05,2.2e-05,79
6,Structured+Lexicon,RandomForest,addr_state_SC,structured,0.000156,0.000156,66
6,Structured+Lexicon,RandomForest,addr_state_SD,structured,1e-06,1e-06,84
6,Structured+Lexicon,RandomForest,addr_state_TN,structured,0.0,0.0,93
6,Structured+Lexicon,RandomForest,addr_state_TX,structured,0.002142,0.002142,36
6,Structured+Lexicon,RandomForest,addr_state_UT,structured,5.8e-05,5.8e-05,73
6,Structured+Lexicon,RandomForest,addr_state_VA,structured,0.000643,0.000643,48
6,Structured+Lexicon,RandomForest,addr_state_VT,structured,0.0,0.0,92
6,Structured+Lexicon,RandomForest,addr_state_WA,structured,0.000368,0.000368,55
6,Structured+Lexicon,RandomForest,addr_state_WI,structured,0.000136,0.000136,69
6,Structured+Lexicon,RandomForest,addr_state_WV,structured,2.6e-05,2.6e-05,77
6,Structured+Lexicon,RandomForest,addr_state_WY,structured,2.7e-05,2.7e-05,76
6,Structured+Lexicon,RandomForest,purpose_credit_card,structured,0.005443,0.005443,25
6,Structured+Lexicon,RandomForest,purpose_debt_consolidation,structured,0.007507,0.007507,20
6,Structured+Lexicon,RandomForest,purpose_educational,structured,1.1e-05,1.1e-05,81
6,Structured+Lexicon,RandomForest,purpose_home_improvement,structured,0.002042,0.002042,37
6,Structured+Lexicon,RandomForest,purpose_house,structured,6.5e-05,6.5e-05,72
6,Structured+Lexicon,RandomForest,purpose_major_purchase,structured,0.001932,0.001932,38
6,Structured+Lexicon,RandomForest,purpose_medical,structured,0.000385,0.000385,54
6,Structured+Lexicon,RandomForest,purpose_moving,structured,0.001108,0.001108,41
6,Structured+Lexicon,RandomForest,purpose_other,structured,0.00355,0.00355,31
6,Structured+Lexicon,RandomForest,purpose_renewable_energy,structured,5.6e-05,5.6e-05,74
6,Structured+Lexicon,RandomForest,purpose_vacation,structured,0.000333,0.000333,56
6,Structured+Lexicon,RandomForest,purpose_wedding,structured,0.000856,0.000856,45
6,Structured+Lexicon,RandomForest,home_ownership_NONE,structured,0.0,0.0,85
6,Structured+Lexicon,RandomForest,home_ownership_OTHER,structured,0.0,0.0,91
6,Structured+Lexicon,RandomForest,home_ownership_OWN,structured,0.001844,0.001844,39
6,Structured+Lexicon,RandomForest,home_ownership_RENT,structured,0.007323,0.007323,21
6,Structured+Lexicon,RandomForest,verification_status_Source Verified,structured,0.005682,0.005682,24
6,Structured+Lexicon,RandomForest,verification_status_Verified,structured,0.006341,0.006341,22
6,Structured+Lexicon,RandomForest,grade_ord,structured,0.063313,0.063313,4
6,Structured+Lexicon,RandomForest,sub_grade_ord,structured,0.094111,0.094111,2
6,Structured+Lexicon,RandomForest,risk_word_count,lexicon,0.017542,0.017542,19
6,Structured+Lexicon,RandomForest,risk_word_density,lexicon,0.024206,0.024206,15
6,Structured+Lexicon,RandomForest,risk_word_flag,lexicon,0.00504,0.00504,27
6,Structured+Lexicon,RandomForest,distress_debt_pressure_count,lexicon,0.017681,0.017681,18
6,Structured+Lexicon,RandomForest,distress_liquidity_shortage_count,lexicon,0.005149,0.005149,26
6,Structured+Lexicon,RandomForest,distress_medical_life_shock_count,lexicon,0.003884,0.003884,29
6,Structured+Lexicon,RandomForest,distress_refinancing_burden_count,lexicon,0.000462,0.000462,50
7,Structured,Logistic,acc_now_delinq,structured,0.0,0.0,126
7,Structured,Logistic,acc_open_past_24mths,structured,0.0,0.0,125
7,Structured,Logistic,annual_inc,structured,0.370666,0.08745,2
7,Structured,Logistic,avg_cur_bal,structured,0.0,0.0,124
7,Structured,Logistic,bc_open_to_buy,structured,0.0,0.0,123
7,Structured,Logistic,bc_util,structured,0.0,0.0,121
7,Structured,Logistic,chargeoff_within_12_mths,structured,0.0,0.0,122
7,Structured,Logistic,collections_12_mths_ex_med,structured,0.0,0.0,120
7,Structured,Logistic,delinq_2yrs,structured,0.013192,0.003112,57
7,Structured,Logistic,delinq_amnt,structured,0.0,0.0,119
7,Structured,Logistic,dti,structured,0.010197,0.002406,65
7,Structured,Logistic,emp_length,structured,0.041819,0.009866,30
7,Structured,Logistic,inq_last_6mths,structured,0.171576,0.04048,6
7,Structured,Logistic,int_rate,structured,0.500019,0.117969,1
7,Structured,Logistic,loan_amnt,structured,0.071774,0.016934,13
7,Structured,Logistic,mo_sin_old_il_acct,structured,0.0,0.0,118
7,Structured,Logistic,mo_sin_old_rev_tl_op,structured,0.0,0.0,111
7,Structured,Logistic,mo_sin_rcnt_rev_tl_op,structured,0.0,0.0,112
7,Structured,Logistic,mo_sin_rcnt_tl,structured,0.0,0.0,113
7,Structured,Logistic,mort_acc,structured,0.0,0.0,114
7,Structured,Logistic,mths_since_last_delinq,structured,0.070802,0.016704,14
7,Structured,Logistic,mths_since_last_major_derog,structured,0.0,0.0,115
7,Structured,Logistic,mths_since_last_record,structured,0.070194,0.016561,15
7,Structured,Logistic,mths_since_recent_bc,structured,0.0,0.0,116
7,Structured,Logistic,mths_since_recent_bc_dlq,structured,0.0,0.0,104
7,Structured,Logistic,mths_since_recent_inq,structured,0.0,0.0,117
7,Structured,Logistic,mths_since_recent_revol_delinq,structured,0.0,0.0,108
7,Structured,Logistic,num_accts_ever_120_pd,structured,0.0,0.0,107
7,Structured,Logistic,num_actv_bc_tl,structured,0.0,0.0,110
7,Structured,Logistic,num_actv_rev_tl,structured,0.0,0.0,109
7,Structured,Logistic,num_bc_sats,structured,0.0,0.0,106
7,Structured,Logistic,num_bc_tl,structured,0.0,0.0,105
7,Structured,Logistic,num_il_tl,structured,0.0,0.0,95
7,Structured,Logistic,num_op_rev_tl,structured,0.0,0.0,96
7,Structured,Logistic,num_rev_accts,structured,0.0,0.0,97
7,Structured,Logistic,num_tl_120dpd_2m,structured,0.0,0.0,98
7,Structured,Logistic,num_tl_30dpd,structured,0.0,0.0,99
7,Structured,Logistic,num_tl_90g_dpd_24m,structured,0.0,0.0,100
7,Structured,Logistic,num_tl_op_past_12m,structured,0.0,0.0,101
7,Structured,Logistic,open_acc,structured,0.014265,0.003366,56
7,Structured,Logistic,pct_tl_nvr_dlq,structured,0.0,0.0,102
7,Structured,Logistic,percent_bc_gt_75,structured,0.0,0.0,93
7,Structured,Logistic,pub_rec,structured,0.0049,0.001156,74
7,Structured,Logistic,pub_rec_bankruptcies,structured,0.006575,0.001551,69
7,Structured,Logistic,revol_bal,structured,0.065673,0.015494,17
7,Structured,Logistic,revol_util,structured,0.1507,0.035554,7
7,Structured,Logistic,tax_liens,structured,0.0,0.0,103
7,Structured,Logistic,term,structured,0.310295,0.073207,3
7,Structured,Logistic,tot_coll_amt,structured,0.0,0.0,87
7,Structured,Logistic,tot_cur_bal,structured,0.0,0.0,88
7,Structured,Logistic,total_acc,structured,0.04514,0.01065,26
7,Structured,Logistic,total_bal_ex_mort,structured,0.0,0.0,89
7,Structured,Logistic,total_bc_limit,structured,0.0,0.0,90
7,Structured,Logistic,total_il_high_credit_limit,structured,0.0,0.0,92
7,Structured,Logistic,total_rev_hi_lim,structured,0.0,0.0,91
7,Structured,Logistic,fico_midpoint,structured,0.196682,0.046403,4
7,Structured,Logistic,credit_history_months,structured,0.078079,0.018421,12
7,Structured,Logistic,initial_list_status_w,structured,0.0,0.0,94
7,Structured,Logistic,addr_state_AL,structured,0.02413,0.005693,44
7,Structured,Logistic,addr_state_AR,structured,0.03794,0.008951,32
7,Structured,Logistic,addr_state_AZ,structured,0.016472,0.003886,53
7,Structured,Logistic,addr_state_CA,structured,0.062652,0.014781,19
7,Structured,Logistic,addr_state_CO,structured,0.023034,0.005434,47
7,Structured,Logistic,addr_state_CT,structured,0.029858,0.007044,35
7,Structured,Logistic,addr_state_DC,structured,0.078346,0.018484,11
7,Structured,Logistic,addr_state_DE,structured,0.020158,0.004756,50
7,Structured,Logistic,addr_state_FL,structured,0.042759,0.010088,29
7,Structured,Logistic,addr_state_GA,structured,0.016259,0.003836,54
7,Structured,Logistic,addr_state_HI,structured,0.012616,0.002976,60
7,Structured,Logistic,addr_state_IA,structured,0.021741,0.005129,49
7,Structured,Logistic,addr_state_ID,structured,0.0,0.0,82
7,Structured,Logistic,addr_state_IL,structured,0.044639,0.010532,27
7,Structured,Logistic,addr_state_IN,structured,0.0,0.0,84
7,Structured,Logistic,addr_state_KS,structured,0.025622,0.006045,42
7,Structured,Logistic,addr_state_KY,structured,0.017216,0.004062,51
7,Structured,Logistic,addr_state_LA,structured,0.006672,0.001574,68
7,Structured,Logistic,addr_state_MA,structured,0.024054,0.005675,45
7,Structured,Logistic,addr_state_MD,structured,0.005891,0.00139,71
7,Structured,Logistic,addr_state_MI,structured,0.012229,0.002885,62
7,Structured,Logistic,addr_state_MN,structured,0.012621,0.002978,59
7,Structured,Logistic,addr_state_MO,structured,0.00602,0.00142,70
7,Structured,Logistic,addr_state_MS,structured,0.034857,0.008224,34
7,Structured,Logistic,addr_state_MT,structured,0.025882,0.006106,41
7,Structured,Logistic,addr_state_NC,structured,0.003378,0.000797,76
7,Structured,Logistic,addr_state_NE,structured,0.0,0.0,85
7,Structured,Logistic,addr_state_NH,structured,0.002176,0.000513,77
7,Structured,Logistic,addr_state_NJ,structured,0.012458,0.002939,61
7,Structured,Logistic,addr_state_NM,structured,0.023297,0.005496,46
7,Structured,Logistic,addr_state_NV,structured,0.038782,0.00915,31
7,Structured,Logistic,addr_state_NY,structured,0.000116,2.7e-05,81
7,Structured,Logistic,addr_state_OH,structured,0.043588,0.010284,28
7,Structured,Logistic,addr_state_OK,structured,0.028752,0.006783,36
7,Structured,Logistic,addr_state_OR,structured,0.007854,0.001853,67
7,Structured,Logistic,addr_state_PA,structured,0.052188,0.012313,23
7,Structured,Logistic,addr_state_RI,structured,0.001952,0.00046,78
7,Structured,Logistic,addr_state_SC,structured,0.001935,0.000456,79
7,Structured,Logistic,addr_state_SD,structured,0.012811,0.003023,58
7,Structured,Logistic,addr_state_TN,structured,0.0,0.0,86
7,Structured,Logistic,addr_state_TX,structured,0.059042,0.01393,21
7,Structured,Logistic,addr_state_UT,structured,0.025885,0.006107,40
7,Structured,Logistic,addr_state_VA,structured,0.036047,0.008505,33
7,Structured,Logistic,addr_state_VT,structured,0.011419,0.002694,63
7,Structured,Logistic,addr_state_WA,structured,0.001755,0.000414,80
7,Structured,Logistic,addr_state_WI,structured,0.016802,0.003964,52
7,Structured,Logistic,addr_state_WV,structured,0.02226,0.005252,48
7,Structured,Logistic,addr_state_WY,structured,0.07986,0.018841,10
7,Structured,Logistic,purpose_credit_card,structured,0.010055,0.002372,66
7,Structured,Logistic,purpose_debt_consolidation,structured,0.120103,0.028336,9
7,Structured,Logistic,purpose_educational,structured,0.027398,0.006464,39
7,Structured,Logistic,purpose_home_improvement,structured,0.051055,0.012045,25
7,Structured,Logistic,purpose_house,structured,0.025329,0.005976,43
7,Structured,Logistic,purpose_major_purchase,structured,0.02792,0.006587,38
7,Structured,Logistic,purpose_medical,structured,0.060327,0.014233,20
7,Structured,Logistic,purpose_moving,structured,0.069175,0.01632,16
7,Structured,Logistic,purpose_other,structured,0.136445,0.032191,8
7,Structured,Logistic,purpose_renewable_energy,structured,0.052179,0.01231,24
7,Structured,Logistic,purpose_vacation,structured,0.054728,0.012912,22
7,Structured,Logistic,purpose_wedding,structured,0.005525,0.001303,72
7,Structured,Logistic,home_ownership_NONE,structured,0.0,0.0,83
7,Structured,Logistic,home_ownership_OTHER,structured,0.063427,0.014964,18
7,Structured,Logistic,home_ownership_OWN,structured,0.015512,0.00366,55
7,Structured,Logistic,home_ownership_RENT,structured,0.005336,0.001259,73
7,Structured,Logistic,verification_status_Source Verified,structured,0.010986,0.002592,64
7,Structured,Logistic,verification_status_Verified,structured,0.004737,0.001118,75
7,Structured,Logistic,grade_ord,structured,0.028208,0.006655,37
7,Structured,Logistic,sub_grade_ord,structured,0.193562,0.045667,5
7,Structured,XGBoost,acc_now_delinq,structured,0.0,0.0,126
7,Structured,XGBoost,acc_open_past_24mths,structured,0.0,0.0,125
7,Structured,XGBoost,annual_inc,structured,45.227657,0.024577,3
7,Structured,XGBoost,avg_cur_bal,structured,0.0,0.0,124
7,Structured,XGBoost,bc_open_to_buy,structured,0.0,0.0,123
7,Structured,XGBoost,bc_util,structured,0.0,0.0,121
7,Structured,XGBoost,chargeoff_within_12_mths,structured,0.0,0.0,122
7,Structured,XGBoost,collections_12_mths_ex_med,structured,0.0,0.0,120
7,Structured,XGBoost,delinq_2yrs,structured,15.513819,0.00843,67
7,Structured,XGBoost,delinq_amnt,structured,0.0,0.0,119
7,Structured,XGBoost,dti,structured,21.956432,0.011931,37
7,Structured,XGBoost,emp_length,structured,22.765333,0.012371,32
7,Structured,XGBoost,inq_last_6mths,structured,35.843124,0.019477,5
7,Structured,XGBoost,int_rate,structured,128.882187,0.070035,1
7,Structured,XGBoost,loan_amnt,structured,22.723505,0.012348,33
7,Structured,XGBoost,mo_sin_old_il_acct,structured,0.0,0.0,118
7,Structured,XGBoost,mo_sin_old_rev_tl_op,structured,0.0,0.0,111
7,Structured,XGBoost,mo_sin_rcnt_rev_tl_op,structured,0.0,0.0,112
7,Structured,XGBoost,mo_sin_rcnt_tl,structured,0.0,0.0,113
7,Structured,XGBoost,mort_acc,structured,0.0,0.0,114
7,Structured,XGBoost,mths_since_last_delinq,structured,24.612432,0.013374,21
7,Structured,XGBoost,mths_since_last_major_derog,structured,0.0,0.0,115
7,Structured,XGBoost,mths_since_last_record,structured,25.270966,0.013732,17
7,Structured,XGBoost,mths_since_recent_bc,structured,0.0,0.0,116
7,Structured,XGBoost,mths_since_recent_bc_dlq,structured,0.0,0.0,104
7,Structured,XGBoost,mths_since_recent_inq,structured,0.0,0.0,117
7,Structured,XGBoost,mths_since_recent_revol_delinq,structured,0.0,0.0,108
7,Structured,XGBoost,num_accts_ever_120_pd,structured,0.0,0.0,107
7,Structured,XGBoost,num_actv_bc_tl,structured,0.0,0.0,110
7,Structured,XGBoost,num_actv_rev_tl,structured,0.0,0.0,109
7,Structured,XGBoost,num_bc_sats,structured,0.0,0.0,106
7,Structured,XGBoost,num_bc_tl,structured,0.0,0.0,105
7,Structured,XGBoost,num_il_tl,structured,0.0,0.0,95
7,Structured,XGBoost,num_op_rev_tl,structured,0.0,0.0,96
7,Structured,XGBoost,num_rev_accts,structured,0.0,0.0,97
7,Structured,XGBoost,num_tl_120dpd_2m,structured,0.0,0.0,98
7,Structured,XGBoost,num_tl_30dpd,structured,0.0,0.0,99
7,Structured,XGBoost,num_tl_90g_dpd_24m,structured,0.0,0.0,100
7,Structured,XGBoost,num_tl_op_past_12m,structured,0.0,0.0,101
7,Structured,XGBoost,open_acc,structured,21.047653,0.011437,42
7,Structured,XGBoost,pct_tl_nvr_dlq,structured,0.0,0.0,102
7,Structured,XGBoost,percent_bc_gt_75,structured,0.0,0.0,93
7,Structured,XGBoost,pub_rec,structured,14.335531,0.00779,71
7,Structured,XGBoost,pub_rec_bankruptcies,structured,23.957592,0.013019,25
7,Structured,XGBoost,revol_bal,structured,25.146221,0.013665,20
7,Structured,XGBoost,revol_util,structured,29.888968,0.016242,8
7,Structured,XGBoost,tax_liens,structured,0.0,0.0,103
7,Structured,XGBoost,term,structured,109.793182,0.059662,2
7,Structured,XGBoost,tot_coll_amt,structured,0.0,0.0,87
7,Structured,XGBoost,tot_cur_bal,structured,0.0,0.0,88
7,Structured,XGBoost,total_acc,structured,22.334734,0.012137,36
7,Structured,XGBoost,total_bal_ex_mort,structured,0.0,0.0,89
7,Structured,XGBoost,total_bc_limit,structured,0.0,0.0,90
7,Structured,XGBoost,total_il_high_credit_limit,structured,0.0,0.0,92
7,Structured,XGBoost,total_rev_hi_lim,structured,0.0,0.0,91
7,Structured,XGBoost,fico_midpoint,structured,31.262068,0.016988,7
7,Structured,XGBoost,credit_history_months,structured,24.058399,0.013073,24
7,Structured,XGBoost,initial_list_status_w,structured,0.0,0.0,94
7,Structured,XGBoost,addr_state_AL,structured,16.974701,0.009224,64
7,Structured,XGBoost,addr_state_AR,structured,20.265749,0.011012,48
7,Structured,XGBoost,addr_state_AZ,structured,23.88335,0.012978,26
7,Structured,XGBoost,addr_state_CA,structured,29.833813,0.016212,9
7,Structured,XGBoost,addr_state_CO,structured,15.511785,0.008429,68
7,Structured,XGBoost,addr_state_CT,structured,21.172672,0.011505,41
7,Structured,XGBoost,addr_state_DC,structured,25.605953,0.013914,14
7,Structured,XGBoost,addr_state_DE,structured,18.896996,0.010269,55
7,Structured,XGBoost,addr_state_FL,structured,26.421316,0.014357,13
7,Structured,XGBoost,addr_state_GA,structured,24.145153,0.013121,23
7,Structured,XGBoost,addr_state_HI,structured,0.0,0.0,81
7,Structured,XGBoost,addr_state_IA,structured,0.0,0.0,79
7,Structured,XGBoost,addr_state_ID,structured,0.0,0.0,80
7,Structured,XGBoost,addr_state_IL,structured,18.546919,0.010078,58
7,Structured,XGBoost,addr_state_IN,structured,0.0,0.0,82
7,Structured,XGBoost,addr_state_KS,structured,20.424925,0.011099,47
7,Structured,XGBoost,addr_state_KY,structured,21.38599,0.011621,40
7,Structured,XGBoost,addr_state_LA,structured,13.834154,0.007518,72
7,Structured,XGBoost,addr_state_MA,structured,21.55529,0.011713,39
7,Structured,XGBoost,addr_state_MD,structured,19.110991,0.010385,53
7,Structured,XGBoost,addr_state_MI,structured,3.05426,0.00166,75
7,Structured,XGBoost,addr_state_MN,structured,19.000799,0.010325,54
7,Structured,XGBoost,addr_state_MO,structured,14.86027,0.008075,70
7,Structured,XGBoost,addr_state_MS,structured,0.0,0.0,85
7,Structured,XGBoost,addr_state_MT,structured,18.181488,0.00988,60
7,Structured,XGBoost,addr_state_NC,structured,16.081196,0.008739,66
7,Structured,XGBoost,addr_state_NE,structured,0.0,0.0,83
7,Structured,XGBoost,addr_state_NH,structured,25.434261,0.013821,16
7,Structured,XGBoost,addr_state_NJ,structured,20.554279,0.011169,45
7,Structured,XGBoost,addr_state_NM,structured,19.458395,0.010574,51
7,Structured,XGBoost,addr_state_NV,structured,22.632204,0.012298,34
7,Structured,XGBoost,addr_state_NY,structured,20.99189,0.011407,43
7,Structured,XGBoost,addr_state_OH,structured,18.710213,0.010167,57
7,Structured,XGBoost,addr_state_OK,structured,17.099504,0.009292,63
7,Structured,XGBoost,addr_state_OR,structured,17.466742,0.009491,62
7,Structured,XGBoost,addr_state_PA,structured,21.826168,0.01186,38
7,Structured,XGBoost,addr_state_RI,structured,0.0,0.0,84
7,Structured,XGBoost,addr_state_SC,structured,28.019615,0.015226,12
7,Structured,XGBoost,addr_state_SD,structured,0.0,0.0,86
7,Structured,XGBoost,addr_state_TN,structured,0.0,0.0,77
7,Structured,XGBoost,addr_state_TX,structured,29.14764,0.015839,10
7,Structured,XGBoost,addr_state_UT,structured,18.531292,0.01007,59
7,Structured,XGBoost,addr_state_VA,structured,20.15403,0.010952,49
7,Structured,XGBoost,addr_state_VT,structured,19.836971,0.010779,50
7,Structured,XGBoost,addr_state_WA,structured,22.945684,0.012469,31
7,Structured,XGBoost,addr_state_WI,structured,17.860126,0.009705,61
7,Structured,XGBoost,addr_state_WV,structured,19.194199,0.01043,52
7,Structured,XGBoost,addr_state_WY,structured,25.184389,0.013685,18
7,Structured,XGBoost,purpose_credit_card,structured,37.228657,0.02023,4
7,Structured,XGBoost,purpose_debt_consolidation,structured,24.399481,0.013259,22
7,Structured,XGBoost,purpose_educational,structured,0.0,0.0,78
7,Structured,XGBoost,purpose_home_improvement,structured,15.090796,0.0082,69
7,Structured,XGBoost,purpose_house,structured,11.4529,0.006224,73
7,Structured,XGBoost,purpose_major_purchase,structured,22.383192,0.012163,35
7,Structured,XGBoost,purpose_medical,structured,16.259706,0.008836,65
7,Structured,XGBoost,purpose_moving,structured,25.174192,0.01368,19
7,Structured,XGBoost,purpose_other,structured,28.236193,0.015344,11
7,Structured,XGBoost,purpose_renewable_energy,structured,25.537149,0.013877,15
7,Structured,XGBoost,purpose_vacation,structured,18.888828,0.010264,56
7,Structured,XGBoost,purpose_wedding,structured,23.810469,0.012939,27
7,Structured,XGBoost,home_ownership_NONE,structured,0.0,0.0,76
7,Structured,XGBoost,home_ownership_OTHER,structured,11.244815,0.00611,74
7,Structured,XGBoost,home_ownership_OWN,structured,23.115107,0.012561,29
7,Structured,XGBoost,home_ownership_RENT,structured,23.066591,0.012534,30
7,Structured,XGBoost,verification_status_Source Verified,structured,20.593651,0.011191,44
7,Structured,XGBoost,verification_status_Verified,structured,20.454447,0.011115,46
7,Structured,XGBoost,grade_ord,structured,23.205116,0.01261,28
7,Structured,XGBoost,sub_grade_ord,structured,31.695068,0.017223,6
7,Structured,RandomForest,acc_now_delinq,structured,0.0,0.0,126
7,Structured,RandomForest,acc_open_past_24mths,structured,0.0,0.0,125
7,Structured,RandomForest,annual_inc,structured,0.085934,0.085934,3
7,Structured,RandomForest,avg_cur_bal,structured,0.0,0.0,124
7,Structured,RandomForest,bc_open_to_buy,structured,0.0,0.0,123
7,Structured,RandomForest,bc_util,structured,0.0,0.0,121
7,Structured,RandomForest,chargeoff_within_12_mths,structured,0.0,0.0,122
7,Structured,RandomForest,collections_12_mths_ex_med,structured,0.0,0.0,120
7,Structured,RandomForest,delinq_2yrs,structured,0.003389,0.003389,25
7,Structured,RandomForest,delinq_amnt,structured,0.0,0.0,119
7,Structured,RandomForest,dti,structured,0.052938,0.052938,8
7,Structured,RandomForest,emp_length,structured,0.027807,0.027807,14
7,Structured,RandomForest,inq_last_6mths,structured,0.024768,0.024768,15
7,Structured,RandomForest,int_rate,structured,0.125669,0.125669,1
7,Structured,RandomForest,loan_amnt,structured,0.046397,0.046397,11
7,Structured,RandomForest,mo_sin_old_il_acct,structured,0.0,0.0,118
7,Structured,RandomForest,mo_sin_old_rev_tl_op,structured,0.0,0.0,111
7,Structured,RandomForest,mo_sin_rcnt_rev_tl_op,structured,0.0,0.0,112
7,Structured,RandomForest,mo_sin_rcnt_tl,structured,0.0,0.0,113
7,Structured,RandomForest,mort_acc,structured,0.0,0.0,114
7,Structured,RandomForest,mths_since_last_delinq,structured,0.024141,0.024141,16
7,Structured,RandomForest,mths_since_last_major_derog,structured,0.0,0.0,115
7,Structured,RandomForest,mths_since_last_record,structured,0.005663,0.005663,22
7,Structured,RandomForest,mths_since_recent_bc,structured,0.0,0.0,116
7,Structured,RandomForest,mths_since_recent_bc_dlq,structured,0.0,0.0,104
7,Structured,RandomForest,mths_since_recent_inq,structured,0.0,0.0,117
7,Structured,RandomForest,mths_since_recent_revol_delinq,structured,0.0,0.0,108
7,Structured,RandomForest,num_accts_ever_120_pd,structured,0.0,0.0,107
7,Structured,RandomForest,num_actv_bc_tl,structured,0.0,0.0,110
7,Structured,RandomForest,num_actv_rev_tl,structured,0.0,0.0,109
7,Structured,RandomForest,num_bc_sats,structured,0.0,0.0,106
7,Structured,RandomForest,num_bc_tl,structured,0.0,0.0,105
7,Structured,RandomForest,num_il_tl,structured,0.0,0.0,95
7,Structured,RandomForest,num_op_rev_tl,structured,0.0,0.0,96
7,Structured,RandomForest,num_rev_accts,structured,0.0,0.0,97
7,Structured,RandomForest,num_tl_120dpd_2m,structured,0.0,0.0,98
7,Structured,RandomForest,num_tl_30dpd,structured,0.0,0.0,99
7,Structured,RandomForest,num_tl_90g_dpd_24m,structured,0.0,0.0,100
7,Structured,RandomForest,num_tl_op_past_12m,structured,0.0,0.0,101
7,Structured,RandomForest,open_acc,structured,0.029607,0.029607,13
7,Structured,RandomForest,pct_tl_nvr_dlq,structured,0.0,0.0,102
7,Structured,RandomForest,percent_bc_gt_75,structured,0.0,0.0,93
7,Structured,RandomForest,pub_rec,structured,0.002979,0.002979,27
7,Structured,RandomForest,pub_rec_bankruptcies,structured,0.002582,0.002582,30
7,Structured,RandomForest,revol_bal,structured,0.05145,0.05145,9
7,Structured,RandomForest,revol_util,structured,0.064825,0.064825,5
7,Structured,RandomForest,tax_liens,structured,0.0,0.0,103
7,Structured,RandomForest,term,structured,0.063586,0.063586,6
7,Structured,RandomForest,tot_coll_amt,structured,0.0,0.0,87
7,Structured,RandomForest,tot_cur_bal,structured,0.0,0.0,88
7,Structured,RandomForest,total_acc,structured,0.039156,0.039156,12
7,Structured,RandomForest,total_bal_ex_mort,structured,0.0,0.0,89
7,Structured,RandomForest,total_bc_limit,structured,0.0,0.0,90
7,Structured,RandomForest,total_il_high_credit_limit,structured,0.0,0.0,92
7,Structured,RandomForest,total_rev_hi_lim,structured,0.0,0.0,91
7,Structured,RandomForest,fico_midpoint,structured,0.059847,0.059847,7
7,Structured,RandomForest,credit_history_months,structured,0.050107,0.050107,10
7,Structured,RandomForest,initial_list_status_w,structured,0.0,0.0,94
7,Structured,RandomForest,addr_state_AL,structured,0.00018,0.00018,59
7,Structured,RandomForest,addr_state_AR,structured,8.3e-05,8.3e-05,68
7,Structured,RandomForest,addr_state_AZ,structured,0.000569,0.000569,44
7,Structured,RandomForest,addr_state_CA,structured,0.0054,0.0054,23
7,Structured,RandomForest,addr_state_CO,structured,0.000322,0.000322,53
7,Structured,RandomForest,addr_state_CT,structured,0.000466,0.000466,48
7,Structured,RandomForest,addr_state_DC,structured,0.000387,0.000387,51
7,Structured,RandomForest,addr_state_DE,structured,5e-06,5e-06,76
7,Structured,RandomForest,addr_state_FL,structured,0.003133,0.003133,26
7,Structured,RandomForest,addr_state_GA,structured,0.001251,0.001251,36
7,Structured,RandomForest,addr_state_HI,structured,3.3e-05,3.3e-05,72
7,Structured,RandomForest,addr_state_IA,structured,0.0,0.0,80
7,Structured,RandomForest,addr_state_ID,structured,0.0,0.0,79
7,Structured,RandomForest,addr_state_IL,structured,0.00149,0.00149,34
7,Structured,RandomForest,addr_state_IN,structured,0.0,0.0,81
7,Structured,RandomForest,addr_state_KS,structured,0.00014,0.00014,62
7,Structured,RandomForest,addr_state_KY,structured,9e-05,9e-05,66
7,Structured,RandomForest,addr_state_LA,structured,0.000221,0.000221,57
7,Structured,RandomForest,addr_state_MA,structured,0.000976,0.000976,40
7,Structured,RandomForest,addr_state_MD,structured,0.000545,0.000545,45
7,Structured,RandomForest,addr_state_MI,structured,0.000372,0.000372,52
7,Structured,RandomForest,addr_state_MN,structured,0.000261,0.000261,55
7,Structured,RandomForest,addr_state_MO,structured,0.000393,0.000393,50
7,Structured,RandomForest,addr_state_MS,structured,0.0,0.0,82
7,Structured,RandomForest,addr_state_MT,structured,4e-06,4e-06,77
7,Structured,RandomForest,addr_state_NC,structured,0.000527,0.000527,46
7,Structured,RandomForest,addr_state_NE,structured,0.0,0.0,83
7,Structured,RandomForest,addr_state_NH,structured,3.4e-05,3.4e-05,71
7,Structured,RandomForest,addr_state_NJ,structured,0.001345,0.001345,35
7,Structured,RandomForest,addr_state_NM,structured,0.000146,0.000146,61
7,Structured,RandomForest,addr_state_NV,structured,0.000431,0.000431,49
7,Structured,RandomForest,addr_state_NY,structured,0.00281,0.00281,28
7,Structured,RandomForest,addr_state_OH,structured,0.000761,0.000761,42
7,Structured,RandomForest,addr_state_OK,structured,7.4e-05,7.4e-05,69
7,Structured,RandomForest,addr_state_OR,structured,0.00015,0.00015,60
7,Structured,RandomForest,addr_state_PA,structured,0.001137,0.001137,37
7,Structured,RandomForest,addr_state_RI,structured,2.3e-05,2.3e-05,73
7,Structured,RandomForest,addr_state_SC,structured,0.000228,0.000228,56
7,Structured,RandomForest,addr_state_SD,structured,6e-06,6e-06,75
7,Structured,RandomForest,addr_state_TN,structured,0.0,0.0,86
7,Structured,RandomForest,addr_state_TX,structured,0.002737,0.002737,29
7,Structured,RandomForest,addr_state_UT,structured,0.000121,0.000121,63
7,Structured,RandomForest,addr_state_VA,structured,0.001055,0.001055,39
7,Structured,RandomForest,addr_state_VT,structured,0.0,0.0,85
7,Structured,RandomForest,addr_state_WA,structured,0.000574,0.000574,43
7,Structured,RandomForest,addr_state_WI,structured,0.00021,0.00021,58
7,Structured,RandomForest,addr_state_WV,structured,4.7e-05,4.7e-05,70
7,Structured,RandomForest,addr_state_WY,structured,8.5e-05,8.5e-05,67
7,Structured,RandomForest,purpose_credit_card,structured,0.007244,0.007244,19
7,Structured,RandomForest,purpose_debt_consolidation,structured,0.008124,0.008124,17
7,Structured,RandomForest,purpose_educational,structured,9e-06,9e-06,74
7,Structured,RandomForest,purpose_home_improvement,structured,0.002148,0.002148,31
7,Structured,RandomForest,purpose_house,structured,0.000115,0.000115,64
7,Structured,RandomForest,purpose_major_purchase,structured,0.001905,0.001905,33
7,Structured,RandomForest,purpose_medical,structured,0.00049,0.00049,47
7,Structured,RandomForest,purpose_moving,structured,0.001124,0.001124,38
7,Structured,RandomForest,purpose_other,structured,0.004006,0.004006,24
7,Structured,RandomForest,purpose_renewable_energy,structured,0.000105,0.000105,65
7,Structured,RandomForest,purpose_vacation,structured,0.000262,0.000262,54
7,Structured,RandomForest,purpose_wedding,structured,0.000887,0.000887,41
7,Structured,RandomForest,home_ownership_NONE,structured,0.0,0.0,78
7,Structured,RandomForest,home_ownership_OTHER,structured,0.0,0.0,84
7,Structured,RandomForest,home_ownership_OWN,structured,0.002137,0.002137,32
7,Structured,RandomForest,home_ownership_RENT,structured,0.007881,0.007881,18
7,Structured,RandomForest,verification_status_Source Verified,structured,0.00644,0.00644,21
7,Structured,RandomForest,verification_status_Verified,structured,0.006695,0.006695,20
7,Structured,RandomForest,grade_ord,structured,0.069689,0.069689,4
7,Structured,RandomForest,sub_grade_ord,structured,0.091076,0.091076,2
7,Structured+Lexicon,Logistic,acc_now_delinq,structured,0.0,0.0,133
7,Structured+Lexicon,Logistic,acc_open_past_24mths,structured,0.0,0.0,132
7,Structured+Lexicon,Logistic,annual_inc,structured,0.369804,0.084927,2
7,Structured+Lexicon,Logistic,avg_cur_bal,structured,0.0,0.0,131
7,Structured+Lexicon,Logistic,bc_open_to_buy,structured,0.0,0.0,130
7,Structured+Lexicon,Logistic,bc_util,structured,0.0,0.0,128
7,Structured+Lexicon,Logistic,chargeoff_within_12_mths,structured,0.0,0.0,129
7,Structured+Lexicon,Logistic,collections_12_mths_ex_med,structured,0.0,0.0,127
7,Structured+Lexicon,Logistic,delinq_2yrs,structured,0.012522,0.002876,63
7,Structured+Lexicon,Logistic,delinq_amnt,structured,0.0,0.0,126
7,Structured+Lexicon,Logistic,dti,structured,0.011723,0.002692,65
7,Structured+Lexicon,Logistic,emp_length,structured,0.038691,0.008886,34
7,Structured+Lexicon,Logistic,inq_last_6mths,structured,0.170012,0.039044,5
7,Structured+Lexicon,Logistic,int_rate,structured,0.47868,0.10993,1
7,Structured+Lexicon,Logistic,loan_amnt,structured,0.082958,0.019052,10
7,Structured+Lexicon,Logistic,mo_sin_old_il_acct,structured,0.0,0.0,125
7,Structured+Lexicon,Logistic,mo_sin_old_rev_tl_op,structured,0.0,0.0,118
7,Structured+Lexicon,Logistic,mo_sin_rcnt_rev_tl_op,structured,0.0,0.0,119
7,Structured+Lexicon,Logistic,mo_sin_rcnt_tl,structured,0.0,0.0,120
7,Structured+Lexicon,Logistic,mort_acc,structured,0.0,0.0,121
7,Structured+Lexicon,Logistic,mths_since_last_delinq,structured,0.071318,0.016378,14
7,Structured+Lexicon,Logistic,mths_since_last_major_derog,structured,0.0,0.0,122
7,Structured+Lexicon,Logistic,mths_since_last_record,structured,0.068283,0.015681,16
7,Structured+Lexicon,Logistic,mths_since_recent_bc,structured,0.0,0.0,123
7,Structured+Lexicon,Logistic,mths_since_recent_bc_dlq,structured,0.0,0.0,111
7,Structured+Lexicon,Logistic,mths_since_recent_inq,structured,0.0,0.0,124
7,Structured+Lexicon,Logistic,mths_since_recent_revol_delinq,structured,0.0,0.0,115
7,Structured+Lexicon,Logistic,num_accts_ever_120_pd,structured,0.0,0.0,114
7,Structured+Lexicon,Logistic,num_actv_bc_tl,structured,0.0,0.0,117
7,Structured+Lexicon,Logistic,num_actv_rev_tl,structured,0.0,0.0,116
7,Structured+Lexicon,Logistic,num_bc_sats,structured,0.0,0.0,113
7,Structured+Lexicon,Logistic,num_bc_tl,structured,0.0,0.0,112
7,Structured+Lexicon,Logistic,num_il_tl,structured,0.0,0.0,102
7,Structured+Lexicon,Logistic,num_op_rev_tl,structured,0.0,0.0,103
7,Structured+Lexicon,Logistic,num_rev_accts,structured,0.0,0.0,104
7,Structured+Lexicon,Logistic,num_tl_120dpd_2m,structured,0.0,0.0,105
7,Structured+Lexicon,Logistic,num_tl_30dpd,structured,0.0,0.0,106
7,Structured+Lexicon,Logistic,num_tl_90g_dpd_24m,structured,0.0,0.0,107
7,Structured+Lexicon,Logistic,num_tl_op_past_12m,structured,0.0,0.0,108
7,Structured+Lexicon,Logistic,open_acc,structured,0.018297,0.004202,55
7,Structured+Lexicon,Logistic,pct_tl_nvr_dlq,structured,0.0,0.0,109
7,Structured+Lexicon,Logistic,percent_bc_gt_75,structured,0.0,0.0,100
7,Structured+Lexicon,Logistic,pub_rec,structured,0.004125,0.000947,81
7,Structured+Lexicon,Logistic,pub_rec_bankruptcies,structured,0.008239,0.001892,71
7,Structured+Lexicon,Logistic,revol_bal,structured,0.066523,0.015277,18
7,Structured+Lexicon,Logistic,revol_util,structured,0.153738,0.035306,7
7,Structured+Lexicon,Logistic,tax_liens,structured,0.0,0.0,110
7,Structured+Lexicon,Logistic,term,structured,0.311942,0.071638,3
7,Structured+Lexicon,Logistic,tot_coll_amt,structured,0.0,0.0,94
7,Structured+Lexicon,Logistic,tot_cur_bal,structured,0.0,0.0,95
7,Structured+Lexicon,Logistic,total_acc,structured,0.043895,0.010081,29
7,Structured+Lexicon,Logistic,total_bal_ex_mort,structured,0.0,0.0,96
7,Structured+Lexicon,Logistic,total_bc_limit,structured,0.0,0.0,97
7,Structured+Lexicon,Logistic,total_il_high_credit_limit,structured,0.0,0.0,99
7,Structured+Lexicon,Logistic,total_rev_hi_lim,structured,0.0,0.0,98
7,Structured+Lexicon,Logistic,fico_midpoint,structured,0.197973,0.045465,4
7,Structured+Lexicon,Logistic,credit_history_months,structured,0.074812,0.017181,13
7,Structured+Lexicon,Logistic,initial_list_status_w,structured,0.0,0.0,101
7,Structured+Lexicon,Logistic,addr_state_AL,structured,0.023595,0.005419,47
7,Structured+Lexicon,Logistic,addr_state_AR,structured,0.037443,0.008599,35
7,Structured+Lexicon,Logistic,addr_state_AZ,structured,0.014971,0.003438,59
7,Structured+Lexicon,Logistic,addr_state_CA,structured,0.066893,0.015362,17
7,Structured+Lexicon,Logistic,addr_state_CO,structured,0.020793,0.004775,52
7,Structured+Lexicon,Logistic,addr_state_CT,structured,0.028245,0.006487,39
7,Structured+Lexicon,Logistic,addr_state_DC,structured,0.07758,0.017816,12
7,Structured+Lexicon,Logistic,addr_state_DE,structured,0.020077,0.004611,53
7,Structured+Lexicon,Logistic,addr_state_FL,structured,0.045574,0.010466,28
7,Structured+Lexicon,Logistic,addr_state_GA,structured,0.01966,0.004515,54
7,Structured+Lexicon,Logistic,addr_state_HI,structured,0.012318,0.002829,64
7,Structured+Lexicon,Logistic,addr_state_IA,structured,0.021771,0.005,51
7,Structured+Lexicon,Logistic,addr_state_ID,structured,0.0,0.0,89
7,Structured+Lexicon,Logistic,addr_state_IL,structured,0.04304,0.009884,30
7,Structured+Lexicon,Logistic,addr_state_IN,structured,0.0,0.0,91
7,Structured+Lexicon,Logistic,addr_state_KS,structured,0.024711,0.005675,44
7,Structured+Lexicon,Logistic,addr_state_KY,structured,0.015552,0.003572,57
7,Structured+Lexicon,Logistic,addr_state_LA,structured,0.006312,0.00145,77
7,Structured+Lexicon,Logistic,addr_state_MA,structured,0.022122,0.00508,50
7,Structured+Lexicon,Logistic,addr_state_MD,structured,0.006764,0.001553,74
7,Structured+Lexicon,Logistic,addr_state_MI,structured,0.011592,0.002662,66
7,Structured+Lexicon,Logistic,addr_state_MN,structured,0.010495,0.00241,69
7,Structured+Lexicon,Logistic,addr_state_MO,structured,0.009171,0.002106,70
7,Structured+Lexicon,Logistic,addr_state_MS,structured,0.034891,0.008013,36
7,Structured+Lexicon,Logistic,addr_state_MT,structured,0.025533,0.005864,43
7,Structured+Lexicon,Logistic,addr_state_NC,structured,0.005104,0.001172,79
7,Structured+Lexicon,Logistic,addr_state_NE,structured,0.0,0.0,92
7,Structured+Lexicon,Logistic,addr_state_NH,structured,0.001201,0.000276,85
7,Structured+Lexicon,Logistic,addr_state_NJ,structured,0.014817,0.003403,60
7,Structured+Lexicon,Logistic,addr_state_NM,structured,0.023794,0.005464,46
7,Structured+Lexicon,Logistic,addr_state_NV,structured,0.040141,0.009218,32
7,Structured+Lexicon,Logistic,addr_state_NY,structured,0.001967,0.000452,82
7,Structured+Lexicon,Logistic,addr_state_OH,structured,0.041666,0.009569,31
7,Structured+Lexicon,Logistic,addr_state_OK,structured,0.028128,0.00646,40
7,Structured+Lexicon,Logistic,addr_state_OR,structured,0.006962,0.001599,73
7,Structured+Lexicon,Logistic,addr_state_PA,structured,0.050243,0.011539,25
7,Structured+Lexicon,Logistic,addr_state_RI,structured,0.001319,0.000303,83
7,Structured+Lexicon,Logistic,addr_state_SC,structured,0.000194,4.4e-05,88
7,Structured+Lexicon,Logistic,addr_state_SD,structured,0.013233,0.003039,62
7,Structured+Lexicon,Logistic,addr_state_TN,structured,0.0,0.0,93
7,Structured+Lexicon,Logistic,addr_state_TX,structured,0.057051,0.013102,21
7,Structured+Lexicon,Logistic,addr_state_UT,structured,0.023318,0.005355,48
7,Structured+Lexicon,Logistic,addr_state_VA,structured,0.034102,0.007832,38
7,Structured+Lexicon,Logistic,addr_state_VT,structured,0.011046,0.002537,67
7,Structured+Lexicon,Logistic,addr_state_WA,structured,0.000378,8.7e-05,86
7,Structured+Lexicon,Logistic,addr_state_WI,structured,0.015397,0.003536,58
7,Structured+Lexicon,Logistic,addr_state_WV,structured,0.022235,0.005106,49
7,Structured+Lexicon,Logistic,addr_state_WY,structured,0.079905,0.01835,11
7,Structured+Lexicon,Logistic,purpose_credit_card,structured,0.001263,0.00029,84
7,Structured+Lexicon,Logistic,purpose_debt_consolidation,structured,0.132125,0.030343,9
7,Structured+Lexicon,Logistic,purpose_educational,structured,0.027507,0.006317,41
7,Structured+Lexicon,Logistic,purpose_home_improvement,structured,0.045677,0.01049,27
7,Structured+Lexicon,Logistic,purpose_house,structured,0.024434,0.005611,45
7,Structured+Lexicon,Logistic,purpose_major_purchase,structured,0.025702,0.005903,42
7,Structured+Lexicon,Logistic,purpose_medical,structured,0.051369,0.011797,24
7,Structured+Lexicon,Logistic,purpose_moving,structured,0.068493,0.01573,15
7,Structured+Lexicon,Logistic,purpose_other,structured,0.13332,0.030617,8
7,Structured+Lexicon,Logistic,purpose_renewable_energy,structured,0.051771,0.011889,23
7,Structured+Lexicon,Logistic,purpose_vacation,structured,0.054352,0.012482,22
7,Structured+Lexicon,Logistic,purpose_wedding,structured,0.007167,0.001646,72
7,Structured+Lexicon,Logistic,home_ownership_NONE,structured,0.0,0.0,90
7,Structured+Lexicon,Logistic,home_ownership_OTHER,structured,0.062982,0.014464,19
7,Structured+Lexicon,Logistic,home_ownership_OWN,structured,0.014015,0.003219,61
7,Structured+Lexicon,Logistic,home_ownership_RENT,structured,0.006595,0.001515,75
7,Structured+Lexicon,Logistic,verification_status_Source Verified,structured,0.01053,0.002418,68
7,Structured+Lexicon,Logistic,verification_status_Verified,structured,0.004143,0.000951,80
7,Structured+Lexicon,Logistic,grade_ord,structured,0.034831,0.007999,37
7,Structured+Lexicon,Logistic,sub_grade_ord,structured,0.167786,0.038532,6
7,Structured+Lexicon,Logistic,risk_word_count,lexicon,0.038948,0.008944,33
7,Structured+Lexicon,Logistic,risk_word_density,lexicon,0.0166,0.003812,56
7,Structured+Lexicon,Logistic,risk_word_flag,lexicon,0.006321,0.001452,76
7,Structured+Lexicon,Logistic,distress_debt_pressure_count,lexicon,0.059978,0.013774,20
7,Structured+Lexicon,Logistic,distress_liquidity_shortage_count,lexicon,0.005796,0.001331,78
7,Structured+Lexicon,Logistic,distress_medical_life_shock_count,lexicon,0.047537,0.010917,26
7,Structured+Lexicon,Logistic,distress_refinancing_burden_count,lexicon,0.000316,7.3e-05,87
7,Structured+Lexicon,XGBoost,acc_now_delinq,structured,0.0,0.0,133
7,Structured+Lexicon,XGBoost,acc_open_past_24mths,structured,0.0,0.0,132
7,Structured+Lexicon,XGBoost,annual_inc,structured,46.943211,0.022598,3
7,Structured+Lexicon,XGBoost,avg_cur_bal,structured,0.0,0.0,131
7,Structured+Lexicon,XGBoost,bc_open_to_buy,structured,0.0,0.0,130
7,Structured+Lexicon,XGBoost,bc_util,structured,0.0,0.0,128
7,Structured+Lexicon,XGBoost,chargeoff_within_12_mths,structured,0.0,0.0,129
7,Structured+Lexicon,XGBoost,collections_12_mths_ex_med,structured,0.0,0.0,127
7,Structured+Lexicon,XGBoost,delinq_2yrs,structured,17.689735,0.008516,71
7,Structured+Lexicon,XGBoost,delinq_amnt,structured,0.0,0.0,126
7,Structured+Lexicon,XGBoost,dti,structured,21.825323,0.010506,43
7,Structured+Lexicon,XGBoost,emp_length,structured,22.70713,0.010931,36
7,Structured+Lexicon,XGBoost,inq_last_6mths,structured,38.94495,0.018748,4
7,Structured+Lexicon,XGBoost,int_rate,structured,138.521637,0.066682,1
7,Structured+Lexicon,XGBoost,loan_amnt,structured,22.845783,0.010998,35
7,Structured+Lexicon,XGBoost,mo_sin_old_il_acct,structured,0.0,0.0,125
7,Structured+Lexicon,XGBoost,mo_sin_old_rev_tl_op,structured,0.0,0.0,118
7,Structured+Lexicon,XGBoost,mo_sin_rcnt_rev_tl_op,structured,0.0,0.0,119
7,Structured+Lexicon,XGBoost,mo_sin_rcnt_tl,structured,0.0,0.0,120
7,Structured+Lexicon,XGBoost,mort_acc,structured,0.0,0.0,121
7,Structured+Lexicon,XGBoost,mths_since_last_delinq,structured,24.613937,0.011849,27
7,Structured+Lexicon,XGBoost,mths_since_last_major_derog,structured,0.0,0.0,122
7,Structured+Lexicon,XGBoost,mths_since_last_record,structured,27.72459,0.013346,14
7,Structured+Lexicon,XGBoost,mths_since_recent_bc,structured,0.0,0.0,123
7,Structured+Lexicon,XGBoost,mths_since_recent_bc_dlq,structured,0.0,0.0,111
7,Structured+Lexicon,XGBoost,mths_since_recent_inq,structured,0.0,0.0,124
7,Structured+Lexicon,XGBoost,mths_since_recent_revol_delinq,structured,0.0,0.0,115
7,Structured+Lexicon,XGBoost,num_accts_ever_120_pd,structured,0.0,0.0,114
7,Structured+Lexicon,XGBoost,num_actv_bc_tl,structured,0.0,0.0,117
7,Structured+Lexicon,XGBoost,num_actv_rev_tl,structured,0.0,0.0,116
7,Structured+Lexicon,XGBoost,num_bc_sats,structured,0.0,0.0,113
7,Structured+Lexicon,XGBoost,num_bc_tl,structured,0.0,0.0,112
7,Structured+Lexicon,XGBoost,num_il_tl,structured,0.0,0.0,102
7,Structured+Lexicon,XGBoost,num_op_rev_tl,structured,0.0,0.0,103
7,Structured+Lexicon,XGBoost,num_rev_accts,structured,0.0,0.0,104
7,Structured+Lexicon,XGBoost,num_tl_120dpd_2m,structured,0.0,0.0,105
7,Structured+Lexicon,XGBoost,num_tl_30dpd,structured,0.0,0.0,106
7,Structured+Lexicon,XGBoost,num_tl_90g_dpd_24m,structured,0.0,0.0,107
7,Structured+Lexicon,XGBoost,num_tl_op_past_12m,structured,0.0,0.0,108
7,Structured+Lexicon,XGBoost,open_acc,structured,21.868113,0.010527,42
7,Structured+Lexicon,XGBoost,pct_tl_nvr_dlq,structured,0.0,0.0,109
7,Structured+Lexicon,XGBoost,percent_bc_gt_75,structured,0.0,0.0,100
7,Structured+Lexicon,XGBoost,pub_rec,structured,18.052685,0.00869,69
7,Structured+Lexicon,XGBoost,pub_rec_bankruptcies,structured,25.543085,0.012296,17
7,Structured+Lexicon,XGBoost,revol_bal,structured,24.050644,0.011578,28
7,Structured+Lexicon,XGBoost,revol_util,structured,29.990156,0.014437,10
7,Structured+Lexicon,XGBoost,tax_liens,structured,0.0,0.0,110
7,Structured+Lexicon,XGBoost,term,structured,119.494942,0.057523,2
7,Structured+Lexicon,XGBoost,tot_coll_amt,structured,0.0,0.0,94
7,Structured+Lexicon,XGBoost,tot_cur_bal,structured,0.0,0.0,95
7,Structured+Lexicon,XGBoost,total_acc,structured,23.023512,0.011083,33
7,Structured+Lexicon,XGBoost,total_bal_ex_mort,structured,0.0,0.0,96
7,Structured+Lexicon,XGBoost,total_bc_limit,structured,0.0,0.0,97
7,Structured+Lexicon,XGBoost,total_il_high_credit_limit,structured,0.0,0.0,99
7,Structured+Lexicon,XGBoost,total_rev_hi_lim,structured,0.0,0.0,98
7,Structured+Lexicon,XGBoost,fico_midpoint,structured,31.233526,0.015035,9
7,Structured+Lexicon,XGBoost,credit_history_months,structured,24.73337,0.011906,25
7,Structured+Lexicon,XGBoost,initial_list_status_w,structured,0.0,0.0,101
7,Structured+Lexicon,XGBoost,addr_state_AL,structured,19.754717,0.00951,58
7,Structured+Lexicon,XGBoost,addr_state_AR,structured,21.450306,0.010326,46
7,Structured+Lexicon,XGBoost,addr_state_AZ,structured,16.813837,0.008094,74
7,Structured+Lexicon,XGBoost,addr_state_CA,structured,31.960962,0.015386,8
7,Structured+Lexicon,XGBoost,addr_state_CO,structured,18.141891,0.008733,67
7,Structured+Lexicon,XGBoost,addr_state_CT,structured,23.163305,0.01115,31
7,Structured+Lexicon,XGBoost,addr_state_DC,structured,28.222004,0.013586,13
7,Structured+Lexicon,XGBoost,addr_state_DE,structured,13.438947,0.006469,79
7,Structured+Lexicon,XGBoost,addr_state_FL,structured,25.208212,0.012135,21
7,Structured+Lexicon,XGBoost,addr_state_GA,structured,21.032652,0.010125,50
7,Structured+Lexicon,XGBoost,addr_state_HI,structured,10.781099,0.00519,83
7,Structured+Lexicon,XGBoost,addr_state_IA,structured,0.0,0.0,87
7,Structured+Lexicon,XGBoost,addr_state_ID,structured,0.0,0.0,86
7,Structured+Lexicon,XGBoost,addr_state_IL,structured,19.927492,0.009593,56
7,Structured+Lexicon,XGBoost,addr_state_IN,structured,0.0,0.0,88
7,Structured+Lexicon,XGBoost,addr_state_KS,structured,20.82366,0.010024,52
7,Structured+Lexicon,XGBoost,addr_state_KY,structured,22.9652,0.011055,34
7,Structured+Lexicon,XGBoost,addr_state_LA,structured,22.143229,0.010659,41
7,Structured+Lexicon,XGBoost,addr_state_MA,structured,16.067478,0.007735,76
7,Structured+Lexicon,XGBoost,addr_state_MD,structured,21.073128,0.010144,49
7,Structured+Lexicon,XGBoost,addr_state_MI,structured,17.622318,0.008483,72
7,Structured+Lexicon,XGBoost,addr_state_MN,structured,19.663527,0.009466,59
7,Structured+Lexicon,XGBoost,addr_state_MO,structured,21.601908,0.010399,44
7,Structured+Lexicon,XGBoost,addr_state_MS,structured,0.0,0.0,89
7,Structured+Lexicon,XGBoost,addr_state_MT,structured,18.401829,0.008858,66
7,Structured+Lexicon,XGBoost,addr_state_NC,structured,21.169291,0.010191,47
7,Structured+Lexicon,XGBoost,addr_state_NE,structured,0.0,0.0,90
7,Structured+Lexicon,XGBoost,addr_state_NH,structured,25.45495,0.012254,19
7,Structured+Lexicon,XGBoost,addr_state_NJ,structured,20.138741,0.009694,53
7,Structured+Lexicon,XGBoost,addr_state_NM,structured,19.332455,0.009306,60
7,Structured+Lexicon,XGBoost,addr_state_NV,structured,23.780996,0.011448,30
7,Structured+Lexicon,XGBoost,addr_state_NY,structured,22.230452,0.010701,40
7,Structured+Lexicon,XGBoost,addr_state_OH,structured,18.884737,0.009091,64
7,Structured+Lexicon,XGBoost,addr_state_OK,structured,18.648819,0.008977,65
7,Structured+Lexicon,XGBoost,addr_state_OR,structured,19.102531,0.009196,63
7,Structured+Lexicon,XGBoost,addr_state_PA,structured,19.326033,0.009303,61
7,Structured+Lexicon,XGBoost,addr_state_RI,structured,0.0,0.0,91
7,Structured+Lexicon,XGBoost,addr_state_SC,structured,27.384008,0.013182,15
7,Structured+Lexicon,XGBoost,addr_state_SD,structured,0.0,0.0,93
7,Structured+Lexicon,XGBoost,addr_state_TN,structured,0.0,0.0,92
7,Structured+Lexicon,XGBoost,addr_state_TX,structured,29.613394,0.014255,11
7,Structured+Lexicon,XGBoost,addr_state_UT,structured,19.210264,0.009248,62
7,Structured+Lexicon,XGBoost,addr_state_VA,structured,18.073433,0.0087,68
7,Structured+Lexicon,XGBoost,addr_state_VT,structured,21.019836,0.010119,51
7,Structured+Lexicon,XGBoost,addr_state_WA,structured,25.537054,0.012293,18
7,Structured+Lexicon,XGBoost,addr_state_WI,structured,14.323435,0.006895,77
7,Structured+Lexicon,XGBoost,addr_state_WV,structured,21.460541,0.010331,45
7,Structured+Lexicon,XGBoost,addr_state_WY,structured,23.890118,0.0115,29
7,Structured+Lexicon,XGBoost,purpose_credit_card,structured,38.175167,0.018377,5
7,Structured+Lexicon,XGBoost,purpose_debt_consolidation,structured,24.655472,0.011869,26
7,Structured+Lexicon,XGBoost,purpose_educational,structured,13.434658,0.006467,80
7,Structured+Lexicon,XGBoost,purpose_home_improvement,structured,22.706551,0.010931,37
7,Structured+Lexicon,XGBoost,purpose_house,structured,11.373304,0.005475,81
7,Structured+Lexicon,XGBoost,purpose_major_purchase,structured,24.91618,0.011994,23
7,Structured+Lexicon,XGBoost,purpose_medical,structured,22.423025,0.010794,38
7,Structured+Lexicon,XGBoost,purpose_moving,structured,25.119894,0.012092,22
7,Structured+Lexicon,XGBoost,purpose_other,structured,28.469595,0.013705,12
7,Structured+Lexicon,XGBoost,purpose_renewable_energy,structured,24.864651,0.011969,24
7,Structured+Lexicon,XGBoost,purpose_vacation,structured,16.103453,0.007752,75
7,Structured+Lexicon,XGBoost,purpose_wedding,structured,25.405224,0.01223,20
7,Structured+Lexicon,XGBoost,home_ownership_NONE,structured,0.0,0.0,85
7,Structured+Lexicon,XGBoost,home_ownership_OTHER,structured,10.935386,0.005264,82
7,Structured+Lexicon,XGBoost,home_ownership_OWN,structured,19.800322,0.009532,57
7,Structured+Lexicon,XGBoost,home_ownership_RENT,structured,19.956045,0.009607,55
7,Structured+Lexicon,XGBoost,verification_status_Source Verified,structured,17.777452,0.008558,70
7,Structured+Lexicon,XGBoost,verification_status_Verified,structured,21.150436,0.010182,48
7,Structured+Lexicon,XGBoost,grade_ord,structured,20.081076,0.009667,54
7,Structured+Lexicon,XGBoost,sub_grade_ord,structured,34.3657,0.016543,6
7,Structured+Lexicon,XGBoost,risk_word_count,lexicon,27.32431,0.013154,16
7,Structured+Lexicon,XGBoost,risk_word_density,lexicon,23.066284,0.011104,32
7,Structured+Lexicon,XGBoost,risk_word_flag,lexicon,0.0,0.0,84
7,Structured+Lexicon,XGBoost,distress_debt_pressure_count,lexicon,32.837959,0.015808,7
7,Structured+Lexicon,XGBoost,distress_liquidity_shortage_count,lexicon,17.110949,0.008237,73
7,Structured+Lexicon,XGBoost,distress_medical_life_shock_count,lexicon,22.325211,0.010747,39
7,Structured+Lexicon,XGBoost,distress_refinancing_burden_count,lexicon,14.314026,0.006891,78
7,Structured+Lexicon,RandomForest,acc_now_delinq,structured,0.0,0.0,133
7,Structured+Lexicon,RandomForest,acc_open_past_24mths,structured,0.0,0.0,132
7,Structured+Lexicon,RandomForest,annual_inc,structured,0.080291,0.080291,3
7,Structured+Lexicon,RandomForest,avg_cur_bal,structured,0.0,0.0,131
7,Structured+Lexicon,RandomForest,bc_open_to_buy,structured,0.0,0.0,130
7,Structured+Lexicon,RandomForest,bc_util,structured,0.0,0.0,128
7,Structured+Lexicon,RandomForest,chargeoff_within_12_mths,structured,0.0,0.0,129
7,Structured+Lexicon,RandomForest,collections_12_mths_ex_med,structured,0.0,0.0,127
7,Structured+Lexicon,RandomForest,delinq_2yrs,structured,0.003038,0.003038,31
7,Structured+Lexicon,RandomForest,delinq_amnt,structured,0.0,0.0,126
7,Structured+Lexicon,RandomForest,dti,structured,0.049446,0.049446,8
7,Structured+Lexicon,RandomForest,emp_length,structured,0.026365,0.026365,14
7,Structured+Lexicon,RandomForest,inq_last_6mths,structured,0.023305,0.023305,16
7,Structured+Lexicon,RandomForest,int_rate,structured,0.114391,0.114391,1
7,Structured+Lexicon,RandomForest,loan_amnt,structured,0.043252,0.043252,11
7,Structured+Lexicon,RandomForest,mo_sin_old_il_acct,structured,0.0,0.0,125
7,Structured+Lexicon,RandomForest,mo_sin_old_rev_tl_op,structured,0.0,0.0,118
7,Structured+Lexicon,RandomForest,mo_sin_rcnt_rev_tl_op,structured,0.0,0.0,119
7,Structured+Lexicon,RandomForest,mo_sin_rcnt_tl,structured,0.0,0.0,120
7,Structured+Lexicon,RandomForest,mort_acc,structured,0.0,0.0,121
7,Structured+Lexicon,RandomForest,mths_since_last_delinq,structured,0.02198,0.02198,17
7,Structured+Lexicon,RandomForest,mths_since_last_major_derog,structured,0.0,0.0,122
7,Structured+Lexicon,RandomForest,mths_since_last_record,structured,0.004633,0.004633,28
7,Structured+Lexicon,RandomForest,mths_since_recent_bc,structured,0.0,0.0,123
7,Structured+Lexicon,RandomForest,mths_since_recent_bc_dlq,structured,0.0,0.0,111
7,Structured+Lexicon,RandomForest,mths_since_recent_inq,structured,0.0,0.0,124
7,Structured+Lexicon,RandomForest,mths_since_recent_revol_delinq,structured,0.0,0.0,115
7,Structured+Lexicon,RandomForest,num_accts_ever_120_pd,structured,0.0,0.0,114
7,Structured+Lexicon,RandomForest,num_actv_bc_tl,structured,0.0,0.0,117
7,Structured+Lexicon,RandomForest,num_actv_rev_tl,structured,0.0,0.0,116
7,Structured+Lexicon,RandomForest,num_bc_sats,structured,0.0,0.0,113
7,Structured+Lexicon,RandomForest,num_bc_tl,structured,0.0,0.0,112
7,Structured+Lexicon,RandomForest,num_il_tl,structured,0.0,0.0,102
7,Structured+Lexicon,RandomForest,num_op_rev_tl,structured,0.0,0.0,103
7,Structured+Lexicon,RandomForest,num_rev_accts,structured,0.0,0.0,104
7,Structured+Lexicon,RandomForest,num_tl_120dpd_2m,structured,0.0,0.0,105
7,Structured+Lexicon,RandomForest,num_tl_30dpd,structured,0.0,0.0,106
7,Structured+Lexicon,RandomForest,num_tl_90g_dpd_24m,structured,0.0,0.0,107
7,Structured+Lexicon,RandomForest,num_tl_op_past_12m,structured,0.0,0.0,108
7,Structured+Lexicon,RandomForest,open_acc,structured,0.027165,0.027165,13
7,Structured+Lexicon,RandomForest,pct_tl_nvr_dlq,structured,0.0,0.0,109
7,Structured+Lexicon,RandomForest,percent_bc_gt_75,structured,0.0,0.0,100
7,Structured+Lexicon,RandomForest,pub_rec,structured,0.002939,0.002939,32
7,Structured+Lexicon,RandomForest,pub_rec_bankruptcies,structured,0.002514,0.002514,34
7,Structured+Lexicon,RandomForest,revol_bal,structured,0.048034,0.048034,9
7,Structured+Lexicon,RandomForest,revol_util,structured,0.060701,0.060701,5
7,Structured+Lexicon,RandomForest,tax_liens,structured,0.0,0.0,110
7,Structured+Lexicon,RandomForest,term,structured,0.056595,0.056595,6
7,Structured+Lexicon,RandomForest,tot_coll_amt,structured,0.0,0.0,94
7,Structured+Lexicon,RandomForest,tot_cur_bal,structured,0.0,0.0,95
7,Structured+Lexicon,RandomForest,total_acc,structured,0.035771,0.035771,12
7,Structured+Lexicon,RandomForest,total_bal_ex_mort,structured,0.0,0.0,96
7,Structured+Lexicon,RandomForest,total_bc_limit,structured,0.0,0.0,97
7,Structured+Lexicon,RandomForest,total_il_high_credit_limit,structured,0.0,0.0,99
7,Structured+Lexicon,RandomForest,total_rev_hi_lim,structured,0.0,0.0,98
7,Structured+Lexicon,RandomForest,fico_midpoint,structured,0.056037,0.056037,7
7,Structured+Lexicon,RandomForest,credit_history_months,structured,0.04617,0.04617,10
7,Structured+Lexicon,RandomForest,initial_list_status_w,structured,0.0,0.0,101
7,Structured+Lexicon,RandomForest,addr_state_AL,structured,0.000146,0.000146,64
7,Structured+Lexicon,RandomForest,addr_state_AR,structured,5.5e-05,5.5e-05,73
7,Structured+Lexicon,RandomForest,addr_state_AZ,structured,0.000481,0.000481,50
7,Structured+Lexicon,RandomForest,addr_state_CA,structured,0.004841,0.004841,25
7,Structured+Lexicon,RandomForest,addr_state_CO,structured,0.000284,0.000284,60
7,Structured+Lexicon,RandomForest,addr_state_CT,structured,0.000326,0.000326,57
7,Structured+Lexicon,RandomForest,addr_state_DC,structured,0.000367,0.000367,55
7,Structured+Lexicon,RandomForest,addr_state_DE,structured,1.2e-05,1.2e-05,82
7,Structured+Lexicon,RandomForest,addr_state_FL,structured,0.002718,0.002718,33
7,Structured+Lexicon,RandomForest,addr_state_GA,structured,0.001016,0.001016,42
7,Structured+Lexicon,RandomForest,addr_state_HI,structured,2.6e-05,2.6e-05,78
7,Structured+Lexicon,RandomForest,addr_state_IA,structured,0.0,0.0,87
7,Structured+Lexicon,RandomForest,addr_state_ID,structured,0.0,0.0,86
7,Structured+Lexicon,RandomForest,addr_state_IL,structured,0.001118,0.001118,40
7,Structured+Lexicon,RandomForest,addr_state_IN,structured,0.0,0.0,88
7,Structured+Lexicon,RandomForest,addr_state_KS,structured,0.000121,0.000121,68
7,Structured+Lexicon,RandomForest,addr_state_KY,structured,6.1e-05,6.1e-05,72
7,Structured+Lexicon,RandomForest,addr_state_LA,structured,0.000153,0.000153,63
7,Structured+Lexicon,RandomForest,addr_state_MA,structured,0.000921,0.000921,45
7,Structured+Lexicon,RandomForest,addr_state_MD,structured,0.000428,0.000428,51
7,Structured+Lexicon,RandomForest,addr_state_MI,structured,0.000293,0.000293,59
7,Structured+Lexicon,RandomForest,addr_state_MN,structured,0.000202,0.000202,62
7,Structured+Lexicon,RandomForest,addr_state_MO,structured,0.000297,0.000297,58
7,Structured+Lexicon,RandomForest,addr_state_MS,structured,0.0,0.0,89
7,Structured+Lexicon,RandomForest,addr_state_MT,structured,8e-06,8e-06,83
7,Structured+Lexicon,RandomForest,addr_state_NC,structured,0.00035,0.00035,56
7,Structured+Lexicon,RandomForest,addr_state_NE,structured,0.0,0.0,90
7,Structured+Lexicon,RandomForest,addr_state_NH,structured,1.6e-05,1.6e-05,79
7,Structured+Lexicon,RandomForest,addr_state_NJ,structured,0.001066,0.001066,41
7,Structured+Lexicon,RandomForest,addr_state_NM,structured,9.2e-05,9.2e-05,70
7,Structured+Lexicon,RandomForest,addr_state_NV,structured,0.000377,0.000377,53
7,Structured+Lexicon,RandomForest,addr_state_NY,structured,0.002281,0.002281,36
7,Structured+Lexicon,RandomForest,addr_state_OH,structured,0.000608,0.000608,48
7,Structured+Lexicon,RandomForest,addr_state_OK,structured,4.4e-05,4.4e-05,76
7,Structured+Lexicon,RandomForest,addr_state_OR,structured,0.000138,0.000138,67
7,Structured+Lexicon,RandomForest,addr_state_PA,structured,0.000967,0.000967,43
7,Structured+Lexicon,RandomForest,addr_state_RI,structured,1.4e-05,1.4e-05,80
7,Structured+Lexicon,RandomForest,addr_state_SC,structured,0.000141,0.000141,66
7,Structured+Lexicon,RandomForest,addr_state_SD,structured,6e-06,6e-06,84
7,Structured+Lexicon,RandomForest,addr_state_TN,structured,0.0,0.0,93
7,Structured+Lexicon,RandomForest,addr_state_TX,structured,0.002396,0.002396,35
7,Structured+Lexicon,RandomForest,addr_state_UT,structured,7.2e-05,7.2e-05,71
7,Structured+Lexicon,RandomForest,addr_state_VA,structured,0.00083,0.00083,47
7,Structured+Lexicon,RandomForest,addr_state_VT,structured,0.0,0.0,92
7,Structured+Lexicon,RandomForest,addr_state_WA,structured,0.00052,0.00052,49
7,Structured+Lexicon,RandomForest,addr_state_WI,structured,0.000146,0.000146,65
7,Structured+Lexicon,RandomForest,addr_state_WV,structured,3.3e-05,3.3e-05,77
7,Structured+Lexicon,RandomForest,addr_state_WY,structured,5e-05,5e-05,74
7,Structured+Lexicon,RandomForest,purpose_credit_card,structured,0.006459,0.006459,22
7,Structured+Lexicon,RandomForest,purpose_debt_consolidation,structured,0.007852,0.007852,20
7,Structured+Lexicon,RandomForest,purpose_educational,structured,1.4e-05,1.4e-05,81
7,Structured+Lexicon,RandomForest,purpose_home_improvement,structured,0.002082,0.002082,37
7,Structured+Lexicon,RandomForest,purpose_house,structured,0.000118,0.000118,69
7,Structured+Lexicon,RandomForest,purpose_major_purchase,structured,0.001766,0.001766,38
7,Structured+Lexicon,RandomForest,purpose_medical,structured,0.000368,0.000368,54
7,Structured+Lexicon,RandomForest,purpose_moving,structured,0.000958,0.000958,44
7,Structured+Lexicon,RandomForest,purpose_other,structured,0.003329,0.003329,29
7,Structured+Lexicon,RandomForest,purpose_renewable_energy,structured,5e-05,5e-05,75
7,Structured+Lexicon,RandomForest,purpose_vacation,structured,0.000228,0.000228,61
7,Structured+Lexicon,RandomForest,purpose_wedding,structured,0.000878,0.000878,46
7,Structured+Lexicon,RandomForest,home_ownership_NONE,structured,0.0,0.0,85
7,Structured+Lexicon,RandomForest,home_ownership_OTHER,structured,0.0,0.0,91
7,Structured+Lexicon,RandomForest,home_ownership_OWN,structured,0.001761,0.001761,39
7,Structured+Lexicon,RandomForest,home_ownership_RENT,structured,0.007848,0.007848,21
7,Structured+Lexicon,RandomForest,verification_status_Source Verified,structured,0.005857,0.005857,24
7,Structured+Lexicon,RandomForest,verification_status_Verified,structured,0.006402,0.006402,23
7,Structured+Lexicon,RandomForest,grade_ord,structured,0.062793,0.062793,4
7,Structured+Lexicon,RandomForest,sub_grade_ord,structured,0.091556,0.091556,2
7,Structured+Lexicon,RandomForest,risk_word_count,lexicon,0.017629,0.017629,18
7,Structured+Lexicon,RandomForest,risk_word_density,lexicon,0.025162,0.025162,15
7,Structured+Lexicon,RandomForest,risk_word_flag,lexicon,0.004751,0.004751,27
7,Structured+Lexicon,RandomForest,distress_debt_pressure_count,lexicon,0.01702,0.01702,19
7,Structured+Lexicon,RandomForest,distress_liquidity_shortage_count,lexicon,0.004766,0.004766,26
7,Structured+Lexicon,RandomForest,distress_medical_life_shock_count,lexicon,0.003299,0.003299,30
7,Structured+Lexicon,RandomForest,distress_refinancing_burden_count,lexicon,0.000405,0.000405,52
8,Structured,Logistic,acc_now_delinq,structured,0.0,0.0,126
8,Structured,Logistic,acc_open_past_24mths,structured,0.103684,0.021761,13
8,Structured,Logistic,annual_inc,structured,0.370109,0.077679,2
8,Structured,Logistic,avg_cur_bal,structured,0.0,0.0,125
8,Structured,Logistic,bc_open_to_buy,structured,0.249566,0.052379,4
8,Structured,Logistic,bc_util,structured,0.122107,0.025628,12
8,Structured,Logistic,chargeoff_within_12_mths,structured,0.0,0.0,124
8,Structured,Logistic,collections_12_mths_ex_med,structured,0.0,0.0,123
8,Structured,Logistic,delinq_2yrs,structured,0.005737,0.001204,77
8,Structured,Logistic,delinq_amnt,structured,0.0,0.0,121
8,Structured,Logistic,dti,structured,0.014511,0.003046,63
8,Structured,Logistic,emp_length,structured,0.044492,0.009338,31
8,Structured,Logistic,inq_last_6mths,structured,0.164188,0.03446,7
8,Structured,Logistic,int_rate,structured,0.457082,0.095933,1
8,Structured,Logistic,loan_amnt,structured,0.098017,0.020572,14
8,Structured,Logistic,mo_sin_old_il_acct,structured,0.0,0.0,122
8,Structured,Logistic,mo_sin_old_rev_tl_op,structured,0.0,0.0,111
8,Structured,Logistic,mo_sin_rcnt_rev_tl_op,structured,0.0,0.0,112
8,Structured,Logistic,mo_sin_rcnt_tl,structured,0.0,0.0,113
8,Structured,Logistic,mort_acc,structured,0.019155,0.00402,53
8,Structured,Logistic,mths_since_last_delinq,structured,0.062226,0.01306,22
8,Structured,Logistic,mths_since_last_major_derog,structured,0.0,0.0,114
8,Structured,Logistic,mths_since_last_record,structured,0.055009,0.011545,26
8,Structured,Logistic,mths_since_recent_bc,structured,0.154479,0.032422,8
8,Structured,Logistic,mths_since_recent_bc_dlq,structured,0.0,0.0,118
8,Structured,Logistic,mths_since_recent_inq,structured,0.067406,0.014147,19
8,Structured,Logistic,mths_since_recent_revol_delinq,structured,0.022008,0.004619,46
8,Structured,Logistic,num_accts_ever_120_pd,structured,0.0,0.0,117
8,Structured,Logistic,num_actv_bc_tl,structured,0.0,0.0,115
8,Structured,Logistic,num_actv_rev_tl,structured,0.0,0.0,116
8,Structured,Logistic,num_bc_sats,structured,0.0,0.0,119
8,Structured,Logistic,num_bc_tl,structured,0.0,0.0,120
8,Structured,Logistic,num_il_tl,structured,0.0,0.0,97
8,Structured,Logistic,num_op_rev_tl,structured,0.0,0.0,98
8,Structured,Logistic,num_rev_accts,structured,0.0,0.0,101
8,Structured,Logistic,num_tl_120dpd_2m,structured,0.0,0.0,102
8,Structured,Logistic,num_tl_30dpd,structured,0.0,0.0,99
8,Structured,Logistic,num_tl_90g_dpd_24m,structured,0.0,0.0,100
8,Structured,Logistic,num_tl_op_past_12m,structured,0.0,0.0,109
8,Structured,Logistic,open_acc,structured,0.002555,0.000536,86
8,Structured,Logistic,pct_tl_nvr_dlq,structured,0.0,0.0,110
8,Structured,Logistic,percent_bc_gt_75,structured,0.051407,0.010789,28
8,Structured,Logistic,pub_rec,structured,0.000294,6.2e-05,91
8,Structured,Logistic,pub_rec_bankruptcies,structured,0.016958,0.003559,55
8,Structured,Logistic,revol_bal,structured,0.064076,0.013448,20
8,Structured,Logistic,revol_util,structured,0.149148,0.031303,9
8,Structured,Logistic,tax_liens,structured,0.0,0.0,103
8,Structured,Logistic,term,structured,0.300431,0.063055,3
8,Structured,Logistic,tot_coll_amt,structured,0.0,0.0,108
8,Structured,Logistic,tot_cur_bal,structured,0.0,0.0,105
8,Structured,Logistic,total_acc,structured,0.032147,0.006747,37
8,Structured,Logistic,total_bal_ex_mort,structured,0.016089,0.003377,60
8,Structured,Logistic,total_bc_limit,structured,0.002018,0.000423,87
8,Structured,Logistic,total_il_high_credit_limit,structured,0.0,0.0,107
8,Structured,Logistic,total_rev_hi_lim,structured,0.0,0.0,104
8,Structured,Logistic,fico_midpoint,structured,0.194893,0.040904,5
8,Structured,Logistic,credit_history_months,structured,0.067919,0.014255,17
8,Structured,Logistic,initial_list_status_w,structured,0.0,0.0,106
8,Structured,Logistic,addr_state_AL,structured,0.016797,0.003525,57
8,Structured,Logistic,addr_state_AR,structured,0.021066,0.004421,48
8,Structured,Logistic,addr_state_AZ,structured,0.000714,0.00015,90
8,Structured,Logistic,addr_state_CA,structured,0.072778,0.015275,16
8,Structured,Logistic,addr_state_CO,structured,0.011968,0.002512,65
8,Structured,Logistic,addr_state_CT,structured,0.016554,0.003474,59
8,Structured,Logistic,addr_state_DC,structured,0.081993,0.017209,15
8,Structured,Logistic,addr_state_DE,structured,0.015146,0.003179,62
8,Structured,Logistic,addr_state_FL,structured,0.05041,0.01058,29
8,Structured,Logistic,addr_state_GA,structured,0.008931,0.001874,71
8,Structured,Logistic,addr_state_HI,structured,0.016715,0.003508,58
8,Structured,Logistic,addr_state_IA,structured,0.017676,0.00371,54
8,Structured,Logistic,addr_state_ID,structured,0.0,0.0,95
8,Structured,Logistic,addr_state_IL,structured,0.034969,0.007339,35
8,Structured,Logistic,addr_state_IN,structured,0.0,0.0,96
8,Structured,Logistic,addr_state_KS,structured,0.027412,0.005753,41
8,Structured,Logistic,addr_state_KY,structured,0.010899,0.002287,66
8,Structured,Logistic,addr_state_LA,structured,0.007654,0.001607,73
8,Structured,Logistic,addr_state_MA,structured,0.003554,0.000746,84
8,Structured,Logistic,addr_state_MD,structured,0.004121,0.000865,82
8,Structured,Logistic,addr_state_MI,structured,0.005183,0.001088,80
8,Structured,Logistic,addr_state_MN,structured,0.00408,0.000856,83
8,Structured,Logistic,addr_state_MO,structured,0.004221,0.000886,81
8,Structured,Logistic,addr_state_MS,structured,0.03125,0.006559,38
8,Structured,Logistic,addr_state_MT,structured,0.020012,0.0042,50
8,Structured,Logistic,addr_state_NC,structured,0.009148,0.00192,69
8,Structured,Logistic,addr_state_NE,structured,0.0,0.0,93
8,Structured,Logistic,addr_state_NH,structured,0.001093,0.000229,89
8,Structured,Logistic,addr_state_NJ,structured,0.0261,0.005478,42
8,Structured,Logistic,addr_state_NM,structured,0.023757,0.004986,44
8,Structured,Logistic,addr_state_NV,structured,0.041809,0.008775,33
8,Structured,Logistic,addr_state_NY,structured,0.016834,0.003533,56
8,Structured,Logistic,addr_state_OH,structured,0.035447,0.00744,34
8,Structured,Logistic,addr_state_OK,structured,0.019474,0.004087,52
8,Structured,Logistic,addr_state_OR,structured,0.008993,0.001887,70
8,Structured,Logistic,addr_state_PA,structured,0.031119,0.006531,39
8,Structured,Logistic,addr_state_RI,structured,0.00566,0.001188,78
8,Structured,Logistic,addr_state_SC,structured,0.006132,0.001287,76
8,Structured,Logistic,addr_state_SD,structured,0.005388,0.001131,79
8,Structured,Logistic,addr_state_TN,structured,0.0,0.0,94
8,Structured,Logistic,addr_state_TX,structured,0.04392,0.009218,32
8,Structured,Logistic,addr_state_UT,structured,0.019916,0.00418,51
8,Structured,Logistic,addr_state_VA,structured,0.020854,0.004377,49
8,Structured,Logistic,addr_state_VT,structured,0.021956,0.004608,47
8,Structured,Logistic,addr_state_WA,structured,0.002966,0.000622,85
8,Structured,Logistic,addr_state_WI,structured,0.006991,0.001467,74
8,Structured,Logistic,addr_state_WV,structured,0.022474,0.004717,45
8,Structured,Logistic,addr_state_WY,structured,0.057567,0.012082,25
8,Structured,Logistic,purpose_credit_card,structured,0.008286,0.001739,72
8,Structured,Logistic,purpose_debt_consolidation,structured,0.125728,0.026388,11
8,Structured,Logistic,purpose_educational,structured,0.024985,0.005244,43
8,Structured,Logistic,purpose_home_improvement,structured,0.048009,0.010076,30
8,Structured,Logistic,purpose_house,structured,0.032387,0.006797,36
8,Structured,Logistic,purpose_major_purchase,structured,0.029232,0.006135,40
8,Structured,Logistic,purpose_medical,structured,0.063049,0.013233,21
8,Structured,Logistic,purpose_moving,structured,0.067685,0.014206,18
8,Structured,Logistic,purpose_other,structured,0.136908,0.028734,10
8,Structured,Logistic,purpose_renewable_energy,structured,0.053611,0.011252,27
8,Structured,Logistic,purpose_vacation,structured,0.06081,0.012763,23
8,Structured,Logistic,purpose_wedding,structured,0.009516,0.001997,68
8,Structured,Logistic,home_ownership_NONE,structured,0.0,0.0,92
8,Structured,Logistic,home_ownership_OTHER,structured,0.060422,0.012681,24
8,Structured,Logistic,home_ownership_OWN,structured,0.015435,0.00324,61
8,Structured,Logistic,home_ownership_RENT,structured,0.00123,0.000258,88
8,Structured,Logistic,verification_status_Source Verified,structured,0.012364,0.002595,64
8,Structured,Logistic,verification_status_Verified,structured,0.010723,0.00225,67
8,Structured,Logistic,grade_ord,structured,0.006316,0.001326,75
8,Structured,Logistic,sub_grade_ord,structured,0.178511,0.037466,6
8,Structured,XGBoost,acc_now_delinq,structured,0.0,0.0,126
8,Structured,XGBoost,acc_open_past_24mths,structured,29.0294,0.012677,14
8,Structured,XGBoost,annual_inc,structured,54.751179,0.02391,4
8,Structured,XGBoost,avg_cur_bal,structured,0.0,0.0,125
8,Structured,XGBoost,bc_open_to_buy,structured,23.067463,0.010074,41
8,Structured,XGBoost,bc_util,structured,23.622696,0.010316,37
8,Structured,XGBoost,chargeoff_within_12_mths,structured,0.0,0.0,124
8,Structured,XGBoost,collections_12_mths_ex_med,structured,0.0,0.0,123
8,Structured,XGBoost,delinq_2yrs,structured,15.399819,0.006725,80
8,Structured,XGBoost,delinq_amnt,structured,0.0,0.0,121
8,Structured,XGBoost,dti,structured,22.401875,0.009783,47
8,Structured,XGBoost,emp_length,structured,24.875116,0.010863,30
8,Structured,XGBoost,inq_last_6mths,structured,44.604424,0.019479,5
8,Structured,XGBoost,int_rate,structured,185.960541,0.081209,1
8,Structured,XGBoost,loan_amnt,structured,23.607357,0.010309,38
8,Structured,XGBoost,mo_sin_old_il_acct,structured,0.0,0.0,122
8,Structured,XGBoost,mo_sin_old_rev_tl_op,structured,0.0,0.0,111
8,Structured,XGBoost,mo_sin_rcnt_rev_tl_op,structured,0.0,0.0,112
8,Structured,XGBoost,mo_sin_rcnt_tl,structured,0.0,0.0,113
8,Structured,XGBoost,mort_acc,structured,22.098919,0.009651,48
8,Structured,XGBoost,mths_since_last_delinq,structured,26.943945,0.011766,19
8,Structured,XGBoost,mths_since_last_major_derog,structured,0.0,0.0,114
8,Structured,XGBoost,mths_since_last_record,structured,30.574619,0.013352,13
8,Structured,XGBoost,mths_since_recent_bc,structured,20.201397,0.008822,58
8,Structured,XGBoost,mths_since_recent_bc_dlq,structured,0.0,0.0,118
8,Structured,XGBoost,mths_since_recent_inq,structured,25.867243,0.011296,24
8,Structured,XGBoost,mths_since_recent_revol_delinq,structured,20.179096,0.008812,59
8,Structured,XGBoost,num_accts_ever_120_pd,structured,0.0,0.0,117
8,Structured,XGBoost,num_actv_bc_tl,structured,0.0,0.0,115
8,Structured,XGBoost,num_actv_rev_tl,structured,0.0,0.0,116
8,Structured,XGBoost,num_bc_sats,structured,0.0,0.0,119
8,Structured,XGBoost,num_bc_tl,structured,0.0,0.0,120
8,Structured,XGBoost,num_il_tl,structured,0.0,0.0,97
8,Structured,XGBoost,num_op_rev_tl,structured,0.0,0.0,98
8,Structured,XGBoost,num_rev_accts,structured,0.0,0.0,101
8,Structured,XGBoost,num_tl_120dpd_2m,structured,0.0,0.0,102
8,Structured,XGBoost,num_tl_30dpd,structured,0.0,0.0,99
8,Structured,XGBoost,num_tl_90g_dpd_24m,structured,0.0,0.0,100
8,Structured,XGBoost,num_tl_op_past_12m,structured,0.0,0.0,109
8,Structured,XGBoost,open_acc,structured,20.485851,0.008946,56
8,Structured,XGBoost,pct_tl_nvr_dlq,structured,0.0,0.0,110
8,Structured,XGBoost,percent_bc_gt_75,structured,20.926645,0.009139,53
8,Structured,XGBoost,pub_rec,structured,14.785076,0.006457,83
8,Structured,XGBoost,pub_rec_bankruptcies,structured,26.224085,0.011452,22
8,Structured,XGBoost,revol_bal,structured,24.877863,0.010864,29
8,Structured,XGBoost,revol_util,structured,31.018272,0.013546,12
8,Structured,XGBoost,tax_liens,structured,0.0,0.0,103
8,Structured,XGBoost,term,structured,106.079842,0.046325,2
8,Structured,XGBoost,tot_coll_amt,structured,0.0,0.0,108
8,Structured,XGBoost,tot_cur_bal,structured,0.0,0.0,105
8,Structured,XGBoost,total_acc,structured,23.308788,0.010179,40
8,Structured,XGBoost,total_bal_ex_mort,structured,21.047018,0.009191,52
8,Structured,XGBoost,total_bc_limit,structured,24.00909,0.010485,33
8,Structured,XGBoost,total_il_high_credit_limit,structured,0.0,0.0,107
8,Structured,XGBoost,total_rev_hi_lim,structured,0.0,0.0,104
8,Structured,XGBoost,fico_midpoint,structured,33.708706,0.014721,9
8,Structured,XGBoost,credit_history_months,structured,24.976337,0.010907,28
8,Structured,XGBoost,initial_list_status_w,structured,0.0,0.0,106
8,Structured,XGBoost,addr_state_AL,structured,18.908804,0.008257,66
8,Structured,XGBoost,addr_state_AR,structured,16.966566,0.007409,75
8,Structured,XGBoost,addr_state_AZ,structured,20.04985,0.008756,60
8,Structured,XGBoost,addr_state_CA,structured,32.554272,0.014216,10
8,Structured,XGBoost,addr_state_CO,structured,15.515334,0.006776,79
8,Structured,XGBoost,addr_state_CT,structured,18.923311,0.008264,65
8,Structured,XGBoost,addr_state_DC,structured,36.137085,0.015781,8
8,Structured,XGBoost,addr_state_DE,structured,25.41444,0.011098,27
8,Structured,XGBoost,addr_state_FL,structured,27.512136,0.012015,17
8,Structured,XGBoost,addr_state_GA,structured,19.692291,0.0086,62
8,Structured,XGBoost,addr_state_HI,structured,17.30818,0.007558,73
8,Structured,XGBoost,addr_state_IA,structured,0.0,0.0,96
8,Structured,XGBoost,addr_state_ID,structured,0.0,0.0,95
8,Structured,XGBoost,addr_state_IL,structured,26.29895,0.011485,21
8,Structured,XGBoost,addr_state_IN,structured,0.0,0.0,89
8,Structured,XGBoost,addr_state_KS,structured,19.321854,0.008438,63
8,Structured,XGBoost,addr_state_KY,structured,17.177448,0.007501,74
8,Structured,XGBoost,addr_state_LA,structured,22.680662,0.009905,44
8,Structured,XGBoost,addr_state_MA,structured,25.630096,0.011193,25
8,Structured,XGBoost,addr_state_MD,structured,22.613377,0.009875,45
8,Structured,XGBoost,addr_state_MI,structured,18.033735,0.007875,69
8,Structured,XGBoost,addr_state_MN,structured,23.756445,0.010374,36
8,Structured,XGBoost,addr_state_MO,structured,28.584309,0.012483,15
8,Structured,XGBoost,addr_state_MS,structured,0.0,0.0,90
8,Structured,XGBoost,addr_state_MT,structured,15.622327,0.006822,78
8,Structured,XGBoost,addr_state_NC,structured,20.735588,0.009055,55
8,Structured,XGBoost,addr_state_NE,structured,0.0,0.0,93
8,Structured,XGBoost,addr_state_NH,structured,22.043962,0.009627,49
8,Structured,XGBoost,addr_state_NJ,structured,23.801287,0.010394,34
8,Structured,XGBoost,addr_state_NM,structured,20.771475,0.009071,54
8,Structured,XGBoost,addr_state_NV,structured,26.135689,0.011413,23
8,Structured,XGBoost,addr_state_NY,structured,17.553614,0.007666,71
8,Structured,XGBoost,addr_state_OH,structured,19.126818,0.008353,64
8,Structured,XGBoost,addr_state_OK,structured,13.657928,0.005964,84
8,Structured,XGBoost,addr_state_OR,structured,0.0,0.0,92
8,Structured,XGBoost,addr_state_PA,structured,17.818363,0.007781,70
8,Structured,XGBoost,addr_state_RI,structured,22.720394,0.009922,43
8,Structured,XGBoost,addr_state_SC,structured,0.0,0.0,91
8,Structured,XGBoost,addr_state_SD,structured,0.0,0.0,94
8,Structured,XGBoost,addr_state_TN,structured,0.0,0.0,87
8,Structured,XGBoost,addr_state_TX,structured,25.552849,0.011159,26
8,Structured,XGBoost,addr_state_UT,structured,13.218241,0.005772,85
8,Structured,XGBoost,addr_state_VA,structured,18.564297,0.008107,68
8,Structured,XGBoost,addr_state_VT,structured,15.362926,0.006709,81
8,Structured,XGBoost,addr_state_WA,structured,22.807779,0.00996,42
8,Structured,XGBoost,addr_state_WI,structured,14.884619,0.0065,82
8,Structured,XGBoost,addr_state_WV,structured,23.453171,0.010242,39
8,Structured,XGBoost,addr_state_WY,structured,24.139862,0.010542,32
8,Structured,XGBoost,purpose_credit_card,structured,36.286751,0.015846,7
8,Structured,XGBoost,purpose_debt_consolidation,structured,28.527971,0.012458,16
8,Structured,XGBoost,purpose_educational,structured,17.390682,0.007595,72
8,Structured,XGBoost,purpose_home_improvement,structured,19.736662,0.008619,61
8,Structured,XGBoost,purpose_house,structured,23.781534,0.010385,35
8,Structured,XGBoost,purpose_major_purchase,structured,21.104063,0.009216,51
8,Structured,XGBoost,purpose_medical,structured,22.474817,0.009815,46
8,Structured,XGBoost,purpose_moving,structured,24.723568,0.010797,31
8,Structured,XGBoost,purpose_other,structured,31.484831,0.013749,11
8,Structured,XGBoost,purpose_renewable_energy,structured,27.095337,0.011833,18
8,Structured,XGBoost,purpose_vacation,structured,21.952591,0.009587,50
8,Structured,XGBoost,purpose_wedding,structured,26.860064,0.01173,20
8,Structured,XGBoost,home_ownership_NONE,structured,0.0,0.0,88
8,Structured,XGBoost,home_ownership_OTHER,structured,11.141703,0.004866,86
8,Structured,XGBoost,home_ownership_OWN,structured,16.356787,0.007143,76
8,Structured,XGBoost,home_ownership_RENT,structured,16.325762,0.007129,77
8,Structured,XGBoost,verification_status_Source Verified,structured,18.641684,0.008141,67
8,Structured,XGBoost,verification_status_Verified,structured,20.308315,0.008869,57
8,Structured,XGBoost,grade_ord,structured,66.314522,0.02896,3
8,Structured,XGBoost,sub_grade_ord,structured,43.708885,0.019088,6
8,Structured,RandomForest,acc_now_delinq,structured,0.0,0.0,126
8,Structured,RandomForest,acc_open_past_24mths,structured,0.005547,0.005547,28
8,Structured,RandomForest,annual_inc,structured,0.084722,0.084722,2
8,Structured,RandomForest,avg_cur_bal,structured,0.0,0.0,125
8,Structured,RandomForest,bc_open_to_buy,structured,0.007758,0.007758,19
8,Structured,RandomForest,bc_util,structured,0.008818,0.008818,17
8,Structured,RandomForest,chargeoff_within_12_mths,structured,0.0,0.0,124
8,Structured,RandomForest,collections_12_mths_ex_med,structured,0.0,0.0,123
8,Structured,RandomForest,delinq_2yrs,structured,0.002905,0.002905,34
8,Structured,RandomForest,delinq_amnt,structured,0.0,0.0,121
8,Structured,RandomForest,dti,structured,0.050519,0.050519,8
8,Structured,RandomForest,emp_length,structured,0.026792,0.026792,14
8,Structured,RandomForest,inq_last_6mths,structured,0.02212,0.02212,16
8,Structured,RandomForest,int_rate,structured,0.119399,0.119399,1
8,Structured,RandomForest,loan_amnt,structured,0.045644,0.045644,11
8,Structured,RandomForest,mo_sin_old_il_acct,structured,0.0,0.0,122
8,Structured,RandomForest,mo_sin_old_rev_tl_op,structured,0.0,0.0,111
8,Structured,RandomForest,mo_sin_rcnt_rev_tl_op,structured,0.0,0.0,112
8,Structured,RandomForest,mo_sin_rcnt_tl,structured,0.0,0.0,113
8,Structured,RandomForest,mort_acc,structured,0.002138,0.002138,39
8,Structured,RandomForest,mths_since_last_delinq,structured,0.022363,0.022363,15
8,Structured,RandomForest,mths_since_last_major_derog,structured,0.0,0.0,114
8,Structured,RandomForest,mths_since_last_record,structured,0.004563,0.004563,31
8,Structured,RandomForest,mths_since_recent_bc,structured,0.006989,0.006989,23
8,Structured,RandomForest,mths_since_recent_bc_dlq,structured,0.0,0.0,118
8,Structured,RandomForest,mths_since_recent_inq,structured,0.006117,0.006117,26
8,Structured,RandomForest,mths_since_recent_revol_delinq,structured,0.001768,0.001768,42
8,Structured,RandomForest,num_accts_ever_120_pd,structured,0.0,0.0,117
8,Structured,RandomForest,num_actv_bc_tl,structured,0.0,0.0,115
8,Structured,RandomForest,num_actv_rev_tl,structured,0.0,0.0,116
8,Structured,RandomForest,num_bc_sats,structured,0.0,0.0,119
8,Structured,RandomForest,num_bc_tl,structured,0.0,0.0,120
8,Structured,RandomForest,num_il_tl,structured,0.0,0.0,97
8,Structured,RandomForest,num_op_rev_tl,structured,0.0,0.0,98
8,Structured,RandomForest,num_rev_accts,structured,0.0,0.0,101
8,Structured,RandomForest,num_tl_120dpd_2m,structured,0.0,0.0,102
8,Structured,RandomForest,num_tl_30dpd,structured,0.0,0.0,99
8,Structured,RandomForest,num_tl_90g_dpd_24m,structured,0.0,0.0,100
8,Structured,RandomForest,num_tl_op_past_12m,structured,0.0,0.0,109
8,Structured,RandomForest,open_acc,structured,0.02766,0.02766,13
8,Structured,RandomForest,pct_tl_nvr_dlq,structured,0.0,0.0,110
8,Structured,RandomForest,percent_bc_gt_75,structured,0.005211,0.005211,29
8,Structured,RandomForest,pub_rec,structured,0.002964,0.002964,33
8,Structured,RandomForest,pub_rec_bankruptcies,structured,0.002343,0.002343,38
8,Structured,RandomForest,revol_bal,structured,0.049686,0.049686,9
8,Structured,RandomForest,revol_util,structured,0.061712,0.061712,5
8,Structured,RandomForest,tax_liens,structured,0.0,0.0,103
8,Structured,RandomForest,term,structured,0.056406,0.056406,7
8,Structured,RandomForest,tot_coll_amt,structured,0.0,0.0,108
8,Structured,RandomForest,tot_cur_bal,structured,0.0,0.0,105
8,Structured,RandomForest,total_acc,structured,0.037419,0.037419,12
8,Structured,RandomForest,total_bal_ex_mort,structured,0.007425,0.007425,21
8,Structured,RandomForest,total_bc_limit,structured,0.007169,0.007169,22
8,Structured,RandomForest,total_il_high_credit_limit,structured,0.0,0.0,107
8,Structured,RandomForest,total_rev_hi_lim,structured,0.0,0.0,104
8,Structured,RandomForest,fico_midpoint,structured,0.057215,0.057215,6
8,Structured,RandomForest,credit_history_months,structured,0.047357,0.047357,10
8,Structured,RandomForest,initial_list_status_w,structured,0.0,0.0,106
8,Structured,RandomForest,addr_state_AL,structured,0.000145,0.000145,68
8,Structured,RandomForest,addr_state_AR,structured,5.2e-05,5.2e-05,75
8,Structured,RandomForest,addr_state_AZ,structured,0.000522,0.000522,55
8,Structured,RandomForest,addr_state_CA,structured,0.00511,0.00511,30
8,Structured,RandomForest,addr_state_CO,structured,0.000265,0.000265,62
8,Structured,RandomForest,addr_state_CT,structured,0.000382,0.000382,59
8,Structured,RandomForest,addr_state_DC,structured,0.000397,0.000397,57
8,Structured,RandomForest,addr_state_DE,structured,2.9e-05,2.9e-05,81
8,Structured,RandomForest,addr_state_FL,structured,0.002769,0.002769,35
8,Structured,RandomForest,addr_state_GA,structured,0.000841,0.000841,49
8,Structured,RandomForest,addr_state_HI,structured,4.6e-05,4.6e-05,78
8,Structured,RandomForest,addr_state_IA,structured,0.0,0.0,96
8,Structured,RandomForest,addr_state_ID,structured,0.0,0.0,95
8,Structured,RandomForest,addr_state_IL,structured,0.001443,0.001443,44
8,Structured,RandomForest,addr_state_IN,structured,0.0,0.0,89
8,Structured,RandomForest,addr_state_KS,structured,0.000144,0.000144,69
8,Structured,RandomForest,addr_state_KY,structured,7.6e-05,7.6e-05,74
8,Structured,RandomForest,addr_state_LA,structured,0.000233,0.000233,66
8,Structured,RandomForest,addr_state_MA,structured,0.000679,0.000679,52
8,Structured,RandomForest,addr_state_MD,structured,0.000461,0.000461,56
8,Structured,RandomForest,addr_state_MI,structured,0.000371,0.000371,60
8,Structured,RandomForest,addr_state_MN,structured,0.000249,0.000249,64
8,Structured,RandomForest,addr_state_MO,structured,0.000234,0.000234,65
8,Structured,RandomForest,addr_state_MS,structured,0.0,0.0,90
8,Structured,RandomForest,addr_state_MT,structured,7e-06,7e-06,86
8,Structured,RandomForest,addr_state_NC,structured,0.000533,0.000533,54
8,Structured,RandomForest,addr_state_NE,structured,0.0,0.0,91
8,Structured,RandomForest,addr_state_NH,structured,2.3e-05,2.3e-05,82
8,Structured,RandomForest,addr_state_NJ,structured,0.001193,0.001193,45
8,Structured,RandomForest,addr_state_NM,structured,8.3e-05,8.3e-05,73
8,Structured,RandomForest,addr_state_NV,structured,0.000396,0.000396,58
8,Structured,RandomForest,addr_state_NY,structured,0.002629,0.002629,36
8,Structured,RandomForest,addr_state_OH,structured,0.000694,0.000694,51
8,Structured,RandomForest,addr_state_OK,structured,5e-05,5e-05,76
8,Structured,RandomForest,addr_state_OR,structured,0.000143,0.000143,71
8,Structured,RandomForest,addr_state_PA,structured,0.00093,0.00093,46
8,Structured,RandomForest,addr_state_RI,structured,1.6e-05,1.6e-05,84
8,Structured,RandomForest,addr_state_SC,structured,0.000126,0.000126,72
8,Structured,RandomForest,addr_state_SD,structured,4e-06,4e-06,87
8,Structured,RandomForest,addr_state_TN,structured,0.0,0.0,94
8,Structured,RandomForest,addr_state_TX,structured,0.002425,0.002425,37
8,Structured,RandomForest,addr_state_UT,structured,4.9e-05,4.9e-05,77
8,Structured,RandomForest,addr_state_VA,structured,0.00091,0.00091,47
8,Structured,RandomForest,addr_state_VT,structured,0.0,0.0,93
8,Structured,RandomForest,addr_state_WA,structured,0.000545,0.000545,53
8,Structured,RandomForest,addr_state_WI,structured,0.000157,0.000157,67
8,Structured,RandomForest,addr_state_WV,structured,4.2e-05,4.2e-05,80
8,Structured,RandomForest,addr_state_WY,structured,2.2e-05,2.2e-05,83
8,Structured,RandomForest,purpose_credit_card,structured,0.006256,0.006256,25
8,Structured,RandomForest,purpose_debt_consolidation,structured,0.007911,0.007911,18
8,Structured,RandomForest,purpose_educational,structured,8e-06,8e-06,85
8,Structured,RandomForest,purpose_home_improvement,structured,0.001996,0.001996,41
8,Structured,RandomForest,purpose_house,structured,0.000143,0.000143,70
8,Structured,RandomForest,purpose_major_purchase,structured,0.001581,0.001581,43
8,Structured,RandomForest,purpose_medical,structured,0.000364,0.000364,61
8,Structured,RandomForest,purpose_moving,structured,0.000861,0.000861,48
8,Structured,RandomForest,purpose_other,structured,0.003662,0.003662,32
8,Structured,RandomForest,purpose_renewable_energy,structured,4.6e-05,4.6e-05,79
8,Structured,RandomForest,purpose_vacation,structured,0.000259,0.000259,63
8,Structured,RandomForest,purpose_wedding,structured,0.000833,0.000833,50
8,Structured,RandomForest,home_ownership_NONE,structured,0.0,0.0,88
8,Structured,RandomForest,home_ownership_OTHER,structured,0.0,0.0,92
8,Structured,RandomForest,home_ownership_OWN,structured,0.001998,0.001998,40
8,Structured,RandomForest,home_ownership_RENT,structured,0.007523,0.007523,20
8,Structured,RandomForest,verification_status_Source Verified,structured,0.005951,0.005951,27
8,Structured,RandomForest,verification_status_Verified,structured,0.006343,0.006343,24
8,Structured,RandomForest,grade_ord,structured,0.065114,0.065114,4
8,Structured,RandomForest,sub_grade_ord,structured,0.082999,0.082999,3
8,Structured+Lexicon,Logistic,acc_now_delinq,structured,0.0,0.0,133
8,Structured+Lexicon,Logistic,acc_open_past_24mths,structured,0.105474,0.021405,14
8,Structured+Lexicon,Logistic,annual_inc,structured,0.369306,0.074948,2
8,Structured+Lexicon,Logistic,avg_cur_bal,structured,0.0,0.0,132
8,Structured+Lexicon,Logistic,bc_open_to_buy,structured,0.249161,0.050566,4
8,Structured+Lexicon,Logistic,bc_util,structured,0.12282,0.024925,12
8,Structured+Lexicon,Logistic,chargeoff_within_12_mths,structured,0.0,0.0,131
8,Structured+Lexicon,Logistic,collections_12_mths_ex_med,structured,0.0,0.0,130
8,Structured+Lexicon,Logistic,delinq_2yrs,structured,0.0051,0.001035,89
8,Structured+Lexicon,Logistic,delinq_amnt,structured,0.0,0.0,128
8,Structured+Lexicon,Logistic,dti,structured,0.016226,0.003293,62
8,Structured+Lexicon,Logistic,emp_length,structured,0.041123,0.008346,35
8,Structured+Lexicon,Logistic,inq_last_6mths,structured,0.163107,0.033101,6
8,Structured+Lexicon,Logistic,int_rate,structured,0.431522,0.087574,1
8,Structured+Lexicon,Logistic,loan_amnt,structured,0.109493,0.022221,13
8,Structured+Lexicon,Logistic,mo_sin_old_il_acct,structured,0.0,0.0,129
8,Structured+Lexicon,Logistic,mo_sin_old_rev_tl_op,structured,0.0,0.0,118
8,Structured+Lexicon,Logistic,mo_sin_rcnt_rev_tl_op,structured,0.0,0.0,119
8,Structured+Lexicon,Logistic,mo_sin_rcnt_tl,structured,0.0,0.0,120
8,Structured+Lexicon,Logistic,mort_acc,structured,0.018063,0.003666,58
8,Structured+Lexicon,Logistic,mths_since_last_delinq,structured,0.063563,0.0129,21
8,Structured+Lexicon,Logistic,mths_since_last_major_derog,structured,0.0,0.0,121
8,Structured+Lexicon,Logistic,mths_since_last_record,structured,0.053254,0.010807,27
8,Structured+Lexicon,Logistic,mths_since_recent_bc,structured,0.157078,0.031878,7
8,Structured+Lexicon,Logistic,mths_since_recent_bc_dlq,structured,0.0,0.0,125
8,Structured+Lexicon,Logistic,mths_since_recent_inq,structured,0.06787,0.013774,18
8,Structured+Lexicon,Logistic,mths_since_recent_revol_delinq,structured,0.022383,0.004542,49
8,Structured+Lexicon,Logistic,num_accts_ever_120_pd,structured,0.0,0.0,124
8,Structured+Lexicon,Logistic,num_actv_bc_tl,structured,0.0,0.0,122
8,Structured+Lexicon,Logistic,num_actv_rev_tl,structured,0.0,0.0,123
8,Structured+Lexicon,Logistic,num_bc_sats,structured,0.0,0.0,126
8,Structured+Lexicon,Logistic,num_bc_tl,structured,0.0,0.0,127
8,Structured+Lexicon,Logistic,num_il_tl,structured,0.0,0.0,104
8,Structured+Lexicon,Logistic,num_op_rev_tl,structured,0.0,0.0,105
8,Structured+Lexicon,Logistic,num_rev_accts,structured,0.0,0.0,108
8,Structured+Lexicon,Logistic,num_tl_120dpd_2m,structured,0.0,0.0,109
8,Structured+Lexicon,Logistic,num_tl_30dpd,structured,0.0,0.0,106
8,Structured+Lexicon,Logistic,num_tl_90g_dpd_24m,structured,0.0,0.0,107
8,Structured+Lexicon,Logistic,num_tl_op_past_12m,structured,0.0,0.0,116
8,Structured+Lexicon,Logistic,open_acc,structured,0.005646,0.001146,87
8,Structured+Lexicon,Logistic,pct_tl_nvr_dlq,structured,0.0,0.0,117
8,Structured+Lexicon,Logistic,percent_bc_gt_75,structured,0.052069,0.010567,28
8,Structured+Lexicon,Logistic,pub_rec,structured,0.000103,2.1e-05,98
8,Structured+Lexicon,Logistic,pub_rec_bankruptcies,structured,0.018906,0.003837,56
8,Structured+Lexicon,Logistic,revol_bal,structured,0.064371,0.013064,20
8,Structured+Lexicon,Logistic,revol_util,structured,0.150869,0.030618,9
8,Structured+Lexicon,Logistic,tax_liens,structured,0.0,0.0,110
8,Structured+Lexicon,Logistic,term,structured,0.302749,0.061441,3
8,Structured+Lexicon,Logistic,tot_coll_amt,structured,0.0,0.0,115
8,Structured+Lexicon,Logistic,tot_cur_bal,structured,0.0,0.0,112
8,Structured+Lexicon,Logistic,total_acc,structured,0.031323,0.006357,40
8,Structured+Lexicon,Logistic,total_bal_ex_mort,structured,0.015146,0.003074,66
8,Structured+Lexicon,Logistic,total_bc_limit,structured,0.004334,0.00088,90
8,Structured+Lexicon,Logistic,total_il_high_credit_limit,structured,0.0,0.0,114
8,Structured+Lexicon,Logistic,total_rev_hi_lim,structured,0.0,0.0,111
8,Structured+Lexicon,Logistic,fico_midpoint,structured,0.197697,0.040121,5
8,Structured+Lexicon,Logistic,credit_history_months,structured,0.064644,0.013119,19
8,Structured+Lexicon,Logistic,initial_list_status_w,structured,0.0,0.0,113
8,Structured+Lexicon,Logistic,addr_state_AL,structured,0.017167,0.003484,60
8,Structured+Lexicon,Logistic,addr_state_AR,structured,0.021008,0.004264,52
8,Structured+Lexicon,Logistic,addr_state_AZ,structured,0.000731,0.000148,97
8,Structured+Lexicon,Logistic,addr_state_CA,structured,0.072977,0.01481,16
8,Structured+Lexicon,Logistic,addr_state_CO,structured,0.0113,0.002293,71
8,Structured+Lexicon,Logistic,addr_state_CT,structured,0.016203,0.003288,63
8,Structured+Lexicon,Logistic,addr_state_DC,structured,0.082109,0.016663,15
8,Structured+Lexicon,Logistic,addr_state_DE,structured,0.015547,0.003155,65
8,Structured+Lexicon,Logistic,addr_state_FL,structured,0.05055,0.010259,29
8,Structured+Lexicon,Logistic,addr_state_GA,structured,0.010329,0.002096,75
8,Structured+Lexicon,Logistic,addr_state_HI,structured,0.017081,0.003467,61
8,Structured+Lexicon,Logistic,addr_state_IA,structured,0.017684,0.003589,59
8,Structured+Lexicon,Logistic,addr_state_ID,structured,0.0,0.0,102
8,Structured+Lexicon,Logistic,addr_state_IL,structured,0.035292,0.007162,37
8,Structured+Lexicon,Logistic,addr_state_IN,structured,0.0,0.0,103
8,Structured+Lexicon,Logistic,addr_state_KS,structured,0.027792,0.00564,44
8,Structured+Lexicon,Logistic,addr_state_KY,structured,0.010385,0.002108,74
8,Structured+Lexicon,Logistic,addr_state_LA,structured,0.007704,0.001564,79
8,Structured+Lexicon,Logistic,addr_state_MA,structured,0.003147,0.000639,92
8,Structured+Lexicon,Logistic,addr_state_MD,structured,0.003649,0.00074,91
8,Structured+Lexicon,Logistic,addr_state_MI,structured,0.005873,0.001192,83
8,Structured+Lexicon,Logistic,addr_state_MN,structured,0.003128,0.000635,93
8,Structured+Lexicon,Logistic,addr_state_MO,structured,0.005529,0.001122,88
8,Structured+Lexicon,Logistic,addr_state_MS,structured,0.03125,0.006342,42
8,Structured+Lexicon,Logistic,addr_state_MT,structured,0.020326,0.004125,53
8,Structured+Lexicon,Logistic,addr_state_NC,structured,0.009012,0.001829,78
8,Structured+Lexicon,Logistic,addr_state_NE,structured,0.0,0.0,100
8,Structured+Lexicon,Logistic,addr_state_NH,structured,0.000937,0.00019,96
8,Structured+Lexicon,Logistic,addr_state_NJ,structured,0.02632,0.005341,45
8,Structured+Lexicon,Logistic,addr_state_NM,structured,0.023568,0.004783,47
8,Structured+Lexicon,Logistic,addr_state_NV,structured,0.041905,0.008504,34
8,Structured+Lexicon,Logistic,addr_state_NY,structured,0.015786,0.003204,64
8,Structured+Lexicon,Logistic,addr_state_OH,structured,0.035526,0.00721,36
8,Structured+Lexicon,Logistic,addr_state_OK,structured,0.019906,0.00404,54
8,Structured+Lexicon,Logistic,addr_state_OR,structured,0.009065,0.00184,77
8,Structured+Lexicon,Logistic,addr_state_PA,structured,0.03128,0.006348,41
8,Structured+Lexicon,Logistic,addr_state_RI,structured,0.005664,0.00115,86
8,Structured+Lexicon,Logistic,addr_state_SC,structured,0.005776,0.001172,84
8,Structured+Lexicon,Logistic,addr_state_SD,structured,0.005722,0.001161,85
8,Structured+Lexicon,Logistic,addr_state_TN,structured,0.0,0.0,101
8,Structured+Lexicon,Logistic,addr_state_TX,structured,0.044551,0.009041,32
8,Structured+Lexicon,Logistic,addr_state_UT,structured,0.018489,0.003752,57
8,Structured+Lexicon,Logistic,addr_state_VA,structured,0.021084,0.004279,51
8,Structured+Lexicon,Logistic,addr_state_VT,structured,0.022193,0.004504,50
8,Structured+Lexicon,Logistic,addr_state_WA,structured,0.002915,0.000592,94
8,Structured+Lexicon,Logistic,addr_state_WI,structured,0.006537,0.001327,82
8,Structured+Lexicon,Logistic,addr_state_WV,structured,0.022984,0.004665,48
8,Structured+Lexicon,Logistic,addr_state_WY,structured,0.057985,0.011768,24
8,Structured+Lexicon,Logistic,purpose_credit_card,structured,0.019619,0.003982,55
8,Structured+Lexicon,Logistic,purpose_debt_consolidation,structured,0.142063,0.028831,10
8,Structured+Lexicon,Logistic,purpose_educational,structured,0.02589,0.005254,46
8,Structured+Lexicon,Logistic,purpose_home_improvement,structured,0.044286,0.008988,33
8,Structured+Lexicon,Logistic,purpose_house,structured,0.031858,0.006465,39
8,Structured+Lexicon,Logistic,purpose_major_purchase,structured,0.0288,0.005845,43
8,Structured+Lexicon,Logistic,purpose_medical,structured,0.055979,0.011361,25
8,Structured+Lexicon,Logistic,purpose_moving,structured,0.068,0.0138,17
8,Structured+Lexicon,Logistic,purpose_other,structured,0.136453,0.027692,11
8,Structured+Lexicon,Logistic,purpose_renewable_energy,structured,0.053973,0.010954,26
8,Structured+Lexicon,Logistic,purpose_vacation,structured,0.060874,0.012354,22
8,Structured+Lexicon,Logistic,purpose_wedding,structured,0.009622,0.001953,76
8,Structured+Lexicon,Logistic,home_ownership_NONE,structured,0.0,0.0,99
8,Structured+Lexicon,Logistic,home_ownership_OTHER,structured,0.059949,0.012166,23
8,Structured+Lexicon,Logistic,home_ownership_OWN,structured,0.014431,0.002929,67
8,Structured+Lexicon,Logistic,home_ownership_RENT,structured,0.002536,0.000515,95
8,Structured+Lexicon,Logistic,verification_status_Source Verified,structured,0.011886,0.002412,69
8,Structured+Lexicon,Logistic,verification_status_Verified,structured,0.011267,0.002286,72
8,Structured+Lexicon,Logistic,grade_ord,structured,0.011822,0.002399,70
8,Structured+Lexicon,Logistic,sub_grade_ord,structured,0.151372,0.03072,8
8,Structured+Lexicon,Logistic,risk_word_count,lexicon,0.033175,0.006733,38
8,Structured+Lexicon,Logistic,risk_word_density,lexicon,0.010796,0.002191,73
8,Structured+Lexicon,Logistic,risk_word_flag,lexicon,0.007002,0.001421,80
8,Structured+Lexicon,Logistic,distress_debt_pressure_count,lexicon,0.048378,0.009818,31
8,Structured+Lexicon,Logistic,distress_liquidity_shortage_count,lexicon,0.014235,0.002889,68
8,Structured+Lexicon,Logistic,distress_medical_life_shock_count,lexicon,0.049124,0.009969,30
8,Structured+Lexicon,Logistic,distress_refinancing_burden_count,lexicon,0.006729,0.001366,81
8,Structured+Lexicon,XGBoost,acc_now_delinq,structured,0.0,0.0,133
8,Structured+Lexicon,XGBoost,acc_open_past_24mths,structured,31.666349,0.012532,13
8,Structured+Lexicon,XGBoost,annual_inc,structured,54.36179,0.021514,4
8,Structured+Lexicon,XGBoost,avg_cur_bal,structured,0.0,0.0,132
8,Structured+Lexicon,XGBoost,bc_open_to_buy,structured,22.313408,0.008831,53
8,Structured+Lexicon,XGBoost,bc_util,structured,24.823442,0.009824,32
8,Structured+Lexicon,XGBoost,chargeoff_within_12_mths,structured,0.0,0.0,131
8,Structured+Lexicon,XGBoost,collections_12_mths_ex_med,structured,0.0,0.0,130
8,Structured+Lexicon,XGBoost,delinq_2yrs,structured,15.158841,0.005999,90
8,Structured+Lexicon,XGBoost,delinq_amnt,structured,0.0,0.0,128
8,Structured+Lexicon,XGBoost,dti,structured,23.252819,0.009203,45
8,Structured+Lexicon,XGBoost,emp_length,structured,25.43434,0.010066,27
8,Structured+Lexicon,XGBoost,inq_last_6mths,structured,43.825714,0.017344,5
8,Structured+Lexicon,XGBoost,int_rate,structured,185.394226,0.073371,1
8,Structured+Lexicon,XGBoost,loan_amnt,structured,23.993929,0.009496,41
8,Structured+Lexicon,XGBoost,mo_sin_old_il_acct,structured,0.0,0.0,129
8,Structured+Lexicon,XGBoost,mo_sin_old_rev_tl_op,structured,0.0,0.0,118
8,Structured+Lexicon,XGBoost,mo_sin_rcnt_rev_tl_op,structured,0.0,0.0,119
8,Structured+Lexicon,XGBoost,mo_sin_rcnt_tl,structured,0.0,0.0,120
8,Structured+Lexicon,XGBoost,mort_acc,structured,21.857203,0.00865,56
8,Structured+Lexicon,XGBoost,mths_since_last_delinq,structured,27.361109,0.010828,20
8,Structured+Lexicon,XGBoost,mths_since_last_major_derog,structured,0.0,0.0,121
8,Structured+Lexicon,XGBoost,mths_since_last_record,structured,31.005022,0.012271,14
8,Structured+Lexicon,XGBoost,mths_since_recent_bc,structured,20.370749,0.008062,72
8,Structured+Lexicon,XGBoost,mths_since_recent_bc_dlq,structured,0.0,0.0,125
8,Structured+Lexicon,XGBoost,mths_since_recent_inq,structured,24.852251,0.009836,31
8,Structured+Lexicon,XGBoost,mths_since_recent_revol_delinq,structured,21.108913,0.008354,60
8,Structured+Lexicon,XGBoost,num_accts_ever_120_pd,structured,0.0,0.0,124
8,Structured+Lexicon,XGBoost,num_actv_bc_tl,structured,0.0,0.0,122
8,Structured+Lexicon,XGBoost,num_actv_rev_tl,structured,0.0,0.0,123
8,Structured+Lexicon,XGBoost,num_bc_sats,structured,0.0,0.0,126
8,Structured+Lexicon,XGBoost,num_bc_tl,structured,0.0,0.0,127
8,Structured+Lexicon,XGBoost,num_il_tl,structured,0.0,0.0,104
8,Structured+Lexicon,XGBoost,num_op_rev_tl,structured,0.0,0.0,105
8,Structured+Lexicon,XGBoost,num_rev_accts,structured,0.0,0.0,108
8,Structured+Lexicon,XGBoost,num_tl_120dpd_2m,structured,0.0,0.0,109
8,Structured+Lexicon,XGBoost,num_tl_30dpd,structured,0.0,0.0,106
8,Structured+Lexicon,XGBoost,num_tl_90g_dpd_24m,structured,0.0,0.0,107
8,Structured+Lexicon,XGBoost,num_tl_op_past_12m,structured,0.0,0.0,116
8,Structured+Lexicon,XGBoost,open_acc,structured,20.631437,0.008165,64
8,Structured+Lexicon,XGBoost,pct_tl_nvr_dlq,structured,0.0,0.0,117
8,Structured+Lexicon,XGBoost,percent_bc_gt_75,structured,20.373737,0.008063,71
8,Structured+Lexicon,XGBoost,pub_rec,structured,20.389063,0.008069,70
8,Structured+Lexicon,XGBoost,pub_rec_bankruptcies,structured,29.676491,0.011745,15
8,Structured+Lexicon,XGBoost,revol_bal,structured,25.179388,0.009965,28
8,Structured+Lexicon,XGBoost,revol_util,structured,31.67288,0.012535,12
8,Structured+Lexicon,XGBoost,tax_liens,structured,0.0,0.0,110
8,Structured+Lexicon,XGBoost,term,structured,107.859985,0.042687,2
8,Structured+Lexicon,XGBoost,tot_coll_amt,structured,0.0,0.0,115
8,Structured+Lexicon,XGBoost,tot_cur_bal,structured,0.0,0.0,112
8,Structured+Lexicon,XGBoost,total_acc,structured,23.619688,0.009348,44
8,Structured+Lexicon,XGBoost,total_bal_ex_mort,structured,20.86969,0.008259,61
8,Structured+Lexicon,XGBoost,total_bc_limit,structured,22.792177,0.00902,48
8,Structured+Lexicon,XGBoost,total_il_high_credit_limit,structured,0.0,0.0,114
8,Structured+Lexicon,XGBoost,total_rev_hi_lim,structured,0.0,0.0,111
8,Structured+Lexicon,XGBoost,fico_midpoint,structured,35.167934,0.013918,10
8,Structured+Lexicon,XGBoost,credit_history_months,structured,25.508745,0.010095,25
8,Structured+Lexicon,XGBoost,initial_list_status_w,structured,0.0,0.0,113
8,Structured+Lexicon,XGBoost,addr_state_AL,structured,17.079443,0.006759,88
8,Structured+Lexicon,XGBoost,addr_state_AR,structured,20.135319,0.007969,73
8,Structured+Lexicon,XGBoost,addr_state_AZ,structured,20.502914,0.008114,68
8,Structured+Lexicon,XGBoost,addr_state_CA,structured,34.88588,0.013806,11
8,Structured+Lexicon,XGBoost,addr_state_CO,structured,13.57601,0.005373,91
8,Structured+Lexicon,XGBoost,addr_state_CT,structured,24.930918,0.009867,29
8,Structured+Lexicon,XGBoost,addr_state_DC,structured,39.732185,0.015724,7
8,Structured+Lexicon,XGBoost,addr_state_DE,structured,19.519186,0.007725,77
8,Structured+Lexicon,XGBoost,addr_state_FL,structured,26.172892,0.010358,24
8,Structured+Lexicon,XGBoost,addr_state_GA,structured,23.779171,0.009411,42
8,Structured+Lexicon,XGBoost,addr_state_HI,structured,20.088224,0.00795,74
8,Structured+Lexicon,XGBoost,addr_state_IA,structured,0.0,0.0,103
8,Structured+Lexicon,XGBoost,addr_state_ID,structured,0.0,0.0,102
8,Structured+Lexicon,XGBoost,addr_state_IL,structured,24.765371,0.009801,34
8,Structured+Lexicon,XGBoost,addr_state_IN,structured,0.0,0.0,96
8,Structured+Lexicon,XGBoost,addr_state_KS,structured,17.391638,0.006883,85
8,Structured+Lexicon,XGBoost,addr_state_KY,structured,23.233267,0.009195,46
8,Structured+Lexicon,XGBoost,addr_state_LA,structured,21.206247,0.008393,59
8,Structured+Lexicon,XGBoost,addr_state_MA,structured,20.688379,0.008188,63
8,Structured+Lexicon,XGBoost,addr_state_MD,structured,24.693216,0.009773,36
8,Structured+Lexicon,XGBoost,addr_state_MI,structured,24.476793,0.009687,38
8,Structured+Lexicon,XGBoost,addr_state_MN,structured,21.727663,0.008599,58
8,Structured+Lexicon,XGBoost,addr_state_MO,structured,27.131796,0.010738,21
8,Structured+Lexicon,XGBoost,addr_state_MS,structured,0.0,0.0,97
8,Structured+Lexicon,XGBoost,addr_state_MT,structured,17.171247,0.006796,87
8,Structured+Lexicon,XGBoost,addr_state_NC,structured,22.131672,0.008759,54
8,Structured+Lexicon,XGBoost,addr_state_NE,structured,0.0,0.0,100
8,Structured+Lexicon,XGBoost,addr_state_NH,structured,22.83802,0.009038,47
8,Structured+Lexicon,XGBoost,addr_state_NJ,structured,22.518238,0.008912,51
8,Structured+Lexicon,XGBoost,addr_state_NM,structured,18.496323,0.00732,80
8,Structured+Lexicon,XGBoost,addr_state_NV,structured,29.340435,0.011612,17
8,Structured+Lexicon,XGBoost,addr_state_NY,structured,22.610556,0.008948,50
8,Structured+Lexicon,XGBoost,addr_state_OH,structured,16.566454,0.006556,89
8,Structured+Lexicon,XGBoost,addr_state_OK,structured,13.116822,0.005191,92
8,Structured+Lexicon,XGBoost,addr_state_OR,structured,20.538021,0.008128,66
8,Structured+Lexicon,XGBoost,addr_state_PA,structured,17.354698,0.006868,86
8,Structured+Lexicon,XGBoost,addr_state_RI,structured,0.0,0.0,98
8,Structured+Lexicon,XGBoost,addr_state_SC,structured,0.0,0.0,99
8,Structured+Lexicon,XGBoost,addr_state_SD,structured,20.851866,0.008252,62
8,Structured+Lexicon,XGBoost,addr_state_TN,structured,0.0,0.0,101
8,Structured+Lexicon,XGBoost,addr_state_TX,structured,25.440111,0.010068,26
8,Structured+Lexicon,XGBoost,addr_state_UT,structured,17.677258,0.006996,83
8,Structured+Lexicon,XGBoost,addr_state_VA,structured,17.448404,0.006905,84
8,Structured+Lexicon,XGBoost,addr_state_VT,structured,19.069056,0.007547,79
8,Structured+Lexicon,XGBoost,addr_state_WA,structured,19.861301,0.00786,75
8,Structured+Lexicon,XGBoost,addr_state_WI,structured,18.098444,0.007163,82
8,Structured+Lexicon,XGBoost,addr_state_WV,structured,21.845711,0.008646,57
8,Structured+Lexicon,XGBoost,addr_state_WY,structured,23.636421,0.009354,43
8,Structured+Lexicon,XGBoost,purpose_credit_card,structured,35.172771,0.01392,9
8,Structured+Lexicon,XGBoost,purpose_debt_consolidation,structured,29.403175,0.011637,16
8,Structured+Lexicon,XGBoost,purpose_educational,structured,24.790106,0.009811,33
8,Structured+Lexicon,XGBoost,purpose_home_improvement,structured,20.537512,0.008128,67
8,Structured+Lexicon,XGBoost,purpose_house,structured,22.515593,0.008911,52
8,Structured+Lexicon,XGBoost,purpose_major_purchase,structured,24.343388,0.009634,39
8,Structured+Lexicon,XGBoost,purpose_medical,structured,22.703966,0.008985,49
8,Structured+Lexicon,XGBoost,purpose_moving,structured,24.542858,0.009713,37
8,Structured+Lexicon,XGBoost,purpose_other,structured,27.926352,0.011052,18
8,Structured+Lexicon,XGBoost,purpose_renewable_energy,structured,24.903145,0.009856,30
8,Structured+Lexicon,XGBoost,purpose_vacation,structured,24.745668,0.009793,35
8,Structured+Lexicon,XGBoost,purpose_wedding,structured,26.955944,0.010668,22
8,Structured+Lexicon,XGBoost,home_ownership_NONE,structured,0.0,0.0,95
8,Structured+Lexicon,XGBoost,home_ownership_OTHER,structured,10.952211,0.004334,93
8,Structured+Lexicon,XGBoost,home_ownership_OWN,structured,19.421589,0.007686,78
8,Structured+Lexicon,XGBoost,home_ownership_RENT,structured,20.392729,0.008071,69
8,Structured+Lexicon,XGBoost,verification_status_Source Verified,structured,19.69239,0.007793,76
8,Structured+Lexicon,XGBoost,verification_status_Verified,structured,20.555035,0.008135,65
8,Structured+Lexicon,XGBoost,grade_ord,structured,72.95414,0.028872,3
8,Structured+Lexicon,XGBoost,sub_grade_ord,structured,43.515236,0.017222,6
8,Structured+Lexicon,XGBoost,risk_word_count,lexicon,27.844959,0.01102,19
8,Structured+Lexicon,XGBoost,risk_word_density,lexicon,24.050905,0.009518,40
8,Structured+Lexicon,XGBoost,risk_word_flag,lexicon,0.0,0.0,94
8,Structured+Lexicon,XGBoost,distress_debt_pressure_count,lexicon,39.341103,0.01557,8
8,Structured+Lexicon,XGBoost,distress_liquidity_shortage_count,lexicon,18.370102,0.00727,81
8,Structured+Lexicon,XGBoost,distress_medical_life_shock_count,lexicon,22.021255,0.008715,55
8,Structured+Lexicon,XGBoost,distress_refinancing_burden_count,lexicon,26.287148,0.010403,23
8,Structured+Lexicon,RandomForest,acc_now_delinq,structured,0.0,0.0,133
8,Structured+Lexicon,RandomForest,acc_open_past_24mths,structured,0.005184,0.005184,31
8,Structured+Lexicon,RandomForest,annual_inc,structured,0.077772,0.077772,3
8,Structured+Lexicon,RandomForest,avg_cur_bal,structured,0.0,0.0,132
8,Structured+Lexicon,RandomForest,bc_open_to_buy,structured,0.00713,0.00713,23
8,Structured+Lexicon,RandomForest,bc_util,structured,0.007613,0.007613,20
8,Structured+Lexicon,RandomForest,chargeoff_within_12_mths,structured,0.0,0.0,131
8,Structured+Lexicon,RandomForest,collections_12_mths_ex_med,structured,0.0,0.0,130
8,Structured+Lexicon,RandomForest,delinq_2yrs,structured,0.002712,0.002712,39
8,Structured+Lexicon,RandomForest,delinq_amnt,structured,0.0,0.0,128
8,Structured+Lexicon,RandomForest,dti,structured,0.047404,0.047404,8
8,Structured+Lexicon,RandomForest,emp_length,structured,0.025212,0.025212,14
8,Structured+Lexicon,RandomForest,inq_last_6mths,structured,0.021063,0.021063,16
8,Structured+Lexicon,RandomForest,int_rate,structured,0.109369,0.109369,1
8,Structured+Lexicon,RandomForest,loan_amnt,structured,0.041719,0.041719,11
8,Structured+Lexicon,RandomForest,mo_sin_old_il_acct,structured,0.0,0.0,129
8,Structured+Lexicon,RandomForest,mo_sin_old_rev_tl_op,structured,0.0,0.0,118
8,Structured+Lexicon,RandomForest,mo_sin_rcnt_rev_tl_op,structured,0.0,0.0,119
8,Structured+Lexicon,RandomForest,mo_sin_rcnt_tl,structured,0.0,0.0,120
8,Structured+Lexicon,RandomForest,mort_acc,structured,0.001927,0.001927,45
8,Structured+Lexicon,RandomForest,mths_since_last_delinq,structured,0.021035,0.021035,17
8,Structured+Lexicon,RandomForest,mths_since_last_major_derog,structured,0.0,0.0,121
8,Structured+Lexicon,RandomForest,mths_since_last_record,structured,0.004272,0.004272,35
8,Structured+Lexicon,RandomForest,mths_since_recent_bc,structured,0.00661,0.00661,26
8,Structured+Lexicon,RandomForest,mths_since_recent_bc_dlq,structured,0.0,0.0,125
8,Structured+Lexicon,RandomForest,mths_since_recent_inq,structured,0.005878,0.005878,28
8,Structured+Lexicon,RandomForest,mths_since_recent_revol_delinq,structured,0.001548,0.001548,48
8,Structured+Lexicon,RandomForest,num_accts_ever_120_pd,structured,0.0,0.0,124
8,Structured+Lexicon,RandomForest,num_actv_bc_tl,structured,0.0,0.0,122
8,Structured+Lexicon,RandomForest,num_actv_rev_tl,structured,0.0,0.0,123
8,Structured+Lexicon,RandomForest,num_bc_sats,structured,0.0,0.0,126
8,Structured+Lexicon,RandomForest,num_bc_tl,structured,0.0,0.0,127
8,Structured+Lexicon,RandomForest,num_il_tl,structured,0.0,0.0,104
8,Structured+Lexicon,RandomForest,num_op_rev_tl,structured,0.0,0.0,105
8,Structured+Lexicon,RandomForest,num_rev_accts,structured,0.0,0.0,108
8,Structured+Lexicon,RandomForest,num_tl_120dpd_2m,structured,0.0,0.0,109
8,Structured+Lexicon,RandomForest,num_tl_30dpd,structured,0.0,0.0,106
8,Structured+Lexicon,RandomForest,num_tl_90g_dpd_24m,structured,0.0,0.0,107
8,Structured+Lexicon,RandomForest,num_tl_op_past_12m,structured,0.0,0.0,116
8,Structured+Lexicon,RandomForest,open_acc,structured,0.026225,0.026225,13
8,Structured+Lexicon,RandomForest,pct_tl_nvr_dlq,structured,0.0,0.0,117
8,Structured+Lexicon,RandomForest,percent_bc_gt_75,structured,0.004579,0.004579,34
8,Structured+Lexicon,RandomForest,pub_rec,structured,0.002519,0.002519,40
8,Structured+Lexicon,RandomForest,pub_rec_bankruptcies,structured,0.002022,0.002022,44
8,Structured+Lexicon,RandomForest,revol_bal,structured,0.046365,0.046365,9
8,Structured+Lexicon,RandomForest,revol_util,structured,0.058105,0.058105,5
8,Structured+Lexicon,RandomForest,tax_liens,structured,0.0,0.0,110
8,Structured+Lexicon,RandomForest,term,structured,0.050176,0.050176,7
8,Structured+Lexicon,RandomForest,tot_coll_amt,structured,0.0,0.0,115
8,Structured+Lexicon,RandomForest,tot_cur_bal,structured,0.0,0.0,112
8,Structured+Lexicon,RandomForest,total_acc,structured,0.034065,0.034065,12
8,Structured+Lexicon,RandomForest,total_bal_ex_mort,structured,0.006935,0.006935,24
8,Structured+Lexicon,RandomForest,total_bc_limit,structured,0.006705,0.006705,25
8,Structured+Lexicon,RandomForest,total_il_high_credit_limit,structured,0.0,0.0,114
8,Structured+Lexicon,RandomForest,total_rev_hi_lim,structured,0.0,0.0,111
8,Structured+Lexicon,RandomForest,fico_midpoint,structured,0.054269,0.054269,6
8,Structured+Lexicon,RandomForest,credit_history_months,structured,0.043955,0.043955,10
8,Structured+Lexicon,RandomForest,initial_list_status_w,structured,0.0,0.0,113
8,Structured+Lexicon,RandomForest,addr_state_AL,structured,9.8e-05,9.8e-05,79
8,Structured+Lexicon,RandomForest,addr_state_AR,structured,3.5e-05,3.5e-05,85
8,Structured+Lexicon,RandomForest,addr_state_AZ,structured,0.000441,0.000441,60
8,Structured+Lexicon,RandomForest,addr_state_CA,structured,0.004691,0.004691,33
8,Structured+Lexicon,RandomForest,addr_state_CO,structured,0.000276,0.000276,68
8,Structured+Lexicon,RandomForest,addr_state_CT,structured,0.000326,0.000326,65
8,Structured+Lexicon,RandomForest,addr_state_DC,structured,0.00026,0.00026,69
8,Structured+Lexicon,RandomForest,addr_state_DE,structured,2.2e-05,2.2e-05,87
8,Structured+Lexicon,RandomForest,addr_state_FL,structured,0.002307,0.002307,41
8,Structured+Lexicon,RandomForest,addr_state_GA,structured,0.000712,0.000712,56
8,Structured+Lexicon,RandomForest,addr_state_HI,structured,1.1e-05,1.1e-05,91
8,Structured+Lexicon,RandomForest,addr_state_IA,structured,0.0,0.0,103
8,Structured+Lexicon,RandomForest,addr_state_ID,structured,0.0,0.0,102
8,Structured+Lexicon,RandomForest,addr_state_IL,structured,0.001111,0.001111,50
8,Structured+Lexicon,RandomForest,addr_state_IN,structured,0.0,0.0,96
8,Structured+Lexicon,RandomForest,addr_state_KS,structured,0.000116,0.000116,76
8,Structured+Lexicon,RandomForest,addr_state_KY,structured,6.4e-05,6.4e-05,81
8,Structured+Lexicon,RandomForest,addr_state_LA,structured,0.000164,0.000164,72
8,Structured+Lexicon,RandomForest,addr_state_MA,structured,0.000773,0.000773,55
8,Structured+Lexicon,RandomForest,addr_state_MD,structured,0.000387,0.000387,61
8,Structured+Lexicon,RandomForest,addr_state_MI,structured,0.000294,0.000294,66
8,Structured+Lexicon,RandomForest,addr_state_MN,structured,0.00016,0.00016,73
8,Structured+Lexicon,RandomForest,addr_state_MO,structured,0.000191,0.000191,71
8,Structured+Lexicon,RandomForest,addr_state_MS,structured,0.0,0.0,97
8,Structured+Lexicon,RandomForest,addr_state_MT,structured,3e-06,3e-06,92
8,Structured+Lexicon,RandomForest,addr_state_NC,structured,0.000514,0.000514,58
8,Structured+Lexicon,RandomForest,addr_state_NE,structured,0.0,0.0,98
8,Structured+Lexicon,RandomForest,addr_state_NH,structured,1.7e-05,1.7e-05,88
8,Structured+Lexicon,RandomForest,addr_state_NJ,structured,0.001041,0.001041,51
8,Structured+Lexicon,RandomForest,addr_state_NM,structured,8.9e-05,8.9e-05,80
8,Structured+Lexicon,RandomForest,addr_state_NV,structured,0.000361,0.000361,64
8,Structured+Lexicon,RandomForest,addr_state_NY,structured,0.002149,0.002149,42
8,Structured+Lexicon,RandomForest,addr_state_OH,structured,0.000499,0.000499,59
8,Structured+Lexicon,RandomForest,addr_state_OK,structured,4.4e-05,4.4e-05,84
8,Structured+Lexicon,RandomForest,addr_state_OR,structured,0.000102,0.000102,78
8,Structured+Lexicon,RandomForest,addr_state_PA,structured,0.00069,0.00069,57
8,Structured+Lexicon,RandomForest,addr_state_RI,structured,1.4e-05,1.4e-05,89
8,Structured+Lexicon,RandomForest,addr_state_SC,structured,0.000114,0.000114,77
8,Structured+Lexicon,RandomForest,addr_state_SD,structured,3e-06,3e-06,93
8,Structured+Lexicon,RandomForest,addr_state_TN,structured,0.0,0.0,101
8,Structured+Lexicon,RandomForest,addr_state_TX,structured,0.002063,0.002063,43
8,Structured+Lexicon,RandomForest,addr_state_UT,structured,5.9e-05,5.9e-05,82
8,Structured+Lexicon,RandomForest,addr_state_VA,structured,0.000783,0.000783,54
8,Structured+Lexicon,RandomForest,addr_state_VT,structured,3e-06,3e-06,95
8,Structured+Lexicon,RandomForest,addr_state_WA,structured,0.000366,0.000366,62
8,Structured+Lexicon,RandomForest,addr_state_WI,structured,0.000117,0.000117,75
8,Structured+Lexicon,RandomForest,addr_state_WV,structured,2.3e-05,2.3e-05,86
8,Structured+Lexicon,RandomForest,addr_state_WY,structured,1.3e-05,1.3e-05,90
8,Structured+Lexicon,RandomForest,purpose_credit_card,structured,0.005682,0.005682,30
8,Structured+Lexicon,RandomForest,purpose_debt_consolidation,structured,0.00738,0.00738,21
8,Structured+Lexicon,RandomForest,purpose_educational,structured,3e-06,3e-06,94
8,Structured+Lexicon,RandomForest,purpose_home_improvement,structured,0.001827,0.001827,46
8,Structured+Lexicon,RandomForest,purpose_house,structured,0.000122,0.000122,74
8,Structured+Lexicon,RandomForest,purpose_major_purchase,structured,0.001511,0.001511,49
8,Structured+Lexicon,RandomForest,purpose_medical,structured,0.000289,0.000289,67
8,Structured+Lexicon,RandomForest,purpose_moving,structured,0.000818,0.000818,52
8,Structured+Lexicon,RandomForest,purpose_other,structured,0.002906,0.002906,38
8,Structured+Lexicon,RandomForest,purpose_renewable_energy,structured,5.7e-05,5.7e-05,83
8,Structured+Lexicon,RandomForest,purpose_vacation,structured,0.000231,0.000231,70
8,Structured+Lexicon,RandomForest,purpose_wedding,structured,0.000802,0.000802,53
8,Structured+Lexicon,RandomForest,home_ownership_NONE,structured,0.0,0.0,100
8,Structured+Lexicon,RandomForest,home_ownership_OTHER,structured,0.0,0.0,99
8,Structured+Lexicon,RandomForest,home_ownership_OWN,structured,0.00179,0.00179,47
8,Structured+Lexicon,RandomForest,home_ownership_RENT,structured,0.007262,0.007262,22
8,Structured+Lexicon,RandomForest,verification_status_Source Verified,structured,0.005749,0.005749,29
8,Structured+Lexicon,RandomForest,verification_status_Verified,structured,0.00646,0.00646,27
8,Structured+Lexicon,RandomForest,grade_ord,structured,0.059282,0.059282,4
8,Structured+Lexicon,RandomForest,sub_grade_ord,structured,0.085745,0.085745,2
8,Structured+Lexicon,RandomForest,risk_word_count,lexicon,0.016416,0.016416,18
8,Structured+Lexicon,RandomForest,risk_word_density,lexicon,0.023781,0.023781,15
8,Structured+Lexicon,RandomForest,risk_word_flag,lexicon,0.00472,0.00472,32
8,Structured+Lexicon,RandomForest,distress_debt_pressure_count,lexicon,0.015729,0.015729,19
8,Structured+Lexicon,RandomForest,distress_liquidity_shortage_count,lexicon,0.004214,0.004214,36
8,Structured+Lexicon,RandomForest,distress_medical_life_shock_count,lexicon,0.00299,0.00299,37
8,Structured+Lexicon,RandomForest,distress_refinancing_burden_count,lexicon,0.000364,0.000364,63
9,Structured,Logistic,acc_now_delinq,structured,0.0,0.0,126
9,Structured,Logistic,acc_open_past_24mths,structured,0.172406,0.032553,7
9,Structured,Logistic,annual_inc,structured,0.348226,0.065751,2
9,Structured,Logistic,avg_cur_bal,structured,0.092818,0.017526,15
9,Structured,Logistic,bc_open_to_buy,structured,0.255111,0.048169,4
9,Structured,Logistic,bc_util,structured,0.159658,0.030146,8
9,Structured,Logistic,chargeoff_within_12_mths,structured,0.0,0.0,124
9,Structured,Logistic,collections_12_mths_ex_med,structured,0.0,0.0,125
9,Structured,Logistic,delinq_2yrs,structured,0.015352,0.002899,69
9,Structured,Logistic,delinq_amnt,structured,0.0,0.0,123
9,Structured,Logistic,dti,structured,0.033082,0.006246,42
9,Structured,Logistic,emp_length,structured,0.032122,0.006065,43
9,Structured,Logistic,inq_last_6mths,structured,0.15112,0.028534,9
9,Structured,Logistic,int_rate,structured,0.385799,0.072846,1
9,Structured,Logistic,loan_amnt,structured,0.129358,0.024425,11
9,Structured,Logistic,mo_sin_old_il_acct,structured,0.003081,0.000582,106
9,Structured,Logistic,mo_sin_old_rev_tl_op,structured,0.017953,0.00339,62
9,Structured,Logistic,mo_sin_rcnt_rev_tl_op,structured,0.028083,0.005303,49
9,Structured,Logistic,mo_sin_rcnt_tl,structured,0.008733,0.001649,85
9,Structured,Logistic,mort_acc,structured,0.005397,0.001019,96
9,Structured,Logistic,mths_since_last_delinq,structured,0.061737,0.011657,23
9,Structured,Logistic,mths_since_last_major_derog,structured,0.020958,0.003957,58
9,Structured,Logistic,mths_since_last_record,structured,0.048826,0.009219,32
9,Structured,Logistic,mths_since_recent_bc,structured,0.250016,0.047207,5
9,Structured,Logistic,mths_since_recent_bc_dlq,structured,0.002868,0.000542,107
9,Structured,Logistic,mths_since_recent_inq,structured,0.086215,0.016279,16
9,Structured,Logistic,mths_since_recent_revol_delinq,structured,0.000259,4.9e-05,112
9,Structured,Logistic,num_accts_ever_120_pd,structured,0.01531,0.002891,71
9,Structured,Logistic,num_actv_bc_tl,structured,0.031351,0.00592,44
9,Structured,Logistic,num_actv_rev_tl,structured,0.020063,0.003788,61
9,Structured,Logistic,num_bc_sats,structured,0.001593,0.000301,108
9,Structured,Logistic,num_bc_tl,structured,0.079011,0.014919,17
9,Structured,Logistic,num_il_tl,structured,0.030915,0.005837,46
9,Structured,Logistic,num_op_rev_tl,structured,0.03817,0.007207,36
9,Structured,Logistic,num_rev_accts,structured,0.035995,0.006797,40
9,Structured,Logistic,num_tl_120dpd_2m,structured,0.0,0.0,119
9,Structured,Logistic,num_tl_30dpd,structured,0.0,0.0,120
9,Structured,Logistic,num_tl_90g_dpd_24m,structured,0.000515,9.7e-05,110
9,Structured,Logistic,num_tl_op_past_12m,structured,0.01763,0.003329,63
9,Structured,Logistic,open_acc,structured,0.017476,0.0033,64
9,Structured,Logistic,pct_tl_nvr_dlq,structured,0.031251,0.005901,45
9,Structured,Logistic,percent_bc_gt_75,structured,0.034869,0.006584,41
9,Structured,Logistic,pub_rec,structured,0.013994,0.002642,72
9,Structured,Logistic,pub_rec_bankruptcies,structured,0.020645,0.003898,59
9,Structured,Logistic,revol_bal,structured,0.071725,0.013543,21
9,Structured,Logistic,revol_util,structured,0.145725,0.027515,10
9,Structured,Logistic,tax_liens,structured,0.0,0.0,121
9,Structured,Logistic,term,structured,0.278863,0.052654,3
9,Structured,Logistic,tot_coll_amt,structured,0.004564,0.000862,99
9,Structured,Logistic,tot_cur_bal,structured,0.016282,0.003074,66
9,Structured,Logistic,total_acc,structured,0.005166,0.000975,97
9,Structured,Logistic,total_bal_ex_mort,structured,0.028607,0.005401,48
9,Structured,Logistic,total_bc_limit,structured,0.063666,0.012021,22
9,Structured,Logistic,total_il_high_credit_limit,structured,0.036487,0.006889,39
9,Structured,Logistic,total_rev_hi_lim,structured,0.072411,0.013672,20
9,Structured,Logistic,fico_midpoint,structured,0.201824,0.038108,6
9,Structured,Logistic,credit_history_months,structured,0.075924,0.014336,18
9,Structured,Logistic,initial_list_status_w,structured,0.0,0.0,122
9,Structured,Logistic,addr_state_AL,structured,0.007259,0.001371,91
9,Structured,Logistic,addr_state_AR,structured,0.010578,0.001997,80
9,Structured,Logistic,addr_state_AZ,structured,0.003598,0.000679,104
9,Structured,Logistic,addr_state_CA,structured,0.059428,0.011221,24
9,Structured,Logistic,addr_state_CO,structured,0.007727,0.001459,88
9,Structured,Logistic,addr_state_CT,structured,0.011672,0.002204,79
9,Structured,Logistic,addr_state_DC,structured,0.07339,0.013857,19
9,Structured,Logistic,addr_state_DE,structured,0.008508,0.001606,86
9,Structured,Logistic,addr_state_FL,structured,0.049169,0.009284,30
9,Structured,Logistic,addr_state_GA,structured,0.013505,0.00255,73
9,Structured,Logistic,addr_state_HI,structured,0.013004,0.002455,74
9,Structured,Logistic,addr_state_IA,structured,0.015625,0.00295,68
9,Structured,Logistic,addr_state_ID,structured,0.0,0.0,114
9,Structured,Logistic,addr_state_IL,structured,0.044096,0.008326,34
9,Structured,Logistic,addr_state_IN,structured,0.0,0.0,116
9,Structured,Logistic,addr_state_KS,structured,0.027485,0.00519,50
9,Structured,Logistic,addr_state_KY,structured,0.004163,0.000786,103
9,Structured,Logistic,addr_state_LA,structured,0.006455,0.001219,92
9,Structured,Logistic,addr_state_MA,structured,0.012309,0.002324,76
9,Structured,Logistic,addr_state_MD,structured,0.004354,0.000822,100
9,Structured,Logistic,addr_state_MI,structured,0.004225,0.000798,102
9,Structured,Logistic,addr_state_MN,structured,0.000375,7.1e-05,111
9,Structured,Logistic,addr_state_MO,structured,6.7e-05,1.3e-05,113
9,Structured,Logistic,addr_state_MS,structured,0.026357,0.004977,51
9,Structured,Logistic,addr_state_MT,structured,0.016512,0.003118,65
9,Structured,Logistic,addr_state_NC,structured,0.004976,0.00094,98
9,Structured,Logistic,addr_state_NE,structured,0.0,0.0,117
9,Structured,Logistic,addr_state_NH,structured,0.00056,0.000106,109
9,Structured,Logistic,addr_state_NJ,structured,0.036575,0.006906,38
9,Structured,Logistic,addr_state_NM,structured,0.015318,0.002892,70
9,Structured,Logistic,addr_state_NV,structured,0.037563,0.007093,37
9,Structured,Logistic,addr_state_NY,structured,0.02576,0.004864,52
9,Structured,Logistic,addr_state_OH,structured,0.022521,0.004252,56
9,Structured,Logistic,addr_state_OK,structured,0.01007,0.001901,82
9,Structured,Logistic,addr_state_OR,structured,0.004278,0.000808,101
9,Structured,Logistic,addr_state_PA,structured,0.025273,0.004772,53
9,Structured,Logistic,addr_state_RI,structured,0.007459,0.001408,89
9,Structured,Logistic,addr_state_SC,structured,0.009157,0.001729,84
9,Structured,Logistic,addr_state_SD,structured,0.009765,0.001844,83
9,Structured,Logistic,addr_state_TN,structured,0.0,0.0,118
9,Structured,Logistic,addr_state_TX,structured,0.050409,0.009518,28
9,Structured,Logistic,addr_state_UT,structured,0.015643,0.002954,67
9,Structured,Logistic,addr_state_VA,structured,0.022603,0.004268,55
9,Structured,Logistic,addr_state_VT,structured,0.003191,0.000602,105
9,Structured,Logistic,addr_state_WA,structured,0.01025,0.001935,81
9,Structured,Logistic,addr_state_WI,structured,0.006203,0.001171,93
9,Structured,Logistic,addr_state_WV,structured,0.022106,0.004174,57
9,Structured,Logistic,addr_state_WY,structured,0.049102,0.009271,31
9,Structured,Logistic,purpose_credit_card,structured,0.005688,0.001074,94
9,Structured,Logistic,purpose_debt_consolidation,structured,0.100802,0.019033,14
9,Structured,Logistic,purpose_educational,structured,0.020443,0.00386,60
9,Structured,Logistic,purpose_home_improvement,structured,0.039554,0.007469,35
9,Structured,Logistic,purpose_house,structured,0.030603,0.005778,47
9,Structured,Logistic,purpose_major_purchase,structured,0.012702,0.002398,75
9,Structured,Logistic,purpose_medical,structured,0.053811,0.01016,27
9,Structured,Logistic,purpose_moving,structured,0.059111,0.011161,25
9,Structured,Logistic,purpose_other,structured,0.120836,0.022816,13
9,Structured,Logistic,purpose_renewable_energy,structured,0.04413,0.008333,33
9,Structured,Logistic,purpose_vacation,structured,0.054422,0.010276,26
9,Structured,Logistic,purpose_wedding,structured,0.01199,0.002264,77
9,Structured,Logistic,home_ownership_NONE,structured,0.0,0.0,115
9,Structured,Logistic,home_ownership_OTHER,structured,0.049715,0.009387,29
9,Structured,Logistic,home_ownership_OWN,structured,0.011835,0.002235,78
9,Structured,Logistic,home_ownership_RENT,structured,0.005579,0.001053,95
9,Structured,Logistic,verification_status_Source Verified,structured,0.024556,0.004637,54
9,Structured,Logistic,verification_status_Verified,structured,0.007314,0.001381,90
9,Structured,Logistic,grade_ord,structured,0.007878,0.001487,87
9,Structured,Logistic,sub_grade_ord,structured,0.127295,0.024036,12
9,Structured,XGBoost,acc_now_delinq,structured,0.0,0.0,126
9,Structured,XGBoost,acc_open_past_24mths,structured,46.168217,0.016123,7
9,Structured,XGBoost,annual_inc,structured,64.425278,0.022498,4
9,Structured,XGBoost,avg_cur_bal,structured,20.452585,0.007142,76
9,Structured,XGBoost,bc_open_to_buy,structured,26.740433,0.009338,30
9,Structured,XGBoost,bc_util,structured,26.014305,0.009085,33
9,Structured,XGBoost,chargeoff_within_12_mths,structured,0.0,0.0,124
9,Structured,XGBoost,collections_12_mths_ex_med,structured,0.0,0.0,125
9,Structured,XGBoost,delinq_2yrs,structured,17.637665,0.006159,90
9,Structured,XGBoost,delinq_amnt,structured,0.0,0.0,123
9,Structured,XGBoost,dti,structured,25.195982,0.008799,40
9,Structured,XGBoost,emp_length,structured,29.205881,0.010199,18
9,Structured,XGBoost,inq_last_6mths,structured,46.390476,0.0162,6
9,Structured,XGBoost,int_rate,structured,254.294174,0.088803,1
9,Structured,XGBoost,loan_amnt,structured,26.516878,0.00926,31
9,Structured,XGBoost,mo_sin_old_il_acct,structured,15.742666,0.005498,94
9,Structured,XGBoost,mo_sin_old_rev_tl_op,structured,18.974295,0.006626,84
9,Structured,XGBoost,mo_sin_rcnt_rev_tl_op,structured,23.208534,0.008105,55
9,Structured,XGBoost,mo_sin_rcnt_tl,structured,18.45693,0.006445,89
9,Structured,XGBoost,mort_acc,structured,23.243309,0.008117,54
9,Structured,XGBoost,mths_since_last_delinq,structured,27.488726,0.009599,23
9,Structured,XGBoost,mths_since_last_major_derog,structured,18.544991,0.006476,87
9,Structured,XGBoost,mths_since_last_record,structured,28.784294,0.010052,19
9,Structured,XGBoost,mths_since_recent_bc,structured,32.430393,0.011325,15
9,Structured,XGBoost,mths_since_recent_bc_dlq,structured,16.385836,0.005722,93
9,Structured,XGBoost,mths_since_recent_inq,structured,27.827801,0.009718,21
9,Structured,XGBoost,mths_since_recent_revol_delinq,structured,23.079834,0.00806,57
9,Structured,XGBoost,num_accts_ever_120_pd,structured,6.385155,0.00223,103
9,Structured,XGBoost,num_actv_bc_tl,structured,21.3533,0.007457,71
9,Structured,XGBoost,num_actv_rev_tl,structured,16.54973,0.005779,92
9,Structured,XGBoost,num_bc_sats,structured,21.255806,0.007423,72
9,Structured,XGBoost,num_bc_tl,structured,12.236547,0.004273,99
9,Structured,XGBoost,num_il_tl,structured,21.488989,0.007504,69
9,Structured,XGBoost,num_op_rev_tl,structured,27.988939,0.009774,20
9,Structured,XGBoost,num_rev_accts,structured,13.914362,0.004859,96
9,Structured,XGBoost,num_tl_120dpd_2m,structured,0.0,0.0,119
9,Structured,XGBoost,num_tl_30dpd,structured,0.0,0.0,120
9,Structured,XGBoost,num_tl_90g_dpd_24m,structured,0.0,0.0,121
9,Structured,XGBoost,num_tl_op_past_12m,structured,13.401164,0.00468,97
9,Structured,XGBoost,open_acc,structured,22.512442,0.007862,62
9,Structured,XGBoost,pct_tl_nvr_dlq,structured,12.797139,0.004469,98
9,Structured,XGBoost,percent_bc_gt_75,structured,24.194355,0.008449,47
9,Structured,XGBoost,pub_rec,structured,0.0,0.0,122
9,Structured,XGBoost,pub_rec_bankruptcies,structured,20.715345,0.007234,74
9,Structured,XGBoost,revol_bal,structured,27.445049,0.009584,25
9,Structured,XGBoost,revol_util,structured,30.459705,0.010637,16
9,Structured,XGBoost,tax_liens,structured,0.0,0.0,116
9,Structured,XGBoost,term,structured,114.279945,0.039908,2
9,Structured,XGBoost,tot_coll_amt,structured,16.766167,0.005855,91
9,Structured,XGBoost,tot_cur_bal,structured,18.471247,0.00645,88
9,Structured,XGBoost,total_acc,structured,25.054995,0.00875,41
9,Structured,XGBoost,total_bal_ex_mort,structured,25.808512,0.009013,36
9,Structured,XGBoost,total_bc_limit,structured,29.72307,0.01038,17
9,Structured,XGBoost,total_il_high_credit_limit,structured,19.153206,0.006689,83
9,Structured,XGBoost,total_rev_hi_lim,structured,24.130772,0.008427,48
9,Structured,XGBoost,fico_midpoint,structured,35.948715,0.012554,9
9,Structured,XGBoost,credit_history_months,structured,26.756771,0.009344,29
9,Structured,XGBoost,initial_list_status_w,structured,0.0,0.0,117
9,Structured,XGBoost,addr_state_AL,structured,14.653835,0.005117,95
9,Structured,XGBoost,addr_state_AR,structured,19.407049,0.006777,81
9,Structured,XGBoost,addr_state_AZ,structured,0.0,0.0,118
9,Structured,XGBoost,addr_state_CA,structured,32.829689,0.011465,12
9,Structured,XGBoost,addr_state_CO,structured,7.640878,0.002668,102
9,Structured,XGBoost,addr_state_CT,structured,24.403856,0.008522,44
9,Structured,XGBoost,addr_state_DC,structured,35.456104,0.012382,10
9,Structured,XGBoost,addr_state_DE,structured,10.117135,0.003533,101
9,Structured,XGBoost,addr_state_FL,structured,27.367399,0.009557,26
9,Structured,XGBoost,addr_state_GA,structured,20.494427,0.007157,75
9,Structured,XGBoost,addr_state_HI,structured,23.808319,0.008314,50
9,Structured,XGBoost,addr_state_IA,structured,0.0,0.0,112
9,Structured,XGBoost,addr_state_ID,structured,0.0,0.0,111
9,Structured,XGBoost,addr_state_IL,structured,32.507198,0.011352,14
9,Structured,XGBoost,addr_state_IN,structured,0.0,0.0,113
9,Structured,XGBoost,addr_state_KS,structured,21.557602,0.007528,68
9,Structured,XGBoost,addr_state_KY,structured,22.467915,0.007846,64
9,Structured,XGBoost,addr_state_LA,structured,26.855925,0.009378,28
9,Structured,XGBoost,addr_state_MA,structured,22.562878,0.007879,61
9,Structured,XGBoost,addr_state_MD,structured,25.052618,0.008749,42
9,Structured,XGBoost,addr_state_MI,structured,23.149445,0.008084,56
9,Structured,XGBoost,addr_state_MN,structured,24.328197,0.008496,45
9,Structured,XGBoost,addr_state_MO,structured,18.768703,0.006554,85
9,Structured,XGBoost,addr_state_MS,structured,0.0,0.0,110
9,Structured,XGBoost,addr_state_MT,structured,19.507381,0.006812,80
9,Structured,XGBoost,addr_state_NC,structured,27.638237,0.009652,22
9,Structured,XGBoost,addr_state_NE,structured,0.0,0.0,109
9,Structured,XGBoost,addr_state_NH,structured,24.245094,0.008467,46
9,Structured,XGBoost,addr_state_NJ,structured,27.282551,0.009527,27
9,Structured,XGBoost,addr_state_NM,structured,25.558424,0.008925,38
9,Structured,XGBoost,addr_state_NV,structured,25.57469,0.008931,37
9,Structured,XGBoost,addr_state_NY,structured,19.186777,0.0067,82
9,Structured,XGBoost,addr_state_OH,structured,20.947193,0.007315,73
9,Structured,XGBoost,addr_state_OK,structured,0.0,0.0,115
9,Structured,XGBoost,addr_state_OR,structured,0.0,0.0,108
9,Structured,XGBoost,addr_state_PA,structured,19.528366,0.00682,79
9,Structured,XGBoost,addr_state_RI,structured,0.0,0.0,114
9,Structured,XGBoost,addr_state_SC,structured,19.668282,0.006868,78
9,Structured,XGBoost,addr_state_SD,structured,22.153164,0.007736,65
9,Structured,XGBoost,addr_state_TN,structured,0.0,0.0,106
9,Structured,XGBoost,addr_state_TX,structured,34.62851,0.012093,11
9,Structured,XGBoost,addr_state_UT,structured,22.013824,0.007688,66
9,Structured,XGBoost,addr_state_VA,structured,18.553724,0.006479,86
9,Structured,XGBoost,addr_state_VT,structured,0.0,0.0,105
9,Structured,XGBoost,addr_state_WA,structured,24.938324,0.008709,43
9,Structured,XGBoost,addr_state_WI,structured,22.475779,0.007849,63
9,Structured,XGBoost,addr_state_WV,structured,23.735126,0.008289,51
9,Structured,XGBoost,addr_state_WY,structured,25.49946,0.008905,39
9,Structured,XGBoost,purpose_credit_card,structured,51.484619,0.017979,5
9,Structured,XGBoost,purpose_debt_consolidation,structured,23.617702,0.008248,52
9,Structured,XGBoost,purpose_educational,structured,0.0,0.0,104
9,Structured,XGBoost,purpose_home_improvement,structured,23.528206,0.008216,53
9,Structured,XGBoost,purpose_house,structured,24.111645,0.00842,49
9,Structured,XGBoost,purpose_major_purchase,structured,26.505314,0.009256,32
9,Structured,XGBoost,purpose_medical,structured,22.756851,0.007947,59
9,Structured,XGBoost,purpose_moving,structured,22.724262,0.007936,60
9,Structured,XGBoost,purpose_other,structured,32.762184,0.011441,13
9,Structured,XGBoost,purpose_renewable_energy,structured,25.847946,0.009026,35
9,Structured,XGBoost,purpose_vacation,structured,21.359884,0.007459,70
9,Structured,XGBoost,purpose_wedding,structured,27.44713,0.009585,24
9,Structured,XGBoost,home_ownership_NONE,structured,0.0,0.0,107
9,Structured,XGBoost,home_ownership_OTHER,structured,12.077179,0.004218,100
9,Structured,XGBoost,home_ownership_OWN,structured,19.981474,0.006978,77
9,Structured,XGBoost,home_ownership_RENT,structured,25.896339,0.009043,34
9,Structured,XGBoost,verification_status_Source Verified,structured,21.735096,0.00759,67
9,Structured,XGBoost,verification_status_Verified,structured,22.897455,0.007996,58
9,Structured,XGBoost,grade_ord,structured,78.28952,0.02734,3
9,Structured,XGBoost,sub_grade_ord,structured,37.98967,0.013267,8
9,Structured,RandomForest,acc_now_delinq,structured,0.0,0.0,126
9,Structured,RandomForest,acc_open_past_24mths,structured,0.013657,0.013657,22
9,Structured,RandomForest,annual_inc,structured,0.077591,0.077591,3
9,Structured,RandomForest,avg_cur_bal,structured,0.000249,0.000249,63
9,Structured,RandomForest,bc_open_to_buy,structured,0.01732,0.01732,17
9,Structured,RandomForest,bc_util,structured,0.016839,0.016839,19
9,Structured,RandomForest,chargeoff_within_12_mths,structured,0.0,0.0,124
9,Structured,RandomForest,collections_12_mths_ex_med,structured,0.0,0.0,125
9,Structured,RandomForest,delinq_2yrs,structured,0.002746,0.002746,36
9,Structured,RandomForest,delinq_amnt,structured,0.0,0.0,123
9,Structured,RandomForest,dti,structured,0.04881,0.04881,7
9,Structured,RandomForest,emp_length,structured,0.024307,0.024307,14
9,Structured,RandomForest,inq_last_6mths,structured,0.019942,0.019942,16
9,Structured,RandomForest,int_rate,structured,0.112238,0.112238,1
9,Structured,RandomForest,loan_amnt,structured,0.042231,0.042231,11
9,Structured,RandomForest,mo_sin_old_il_acct,structured,0.000217,0.000217,67
9,Structured,RandomForest,mo_sin_old_rev_tl_op,structured,0.00021,0.00021,68
9,Structured,RandomForest,mo_sin_rcnt_rev_tl_op,structured,0.000207,0.000207,69
9,Structured,RandomForest,mo_sin_rcnt_tl,structured,0.000239,0.000239,65
9,Structured,RandomForest,mort_acc,structured,0.00511,0.00511,31
9,Structured,RandomForest,mths_since_last_delinq,structured,0.02075,0.02075,15
9,Structured,RandomForest,mths_since_last_major_derog,structured,9e-06,9e-06,104
9,Structured,RandomForest,mths_since_last_record,structured,0.003199,0.003199,34
9,Structured,RandomForest,mths_since_recent_bc,structured,0.016511,0.016511,20
9,Structured,RandomForest,mths_since_recent_bc_dlq,structured,2.1e-05,2.1e-05,98
9,Structured,RandomForest,mths_since_recent_inq,structured,0.013153,0.013153,23
9,Structured,RandomForest,mths_since_recent_revol_delinq,structured,0.004436,0.004436,32
9,Structured,RandomForest,num_accts_ever_120_pd,structured,1e-05,1e-05,102
9,Structured,RandomForest,num_actv_bc_tl,structured,0.000139,0.000139,78
9,Structured,RandomForest,num_actv_rev_tl,structured,0.000115,0.000115,83
9,Structured,RandomForest,num_bc_sats,structured,0.006527,0.006527,27
9,Structured,RandomForest,num_bc_tl,structured,0.00013,0.00013,79
9,Structured,RandomForest,num_il_tl,structured,0.000149,0.000149,75
9,Structured,RandomForest,num_op_rev_tl,structured,0.000144,0.000144,76
9,Structured,RandomForest,num_rev_accts,structured,0.00015,0.00015,74
9,Structured,RandomForest,num_tl_120dpd_2m,structured,0.0,0.0,119
9,Structured,RandomForest,num_tl_30dpd,structured,0.0,0.0,120
9,Structured,RandomForest,num_tl_90g_dpd_24m,structured,0.0,0.0,121
9,Structured,RandomForest,num_tl_op_past_12m,structured,0.000124,0.000124,81
9,Structured,RandomForest,open_acc,structured,0.025707,0.025707,13
9,Structured,RandomForest,pct_tl_nvr_dlq,structured,0.000117,0.000117,82
9,Structured,RandomForest,percent_bc_gt_75,structured,0.010715,0.010715,24
9,Structured,RandomForest,pub_rec,structured,0.001642,0.001642,42
9,Structured,RandomForest,pub_rec_bankruptcies,structured,0.00142,0.00142,43
9,Structured,RandomForest,revol_bal,structured,0.045747,0.045747,8
9,Structured,RandomForest,revol_util,structured,0.054407,0.054407,5
9,Structured,RandomForest,tax_liens,structured,0.0,0.0,122
9,Structured,RandomForest,term,structured,0.044659,0.044659,9
9,Structured,RandomForest,tot_coll_amt,structured,0.0,0.0,118
9,Structured,RandomForest,tot_cur_bal,structured,0.00024,0.00024,64
9,Structured,RandomForest,total_acc,structured,0.034156,0.034156,12
9,Structured,RandomForest,total_bal_ex_mort,structured,0.01687,0.01687,18
9,Structured,RandomForest,total_bc_limit,structured,0.016367,0.016367,21
9,Structured,RandomForest,total_il_high_credit_limit,structured,0.000142,0.000142,77
9,Structured,RandomForest,total_rev_hi_lim,structured,0.000308,0.000308,59
9,Structured,RandomForest,fico_midpoint,structured,0.053148,0.053148,6
9,Structured,RandomForest,credit_history_months,structured,0.043462,0.043462,10
9,Structured,RandomForest,initial_list_status_w,structured,0.0,0.0,117
9,Structured,RandomForest,addr_state_AL,structured,0.000128,0.000128,80
9,Structured,RandomForest,addr_state_AR,structured,3.7e-05,3.7e-05,94
9,Structured,RandomForest,addr_state_AZ,structured,0.000427,0.000427,54
9,Structured,RandomForest,addr_state_CA,structured,0.004339,0.004339,33
9,Structured,RandomForest,addr_state_CO,structured,0.000218,0.000218,66
9,Structured,RandomForest,addr_state_CT,structured,0.000274,0.000274,62
9,Structured,RandomForest,addr_state_DC,structured,0.000176,0.000176,73
9,Structured,RandomForest,addr_state_DE,structured,3e-06,3e-06,106
9,Structured,RandomForest,addr_state_FL,structured,0.002364,0.002364,37
9,Structured,RandomForest,addr_state_GA,structured,0.000721,0.000721,49
9,Structured,RandomForest,addr_state_HI,structured,2.5e-05,2.5e-05,96
9,Structured,RandomForest,addr_state_IA,structured,0.0,0.0,112
9,Structured,RandomForest,addr_state_ID,structured,0.0,0.0,111
9,Structured,RandomForest,addr_state_IL,structured,0.00132,0.00132,44
9,Structured,RandomForest,addr_state_IN,structured,0.0,0.0,113
9,Structured,RandomForest,addr_state_KS,structured,0.000113,0.000113,84
9,Structured,RandomForest,addr_state_KY,structured,5.3e-05,5.3e-05,91
9,Structured,RandomForest,addr_state_LA,structured,0.000108,0.000108,85
9,Structured,RandomForest,addr_state_MA,structured,0.000707,0.000707,50
9,Structured,RandomForest,addr_state_MD,structured,0.000345,0.000345,57
9,Structured,RandomForest,addr_state_MI,structured,0.000311,0.000311,58
9,Structured,RandomForest,addr_state_MN,structured,0.000186,0.000186,72
9,Structured,RandomForest,addr_state_MO,structured,0.000203,0.000203,70
9,Structured,RandomForest,addr_state_MS,structured,0.0,0.0,114
9,Structured,RandomForest,addr_state_MT,structured,7e-06,7e-06,105
9,Structured,RandomForest,addr_state_NC,structured,0.000405,0.000405,55
9,Structured,RandomForest,addr_state_NE,structured,0.0,0.0,115
9,Structured,RandomForest,addr_state_NH,structured,1.9e-05,1.9e-05,100
9,Structured,RandomForest,addr_state_NJ,structured,0.000989,0.000989,46
9,Structured,RandomForest,addr_state_NM,structured,5.3e-05,5.3e-05,92
9,Structured,RandomForest,addr_state_NV,structured,0.00029,0.00029,61
9,Structured,RandomForest,addr_state_NY,structured,0.002293,0.002293,38
9,Structured,RandomForest,addr_state_OH,structured,0.000516,0.000516,53
9,Structured,RandomForest,addr_state_OK,structured,3.3e-05,3.3e-05,95
9,Structured,RandomForest,addr_state_OR,structured,0.0001,0.0001,88
9,Structured,RandomForest,addr_state_PA,structured,0.000726,0.000726,48
9,Structured,RandomForest,addr_state_RI,structured,2.3e-05,2.3e-05,97
9,Structured,RandomForest,addr_state_SC,structured,0.000101,0.000101,87
9,Structured,RandomForest,addr_state_SD,structured,0.0,0.0,110
9,Structured,RandomForest,addr_state_TN,structured,0.0,0.0,109
9,Structured,RandomForest,addr_state_TX,structured,0.002217,0.002217,39
9,Structured,RandomForest,addr_state_UT,structured,3.9e-05,3.9e-05,93
9,Structured,RandomForest,addr_state_VA,structured,0.00079,0.00079,47
9,Structured,RandomForest,addr_state_VT,structured,1e-06,1e-06,107
9,Structured,RandomForest,addr_state_WA,structured,0.000393,0.000393,56
9,Structured,RandomForest,addr_state_WI,structured,0.000104,0.000104,86
9,Structured,RandomForest,addr_state_WV,structured,1.9e-05,1.9e-05,99
9,Structured,RandomForest,addr_state_WY,structured,1.5e-05,1.5e-05,101
9,Structured,RandomForest,purpose_credit_card,structured,0.0058,0.0058,29
9,Structured,RandomForest,purpose_debt_consolidation,structured,0.007474,0.007474,25
9,Structured,RandomForest,purpose_educational,structured,9e-06,9e-06,103
9,Structured,RandomForest,purpose_home_improvement,structured,0.001779,0.001779,41
9,Structured,RandomForest,purpose_house,structured,9.6e-05,9.6e-05,89
9,Structured,RandomForest,purpose_major_purchase,structured,0.001267,0.001267,45
9,Structured,RandomForest,purpose_medical,structured,0.000294,0.000294,60
9,Structured,RandomForest,purpose_moving,structured,0.000595,0.000595,52
9,Structured,RandomForest,purpose_other,structured,0.002944,0.002944,35
9,Structured,RandomForest,purpose_renewable_energy,structured,5.3e-05,5.3e-05,90
9,Structured,RandomForest,purpose_vacation,structured,0.00019,0.00019,71
9,Structured,RandomForest,purpose_wedding,structured,0.000681,0.000681,51
9,Structured,RandomForest,home_ownership_NONE,structured,0.0,0.0,108
9,Structured,RandomForest,home_ownership_OTHER,structured,0.0,0.0,116
9,Structured,RandomForest,home_ownership_OWN,structured,0.001796,0.001796,40
9,Structured,RandomForest,home_ownership_RENT,structured,0.007038,0.007038,26
9,Structured,RandomForest,verification_status_Source Verified,structured,0.005262,0.005262,30
9,Structured,RandomForest,verification_status_Verified,structured,0.006495,0.006495,28
9,Structured,RandomForest,grade_ord,structured,0.060827,0.060827,4
9,Structured,RandomForest,sub_grade_ord,structured,0.079624,0.079624,2
9,Structured+Lexicon,Logistic,acc_now_delinq,structured,0.0,0.0,133
9,Structured+Lexicon,Logistic,acc_open_past_24mths,structured,0.172958,0.031501,7
9,Structured+Lexicon,Logistic,annual_inc,structured,0.347997,0.063381,2
9,Structured+Lexicon,Logistic,avg_cur_bal,structured,0.094319,0.017178,15
9,Structured+Lexicon,Logistic,bc_open_to_buy,structured,0.253075,0.046092,4
9,Structured+Lexicon,Logistic,bc_util,structured,0.160118,0.029162,8
9,Structured+Lexicon,Logistic,chargeoff_within_12_mths,structured,0.0,0.0,131
9,Structured+Lexicon,Logistic,collections_12_mths_ex_med,structured,0.0,0.0,132
9,Structured+Lexicon,Logistic,delinq_2yrs,structured,0.015297,0.002786,73
9,Structured+Lexicon,Logistic,delinq_amnt,structured,0.0,0.0,130
9,Structured+Lexicon,Logistic,dti,structured,0.034492,0.006282,43
9,Structured+Lexicon,Logistic,emp_length,structured,0.02821,0.005138,52
9,Structured+Lexicon,Logistic,inq_last_6mths,structured,0.149994,0.027318,9
9,Structured+Lexicon,Logistic,int_rate,structured,0.361298,0.065803,1
9,Structured+Lexicon,Logistic,loan_amnt,structured,0.141397,0.025753,11
9,Structured+Lexicon,Logistic,mo_sin_old_il_acct,structured,0.002765,0.000504,114
9,Structured+Lexicon,Logistic,mo_sin_old_rev_tl_op,structured,0.017056,0.003106,69
9,Structured+Lexicon,Logistic,mo_sin_rcnt_rev_tl_op,structured,0.028645,0.005217,50
9,Structured+Lexicon,Logistic,mo_sin_rcnt_tl,structured,0.009911,0.001805,89
9,Structured+Lexicon,Logistic,mort_acc,structured,0.004652,0.000847,106
9,Structured+Lexicon,Logistic,mths_since_last_delinq,structured,0.063042,0.011482,23
9,Structured+Lexicon,Logistic,mths_since_last_major_derog,structured,0.020854,0.003798,65
9,Structured+Lexicon,Logistic,mths_since_last_record,structured,0.04773,0.008693,32
9,Structured+Lexicon,Logistic,mths_since_recent_bc,structured,0.250021,0.045536,5
9,Structured+Lexicon,Logistic,mths_since_recent_bc_dlq,structured,0.003158,0.000575,113
9,Structured+Lexicon,Logistic,mths_since_recent_inq,structured,0.088307,0.016083,16
9,Structured+Lexicon,Logistic,mths_since_recent_revol_delinq,structured,0.000785,0.000143,118
9,Structured+Lexicon,Logistic,num_accts_ever_120_pd,structured,0.015278,0.002783,74
9,Structured+Lexicon,Logistic,num_actv_bc_tl,structured,0.032714,0.005958,46
9,Structured+Lexicon,Logistic,num_actv_rev_tl,structured,0.02118,0.003857,64
9,Structured+Lexicon,Logistic,num_bc_sats,structured,0.006428,0.001171,101
9,Structured+Lexicon,Logistic,num_bc_tl,structured,0.078776,0.014347,17
9,Structured+Lexicon,Logistic,num_il_tl,structured,0.031274,0.005696,47
9,Structured+Lexicon,Logistic,num_op_rev_tl,structured,0.038432,0.007,38
9,Structured+Lexicon,Logistic,num_rev_accts,structured,0.034188,0.006227,44
9,Structured+Lexicon,Logistic,num_tl_120dpd_2m,structured,0.0,0.0,126
9,Structured+Lexicon,Logistic,num_tl_30dpd,structured,0.0,0.0,127
9,Structured+Lexicon,Logistic,num_tl_90g_dpd_24m,structured,0.000516,9.4e-05,119
9,Structured+Lexicon,Logistic,num_tl_op_past_12m,structured,0.018186,0.003312,67
9,Structured+Lexicon,Logistic,open_acc,structured,0.020778,0.003784,66
9,Structured+Lexicon,Logistic,pct_tl_nvr_dlq,structured,0.03125,0.005692,48
9,Structured+Lexicon,Logistic,percent_bc_gt_75,structured,0.039339,0.007165,37
9,Structured+Lexicon,Logistic,pub_rec,structured,0.013721,0.002499,77
9,Structured+Lexicon,Logistic,pub_rec_bankruptcies,structured,0.022301,0.004062,61
9,Structured+Lexicon,Logistic,revol_bal,structured,0.071857,0.013087,22
9,Structured+Lexicon,Logistic,revol_util,structured,0.148168,0.026986,10
9,Structured+Lexicon,Logistic,tax_liens,structured,0.0,0.0,128
9,Structured+Lexicon,Logistic,term,structured,0.281163,0.051208,3
9,Structured+Lexicon,Logistic,tot_coll_amt,structured,0.005008,0.000912,104
9,Structured+Lexicon,Logistic,tot_cur_bal,structured,0.017353,0.00316,68
9,Structured+Lexicon,Logistic,total_acc,structured,0.005855,0.001066,102
9,Structured+Lexicon,Logistic,total_bal_ex_mort,structured,0.028452,0.005182,51
9,Structured+Lexicon,Logistic,total_bc_limit,structured,0.073932,0.013465,19
9,Structured+Lexicon,Logistic,total_il_high_credit_limit,structured,0.035363,0.006441,42
9,Structured+Lexicon,Logistic,total_rev_hi_lim,structured,0.075059,0.01367,18
9,Structured+Lexicon,Logistic,fico_midpoint,structured,0.20345,0.037054,6
9,Structured+Lexicon,Logistic,credit_history_months,structured,0.072707,0.013242,21
9,Structured+Lexicon,Logistic,initial_list_status_w,structured,0.0,0.0,129
9,Structured+Lexicon,Logistic,addr_state_AL,structured,0.006938,0.001264,97
9,Structured+Lexicon,Logistic,addr_state_AR,structured,0.010597,0.00193,87
9,Structured+Lexicon,Logistic,addr_state_AZ,structured,0.004227,0.00077,108
9,Structured+Lexicon,Logistic,addr_state_CA,structured,0.059274,0.010796,25
9,Structured+Lexicon,Logistic,addr_state_CO,structured,0.00714,0.0013,96
9,Structured+Lexicon,Logistic,addr_state_CT,structured,0.011374,0.002071,83
9,Structured+Lexicon,Logistic,addr_state_DC,structured,0.073558,0.013397,20
9,Structured+Lexicon,Logistic,addr_state_DE,structured,0.008885,0.001618,92
9,Structured+Lexicon,Logistic,addr_state_FL,structured,0.049311,0.008981,30
9,Structured+Lexicon,Logistic,addr_state_GA,structured,0.01463,0.002665,75
9,Structured+Lexicon,Logistic,addr_state_HI,structured,0.013544,0.002467,78
9,Structured+Lexicon,Logistic,addr_state_IA,structured,0.015625,0.002846,71
9,Structured+Lexicon,Logistic,addr_state_ID,structured,0.0,0.0,121
9,Structured+Lexicon,Logistic,addr_state_IL,structured,0.044421,0.00809,35
9,Structured+Lexicon,Logistic,addr_state_IN,structured,0.0,0.0,123
9,Structured+Lexicon,Logistic,addr_state_KS,structured,0.027718,0.005048,53
9,Structured+Lexicon,Logistic,addr_state_KY,structured,0.0036,0.000656,112
9,Structured+Lexicon,Logistic,addr_state_LA,structured,0.006641,0.001209,98
9,Structured+Lexicon,Logistic,addr_state_MA,structured,0.012019,0.002189,81
9,Structured+Lexicon,Logistic,addr_state_MD,structured,0.004128,0.000752,109
9,Structured+Lexicon,Logistic,addr_state_MI,structured,0.00407,0.000741,110
9,Structured+Lexicon,Logistic,addr_state_MN,structured,0.00122,0.000222,115
9,Structured+Lexicon,Logistic,addr_state_MO,structured,0.000869,0.000158,117
9,Structured+Lexicon,Logistic,addr_state_MS,structured,0.026366,0.004802,54
9,Structured+Lexicon,Logistic,addr_state_MT,structured,0.01607,0.002927,70
9,Structured+Lexicon,Logistic,addr_state_NC,structured,0.004807,0.000875,105
9,Structured+Lexicon,Logistic,addr_state_NE,structured,0.0,0.0,124
9,Structured+Lexicon,Logistic,addr_state_NH,structured,0.000286,5.2e-05,120
9,Structured+Lexicon,Logistic,addr_state_NJ,structured,0.036803,0.006703,40
9,Structured+Lexicon,Logistic,addr_state_NM,structured,0.015339,0.002794,72
9,Structured+Lexicon,Logistic,addr_state_NV,structured,0.037703,0.006867,39
9,Structured+Lexicon,Logistic,addr_state_NY,structured,0.024391,0.004442,56
9,Structured+Lexicon,Logistic,addr_state_OH,structured,0.022331,0.004067,60
9,Structured+Lexicon,Logistic,addr_state_OK,structured,0.010062,0.001833,88
9,Structured+Lexicon,Logistic,addr_state_OR,structured,0.004232,0.000771,107
9,Structured+Lexicon,Logistic,addr_state_PA,structured,0.025488,0.004642,55
9,Structured+Lexicon,Logistic,addr_state_RI,structured,0.007581,0.001381,95
9,Structured+Lexicon,Logistic,addr_state_SC,structured,0.00879,0.001601,93
9,Structured+Lexicon,Logistic,addr_state_SD,structured,0.009178,0.001672,91
9,Structured+Lexicon,Logistic,addr_state_TN,structured,0.0,0.0,125
9,Structured+Lexicon,Logistic,addr_state_TX,structured,0.050922,0.009274,27
9,Structured+Lexicon,Logistic,addr_state_UT,structured,0.013865,0.002525,76
9,Structured+Lexicon,Logistic,addr_state_VA,structured,0.022867,0.004165,58
9,Structured+Lexicon,Logistic,addr_state_VT,structured,0.003724,0.000678,111
9,Structured+Lexicon,Logistic,addr_state_WA,structured,0.010769,0.001961,85
9,Structured+Lexicon,Logistic,addr_state_WI,structured,0.005516,0.001005,103
9,Structured+Lexicon,Logistic,addr_state_WV,structured,0.022374,0.004075,59
9,Structured+Lexicon,Logistic,addr_state_WY,structured,0.049343,0.008987,29
9,Structured+Lexicon,Logistic,purpose_credit_card,structured,0.009539,0.001737,90
9,Structured+Lexicon,Logistic,purpose_debt_consolidation,structured,0.12258,0.022325,12
9,Structured+Lexicon,Logistic,purpose_educational,structured,0.021432,0.003903,63
9,Structured+Lexicon,Logistic,purpose_home_improvement,structured,0.036431,0.006635,41
9,Structured+Lexicon,Logistic,purpose_house,structured,0.030012,0.005466,49
9,Structured+Lexicon,Logistic,purpose_major_purchase,structured,0.012837,0.002338,79
9,Structured+Lexicon,Logistic,purpose_medical,structured,0.048752,0.008879,31
9,Structured+Lexicon,Logistic,purpose_moving,structured,0.059618,0.010858,24
9,Structured+Lexicon,Logistic,purpose_other,structured,0.122422,0.022297,13
9,Structured+Lexicon,Logistic,purpose_renewable_energy,structured,0.044653,0.008133,34
9,Structured+Lexicon,Logistic,purpose_vacation,structured,0.054669,0.009957,26
9,Structured+Lexicon,Logistic,purpose_wedding,structured,0.01148,0.002091,82
9,Structured+Lexicon,Logistic,home_ownership_NONE,structured,0.0,0.0,122
9,Structured+Lexicon,Logistic,home_ownership_OTHER,structured,0.049668,0.009046,28
9,Structured+Lexicon,Logistic,home_ownership_OWN,structured,0.010654,0.00194,86
9,Structured+Lexicon,Logistic,home_ownership_RENT,structured,0.00643,0.001171,100
9,Structured+Lexicon,Logistic,verification_status_Source Verified,structured,0.023893,0.004352,57
9,Structured+Lexicon,Logistic,verification_status_Verified,structured,0.008328,0.001517,94
9,Structured+Lexicon,Logistic,grade_ord,structured,0.012657,0.002305,80
9,Structured+Lexicon,Logistic,sub_grade_ord,structured,0.112599,0.020508,14
9,Structured+Lexicon,Logistic,risk_word_count,lexicon,0.033499,0.006101,45
9,Structured+Lexicon,Logistic,risk_word_density,lexicon,0.011085,0.002019,84
9,Structured+Lexicon,Logistic,risk_word_flag,lexicon,0.022178,0.004039,62
9,Structured+Lexicon,Logistic,distress_debt_pressure_count,lexicon,0.04686,0.008535,33
9,Structured+Lexicon,Logistic,distress_liquidity_shortage_count,lexicon,0.006498,0.001183,99
9,Structured+Lexicon,Logistic,distress_medical_life_shock_count,lexicon,0.043215,0.007871,36
9,Structured+Lexicon,Logistic,distress_refinancing_burden_count,lexicon,0.001208,0.00022,116
9,Structured+Lexicon,XGBoost,acc_now_delinq,structured,0.0,0.0,133
9,Structured+Lexicon,XGBoost,acc_open_past_24mths,structured,45.427158,0.014353,7
9,Structured+Lexicon,XGBoost,annual_inc,structured,66.257919,0.020935,4
9,Structured+Lexicon,XGBoost,avg_cur_bal,structured,25.31937,0.008,47
9,Structured+Lexicon,XGBoost,bc_open_to_buy,structured,28.480688,0.008999,27
9,Structured+Lexicon,XGBoost,bc_util,structured,25.670431,0.008111,44
9,Structured+Lexicon,XGBoost,chargeoff_within_12_mths,structured,0.0,0.0,131
9,Structured+Lexicon,XGBoost,collections_12_mths_ex_med,structured,0.0,0.0,132
9,Structured+Lexicon,XGBoost,delinq_2yrs,structured,15.520021,0.004904,105
9,Structured+Lexicon,XGBoost,delinq_amnt,structured,0.0,0.0,130
9,Structured+Lexicon,XGBoost,dti,structured,25.682957,0.008115,43
9,Structured+Lexicon,XGBoost,emp_length,structured,29.74935,0.0094,22
9,Structured+Lexicon,XGBoost,inq_last_6mths,structured,47.29076,0.014942,6
9,Structured+Lexicon,XGBoost,int_rate,structured,247.087799,0.078071,1
9,Structured+Lexicon,XGBoost,loan_amnt,structured,25.422838,0.008033,46
9,Structured+Lexicon,XGBoost,mo_sin_old_il_acct,structured,18.016394,0.005693,100
9,Structured+Lexicon,XGBoost,mo_sin_old_rev_tl_op,structured,18.826353,0.005948,94
9,Structured+Lexicon,XGBoost,mo_sin_rcnt_rev_tl_op,structured,23.603611,0.007458,62
9,Structured+Lexicon,XGBoost,mo_sin_rcnt_tl,structured,22.982849,0.007262,68
9,Structured+Lexicon,XGBoost,mort_acc,structured,23.338551,0.007374,65
9,Structured+Lexicon,XGBoost,mths_since_last_delinq,structured,28.363224,0.008962,28
9,Structured+Lexicon,XGBoost,mths_since_last_major_derog,structured,19.463722,0.00615,90
9,Structured+Lexicon,XGBoost,mths_since_last_record,structured,32.918106,0.010401,15
9,Structured+Lexicon,XGBoost,mths_since_recent_bc,structured,32.775974,0.010356,16
9,Structured+Lexicon,XGBoost,mths_since_recent_bc_dlq,structured,17.000521,0.005372,103
9,Structured+Lexicon,XGBoost,mths_since_recent_inq,structured,30.47839,0.00963,21
9,Structured+Lexicon,XGBoost,mths_since_recent_revol_delinq,structured,23.794271,0.007518,61
9,Structured+Lexicon,XGBoost,num_accts_ever_120_pd,structured,5.963604,0.001884,110
9,Structured+Lexicon,XGBoost,num_actv_bc_tl,structured,22.402458,0.007078,74
9,Structured+Lexicon,XGBoost,num_actv_rev_tl,structured,22.504713,0.007111,72
9,Structured+Lexicon,XGBoost,num_bc_sats,structured,21.852081,0.006904,81
9,Structured+Lexicon,XGBoost,num_bc_tl,structured,19.437408,0.006142,91
9,Structured+Lexicon,XGBoost,num_il_tl,structured,18.743748,0.005922,97
9,Structured+Lexicon,XGBoost,num_op_rev_tl,structured,15.238697,0.004815,106
9,Structured+Lexicon,XGBoost,num_rev_accts,structured,13.522596,0.004273,108
9,Structured+Lexicon,XGBoost,num_tl_120dpd_2m,structured,0.0,0.0,126
9,Structured+Lexicon,XGBoost,num_tl_30dpd,structured,0.0,0.0,127
9,Structured+Lexicon,XGBoost,num_tl_90g_dpd_24m,structured,0.0,0.0,128
9,Structured+Lexicon,XGBoost,num_tl_op_past_12m,structured,18.768356,0.00593,96
9,Structured+Lexicon,XGBoost,open_acc,structured,23.34786,0.007377,64
9,Structured+Lexicon,XGBoost,pct_tl_nvr_dlq,structured,14.870529,0.004699,107
9,Structured+Lexicon,XGBoost,percent_bc_gt_75,structured,24.919756,0.007874,50
9,Structured+Lexicon,XGBoost,pub_rec,structured,19.101675,0.006035,93
9,Structured+Lexicon,XGBoost,pub_rec_bankruptcies,structured,24.449299,0.007725,56
9,Structured+Lexicon,XGBoost,revol_bal,structured,27.525009,0.008697,32
9,Structured+Lexicon,XGBoost,revol_util,structured,31.174417,0.00985,19
9,Structured+Lexicon,XGBoost,tax_liens,structured,0.0,0.0,129
9,Structured+Lexicon,XGBoost,term,structured,117.303635,0.037064,2
9,Structured+Lexicon,XGBoost,tot_coll_amt,structured,0.0,0.0,124
9,Structured+Lexicon,XGBoost,tot_cur_bal,structured,17.95779,0.005674,102
9,Structured+Lexicon,XGBoost,total_acc,structured,25.312832,0.007998,48
9,Structured+Lexicon,XGBoost,total_bal_ex_mort,structured,26.584074,0.0084,36
9,Structured+Lexicon,XGBoost,total_bc_limit,structured,29.33881,0.00927,25
9,Structured+Lexicon,XGBoost,total_il_high_credit_limit,structured,17.958473,0.005674,101
9,Structured+Lexicon,XGBoost,total_rev_hi_lim,structured,21.541931,0.006806,84
9,Structured+Lexicon,XGBoost,fico_midpoint,structured,35.688927,0.011276,10
9,Structured+Lexicon,XGBoost,credit_history_months,structured,27.663429,0.008741,31
9,Structured+Lexicon,XGBoost,initial_list_status_w,structured,0.0,0.0,123
9,Structured+Lexicon,XGBoost,addr_state_AL,structured,0.0,0.0,125
9,Structured+Lexicon,XGBoost,addr_state_AR,structured,18.270027,0.005773,98
9,Structured+Lexicon,XGBoost,addr_state_AZ,structured,27.215996,0.008599,33
9,Structured+Lexicon,XGBoost,addr_state_CA,structured,34.342861,0.010851,12
9,Structured+Lexicon,XGBoost,addr_state_CO,structured,25.820358,0.008158,42
9,Structured+Lexicon,XGBoost,addr_state_CT,structured,24.668989,0.007795,53
9,Structured+Lexicon,XGBoost,addr_state_DC,structured,34.470245,0.010891,11
9,Structured+Lexicon,XGBoost,addr_state_DE,structured,0.0,0.0,118
9,Structured+Lexicon,XGBoost,addr_state_FL,structured,28.513803,0.009009,26
9,Structured+Lexicon,XGBoost,addr_state_GA,structured,26.117243,0.008252,40
9,Structured+Lexicon,XGBoost,addr_state_HI,structured,26.672785,0.008428,35
9,Structured+Lexicon,XGBoost,addr_state_IA,structured,0.0,0.0,119
9,Structured+Lexicon,XGBoost,addr_state_ID,structured,0.0,0.0,120
9,Structured+Lexicon,XGBoost,addr_state_IL,structured,30.853039,0.009748,20
9,Structured+Lexicon,XGBoost,addr_state_IN,structured,0.0,0.0,121
9,Structured+Lexicon,XGBoost,addr_state_KS,structured,25.552502,0.008074,45
9,Structured+Lexicon,XGBoost,addr_state_KY,structured,26.168053,0.008268,39
9,Structured+Lexicon,XGBoost,addr_state_LA,structured,29.411024,0.009293,24
9,Structured+Lexicon,XGBoost,addr_state_MA,structured,21.955505,0.006937,79
9,Structured+Lexicon,XGBoost,addr_state_MD,structured,26.176828,0.008271,38
9,Structured+Lexicon,XGBoost,addr_state_MI,structured,0.0,0.0,122
9,Structured+Lexicon,XGBoost,addr_state_MN,structured,22.463894,0.007098,73
9,Structured+Lexicon,XGBoost,addr_state_MO,structured,18.114206,0.005723,99
9,Structured+Lexicon,XGBoost,addr_state_MS,structured,0.0,0.0,117
9,Structured+Lexicon,XGBoost,addr_state_MT,structured,18.781301,0.005934,95
9,Structured+Lexicon,XGBoost,addr_state_NC,structured,22.134331,0.006994,76
9,Structured+Lexicon,XGBoost,addr_state_NE,structured,0.0,0.0,116
9,Structured+Lexicon,XGBoost,addr_state_NH,structured,21.616243,0.00683,82
9,Structured+Lexicon,XGBoost,addr_state_NJ,structured,24.599504,0.007773,55
9,Structured+Lexicon,XGBoost,addr_state_NM,structured,23.243652,0.007344,66
9,Structured+Lexicon,XGBoost,addr_state_NV,structured,25.898226,0.008183,41
9,Structured+Lexicon,XGBoost,addr_state_NY,structured,19.78727,0.006252,88
9,Structured+Lexicon,XGBoost,addr_state_OH,structured,23.062798,0.007287,67
9,Structured+Lexicon,XGBoost,addr_state_OK,structured,20.90966,0.006607,85
9,Structured+Lexicon,XGBoost,addr_state_OR,structured,24.623098,0.00778,54
9,Structured+Lexicon,XGBoost,addr_state_PA,structured,19.711008,0.006228,89
9,Structured+Lexicon,XGBoost,addr_state_RI,structured,0.0,0.0,115
9,Structured+Lexicon,XGBoost,addr_state_SC,structured,23.391514,0.007391,63
9,Structured+Lexicon,XGBoost,addr_state_SD,structured,16.033957,0.005066,104
9,Structured+Lexicon,XGBoost,addr_state_TN,structured,0.0,0.0,112
9,Structured+Lexicon,XGBoost,addr_state_TX,structured,33.693092,0.010646,13
9,Structured+Lexicon,XGBoost,addr_state_UT,structured,22.761757,0.007192,70
9,Structured+Lexicon,XGBoost,addr_state_VA,structured,19.835499,0.006267,87
9,Structured+Lexicon,XGBoost,addr_state_VT,structured,0.0,0.0,114
9,Structured+Lexicon,XGBoost,addr_state_WA,structured,23.887619,0.007548,60
9,Structured+Lexicon,XGBoost,addr_state_WI,structured,24.010427,0.007586,58
9,Structured+Lexicon,XGBoost,addr_state_WV,structured,26.274542,0.008302,37
9,Structured+Lexicon,XGBoost,addr_state_WY,structured,24.906078,0.007869,51
9,Structured+Lexicon,XGBoost,purpose_credit_card,structured,51.183926,0.016172,5
9,Structured+Lexicon,XGBoost,purpose_debt_consolidation,structured,29.732388,0.009394,23
9,Structured+Lexicon,XGBoost,purpose_educational,structured,22.323036,0.007053,75
9,Structured+Lexicon,XGBoost,purpose_home_improvement,structured,21.563396,0.006813,83
9,Structured+Lexicon,XGBoost,purpose_house,structured,23.985037,0.007578,59
9,Structured+Lexicon,XGBoost,purpose_major_purchase,structured,28.203865,0.008911,29
9,Structured+Lexicon,XGBoost,purpose_medical,structured,24.701811,0.007805,52
9,Structured+Lexicon,XGBoost,purpose_moving,structured,22.956169,0.007253,69
9,Structured+Lexicon,XGBoost,purpose_other,structured,33.644154,0.01063,14
9,Structured+Lexicon,XGBoost,purpose_renewable_energy,structured,26.995558,0.00853,34
9,Structured+Lexicon,XGBoost,purpose_vacation,structured,22.013798,0.006956,78
9,Structured+Lexicon,XGBoost,purpose_wedding,structured,31.225189,0.009866,18
9,Structured+Lexicon,XGBoost,home_ownership_NONE,structured,0.0,0.0,113
9,Structured+Lexicon,XGBoost,home_ownership_OTHER,structured,11.878852,0.003753,109
9,Structured+Lexicon,XGBoost,home_ownership_OWN,structured,22.045715,0.006966,77
9,Structured+Lexicon,XGBoost,home_ownership_RENT,structured,21.889416,0.006916,80
9,Structured+Lexicon,XGBoost,verification_status_Source Verified,structured,22.563442,0.007129,71
9,Structured+Lexicon,XGBoost,verification_status_Verified,structured,24.424826,0.007717,57
9,Structured+Lexicon,XGBoost,grade_ord,structured,98.516701,0.031128,3
9,Structured+Lexicon,XGBoost,sub_grade_ord,structured,38.751373,0.012244,9
9,Structured+Lexicon,XGBoost,risk_word_count,lexicon,28.123295,0.008886,30
9,Structured+Lexicon,XGBoost,risk_word_density,lexicon,25.205069,0.007964,49
9,Structured+Lexicon,XGBoost,risk_word_flag,lexicon,0.0,0.0,111
9,Structured+Lexicon,XGBoost,distress_debt_pressure_count,lexicon,39.238022,0.012398,8
9,Structured+Lexicon,XGBoost,distress_liquidity_shortage_count,lexicon,19.369783,0.00612,92
9,Structured+Lexicon,XGBoost,distress_medical_life_shock_count,lexicon,20.40106,0.006446,86
9,Structured+Lexicon,XGBoost,distress_refinancing_burden_count,lexicon,31.386795,0.009917,17
9,Structured+Lexicon,RandomForest,acc_now_delinq,structured,0.0,0.0,133
9,Structured+Lexicon,RandomForest,acc_open_past_24mths,structured,0.012914,0.012914,25
9,Structured+Lexicon,RandomForest,annual_inc,structured,0.07057,0.07057,3
9,Structured+Lexicon,RandomForest,avg_cur_bal,structured,0.000217,0.000217,71
9,Structured+Lexicon,RandomForest,bc_open_to_buy,structured,0.016389,0.016389,18
9,Structured+Lexicon,RandomForest,bc_util,structured,0.015902,0.015902,19
9,Structured+Lexicon,RandomForest,chargeoff_within_12_mths,structured,0.0,0.0,131
9,Structured+Lexicon,RandomForest,collections_12_mths_ex_med,structured,0.0,0.0,132
9,Structured+Lexicon,RandomForest,delinq_2yrs,structured,0.002309,0.002309,42
9,Structured+Lexicon,RandomForest,delinq_amnt,structured,0.0,0.0,130
9,Structured+Lexicon,RandomForest,dti,structured,0.045501,0.045501,7
9,Structured+Lexicon,RandomForest,emp_length,structured,0.023056,0.023056,15
9,Structured+Lexicon,RandomForest,inq_last_6mths,structured,0.018462,0.018462,17
9,Structured+Lexicon,RandomForest,int_rate,structured,0.09986,0.09986,1
9,Structured+Lexicon,RandomForest,loan_amnt,structured,0.039401,0.039401,11
9,Structured+Lexicon,RandomForest,mo_sin_old_il_acct,structured,0.000185,0.000185,78
9,Structured+Lexicon,RandomForest,mo_sin_old_rev_tl_op,structured,0.000189,0.000189,76
9,Structured+Lexicon,RandomForest,mo_sin_rcnt_rev_tl_op,structured,0.000214,0.000214,73
9,Structured+Lexicon,RandomForest,mo_sin_rcnt_tl,structured,0.000199,0.000199,75
9,Structured+Lexicon,RandomForest,mort_acc,structured,0.004503,0.004503,34
9,Structured+Lexicon,RandomForest,mths_since_last_delinq,structured,0.018779,0.018779,16
9,Structured+Lexicon,RandomForest,mths_since_last_major_derog,structured,7e-06,7e-06,109
9,Structured+Lexicon,RandomForest,mths_since_last_record,structured,0.002657,0.002657,39
9,Structured+Lexicon,RandomForest,mths_since_recent_bc,structured,0.015003,0.015003,22
9,Structured+Lexicon,RandomForest,mths_since_recent_bc_dlq,structured,8e-06,8e-06,108
9,Structured+Lexicon,RandomForest,mths_since_recent_inq,structured,0.01198,0.01198,26
9,Structured+Lexicon,RandomForest,mths_since_recent_revol_delinq,structured,0.003884,0.003884,36
9,Structured+Lexicon,RandomForest,num_accts_ever_120_pd,structured,0.0,0.0,129
9,Structured+Lexicon,RandomForest,num_actv_bc_tl,structured,9.9e-05,9.9e-05,92
9,Structured+Lexicon,RandomForest,num_actv_rev_tl,structured,0.000112,0.000112,88
9,Structured+Lexicon,RandomForest,num_bc_sats,structured,0.005946,0.005946,31
9,Structured+Lexicon,RandomForest,num_bc_tl,structured,0.000104,0.000104,90
9,Structured+Lexicon,RandomForest,num_il_tl,structured,0.000162,0.000162,81
9,Structured+Lexicon,RandomForest,num_op_rev_tl,structured,0.000142,0.000142,83
9,Structured+Lexicon,RandomForest,num_rev_accts,structured,0.000185,0.000185,77
9,Structured+Lexicon,RandomForest,num_tl_120dpd_2m,structured,0.0,0.0,126
9,Structured+Lexicon,RandomForest,num_tl_30dpd,structured,0.0,0.0,127
9,Structured+Lexicon,RandomForest,num_tl_90g_dpd_24m,structured,0.0,0.0,128
9,Structured+Lexicon,RandomForest,num_tl_op_past_12m,structured,0.000112,0.000112,87
9,Structured+Lexicon,RandomForest,open_acc,structured,0.023904,0.023904,13
9,Structured+Lexicon,RandomForest,pct_tl_nvr_dlq,structured,0.000123,0.000123,86
9,Structured+Lexicon,RandomForest,percent_bc_gt_75,structured,0.01009,0.01009,27
9,Structured+Lexicon,RandomForest,pub_rec,structured,0.001583,0.001583,48
9,Structured+Lexicon,RandomForest,pub_rec_bankruptcies,structured,0.00136,0.00136,49
9,Structured+Lexicon,RandomForest,revol_bal,structured,0.042694,0.042694,9
9,Structured+Lexicon,RandomForest,revol_util,structured,0.052725,0.052725,5
9,Structured+Lexicon,RandomForest,tax_liens,structured,0.0,0.0,125
9,Structured+Lexicon,RandomForest,term,structured,0.043816,0.043816,8
9,Structured+Lexicon,RandomForest,tot_coll_amt,structured,0.0,0.0,123
9,Structured+Lexicon,RandomForest,tot_cur_bal,structured,0.000215,0.000215,72
9,Structured+Lexicon,RandomForest,total_acc,structured,0.03207,0.03207,12
9,Structured+Lexicon,RandomForest,total_bal_ex_mort,structured,0.015655,0.015655,20
9,Structured+Lexicon,RandomForest,total_bc_limit,structured,0.014871,0.014871,23
9,Structured+Lexicon,RandomForest,total_il_high_credit_limit,structured,0.000136,0.000136,85
9,Structured+Lexicon,RandomForest,total_rev_hi_lim,structured,0.000218,0.000218,70
9,Structured+Lexicon,RandomForest,fico_midpoint,structured,0.050604,0.050604,6
9,Structured+Lexicon,RandomForest,credit_history_months,structured,0.0406,0.0406,10
9,Structured+Lexicon,RandomForest,initial_list_status_w,structured,0.0,0.0,124
9,Structured+Lexicon,RandomForest,addr_state_AL,structured,7.8e-05,7.8e-05,96
9,Structured+Lexicon,RandomForest,addr_state_AR,structured,3.4e-05,3.4e-05,100
9,Structured+Lexicon,RandomForest,addr_state_AZ,structured,0.000352,0.000352,61
9,Structured+Lexicon,RandomForest,addr_state_CA,structured,0.003825,0.003825,37
9,Structured+Lexicon,RandomForest,addr_state_CO,structured,0.00018,0.00018,79
9,Structured+Lexicon,RandomForest,addr_state_CT,structured,0.000238,0.000238,67
9,Structured+Lexicon,RandomForest,addr_state_DC,structured,0.000211,0.000211,74
9,Structured+Lexicon,RandomForest,addr_state_DE,structured,2e-06,2e-06,112
9,Structured+Lexicon,RandomForest,addr_state_FL,structured,0.002049,0.002049,45
9,Structured+Lexicon,RandomForest,addr_state_GA,structured,0.000558,0.000558,57
9,Structured+Lexicon,RandomForest,addr_state_HI,structured,2e-05,2e-05,104
9,Structured+Lexicon,RandomForest,addr_state_IA,structured,0.0,0.0,119
9,Structured+Lexicon,RandomForest,addr_state_ID,structured,0.0,0.0,118
9,Structured+Lexicon,RandomForest,addr_state_IL,structured,0.001,0.001,51
9,Structured+Lexicon,RandomForest,addr_state_IN,structured,0.0,0.0,120
9,Structured+Lexicon,RandomForest,addr_state_KS,structured,9.8e-05,9.8e-05,93
9,Structured+Lexicon,RandomForest,addr_state_KY,structured,4.2e-05,4.2e-05,97
9,Structured+Lexicon,RandomForest,addr_state_LA,structured,0.000148,0.000148,82
9,Structured+Lexicon,RandomForest,addr_state_MA,structured,0.000583,0.000583,56
9,Structured+Lexicon,RandomForest,addr_state_MD,structured,0.000331,0.000331,62
9,Structured+Lexicon,RandomForest,addr_state_MI,structured,0.000247,0.000247,66
9,Structured+Lexicon,RandomForest,addr_state_MN,structured,0.000175,0.000175,80
9,Structured+Lexicon,RandomForest,addr_state_MO,structured,0.000141,0.000141,84
9,Structured+Lexicon,RandomForest,addr_state_MS,structured,0.0,0.0,121
9,Structured+Lexicon,RandomForest,addr_state_MT,structured,5e-06,5e-06,110
9,Structured+Lexicon,RandomForest,addr_state_NC,structured,0.000419,0.000419,59
9,Structured+Lexicon,RandomForest,addr_state_NE,structured,0.0,0.0,122
9,Structured+Lexicon,RandomForest,addr_state_NH,structured,2.8e-05,2.8e-05,102
9,Structured+Lexicon,RandomForest,addr_state_NJ,structured,0.000979,0.000979,52
9,Structured+Lexicon,RandomForest,addr_state_NM,structured,3.6e-05,3.6e-05,99
9,Structured+Lexicon,RandomForest,addr_state_NV,structured,0.000317,0.000317,63
9,Structured+Lexicon,RandomForest,addr_state_NY,structured,0.00205,0.00205,44
9,Structured+Lexicon,RandomForest,addr_state_OH,structured,0.000398,0.000398,60
9,Structured+Lexicon,RandomForest,addr_state_OK,structured,2e-05,2e-05,105
9,Structured+Lexicon,RandomForest,addr_state_OR,structured,8.2e-05,8.2e-05,94
9,Structured+Lexicon,RandomForest,addr_state_PA,structured,0.00065,0.00065,54
9,Structured+Lexicon,RandomForest,addr_state_RI,structured,1.9e-05,1.9e-05,106
9,Structured+Lexicon,RandomForest,addr_state_SC,structured,7.8e-05,7.8e-05,95
9,Structured+Lexicon,RandomForest,addr_state_SD,structured,0.0,0.0,117
9,Structured+Lexicon,RandomForest,addr_state_TN,structured,0.0,0.0,116
9,Structured+Lexicon,RandomForest,addr_state_TX,structured,0.002156,0.002156,43
9,Structured+Lexicon,RandomForest,addr_state_UT,structured,3e-05,3e-05,101
9,Structured+Lexicon,RandomForest,addr_state_VA,structured,0.000624,0.000624,55
9,Structured+Lexicon,RandomForest,addr_state_VT,structured,0.0,0.0,115
9,Structured+Lexicon,RandomForest,addr_state_WA,structured,0.000311,0.000311,64
9,Structured+Lexicon,RandomForest,addr_state_WI,structured,0.000107,0.000107,89
9,Structured+Lexicon,RandomForest,addr_state_WV,structured,1.6e-05,1.6e-05,107
9,Structured+Lexicon,RandomForest,addr_state_WY,structured,2.1e-05,2.1e-05,103
9,Structured+Lexicon,RandomForest,purpose_credit_card,structured,0.005342,0.005342,32
9,Structured+Lexicon,RandomForest,purpose_debt_consolidation,structured,0.007073,0.007073,28
9,Structured+Lexicon,RandomForest,purpose_educational,structured,3e-06,3e-06,111
9,Structured+Lexicon,RandomForest,purpose_home_improvement,structured,0.001614,0.001614,47
9,Structured+Lexicon,RandomForest,purpose_house,structured,0.000103,0.000103,91
9,Structured+Lexicon,RandomForest,purpose_major_purchase,structured,0.001272,0.001272,50
9,Structured+Lexicon,RandomForest,purpose_medical,structured,0.000256,0.000256,65
9,Structured+Lexicon,RandomForest,purpose_moving,structured,0.000516,0.000516,58
9,Structured+Lexicon,RandomForest,purpose_other,structured,0.002606,0.002606,40
9,Structured+Lexicon,RandomForest,purpose_renewable_energy,structured,3.7e-05,3.7e-05,98
9,Structured+Lexicon,RandomForest,purpose_vacation,structured,0.000228,0.000228,69
9,Structured+Lexicon,RandomForest,purpose_wedding,structured,0.000657,0.000657,53
9,Structured+Lexicon,RandomForest,home_ownership_NONE,structured,0.0,0.0,114
9,Structured+Lexicon,RandomForest,home_ownership_OTHER,structured,0.0,0.0,113
9,Structured+Lexicon,RandomForest,home_ownership_OWN,structured,0.001616,0.001616,46
9,Structured+Lexicon,RandomForest,home_ownership_RENT,structured,0.00648,0.00648,29
9,Structured+Lexicon,RandomForest,verification_status_Source Verified,structured,0.005034,0.005034,33
9,Structured+Lexicon,RandomForest,verification_status_Verified,structured,0.006064,0.006064,30
9,Structured+Lexicon,RandomForest,grade_ord,structured,0.057369,0.057369,4
9,Structured+Lexicon,RandomForest,sub_grade_ord,structured,0.081486,0.081486,2
9,Structured+Lexicon,RandomForest,risk_word_count,lexicon,0.015276,0.015276,21
9,Structured+Lexicon,RandomForest,risk_word_density,lexicon,0.023335,0.023335,14
9,Structured+Lexicon,RandomForest,risk_word_flag,lexicon,0.004478,0.004478,35
9,Structured+Lexicon,RandomForest,distress_debt_pressure_count,lexicon,0.014591,0.014591,24
9,Structured+Lexicon,RandomForest,distress_liquidity_shortage_count,lexicon,0.003601,0.003601,38
9,Structured+Lexicon,RandomForest,distress_medical_life_shock_count,lexicon,0.002353,0.002353,41
9,Structured+Lexicon,RandomForest,distress_refinancing_burden_count,lexicon,0.000235,0.000235,68
10,Structured,Logistic,acc_now_delinq,structured,0.0,0.0,126
10,Structured,Logistic,acc_open_past_24mths,structured,0.186522,0.036899,8
10,Structured,Logistic,annual_inc,structured,0.32764,0.064815,2
10,Structured,Logistic,avg_cur_bal,structured,0.011719,0.002318,77
10,Structured,Logistic,bc_open_to_buy,structured,0.28725,0.056825,3
10,Structured,Logistic,bc_util,structured,0.198906,0.039348,7
10,Structured,Logistic,chargeoff_within_12_mths,structured,0.0,0.0,124
10,Structured,Logistic,collections_12_mths_ex_med,structured,0.0,0.0,125
10,Structured,Logistic,delinq_2yrs,structured,0.014823,0.002932,68
10,Structured,Logistic,delinq_amnt,structured,0.0,0.0,123
10,Structured,Logistic,dti,structured,0.048892,0.009672,24
10,Structured,Logistic,emp_length,structured,0.022548,0.004461,51
10,Structured,Logistic,inq_last_6mths,structured,0.13563,0.026831,11
10,Structured,Logistic,int_rate,structured,0.327873,0.064861,1
10,Structured,Logistic,loan_amnt,structured,0.146089,0.0289,9
10,Structured,Logistic,mo_sin_old_il_acct,structured,0.015555,0.003077,65
10,Structured,Logistic,mo_sin_old_rev_tl_op,structured,0.013518,0.002674,72
10,Structured,Logistic,mo_sin_rcnt_rev_tl_op,structured,0.010554,0.002088,82
10,Structured,Logistic,mo_sin_rcnt_tl,structured,0.000494,9.8e-05,114
10,Structured,Logistic,mort_acc,structured,0.002049,0.000405,108
10,Structured,Logistic,mths_since_last_delinq,structured,0.050708,0.010031,22
10,Structured,Logistic,mths_since_last_major_derog,structured,0.005822,0.001152,98
10,Structured,Logistic,mths_since_last_record,structured,0.024659,0.004878,49
10,Structured,Logistic,mths_since_recent_bc,structured,0.259238,0.051284,5
10,Structured,Logistic,mths_since_recent_bc_dlq,structured,0.012665,0.002505,75
10,Structured,Logistic,mths_since_recent_inq,structured,0.048858,0.009665,25
10,Structured,Logistic,mths_since_recent_revol_delinq,structured,3.9e-05,8e-06,117
10,Structured,Logistic,num_accts_ever_120_pd,structured,0.017531,0.003468,60
10,Structured,Logistic,num_actv_bc_tl,structured,0.04761,0.009418,30
10,Structured,Logistic,num_actv_rev_tl,structured,0.03558,0.007039,38
10,Structured,Logistic,num_bc_sats,structured,0.013394,0.00265,74
10,Structured,Logistic,num_bc_tl,structured,0.071938,0.014231,17
10,Structured,Logistic,num_il_tl,structured,0.045023,0.008907,33
10,Structured,Logistic,num_op_rev_tl,structured,0.064542,0.012768,18
10,Structured,Logistic,num_rev_accts,structured,0.100226,0.019827,13
10,Structured,Logistic,num_tl_120dpd_2m,structured,0.0,0.0,120
10,Structured,Logistic,num_tl_30dpd,structured,0.0,0.0,122
10,Structured,Logistic,num_tl_90g_dpd_24m,structured,0.008001,0.001583,91
10,Structured,Logistic,num_tl_op_past_12m,structured,0.047982,0.009492,29
10,Structured,Logistic,open_acc,structured,0.026938,0.005329,48
10,Structured,Logistic,pct_tl_nvr_dlq,structured,0.001096,0.000217,110
10,Structured,Logistic,percent_bc_gt_75,structured,0.048532,0.009601,28
10,Structured,Logistic,pub_rec,structured,0.000577,0.000114,113
10,Structured,Logistic,pub_rec_bankruptcies,structured,0.021402,0.004234,53
10,Structured,Logistic,revol_bal,structured,0.077129,0.015258,15
10,Structured,Logistic,revol_util,structured,0.143239,0.028336,10
10,Structured,Logistic,tax_liens,structured,0.0,0.0,121
10,Structured,Logistic,term,structured,0.272302,0.053868,4
10,Structured,Logistic,tot_coll_amt,structured,0.001141,0.000226,109
10,Structured,Logistic,tot_cur_bal,structured,0.00945,0.001869,87
10,Structured,Logistic,total_acc,structured,0.02057,0.004069,56
10,Structured,Logistic,total_bal_ex_mort,structured,0.018166,0.003594,57
10,Structured,Logistic,total_bc_limit,structured,0.000189,3.7e-05,116
10,Structured,Logistic,total_il_high_credit_limit,structured,0.033135,0.006555,42
10,Structured,Logistic,total_rev_hi_lim,structured,0.041302,0.008171,35
10,Structured,Logistic,fico_midpoint,structured,0.20175,0.039911,6
10,Structured,Logistic,credit_history_months,structured,0.074996,0.014836,16
10,Structured,Logistic,initial_list_status_w,structured,0.005437,0.001076,100
10,Structured,Logistic,addr_state_AL,structured,0.002766,0.000547,107
10,Structured,Logistic,addr_state_AR,structured,0.006261,0.001239,96
10,Structured,Logistic,addr_state_AZ,structured,0.010485,0.002074,83
10,Structured,Logistic,addr_state_CA,structured,0.046425,0.009184,31
10,Structured,Logistic,addr_state_CO,structured,0.017,0.003363,61
10,Structured,Logistic,addr_state_CT,structured,0.000927,0.000183,112
10,Structured,Logistic,addr_state_DC,structured,0.06164,0.012194,19
10,Structured,Logistic,addr_state_DE,structured,0.008332,0.001648,90
10,Structured,Logistic,addr_state_FL,structured,0.049273,0.009747,23
10,Structured,Logistic,addr_state_GA,structured,0.00403,0.000797,103
10,Structured,Logistic,addr_state_HI,structured,0.003248,0.000643,104
10,Structured,Logistic,addr_state_IA,structured,0.01343,0.002657,73
10,Structured,Logistic,addr_state_ID,structured,0.0,0.0,119
10,Structured,Logistic,addr_state_IL,structured,0.035331,0.006989,39
10,Structured,Logistic,addr_state_IN,structured,0.015251,0.003017,66
10,Structured,Logistic,addr_state_KS,structured,0.033227,0.006573,41
10,Structured,Logistic,addr_state_KY,structured,0.005634,0.001115,99
10,Structured,Logistic,addr_state_LA,structured,0.009545,0.001888,86
10,Structured,Logistic,addr_state_MA,structured,0.000927,0.000183,111
10,Structured,Logistic,addr_state_MD,structured,0.01152,0.002279,78
10,Structured,Logistic,addr_state_MI,structured,0.009162,0.001813,88
10,Structured,Logistic,addr_state_MN,structured,0.006939,0.001373,94
10,Structured,Logistic,addr_state_MO,structured,0.000231,4.6e-05,115
10,Structured,Logistic,addr_state_MS,structured,0.020674,0.00409,55
10,Structured,Logistic,addr_state_MT,structured,0.014622,0.002893,71
10,Structured,Logistic,addr_state_NC,structured,0.003209,0.000635,105
10,Structured,Logistic,addr_state_NE,structured,0.017706,0.003503,58
10,Structured,Logistic,addr_state_NH,structured,0.006147,0.001216,97
10,Structured,Logistic,addr_state_NJ,structured,0.033601,0.006647,40
10,Structured,Logistic,addr_state_NM,structured,0.016975,0.003358,62
10,Structured,Logistic,addr_state_NV,structured,0.030538,0.006041,44
10,Structured,Logistic,addr_state_NY,structured,0.030304,0.005995,46
10,Structured,Logistic,addr_state_OH,structured,0.017653,0.003492,59
10,Structured,Logistic,addr_state_OK,structured,0.012375,0.002448,76
10,Structured,Logistic,addr_state_OR,structured,0.004902,0.00097,101
10,Structured,Logistic,addr_state_PA,structured,0.022126,0.004377,52
10,Structured,Logistic,addr_state_RI,structured,0.014627,0.002894,70
10,Structured,Logistic,addr_state_SC,structured,0.011175,0.002211,80
10,Structured,Logistic,addr_state_SD,structured,0.010933,0.002163,81
10,Structured,Logistic,addr_state_TN,structured,0.0,0.0,118
10,Structured,Logistic,addr_state_TX,structured,0.045689,0.009038,32
10,Structured,Logistic,addr_state_UT,structured,0.007737,0.001531,92
10,Structured,Logistic,addr_state_VA,structured,0.01001,0.00198,84
10,Structured,Logistic,addr_state_VT,structured,0.00712,0.001408,93
10,Structured,Logistic,addr_state_WA,structured,0.008848,0.00175,89
10,Structured,Logistic,addr_state_WI,structured,0.004236,0.000838,102
10,Structured,Logistic,addr_state_WV,structured,0.02904,0.005745,47
10,Structured,Logistic,addr_state_WY,structured,0.042613,0.00843,34
10,Structured,Logistic,purpose_credit_card,structured,0.021076,0.004169,54
10,Structured,Logistic,purpose_debt_consolidation,structured,0.081518,0.016126,14
10,Structured,Logistic,purpose_educational,structured,0.016758,0.003315,63
10,Structured,Logistic,purpose_home_improvement,structured,0.036742,0.007268,37
10,Structured,Logistic,purpose_house,structured,0.030466,0.006027,45
10,Structured,Logistic,purpose_major_purchase,structured,0.002838,0.000561,106
10,Structured,Logistic,purpose_medical,structured,0.057765,0.011427,20
10,Structured,Logistic,purpose_moving,structured,0.048804,0.009655,26
10,Structured,Logistic,purpose_other,structured,0.11163,0.022083,12
10,Structured,Logistic,purpose_renewable_energy,structured,0.040678,0.008047,36
10,Structured,Logistic,purpose_vacation,structured,0.054717,0.010824,21
10,Structured,Logistic,purpose_wedding,structured,0.014741,0.002916,69
10,Structured,Logistic,home_ownership_NONE,structured,0.009604,0.0019,85
10,Structured,Logistic,home_ownership_OTHER,structured,0.015901,0.003146,64
10,Structured,Logistic,home_ownership_OWN,structured,0.011193,0.002214,79
10,Structured,Logistic,home_ownership_RENT,structured,0.015116,0.00299,67
10,Structured,Logistic,verification_status_Source Verified,structured,0.022839,0.004518,50
10,Structured,Logistic,verification_status_Verified,structured,0.006711,0.001328,95
10,Structured,Logistic,grade_ord,structured,0.031557,0.006243,43
10,Structured,Logistic,sub_grade_ord,structured,0.048659,0.009626,27
10,Structured,XGBoost,acc_now_delinq,structured,0.0,0.0,126
10,Structured,XGBoost,acc_open_past_24mths,structured,60.19408,0.016498,7
10,Structured,XGBoost,annual_inc,structured,80.056358,0.021942,5
10,Structured,XGBoost,avg_cur_bal,structured,34.760479,0.009527,17
10,Structured,XGBoost,bc_open_to_buy,structured,32.370323,0.008872,25
10,Structured,XGBoost,bc_util,structured,38.337372,0.010508,14
10,Structured,XGBoost,chargeoff_within_12_mths,structured,0.0,0.0,124
10,Structured,XGBoost,collections_12_mths_ex_med,structured,0.0,0.0,125
10,Structured,XGBoost,delinq_2yrs,structured,22.483704,0.006162,85
10,Structured,XGBoost,delinq_amnt,structured,0.0,0.0,123
10,Structured,XGBoost,dti,structured,30.479021,0.008354,35
10,Structured,XGBoost,emp_length,structured,32.751472,0.008977,22
10,Structured,XGBoost,inq_last_6mths,structured,53.809254,0.014748,8
10,Structured,XGBoost,int_rate,structured,305.923065,0.083849,1
10,Structured,XGBoost,loan_amnt,structured,29.817095,0.008172,40
10,Structured,XGBoost,mo_sin_old_il_acct,structured,25.934246,0.007108,61
10,Structured,XGBoost,mo_sin_old_rev_tl_op,structured,24.907722,0.006827,72
10,Structured,XGBoost,mo_sin_rcnt_rev_tl_op,structured,28.388742,0.007781,47
10,Structured,XGBoost,mo_sin_rcnt_tl,structured,31.480843,0.008628,32
10,Structured,XGBoost,mort_acc,structured,21.648218,0.005933,88
10,Structured,XGBoost,mths_since_last_delinq,structured,31.598631,0.008661,29
10,Structured,XGBoost,mths_since_last_major_derog,structured,23.89113,0.006548,76
10,Structured,XGBoost,mths_since_last_record,structured,32.009335,0.008773,28
10,Structured,XGBoost,mths_since_recent_bc,structured,36.172794,0.009914,15
10,Structured,XGBoost,mths_since_recent_bc_dlq,structured,27.261299,0.007472,52
10,Structured,XGBoost,mths_since_recent_inq,structured,34.06649,0.009337,18
10,Structured,XGBoost,mths_since_recent_revol_delinq,structured,24.401937,0.006688,74
10,Structured,XGBoost,num_accts_ever_120_pd,structured,19.850332,0.005441,91
10,Structured,XGBoost,num_actv_bc_tl,structured,26.154419,0.007169,59
10,Structured,XGBoost,num_actv_rev_tl,structured,33.009407,0.009047,19
10,Structured,XGBoost,num_bc_sats,structured,28.405552,0.007786,46
10,Structured,XGBoost,num_bc_tl,structured,27.522171,0.007543,50
10,Structured,XGBoost,num_il_tl,structured,30.382534,0.008327,36
10,Structured,XGBoost,num_op_rev_tl,structured,25.454853,0.006977,68
10,Structured,XGBoost,num_rev_accts,structured,25.705557,0.007046,66
10,Structured,XGBoost,num_tl_120dpd_2m,structured,0.0,0.0,119
10,Structured,XGBoost,num_tl_30dpd,structured,0.0,0.0,120
10,Structured,XGBoost,num_tl_90g_dpd_24m,structured,0.0,0.0,121
10,Structured,XGBoost,num_tl_op_past_12m,structured,31.35251,0.008593,33
10,Structured,XGBoost,open_acc,structured,25.796852,0.007071,64
10,Structured,XGBoost,pct_tl_nvr_dlq,structured,23.955734,0.006566,75
10,Structured,XGBoost,percent_bc_gt_75,structured,25.297537,0.006934,69
10,Structured,XGBoost,pub_rec,structured,0.0,0.0,122
10,Structured,XGBoost,pub_rec_bankruptcies,structured,23.615862,0.006473,79
10,Structured,XGBoost,revol_bal,structured,31.553043,0.008648,30
10,Structured,XGBoost,revol_util,structured,32.658787,0.008951,23
10,Structured,XGBoost,tax_liens,structured,0.0,0.0,117
10,Structured,XGBoost,term,structured,204.940063,0.056171,2
10,Structured,XGBoost,tot_coll_amt,structured,21.493141,0.005891,89
10,Structured,XGBoost,tot_cur_bal,structured,25.81246,0.007075,63
10,Structured,XGBoost,total_acc,structured,26.713327,0.007322,56
10,Structured,XGBoost,total_bal_ex_mort,structured,30.346661,0.008318,37
10,Structured,XGBoost,total_bc_limit,structured,32.774826,0.008983,21
10,Structured,XGBoost,total_il_high_credit_limit,structured,35.619221,0.009763,16
10,Structured,XGBoost,total_rev_hi_lim,structured,27.464399,0.007528,51
10,Structured,XGBoost,fico_midpoint,structured,38.816982,0.010639,12
10,Structured,XGBoost,credit_history_months,structured,30.056252,0.008238,39
10,Structured,XGBoost,initial_list_status_w,structured,24.694834,0.006769,73
10,Structured,XGBoost,addr_state_AL,structured,11.827497,0.003242,106
10,Structured,XGBoost,addr_state_AR,structured,27.036264,0.00741,54
10,Structured,XGBoost,addr_state_AZ,structured,25.768539,0.007063,65
10,Structured,XGBoost,addr_state_CA,structured,32.848679,0.009003,20
10,Structured,XGBoost,addr_state_CO,structured,17.712709,0.004855,98
10,Structured,XGBoost,addr_state_CT,structured,0.0,0.0,118
10,Structured,XGBoost,addr_state_DC,structured,39.030071,0.010698,10
10,Structured,XGBoost,addr_state_DE,structured,29.119589,0.007981,42
10,Structured,XGBoost,addr_state_FL,structured,32.201431,0.008826,27
10,Structured,XGBoost,addr_state_GA,structured,15.232013,0.004175,101
10,Structured,XGBoost,addr_state_HI,structured,16.823328,0.004611,100
10,Structured,XGBoost,addr_state_IA,structured,0.0,0.0,112
10,Structured,XGBoost,addr_state_ID,structured,0.0,0.0,111
10,Structured,XGBoost,addr_state_IL,structured,38.912037,0.010665,11
10,Structured,XGBoost,addr_state_IN,structured,0.0,0.0,113
10,Structured,XGBoost,addr_state_KS,structured,28.923941,0.007928,44
10,Structured,XGBoost,addr_state_KY,structured,19.934706,0.005464,90
10,Structured,XGBoost,addr_state_LA,structured,14.64374,0.004014,103
10,Structured,XGBoost,addr_state_MA,structured,22.116222,0.006062,87
10,Structured,XGBoost,addr_state_MD,structured,22.197901,0.006084,86
10,Structured,XGBoost,addr_state_MI,structured,19.045284,0.00522,96
10,Structured,XGBoost,addr_state_MN,structured,23.838999,0.006534,77
10,Structured,XGBoost,addr_state_MO,structured,15.195119,0.004165,102
10,Structured,XGBoost,addr_state_MS,structured,0.0,0.0,114
10,Structured,XGBoost,addr_state_MT,structured,0.0,0.0,115
10,Structured,XGBoost,addr_state_NC,structured,19.277943,0.005284,95
10,Structured,XGBoost,addr_state_NE,structured,0.0,0.0,116
10,Structured,XGBoost,addr_state_NH,structured,25.642387,0.007028,67
10,Structured,XGBoost,addr_state_NJ,structured,27.904547,0.007648,49
10,Structured,XGBoost,addr_state_NM,structured,23.225973,0.006366,82
10,Structured,XGBoost,addr_state_NV,structured,22.605619,0.006196,84
10,Structured,XGBoost,addr_state_NY,structured,23.613604,0.006472,80
10,Structured,XGBoost,addr_state_OH,structured,19.564411,0.005362,92
10,Structured,XGBoost,addr_state_OK,structured,18.757475,0.005141,97
10,Structured,XGBoost,addr_state_OR,structured,26.402023,0.007236,58
10,Structured,XGBoost,addr_state_PA,structured,27.94923,0.00766,48
10,Structured,XGBoost,addr_state_RI,structured,17.187111,0.004711,99
10,Structured,XGBoost,addr_state_SC,structured,12.784828,0.003504,104
10,Structured,XGBoost,addr_state_SD,structured,31.48624,0.00863,31
10,Structured,XGBoost,addr_state_TN,structured,0.0,0.0,110
10,Structured,XGBoost,addr_state_TX,structured,38.703384,0.010608,13
10,Structured,XGBoost,addr_state_UT,structured,27.089912,0.007425,53
10,Structured,XGBoost,addr_state_VA,structured,25.058853,0.006868,71
10,Structured,XGBoost,addr_state_VT,structured,0.0,0.0,109
10,Structured,XGBoost,addr_state_WA,structured,19.500021,0.005345,93
10,Structured,XGBoost,addr_state_WI,structured,19.472641,0.005337,94
10,Structured,XGBoost,addr_state_WV,structured,26.04755,0.007139,60
10,Structured,XGBoost,addr_state_WY,structured,31.129614,0.008532,34
10,Structured,XGBoost,purpose_credit_card,structured,61.153419,0.016761,6
10,Structured,XGBoost,purpose_debt_consolidation,structured,30.239519,0.008288,38
10,Structured,XGBoost,purpose_educational,structured,0.0,0.0,108
10,Structured,XGBoost,purpose_home_improvement,structured,23.660105,0.006485,78
10,Structured,XGBoost,purpose_house,structured,28.422611,0.00779,45
10,Structured,XGBoost,purpose_major_purchase,structured,32.220222,0.008831,26
10,Structured,XGBoost,purpose_medical,structured,25.915836,0.007103,62
10,Structured,XGBoost,purpose_moving,structured,26.841784,0.007357,55
10,Structured,XGBoost,purpose_other,structured,40.309586,0.011048,9
10,Structured,XGBoost,purpose_renewable_energy,structured,29.042944,0.00796,43
10,Structured,XGBoost,purpose_vacation,structured,32.522987,0.008914,24
10,Structured,XGBoost,purpose_wedding,structured,29.775198,0.008161,41
10,Structured,XGBoost,home_ownership_NONE,structured,0.0,0.0,107
10,Structured,XGBoost,home_ownership_OTHER,structured,11.935111,0.003271,105
10,Structured,XGBoost,home_ownership_OWN,structured,23.335421,0.006396,81
10,Structured,XGBoost,home_ownership_RENT,structured,26.606354,0.007292,57
10,Structured,XGBoost,verification_status_Source Verified,structured,23.111971,0.006335,83
10,Structured,XGBoost,verification_status_Verified,structured,25.268278,0.006926,70
10,Structured,XGBoost,grade_ord,structured,147.061951,0.040308,3
10,Structured,XGBoost,sub_grade_ord,structured,123.067291,0.033731,4
10,Structured,RandomForest,acc_now_delinq,structured,0.0,0.0,126
10,Structured,RandomForest,acc_open_past_24mths,structured,0.015605,0.015605,22
10,Structured,RandomForest,annual_inc,structured,0.066509,0.066509,3
10,Structured,RandomForest,avg_cur_bal,structured,0.008413,0.008413,25
10,Structured,RandomForest,bc_open_to_buy,structured,0.020652,0.020652,15
10,Structured,RandomForest,bc_util,structured,0.019823,0.019823,17
10,Structured,RandomForest,chargeoff_within_12_mths,structured,0.0,0.0,124
10,Structured,RandomForest,collections_12_mths_ex_med,structured,0.0,0.0,125
10,Structured,RandomForest,delinq_2yrs,structured,0.002214,0.002214,51
10,Structured,RandomForest,delinq_amnt,structured,0.0,0.0,123
10,Structured,RandomForest,dti,structured,0.044713,0.044713,6
10,Structured,RandomForest,emp_length,structured,0.021252,0.021252,14
10,Structured,RandomForest,inq_last_6mths,structured,0.016127,0.016127,21
10,Structured,RandomForest,int_rate,structured,0.095588,0.095588,1
10,Structured,RandomForest,loan_amnt,structured,0.03906,0.03906,10
10,Structured,RandomForest,mo_sin_old_il_acct,structured,0.006609,0.006609,32
10,Structured,RandomForest,mo_sin_old_rev_tl_op,structured,0.007196,0.007196,30
10,Structured,RandomForest,mo_sin_rcnt_rev_tl_op,structured,0.006705,0.006705,31
10,Structured,RandomForest,mo_sin_rcnt_tl,structured,0.005923,0.005923,35
10,Structured,RandomForest,mort_acc,structured,0.006079,0.006079,34
10,Structured,RandomForest,mths_since_last_delinq,structured,0.018005,0.018005,20
10,Structured,RandomForest,mths_since_last_major_derog,structured,0.001294,0.001294,59
10,Structured,RandomForest,mths_since_last_record,structured,0.002171,0.002171,52
10,Structured,RandomForest,mths_since_recent_bc,structured,0.019069,0.019069,19
10,Structured,RandomForest,mths_since_recent_bc_dlq,structured,0.001822,0.001822,56
10,Structured,RandomForest,mths_since_recent_inq,structured,0.014722,0.014722,23
10,Structured,RandomForest,mths_since_recent_revol_delinq,structured,0.005284,0.005284,39
10,Structured,RandomForest,num_accts_ever_120_pd,structured,0.000543,0.000543,66
10,Structured,RandomForest,num_actv_bc_tl,structured,0.003195,0.003195,48
10,Structured,RandomForest,num_actv_rev_tl,structured,0.003776,0.003776,45
10,Structured,RandomForest,num_bc_sats,structured,0.00763,0.00763,28
10,Structured,RandomForest,num_bc_tl,structured,0.004599,0.004599,42
10,Structured,RandomForest,num_il_tl,structured,0.005174,0.005174,40
10,Structured,RandomForest,num_op_rev_tl,structured,0.004041,0.004041,44
10,Structured,RandomForest,num_rev_accts,structured,0.004991,0.004991,41
10,Structured,RandomForest,num_tl_120dpd_2m,structured,0.0,0.0,120
10,Structured,RandomForest,num_tl_30dpd,structured,0.0,0.0,122
10,Structured,RandomForest,num_tl_90g_dpd_24m,structured,5.5e-05,5.5e-05,95
10,Structured,RandomForest,num_tl_op_past_12m,structured,0.003699,0.003699,46
10,Structured,RandomForest,open_acc,structured,0.022199,0.022199,13
10,Structured,RandomForest,pct_tl_nvr_dlq,structured,0.003162,0.003162,49
10,Structured,RandomForest,percent_bc_gt_75,structured,0.01184,0.01184,24
10,Structured,RandomForest,pub_rec,structured,0.001137,0.001137,60
10,Structured,RandomForest,pub_rec_bankruptcies,structured,0.000845,0.000845,63
10,Structured,RandomForest,revol_bal,structured,0.040819,0.040819,8
10,Structured,RandomForest,revol_util,structured,0.047365,0.047365,5
10,Structured,RandomForest,tax_liens,structured,0.0,0.0,121
10,Structured,RandomForest,term,structured,0.03918,0.03918,9
10,Structured,RandomForest,tot_coll_amt,structured,0.000234,0.000234,80
10,Structured,RandomForest,tot_cur_bal,structured,0.008152,0.008152,26
10,Structured,RandomForest,total_acc,structured,0.029441,0.029441,12
10,Structured,RandomForest,total_bal_ex_mort,structured,0.020537,0.020537,16
10,Structured,RandomForest,total_bc_limit,structured,0.019201,0.019201,18
10,Structured,RandomForest,total_il_high_credit_limit,structured,0.007646,0.007646,27
10,Structured,RandomForest,total_rev_hi_lim,structured,0.007458,0.007458,29
10,Structured,RandomForest,fico_midpoint,structured,0.043798,0.043798,7
10,Structured,RandomForest,credit_history_months,structured,0.037962,0.037962,11
10,Structured,RandomForest,initial_list_status_w,structured,0.000257,0.000257,78
10,Structured,RandomForest,addr_state_AL,structured,7.9e-05,7.9e-05,93
10,Structured,RandomForest,addr_state_AR,structured,2.4e-05,2.4e-05,99
10,Structured,RandomForest,addr_state_AZ,structured,0.000306,0.000306,74
10,Structured,RandomForest,addr_state_CA,structured,0.003532,0.003532,47
10,Structured,RandomForest,addr_state_CO,structured,0.000169,0.000169,84
10,Structured,RandomForest,addr_state_CT,structured,0.000191,0.000191,83
10,Structured,RandomForest,addr_state_DC,structured,8.6e-05,8.6e-05,91
10,Structured,RandomForest,addr_state_DE,structured,6e-06,6e-06,106
10,Structured,RandomForest,addr_state_FL,structured,0.001989,0.001989,53
10,Structured,RandomForest,addr_state_GA,structured,0.000447,0.000447,70
10,Structured,RandomForest,addr_state_HI,structured,6e-06,6e-06,104
10,Structured,RandomForest,addr_state_IA,structured,0.0,0.0,112
10,Structured,RandomForest,addr_state_ID,structured,0.0,0.0,111
10,Structured,RandomForest,addr_state_IL,structured,0.000991,0.000991,61
10,Structured,RandomForest,addr_state_IN,structured,0.0,0.0,113
10,Structured,RandomForest,addr_state_KS,structured,6.8e-05,6.8e-05,94
10,Structured,RandomForest,addr_state_KY,structured,5.1e-05,5.1e-05,96
10,Structured,RandomForest,addr_state_LA,structured,9.8e-05,9.8e-05,88
10,Structured,RandomForest,addr_state_MA,structured,0.000462,0.000462,69
10,Structured,RandomForest,addr_state_MD,structured,0.000267,0.000267,77
10,Structured,RandomForest,addr_state_MI,structured,0.000243,0.000243,79
10,Structured,RandomForest,addr_state_MN,structured,0.000129,0.000129,85
10,Structured,RandomForest,addr_state_MO,structured,0.000128,0.000128,86
10,Structured,RandomForest,addr_state_MS,structured,0.0,0.0,114
10,Structured,RandomForest,addr_state_MT,structured,3e-06,3e-06,108
10,Structured,RandomForest,addr_state_NC,structured,0.000384,0.000384,72
10,Structured,RandomForest,addr_state_NE,structured,0.0,0.0,115
10,Structured,RandomForest,addr_state_NH,structured,1.1e-05,1.1e-05,103
10,Structured,RandomForest,addr_state_NJ,structured,0.00077,0.00077,64
10,Structured,RandomForest,addr_state_NM,structured,4.8e-05,4.8e-05,97
10,Structured,RandomForest,addr_state_NV,structured,0.000217,0.000217,81
10,Structured,RandomForest,addr_state_NY,structured,0.001933,0.001933,54
10,Structured,RandomForest,addr_state_OH,structured,0.000422,0.000422,71
10,Structured,RandomForest,addr_state_OK,structured,3e-05,3e-05,98
10,Structured,RandomForest,addr_state_OR,structured,9.3e-05,9.3e-05,89
10,Structured,RandomForest,addr_state_PA,structured,0.00056,0.00056,65
10,Structured,RandomForest,addr_state_RI,structured,4e-06,4e-06,107
10,Structured,RandomForest,addr_state_SC,structured,8.5e-05,8.5e-05,92
10,Structured,RandomForest,addr_state_SD,structured,0.0,0.0,118
10,Structured,RandomForest,addr_state_TN,structured,0.0,0.0,117
10,Structured,RandomForest,addr_state_TX,structured,0.001826,0.001826,55
10,Structured,RandomForest,addr_state_UT,structured,2.3e-05,2.3e-05,100
10,Structured,RandomForest,addr_state_VA,structured,0.000498,0.000498,68
10,Structured,RandomForest,addr_state_VT,structured,0.0,0.0,116
10,Structured,RandomForest,addr_state_WA,structured,0.000303,0.000303,75
10,Structured,RandomForest,addr_state_WI,structured,0.000103,0.000103,87
10,Structured,RandomForest,addr_state_WV,structured,1.7e-05,1.7e-05,102
10,Structured,RandomForest,addr_state_WY,structured,6e-06,6e-06,105
10,Structured,RandomForest,purpose_credit_card,structured,0.005725,0.005725,38
10,Structured,RandomForest,purpose_debt_consolidation,structured,0.006282,0.006282,33
10,Structured,RandomForest,purpose_educational,structured,0.0,0.0,119
10,Structured,RandomForest,purpose_home_improvement,structured,0.001346,0.001346,58
10,Structured,RandomForest,purpose_house,structured,8.9e-05,8.9e-05,90
10,Structured,RandomForest,purpose_major_purchase,structured,0.000938,0.000938,62
10,Structured,RandomForest,purpose_medical,structured,0.00029,0.00029,76
10,Structured,RandomForest,purpose_moving,structured,0.000383,0.000383,73
10,Structured,RandomForest,purpose_other,structured,0.00226,0.00226,50
10,Structured,RandomForest,purpose_renewable_energy,structured,2.2e-05,2.2e-05,101
10,Structured,RandomForest,purpose_vacation,structured,0.000207,0.000207,82
10,Structured,RandomForest,purpose_wedding,structured,0.00051,0.00051,67
10,Structured,RandomForest,home_ownership_NONE,structured,0.0,0.0,109
10,Structured,RandomForest,home_ownership_OTHER,structured,0.0,0.0,110
10,Structured,RandomForest,home_ownership_OWN,structured,0.001465,0.001465,57
10,Structured,RandomForest,home_ownership_RENT,structured,0.005818,0.005818,37
10,Structured,RandomForest,verification_status_Source Verified,structured,0.004194,0.004194,43
10,Structured,RandomForest,verification_status_Verified,structured,0.005839,0.005839,36
10,Structured,RandomForest,grade_ord,structured,0.053067,0.053067,4
10,Structured,RandomForest,sub_grade_ord,structured,0.071182,0.071182,2
10,Structured+Lexicon,Logistic,acc_now_delinq,structured,0.0,0.0,133
10,Structured+Lexicon,Logistic,acc_open_past_24mths,structured,0.187056,0.03591,8
10,Structured+Lexicon,Logistic,annual_inc,structured,0.327119,0.062798,1
10,Structured+Lexicon,Logistic,avg_cur_bal,structured,0.010541,0.002024,85
10,Structured+Lexicon,Logistic,bc_open_to_buy,structured,0.28849,0.055383,3
10,Structured+Lexicon,Logistic,bc_util,structured,0.200503,0.038491,7
10,Structured+Lexicon,Logistic,chargeoff_within_12_mths,structured,0.0,0.0,131
10,Structured+Lexicon,Logistic,collections_12_mths_ex_med,structured,0.0,0.0,132
10,Structured+Lexicon,Logistic,delinq_2yrs,structured,0.01478,0.002837,73
10,Structured+Lexicon,Logistic,delinq_amnt,structured,0.0,0.0,130
10,Structured+Lexicon,Logistic,dti,structured,0.049787,0.009558,25
10,Structured+Lexicon,Logistic,emp_length,structured,0.019528,0.003749,59
10,Structured+Lexicon,Logistic,inq_last_6mths,structured,0.135214,0.025958,11
10,Structured+Lexicon,Logistic,int_rate,structured,0.303813,0.058324,2
10,Structured+Lexicon,Logistic,loan_amnt,structured,0.156258,0.029997,9
10,Structured+Lexicon,Logistic,mo_sin_old_il_acct,structured,0.015709,0.003016,70
10,Structured+Lexicon,Logistic,mo_sin_old_rev_tl_op,structured,0.014634,0.002809,74
10,Structured+Lexicon,Logistic,mo_sin_rcnt_rev_tl_op,structured,0.011798,0.002265,80
10,Structured+Lexicon,Logistic,mo_sin_rcnt_tl,structured,0.001555,0.000299,117
10,Structured+Lexicon,Logistic,mort_acc,structured,0.003116,0.000598,114
10,Structured+Lexicon,Logistic,mths_since_last_delinq,structured,0.052558,0.01009,21
10,Structured+Lexicon,Logistic,mths_since_last_major_derog,structured,0.006142,0.001179,103
10,Structured+Lexicon,Logistic,mths_since_last_record,structured,0.023916,0.004591,52
10,Structured+Lexicon,Logistic,mths_since_recent_bc,structured,0.259605,0.049837,5
10,Structured+Lexicon,Logistic,mths_since_recent_bc_dlq,structured,0.012726,0.002443,78
10,Structured+Lexicon,Logistic,mths_since_recent_inq,structured,0.050662,0.009726,24
10,Structured+Lexicon,Logistic,mths_since_recent_revol_delinq,structured,0.000115,2.2e-05,124
10,Structured+Lexicon,Logistic,num_accts_ever_120_pd,structured,0.016776,0.003221,66
10,Structured+Lexicon,Logistic,num_actv_bc_tl,structured,0.049261,0.009457,27
10,Structured+Lexicon,Logistic,num_actv_rev_tl,structured,0.037113,0.007125,38
10,Structured+Lexicon,Logistic,num_bc_sats,structured,0.017245,0.003311,64
10,Structured+Lexicon,Logistic,num_bc_tl,structured,0.069681,0.013377,17
10,Structured+Lexicon,Logistic,num_il_tl,structured,0.044416,0.008527,33
10,Structured+Lexicon,Logistic,num_op_rev_tl,structured,0.062528,0.012004,18
10,Structured+Lexicon,Logistic,num_rev_accts,structured,0.097587,0.018734,14
10,Structured+Lexicon,Logistic,num_tl_120dpd_2m,structured,0.0,0.0,127
10,Structured+Lexicon,Logistic,num_tl_30dpd,structured,0.0,0.0,129
10,Structured+Lexicon,Logistic,num_tl_90g_dpd_24m,structured,0.008093,0.001554,97
10,Structured+Lexicon,Logistic,num_tl_op_past_12m,structured,0.048836,0.009375,29
10,Structured+Lexicon,Logistic,open_acc,structured,0.029673,0.005697,49
10,Structured+Lexicon,Logistic,pct_tl_nvr_dlq,structured,0.000629,0.000121,122
10,Structured+Lexicon,Logistic,percent_bc_gt_75,structured,0.050754,0.009744,23
10,Structured+Lexicon,Logistic,pub_rec,structured,0.000489,9.4e-05,123
10,Structured+Lexicon,Logistic,pub_rec_bankruptcies,structured,0.022798,0.004377,53
10,Structured+Lexicon,Logistic,revol_bal,structured,0.077432,0.014865,15
10,Structured+Lexicon,Logistic,revol_util,structured,0.144757,0.02779,10
10,Structured+Lexicon,Logistic,tax_liens,structured,0.0,0.0,128
10,Structured+Lexicon,Logistic,term,structured,0.274384,0.052675,4
10,Structured+Lexicon,Logistic,tot_coll_amt,structured,0.000864,0.000166,119
10,Structured+Lexicon,Logistic,tot_cur_bal,structured,0.009659,0.001854,91
10,Structured+Lexicon,Logistic,total_acc,structured,0.021028,0.004037,57
10,Structured+Lexicon,Logistic,total_bal_ex_mort,structured,0.017444,0.003349,62
10,Structured+Lexicon,Logistic,total_bc_limit,structured,0.004987,0.000957,108
10,Structured+Lexicon,Logistic,total_il_high_credit_limit,structured,0.034546,0.006632,40
10,Structured+Lexicon,Logistic,total_rev_hi_lim,structured,0.045952,0.008822,32
10,Structured+Lexicon,Logistic,fico_midpoint,structured,0.206336,0.039611,6
10,Structured+Lexicon,Logistic,credit_history_months,structured,0.072213,0.013863,16
10,Structured+Lexicon,Logistic,initial_list_status_w,structured,0.004886,0.000938,109
10,Structured+Lexicon,Logistic,addr_state_AL,structured,0.002227,0.000428,116
10,Structured+Lexicon,Logistic,addr_state_AR,structured,0.006198,0.00119,102
10,Structured+Lexicon,Logistic,addr_state_AZ,structured,0.010873,0.002087,83
10,Structured+Lexicon,Logistic,addr_state_CA,structured,0.046236,0.008876,30
10,Structured+Lexicon,Logistic,addr_state_CO,structured,0.016444,0.003157,67
10,Structured+Lexicon,Logistic,addr_state_CT,structured,0.001036,0.000199,118
10,Structured+Lexicon,Logistic,addr_state_DC,structured,0.061605,0.011827,19
10,Structured+Lexicon,Logistic,addr_state_DE,structured,0.008802,0.00169,95
10,Structured+Lexicon,Logistic,addr_state_FL,structured,0.049319,0.009468,26
10,Structured+Lexicon,Logistic,addr_state_GA,structured,0.005073,0.000974,107
10,Structured+Lexicon,Logistic,addr_state_HI,structured,0.003817,0.000733,111
10,Structured+Lexicon,Logistic,addr_state_IA,structured,0.013443,0.002581,77
10,Structured+Lexicon,Logistic,addr_state_ID,structured,0.0,0.0,126
10,Structured+Lexicon,Logistic,addr_state_IL,structured,0.035463,0.006808,39
10,Structured+Lexicon,Logistic,addr_state_IN,structured,0.01506,0.002891,71
10,Structured+Lexicon,Logistic,addr_state_KS,structured,0.033423,0.006416,43
10,Structured+Lexicon,Logistic,addr_state_KY,structured,0.005408,0.001038,105
10,Structured+Lexicon,Logistic,addr_state_LA,structured,0.009914,0.001903,89
10,Structured+Lexicon,Logistic,addr_state_MA,structured,0.000783,0.00015,121
10,Structured+Lexicon,Logistic,addr_state_MD,structured,0.011138,0.002138,81
10,Structured+Lexicon,Logistic,addr_state_MI,structured,0.00934,0.001793,92
10,Structured+Lexicon,Logistic,addr_state_MN,structured,0.006516,0.001251,101
10,Structured+Lexicon,Logistic,addr_state_MO,structured,0.000829,0.000159,120
10,Structured+Lexicon,Logistic,addr_state_MS,structured,0.020687,0.003971,58
10,Structured+Lexicon,Logistic,addr_state_MT,structured,0.014458,0.002776,75
10,Structured+Lexicon,Logistic,addr_state_NC,structured,0.003579,0.000687,113
10,Structured+Lexicon,Logistic,addr_state_NE,structured,0.017539,0.003367,60
10,Structured+Lexicon,Logistic,addr_state_NH,structured,0.005854,0.001124,104
10,Structured+Lexicon,Logistic,addr_state_NJ,structured,0.033833,0.006495,42
10,Structured+Lexicon,Logistic,addr_state_NM,structured,0.017149,0.003292,65
10,Structured+Lexicon,Logistic,addr_state_NV,structured,0.030224,0.005802,46
10,Structured+Lexicon,Logistic,addr_state_NY,structured,0.029572,0.005677,50
10,Structured+Lexicon,Logistic,addr_state_OH,structured,0.017357,0.003332,63
10,Structured+Lexicon,Logistic,addr_state_OK,structured,0.012312,0.002364,79
10,Structured+Lexicon,Logistic,addr_state_OR,structured,0.004846,0.00093,110
10,Structured+Lexicon,Logistic,addr_state_PA,structured,0.022091,0.004241,55
10,Structured+Lexicon,Logistic,addr_state_RI,structured,0.014862,0.002853,72
10,Structured+Lexicon,Logistic,addr_state_SC,structured,0.010989,0.00211,82
10,Structured+Lexicon,Logistic,addr_state_SD,structured,0.010333,0.001984,86
10,Structured+Lexicon,Logistic,addr_state_TN,structured,0.0,0.0,125
10,Structured+Lexicon,Logistic,addr_state_TX,structured,0.046174,0.008864,31
10,Structured+Lexicon,Logistic,addr_state_UT,structured,0.006638,0.001274,100
10,Structured+Lexicon,Logistic,addr_state_VA,structured,0.010205,0.001959,88
10,Structured+Lexicon,Logistic,addr_state_VT,structured,0.007536,0.001447,98
10,Structured+Lexicon,Logistic,addr_state_WA,structured,0.009265,0.001779,94
10,Structured+Lexicon,Logistic,addr_state_WI,structured,0.003744,0.000719,112
10,Structured+Lexicon,Logistic,addr_state_WV,structured,0.029317,0.005628,51
10,Structured+Lexicon,Logistic,addr_state_WY,structured,0.042684,0.008194,35
10,Structured+Lexicon,Logistic,purpose_credit_card,structured,0.008448,0.001622,96
10,Structured+Lexicon,Logistic,purpose_debt_consolidation,structured,0.097689,0.018754,13
10,Structured+Lexicon,Logistic,purpose_educational,structured,0.017505,0.00336,61
10,Structured+Lexicon,Logistic,purpose_home_improvement,structured,0.034062,0.006539,41
10,Structured+Lexicon,Logistic,purpose_house,structured,0.030085,0.005776,48
10,Structured+Lexicon,Logistic,purpose_major_purchase,structured,0.002708,0.00052,115
10,Structured+Lexicon,Logistic,purpose_medical,structured,0.052407,0.010061,22
10,Structured+Lexicon,Logistic,purpose_moving,structured,0.049204,0.009446,28
10,Structured+Lexicon,Logistic,purpose_other,structured,0.111958,0.021493,12
10,Structured+Lexicon,Logistic,purpose_renewable_energy,structured,0.041011,0.007873,36
10,Structured+Lexicon,Logistic,purpose_vacation,structured,0.054754,0.010511,20
10,Structured+Lexicon,Logistic,purpose_wedding,structured,0.014433,0.002771,76
10,Structured+Lexicon,Logistic,home_ownership_NONE,structured,0.009713,0.001865,90
10,Structured+Lexicon,Logistic,home_ownership_OTHER,structured,0.016033,0.003078,69
10,Structured+Lexicon,Logistic,home_ownership_OWN,structured,0.010652,0.002045,84
10,Structured+Lexicon,Logistic,home_ownership_RENT,structured,0.016338,0.003136,68
10,Structured+Lexicon,Logistic,verification_status_Source Verified,structured,0.022295,0.00428,54
10,Structured+Lexicon,Logistic,verification_status_Verified,structured,0.007264,0.001394,99
10,Structured+Lexicon,Logistic,grade_ord,structured,0.03256,0.006251,44
10,Structured+Lexicon,Logistic,sub_grade_ord,structured,0.030109,0.00578,47
10,Structured+Lexicon,Logistic,risk_word_count,lexicon,0.031756,0.006096,45
10,Structured+Lexicon,Logistic,risk_word_density,lexicon,0.021951,0.004214,56
10,Structured+Lexicon,Logistic,risk_word_flag,lexicon,0.010296,0.001977,87
10,Structured+Lexicon,Logistic,distress_debt_pressure_count,lexicon,0.043438,0.008339,34
10,Structured+Lexicon,Logistic,distress_liquidity_shortage_count,lexicon,0.009325,0.00179,93
10,Structured+Lexicon,Logistic,distress_medical_life_shock_count,lexicon,0.03762,0.007222,37
10,Structured+Lexicon,Logistic,distress_refinancing_burden_count,lexicon,0.005231,0.001004,106
10,Structured+Lexicon,XGBoost,acc_now_delinq,structured,0.0,0.0,133
10,Structured+Lexicon,XGBoost,acc_open_past_24mths,structured,62.399815,0.015685,7
10,Structured+Lexicon,XGBoost,annual_inc,structured,84.970764,0.021358,5
10,Structured+Lexicon,XGBoost,avg_cur_bal,structured,32.655865,0.008208,33
10,Structured+Lexicon,XGBoost,bc_open_to_buy,structured,34.672783,0.008715,22
10,Structured+Lexicon,XGBoost,bc_util,structured,36.633244,0.009208,17
10,Structured+Lexicon,XGBoost,chargeoff_within_12_mths,structured,0.0,0.0,131
10,Structured+Lexicon,XGBoost,collections_12_mths_ex_med,structured,0.0,0.0,132
10,Structured+Lexicon,XGBoost,delinq_2yrs,structured,29.978903,0.007536,43
10,Structured+Lexicon,XGBoost,delinq_amnt,structured,0.0,0.0,130
10,Structured+Lexicon,XGBoost,dti,structured,31.533873,0.007926,34
10,Structured+Lexicon,XGBoost,emp_length,structured,34.675007,0.008716,21
10,Structured+Lexicon,XGBoost,inq_last_6mths,structured,55.36882,0.013918,8
10,Structured+Lexicon,XGBoost,int_rate,structured,335.389709,0.084304,1
10,Structured+Lexicon,XGBoost,loan_amnt,structured,29.465559,0.007406,47
10,Structured+Lexicon,XGBoost,mo_sin_old_il_acct,structured,24.184978,0.006079,87
10,Structured+Lexicon,XGBoost,mo_sin_old_rev_tl_op,structured,24.082424,0.006053,88
10,Structured+Lexicon,XGBoost,mo_sin_rcnt_rev_tl_op,structured,30.574762,0.007685,40
10,Structured+Lexicon,XGBoost,mo_sin_rcnt_tl,structured,34.201908,0.008597,24
10,Structured+Lexicon,XGBoost,mort_acc,structured,23.463949,0.005898,93
10,Structured+Lexicon,XGBoost,mths_since_last_delinq,structured,30.76367,0.007733,37
10,Structured+Lexicon,XGBoost,mths_since_last_major_derog,structured,25.282499,0.006355,82
10,Structured+Lexicon,XGBoost,mths_since_last_record,structured,33.205292,0.008347,29
10,Structured+Lexicon,XGBoost,mths_since_recent_bc,structured,39.757412,0.009993,14
10,Structured+Lexicon,XGBoost,mths_since_recent_bc_dlq,structured,29.909744,0.007518,44
10,Structured+Lexicon,XGBoost,mths_since_recent_inq,structured,34.511505,0.008675,23
10,Structured+Lexicon,XGBoost,mths_since_recent_revol_delinq,structured,27.267408,0.006854,63
10,Structured+Lexicon,XGBoost,num_accts_ever_120_pd,structured,27.756516,0.006977,56
10,Structured+Lexicon,XGBoost,num_actv_bc_tl,structured,26.717716,0.006716,69
10,Structured+Lexicon,XGBoost,num_actv_rev_tl,structured,26.774595,0.00673,67
10,Structured+Lexicon,XGBoost,num_bc_sats,structured,29.199938,0.00734,48
10,Structured+Lexicon,XGBoost,num_bc_tl,structured,24.306152,0.00611,85
10,Structured+Lexicon,XGBoost,num_il_tl,structured,29.153366,0.007328,50
10,Structured+Lexicon,XGBoost,num_op_rev_tl,structured,25.497446,0.006409,77
10,Structured+Lexicon,XGBoost,num_rev_accts,structured,26.753647,0.006725,68
10,Structured+Lexicon,XGBoost,num_tl_120dpd_2m,structured,0.0,0.0,126
10,Structured+Lexicon,XGBoost,num_tl_30dpd,structured,0.0,0.0,127
10,Structured+Lexicon,XGBoost,num_tl_90g_dpd_24m,structured,0.0,0.0,128
10,Structured+Lexicon,XGBoost,num_tl_op_past_12m,structured,30.452972,0.007655,42
10,Structured+Lexicon,XGBoost,open_acc,structured,26.778181,0.006731,66
10,Structured+Lexicon,XGBoost,pct_tl_nvr_dlq,structured,25.700747,0.00646,76
10,Structured+Lexicon,XGBoost,percent_bc_gt_75,structured,28.154644,0.007077,52
10,Structured+Lexicon,XGBoost,pub_rec,structured,0.0,0.0,129
10,Structured+Lexicon,XGBoost,pub_rec_bankruptcies,structured,30.636444,0.007701,39
10,Structured+Lexicon,XGBoost,revol_bal,structured,31.083609,0.007813,36
10,Structured+Lexicon,XGBoost,revol_util,structured,33.545368,0.008432,27
10,Structured+Lexicon,XGBoost,tax_liens,structured,0.0,0.0,124
10,Structured+Lexicon,XGBoost,term,structured,180.706085,0.045422,3
10,Structured+Lexicon,XGBoost,tot_coll_amt,structured,18.06284,0.00454,102
10,Structured+Lexicon,XGBoost,tot_cur_bal,structured,23.926165,0.006014,91
10,Structured+Lexicon,XGBoost,total_acc,structured,27.924347,0.007019,55
10,Structured+Lexicon,XGBoost,total_bal_ex_mort,structured,30.51042,0.007669,41
10,Structured+Lexicon,XGBoost,total_bc_limit,structured,36.336853,0.009134,19
10,Structured+Lexicon,XGBoost,total_il_high_credit_limit,structured,36.78334,0.009246,16
10,Structured+Lexicon,XGBoost,total_rev_hi_lim,structured,26.228718,0.006593,73
10,Structured+Lexicon,XGBoost,fico_midpoint,structured,40.338463,0.01014,12
10,Structured+Lexicon,XGBoost,credit_history_months,structured,28.893602,0.007263,51
10,Structured+Lexicon,XGBoost,initial_list_status_w,structured,27.578062,0.006932,59
10,Structured+Lexicon,XGBoost,addr_state_AL,structured,0.0,0.0,125
10,Structured+Lexicon,XGBoost,addr_state_AR,structured,28.133442,0.007072,53
10,Structured+Lexicon,XGBoost,addr_state_AZ,structured,29.524818,0.007421,46
10,Structured+Lexicon,XGBoost,addr_state_CA,structured,36.413128,0.009153,18
10,Structured+Lexicon,XGBoost,addr_state_CO,structured,19.315025,0.004855,99
10,Structured+Lexicon,XGBoost,addr_state_CT,structured,34.196064,0.008596,25
10,Structured+Lexicon,XGBoost,addr_state_DC,structured,40.074196,0.010073,13
10,Structured+Lexicon,XGBoost,addr_state_DE,structured,33.42944,0.008403,28
10,Structured+Lexicon,XGBoost,addr_state_FL,structured,34.094105,0.00857,26
10,Structured+Lexicon,XGBoost,addr_state_GA,structured,10.869411,0.002732,110
10,Structured+Lexicon,XGBoost,addr_state_HI,structured,13.981552,0.003514,106
10,Structured+Lexicon,XGBoost,addr_state_IA,structured,0.0,0.0,119
10,Structured+Lexicon,XGBoost,addr_state_ID,structured,0.0,0.0,118
10,Structured+Lexicon,XGBoost,addr_state_IL,structured,33.170856,0.008338,30
10,Structured+Lexicon,XGBoost,addr_state_IN,structured,0.0,0.0,121
10,Structured+Lexicon,XGBoost,addr_state_KS,structured,25.310503,0.006362,80
10,Structured+Lexicon,XGBoost,addr_state_KY,structured,23.977722,0.006027,90
10,Structured+Lexicon,XGBoost,addr_state_LA,structured,13.346898,0.003355,107
10,Structured+Lexicon,XGBoost,addr_state_MA,structured,0.0,0.0,120
10,Structured+Lexicon,XGBoost,addr_state_MD,structured,27.685699,0.006959,57
10,Structured+Lexicon,XGBoost,addr_state_MI,structured,23.504997,0.005908,92
10,Structured+Lexicon,XGBoost,addr_state_MN,structured,27.343693,0.006873,61
10,Structured+Lexicon,XGBoost,addr_state_MO,structured,14.797252,0.003719,105
10,Structured+Lexicon,XGBoost,addr_state_MS,structured,0.0,0.0,123
10,Structured+Lexicon,XGBoost,addr_state_MT,structured,18.944477,0.004762,101
10,Structured+Lexicon,XGBoost,addr_state_NC,structured,24.366499,0.006125,84
10,Structured+Lexicon,XGBoost,addr_state_NE,structured,0.0,0.0,122
10,Structured+Lexicon,XGBoost,addr_state_NH,structured,26.591148,0.006684,70
10,Structured+Lexicon,XGBoost,addr_state_NJ,structured,27.325315,0.006869,62
10,Structured+Lexicon,XGBoost,addr_state_NM,structured,25.291199,0.006357,81
10,Structured+Lexicon,XGBoost,addr_state_NV,structured,27.663919,0.006954,58
10,Structured+Lexicon,XGBoost,addr_state_NY,structured,26.397726,0.006635,72
10,Structured+Lexicon,XGBoost,addr_state_OH,structured,21.252995,0.005342,97
10,Structured+Lexicon,XGBoost,addr_state_OK,structured,19.029625,0.004783,100
10,Structured+Lexicon,XGBoost,addr_state_OR,structured,25.401495,0.006385,78
10,Structured+Lexicon,XGBoost,addr_state_PA,structured,28.11389,0.007067,54
10,Structured+Lexicon,XGBoost,addr_state_RI,structured,37.131157,0.009333,15
10,Structured+Lexicon,XGBoost,addr_state_SC,structured,12.695827,0.003191,109
10,Structured+Lexicon,XGBoost,addr_state_SD,structured,17.206289,0.004325,103
10,Structured+Lexicon,XGBoost,addr_state_TN,structured,0.0,0.0,117
10,Structured+Lexicon,XGBoost,addr_state_TX,structured,42.957935,0.010798,9
10,Structured+Lexicon,XGBoost,addr_state_UT,structured,10.155323,0.002553,111
10,Structured+Lexicon,XGBoost,addr_state_VA,structured,21.091007,0.005301,98
10,Structured+Lexicon,XGBoost,addr_state_VT,structured,9.194756,0.002311,112
10,Structured+Lexicon,XGBoost,addr_state_WA,structured,15.259233,0.003836,104
10,Structured+Lexicon,XGBoost,addr_state_WI,structured,24.064625,0.006049,89
10,Structured+Lexicon,XGBoost,addr_state_WV,structured,25.398333,0.006384,79
10,Structured+Lexicon,XGBoost,addr_state_WY,structured,30.694811,0.007715,38
10,Structured+Lexicon,XGBoost,purpose_credit_card,structured,65.978531,0.016584,6
10,Structured+Lexicon,XGBoost,purpose_debt_consolidation,structured,29.570442,0.007433,45
10,Structured+Lexicon,XGBoost,purpose_educational,structured,0.0,0.0,116
10,Structured+Lexicon,XGBoost,purpose_home_improvement,structured,21.312056,0.005357,96
10,Structured+Lexicon,XGBoost,purpose_house,structured,25.253555,0.006348,83
10,Structured+Lexicon,XGBoost,purpose_major_purchase,structured,32.78138,0.00824,31
10,Structured+Lexicon,XGBoost,purpose_medical,structured,29.182915,0.007335,49
10,Structured+Lexicon,XGBoost,purpose_moving,structured,26.966047,0.006778,65
10,Structured+Lexicon,XGBoost,purpose_other,structured,42.855,0.010772,10
10,Structured+Lexicon,XGBoost,purpose_renewable_energy,structured,27.219744,0.006842,64
10,Structured+Lexicon,XGBoost,purpose_vacation,structured,32.74905,0.008232,32
10,Structured+Lexicon,XGBoost,purpose_wedding,structured,31.140162,0.007827,35
10,Structured+Lexicon,XGBoost,home_ownership_NONE,structured,0.0,0.0,115
10,Structured+Lexicon,XGBoost,home_ownership_OTHER,structured,12.923738,0.003249,108
10,Structured+Lexicon,XGBoost,home_ownership_OWN,structured,24.261852,0.006098,86
10,Structured+Lexicon,XGBoost,home_ownership_RENT,structured,27.456533,0.006901,60
10,Structured+Lexicon,XGBoost,verification_status_Source Verified,structured,21.315926,0.005358,95
10,Structured+Lexicon,XGBoost,verification_status_Verified,structured,26.49189,0.006659,71
10,Structured+Lexicon,XGBoost,grade_ord,structured,239.39418,0.060174,2
10,Structured+Lexicon,XGBoost,sub_grade_ord,structured,100.019859,0.025141,4
10,Structured+Lexicon,XGBoost,risk_word_count,lexicon,41.715256,0.010486,11
10,Structured+Lexicon,XGBoost,risk_word_density,lexicon,25.761765,0.006476,75
10,Structured+Lexicon,XGBoost,risk_word_flag,lexicon,0.0,0.0,114
10,Structured+Lexicon,XGBoost,distress_debt_pressure_count,lexicon,35.667118,0.008965,20
10,Structured+Lexicon,XGBoost,distress_liquidity_shortage_count,lexicon,22.290464,0.005603,94
10,Structured+Lexicon,XGBoost,distress_medical_life_shock_count,lexicon,25.889389,0.006508,74
10,Structured+Lexicon,XGBoost,distress_refinancing_burden_count,lexicon,0.0,0.0,113
10,Structured+Lexicon,RandomForest,acc_now_delinq,structured,0.0,0.0,133
10,Structured+Lexicon,RandomForest,acc_open_past_24mths,structured,0.014832,0.014832,23
10,Structured+Lexicon,RandomForest,annual_inc,structured,0.063686,0.063686,3
10,Structured+Lexicon,RandomForest,avg_cur_bal,structured,0.007793,0.007793,28
10,Structured+Lexicon,RandomForest,bc_open_to_buy,structured,0.019301,0.019301,16
10,Structured+Lexicon,RandomForest,bc_util,structured,0.018246,0.018246,18
10,Structured+Lexicon,RandomForest,chargeoff_within_12_mths,structured,0.0,0.0,131
10,Structured+Lexicon,RandomForest,collections_12_mths_ex_med,structured,0.0,0.0,132
10,Structured+Lexicon,RandomForest,delinq_2yrs,structured,0.002149,0.002149,55
10,Structured+Lexicon,RandomForest,delinq_amnt,structured,0.0,0.0,130
10,Structured+Lexicon,RandomForest,dti,structured,0.041905,0.041905,7
10,Structured+Lexicon,RandomForest,emp_length,structured,0.019926,0.019926,15
10,Structured+Lexicon,RandomForest,inq_last_6mths,structured,0.015134,0.015134,22
10,Structured+Lexicon,RandomForest,int_rate,structured,0.081574,0.081574,1
10,Structured+Lexicon,RandomForest,loan_amnt,structured,0.037083,0.037083,10
10,Structured+Lexicon,RandomForest,mo_sin_old_il_acct,structured,0.006471,0.006471,34
10,Structured+Lexicon,RandomForest,mo_sin_old_rev_tl_op,structured,0.006715,0.006715,33
10,Structured+Lexicon,RandomForest,mo_sin_rcnt_rev_tl_op,structured,0.006236,0.006236,35
10,Structured+Lexicon,RandomForest,mo_sin_rcnt_tl,structured,0.005521,0.005521,40
10,Structured+Lexicon,RandomForest,mort_acc,structured,0.005596,0.005596,39
10,Structured+Lexicon,RandomForest,mths_since_last_delinq,structured,0.016888,0.016888,21
10,Structured+Lexicon,RandomForest,mths_since_last_major_derog,structured,0.001197,0.001197,64
10,Structured+Lexicon,RandomForest,mths_since_last_record,structured,0.00196,0.00196,57
10,Structured+Lexicon,RandomForest,mths_since_recent_bc,structured,0.01741,0.01741,20
10,Structured+Lexicon,RandomForest,mths_since_recent_bc_dlq,structured,0.001678,0.001678,61
10,Structured+Lexicon,RandomForest,mths_since_recent_inq,structured,0.013733,0.013733,24
10,Structured+Lexicon,RandomForest,mths_since_recent_revol_delinq,structured,0.004844,0.004844,42
10,Structured+Lexicon,RandomForest,num_accts_ever_120_pd,structured,0.000464,0.000464,72
10,Structured+Lexicon,RandomForest,num_actv_bc_tl,structured,0.002993,0.002993,53
10,Structured+Lexicon,RandomForest,num_actv_rev_tl,structured,0.003728,0.003728,49
10,Structured+Lexicon,RandomForest,num_bc_sats,structured,0.007226,0.007226,31
10,Structured+Lexicon,RandomForest,num_bc_tl,structured,0.004383,0.004383,45
10,Structured+Lexicon,RandomForest,num_il_tl,structured,0.004659,0.004659,43
10,Structured+Lexicon,RandomForest,num_op_rev_tl,structured,0.003889,0.003889,48
10,Structured+Lexicon,RandomForest,num_rev_accts,structured,0.004586,0.004586,44
10,Structured+Lexicon,RandomForest,num_tl_120dpd_2m,structured,0.0,0.0,127
10,Structured+Lexicon,RandomForest,num_tl_30dpd,structured,0.0,0.0,129
10,Structured+Lexicon,RandomForest,num_tl_90g_dpd_24m,structured,4.7e-05,4.7e-05,103
10,Structured+Lexicon,RandomForest,num_tl_op_past_12m,structured,0.003345,0.003345,50
10,Structured+Lexicon,RandomForest,open_acc,structured,0.020882,0.020882,13
10,Structured+Lexicon,RandomForest,pct_tl_nvr_dlq,structured,0.002997,0.002997,52
10,Structured+Lexicon,RandomForest,percent_bc_gt_75,structured,0.011077,0.011077,27
10,Structured+Lexicon,RandomForest,pub_rec,structured,0.001134,0.001134,66
10,Structured+Lexicon,RandomForest,pub_rec_bankruptcies,structured,0.000844,0.000844,69
10,Structured+Lexicon,RandomForest,revol_bal,structured,0.038134,0.038134,9
10,Structured+Lexicon,RandomForest,revol_util,structured,0.04483,0.04483,5
10,Structured+Lexicon,RandomForest,tax_liens,structured,0.0,0.0,128
10,Structured+Lexicon,RandomForest,term,structured,0.038266,0.038266,8
10,Structured+Lexicon,RandomForest,tot_coll_amt,structured,0.000225,0.000225,85
10,Structured+Lexicon,RandomForest,tot_cur_bal,structured,0.007539,0.007539,29
10,Structured+Lexicon,RandomForest,total_acc,structured,0.027624,0.027624,12
10,Structured+Lexicon,RandomForest,total_bal_ex_mort,structured,0.018679,0.018679,17
10,Structured+Lexicon,RandomForest,total_bc_limit,structured,0.018164,0.018164,19
10,Structured+Lexicon,RandomForest,total_il_high_credit_limit,structured,0.007245,0.007245,30
10,Structured+Lexicon,RandomForest,total_rev_hi_lim,structured,0.007066,0.007066,32
10,Structured+Lexicon,RandomForest,fico_midpoint,structured,0.043836,0.043836,6
10,Structured+Lexicon,RandomForest,credit_history_months,structured,0.035295,0.035295,11
10,Structured+Lexicon,RandomForest,initial_list_status_w,structured,0.000239,0.000239,82
10,Structured+Lexicon,RandomForest,addr_state_AL,structured,5.8e-05,5.8e-05,100
10,Structured+Lexicon,RandomForest,addr_state_AR,structured,2.1e-05,2.1e-05,106
10,Structured+Lexicon,RandomForest,addr_state_AZ,structured,0.000299,0.000299,80
10,Structured+Lexicon,RandomForest,addr_state_CA,structured,0.003101,0.003101,51
10,Structured+Lexicon,RandomForest,addr_state_CO,structured,0.000157,0.000157,89
10,Structured+Lexicon,RandomForest,addr_state_CT,structured,0.000136,0.000136,91
10,Structured+Lexicon,RandomForest,addr_state_DC,structured,8.6e-05,8.6e-05,95
10,Structured+Lexicon,RandomForest,addr_state_DE,structured,2e-06,2e-06,114
10,Structured+Lexicon,RandomForest,addr_state_FL,structured,0.001711,0.001711,59
10,Structured+Lexicon,RandomForest,addr_state_GA,structured,0.000448,0.000448,73
10,Structured+Lexicon,RandomForest,addr_state_HI,structured,1e-05,1e-05,111
10,Structured+Lexicon,RandomForest,addr_state_IA,structured,0.0,0.0,119
10,Structured+Lexicon,RandomForest,addr_state_ID,structured,0.0,0.0,118
10,Structured+Lexicon,RandomForest,addr_state_IL,structured,0.000856,0.000856,68
10,Structured+Lexicon,RandomForest,addr_state_IN,structured,0.0,0.0,120
10,Structured+Lexicon,RandomForest,addr_state_KS,structured,5.6e-05,5.6e-05,101
10,Structured+Lexicon,RandomForest,addr_state_KY,structured,5.3e-05,5.3e-05,102
10,Structured+Lexicon,RandomForest,addr_state_LA,structured,6.4e-05,6.4e-05,98
10,Structured+Lexicon,RandomForest,addr_state_MA,structured,0.000399,0.000399,76
10,Structured+Lexicon,RandomForest,addr_state_MD,structured,0.000213,0.000213,87
10,Structured+Lexicon,RandomForest,addr_state_MI,structured,0.000232,0.000232,83
10,Structured+Lexicon,RandomForest,addr_state_MN,structured,0.000125,0.000125,93
10,Structured+Lexicon,RandomForest,addr_state_MO,structured,0.000128,0.000128,92
10,Structured+Lexicon,RandomForest,addr_state_MS,structured,0.0,0.0,121
10,Structured+Lexicon,RandomForest,addr_state_MT,structured,0.0,0.0,122
10,Structured+Lexicon,RandomForest,addr_state_NC,structured,0.000301,0.000301,79
10,Structured+Lexicon,RandomForest,addr_state_NE,structured,0.0,0.0,123
10,Structured+Lexicon,RandomForest,addr_state_NH,structured,1.7e-05,1.7e-05,108
10,Structured+Lexicon,RandomForest,addr_state_NJ,structured,0.000672,0.000672,70
10,Structured+Lexicon,RandomForest,addr_state_NM,structured,1.8e-05,1.8e-05,107
10,Structured+Lexicon,RandomForest,addr_state_NV,structured,0.00019,0.00019,88
10,Structured+Lexicon,RandomForest,addr_state_NY,structured,0.001698,0.001698,60
10,Structured+Lexicon,RandomForest,addr_state_OH,structured,0.000307,0.000307,78
10,Structured+Lexicon,RandomForest,addr_state_OK,structured,2.8e-05,2.8e-05,105
10,Structured+Lexicon,RandomForest,addr_state_OR,structured,6.1e-05,6.1e-05,99
10,Structured+Lexicon,RandomForest,addr_state_PA,structured,0.00051,0.00051,71
10,Structured+Lexicon,RandomForest,addr_state_RI,structured,9e-06,9e-06,112
10,Structured+Lexicon,RandomForest,addr_state_SC,structured,7.8e-05,7.8e-05,97
10,Structured+Lexicon,RandomForest,addr_state_SD,structured,2e-06,2e-06,115
10,Structured+Lexicon,RandomForest,addr_state_TN,structured,0.0,0.0,125
10,Structured+Lexicon,RandomForest,addr_state_TX,structured,0.001588,0.001588,62
10,Structured+Lexicon,RandomForest,addr_state_UT,structured,1.5e-05,1.5e-05,109
10,Structured+Lexicon,RandomForest,addr_state_VA,structured,0.000406,0.000406,75
10,Structured+Lexicon,RandomForest,addr_state_VT,structured,0.0,0.0,124
10,Structured+Lexicon,RandomForest,addr_state_WA,structured,0.000274,0.000274,81
10,Structured+Lexicon,RandomForest,addr_state_WI,structured,8.9e-05,8.9e-05,94
10,Structured+Lexicon,RandomForest,addr_state_WV,structured,1.5e-05,1.5e-05,110
10,Structured+Lexicon,RandomForest,addr_state_WY,structured,3e-06,3e-06,113
10,Structured+Lexicon,RandomForest,purpose_credit_card,structured,0.005121,0.005121,41
10,Structured+Lexicon,RandomForest,purpose_debt_consolidation,structured,0.005908,0.005908,36
10,Structured+Lexicon,RandomForest,purpose_educational,structured,1e-06,1e-06,116
10,Structured+Lexicon,RandomForest,purpose_home_improvement,structured,0.001191,0.001191,65
10,Structured+Lexicon,RandomForest,purpose_house,structured,8.6e-05,8.6e-05,96
10,Structured+Lexicon,RandomForest,purpose_major_purchase,structured,0.000883,0.000883,67
10,Structured+Lexicon,RandomForest,purpose_medical,structured,0.000231,0.000231,84
10,Structured+Lexicon,RandomForest,purpose_moving,structured,0.000391,0.000391,77
10,Structured+Lexicon,RandomForest,purpose_other,structured,0.002112,0.002112,56
10,Structured+Lexicon,RandomForest,purpose_renewable_energy,structured,4.5e-05,4.5e-05,104
10,Structured+Lexicon,RandomForest,purpose_vacation,structured,0.000223,0.000223,86
10,Structured+Lexicon,RandomForest,purpose_wedding,structured,0.000427,0.000427,74
10,Structured+Lexicon,RandomForest,home_ownership_NONE,structured,0.0,0.0,126
10,Structured+Lexicon,RandomForest,home_ownership_OTHER,structured,0.0,0.0,117
10,Structured+Lexicon,RandomForest,home_ownership_OWN,structured,0.001326,0.001326,63
10,Structured+Lexicon,RandomForest,home_ownership_RENT,structured,0.00586,0.00586,38
10,Structured+Lexicon,RandomForest,verification_status_Source Verified,structured,0.003947,0.003947,46
10,Structured+Lexicon,RandomForest,verification_status_Verified,structured,0.005878,0.005878,37
10,Structured+Lexicon,RandomForest,grade_ord,structured,0.055163,0.055163,4
10,Structured+Lexicon,RandomForest,sub_grade_ord,structured,0.072544,0.072544,2
10,Structured+Lexicon,RandomForest,risk_word_count,lexicon,0.013662,0.013662,25
10,Structured+Lexicon,RandomForest,risk_word_density,lexicon,0.019953,0.019953,14
10,Structured+Lexicon,RandomForest,risk_word_flag,lexicon,0.003934,0.003934,47
10,Structured+Lexicon,RandomForest,distress_debt_pressure_count,lexicon,0.012504,0.012504,26
10,Structured+Lexicon,RandomForest,distress_liquidity_shortage_count,lexicon,0.002891,0.002891,54
10,Structured+Lexicon,RandomForest,distress_medical_life_shock_count,lexicon,0.001867,0.001867,58
10,Structured+Lexicon,RandomForest,distress_refinancing_burden_count,lexicon,0.000143,0.000143,90
11,Structured,Logistic,acc_now_delinq,structured,0.004563,0.00093,104
11,Structured,Logistic,acc_open_past_24mths,structured,0.17647,0.035981,8
11,Structured,Logistic,annual_inc,structured,0.311482,0.063509,1
11,Structured,Logistic,avg_cur_bal,structured,2.4e-05,5e-06,125
11,Structured,Logistic,bc_open_to_buy,structured,0.273483,0.055762,3
11,Structured,Logistic,bc_util,structured,0.199688,0.040715,7
11,Structured,Logistic,chargeoff_within_12_mths,structured,0.00542,0.001105,99
11,Structured,Logistic,collections_12_mths_ex_med,structured,0.006772,0.001381,94
11,Structured,Logistic,delinq_2yrs,structured,0.02282,0.004653,55
11,Structured,Logistic,delinq_amnt,structured,0.005521,0.001126,98
11,Structured,Logistic,dti,structured,0.063997,0.013049,19
11,Structured,Logistic,emp_length,structured,0.01317,0.002685,65
11,Structured,Logistic,inq_last_6mths,structured,0.128629,0.026227,11
11,Structured,Logistic,int_rate,structured,0.291995,0.059536,2
11,Structured,Logistic,loan_amnt,structured,0.163902,0.033419,9
11,Structured,Logistic,mo_sin_old_il_acct,structured,0.013602,0.002773,63
11,Structured,Logistic,mo_sin_old_rev_tl_op,structured,0.062361,0.012715,21
11,Structured,Logistic,mo_sin_rcnt_rev_tl_op,structured,0.014423,0.002941,62
11,Structured,Logistic,mo_sin_rcnt_tl,structured,0.003796,0.000774,106
11,Structured,Logistic,mort_acc,structured,0.007933,0.001618,85
11,Structured,Logistic,mths_since_last_delinq,structured,0.042424,0.00865,32
11,Structured,Logistic,mths_since_last_major_derog,structured,0.011149,0.002273,75
11,Structured,Logistic,mths_since_last_record,structured,0.054529,0.011118,22
11,Structured,Logistic,mths_since_recent_bc,structured,0.250002,0.050974,5
11,Structured,Logistic,mths_since_recent_bc_dlq,structured,0.008468,0.001727,84
11,Structured,Logistic,mths_since_recent_inq,structured,0.053852,0.01098,24
11,Structured,Logistic,mths_since_recent_revol_delinq,structured,0.012652,0.00258,67
11,Structured,Logistic,num_accts_ever_120_pd,structured,0.027549,0.005617,48
11,Structured,Logistic,num_actv_bc_tl,structured,0.048307,0.009849,26
11,Structured,Logistic,num_actv_rev_tl,structured,0.062534,0.01275,20
11,Structured,Logistic,num_bc_sats,structured,0.023145,0.004719,53
11,Structured,Logistic,num_bc_tl,structured,0.077377,0.015777,13
11,Structured,Logistic,num_il_tl,structured,0.073264,0.014938,16
11,Structured,Logistic,num_op_rev_tl,structured,0.010041,0.002047,80
11,Structured,Logistic,num_rev_accts,structured,0.069004,0.014069,17
11,Structured,Logistic,num_tl_120dpd_2m,structured,0.002894,0.00059,109
11,Structured,Logistic,num_tl_30dpd,structured,0.006065,0.001237,97
11,Structured,Logistic,num_tl_90g_dpd_24m,structured,0.007549,0.001539,88
11,Structured,Logistic,num_tl_op_past_12m,structured,0.047408,0.009666,27
11,Structured,Logistic,open_acc,structured,0.023911,0.004875,52
11,Structured,Logistic,pct_tl_nvr_dlq,structured,0.03125,0.006372,41
11,Structured,Logistic,percent_bc_gt_75,structured,0.045697,0.009317,31
11,Structured,Logistic,pub_rec,structured,0.034495,0.007033,39
11,Structured,Logistic,pub_rec_bankruptcies,structured,0.003159,0.000644,108
11,Structured,Logistic,revol_bal,structured,0.076407,0.015579,14
11,Structured,Logistic,revol_util,structured,0.138251,0.028188,10
11,Structured,Logistic,tax_liens,structured,0.00525,0.00107,100
11,Structured,Logistic,term,structured,0.273011,0.055665,4
11,Structured,Logistic,tot_coll_amt,structured,0.007488,0.001527,89
11,Structured,Logistic,tot_cur_bal,structured,0.00502,0.001023,102
11,Structured,Logistic,total_acc,structured,0.030135,0.006144,44
11,Structured,Logistic,total_bal_ex_mort,structured,0.000742,0.000151,120
11,Structured,Logistic,total_bc_limit,structured,0.007235,0.001475,90
11,Structured,Logistic,total_il_high_credit_limit,structured,0.004079,0.000832,105
11,Structured,Logistic,total_rev_hi_lim,structured,0.000832,0.00017,119
11,Structured,Logistic,fico_midpoint,structured,0.206263,0.042056,6
11,Structured,Logistic,credit_history_months,structured,0.073901,0.015068,15
11,Structured,Logistic,initial_list_status_w,structured,0.011936,0.002434,68
11,Structured,Logistic,addr_state_AL,structured,0.008873,0.001809,82
11,Structured,Logistic,addr_state_AR,structured,0.001757,0.000358,114
11,Structured,Logistic,addr_state_AZ,structured,0.010577,0.002157,77
11,Structured,Logistic,addr_state_CA,structured,0.038834,0.007918,36
11,Structured,Logistic,addr_state_CO,structured,0.013584,0.00277,64
11,Structured,Logistic,addr_state_CT,structured,0.001635,0.000333,115
11,Structured,Logistic,addr_state_DC,structured,0.054053,0.011021,23
11,Structured,Logistic,addr_state_DE,structured,0.003776,0.00077,107
11,Structured,Logistic,addr_state_FL,structured,0.046749,0.009532,28
11,Structured,Logistic,addr_state_GA,structured,0.00141,0.000287,117
11,Structured,Logistic,addr_state_HI,structured,0.000383,7.8e-05,122
11,Structured,Logistic,addr_state_IA,structured,0.010904,0.002223,76
11,Structured,Logistic,addr_state_ID,structured,0.0,0.0,126
11,Structured,Logistic,addr_state_IL,structured,0.030543,0.006228,43
11,Structured,Logistic,addr_state_IN,structured,0.011584,0.002362,72
11,Structured,Logistic,addr_state_KS,structured,0.027735,0.005655,47
11,Structured,Logistic,addr_state_KY,structured,0.002604,0.000531,110
11,Structured,Logistic,addr_state_LA,structured,0.006924,0.001412,92
11,Structured,Logistic,addr_state_MA,structured,0.006088,0.001241,96
11,Structured,Logistic,addr_state_MD,structured,0.010054,0.00205,79
11,Structured,Logistic,addr_state_MI,structured,0.00757,0.001544,87
11,Structured,Logistic,addr_state_MN,structured,0.014692,0.002996,61
11,Structured,Logistic,addr_state_MO,structured,0.002022,0.000412,113
11,Structured,Logistic,addr_state_MS,structured,0.001201,0.000245,118
11,Structured,Logistic,addr_state_MT,structured,0.015568,0.003174,59
11,Structured,Logistic,addr_state_NC,structured,0.001456,0.000297,116
11,Structured,Logistic,addr_state_NE,structured,0.015628,0.003187,58
11,Structured,Logistic,addr_state_NH,structured,0.020523,0.004185,56
11,Structured,Logistic,addr_state_NJ,structured,0.040823,0.008323,35
11,Structured,Logistic,addr_state_NM,structured,0.008714,0.001777,83
11,Structured,Logistic,addr_state_NV,structured,0.029471,0.006009,45
11,Structured,Logistic,addr_state_NY,structured,0.037065,0.007557,38
11,Structured,Logistic,addr_state_OH,structured,0.01193,0.002432,69
11,Structured,Logistic,addr_state_OK,structured,0.002456,0.000501,111
11,Structured,Logistic,addr_state_OR,structured,0.009127,0.001861,81
11,Structured,Logistic,addr_state_PA,structured,0.011624,0.00237,71
11,Structured,Logistic,addr_state_RI,structured,0.010399,0.00212,78
11,Structured,Logistic,addr_state_SC,structured,0.011292,0.002302,73
11,Structured,Logistic,addr_state_SD,structured,0.011688,0.002383,70
11,Structured,Logistic,addr_state_TN,structured,0.011289,0.002302,74
11,Structured,Logistic,addr_state_TX,structured,0.041452,0.008452,33
11,Structured,Logistic,addr_state_UT,structured,0.00506,0.001032,101
11,Structured,Logistic,addr_state_VA,structured,0.0006,0.000122,121
11,Structured,Logistic,addr_state_VT,structured,0.002307,0.00047,112
11,Structured,Logistic,addr_state_WA,structured,0.007931,0.001617,86
11,Structured,Logistic,addr_state_WI,structured,0.006328,0.00129,95
11,Structured,Logistic,addr_state_WV,structured,0.026577,0.005419,49
11,Structured,Logistic,addr_state_WY,structured,0.037187,0.007582,37
11,Structured,Logistic,purpose_credit_card,structured,0.024462,0.004988,51
11,Structured,Logistic,purpose_debt_consolidation,structured,0.06604,0.013465,18
11,Structured,Logistic,purpose_educational,structured,0.014826,0.003023,60
11,Structured,Logistic,purpose_home_improvement,structured,0.031246,0.006371,42
11,Structured,Logistic,purpose_house,structured,0.027751,0.005658,46
11,Structured,Logistic,purpose_major_purchase,structured,0.000145,3e-05,123
11,Structured,Logistic,purpose_medical,structured,0.050107,0.010217,25
11,Structured,Logistic,purpose_moving,structured,0.041382,0.008437,34
11,Structured,Logistic,purpose_other,structured,0.098476,0.020079,12
11,Structured,Logistic,purpose_renewable_energy,structured,0.033125,0.006754,40
11,Structured,Logistic,purpose_vacation,structured,0.04658,0.009497,30
11,Structured,Logistic,purpose_wedding,structured,0.006919,0.001411,93
11,Structured,Logistic,home_ownership_NONE,structured,0.004783,0.000975,103
11,Structured,Logistic,home_ownership_OTHER,structured,0.012705,0.00259,66
11,Structured,Logistic,home_ownership_OWN,structured,0.00717,0.001462,91
11,Structured,Logistic,home_ownership_RENT,structured,0.015817,0.003225,57
11,Structured,Logistic,verification_status_Source Verified,structured,0.025938,0.005289,50
11,Structured,Logistic,verification_status_Verified,structured,6.6e-05,1.3e-05,124
11,Structured,Logistic,grade_ord,structured,0.022962,0.004682,54
11,Structured,Logistic,sub_grade_ord,structured,0.046633,0.009508,29
11,Structured,XGBoost,acc_now_delinq,structured,0.0,0.0,126
11,Structured,XGBoost,acc_open_past_24mths,structured,61.497326,0.013167,7
11,Structured,XGBoost,annual_inc,structured,87.375832,0.018708,5
11,Structured,XGBoost,avg_cur_bal,structured,32.896343,0.007043,38
11,Structured,XGBoost,bc_open_to_buy,structured,38.913929,0.008332,16
11,Structured,XGBoost,bc_util,structured,39.577396,0.008474,15
11,Structured,XGBoost,chargeoff_within_12_mths,structured,0.0,0.0,124
11,Structured,XGBoost,collections_12_mths_ex_med,structured,0.0,0.0,125
11,Structured,XGBoost,delinq_2yrs,structured,28.452995,0.006092,69
11,Structured,XGBoost,delinq_amnt,structured,0.0,0.0,123
11,Structured,XGBoost,dti,structured,38.571812,0.008259,18
11,Structured,XGBoost,emp_length,structured,35.341312,0.007567,30
11,Structured,XGBoost,inq_last_6mths,structured,55.843479,0.011957,8
11,Structured,XGBoost,int_rate,structured,392.690674,0.084078,2
11,Structured,XGBoost,loan_amnt,structured,34.885777,0.007469,32
11,Structured,XGBoost,mo_sin_old_il_acct,structured,28.796665,0.006166,67
11,Structured,XGBoost,mo_sin_old_rev_tl_op,structured,29.360424,0.006286,61
11,Structured,XGBoost,mo_sin_rcnt_rev_tl_op,structured,36.657982,0.007849,25
11,Structured,XGBoost,mo_sin_rcnt_tl,structured,44.741982,0.00958,9
11,Structured,XGBoost,mort_acc,structured,29.164921,0.006244,63
11,Structured,XGBoost,mths_since_last_delinq,structured,33.80125,0.007237,36
11,Structured,XGBoost,mths_since_last_major_derog,structured,23.487619,0.005029,95
11,Structured,XGBoost,mths_since_last_record,structured,30.990953,0.006635,48
11,Structured,XGBoost,mths_since_recent_bc,structured,36.374752,0.007788,26
11,Structured,XGBoost,mths_since_recent_bc_dlq,structured,32.236404,0.006902,40
11,Structured,XGBoost,mths_since_recent_inq,structured,36.957443,0.007913,23
11,Structured,XGBoost,mths_since_recent_revol_delinq,structured,27.499317,0.005888,72
11,Structured,XGBoost,num_accts_ever_120_pd,structured,32.173378,0.006889,41
11,Structured,XGBoost,num_actv_bc_tl,structured,29.505516,0.006317,60
11,Structured,XGBoost,num_actv_rev_tl,structured,30.928263,0.006622,49
11,Structured,XGBoost,num_bc_sats,structured,33.28611,0.007127,37
11,Structured,XGBoost,num_bc_tl,structured,26.070345,0.005582,82
11,Structured,XGBoost,num_il_tl,structured,37.007832,0.007924,22
11,Structured,XGBoost,num_op_rev_tl,structured,28.101788,0.006017,70
11,Structured,XGBoost,num_rev_accts,structured,27.011219,0.005783,77
11,Structured,XGBoost,num_tl_120dpd_2m,structured,0.0,0.0,121
11,Structured,XGBoost,num_tl_30dpd,structured,0.0,0.0,122
11,Structured,XGBoost,num_tl_90g_dpd_24m,structured,21.858301,0.00468,98
11,Structured,XGBoost,num_tl_op_past_12m,structured,26.016766,0.00557,83
11,Structured,XGBoost,open_acc,structured,28.733171,0.006152,68
11,Structured,XGBoost,pct_tl_nvr_dlq,structured,26.442806,0.005662,80
11,Structured,XGBoost,percent_bc_gt_75,structured,29.747789,0.006369,57
11,Structured,XGBoost,pub_rec,structured,35.768074,0.007658,28
11,Structured,XGBoost,pub_rec_bankruptcies,structured,30.874573,0.00661,51
11,Structured,XGBoost,revol_bal,structured,35.779079,0.007661,27
11,Structured,XGBoost,revol_util,structured,36.806015,0.00788,24
11,Structured,XGBoost,tax_liens,structured,22.737993,0.004868,97
11,Structured,XGBoost,term,structured,245.855835,0.05264,4
11,Structured,XGBoost,tot_coll_amt,structured,27.318129,0.005849,74
11,Structured,XGBoost,tot_cur_bal,structured,29.093128,0.006229,65
11,Structured,XGBoost,total_acc,structured,30.053846,0.006435,54
11,Structured,XGBoost,total_bal_ex_mort,structured,29.02376,0.006214,66
11,Structured,XGBoost,total_bc_limit,structured,37.932621,0.008122,19
11,Structured,XGBoost,total_il_high_credit_limit,structured,30.816469,0.006598,53
11,Structured,XGBoost,total_rev_hi_lim,structured,29.117521,0.006234,64
11,Structured,XGBoost,fico_midpoint,structured,42.560646,0.009113,12
11,Structured,XGBoost,credit_history_months,structured,32.097298,0.006872,42
11,Structured,XGBoost,initial_list_status_w,structured,28.048096,0.006005,71
11,Structured,XGBoost,addr_state_AL,structured,41.144806,0.008809,13
11,Structured,XGBoost,addr_state_AR,structured,18.427811,0.003946,104
11,Structured,XGBoost,addr_state_AZ,structured,27.399694,0.005866,73
11,Structured,XGBoost,addr_state_CA,structured,38.887901,0.008326,17
11,Structured,XGBoost,addr_state_CO,structured,30.024309,0.006428,55
11,Structured,XGBoost,addr_state_CT,structured,23.058472,0.004937,96
11,Structured,XGBoost,addr_state_DC,structured,37.317566,0.00799,21
11,Structured,XGBoost,addr_state_DE,structured,0.0,0.0,111
11,Structured,XGBoost,addr_state_FL,structured,35.020618,0.007498,31
11,Structured,XGBoost,addr_state_GA,structured,19.590578,0.004195,102
11,Structured,XGBoost,addr_state_HI,structured,0.0,0.0,114
11,Structured,XGBoost,addr_state_IA,structured,0.0,0.0,113
11,Structured,XGBoost,addr_state_ID,structured,0.0,0.0,112
11,Structured,XGBoost,addr_state_IL,structured,35.436226,0.007587,29
11,Structured,XGBoost,addr_state_IN,structured,26.753593,0.005728,78
11,Structured,XGBoost,addr_state_KS,structured,25.429409,0.005445,88
11,Structured,XGBoost,addr_state_KY,structured,29.737026,0.006367,58
11,Structured,XGBoost,addr_state_LA,structured,37.685246,0.008069,20
11,Structured,XGBoost,addr_state_MA,structured,31.439659,0.006731,45
11,Structured,XGBoost,addr_state_MD,structured,31.461386,0.006736,44
11,Structured,XGBoost,addr_state_MI,structured,25.882343,0.005542,84
11,Structured,XGBoost,addr_state_MN,structured,31.72748,0.006793,43
11,Structured,XGBoost,addr_state_MO,structured,0.0,0.0,118
11,Structured,XGBoost,addr_state_MS,structured,0.0,0.0,117
11,Structured,XGBoost,addr_state_MT,structured,20.279257,0.004342,101
11,Structured,XGBoost,addr_state_NC,structured,0.0,0.0,116
11,Structured,XGBoost,addr_state_NE,structured,0.0,0.0,115
11,Structured,XGBoost,addr_state_NH,structured,31.384539,0.00672,46
11,Structured,XGBoost,addr_state_NJ,structured,32.311604,0.006918,39
11,Structured,XGBoost,addr_state_NM,structured,34.381832,0.007361,35
11,Structured,XGBoost,addr_state_NV,structured,24.94751,0.005341,89
11,Structured,XGBoost,addr_state_NY,structured,30.925194,0.006621,50
11,Structured,XGBoost,addr_state_OH,structured,18.437506,0.003948,103
11,Structured,XGBoost,addr_state_OK,structured,14.376631,0.003078,105
11,Structured,XGBoost,addr_state_OR,structured,25.639721,0.00549,85
11,Structured,XGBoost,addr_state_PA,structured,23.520048,0.005036,94
11,Structured,XGBoost,addr_state_RI,structured,0.0,0.0,119
11,Structured,XGBoost,addr_state_SC,structured,26.216372,0.005613,81
11,Structured,XGBoost,addr_state_SD,structured,24.423098,0.005229,90
11,Structured,XGBoost,addr_state_TN,structured,0.0,0.0,108
11,Structured,XGBoost,addr_state_TX,structured,43.800323,0.009378,11
11,Structured,XGBoost,addr_state_UT,structured,27.045101,0.005791,76
11,Structured,XGBoost,addr_state_VA,structured,21.211475,0.004542,100
11,Structured,XGBoost,addr_state_VT,structured,0.0,0.0,109
11,Structured,XGBoost,addr_state_WA,structured,21.657682,0.004637,99
11,Structured,XGBoost,addr_state_WI,structured,0.0,0.0,120
11,Structured,XGBoost,addr_state_WV,structured,26.697664,0.005716,79
11,Structured,XGBoost,addr_state_WY,structured,29.965555,0.006416,56
11,Structured,XGBoost,purpose_credit_card,structured,68.124641,0.014586,6
11,Structured,XGBoost,purpose_debt_consolidation,structured,39.949139,0.008553,14
11,Structured,XGBoost,purpose_educational,structured,0.0,0.0,107
11,Structured,XGBoost,purpose_home_improvement,structured,24.355446,0.005215,91
11,Structured,XGBoost,purpose_house,structured,34.817429,0.007455,33
11,Structured,XGBoost,purpose_major_purchase,structured,30.822084,0.006599,52
11,Structured,XGBoost,purpose_medical,structured,31.20883,0.006682,47
11,Structured,XGBoost,purpose_moving,structured,25.623146,0.005486,86
11,Structured,XGBoost,purpose_other,structured,44.606762,0.009551,10
11,Structured,XGBoost,purpose_renewable_energy,structured,29.310656,0.006276,62
11,Structured,XGBoost,purpose_vacation,structured,34.430962,0.007372,34
11,Structured,XGBoost,purpose_wedding,structured,27.061571,0.005794,75
11,Structured,XGBoost,home_ownership_NONE,structured,0.0,0.0,106
11,Structured,XGBoost,home_ownership_OTHER,structured,0.0,0.0,110
11,Structured,XGBoost,home_ownership_OWN,structured,23.639763,0.005061,93
11,Structured,XGBoost,home_ownership_RENT,structured,25.474957,0.005454,87
11,Structured,XGBoost,verification_status_Source Verified,structured,23.66082,0.005066,92
11,Structured,XGBoost,verification_status_Verified,structured,29.565311,0.00633,59
11,Structured,XGBoost,grade_ord,structured,564.424194,0.120848,1
11,Structured,XGBoost,sub_grade_ord,structured,252.932724,0.054155,3
11,Structured,RandomForest,acc_now_delinq,structured,0.0,0.0,126
11,Structured,RandomForest,acc_open_past_24mths,structured,0.016451,0.016451,21
11,Structured,RandomForest,annual_inc,structured,0.059361,0.059361,3
11,Structured,RandomForest,avg_cur_bal,structured,0.013147,0.013147,24
11,Structured,RandomForest,bc_open_to_buy,structured,0.02248,0.02248,13
11,Structured,RandomForest,bc_util,structured,0.021244,0.021244,14
11,Structured,RandomForest,chargeoff_within_12_mths,structured,0.0,0.0,124
11,Structured,RandomForest,collections_12_mths_ex_med,structured,0.0,0.0,125
11,Structured,RandomForest,delinq_2yrs,structured,0.002057,0.002057,53
11,Structured,RandomForest,delinq_amnt,structured,0.0,0.0,123
11,Structured,RandomForest,dti,structured,0.042711,0.042711,5
11,Structured,RandomForest,emp_length,structured,0.019242,0.019242,18
11,Structured,RandomForest,inq_last_6mths,structured,0.013725,0.013725,23
11,Structured,RandomForest,int_rate,structured,0.089634,0.089634,1
11,Structured,RandomForest,loan_amnt,structured,0.03657,0.03657,10
11,Structured,RandomForest,mo_sin_old_il_acct,structured,0.010919,0.010919,30
11,Structured,RandomForest,mo_sin_old_rev_tl_op,structured,0.011498,0.011498,28
11,Structured,RandomForest,mo_sin_rcnt_rev_tl_op,structured,0.009933,0.009933,31
11,Structured,RandomForest,mo_sin_rcnt_tl,structured,0.009399,0.009399,32
11,Structured,RandomForest,mort_acc,structured,0.006659,0.006659,37
11,Structured,RandomForest,mths_since_last_delinq,structured,0.016575,0.016575,20
11,Structured,RandomForest,mths_since_last_major_derog,structured,0.002167,0.002167,52
11,Structured,RandomForest,mths_since_last_record,structured,0.00221,0.00221,51
11,Structured,RandomForest,mths_since_recent_bc,structured,0.019112,0.019112,19
11,Structured,RandomForest,mths_since_recent_bc_dlq,structured,0.00322,0.00322,49
11,Structured,RandomForest,mths_since_recent_inq,structured,0.01522,0.01522,22
11,Structured,RandomForest,mths_since_recent_revol_delinq,structured,0.006204,0.006204,38
11,Structured,RandomForest,num_accts_ever_120_pd,structured,0.00094,0.00094,60
11,Structured,RandomForest,num_actv_bc_tl,structured,0.004792,0.004792,46
11,Structured,RandomForest,num_actv_rev_tl,structured,0.005771,0.005771,41
11,Structured,RandomForest,num_bc_sats,structured,0.008051,0.008051,34
11,Structured,RandomForest,num_bc_tl,structured,0.007036,0.007036,36
11,Structured,RandomForest,num_il_tl,structured,0.008159,0.008159,33
11,Structured,RandomForest,num_op_rev_tl,structured,0.006085,0.006085,39
11,Structured,RandomForest,num_rev_accts,structured,0.00775,0.00775,35
11,Structured,RandomForest,num_tl_120dpd_2m,structured,0.0,0.0,121
11,Structured,RandomForest,num_tl_30dpd,structured,0.0,0.0,122
11,Structured,RandomForest,num_tl_90g_dpd_24m,structured,0.000115,0.000115,87
11,Structured,RandomForest,num_tl_op_past_12m,structured,0.004949,0.004949,44
11,Structured,RandomForest,open_acc,structured,0.019887,0.019887,17
11,Structured,RandomForest,pct_tl_nvr_dlq,structured,0.004944,0.004944,45
11,Structured,RandomForest,percent_bc_gt_75,structured,0.012438,0.012438,26
11,Structured,RandomForest,pub_rec,structured,0.00086,0.00086,63
11,Structured,RandomForest,pub_rec_bankruptcies,structured,0.000733,0.000733,64
11,Structured,RandomForest,revol_bal,structured,0.036626,0.036626,9
11,Structured,RandomForest,revol_util,structured,0.042706,0.042706,6
11,Structured,RandomForest,tax_liens,structured,7e-06,7e-06,105
11,Structured,RandomForest,term,structured,0.038671,0.038671,8
11,Structured,RandomForest,tot_coll_amt,structured,0.000619,0.000619,67
11,Structured,RandomForest,tot_cur_bal,structured,0.012647,0.012647,25
11,Structured,RandomForest,total_acc,structured,0.026633,0.026633,12
11,Structured,RandomForest,total_bal_ex_mort,structured,0.020843,0.020843,15
11,Structured,RandomForest,total_bc_limit,structured,0.020137,0.020137,16
11,Structured,RandomForest,total_il_high_credit_limit,structured,0.011202,0.011202,29
11,Structured,RandomForest,total_rev_hi_lim,structured,0.011663,0.011663,27
11,Structured,RandomForest,fico_midpoint,structured,0.039061,0.039061,7
11,Structured,RandomForest,credit_history_months,structured,0.034603,0.034603,11
11,Structured,RandomForest,initial_list_status_w,structured,0.000872,0.000872,62
11,Structured,RandomForest,addr_state_AL,structured,8.6e-05,8.6e-05,90
11,Structured,RandomForest,addr_state_AR,structured,1.9e-05,1.9e-05,101
11,Structured,RandomForest,addr_state_AZ,structured,0.000304,0.000304,76
11,Structured,RandomForest,addr_state_CA,structured,0.003067,0.003067,50
11,Structured,RandomForest,addr_state_CO,structured,0.000159,0.000159,83
11,Structured,RandomForest,addr_state_CT,structured,0.000146,0.000146,85
11,Structured,RandomForest,addr_state_DC,structured,8.2e-05,8.2e-05,92
11,Structured,RandomForest,addr_state_DE,structured,1e-06,1e-06,109
11,Structured,RandomForest,addr_state_FL,structured,0.001686,0.001686,55
11,Structured,RandomForest,addr_state_GA,structured,0.000395,0.000395,71
11,Structured,RandomForest,addr_state_HI,structured,5e-06,5e-06,106
11,Structured,RandomForest,addr_state_IA,structured,0.0,0.0,120
11,Structured,RandomForest,addr_state_ID,structured,0.0,0.0,112
11,Structured,RandomForest,addr_state_IL,structured,0.000938,0.000938,61
11,Structured,RandomForest,addr_state_IN,structured,1e-06,1e-06,111
11,Structured,RandomForest,addr_state_KS,structured,8.9e-05,8.9e-05,89
11,Structured,RandomForest,addr_state_KY,structured,3e-05,3e-05,97
11,Structured,RandomForest,addr_state_LA,structured,8e-05,8e-05,93
11,Structured,RandomForest,addr_state_MA,structured,0.000402,0.000402,70
11,Structured,RandomForest,addr_state_MD,structured,0.00022,0.00022,79
11,Structured,RandomForest,addr_state_MI,structured,0.000235,0.000235,78
11,Structured,RandomForest,addr_state_MN,structured,0.000147,0.000147,84
11,Structured,RandomForest,addr_state_MO,structured,0.00014,0.00014,86
11,Structured,RandomForest,addr_state_MS,structured,0.0,0.0,114
11,Structured,RandomForest,addr_state_MT,structured,3e-06,3e-06,108
11,Structured,RandomForest,addr_state_NC,structured,0.000323,0.000323,73
11,Structured,RandomForest,addr_state_NE,structured,0.0,0.0,113
11,Structured,RandomForest,addr_state_NH,structured,1.6e-05,1.6e-05,102
11,Structured,RandomForest,addr_state_NJ,structured,0.00063,0.00063,66
11,Structured,RandomForest,addr_state_NM,structured,2.5e-05,2.5e-05,98
11,Structured,RandomForest,addr_state_NV,structured,0.000179,0.000179,81
11,Structured,RandomForest,addr_state_NY,structured,0.00167,0.00167,56
11,Structured,RandomForest,addr_state_OH,structured,0.000333,0.000333,72
11,Structured,RandomForest,addr_state_OK,structured,3.1e-05,3.1e-05,96
11,Structured,RandomForest,addr_state_OR,structured,0.00011,0.00011,88
11,Structured,RandomForest,addr_state_PA,structured,0.000479,0.000479,68
11,Structured,RandomForest,addr_state_RI,structured,1.3e-05,1.3e-05,103
11,Structured,RandomForest,addr_state_SC,structured,7.5e-05,7.5e-05,94
11,Structured,RandomForest,addr_state_SD,structured,1e-06,1e-06,110
11,Structured,RandomForest,addr_state_TN,structured,0.0,0.0,118
11,Structured,RandomForest,addr_state_TX,structured,0.001587,0.001587,57
11,Structured,RandomForest,addr_state_UT,structured,2e-05,2e-05,100
11,Structured,RandomForest,addr_state_VA,structured,0.000411,0.000411,69
11,Structured,RandomForest,addr_state_VT,structured,0.0,0.0,117
11,Structured,RandomForest,addr_state_WA,structured,0.000259,0.000259,77
11,Structured,RandomForest,addr_state_WI,structured,8.3e-05,8.3e-05,91
11,Structured,RandomForest,addr_state_WV,structured,8e-06,8e-06,104
11,Structured,RandomForest,addr_state_WY,structured,5e-06,5e-06,107
11,Structured,RandomForest,purpose_credit_card,structured,0.004782,0.004782,47
11,Structured,RandomForest,purpose_debt_consolidation,structured,0.005367,0.005367,43
11,Structured,RandomForest,purpose_educational,structured,0.0,0.0,116
11,Structured,RandomForest,purpose_home_improvement,structured,0.001086,0.001086,59
11,Structured,RandomForest,purpose_house,structured,5.3e-05,5.3e-05,95
11,Structured,RandomForest,purpose_major_purchase,structured,0.000732,0.000732,65
11,Structured,RandomForest,purpose_medical,structured,0.000178,0.000178,82
11,Structured,RandomForest,purpose_moving,structured,0.000321,0.000321,75
11,Structured,RandomForest,purpose_other,structured,0.001893,0.001893,54
11,Structured,RandomForest,purpose_renewable_energy,structured,2.4e-05,2.4e-05,99
11,Structured,RandomForest,purpose_vacation,structured,0.000182,0.000182,80
11,Structured,RandomForest,purpose_wedding,structured,0.000323,0.000323,74
11,Structured,RandomForest,home_ownership_NONE,structured,0.0,0.0,115
11,Structured,RandomForest,home_ownership_OTHER,structured,0.0,0.0,119
11,Structured,RandomForest,home_ownership_OWN,structured,0.001165,0.001165,58
11,Structured,RandomForest,home_ownership_RENT,structured,0.005417,0.005417,42
11,Structured,RandomForest,verification_status_Source Verified,structured,0.003537,0.003537,48
11,Structured,RandomForest,verification_status_Verified,structured,0.00581,0.00581,40
11,Structured,RandomForest,grade_ord,structured,0.052422,0.052422,4
11,Structured,RandomForest,sub_grade_ord,structured,0.063677,0.063677,2
11,Structured+Lexicon,Logistic,acc_now_delinq,structured,0.004647,0.000922,110
11,Structured+Lexicon,Logistic,acc_open_past_24mths,structured,0.17706,0.035124,8
11,Structured+Lexicon,Logistic,annual_inc,structured,0.311192,0.061732,1
11,Structured+Lexicon,Logistic,avg_cur_bal,structured,0.001471,0.000292,122
11,Structured+Lexicon,Logistic,bc_open_to_buy,structured,0.274306,0.054415,2
11,Structured+Lexicon,Logistic,bc_util,structured,0.201311,0.039935,7
11,Structured+Lexicon,Logistic,chargeoff_within_12_mths,structured,0.004814,0.000955,108
11,Structured+Lexicon,Logistic,collections_12_mths_ex_med,structured,0.006576,0.001304,96
11,Structured+Lexicon,Logistic,delinq_2yrs,structured,0.022605,0.004484,57
11,Structured+Lexicon,Logistic,delinq_amnt,structured,0.005876,0.001166,104
11,Structured+Lexicon,Logistic,dti,structured,0.064947,0.012884,19
11,Structured+Lexicon,Logistic,emp_length,structured,0.0103,0.002043,82
11,Structured+Lexicon,Logistic,inq_last_6mths,structured,0.128505,0.025492,11
11,Structured+Lexicon,Logistic,int_rate,structured,0.270747,0.053709,4
11,Structured+Lexicon,Logistic,loan_amnt,structured,0.173292,0.034376,9
11,Structured+Lexicon,Logistic,mo_sin_old_il_acct,structured,0.014104,0.002798,66
11,Structured+Lexicon,Logistic,mo_sin_old_rev_tl_op,structured,0.0624,0.012378,21
11,Structured+Lexicon,Logistic,mo_sin_rcnt_rev_tl_op,structured,0.014981,0.002972,64
11,Structured+Lexicon,Logistic,mo_sin_rcnt_tl,structured,0.002327,0.000462,119
11,Structured+Lexicon,Logistic,mort_acc,structured,0.00936,0.001857,86
11,Structured+Lexicon,Logistic,mths_since_last_delinq,structured,0.044323,0.008792,32
11,Structured+Lexicon,Logistic,mths_since_last_major_derog,structured,0.011124,0.002207,76
11,Structured+Lexicon,Logistic,mths_since_last_record,structured,0.05557,0.011024,22
11,Structured+Lexicon,Logistic,mths_since_recent_bc,structured,0.250001,0.049593,5
11,Structured+Lexicon,Logistic,mths_since_recent_bc_dlq,structured,0.008426,0.001671,90
11,Structured+Lexicon,Logistic,mths_since_recent_inq,structured,0.054807,0.010872,23
11,Structured+Lexicon,Logistic,mths_since_recent_revol_delinq,structured,0.012291,0.002438,70
11,Structured+Lexicon,Logistic,num_accts_ever_120_pd,structured,0.026931,0.005342,53
11,Structured+Lexicon,Logistic,num_actv_bc_tl,structured,0.049381,0.009796,25
11,Structured+Lexicon,Logistic,num_actv_rev_tl,structured,0.062531,0.012404,20
11,Structured+Lexicon,Logistic,num_bc_sats,structured,0.027506,0.005456,50
11,Structured+Lexicon,Logistic,num_bc_tl,structured,0.074973,0.014873,15
11,Structured+Lexicon,Logistic,num_il_tl,structured,0.072586,0.014399,16
11,Structured+Lexicon,Logistic,num_op_rev_tl,structured,0.0055,0.001091,106
11,Structured+Lexicon,Logistic,num_rev_accts,structured,0.065626,0.013018,18
11,Structured+Lexicon,Logistic,num_tl_120dpd_2m,structured,0.002983,0.000592,114
11,Structured+Lexicon,Logistic,num_tl_30dpd,structured,0.006313,0.001252,100
11,Structured+Lexicon,Logistic,num_tl_90g_dpd_24m,structured,0.00826,0.001639,92
11,Structured+Lexicon,Logistic,num_tl_op_past_12m,structured,0.047929,0.009508,26
11,Structured+Lexicon,Logistic,open_acc,structured,0.027238,0.005403,52
11,Structured+Lexicon,Logistic,pct_tl_nvr_dlq,structured,0.030239,0.005999,45
11,Structured+Lexicon,Logistic,percent_bc_gt_75,structured,0.047761,0.009475,27
11,Structured+Lexicon,Logistic,pub_rec,structured,0.036065,0.007154,40
11,Structured+Lexicon,Logistic,pub_rec_bankruptcies,structured,0.003967,0.000787,113
11,Structured+Lexicon,Logistic,revol_bal,structured,0.076299,0.015136,14
11,Structured+Lexicon,Logistic,revol_util,structured,0.140011,0.027774,10
11,Structured+Lexicon,Logistic,tax_liens,structured,0.005903,0.001171,103
11,Structured+Lexicon,Logistic,term,structured,0.273999,0.054354,3
11,Structured+Lexicon,Logistic,tot_coll_amt,structured,0.007163,0.001421,95
11,Structured+Lexicon,Logistic,tot_cur_bal,structured,0.004879,0.000968,107
11,Structured+Lexicon,Logistic,total_acc,structured,0.030548,0.00606,44
11,Structured+Lexicon,Logistic,total_bal_ex_mort,structured,0.000372,7.4e-05,129
11,Structured+Lexicon,Logistic,total_bc_limit,structured,0.011403,0.002262,73
11,Structured+Lexicon,Logistic,total_il_high_credit_limit,structured,0.006306,0.001251,101
11,Structured+Lexicon,Logistic,total_rev_hi_lim,structured,0.000442,8.8e-05,128
11,Structured+Lexicon,Logistic,fico_midpoint,structured,0.208826,0.041425,6
11,Structured+Lexicon,Logistic,credit_history_months,structured,0.070961,0.014077,17
11,Structured+Lexicon,Logistic,initial_list_status_w,structured,0.013628,0.002704,67
11,Structured+Lexicon,Logistic,addr_state_AL,structured,0.008489,0.001684,89
11,Structured+Lexicon,Logistic,addr_state_AR,structured,0.00189,0.000375,120
11,Structured+Lexicon,Logistic,addr_state_AZ,structured,0.011084,0.002199,79
11,Structured+Lexicon,Logistic,addr_state_CA,structured,0.038698,0.007677,37
11,Structured+Lexicon,Logistic,addr_state_CO,structured,0.012869,0.002553,68
11,Structured+Lexicon,Logistic,addr_state_CT,structured,0.001557,0.000309,121
11,Structured+Lexicon,Logistic,addr_state_DC,structured,0.053949,0.010702,24
11,Structured+Lexicon,Logistic,addr_state_DE,structured,0.004168,0.000827,111
11,Structured+Lexicon,Logistic,addr_state_FL,structured,0.046854,0.009295,28
11,Structured+Lexicon,Logistic,addr_state_GA,structured,0.000548,0.000109,127
11,Structured+Lexicon,Logistic,addr_state_HI,structured,3.4e-05,7e-06,132
11,Structured+Lexicon,Logistic,addr_state_IA,structured,0.010913,0.002165,80
11,Structured+Lexicon,Logistic,addr_state_ID,structured,0.0,0.0,133
11,Structured+Lexicon,Logistic,addr_state_IL,structured,0.030677,0.006085,43
11,Structured+Lexicon,Logistic,addr_state_IN,structured,0.011566,0.002294,72
11,Structured+Lexicon,Logistic,addr_state_KS,structured,0.02795,0.005545,49
11,Structured+Lexicon,Logistic,addr_state_KY,structured,0.00241,0.000478,116
11,Structured+Lexicon,Logistic,addr_state_LA,structured,0.007336,0.001455,94
11,Structured+Lexicon,Logistic,addr_state_MA,structured,0.006108,0.001212,102
11,Structured+Lexicon,Logistic,addr_state_MD,structured,0.009813,0.001947,83
11,Structured+Lexicon,Logistic,addr_state_MI,structured,0.007651,0.001518,93
11,Structured+Lexicon,Logistic,addr_state_MN,structured,0.014365,0.00285,65
11,Structured+Lexicon,Logistic,addr_state_MO,structured,0.002333,0.000463,118
11,Structured+Lexicon,Logistic,addr_state_MS,structured,0.000995,0.000197,125
11,Structured+Lexicon,Logistic,addr_state_MT,structured,0.015626,0.0031,61
11,Structured+Lexicon,Logistic,addr_state_NC,structured,0.001302,0.000258,123
11,Structured+Lexicon,Logistic,addr_state_NE,structured,0.015628,0.0031,60
11,Structured+Lexicon,Logistic,addr_state_NH,structured,0.020294,0.004026,58
11,Structured+Lexicon,Logistic,addr_state_NJ,structured,0.041007,0.008135,35
11,Structured+Lexicon,Logistic,addr_state_NM,structured,0.008891,0.001764,87
11,Structured+Lexicon,Logistic,addr_state_NV,structured,0.029158,0.005784,47
11,Structured+Lexicon,Logistic,addr_state_NY,structured,0.036254,0.007192,39
11,Structured+Lexicon,Logistic,addr_state_OH,structured,0.011802,0.002341,71
11,Structured+Lexicon,Logistic,addr_state_OK,structured,0.002382,0.000473,117
11,Structured+Lexicon,Logistic,addr_state_OR,structured,0.008838,0.001753,88
11,Structured+Lexicon,Logistic,addr_state_PA,structured,0.011372,0.002256,74
11,Structured+Lexicon,Logistic,addr_state_RI,structured,0.010669,0.002116,81
11,Structured+Lexicon,Logistic,addr_state_SC,structured,0.011252,0.002232,75
11,Structured+Lexicon,Logistic,addr_state_SD,structured,0.011089,0.0022,78
11,Structured+Lexicon,Logistic,addr_state_TN,structured,0.011093,0.002201,77
11,Structured+Lexicon,Logistic,addr_state_TX,structured,0.041835,0.008299,34
11,Structured+Lexicon,Logistic,addr_state_UT,structured,0.003974,0.000788,112
11,Structured+Lexicon,Logistic,addr_state_VA,structured,0.001087,0.000216,124
11,Structured+Lexicon,Logistic,addr_state_VT,structured,0.002683,0.000532,115
11,Structured+Lexicon,Logistic,addr_state_WA,structured,0.00835,0.001656,91
11,Structured+Lexicon,Logistic,addr_state_WI,structured,0.005859,0.001162,105
11,Structured+Lexicon,Logistic,addr_state_WV,structured,0.026875,0.005331,54
11,Structured+Lexicon,Logistic,addr_state_WY,structured,0.037247,0.007389,38
11,Structured+Lexicon,Logistic,purpose_credit_card,structured,0.009731,0.00193,84
11,Structured+Lexicon,Logistic,purpose_debt_consolidation,structured,0.085094,0.01688,13
11,Structured+Lexicon,Logistic,purpose_educational,structured,0.015399,0.003055,62
11,Structured+Lexicon,Logistic,purpose_home_improvement,structured,0.028646,0.005683,48
11,Structured+Lexicon,Logistic,purpose_house,structured,0.027444,0.005444,51
11,Structured+Lexicon,Logistic,purpose_major_purchase,structured,8.4e-05,1.7e-05,130
11,Structured+Lexicon,Logistic,purpose_medical,structured,0.044778,0.008883,31
11,Structured+Lexicon,Logistic,purpose_moving,structured,0.041874,0.008307,33
11,Structured+Lexicon,Logistic,purpose_other,structured,0.099282,0.019695,12
11,Structured+Lexicon,Logistic,purpose_renewable_energy,structured,0.033435,0.006633,42
11,Structured+Lexicon,Logistic,purpose_vacation,structured,0.046793,0.009283,29
11,Structured+Lexicon,Logistic,purpose_wedding,structured,0.00639,0.001268,99
11,Structured+Lexicon,Logistic,home_ownership_NONE,structured,0.00478,0.000948,109
11,Structured+Lexicon,Logistic,home_ownership_OTHER,structured,0.012797,0.002539,69
11,Structured+Lexicon,Logistic,home_ownership_OWN,structured,0.006477,0.001285,98
11,Structured+Lexicon,Logistic,home_ownership_RENT,structured,0.016915,0.003355,59
11,Structured+Lexicon,Logistic,verification_status_Source Verified,structured,0.025415,0.005042,55
11,Structured+Lexicon,Logistic,verification_status_Verified,structured,0.000598,0.000119,126
11,Structured+Lexicon,Logistic,grade_ord,structured,0.023937,0.004749,56
11,Structured+Lexicon,Logistic,sub_grade_ord,structured,0.029309,0.005814,46
11,Structured+Lexicon,Logistic,risk_word_count,lexicon,0.033558,0.006657,41
11,Structured+Lexicon,Logistic,risk_word_density,lexicon,0.01524,0.003023,63
11,Structured+Lexicon,Logistic,risk_word_flag,lexicon,0.00656,0.001301,97
11,Structured+Lexicon,Logistic,distress_debt_pressure_count,lexicon,0.046058,0.009137,30
11,Structured+Lexicon,Logistic,distress_liquidity_shortage_count,lexicon,0.009392,0.001863,85
11,Structured+Lexicon,Logistic,distress_medical_life_shock_count,lexicon,0.040235,0.007982,36
11,Structured+Lexicon,Logistic,distress_refinancing_burden_count,lexicon,7.6e-05,1.5e-05,131
11,Structured+Lexicon,XGBoost,acc_now_delinq,structured,0.0,0.0,133
11,Structured+Lexicon,XGBoost,acc_open_past_24mths,structured,63.688168,0.012939,6
11,Structured+Lexicon,XGBoost,annual_inc,structured,88.852432,0.018051,5
11,Structured+Lexicon,XGBoost,avg_cur_bal,structured,31.443148,0.006388,49
11,Structured+Lexicon,XGBoost,bc_open_to_buy,structured,41.470314,0.008425,15
11,Structured+Lexicon,XGBoost,bc_util,structured,40.294334,0.008186,19
11,Structured+Lexicon,XGBoost,chargeoff_within_12_mths,structured,0.0,0.0,131
11,Structured+Lexicon,XGBoost,collections_12_mths_ex_med,structured,0.0,0.0,132
11,Structured+Lexicon,XGBoost,delinq_2yrs,structured,29.050476,0.005902,64
11,Structured+Lexicon,XGBoost,delinq_amnt,structured,0.0,0.0,130
11,Structured+Lexicon,XGBoost,dti,structured,41.30991,0.008393,16
11,Structured+Lexicon,XGBoost,emp_length,structured,40.037045,0.008134,21
11,Structured+Lexicon,XGBoost,inq_last_6mths,structured,55.889763,0.011355,8
11,Structured+Lexicon,XGBoost,int_rate,structured,388.765717,0.078982,2
11,Structured+Lexicon,XGBoost,loan_amnt,structured,35.194881,0.00715,36
11,Structured+Lexicon,XGBoost,mo_sin_old_il_acct,structured,29.790991,0.006052,57
11,Structured+Lexicon,XGBoost,mo_sin_old_rev_tl_op,structured,31.361195,0.006371,50
11,Structured+Lexicon,XGBoost,mo_sin_rcnt_rev_tl_op,structured,36.973972,0.007512,28
11,Structured+Lexicon,XGBoost,mo_sin_rcnt_tl,structured,45.708706,0.009286,10
11,Structured+Lexicon,XGBoost,mort_acc,structured,28.930347,0.005877,66
11,Structured+Lexicon,XGBoost,mths_since_last_delinq,structured,33.33609,0.006773,40
11,Structured+Lexicon,XGBoost,mths_since_last_major_derog,structured,25.201645,0.00512,96
11,Structured+Lexicon,XGBoost,mths_since_last_record,structured,32.031395,0.006507,44
11,Structured+Lexicon,XGBoost,mths_since_recent_bc,structured,41.703075,0.008472,14
11,Structured+Lexicon,XGBoost,mths_since_recent_bc_dlq,structured,31.502605,0.0064,48
11,Structured+Lexicon,XGBoost,mths_since_recent_inq,structured,41.000465,0.00833,17
11,Structured+Lexicon,XGBoost,mths_since_recent_revol_delinq,structured,30.841574,0.006266,55
11,Structured+Lexicon,XGBoost,num_accts_ever_120_pd,structured,28.823095,0.005856,67
11,Structured+Lexicon,XGBoost,num_actv_bc_tl,structured,31.271753,0.006353,51
11,Structured+Lexicon,XGBoost,num_actv_rev_tl,structured,27.219036,0.00553,81
11,Structured+Lexicon,XGBoost,num_bc_sats,structured,35.490356,0.00721,35
11,Structured+Lexicon,XGBoost,num_bc_tl,structured,29.516937,0.005997,58
11,Structured+Lexicon,XGBoost,num_il_tl,structured,37.876183,0.007695,26
11,Structured+Lexicon,XGBoost,num_op_rev_tl,structured,27.19548,0.005525,82
11,Structured+Lexicon,XGBoost,num_rev_accts,structured,29.377993,0.005968,61
11,Structured+Lexicon,XGBoost,num_tl_120dpd_2m,structured,0.0,0.0,127
11,Structured+Lexicon,XGBoost,num_tl_30dpd,structured,0.0,0.0,129
11,Structured+Lexicon,XGBoost,num_tl_90g_dpd_24m,structured,0.0,0.0,128
11,Structured+Lexicon,XGBoost,num_tl_op_past_12m,structured,23.606045,0.004796,100
11,Structured+Lexicon,XGBoost,open_acc,structured,28.262571,0.005742,74
11,Structured+Lexicon,XGBoost,pct_tl_nvr_dlq,structured,25.75322,0.005232,91
11,Structured+Lexicon,XGBoost,percent_bc_gt_75,structured,33.120693,0.006729,41
11,Structured+Lexicon,XGBoost,pub_rec,structured,36.928619,0.007502,29
11,Structured+Lexicon,XGBoost,pub_rec_bankruptcies,structured,28.763538,0.005844,68
11,Structured+Lexicon,XGBoost,revol_bal,structured,35.884819,0.00729,32
11,Structured+Lexicon,XGBoost,revol_util,structured,36.226688,0.00736,31
11,Structured+Lexicon,XGBoost,tax_liens,structured,26.13666,0.00531,87
11,Structured+Lexicon,XGBoost,term,structured,241.53978,0.049071,4
11,Structured+Lexicon,XGBoost,tot_coll_amt,structured,27.54331,0.005596,78
11,Structured+Lexicon,XGBoost,tot_cur_bal,structured,31.89994,0.006481,45
11,Structured+Lexicon,XGBoost,total_acc,structured,31.221876,0.006343,52
11,Structured+Lexicon,XGBoost,total_bal_ex_mort,structured,28.246037,0.005738,75
11,Structured+Lexicon,XGBoost,total_bc_limit,structured,40.096878,0.008146,20
11,Structured+Lexicon,XGBoost,total_il_high_credit_limit,structured,30.422253,0.006181,56
11,Structured+Lexicon,XGBoost,total_rev_hi_lim,structured,28.946489,0.005881,65
11,Structured+Lexicon,XGBoost,fico_midpoint,structured,41.936703,0.00852,12
11,Structured+Lexicon,XGBoost,credit_history_months,structured,31.860369,0.006473,46
11,Structured+Lexicon,XGBoost,initial_list_status_w,structured,23.210018,0.004715,101
11,Structured+Lexicon,XGBoost,addr_state_AL,structured,28.754372,0.005842,69
11,Structured+Lexicon,XGBoost,addr_state_AR,structured,13.968578,0.002838,111
11,Structured+Lexicon,XGBoost,addr_state_AZ,structured,17.006048,0.003455,109
11,Structured+Lexicon,XGBoost,addr_state_CA,structured,40.560303,0.00824,18
11,Structured+Lexicon,XGBoost,addr_state_CO,structured,29.374239,0.005968,62
11,Structured+Lexicon,XGBoost,addr_state_CT,structured,17.527288,0.003561,108
11,Structured+Lexicon,XGBoost,addr_state_DC,structured,39.25589,0.007975,23
11,Structured+Lexicon,XGBoost,addr_state_DE,structured,0.0,0.0,118
11,Structured+Lexicon,XGBoost,addr_state_FL,structured,39.363697,0.007997,22
11,Structured+Lexicon,XGBoost,addr_state_GA,structured,19.989491,0.004061,107
11,Structured+Lexicon,XGBoost,addr_state_HI,structured,0.0,0.0,121
11,Structured+Lexicon,XGBoost,addr_state_IA,structured,0.0,0.0,120
11,Structured+Lexicon,XGBoost,addr_state_ID,structured,0.0,0.0,119
11,Structured+Lexicon,XGBoost,addr_state_IL,structured,35.839611,0.007281,33
11,Structured+Lexicon,XGBoost,addr_state_IN,structured,0.0,0.0,122
11,Structured+Lexicon,XGBoost,addr_state_KS,structured,28.018461,0.005692,76
11,Structured+Lexicon,XGBoost,addr_state_KY,structured,28.613199,0.005813,70
11,Structured+Lexicon,XGBoost,addr_state_LA,structured,35.561993,0.007225,34
11,Structured+Lexicon,XGBoost,addr_state_MA,structured,23.023344,0.004677,102
11,Structured+Lexicon,XGBoost,addr_state_MD,structured,32.188549,0.006539,43
11,Structured+Lexicon,XGBoost,addr_state_MI,structured,33.442253,0.006794,39
11,Structured+Lexicon,XGBoost,addr_state_MN,structured,26.124571,0.005307,88
11,Structured+Lexicon,XGBoost,addr_state_MO,structured,21.606012,0.004389,105
11,Structured+Lexicon,XGBoost,addr_state_MS,structured,0.0,0.0,123
11,Structured+Lexicon,XGBoost,addr_state_MT,structured,25.498074,0.00518,94
11,Structured+Lexicon,XGBoost,addr_state_NC,structured,25.785473,0.005239,90
11,Structured+Lexicon,XGBoost,addr_state_NE,structured,0.0,0.0,124
11,Structured+Lexicon,XGBoost,addr_state_NH,structured,29.256147,0.005944,63
11,Structured+Lexicon,XGBoost,addr_state_NJ,structured,32.981407,0.0067,42
11,Structured+Lexicon,XGBoost,addr_state_NM,structured,29.491821,0.005992,59
11,Structured+Lexicon,XGBoost,addr_state_NV,structured,27.108498,0.005507,83
11,Structured+Lexicon,XGBoost,addr_state_NY,structured,31.004543,0.006299,54
11,Structured+Lexicon,XGBoost,addr_state_OH,structured,37.997799,0.00772,25
11,Structured+Lexicon,XGBoost,addr_state_OK,structured,15.177032,0.003083,110
11,Structured+Lexicon,XGBoost,addr_state_OR,structured,22.889374,0.00465,103
11,Structured+Lexicon,XGBoost,addr_state_PA,structured,25.379045,0.005156,95
11,Structured+Lexicon,XGBoost,addr_state_RI,structured,27.082621,0.005502,84
11,Structured+Lexicon,XGBoost,addr_state_SC,structured,27.387817,0.005564,79
11,Structured+Lexicon,XGBoost,addr_state_SD,structured,25.026562,0.005084,97
11,Structured+Lexicon,XGBoost,addr_state_TN,structured,0.0,0.0,125
11,Structured+Lexicon,XGBoost,addr_state_TX,structured,45.7514,0.009295,9
11,Structured+Lexicon,XGBoost,addr_state_UT,structured,0.0,0.0,114
11,Structured+Lexicon,XGBoost,addr_state_VA,structured,21.464493,0.004361,106
11,Structured+Lexicon,XGBoost,addr_state_VT,structured,0.0,0.0,126
11,Structured+Lexicon,XGBoost,addr_state_WA,structured,25.528738,0.005186,93
11,Structured+Lexicon,XGBoost,addr_state_WI,structured,0.0,0.0,115
11,Structured+Lexicon,XGBoost,addr_state_WV,structured,26.622091,0.005409,86
11,Structured+Lexicon,XGBoost,addr_state_WY,structured,31.109806,0.00632,53
11,Structured+Lexicon,XGBoost,purpose_credit_card,structured,62.926281,0.012784,7
11,Structured+Lexicon,XGBoost,purpose_debt_consolidation,structured,37.074863,0.007532,27
11,Structured+Lexicon,XGBoost,purpose_educational,structured,0.0,0.0,117
11,Structured+Lexicon,XGBoost,purpose_home_improvement,structured,24.256933,0.004928,98
11,Structured+Lexicon,XGBoost,purpose_house,structured,35.148106,0.007141,37
11,Structured+Lexicon,XGBoost,purpose_major_purchase,structured,36.313091,0.007377,30
11,Structured+Lexicon,XGBoost,purpose_medical,structured,31.858765,0.006472,47
11,Structured+Lexicon,XGBoost,purpose_moving,structured,28.48189,0.005786,72
11,Structured+Lexicon,XGBoost,purpose_other,structured,44.16391,0.008972,11
11,Structured+Lexicon,XGBoost,purpose_renewable_energy,structured,28.265821,0.005742,73
11,Structured+Lexicon,XGBoost,purpose_vacation,structured,34.616028,0.007033,38
11,Structured+Lexicon,XGBoost,purpose_wedding,structured,29.445961,0.005982,60
11,Structured+Lexicon,XGBoost,home_ownership_NONE,structured,0.0,0.0,116
11,Structured+Lexicon,XGBoost,home_ownership_OTHER,structured,0.0,0.0,113
11,Structured+Lexicon,XGBoost,home_ownership_OWN,structured,26.076033,0.005298,89
11,Structured+Lexicon,XGBoost,home_ownership_RENT,structured,27.275513,0.005541,80
11,Structured+Lexicon,XGBoost,verification_status_Source Verified,structured,25.752865,0.005232,92
11,Structured+Lexicon,XGBoost,verification_status_Verified,structured,24.077353,0.004892,99
11,Structured+Lexicon,XGBoost,grade_ord,structured,558.60437,0.113486,1
11,Structured+Lexicon,XGBoost,sub_grade_ord,structured,295.626709,0.060059,3
11,Structured+Lexicon,XGBoost,risk_word_count,lexicon,39.082722,0.00794,24
11,Structured+Lexicon,XGBoost,risk_word_density,lexicon,28.515602,0.005793,71
11,Structured+Lexicon,XGBoost,risk_word_flag,lexicon,0.0,0.0,112
11,Structured+Lexicon,XGBoost,distress_debt_pressure_count,lexicon,41.838482,0.0085,13
11,Structured+Lexicon,XGBoost,distress_liquidity_shortage_count,lexicon,22.376064,0.004546,104
11,Structured+Lexicon,XGBoost,distress_medical_life_shock_count,lexicon,27.900303,0.005668,77
11,Structured+Lexicon,XGBoost,distress_refinancing_burden_count,lexicon,27.038795,0.005493,85
11,Structured+Lexicon,RandomForest,acc_now_delinq,structured,0.0,0.0,133
11,Structured+Lexicon,RandomForest,acc_open_past_24mths,structured,0.015424,0.015424,22
11,Structured+Lexicon,RandomForest,annual_inc,structured,0.056445,0.056445,3
11,Structured+Lexicon,RandomForest,avg_cur_bal,structured,0.012294,0.012294,25
11,Structured+Lexicon,RandomForest,bc_open_to_buy,structured,0.021021,0.021021,13
11,Structured+Lexicon,RandomForest,bc_util,structured,0.019643,0.019643,14
11,Structured+Lexicon,RandomForest,chargeoff_within_12_mths,structured,0.0,0.0,131
11,Structured+Lexicon,RandomForest,collections_12_mths_ex_med,structured,0.0,0.0,132
11,Structured+Lexicon,RandomForest,delinq_2yrs,structured,0.001958,0.001958,58
11,Structured+Lexicon,RandomForest,delinq_amnt,structured,0.0,0.0,130
11,Structured+Lexicon,RandomForest,dti,structured,0.040476,0.040476,5
11,Structured+Lexicon,RandomForest,emp_length,structured,0.01831,0.01831,19
11,Structured+Lexicon,RandomForest,inq_last_6mths,structured,0.01318,0.01318,24
11,Structured+Lexicon,RandomForest,int_rate,structured,0.07898,0.07898,1
11,Structured+Lexicon,RandomForest,loan_amnt,structured,0.034532,0.034532,9
11,Structured+Lexicon,RandomForest,mo_sin_old_il_acct,structured,0.010327,0.010327,33
11,Structured+Lexicon,RandomForest,mo_sin_old_rev_tl_op,structured,0.010944,0.010944,31
11,Structured+Lexicon,RandomForest,mo_sin_rcnt_rev_tl_op,structured,0.00954,0.00954,34
11,Structured+Lexicon,RandomForest,mo_sin_rcnt_tl,structured,0.008819,0.008819,35
11,Structured+Lexicon,RandomForest,mort_acc,structured,0.006152,0.006152,40
11,Structured+Lexicon,RandomForest,mths_since_last_delinq,structured,0.015672,0.015672,21
11,Structured+Lexicon,RandomForest,mths_since_last_major_derog,structured,0.001985,0.001985,57
11,Structured+Lexicon,RandomForest,mths_since_last_record,structured,0.001995,0.001995,56
11,Structured+Lexicon,RandomForest,mths_since_recent_bc,structured,0.018273,0.018273,20
11,Structured+Lexicon,RandomForest,mths_since_recent_bc_dlq,structured,0.003045,0.003045,53
11,Structured+Lexicon,RandomForest,mths_since_recent_inq,structured,0.014326,0.014326,23
11,Structured+Lexicon,RandomForest,mths_since_recent_revol_delinq,structured,0.00585,0.00585,41
11,Structured+Lexicon,RandomForest,num_accts_ever_120_pd,structured,0.000867,0.000867,67
11,Structured+Lexicon,RandomForest,num_actv_bc_tl,structured,0.004656,0.004656,49
11,Structured+Lexicon,RandomForest,num_actv_rev_tl,structured,0.005481,0.005481,44
11,Structured+Lexicon,RandomForest,num_bc_sats,structured,0.007384,0.007384,37
11,Structured+Lexicon,RandomForest,num_bc_tl,structured,0.006796,0.006796,39
11,Structured+Lexicon,RandomForest,num_il_tl,structured,0.007644,0.007644,36
11,Structured+Lexicon,RandomForest,num_op_rev_tl,structured,0.005598,0.005598,43
11,Structured+Lexicon,RandomForest,num_rev_accts,structured,0.007239,0.007239,38
11,Structured+Lexicon,RandomForest,num_tl_120dpd_2m,structured,0.0,0.0,128
11,Structured+Lexicon,RandomForest,num_tl_30dpd,structured,0.0,0.0,129
11,Structured+Lexicon,RandomForest,num_tl_90g_dpd_24m,structured,8.8e-05,8.8e-05,94
11,Structured+Lexicon,RandomForest,num_tl_op_past_12m,structured,0.004954,0.004954,47
11,Structured+Lexicon,RandomForest,open_acc,structured,0.018957,0.018957,17
11,Structured+Lexicon,RandomForest,pct_tl_nvr_dlq,structured,0.004834,0.004834,48
11,Structured+Lexicon,RandomForest,percent_bc_gt_75,structured,0.011948,0.011948,27
11,Structured+Lexicon,RandomForest,pub_rec,structured,0.000807,0.000807,68
11,Structured+Lexicon,RandomForest,pub_rec_bankruptcies,structured,0.000708,0.000708,71
11,Structured+Lexicon,RandomForest,revol_bal,structured,0.033812,0.033812,10
11,Structured+Lexicon,RandomForest,revol_util,structured,0.039529,0.039529,6
11,Structured+Lexicon,RandomForest,tax_liens,structured,5e-06,5e-06,114
11,Structured+Lexicon,RandomForest,term,structured,0.036401,0.036401,8
11,Structured+Lexicon,RandomForest,tot_coll_amt,structured,0.000563,0.000563,73
11,Structured+Lexicon,RandomForest,tot_cur_bal,structured,0.011744,0.011744,28
11,Structured+Lexicon,RandomForest,total_acc,structured,0.025273,0.025273,12
11,Structured+Lexicon,RandomForest,total_bal_ex_mort,structured,0.019505,0.019505,15
11,Structured+Lexicon,RandomForest,total_bc_limit,structured,0.019084,0.019084,16
11,Structured+Lexicon,RandomForest,total_il_high_credit_limit,structured,0.010499,0.010499,32
11,Structured+Lexicon,RandomForest,total_rev_hi_lim,structured,0.011004,0.011004,30
11,Structured+Lexicon,RandomForest,fico_midpoint,structured,0.038347,0.038347,7
11,Structured+Lexicon,RandomForest,credit_history_months,structured,0.032501,0.032501,11
11,Structured+Lexicon,RandomForest,initial_list_status_w,structured,0.000868,0.000868,66
11,Structured+Lexicon,RandomForest,addr_state_AL,structured,6.3e-05,6.3e-05,99
11,Structured+Lexicon,RandomForest,addr_state_AR,structured,1.2e-05,1.2e-05,112
11,Structured+Lexicon,RandomForest,addr_state_AZ,structured,0.00029,0.00029,79
11,Structured+Lexicon,RandomForest,addr_state_CA,structured,0.002705,0.002705,54
11,Structured+Lexicon,RandomForest,addr_state_CO,structured,0.000148,0.000148,89
11,Structured+Lexicon,RandomForest,addr_state_CT,structured,0.00011,0.00011,91
11,Structured+Lexicon,RandomForest,addr_state_DC,structured,7.9e-05,7.9e-05,95
11,Structured+Lexicon,RandomForest,addr_state_DE,structured,2e-06,2e-06,117
11,Structured+Lexicon,RandomForest,addr_state_FL,structured,0.001554,0.001554,61
11,Structured+Lexicon,RandomForest,addr_state_GA,structured,0.000311,0.000311,78
11,Structured+Lexicon,RandomForest,addr_state_HI,structured,8e-06,8e-06,113
11,Structured+Lexicon,RandomForest,addr_state_IA,structured,0.0,0.0,119
11,Structured+Lexicon,RandomForest,addr_state_ID,structured,0.0,0.0,118
11,Structured+Lexicon,RandomForest,addr_state_IL,structured,0.000786,0.000786,69
11,Structured+Lexicon,RandomForest,addr_state_IN,structured,5e-06,5e-06,115
11,Structured+Lexicon,RandomForest,addr_state_KS,structured,6.2e-05,6.2e-05,100
11,Structured+Lexicon,RandomForest,addr_state_KY,structured,3.6e-05,3.6e-05,103
11,Structured+Lexicon,RandomForest,addr_state_LA,structured,6.9e-05,6.9e-05,97
11,Structured+Lexicon,RandomForest,addr_state_MA,structured,0.000334,0.000334,75
11,Structured+Lexicon,RandomForest,addr_state_MD,structured,0.000233,0.000233,83
11,Structured+Lexicon,RandomForest,addr_state_MI,structured,0.000193,0.000193,86
11,Structured+Lexicon,RandomForest,addr_state_MN,structured,9.9e-05,9.9e-05,92
11,Structured+Lexicon,RandomForest,addr_state_MO,structured,9.5e-05,9.5e-05,93
11,Structured+Lexicon,RandomForest,addr_state_MS,structured,0.0,0.0,121
11,Structured+Lexicon,RandomForest,addr_state_MT,structured,2e-06,2e-06,116
11,Structured+Lexicon,RandomForest,addr_state_NC,structured,0.000274,0.000274,82
11,Structured+Lexicon,RandomForest,addr_state_NE,structured,0.0,0.0,120
11,Structured+Lexicon,RandomForest,addr_state_NH,structured,1.7e-05,1.7e-05,107
11,Structured+Lexicon,RandomForest,addr_state_NJ,structured,0.000572,0.000572,72
11,Structured+Lexicon,RandomForest,addr_state_NM,structured,3.1e-05,3.1e-05,104
11,Structured+Lexicon,RandomForest,addr_state_NV,structured,0.000212,0.000212,85
11,Structured+Lexicon,RandomForest,addr_state_NY,structured,0.001417,0.001417,63
11,Structured+Lexicon,RandomForest,addr_state_OH,structured,0.000285,0.000285,80
11,Structured+Lexicon,RandomForest,addr_state_OK,structured,3e-05,3e-05,105
11,Structured+Lexicon,RandomForest,addr_state_OR,structured,6.4e-05,6.4e-05,98
11,Structured+Lexicon,RandomForest,addr_state_PA,structured,0.000421,0.000421,74
11,Structured+Lexicon,RandomForest,addr_state_RI,structured,1.4e-05,1.4e-05,108
11,Structured+Lexicon,RandomForest,addr_state_SC,structured,4.7e-05,4.7e-05,102
11,Structured+Lexicon,RandomForest,addr_state_SD,structured,0.0,0.0,125
11,Structured+Lexicon,RandomForest,addr_state_TN,structured,0.0,0.0,124
11,Structured+Lexicon,RandomForest,addr_state_TX,structured,0.001508,0.001508,62
11,Structured+Lexicon,RandomForest,addr_state_UT,structured,1.3e-05,1.3e-05,111
11,Structured+Lexicon,RandomForest,addr_state_VA,structured,0.000317,0.000317,77
11,Structured+Lexicon,RandomForest,addr_state_VT,structured,0.0,0.0,123
11,Structured+Lexicon,RandomForest,addr_state_WA,structured,0.000227,0.000227,84
11,Structured+Lexicon,RandomForest,addr_state_WI,structured,7.6e-05,7.6e-05,96
11,Structured+Lexicon,RandomForest,addr_state_WV,structured,1.3e-05,1.3e-05,109
11,Structured+Lexicon,RandomForest,addr_state_WY,structured,1.3e-05,1.3e-05,110
11,Structured+Lexicon,RandomForest,purpose_credit_card,structured,0.004284,0.004284,50
11,Structured+Lexicon,RandomForest,purpose_debt_consolidation,structured,0.005146,0.005146,45
11,Structured+Lexicon,RandomForest,purpose_educational,structured,0.0,0.0,122
11,Structured+Lexicon,RandomForest,purpose_home_improvement,structured,0.000981,0.000981,65
11,Structured+Lexicon,RandomForest,purpose_house,structured,5.4e-05,5.4e-05,101
11,Structured+Lexicon,RandomForest,purpose_major_purchase,structured,0.000741,0.000741,70
11,Structured+Lexicon,RandomForest,purpose_medical,structured,0.00016,0.00016,88
11,Structured+Lexicon,RandomForest,purpose_moving,structured,0.000318,0.000318,76
11,Structured+Lexicon,RandomForest,purpose_other,structured,0.001742,0.001742,59
11,Structured+Lexicon,RandomForest,purpose_renewable_energy,structured,2.4e-05,2.4e-05,106
11,Structured+Lexicon,RandomForest,purpose_vacation,structured,0.000161,0.000161,87
11,Structured+Lexicon,RandomForest,purpose_wedding,structured,0.000284,0.000284,81
11,Structured+Lexicon,RandomForest,home_ownership_NONE,structured,0.0,0.0,126
11,Structured+Lexicon,RandomForest,home_ownership_OTHER,structured,0.0,0.0,127
11,Structured+Lexicon,RandomForest,home_ownership_OWN,structured,0.001113,0.001113,64
11,Structured+Lexicon,RandomForest,home_ownership_RENT,structured,0.005144,0.005144,46
11,Structured+Lexicon,RandomForest,verification_status_Source Verified,structured,0.003357,0.003357,52
11,Structured+Lexicon,RandomForest,verification_status_Verified,structured,0.005708,0.005708,42
11,Structured+Lexicon,RandomForest,grade_ord,structured,0.053419,0.053419,4
11,Structured+Lexicon,RandomForest,sub_grade_ord,structured,0.068476,0.068476,2
11,Structured+Lexicon,RandomForest,risk_word_count,lexicon,0.012125,0.012125,26
11,Structured+Lexicon,RandomForest,risk_word_density,lexicon,0.018834,0.018834,18
11,Structured+Lexicon,RandomForest,risk_word_flag,lexicon,0.003582,0.003582,51
11,Structured+Lexicon,RandomForest,distress_debt_pressure_count,lexicon,0.011392,0.011392,29
11,Structured+Lexicon,RandomForest,distress_liquidity_shortage_count,lexicon,0.002162,0.002162,55
11,Structured+Lexicon,RandomForest,distress_medical_life_shock_count,lexicon,0.001626,0.001626,60
11,Structured+Lexicon,RandomForest,distress_refinancing_burden_count,lexicon,0.000128,0.000128,90
12,Structured,Logistic,acc_now_delinq,structured,0.028626,0.005956,44
12,Structured,Logistic,acc_open_past_24mths,structured,0.160686,0.03343,9
12,Structured,Logistic,annual_inc,structured,0.295539,0.061485,1
12,Structured,Logistic,avg_cur_bal,structured,0.02303,0.004791,54
12,Structured,Logistic,bc_open_to_buy,structured,0.258504,0.05378,4
12,Structured,Logistic,bc_util,structured,0.187588,0.039027,7
12,Structured,Logistic,chargeoff_within_12_mths,structured,0.003388,0.000705,111
12,Structured,Logistic,collections_12_mths_ex_med,structured,0.00294,0.000612,114
12,Structured,Logistic,delinq_2yrs,structured,0.025628,0.005332,50
12,Structured,Logistic,delinq_amnt,structured,0.007536,0.001568,92
12,Structured,Logistic,dti,structured,0.0787,0.016373,13
12,Structured,Logistic,emp_length,structured,0.007435,0.001547,93
12,Structured,Logistic,inq_last_6mths,structured,0.124082,0.025815,10
12,Structured,Logistic,int_rate,structured,0.284965,0.059285,2
12,Structured,Logistic,loan_amnt,structured,0.166287,0.034595,8
12,Structured,Logistic,mo_sin_old_il_acct,structured,0.004076,0.000848,109
12,Structured,Logistic,mo_sin_old_rev_tl_op,structured,0.068284,0.014206,18
12,Structured,Logistic,mo_sin_rcnt_rev_tl_op,structured,0.008519,0.001772,88
12,Structured,Logistic,mo_sin_rcnt_tl,structured,0.009958,0.002072,84
12,Structured,Logistic,mort_acc,structured,0.004598,0.000957,104
12,Structured,Logistic,mths_since_last_delinq,structured,0.048943,0.010182,24
12,Structured,Logistic,mths_since_last_major_derog,structured,0.021027,0.004375,57
12,Structured,Logistic,mths_since_last_record,structured,0.016739,0.003483,65
12,Structured,Logistic,mths_since_recent_bc,structured,0.227372,0.047303,5
12,Structured,Logistic,mths_since_recent_bc_dlq,structured,0.010095,0.0021,83
12,Structured,Logistic,mths_since_recent_inq,structured,0.056944,0.011847,22
12,Structured,Logistic,mths_since_recent_revol_delinq,structured,0.010944,0.002277,79
12,Structured,Logistic,num_accts_ever_120_pd,structured,0.028842,0.006,43
12,Structured,Logistic,num_actv_bc_tl,structured,0.021768,0.004529,55
12,Structured,Logistic,num_actv_rev_tl,structured,0.060903,0.012671,20
12,Structured,Logistic,num_bc_sats,structured,0.03668,0.007631,33
12,Structured,Logistic,num_bc_tl,structured,0.070973,0.014766,17
12,Structured,Logistic,num_il_tl,structured,0.076405,0.015895,14
12,Structured,Logistic,num_op_rev_tl,structured,0.002976,0.000619,113
12,Structured,Logistic,num_rev_accts,structured,0.062575,0.013018,19
12,Structured,Logistic,num_tl_120dpd_2m,structured,0.004133,0.00086,108
12,Structured,Logistic,num_tl_30dpd,structured,0.044093,0.009173,29
12,Structured,Logistic,num_tl_90g_dpd_24m,structured,0.006011,0.001251,99
12,Structured,Logistic,num_tl_op_past_12m,structured,0.045526,0.009471,27
12,Structured,Logistic,open_acc,structured,0.014646,0.003047,69
12,Structured,Logistic,pct_tl_nvr_dlq,structured,0.031285,0.006509,41
12,Structured,Logistic,percent_bc_gt_75,structured,0.047232,0.009826,25
12,Structured,Logistic,pub_rec,structured,0.0094,0.001956,86
12,Structured,Logistic,pub_rec_bankruptcies,structured,0.005147,0.001071,102
12,Structured,Logistic,revol_bal,structured,0.072661,0.015117,16
12,Structured,Logistic,revol_util,structured,0.119979,0.024961,11
12,Structured,Logistic,tax_liens,structured,0.011724,0.002439,76
12,Structured,Logistic,term,structured,0.269317,0.05603,3
12,Structured,Logistic,tot_coll_amt,structured,0.006809,0.001417,95
12,Structured,Logistic,tot_cur_bal,structured,0.021517,0.004476,56
12,Structured,Logistic,total_acc,structured,0.032965,0.006858,38
12,Structured,Logistic,total_bal_ex_mort,structured,0.017875,0.003719,62
12,Structured,Logistic,total_bc_limit,structured,0.015627,0.003251,68
12,Structured,Logistic,total_il_high_credit_limit,structured,0.009733,0.002025,85
12,Structured,Logistic,total_rev_hi_lim,structured,0.027497,0.005721,48
12,Structured,Logistic,fico_midpoint,structured,0.196002,0.040777,6
12,Structured,Logistic,credit_history_months,structured,0.073638,0.01532,15
12,Structured,Logistic,initial_list_status_w,structured,0.012877,0.002679,73
12,Structured,Logistic,addr_state_AL,structured,0.010398,0.002163,81
12,Structured,Logistic,addr_state_AR,structured,0.000358,7.4e-05,124
12,Structured,Logistic,addr_state_AZ,structured,0.001452,0.000302,120
12,Structured,Logistic,addr_state_CA,structured,0.027577,0.005737,47
12,Structured,Logistic,addr_state_CO,structured,0.019956,0.004152,59
12,Structured,Logistic,addr_state_CT,structured,0.003386,0.000705,112
12,Structured,Logistic,addr_state_DC,structured,0.054567,0.011352,23
12,Structured,Logistic,addr_state_DE,structured,0.002337,0.000486,117
12,Structured,Logistic,addr_state_FL,structured,0.045274,0.009419,28
12,Structured,Logistic,addr_state_GA,structured,0.00543,0.00113,100
12,Structured,Logistic,addr_state_HI,structured,0.001962,0.000408,119
12,Structured,Logistic,addr_state_IA,structured,0.008486,0.001766,90
12,Structured,Logistic,addr_state_ID,structured,0.0,0.0,126
12,Structured,Logistic,addr_state_IL,structured,0.024495,0.005096,52
12,Structured,Logistic,addr_state_IN,structured,0.015632,0.003252,67
12,Structured,Logistic,addr_state_KS,structured,0.020949,0.004358,58
12,Structured,Logistic,addr_state_KY,structured,0.000283,5.9e-05,125
12,Structured,Logistic,addr_state_LA,structured,0.004265,0.000887,107
12,Structured,Logistic,addr_state_MA,structured,0.010323,0.002148,82
12,Structured,Logistic,addr_state_MD,structured,0.011723,0.002439,77
12,Structured,Logistic,addr_state_MI,structured,0.003821,0.000795,110
12,Structured,Logistic,addr_state_MN,structured,0.017203,0.003579,63
12,Structured,Logistic,addr_state_MO,structured,0.004324,0.0009,105
12,Structured,Logistic,addr_state_MS,structured,0.001099,0.000229,122
12,Structured,Logistic,addr_state_MT,structured,0.01662,0.003458,66
12,Structured,Logistic,addr_state_NC,structured,0.002651,0.000551,116
12,Structured,Logistic,addr_state_NE,structured,0.01393,0.002898,70
12,Structured,Logistic,addr_state_NH,structured,0.017906,0.003725,61
12,Structured,Logistic,addr_state_NJ,structured,0.043022,0.008951,30
12,Structured,Logistic,addr_state_NM,structured,0.013052,0.002715,71
12,Structured,Logistic,addr_state_NV,structured,0.034574,0.007193,36
12,Structured,Logistic,addr_state_NY,structured,0.034824,0.007245,35
12,Structured,Logistic,addr_state_OH,structured,0.005375,0.001118,101
12,Structured,Logistic,addr_state_OK,structured,0.010756,0.002238,80
12,Structured,Logistic,addr_state_OR,structured,0.008931,0.001858,87
12,Structured,Logistic,addr_state_PA,structured,0.006806,0.001416,96
12,Structured,Logistic,addr_state_RI,structured,0.006647,0.001383,97
12,Structured,Logistic,addr_state_SC,structured,0.016922,0.003521,64
12,Structured,Logistic,addr_state_SD,structured,0.012204,0.002539,74
12,Structured,Logistic,addr_state_TN,structured,0.007545,0.00157,91
12,Structured,Logistic,addr_state_TX,structured,0.037759,0.007856,31
12,Structured,Logistic,addr_state_UT,structured,0.006489,0.00135,98
12,Structured,Logistic,addr_state_VA,structured,0.004771,0.000993,103
12,Structured,Logistic,addr_state_VT,structured,0.011803,0.002455,75
12,Structured,Logistic,addr_state_WA,structured,0.000732,0.000152,123
12,Structured,Logistic,addr_state_WI,structured,0.001235,0.000257,121
12,Structured,Logistic,addr_state_WV,structured,0.031905,0.006638,40
12,Structured,Logistic,addr_state_WY,structured,0.034268,0.007129,37
12,Structured,Logistic,purpose_credit_card,structured,0.023876,0.004967,53
12,Structured,Logistic,purpose_debt_consolidation,structured,0.060842,0.012658,21
12,Structured,Logistic,purpose_educational,structured,0.012965,0.002697,72
12,Structured,Logistic,purpose_home_improvement,structured,0.030624,0.006371,42
12,Structured,Logistic,purpose_house,structured,0.018619,0.003873,60
12,Structured,Logistic,purpose_major_purchase,structured,0.002031,0.000422,118
12,Structured,Logistic,purpose_medical,structured,0.046085,0.009588,26
12,Structured,Logistic,purpose_moving,structured,0.035264,0.007336,34
12,Structured,Logistic,purpose_other,structured,0.088898,0.018495,12
12,Structured,Logistic,purpose_renewable_energy,structured,0.02827,0.005881,45
12,Structured,Logistic,purpose_vacation,structured,0.037487,0.007799,32
12,Structured,Logistic,purpose_wedding,structured,0.007024,0.001461,94
12,Structured,Logistic,home_ownership_NONE,structured,0.004303,0.000895,106
12,Structured,Logistic,home_ownership_OTHER,structured,0.011617,0.002417,78
12,Structured,Logistic,home_ownership_OWN,structured,0.008502,0.001769,89
12,Structured,Logistic,home_ownership_RENT,structured,0.02662,0.005538,49
12,Structured,Logistic,verification_status_Source Verified,structured,0.032577,0.006777,39
12,Structured,Logistic,verification_status_Verified,structured,0.002863,0.000596,115
12,Structured,Logistic,grade_ord,structured,0.025263,0.005256,51
12,Structured,Logistic,sub_grade_ord,structured,0.02768,0.005759,46
12,Structured,XGBoost,acc_now_delinq,structured,0.0,0.0,126
12,Structured,XGBoost,acc_open_past_24mths,structured,67.751686,0.011734,7
12,Structured,XGBoost,annual_inc,structured,98.964714,0.01714,5
12,Structured,XGBoost,avg_cur_bal,structured,33.00901,0.005717,46
12,Structured,XGBoost,bc_open_to_buy,structured,43.212128,0.007484,22
12,Structured,XGBoost,bc_util,structured,45.54604,0.007888,16
12,Structured,XGBoost,chargeoff_within_12_mths,structured,18.57864,0.003218,105
12,Structured,XGBoost,collections_12_mths_ex_med,structured,0.0,0.0,125
12,Structured,XGBoost,delinq_2yrs,structured,27.281445,0.004725,85
12,Structured,XGBoost,delinq_amnt,structured,0.0,0.0,124
12,Structured,XGBoost,dti,structured,48.351322,0.008374,12
12,Structured,XGBoost,emp_length,structured,45.297848,0.007845,17
12,Structured,XGBoost,inq_last_6mths,structured,65.34388,0.011317,8
12,Structured,XGBoost,int_rate,structured,449.960388,0.077932,2
12,Structured,XGBoost,loan_amnt,structured,40.603146,0.007032,25
12,Structured,XGBoost,mo_sin_old_il_acct,structured,31.013304,0.005371,59
12,Structured,XGBoost,mo_sin_old_rev_tl_op,structured,31.646818,0.005481,57
12,Structured,XGBoost,mo_sin_rcnt_rev_tl_op,structured,40.28875,0.006978,26
12,Structured,XGBoost,mo_sin_rcnt_tl,structured,48.4188,0.008386,11
12,Structured,XGBoost,mort_acc,structured,32.595196,0.005645,50
12,Structured,XGBoost,mths_since_last_delinq,structured,38.104309,0.0066,33
12,Structured,XGBoost,mths_since_last_major_derog,structured,28.595049,0.004953,79
12,Structured,XGBoost,mths_since_last_record,structured,30.10252,0.005214,67
12,Structured,XGBoost,mths_since_recent_bc,structured,44.78957,0.007757,20
12,Structured,XGBoost,mths_since_recent_bc_dlq,structured,31.695715,0.00549,56
12,Structured,XGBoost,mths_since_recent_inq,structured,38.087292,0.006597,34
12,Structured,XGBoost,mths_since_recent_revol_delinq,structured,33.524361,0.005806,44
12,Structured,XGBoost,num_accts_ever_120_pd,structured,25.690252,0.004449,93
12,Structured,XGBoost,num_actv_bc_tl,structured,27.90625,0.004833,83
12,Structured,XGBoost,num_actv_rev_tl,structured,36.350361,0.006296,36
12,Structured,XGBoost,num_bc_sats,structured,38.326023,0.006638,31
12,Structured,XGBoost,num_bc_tl,structured,25.66758,0.004446,94
12,Structured,XGBoost,num_il_tl,structured,41.840359,0.007247,23
12,Structured,XGBoost,num_op_rev_tl,structured,28.610975,0.004955,78
12,Structured,XGBoost,num_rev_accts,structured,30.11274,0.005215,66
12,Structured,XGBoost,num_tl_120dpd_2m,structured,0.0,0.0,123
12,Structured,XGBoost,num_tl_30dpd,structured,25.200031,0.004365,96
12,Structured,XGBoost,num_tl_90g_dpd_24m,structured,23.351973,0.004044,99
12,Structured,XGBoost,num_tl_op_past_12m,structured,30.747944,0.005325,61
12,Structured,XGBoost,open_acc,structured,28.861446,0.004999,77
12,Structured,XGBoost,pct_tl_nvr_dlq,structured,29.434828,0.005098,71
12,Structured,XGBoost,percent_bc_gt_75,structured,32.549343,0.005637,51
12,Structured,XGBoost,pub_rec,structured,0.0,0.0,122
12,Structured,XGBoost,pub_rec_bankruptcies,structured,32.925697,0.005703,48
12,Structured,XGBoost,revol_bal,structured,38.90007,0.006737,30
12,Structured,XGBoost,revol_util,structured,35.6259,0.00617,39
12,Structured,XGBoost,tax_liens,structured,22.906265,0.003967,101
12,Structured,XGBoost,term,structured,304.922424,0.052812,4
12,Structured,XGBoost,tot_coll_amt,structured,28.392256,0.004917,81
12,Structured,XGBoost,tot_cur_bal,structured,29.790922,0.00516,69
12,Structured,XGBoost,total_acc,structured,33.282684,0.005764,45
12,Structured,XGBoost,total_bal_ex_mort,structured,31.700312,0.00549,55
12,Structured,XGBoost,total_bc_limit,structured,39.326809,0.006811,27
12,Structured,XGBoost,total_il_high_credit_limit,structured,39.220428,0.006793,28
12,Structured,XGBoost,total_rev_hi_lim,structured,30.821934,0.005338,60
12,Structured,XGBoost,fico_midpoint,structured,45.238102,0.007835,18
12,Structured,XGBoost,credit_history_months,structured,35.017292,0.006065,41
12,Structured,XGBoost,initial_list_status_w,structured,23.04377,0.003991,100
12,Structured,XGBoost,addr_state_AL,structured,0.0,0.0,121
12,Structured,XGBoost,addr_state_AR,structured,26.589924,0.004605,91
12,Structured,XGBoost,addr_state_AZ,structured,32.934677,0.005704,47
12,Structured,XGBoost,addr_state_CA,structured,38.027245,0.006586,35
12,Structured,XGBoost,addr_state_CO,structured,32.722469,0.005667,49
12,Structured,XGBoost,addr_state_CT,structured,32.448818,0.00562,52
12,Structured,XGBoost,addr_state_DC,structured,47.077847,0.008154,13
12,Structured,XGBoost,addr_state_DE,structured,0.0,0.0,111
12,Structured,XGBoost,addr_state_FL,structured,43.911922,0.007605,21
12,Structured,XGBoost,addr_state_GA,structured,29.957872,0.005189,68
12,Structured,XGBoost,addr_state_HI,structured,0.0,0.0,114
12,Structured,XGBoost,addr_state_IA,structured,0.0,0.0,113
12,Structured,XGBoost,addr_state_ID,structured,0.0,0.0,112
12,Structured,XGBoost,addr_state_IL,structured,35.405712,0.006132,40
12,Structured,XGBoost,addr_state_IN,structured,22.224846,0.003849,102
12,Structured,XGBoost,addr_state_KS,structured,30.609735,0.005302,62
12,Structured,XGBoost,addr_state_KY,structured,0.0,0.0,115
12,Structured,XGBoost,addr_state_LA,structured,0.0,0.0,116
12,Structured,XGBoost,addr_state_MA,structured,27.580908,0.004777,84
12,Structured,XGBoost,addr_state_MD,structured,24.928621,0.004318,97
12,Structured,XGBoost,addr_state_MI,structured,26.947624,0.004667,88
12,Structured,XGBoost,addr_state_MN,structured,36.092136,0.006251,37
12,Structured,XGBoost,addr_state_MO,structured,0.0,0.0,118
12,Structured,XGBoost,addr_state_MS,structured,0.0,0.0,117
12,Structured,XGBoost,addr_state_MT,structured,28.408888,0.00492,80
12,Structured,XGBoost,addr_state_NC,structured,30.267921,0.005242,65
12,Structured,XGBoost,addr_state_NE,structured,0.0,0.0,120
12,Structured,XGBoost,addr_state_NH,structured,29.370869,0.005087,72
12,Structured,XGBoost,addr_state_NJ,structured,40.801399,0.007067,24
12,Structured,XGBoost,addr_state_NM,structured,44.81559,0.007762,19
12,Structured,XGBoost,addr_state_NV,structured,35.78273,0.006197,38
12,Structured,XGBoost,addr_state_NY,structured,30.317854,0.005251,64
12,Structured,XGBoost,addr_state_OH,structured,0.0,0.0,119
12,Structured,XGBoost,addr_state_OK,structured,26.351938,0.004564,92
12,Structured,XGBoost,addr_state_OR,structured,27.916374,0.004835,82
12,Structured,XGBoost,addr_state_PA,structured,31.847431,0.005516,54
12,Structured,XGBoost,addr_state_RI,structured,0.0,0.0,106
12,Structured,XGBoost,addr_state_SC,structured,27.201769,0.004711,86
12,Structured,XGBoost,addr_state_SD,structured,25.396435,0.004399,95
12,Structured,XGBoost,addr_state_TN,structured,24.852875,0.004304,98
12,Structured,XGBoost,addr_state_TX,structured,49.123898,0.008508,9
12,Structured,XGBoost,addr_state_UT,structured,31.021635,0.005373,58
12,Structured,XGBoost,addr_state_VA,structured,29.228409,0.005062,73
12,Structured,XGBoost,addr_state_VT,structured,21.839149,0.003782,104
12,Structured,XGBoost,addr_state_WA,structured,46.641933,0.008078,14
12,Structured,XGBoost,addr_state_WI,structured,0.0,0.0,110
12,Structured,XGBoost,addr_state_WV,structured,34.118351,0.005909,43
12,Structured,XGBoost,addr_state_WY,structured,38.16856,0.006611,32
12,Structured,XGBoost,purpose_credit_card,structured,68.718414,0.011902,6
12,Structured,XGBoost,purpose_debt_consolidation,structured,49.042034,0.008494,10
12,Structured,XGBoost,purpose_educational,structured,0.0,0.0,109
12,Structured,XGBoost,purpose_home_improvement,structured,26.616192,0.00461,89
12,Structured,XGBoost,purpose_house,structured,29.210598,0.005059,74
12,Structured,XGBoost,purpose_major_purchase,structured,30.422949,0.005269,63
12,Structured,XGBoost,purpose_medical,structured,26.961342,0.00467,87
12,Structured,XGBoost,purpose_moving,structured,21.841103,0.003783,103
12,Structured,XGBoost,purpose_other,structured,46.408085,0.008038,15
12,Structured,XGBoost,purpose_renewable_energy,structured,32.066963,0.005554,53
12,Structured,XGBoost,purpose_vacation,structured,29.09693,0.00504,75
12,Structured,XGBoost,purpose_wedding,structured,29.675703,0.00514,70
12,Structured,XGBoost,home_ownership_NONE,structured,0.0,0.0,107
12,Structured,XGBoost,home_ownership_OTHER,structured,0.0,0.0,108
12,Structured,XGBoost,home_ownership_OWN,structured,26.59691,0.004607,90
12,Structured,XGBoost,home_ownership_RENT,structured,39.198601,0.006789,29
12,Structured,XGBoost,verification_status_Source Verified,structured,28.986618,0.00502,76
12,Structured,XGBoost,verification_status_Verified,structured,34.698414,0.00601,42
12,Structured,XGBoost,grade_ord,structured,1100.137939,0.190541,1
12,Structured,XGBoost,sub_grade_ord,structured,404.629608,0.070081,3
12,Structured,RandomForest,acc_now_delinq,structured,2e-06,2e-06,112
12,Structured,RandomForest,acc_open_past_24mths,structured,0.015465,0.015465,23
12,Structured,RandomForest,annual_inc,structured,0.053878,0.053878,3
12,Structured,RandomForest,avg_cur_bal,structured,0.016777,0.016777,20
12,Structured,RandomForest,bc_open_to_buy,structured,0.023685,0.023685,13
12,Structured,RandomForest,bc_util,structured,0.022065,0.022065,14
12,Structured,RandomForest,chargeoff_within_12_mths,structured,1e-06,1e-06,114
12,Structured,RandomForest,collections_12_mths_ex_med,structured,0.0,0.0,126
12,Structured,RandomForest,delinq_2yrs,structured,0.001805,0.001805,53
12,Structured,RandomForest,delinq_amnt,structured,0.0,0.0,125
12,Structured,RandomForest,dti,structured,0.041065,0.041065,5
12,Structured,RandomForest,emp_length,structured,0.017427,0.017427,19
12,Structured,RandomForest,inq_last_6mths,structured,0.01239,0.01239,30
12,Structured,RandomForest,int_rate,structured,0.082747,0.082747,1
12,Structured,RandomForest,loan_amnt,structured,0.034631,0.034631,9
12,Structured,RandomForest,mo_sin_old_il_acct,structured,0.014221,0.014221,28
12,Structured,RandomForest,mo_sin_old_rev_tl_op,structured,0.014677,0.014677,26
12,Structured,RandomForest,mo_sin_rcnt_rev_tl_op,structured,0.012164,0.012164,31
12,Structured,RandomForest,mo_sin_rcnt_tl,structured,0.011163,0.011163,32
12,Structured,RandomForest,mort_acc,structured,0.007055,0.007055,39
12,Structured,RandomForest,mths_since_last_delinq,structured,0.015186,0.015186,24
12,Structured,RandomForest,mths_since_last_major_derog,structured,0.002872,0.002872,50
12,Structured,RandomForest,mths_since_last_record,structured,0.002263,0.002263,52
12,Structured,RandomForest,mths_since_recent_bc,structured,0.019957,0.019957,17
12,Structured,RandomForest,mths_since_recent_bc_dlq,structured,0.003955,0.003955,48
12,Structured,RandomForest,mths_since_recent_inq,structured,0.015587,0.015587,22
12,Structured,RandomForest,mths_since_recent_revol_delinq,structured,0.006538,0.006538,40
12,Structured,RandomForest,num_accts_ever_120_pd,structured,0.001206,0.001206,59
12,Structured,RandomForest,num_actv_bc_tl,structured,0.005838,0.005838,43
12,Structured,RandomForest,num_actv_rev_tl,structured,0.007174,0.007174,38
12,Structured,RandomForest,num_bc_sats,structured,0.008507,0.008507,36
12,Structured,RandomForest,num_bc_tl,structured,0.008654,0.008654,35
12,Structured,RandomForest,num_il_tl,structured,0.010139,0.010139,33
12,Structured,RandomForest,num_op_rev_tl,structured,0.007625,0.007625,37
12,Structured,RandomForest,num_rev_accts,structured,0.010002,0.010002,34
12,Structured,RandomForest,num_tl_120dpd_2m,structured,0.0,0.0,123
12,Structured,RandomForest,num_tl_30dpd,structured,0.0,0.0,124
12,Structured,RandomForest,num_tl_90g_dpd_24m,structured,0.000132,0.000132,84
12,Structured,RandomForest,num_tl_op_past_12m,structured,0.006027,0.006027,41
12,Structured,RandomForest,open_acc,structured,0.017611,0.017611,18
12,Structured,RandomForest,pct_tl_nvr_dlq,structured,0.006014,0.006014,42
12,Structured,RandomForest,percent_bc_gt_75,structured,0.013098,0.013098,29
12,Structured,RandomForest,pub_rec,structured,0.000796,0.000796,63
12,Structured,RandomForest,pub_rec_bankruptcies,structured,0.000714,0.000714,64
12,Structured,RandomForest,revol_bal,structured,0.033325,0.033325,10
12,Structured,RandomForest,revol_util,structured,0.038214,0.038214,6
12,Structured,RandomForest,tax_liens,structured,9e-06,9e-06,105
12,Structured,RandomForest,term,structured,0.038148,0.038148,7
12,Structured,RandomForest,tot_coll_amt,structured,0.000989,0.000989,61
12,Structured,RandomForest,tot_cur_bal,structured,0.016137,0.016137,21
12,Structured,RandomForest,total_acc,structured,0.024359,0.024359,12
12,Structured,RandomForest,total_bal_ex_mort,structured,0.021827,0.021827,15
12,Structured,RandomForest,total_bc_limit,structured,0.021008,0.021008,16
12,Structured,RandomForest,total_il_high_credit_limit,structured,0.014231,0.014231,27
12,Structured,RandomForest,total_rev_hi_lim,structured,0.014737,0.014737,25
12,Structured,RandomForest,fico_midpoint,structured,0.034814,0.034814,8
12,Structured,RandomForest,credit_history_months,structured,0.031879,0.031879,11
12,Structured,RandomForest,initial_list_status_w,structured,0.001321,0.001321,58
12,Structured,RandomForest,addr_state_AL,structured,6.6e-05,6.6e-05,90
12,Structured,RandomForest,addr_state_AR,structured,2.5e-05,2.5e-05,100
12,Structured,RandomForest,addr_state_AZ,structured,0.000261,0.000261,73
12,Structured,RandomForest,addr_state_CA,structured,0.002565,0.002565,51
12,Structured,RandomForest,addr_state_CO,structured,0.000197,0.000197,80
12,Structured,RandomForest,addr_state_CT,structured,0.000119,0.000119,86
12,Structured,RandomForest,addr_state_DC,structured,4.3e-05,4.3e-05,94
12,Structured,RandomForest,addr_state_DE,structured,5e-06,5e-06,108
12,Structured,RandomForest,addr_state_FL,structured,0.00146,0.00146,56
12,Structured,RandomForest,addr_state_GA,structured,0.000371,0.000371,69
12,Structured,RandomForest,addr_state_HI,structured,4e-06,4e-06,109
12,Structured,RandomForest,addr_state_IA,structured,0.0,0.0,120
12,Structured,RandomForest,addr_state_ID,structured,0.0,0.0,119
12,Structured,RandomForest,addr_state_IL,structured,0.000705,0.000705,65
12,Structured,RandomForest,addr_state_IN,structured,2.8e-05,2.8e-05,99
12,Structured,RandomForest,addr_state_KS,structured,5.2e-05,5.2e-05,93
12,Structured,RandomForest,addr_state_KY,structured,3.1e-05,3.1e-05,97
12,Structured,RandomForest,addr_state_LA,structured,6.4e-05,6.4e-05,91
12,Structured,RandomForest,addr_state_MA,structured,0.000311,0.000311,71
12,Structured,RandomForest,addr_state_MD,structured,0.000219,0.000219,79
12,Structured,RandomForest,addr_state_MI,structured,0.000184,0.000184,81
12,Structured,RandomForest,addr_state_MN,structured,0.000147,0.000147,83
12,Structured,RandomForest,addr_state_MO,structured,0.00011,0.00011,87
12,Structured,RandomForest,addr_state_MS,structured,0.0,0.0,122
12,Structured,RandomForest,addr_state_MT,structured,3e-06,3e-06,110
12,Structured,RandomForest,addr_state_NC,structured,0.000248,0.000248,75
12,Structured,RandomForest,addr_state_NE,structured,0.0,0.0,121
12,Structured,RandomForest,addr_state_NH,structured,1.2e-05,1.2e-05,104
12,Structured,RandomForest,addr_state_NJ,structured,0.000621,0.000621,66
12,Structured,RandomForest,addr_state_NM,structured,2.2e-05,2.2e-05,101
12,Structured,RandomForest,addr_state_NV,structured,0.000231,0.000231,78
12,Structured,RandomForest,addr_state_NY,structured,0.001452,0.001452,57
12,Structured,RandomForest,addr_state_OH,structured,0.000282,0.000282,72
12,Structured,RandomForest,addr_state_OK,structured,3.8e-05,3.8e-05,95
12,Structured,RandomForest,addr_state_OR,structured,8e-05,8e-05,88
12,Structured,RandomForest,addr_state_PA,structured,0.000397,0.000397,68
12,Structured,RandomForest,addr_state_RI,structured,9e-06,9e-06,106
12,Structured,RandomForest,addr_state_SC,structured,7.2e-05,7.2e-05,89
12,Structured,RandomForest,addr_state_SD,structured,1e-06,1e-06,113
12,Structured,RandomForest,addr_state_TN,structured,7e-06,7e-06,107
12,Structured,RandomForest,addr_state_TX,structured,0.001486,0.001486,55
12,Structured,RandomForest,addr_state_UT,structured,2.8e-05,2.8e-05,98
12,Structured,RandomForest,addr_state_VA,structured,0.000337,0.000337,70
12,Structured,RandomForest,addr_state_VT,structured,0.0,0.0,117
12,Structured,RandomForest,addr_state_WA,structured,0.000251,0.000251,74
12,Structured,RandomForest,addr_state_WI,structured,5.6e-05,5.6e-05,92
12,Structured,RandomForest,addr_state_WV,structured,1.8e-05,1.8e-05,102
12,Structured,RandomForest,addr_state_WY,structured,3e-06,3e-06,111
12,Structured,RandomForest,purpose_credit_card,structured,0.004093,0.004093,47
12,Structured,RandomForest,purpose_debt_consolidation,structured,0.004987,0.004987,45
12,Structured,RandomForest,purpose_educational,structured,0.0,0.0,115
12,Structured,RandomForest,purpose_home_improvement,structured,0.000924,0.000924,62
12,Structured,RandomForest,purpose_house,structured,3.5e-05,3.5e-05,96
12,Structured,RandomForest,purpose_major_purchase,structured,0.000551,0.000551,67
12,Structured,RandomForest,purpose_medical,structured,0.000153,0.000153,82
12,Structured,RandomForest,purpose_moving,structured,0.000242,0.000242,77
12,Structured,RandomForest,purpose_other,structured,0.001506,0.001506,54
12,Structured,RandomForest,purpose_renewable_energy,structured,1.5e-05,1.5e-05,103
12,Structured,RandomForest,purpose_vacation,structured,0.000129,0.000129,85
12,Structured,RandomForest,purpose_wedding,structured,0.000243,0.000243,76
12,Structured,RandomForest,home_ownership_NONE,structured,0.0,0.0,116
12,Structured,RandomForest,home_ownership_OTHER,structured,0.0,0.0,118
12,Structured,RandomForest,home_ownership_OWN,structured,0.001088,0.001088,60
12,Structured,RandomForest,home_ownership_RENT,structured,0.004769,0.004769,46
12,Structured,RandomForest,verification_status_Source Verified,structured,0.003067,0.003067,49
12,Structured,RandomForest,verification_status_Verified,structured,0.005618,0.005618,44
12,Structured,RandomForest,grade_ord,structured,0.053799,0.053799,4
12,Structured,RandomForest,sub_grade_ord,structured,0.06405,0.06405,2
12,Structured+Lexicon,Logistic,acc_now_delinq,structured,0.028761,0.005842,46
12,Structured+Lexicon,Logistic,acc_open_past_24mths,structured,0.16127,0.032758,9
12,Structured+Lexicon,Logistic,annual_inc,structured,0.294915,0.059905,1
12,Structured+Lexicon,Logistic,avg_cur_bal,structured,0.02224,0.004518,56
12,Structured+Lexicon,Logistic,bc_open_to_buy,structured,0.259676,0.052747,4
12,Structured+Lexicon,Logistic,bc_util,structured,0.189207,0.038433,7
12,Structured+Lexicon,Logistic,chargeoff_within_12_mths,structured,0.003359,0.000682,117
12,Structured+Lexicon,Logistic,collections_12_mths_ex_med,structured,0.002959,0.000601,118
12,Structured+Lexicon,Logistic,delinq_2yrs,structured,0.025129,0.005104,52
12,Structured+Lexicon,Logistic,delinq_amnt,structured,0.007872,0.001599,96
12,Structured+Lexicon,Logistic,dti,structured,0.079997,0.016249,13
12,Structured+Lexicon,Logistic,emp_length,structured,0.004661,0.000947,108
12,Structured+Lexicon,Logistic,inq_last_6mths,structured,0.124162,0.02522,10
12,Structured+Lexicon,Logistic,int_rate,structured,0.263927,0.05361,3
12,Structured+Lexicon,Logistic,loan_amnt,structured,0.174489,0.035443,8
12,Structured+Lexicon,Logistic,mo_sin_old_il_acct,structured,0.004895,0.000994,107
12,Structured+Lexicon,Logistic,mo_sin_old_rev_tl_op,structured,0.066893,0.013588,19
12,Structured+Lexicon,Logistic,mo_sin_rcnt_rev_tl_op,structured,0.009036,0.001836,91
12,Structured+Lexicon,Logistic,mo_sin_rcnt_tl,structured,0.009003,0.001829,92
12,Structured+Lexicon,Logistic,mort_acc,structured,0.006086,0.001236,103
12,Structured+Lexicon,Logistic,mths_since_last_delinq,structured,0.050397,0.010237,24
12,Structured+Lexicon,Logistic,mths_since_last_major_derog,structured,0.021062,0.004278,59
12,Structured+Lexicon,Logistic,mths_since_last_record,structured,0.016867,0.003426,68
12,Structured+Lexicon,Logistic,mths_since_recent_bc,structured,0.225078,0.045719,5
12,Structured+Lexicon,Logistic,mths_since_recent_bc_dlq,structured,0.009884,0.002008,89
12,Structured+Lexicon,Logistic,mths_since_recent_inq,structured,0.057294,0.011638,22
12,Structured+Lexicon,Logistic,mths_since_recent_revol_delinq,structured,0.010765,0.002187,84
12,Structured+Lexicon,Logistic,num_accts_ever_120_pd,structured,0.028293,0.005747,47
12,Structured+Lexicon,Logistic,num_actv_bc_tl,structured,0.024123,0.0049,55
12,Structured+Lexicon,Logistic,num_actv_rev_tl,structured,0.061962,0.012586,21
12,Structured+Lexicon,Logistic,num_bc_sats,structured,0.039714,0.008067,31
12,Structured+Lexicon,Logistic,num_bc_tl,structured,0.070552,0.014331,16
12,Structured+Lexicon,Logistic,num_il_tl,structured,0.076107,0.015459,14
12,Structured+Lexicon,Logistic,num_op_rev_tl,structured,0.000348,7.1e-05,129
12,Structured+Lexicon,Logistic,num_rev_accts,structured,0.06255,0.012705,20
12,Structured+Lexicon,Logistic,num_tl_120dpd_2m,structured,0.004325,0.000879,112
12,Structured+Lexicon,Logistic,num_tl_30dpd,structured,0.043973,0.008932,29
12,Structured+Lexicon,Logistic,num_tl_90g_dpd_24m,structured,0.006755,0.001372,100
12,Structured+Lexicon,Logistic,num_tl_op_past_12m,structured,0.045742,0.009291,26
12,Structured+Lexicon,Logistic,open_acc,structured,0.017537,0.003562,65
12,Structured+Lexicon,Logistic,pct_tl_nvr_dlq,structured,0.031269,0.006352,44
12,Structured+Lexicon,Logistic,percent_bc_gt_75,structured,0.048648,0.009882,25
12,Structured+Lexicon,Logistic,pub_rec,structured,0.010266,0.002085,87
12,Structured+Lexicon,Logistic,pub_rec_bankruptcies,structured,0.00603,0.001225,104
12,Structured+Lexicon,Logistic,revol_bal,structured,0.072296,0.014685,15
12,Structured+Lexicon,Logistic,revol_util,structured,0.121772,0.024735,11
12,Structured+Lexicon,Logistic,tax_liens,structured,0.011851,0.002407,78
12,Structured+Lexicon,Logistic,term,structured,0.269391,0.05472,2
12,Structured+Lexicon,Logistic,tot_coll_amt,structured,0.006669,0.001355,101
12,Structured+Lexicon,Logistic,tot_cur_bal,structured,0.02105,0.004276,60
12,Structured+Lexicon,Logistic,total_acc,structured,0.032942,0.006691,41
12,Structured+Lexicon,Logistic,total_bal_ex_mort,structured,0.018535,0.003765,63
12,Structured+Lexicon,Logistic,total_bc_limit,structured,0.015732,0.003196,71
12,Structured+Lexicon,Logistic,total_il_high_credit_limit,structured,0.011357,0.002307,83
12,Structured+Lexicon,Logistic,total_rev_hi_lim,structured,0.031186,0.006335,45
12,Structured+Lexicon,Logistic,fico_midpoint,structured,0.198057,0.04023,6
12,Structured+Lexicon,Logistic,credit_history_months,structured,0.07049,0.014318,17
12,Structured+Lexicon,Logistic,initial_list_status_w,structured,0.015391,0.003126,72
12,Structured+Lexicon,Logistic,addr_state_AL,structured,0.010088,0.002049,88
12,Structured+Lexicon,Logistic,addr_state_AR,structured,0.000143,2.9e-05,132
12,Structured+Lexicon,Logistic,addr_state_AZ,structured,0.001717,0.000349,124
12,Structured+Lexicon,Logistic,addr_state_CA,structured,0.027575,0.005601,50
12,Structured+Lexicon,Logistic,addr_state_CO,structured,0.019453,0.003951,61
12,Structured+Lexicon,Logistic,addr_state_CT,structured,0.003448,0.0007,116
12,Structured+Lexicon,Logistic,addr_state_DC,structured,0.054456,0.011061,23
12,Structured+Lexicon,Logistic,addr_state_DE,structured,0.00258,0.000524,120
12,Structured+Lexicon,Logistic,addr_state_FL,structured,0.045287,0.009199,28
12,Structured+Lexicon,Logistic,addr_state_GA,structured,0.004502,0.000914,110
12,Structured+Lexicon,Logistic,addr_state_HI,structured,0.002424,0.000492,121
12,Structured+Lexicon,Logistic,addr_state_IA,structured,0.0086,0.001747,95
12,Structured+Lexicon,Logistic,addr_state_ID,structured,0.0,0.0,133
12,Structured+Lexicon,Logistic,addr_state_IL,structured,0.024655,0.005008,53
12,Structured+Lexicon,Logistic,addr_state_IN,structured,0.015334,0.003115,73
12,Structured+Lexicon,Logistic,addr_state_KS,structured,0.021087,0.004283,58
12,Structured+Lexicon,Logistic,addr_state_KY,structured,0.000467,9.5e-05,128
12,Structured+Lexicon,Logistic,addr_state_LA,structured,0.004641,0.000943,109
12,Structured+Lexicon,Logistic,addr_state_MA,structured,0.010346,0.002102,86
12,Structured+Lexicon,Logistic,addr_state_MD,structured,0.011563,0.002349,82
12,Structured+Lexicon,Logistic,addr_state_MI,structured,0.003794,0.000771,115
12,Structured+Lexicon,Logistic,addr_state_MN,structured,0.017192,0.003492,66
12,Structured+Lexicon,Logistic,addr_state_MO,structured,0.003949,0.000802,114
12,Structured+Lexicon,Logistic,addr_state_MS,structured,0.000975,0.000198,126
12,Structured+Lexicon,Logistic,addr_state_MT,structured,0.016543,0.00336,70
12,Structured+Lexicon,Logistic,addr_state_NC,structured,0.002423,0.000492,122
12,Structured+Lexicon,Logistic,addr_state_NE,structured,0.013856,0.002814,74
12,Structured+Lexicon,Logistic,addr_state_NH,structured,0.017607,0.003576,64
12,Structured+Lexicon,Logistic,addr_state_NJ,structured,0.04311,0.008757,30
12,Structured+Lexicon,Logistic,addr_state_NM,structured,0.013048,0.00265,75
12,Structured+Lexicon,Logistic,addr_state_NV,structured,0.034329,0.006973,37
12,Structured+Lexicon,Logistic,addr_state_NY,structured,0.034263,0.00696,38
12,Structured+Lexicon,Logistic,addr_state_OH,structured,0.005272,0.001071,106
12,Structured+Lexicon,Logistic,addr_state_OK,structured,0.010723,0.002178,85
12,Structured+Lexicon,Logistic,addr_state_OR,structured,0.008631,0.001753,94
12,Structured+Lexicon,Logistic,addr_state_PA,structured,0.006511,0.001323,102
12,Structured+Lexicon,Logistic,addr_state_RI,structured,0.006861,0.001394,99
12,Structured+Lexicon,Logistic,addr_state_SC,structured,0.01669,0.00339,69
12,Structured+Lexicon,Logistic,addr_state_SD,structured,0.011682,0.002373,80
12,Structured+Lexicon,Logistic,addr_state_TN,structured,0.007017,0.001425,98
12,Structured+Lexicon,Logistic,addr_state_TX,structured,0.038369,0.007794,33
12,Structured+Lexicon,Logistic,addr_state_UT,structured,0.005792,0.001176,105
12,Structured+Lexicon,Logistic,addr_state_VA,structured,0.004371,0.000888,111
12,Structured+Lexicon,Logistic,addr_state_VT,structured,0.012047,0.002447,77
12,Structured+Lexicon,Logistic,addr_state_WA,structured,0.00025,5.1e-05,131
12,Structured+Lexicon,Logistic,addr_state_WI,structured,0.001474,0.000299,125
12,Structured+Lexicon,Logistic,addr_state_WV,structured,0.031994,0.006499,43
12,Structured+Lexicon,Logistic,addr_state_WY,structured,0.034389,0.006985,36
12,Structured+Lexicon,Logistic,purpose_credit_card,structured,0.018574,0.003773,62
12,Structured+Lexicon,Logistic,purpose_debt_consolidation,structured,0.067162,0.013642,18
12,Structured+Lexicon,Logistic,purpose_educational,structured,0.012872,0.002615,76
12,Structured+Lexicon,Logistic,purpose_home_improvement,structured,0.024243,0.004924,54
12,Structured+Lexicon,Logistic,purpose_house,structured,0.016946,0.003442,67
12,Structured+Lexicon,Logistic,purpose_major_purchase,structured,0.000902,0.000183,127
12,Structured+Lexicon,Logistic,purpose_medical,structured,0.039198,0.007962,32
12,Structured+Lexicon,Logistic,purpose_moving,structured,0.034127,0.006932,39
12,Structured+Lexicon,Logistic,purpose_other,structured,0.085055,0.017277,12
12,Structured+Lexicon,Logistic,purpose_renewable_energy,structured,0.027829,0.005653,48
12,Structured+Lexicon,Logistic,purpose_vacation,structured,0.036393,0.007392,35
12,Structured+Lexicon,Logistic,purpose_wedding,structured,0.008632,0.001753,93
12,Structured+Lexicon,Logistic,home_ownership_NONE,structured,0.00431,0.000876,113
12,Structured+Lexicon,Logistic,home_ownership_OTHER,structured,0.011721,0.002381,79
12,Structured+Lexicon,Logistic,home_ownership_OWN,structured,0.007808,0.001586,97
12,Structured+Lexicon,Logistic,home_ownership_RENT,structured,0.027711,0.005629,49
12,Structured+Lexicon,Logistic,verification_status_Source Verified,structured,0.03226,0.006553,42
12,Structured+Lexicon,Logistic,verification_status_Verified,structured,0.002218,0.000451,123
12,Structured+Lexicon,Logistic,grade_ord,structured,0.02626,0.005334,51
12,Structured+Lexicon,Logistic,sub_grade_ord,structured,0.009607,0.001951,90
12,Structured+Lexicon,Logistic,risk_word_count,lexicon,0.034051,0.006917,40
12,Structured+Lexicon,Logistic,risk_word_density,lexicon,0.021293,0.004325,57
12,Structured+Lexicon,Logistic,risk_word_flag,lexicon,0.002581,0.000524,119
12,Structured+Lexicon,Logistic,distress_debt_pressure_count,lexicon,0.04538,0.009218,27
12,Structured+Lexicon,Logistic,distress_liquidity_shortage_count,lexicon,0.011652,0.002367,81
12,Structured+Lexicon,Logistic,distress_medical_life_shock_count,lexicon,0.037617,0.007641,34
12,Structured+Lexicon,Logistic,distress_refinancing_burden_count,lexicon,0.000336,6.8e-05,130
12,Structured+Lexicon,XGBoost,acc_now_delinq,structured,0.0,0.0,133
12,Structured+Lexicon,XGBoost,acc_open_past_24mths,structured,70.19381,0.011159,7
12,Structured+Lexicon,XGBoost,annual_inc,structured,100.59024,0.015991,5
12,Structured+Lexicon,XGBoost,avg_cur_bal,structured,35.123047,0.005584,45
12,Structured+Lexicon,XGBoost,bc_open_to_buy,structured,42.450676,0.006748,26
12,Structured+Lexicon,XGBoost,bc_util,structured,46.060547,0.007322,18
12,Structured+Lexicon,XGBoost,chargeoff_within_12_mths,structured,18.980291,0.003017,113
12,Structured+Lexicon,XGBoost,collections_12_mths_ex_med,structured,0.0,0.0,132
12,Structured+Lexicon,XGBoost,delinq_2yrs,structured,31.14653,0.004951,72
12,Structured+Lexicon,XGBoost,delinq_amnt,structured,0.0,0.0,131
12,Structured+Lexicon,XGBoost,dti,structured,47.992428,0.007629,14
12,Structured+Lexicon,XGBoost,emp_length,structured,49.330029,0.007842,11
12,Structured+Lexicon,XGBoost,inq_last_6mths,structured,67.49144,0.010729,8
12,Structured+Lexicon,XGBoost,int_rate,structured,423.272736,0.067288,2
12,Structured+Lexicon,XGBoost,loan_amnt,structured,43.270226,0.006879,23
12,Structured+Lexicon,XGBoost,mo_sin_old_il_acct,structured,32.873238,0.005226,57
12,Structured+Lexicon,XGBoost,mo_sin_old_rev_tl_op,structured,29.498648,0.004689,82
12,Structured+Lexicon,XGBoost,mo_sin_rcnt_rev_tl_op,structured,39.568058,0.00629,32
12,Structured+Lexicon,XGBoost,mo_sin_rcnt_tl,structured,50.963196,0.008102,10
12,Structured+Lexicon,XGBoost,mort_acc,structured,33.470158,0.005321,54
12,Structured+Lexicon,XGBoost,mths_since_last_delinq,structured,38.264652,0.006083,36
12,Structured+Lexicon,XGBoost,mths_since_last_major_derog,structured,26.114929,0.004152,97
12,Structured+Lexicon,XGBoost,mths_since_last_record,structured,31.263691,0.00497,69
12,Structured+Lexicon,XGBoost,mths_since_recent_bc,structured,46.085167,0.007326,17
12,Structured+Lexicon,XGBoost,mths_since_recent_bc_dlq,structured,34.101311,0.005421,48
12,Structured+Lexicon,XGBoost,mths_since_recent_inq,structured,36.777397,0.005847,41
12,Structured+Lexicon,XGBoost,mths_since_recent_revol_delinq,structured,32.412148,0.005153,62
12,Structured+Lexicon,XGBoost,num_accts_ever_120_pd,structured,28.359037,0.004508,90
12,Structured+Lexicon,XGBoost,num_actv_bc_tl,structured,33.233807,0.005283,56
12,Structured+Lexicon,XGBoost,num_actv_rev_tl,structured,32.596054,0.005182,60
12,Structured+Lexicon,XGBoost,num_bc_sats,structured,38.697044,0.006152,35
12,Structured+Lexicon,XGBoost,num_bc_tl,structured,23.786921,0.003781,108
12,Structured+Lexicon,XGBoost,num_il_tl,structured,42.901031,0.00682,25
12,Structured+Lexicon,XGBoost,num_op_rev_tl,structured,24.748032,0.003934,104
12,Structured+Lexicon,XGBoost,num_rev_accts,structured,29.018738,0.004613,86
12,Structured+Lexicon,XGBoost,num_tl_120dpd_2m,structured,0.0,0.0,130
12,Structured+Lexicon,XGBoost,num_tl_30dpd,structured,29.302181,0.004658,84
12,Structured+Lexicon,XGBoost,num_tl_90g_dpd_24m,structured,39.730804,0.006316,30
12,Structured+Lexicon,XGBoost,num_tl_op_past_12m,structured,31.907028,0.005072,67
12,Structured+Lexicon,XGBoost,open_acc,structured,30.850958,0.004904,73
12,Structured+Lexicon,XGBoost,pct_tl_nvr_dlq,structured,29.285702,0.004656,85
12,Structured+Lexicon,XGBoost,percent_bc_gt_75,structured,31.734118,0.005045,68
12,Structured+Lexicon,XGBoost,pub_rec,structured,30.067839,0.00478,79
12,Structured+Lexicon,XGBoost,pub_rec_bankruptcies,structured,35.126469,0.005584,44
12,Structured+Lexicon,XGBoost,revol_bal,structured,39.486027,0.006277,33
12,Structured+Lexicon,XGBoost,revol_util,structured,36.971039,0.005877,40
12,Structured+Lexicon,XGBoost,tax_liens,structured,25.412148,0.00404,102
12,Structured+Lexicon,XGBoost,term,structured,305.607117,0.048583,4
12,Structured+Lexicon,XGBoost,tot_coll_amt,structured,30.040789,0.004776,80
12,Structured+Lexicon,XGBoost,tot_cur_bal,structured,30.128077,0.00479,78
12,Structured+Lexicon,XGBoost,total_acc,structured,34.349907,0.005461,47
12,Structured+Lexicon,XGBoost,total_bal_ex_mort,structured,32.770916,0.00521,58
12,Structured+Lexicon,XGBoost,total_bc_limit,structured,41.344215,0.006573,27
12,Structured+Lexicon,XGBoost,total_il_high_credit_limit,structured,39.124222,0.00622,34
12,Structured+Lexicon,XGBoost,total_rev_hi_lim,structured,35.200436,0.005596,43
12,Structured+Lexicon,XGBoost,fico_midpoint,structured,44.74844,0.007114,21
12,Structured+Lexicon,XGBoost,credit_history_months,structured,37.02972,0.005887,39
12,Structured+Lexicon,XGBoost,initial_list_status_w,structured,32.048859,0.005095,65
12,Structured+Lexicon,XGBoost,addr_state_AL,structured,0.0,0.0,129
12,Structured+Lexicon,XGBoost,addr_state_AR,structured,20.858717,0.003316,112
12,Structured+Lexicon,XGBoost,addr_state_AZ,structured,35.694931,0.005674,42
12,Structured+Lexicon,XGBoost,addr_state_CA,structured,39.863678,0.006337,29
12,Structured+Lexicon,XGBoost,addr_state_CO,structured,33.953308,0.005398,52
12,Structured+Lexicon,XGBoost,addr_state_CT,structured,24.583645,0.003908,105
12,Structured+Lexicon,XGBoost,addr_state_DC,structured,48.657875,0.007735,12
12,Structured+Lexicon,XGBoost,addr_state_DE,structured,25.721573,0.004089,100
12,Structured+Lexicon,XGBoost,addr_state_FL,structured,43.078022,0.006848,24
12,Structured+Lexicon,XGBoost,addr_state_GA,structured,27.719021,0.004407,92
12,Structured+Lexicon,XGBoost,addr_state_HI,structured,10.36635,0.001648,116
12,Structured+Lexicon,XGBoost,addr_state_IA,structured,0.0,0.0,119
12,Structured+Lexicon,XGBoost,addr_state_ID,structured,0.0,0.0,118
12,Structured+Lexicon,XGBoost,addr_state_IL,structured,37.538303,0.005968,38
12,Structured+Lexicon,XGBoost,addr_state_IN,structured,24.088198,0.003829,107
12,Structured+Lexicon,XGBoost,addr_state_KS,structured,30.828932,0.004901,74
12,Structured+Lexicon,XGBoost,addr_state_KY,structured,27.597221,0.004387,93
12,Structured+Lexicon,XGBoost,addr_state_LA,structured,0.0,0.0,121
12,Structured+Lexicon,XGBoost,addr_state_MA,structured,25.694778,0.004085,101
12,Structured+Lexicon,XGBoost,addr_state_MD,structured,25.835213,0.004107,99
12,Structured+Lexicon,XGBoost,addr_state_MI,structured,0.0,0.0,120
12,Structured+Lexicon,XGBoost,addr_state_MN,structured,30.771664,0.004892,75
12,Structured+Lexicon,XGBoost,addr_state_MO,structured,0.0,0.0,125
12,Structured+Lexicon,XGBoost,addr_state_MS,structured,0.0,0.0,124
12,Structured+Lexicon,XGBoost,addr_state_MT,structured,29.310705,0.00466,83
12,Structured+Lexicon,XGBoost,addr_state_NC,structured,25.106075,0.003991,103
12,Structured+Lexicon,XGBoost,addr_state_NE,structured,0.0,0.0,123
12,Structured+Lexicon,XGBoost,addr_state_NH,structured,30.762421,0.00489,76
12,Structured+Lexicon,XGBoost,addr_state_NJ,structured,39.717278,0.006314,31
12,Structured+Lexicon,XGBoost,addr_state_NM,structured,40.442863,0.006429,28
12,Structured+Lexicon,XGBoost,addr_state_NV,structured,35.10849,0.005581,46
12,Structured+Lexicon,XGBoost,addr_state_NY,structured,30.29241,0.004816,77
12,Structured+Lexicon,XGBoost,addr_state_OH,structured,11.680313,0.001857,115
12,Structured+Lexicon,XGBoost,addr_state_OK,structured,26.801559,0.004261,95
12,Structured+Lexicon,XGBoost,addr_state_OR,structured,28.012613,0.004453,91
12,Structured+Lexicon,XGBoost,addr_state_PA,structured,22.460478,0.003571,110
12,Structured+Lexicon,XGBoost,addr_state_RI,structured,0.0,0.0,122
12,Structured+Lexicon,XGBoost,addr_state_SC,structured,33.676529,0.005354,53
12,Structured+Lexicon,XGBoost,addr_state_SD,structured,45.0938,0.007169,19
12,Structured+Lexicon,XGBoost,addr_state_TN,structured,14.113165,0.002244,114
12,Structured+Lexicon,XGBoost,addr_state_TX,structured,47.726566,0.007587,15
12,Structured+Lexicon,XGBoost,addr_state_UT,structured,26.100441,0.004149,98
12,Structured+Lexicon,XGBoost,addr_state_VA,structured,26.991539,0.004291,94
12,Structured+Lexicon,XGBoost,addr_state_VT,structured,22.631227,0.003598,109
12,Structured+Lexicon,XGBoost,addr_state_WA,structured,46.406662,0.007377,16
12,Structured+Lexicon,XGBoost,addr_state_WI,structured,34.064636,0.005415,50
12,Structured+Lexicon,XGBoost,addr_state_WV,structured,33.325832,0.005298,55
12,Structured+Lexicon,XGBoost,addr_state_WY,structured,37.80286,0.00601,37
12,Structured+Lexicon,XGBoost,purpose_credit_card,structured,70.283035,0.011173,6
12,Structured+Lexicon,XGBoost,purpose_debt_consolidation,structured,52.740398,0.008384,9
12,Structured+Lexicon,XGBoost,purpose_educational,structured,0.0,0.0,128
12,Structured+Lexicon,XGBoost,purpose_home_improvement,structured,26.480413,0.00421,96
12,Structured+Lexicon,XGBoost,purpose_house,structured,28.826777,0.004583,89
12,Structured+Lexicon,XGBoost,purpose_major_purchase,structured,34.096001,0.00542,49
12,Structured+Lexicon,XGBoost,purpose_medical,structured,28.988638,0.004608,87
12,Structured+Lexicon,XGBoost,purpose_moving,structured,32.10849,0.005104,63
12,Structured+Lexicon,XGBoost,purpose_other,structured,43.971836,0.00699,22
12,Structured+Lexicon,XGBoost,purpose_renewable_energy,structured,34.05629,0.005414,51
12,Structured+Lexicon,XGBoost,purpose_vacation,structured,32.072712,0.005099,64
12,Structured+Lexicon,XGBoost,purpose_wedding,structured,31.240496,0.004966,70
12,Structured+Lexicon,XGBoost,home_ownership_NONE,structured,0.0,0.0,126
12,Structured+Lexicon,XGBoost,home_ownership_OTHER,structured,0.0,0.0,127
12,Structured+Lexicon,XGBoost,home_ownership_OWN,structured,22.17197,0.003525,111
12,Structured+Lexicon,XGBoost,home_ownership_RENT,structured,32.452888,0.005159,61
12,Structured+Lexicon,XGBoost,verification_status_Source Verified,structured,28.956703,0.004603,88
12,Structured+Lexicon,XGBoost,verification_status_Verified,structured,32.733582,0.005204,59
12,Structured+Lexicon,XGBoost,grade_ord,structured,1274.975098,0.202685,1
12,Structured+Lexicon,XGBoost,sub_grade_ord,structured,390.721832,0.062114,3
12,Structured+Lexicon,XGBoost,risk_word_count,lexicon,48.205219,0.007663,13
12,Structured+Lexicon,XGBoost,risk_word_density,lexicon,31.982674,0.005084,66
12,Structured+Lexicon,XGBoost,risk_word_flag,lexicon,0.0,0.0,117
12,Structured+Lexicon,XGBoost,distress_debt_pressure_count,lexicon,44.859089,0.007131,20
12,Structured+Lexicon,XGBoost,distress_liquidity_shortage_count,lexicon,24.276215,0.003859,106
12,Structured+Lexicon,XGBoost,distress_medical_life_shock_count,lexicon,29.658936,0.004715,81
12,Structured+Lexicon,XGBoost,distress_refinancing_burden_count,lexicon,31.183327,0.004957,71
12,Structured+Lexicon,RandomForest,acc_now_delinq,structured,1e-06,1e-06,120
12,Structured+Lexicon,RandomForest,acc_open_past_24mths,structured,0.014722,0.014722,24
12,Structured+Lexicon,RandomForest,annual_inc,structured,0.051562,0.051562,3
12,Structured+Lexicon,RandomForest,avg_cur_bal,structured,0.016076,0.016076,21
12,Structured+Lexicon,RandomForest,bc_open_to_buy,structured,0.022445,0.022445,13
12,Structured+Lexicon,RandomForest,bc_util,structured,0.020967,0.020967,14
12,Structured+Lexicon,RandomForest,chargeoff_within_12_mths,structured,4e-06,4e-06,118
12,Structured+Lexicon,RandomForest,collections_12_mths_ex_med,structured,0.0,0.0,133
12,Structured+Lexicon,RandomForest,delinq_2yrs,structured,0.001759,0.001759,57
12,Structured+Lexicon,RandomForest,delinq_amnt,structured,0.0,0.0,132
12,Structured+Lexicon,RandomForest,dti,structured,0.038644,0.038644,5
12,Structured+Lexicon,RandomForest,emp_length,structured,0.01677,0.01677,19
12,Structured+Lexicon,RandomForest,inq_last_6mths,structured,0.011839,0.011839,31
12,Structured+Lexicon,RandomForest,int_rate,structured,0.076991,0.076991,1
12,Structured+Lexicon,RandomForest,loan_amnt,structured,0.032616,0.032616,9
12,Structured+Lexicon,RandomForest,mo_sin_old_il_acct,structured,0.01328,0.01328,29
12,Structured+Lexicon,RandomForest,mo_sin_old_rev_tl_op,structured,0.013632,0.013632,27
12,Structured+Lexicon,RandomForest,mo_sin_rcnt_rev_tl_op,structured,0.011756,0.011756,32
12,Structured+Lexicon,RandomForest,mo_sin_rcnt_tl,structured,0.010834,0.010834,33
12,Structured+Lexicon,RandomForest,mort_acc,structured,0.006715,0.006715,42
12,Structured+Lexicon,RandomForest,mths_since_last_delinq,structured,0.014294,0.014294,25
12,Structured+Lexicon,RandomForest,mths_since_last_major_derog,structured,0.002682,0.002682,54
12,Structured+Lexicon,RandomForest,mths_since_last_record,structured,0.002211,0.002211,56
12,Structured+Lexicon,RandomForest,mths_since_recent_bc,structured,0.018723,0.018723,17
12,Structured+Lexicon,RandomForest,mths_since_recent_bc_dlq,structured,0.003775,0.003775,51
12,Structured+Lexicon,RandomForest,mths_since_recent_inq,structured,0.015245,0.015245,23
12,Structured+Lexicon,RandomForest,mths_since_recent_revol_delinq,structured,0.006103,0.006103,43
12,Structured+Lexicon,RandomForest,num_accts_ever_120_pd,structured,0.00111,0.00111,65
12,Structured+Lexicon,RandomForest,num_actv_bc_tl,structured,0.00545,0.00545,47
12,Structured+Lexicon,RandomForest,num_actv_rev_tl,structured,0.006885,0.006885,41
12,Structured+Lexicon,RandomForest,num_bc_sats,structured,0.008023,0.008023,39
12,Structured+Lexicon,RandomForest,num_bc_tl,structured,0.008195,0.008195,38
12,Structured+Lexicon,RandomForest,num_il_tl,structured,0.009355,0.009355,37
12,Structured+Lexicon,RandomForest,num_op_rev_tl,structured,0.007361,0.007361,40
12,Structured+Lexicon,RandomForest,num_rev_accts,structured,0.009489,0.009489,36
12,Structured+Lexicon,RandomForest,num_tl_120dpd_2m,structured,0.0,0.0,130
12,Structured+Lexicon,RandomForest,num_tl_30dpd,structured,0.0,0.0,131
12,Structured+Lexicon,RandomForest,num_tl_90g_dpd_24m,structured,0.000152,0.000152,88
12,Structured+Lexicon,RandomForest,num_tl_op_past_12m,structured,0.005938,0.005938,44
12,Structured+Lexicon,RandomForest,open_acc,structured,0.016873,0.016873,18
12,Structured+Lexicon,RandomForest,pct_tl_nvr_dlq,structured,0.00588,0.00588,45
12,Structured+Lexicon,RandomForest,percent_bc_gt_75,structured,0.012349,0.012349,30
12,Structured+Lexicon,RandomForest,pub_rec,structured,0.000735,0.000735,69
12,Structured+Lexicon,RandomForest,pub_rec_bankruptcies,structured,0.000649,0.000649,70
12,Structured+Lexicon,RandomForest,revol_bal,structured,0.03162,0.03162,10
12,Structured+Lexicon,RandomForest,revol_util,structured,0.035775,0.035775,7
12,Structured+Lexicon,RandomForest,tax_liens,structured,9e-06,9e-06,112
12,Structured+Lexicon,RandomForest,term,structured,0.036035,0.036035,6
12,Structured+Lexicon,RandomForest,tot_coll_amt,structured,0.000965,0.000965,67
12,Structured+Lexicon,RandomForest,tot_cur_bal,structured,0.0155,0.0155,22
12,Structured+Lexicon,RandomForest,total_acc,structured,0.023508,0.023508,12
12,Structured+Lexicon,RandomForest,total_bal_ex_mort,structured,0.020362,0.020362,15
12,Structured+Lexicon,RandomForest,total_bc_limit,structured,0.019988,0.019988,16
12,Structured+Lexicon,RandomForest,total_il_high_credit_limit,structured,0.013405,0.013405,28
12,Structured+Lexicon,RandomForest,total_rev_hi_lim,structured,0.014077,0.014077,26
12,Structured+Lexicon,RandomForest,fico_midpoint,structured,0.034261,0.034261,8
12,Structured+Lexicon,RandomForest,credit_history_months,structured,0.029959,0.029959,11
12,Structured+Lexicon,RandomForest,initial_list_status_w,structured,0.001252,0.001252,64
12,Structured+Lexicon,RandomForest,addr_state_AL,structured,5.6e-05,5.6e-05,98
12,Structured+Lexicon,RandomForest,addr_state_AR,structured,1.4e-05,1.4e-05,110
12,Structured+Lexicon,RandomForest,addr_state_AZ,structured,0.000201,0.000201,84
12,Structured+Lexicon,RandomForest,addr_state_CA,structured,0.002392,0.002392,55
12,Structured+Lexicon,RandomForest,addr_state_CO,structured,0.000153,0.000153,87
12,Structured+Lexicon,RandomForest,addr_state_CT,structured,0.000106,0.000106,91
12,Structured+Lexicon,RandomForest,addr_state_DC,structured,3.7e-05,3.7e-05,102
12,Structured+Lexicon,RandomForest,addr_state_DE,structured,3e-06,3e-06,119
12,Structured+Lexicon,RandomForest,addr_state_FL,structured,0.001257,0.001257,63
12,Structured+Lexicon,RandomForest,addr_state_GA,structured,0.000394,0.000394,74
12,Structured+Lexicon,RandomForest,addr_state_HI,structured,6e-06,6e-06,117
12,Structured+Lexicon,RandomForest,addr_state_IA,structured,0.0,0.0,127
12,Structured+Lexicon,RandomForest,addr_state_ID,structured,0.0,0.0,121
12,Structured+Lexicon,RandomForest,addr_state_IL,structured,0.000629,0.000629,71
12,Structured+Lexicon,RandomForest,addr_state_IN,structured,1.5e-05,1.5e-05,109
12,Structured+Lexicon,RandomForest,addr_state_KS,structured,4.4e-05,4.4e-05,100
12,Structured+Lexicon,RandomForest,addr_state_KY,structured,3e-05,3e-05,103
12,Structured+Lexicon,RandomForest,addr_state_LA,structured,7.2e-05,7.2e-05,97
12,Structured+Lexicon,RandomForest,addr_state_MA,structured,0.00027,0.00027,77
12,Structured+Lexicon,RandomForest,addr_state_MD,structured,0.000179,0.000179,86
12,Structured+Lexicon,RandomForest,addr_state_MI,structured,0.000183,0.000183,85
12,Structured+Lexicon,RandomForest,addr_state_MN,structured,0.000117,0.000117,90
12,Structured+Lexicon,RandomForest,addr_state_MO,structured,0.000101,0.000101,92
12,Structured+Lexicon,RandomForest,addr_state_MS,structured,0.0,0.0,129
12,Structured+Lexicon,RandomForest,addr_state_MT,structured,8e-06,8e-06,116
12,Structured+Lexicon,RandomForest,addr_state_NC,structured,0.000266,0.000266,79
12,Structured+Lexicon,RandomForest,addr_state_NE,structured,0.0,0.0,128
12,Structured+Lexicon,RandomForest,addr_state_NH,structured,1.7e-05,1.7e-05,108
12,Structured+Lexicon,RandomForest,addr_state_NJ,structured,0.00059,0.00059,72
12,Structured+Lexicon,RandomForest,addr_state_NM,structured,2.3e-05,2.3e-05,105
12,Structured+Lexicon,RandomForest,addr_state_NV,structured,0.000224,0.000224,81
12,Structured+Lexicon,RandomForest,addr_state_NY,structured,0.001301,0.001301,62
12,Structured+Lexicon,RandomForest,addr_state_OH,structured,0.000269,0.000269,78
12,Structured+Lexicon,RandomForest,addr_state_OK,structured,2.4e-05,2.4e-05,104
12,Structured+Lexicon,RandomForest,addr_state_OR,structured,7.6e-05,7.6e-05,96
12,Structured+Lexicon,RandomForest,addr_state_PA,structured,0.000341,0.000341,75
12,Structured+Lexicon,RandomForest,addr_state_RI,structured,9e-06,9e-06,113
12,Structured+Lexicon,RandomForest,addr_state_SC,structured,9e-05,9e-05,94
12,Structured+Lexicon,RandomForest,addr_state_SD,structured,0.0,0.0,125
12,Structured+Lexicon,RandomForest,addr_state_TN,structured,9e-06,9e-06,111
12,Structured+Lexicon,RandomForest,addr_state_TX,structured,0.001361,0.001361,60
12,Structured+Lexicon,RandomForest,addr_state_UT,structured,2.1e-05,2.1e-05,107
12,Structured+Lexicon,RandomForest,addr_state_VA,structured,0.0003,0.0003,76
12,Structured+Lexicon,RandomForest,addr_state_VT,structured,0.0,0.0,124
12,Structured+Lexicon,RandomForest,addr_state_WA,structured,0.000218,0.000218,82
12,Structured+Lexicon,RandomForest,addr_state_WI,structured,5.6e-05,5.6e-05,99
12,Structured+Lexicon,RandomForest,addr_state_WV,structured,2.1e-05,2.1e-05,106
12,Structured+Lexicon,RandomForest,addr_state_WY,structured,8e-06,8e-06,115
12,Structured+Lexicon,RandomForest,purpose_credit_card,structured,0.00388,0.00388,50
12,Structured+Lexicon,RandomForest,purpose_debt_consolidation,structured,0.004897,0.004897,48
12,Structured+Lexicon,RandomForest,purpose_educational,structured,0.0,0.0,123
12,Structured+Lexicon,RandomForest,purpose_home_improvement,structured,0.000836,0.000836,68
12,Structured+Lexicon,RandomForest,purpose_house,structured,4.4e-05,4.4e-05,101
12,Structured+Lexicon,RandomForest,purpose_major_purchase,structured,0.000573,0.000573,73
12,Structured+Lexicon,RandomForest,purpose_medical,structured,0.000121,0.000121,89
12,Structured+Lexicon,RandomForest,purpose_moving,structured,0.000215,0.000215,83
12,Structured+Lexicon,RandomForest,purpose_other,structured,0.001402,0.001402,59
12,Structured+Lexicon,RandomForest,purpose_renewable_energy,structured,9e-06,9e-06,114
12,Structured+Lexicon,RandomForest,purpose_vacation,structured,9.8e-05,9.8e-05,93
12,Structured+Lexicon,RandomForest,purpose_wedding,structured,0.000258,0.000258,80
12,Structured+Lexicon,RandomForest,home_ownership_NONE,structured,0.0,0.0,122
12,Structured+Lexicon,RandomForest,home_ownership_OTHER,structured,0.0,0.0,126
12,Structured+Lexicon,RandomForest,home_ownership_OWN,structured,0.001032,0.001032,66
12,Structured+Lexicon,RandomForest,home_ownership_RENT,structured,0.004648,0.004648,49
12,Structured+Lexicon,RandomForest,verification_status_Source Verified,structured,0.002931,0.002931,53
12,Structured+Lexicon,RandomForest,verification_status_Verified,structured,0.005566,0.005566,46
12,Structured+Lexicon,RandomForest,grade_ord,structured,0.051529,0.051529,4
12,Structured+Lexicon,RandomForest,sub_grade_ord,structured,0.068804,0.068804,2
12,Structured+Lexicon,RandomForest,risk_word_count,lexicon,0.010411,0.010411,34
12,Structured+Lexicon,RandomForest,risk_word_density,lexicon,0.016197,0.016197,20
12,Structured+Lexicon,RandomForest,risk_word_flag,lexicon,0.003304,0.003304,52
12,Structured+Lexicon,RandomForest,distress_debt_pressure_count,lexicon,0.009817,0.009817,35
12,Structured+Lexicon,RandomForest,distress_liquidity_shortage_count,lexicon,0.001719,0.001719,58
12,Structured+Lexicon,RandomForest,distress_medical_life_shock_count,lexicon,0.001327,0.001327,61
12,Structured+Lexicon,RandomForest,distress_refinancing_burden_count,lexicon,8.7e-05,8.7e-05,95
13,Structured,Logistic,acc_now_delinq,structured,0.001316,0.000288,116
13,Structured,Logistic,acc_open_past_24mths,structured,0.16168,0.035429,9
13,Structured,Logistic,annual_inc,structured,0.288413,0.063201,1
13,Structured,Logistic,avg_cur_bal,structured,0.005313,0.001164,104
13,Structured,Logistic,bc_open_to_buy,structured,0.217843,0.047736,4
13,Structured,Logistic,bc_util,structured,0.170186,0.037293,7
13,Structured,Logistic,chargeoff_within_12_mths,structured,0.001091,0.000239,119
13,Structured,Logistic,collections_12_mths_ex_med,structured,0.00631,0.001383,97
13,Structured,Logistic,delinq_2yrs,structured,0.029737,0.006516,43
13,Structured,Logistic,delinq_amnt,structured,0.000454,9.9e-05,123
13,Structured,Logistic,dti,structured,0.093104,0.020402,13
13,Structured,Logistic,emp_length,structured,0.005619,0.001231,103
13,Structured,Logistic,inq_last_6mths,structured,0.11091,0.024304,11
13,Structured,Logistic,int_rate,structured,0.279158,0.061172,2
13,Structured,Logistic,loan_amnt,structured,0.16928,0.037095,8
13,Structured,Logistic,mo_sin_old_il_acct,structured,0.001208,0.000265,118
13,Structured,Logistic,mo_sin_old_rev_tl_op,structured,0.098503,0.021585,12
13,Structured,Logistic,mo_sin_rcnt_rev_tl_op,structured,0.014485,0.003174,64
13,Structured,Logistic,mo_sin_rcnt_tl,structured,0.006723,0.001473,96
13,Structured,Logistic,mort_acc,structured,0.006155,0.001349,99
13,Structured,Logistic,mths_since_last_delinq,structured,0.037481,0.008213,31
13,Structured,Logistic,mths_since_last_major_derog,structured,0.028423,0.006228,45
13,Structured,Logistic,mths_since_last_record,structured,0.009166,0.002009,81
13,Structured,Logistic,mths_since_recent_bc,structured,0.189613,0.04155,5
13,Structured,Logistic,mths_since_recent_bc_dlq,structured,0.009227,0.002022,80
13,Structured,Logistic,mths_since_recent_inq,structured,0.057929,0.012694,21
13,Structured,Logistic,mths_since_recent_revol_delinq,structured,0.017456,0.003825,59
13,Structured,Logistic,num_accts_ever_120_pd,structured,0.028037,0.006144,47
13,Structured,Logistic,num_actv_bc_tl,structured,0.021388,0.004687,53
13,Structured,Logistic,num_actv_rev_tl,structured,0.062601,0.013718,20
13,Structured,Logistic,num_bc_sats,structured,0.035471,0.007773,34
13,Structured,Logistic,num_bc_tl,structured,0.077081,0.016891,15
13,Structured,Logistic,num_il_tl,structured,0.06803,0.014908,17
13,Structured,Logistic,num_op_rev_tl,structured,0.007869,0.001724,89
13,Structured,Logistic,num_rev_accts,structured,0.066288,0.014526,19
13,Structured,Logistic,num_tl_120dpd_2m,structured,0.001219,0.000267,117
13,Structured,Logistic,num_tl_30dpd,structured,0.017355,0.003803,61
13,Structured,Logistic,num_tl_90g_dpd_24m,structured,0.004624,0.001013,105
13,Structured,Logistic,num_tl_op_past_12m,structured,0.044828,0.009823,23
13,Structured,Logistic,open_acc,structured,0.008732,0.001914,85
13,Structured,Logistic,pct_tl_nvr_dlq,structured,6.2e-05,1.4e-05,126
13,Structured,Logistic,percent_bc_gt_75,structured,0.042727,0.009363,24
13,Structured,Logistic,pub_rec,structured,0.011092,0.002431,71
13,Structured,Logistic,pub_rec_bankruptcies,structured,0.017192,0.003767,62
13,Structured,Logistic,revol_bal,structured,0.06797,0.014894,18
13,Structured,Logistic,revol_util,structured,0.113943,0.024969,10
13,Structured,Logistic,tax_liens,structured,0.007519,0.001648,92
13,Structured,Logistic,term,structured,0.266265,0.058347,3
13,Structured,Logistic,tot_coll_amt,structured,0.008787,0.001925,84
13,Structured,Logistic,tot_cur_bal,structured,0.023442,0.005137,50
13,Structured,Logistic,total_acc,structured,0.041148,0.009017,25
13,Structured,Logistic,total_bal_ex_mort,structured,0.030453,0.006673,42
13,Structured,Logistic,total_bc_limit,structured,0.029568,0.006479,44
13,Structured,Logistic,total_il_high_credit_limit,structured,0.028274,0.006196,46
13,Structured,Logistic,total_rev_hi_lim,structured,0.014259,0.003125,65
13,Structured,Logistic,fico_midpoint,structured,0.185006,0.040541,6
13,Structured,Logistic,credit_history_months,structured,0.081294,0.017814,14
13,Structured,Logistic,initial_list_status_w,structured,0.012407,0.002719,67
13,Structured,Logistic,addr_state_AL,structured,0.00816,0.001788,88
13,Structured,Logistic,addr_state_AR,structured,0.004148,0.000909,108
13,Structured,Logistic,addr_state_AZ,structured,0.00208,0.000456,112
13,Structured,Logistic,addr_state_CA,structured,0.01741,0.003815,60
13,Structured,Logistic,addr_state_CO,structured,0.023158,0.005075,51
13,Structured,Logistic,addr_state_CT,structured,0.000915,0.0002,120
13,Structured,Logistic,addr_state_DC,structured,0.045324,0.009932,22
13,Structured,Logistic,addr_state_DE,structured,0.004458,0.000977,107
13,Structured,Logistic,addr_state_FL,structured,0.03915,0.008579,29
13,Structured,Logistic,addr_state_GA,structured,0.010675,0.002339,75
13,Structured,Logistic,addr_state_HI,structured,0.007498,0.001643,93
13,Structured,Logistic,addr_state_IA,structured,0.007813,0.001712,90
13,Structured,Logistic,addr_state_ID,structured,0.010602,0.002323,76
13,Structured,Logistic,addr_state_IL,structured,0.015746,0.00345,63
13,Structured,Logistic,addr_state_IN,structured,0.010922,0.002393,72
13,Structured,Logistic,addr_state_KS,structured,0.020673,0.00453,55
13,Structured,Logistic,addr_state_KY,structured,0.000398,8.7e-05,124
13,Structured,Logistic,addr_state_LA,structured,0.00452,0.000991,106
13,Structured,Logistic,addr_state_MA,structured,0.011662,0.002556,69
13,Structured,Logistic,addr_state_MD,structured,0.006009,0.001317,101
13,Structured,Logistic,addr_state_MI,structured,0.001343,0.000294,115
13,Structured,Logistic,addr_state_MN,structured,0.019378,0.004246,57
13,Structured,Logistic,addr_state_MO,structured,0.00195,0.000427,114
13,Structured,Logistic,addr_state_MS,structured,0.000823,0.00018,122
13,Structured,Logistic,addr_state_MT,structured,0.020727,0.004542,54
13,Structured,Logistic,addr_state_NC,structured,0.009507,0.002083,79
13,Structured,Logistic,addr_state_NE,structured,0.013303,0.002915,66
13,Structured,Logistic,addr_state_NH,structured,0.019826,0.004345,56
13,Structured,Logistic,addr_state_NJ,structured,0.037341,0.008183,32
13,Structured,Logistic,addr_state_NM,structured,0.007472,0.001637,94
13,Structured,Logistic,addr_state_NV,structured,0.031296,0.006858,41
13,Structured,Logistic,addr_state_NY,structured,0.033103,0.007254,37
13,Structured,Logistic,addr_state_OH,structured,0.003074,0.000674,110
13,Structured,Logistic,addr_state_OK,structured,0.001963,0.00043,113
13,Structured,Logistic,addr_state_OR,structured,0.010007,0.002193,78
13,Structured,Logistic,addr_state_PA,structured,0.007591,0.001663,91
13,Structured,Logistic,addr_state_RI,structured,0.006206,0.00136,98
13,Structured,Logistic,addr_state_SC,structured,0.018902,0.004142,58
13,Structured,Logistic,addr_state_SD,structured,0.008468,0.001856,86
13,Structured,Logistic,addr_state_TN,structured,0.011551,0.002531,70
13,Structured,Logistic,addr_state_TX,structured,0.034649,0.007593,35
13,Structured,Logistic,addr_state_UT,structured,0.008293,0.001817,87
13,Structured,Logistic,addr_state_VA,structured,0.009007,0.001974,83
13,Structured,Logistic,addr_state_VT,structured,0.009026,0.001978,82
13,Structured,Logistic,addr_state_WA,structured,0.005763,0.001263,102
13,Structured,Logistic,addr_state_WI,structured,0.007263,0.001592,95
13,Structured,Logistic,addr_state_WV,structured,0.032177,0.007051,39
13,Structured,Logistic,addr_state_WY,structured,0.027843,0.006101,48
13,Structured,Logistic,purpose_credit_card,structured,0.040447,0.008863,26
13,Structured,Logistic,purpose_debt_consolidation,structured,0.03982,0.008726,28
13,Structured,Logistic,purpose_educational,structured,0.010779,0.002362,73
13,Structured,Logistic,purpose_home_improvement,structured,0.032468,0.007115,38
13,Structured,Logistic,purpose_house,structured,0.012269,0.002688,68
13,Structured,Logistic,purpose_major_purchase,structured,0.000898,0.000197,121
13,Structured,Logistic,purpose_medical,structured,0.040277,0.008826,27
13,Structured,Logistic,purpose_moving,structured,0.025373,0.00556,49
13,Structured,Logistic,purpose_other,structured,0.074255,0.016272,16
13,Structured,Logistic,purpose_renewable_energy,structured,0.02193,0.004806,52
13,Structured,Logistic,purpose_vacation,structured,0.031365,0.006873,40
13,Structured,Logistic,purpose_wedding,structured,0.01069,0.002342,74
13,Structured,Logistic,home_ownership_NONE,structured,0.003829,0.000839,109
13,Structured,Logistic,home_ownership_OTHER,structured,0.010187,0.002232,77
13,Structured,Logistic,home_ownership_OWN,structured,0.000103,2.3e-05,125
13,Structured,Logistic,home_ownership_RENT,structured,0.034332,0.007523,36
13,Structured,Logistic,verification_status_Source Verified,structured,0.038114,0.008352,30
13,Structured,Logistic,verification_status_Verified,structured,0.006151,0.001348,100
13,Structured,Logistic,grade_ord,structured,0.036937,0.008094,33
13,Structured,Logistic,sub_grade_ord,structured,0.002343,0.000513,111
13,Structured,XGBoost,acc_now_delinq,structured,0.0,0.0,126
13,Structured,XGBoost,acc_open_past_24mths,structured,90.259125,0.015974,6
13,Structured,XGBoost,annual_inc,structured,120.714333,0.021364,5
13,Structured,XGBoost,avg_cur_bal,structured,39.419369,0.006976,37
13,Structured,XGBoost,bc_open_to_buy,structured,48.26548,0.008542,19
13,Structured,XGBoost,bc_util,structured,42.198345,0.007468,31
13,Structured,XGBoost,chargeoff_within_12_mths,structured,0.0,0.0,125
13,Structured,XGBoost,collections_12_mths_ex_med,structured,23.425823,0.004146,93
13,Structured,XGBoost,delinq_2yrs,structured,24.469734,0.004331,90
13,Structured,XGBoost,delinq_amnt,structured,21.656332,0.003833,98
13,Structured,XGBoost,dti,structured,60.828941,0.010765,10
13,Structured,XGBoost,emp_length,structured,49.240788,0.008715,16
13,Structured,XGBoost,inq_last_6mths,structured,71.820343,0.012711,8
13,Structured,XGBoost,int_rate,structured,507.459381,0.089809,2
13,Structured,XGBoost,loan_amnt,structured,49.167267,0.008702,17
13,Structured,XGBoost,mo_sin_old_il_acct,structured,36.23473,0.006413,49
13,Structured,XGBoost,mo_sin_old_rev_tl_op,structured,43.56982,0.007711,27
13,Structured,XGBoost,mo_sin_rcnt_rev_tl_op,structured,41.776356,0.007394,32
13,Structured,XGBoost,mo_sin_rcnt_tl,structured,60.997437,0.010795,9
13,Structured,XGBoost,mort_acc,structured,34.040108,0.006024,59
13,Structured,XGBoost,mths_since_last_delinq,structured,37.939957,0.006715,41
13,Structured,XGBoost,mths_since_last_major_derog,structured,32.796753,0.005804,67
13,Structured,XGBoost,mths_since_last_record,structured,34.846672,0.006167,54
13,Structured,XGBoost,mths_since_recent_bc,structured,52.658844,0.009319,12
13,Structured,XGBoost,mths_since_recent_bc_dlq,structured,30.425386,0.005385,74
13,Structured,XGBoost,mths_since_recent_inq,structured,40.065346,0.007091,36
13,Structured,XGBoost,mths_since_recent_revol_delinq,structured,39.075233,0.006915,38
13,Structured,XGBoost,num_accts_ever_120_pd,structured,29.388374,0.005201,78
13,Structured,XGBoost,num_actv_bc_tl,structured,34.359562,0.006081,57
13,Structured,XGBoost,num_actv_rev_tl,structured,44.608242,0.007895,25
13,Structured,XGBoost,num_bc_sats,structured,35.740002,0.006325,51
13,Structured,XGBoost,num_bc_tl,structured,29.057722,0.005143,80
13,Structured,XGBoost,num_il_tl,structured,51.021954,0.00903,14
13,Structured,XGBoost,num_op_rev_tl,structured,31.766356,0.005622,70
13,Structured,XGBoost,num_rev_accts,structured,30.741014,0.00544,72
13,Structured,XGBoost,num_tl_120dpd_2m,structured,0.0,0.0,123
13,Structured,XGBoost,num_tl_30dpd,structured,20.403164,0.003611,100
13,Structured,XGBoost,num_tl_90g_dpd_24m,structured,0.0,0.0,124
13,Structured,XGBoost,num_tl_op_past_12m,structured,33.586357,0.005944,61
13,Structured,XGBoost,open_acc,structured,30.264576,0.005356,75
13,Structured,XGBoost,pct_tl_nvr_dlq,structured,23.507158,0.00416,92
13,Structured,XGBoost,percent_bc_gt_75,structured,40.615276,0.007188,34
13,Structured,XGBoost,pub_rec,structured,36.733418,0.006501,48
13,Structured,XGBoost,pub_rec_bankruptcies,structured,23.20731,0.004107,94
13,Structured,XGBoost,revol_bal,structured,42.619675,0.007543,30
13,Structured,XGBoost,revol_util,structured,37.720787,0.006676,43
13,Structured,XGBoost,tax_liens,structured,43.206459,0.007647,28
13,Structured,XGBoost,term,structured,317.716125,0.056229,3
13,Structured,XGBoost,tot_coll_amt,structured,31.975674,0.005659,69
13,Structured,XGBoost,tot_cur_bal,structured,34.5312,0.006111,56
13,Structured,XGBoost,total_acc,structured,36.918652,0.006534,46
13,Structured,XGBoost,total_bal_ex_mort,structured,32.90057,0.005823,65
13,Structured,XGBoost,total_bc_limit,structured,40.602451,0.007186,35
13,Structured,XGBoost,total_il_high_credit_limit,structured,41.665894,0.007374,33
13,Structured,XGBoost,total_rev_hi_lim,structured,35.097118,0.006211,53
13,Structured,XGBoost,fico_midpoint,structured,52.601887,0.009309,13
13,Structured,XGBoost,credit_history_months,structured,36.84267,0.00652,47
13,Structured,XGBoost,initial_list_status_w,structured,24.227976,0.004288,91
13,Structured,XGBoost,addr_state_AL,structured,0.0,0.0,122
13,Structured,XGBoost,addr_state_AR,structured,34.308708,0.006072,58
13,Structured,XGBoost,addr_state_AZ,structured,30.224335,0.005349,76
13,Structured,XGBoost,addr_state_CA,structured,44.14629,0.007813,26
13,Structured,XGBoost,addr_state_CO,structured,37.832867,0.006696,42
13,Structured,XGBoost,addr_state_CT,structured,28.430014,0.005032,83
13,Structured,XGBoost,addr_state_DC,structured,44.881542,0.007943,23
13,Structured,XGBoost,addr_state_DE,structured,0.0,0.0,105
13,Structured,XGBoost,addr_state_FL,structured,48.328697,0.008553,18
13,Structured,XGBoost,addr_state_GA,structured,50.444717,0.008928,15
13,Structured,XGBoost,addr_state_HI,structured,0.0,0.0,114
13,Structured,XGBoost,addr_state_IA,structured,0.0,0.0,113
13,Structured,XGBoost,addr_state_ID,structured,0.0,0.0,104
13,Structured,XGBoost,addr_state_IL,structured,29.008266,0.005134,81
13,Structured,XGBoost,addr_state_IN,structured,0.0,0.0,117
13,Structured,XGBoost,addr_state_KS,structured,26.041691,0.004609,88
13,Structured,XGBoost,addr_state_KY,structured,27.629999,0.00489,85
13,Structured,XGBoost,addr_state_LA,structured,0.0,0.0,115
13,Structured,XGBoost,addr_state_MA,structured,21.623055,0.003827,99
13,Structured,XGBoost,addr_state_MD,structured,0.0,0.0,116
13,Structured,XGBoost,addr_state_MI,structured,23.021961,0.004074,96
13,Structured,XGBoost,addr_state_MN,structured,28.374842,0.005022,84
13,Structured,XGBoost,addr_state_MO,structured,0.0,0.0,118
13,Structured,XGBoost,addr_state_MS,structured,0.0,0.0,121
13,Structured,XGBoost,addr_state_MT,structured,29.674208,0.005252,77
13,Structured,XGBoost,addr_state_NC,structured,33.273254,0.005889,63
13,Structured,XGBoost,addr_state_NE,structured,0.0,0.0,119
13,Structured,XGBoost,addr_state_NH,structured,38.339046,0.006785,39
13,Structured,XGBoost,addr_state_NJ,structured,45.234119,0.008005,21
13,Structured,XGBoost,addr_state_NM,structured,0.0,0.0,120
13,Structured,XGBoost,addr_state_NV,structured,44.724785,0.007915,24
13,Structured,XGBoost,addr_state_NY,structured,38.262814,0.006772,40
13,Structured,XGBoost,addr_state_OH,structured,12.175312,0.002155,103
13,Structured,XGBoost,addr_state_OK,structured,33.117908,0.005861,64
13,Structured,XGBoost,addr_state_OR,structured,32.810326,0.005807,66
13,Structured,XGBoost,addr_state_PA,structured,23.157471,0.004098,95
13,Structured,XGBoost,addr_state_RI,structured,0.0,0.0,106
13,Structured,XGBoost,addr_state_SC,structured,28.757059,0.005089,82
13,Structured,XGBoost,addr_state_SD,structured,0.0,0.0,110
13,Structured,XGBoost,addr_state_TN,structured,0.0,0.0,109
13,Structured,XGBoost,addr_state_TX,structured,53.43639,0.009457,11
13,Structured,XGBoost,addr_state_UT,structured,36.935337,0.006537,45
13,Structured,XGBoost,addr_state_VA,structured,33.488667,0.005927,62
13,Structured,XGBoost,addr_state_VT,structured,31.622604,0.005597,71
13,Structured,XGBoost,addr_state_WA,structured,16.862436,0.002984,102
13,Structured,XGBoost,addr_state_WI,structured,17.300844,0.003062,101
13,Structured,XGBoost,addr_state_WV,structured,36.140156,0.006396,50
13,Structured,XGBoost,addr_state_WY,structured,37.577137,0.00665,44
13,Structured,XGBoost,purpose_credit_card,structured,86.865845,0.015373,7
13,Structured,XGBoost,purpose_debt_consolidation,structured,47.338795,0.008378,20
13,Structured,XGBoost,purpose_educational,structured,0.0,0.0,108
13,Structured,XGBoost,purpose_home_improvement,structured,21.783222,0.003855,97
13,Structured,XGBoost,purpose_house,structured,0.0,0.0,107
13,Structured,XGBoost,purpose_major_purchase,structured,33.936295,0.006006,60
13,Structured,XGBoost,purpose_medical,structured,26.920408,0.004764,86
13,Structured,XGBoost,purpose_moving,structured,29.22813,0.005173,79
13,Structured,XGBoost,purpose_other,structured,43.041451,0.007617,29
13,Structured,XGBoost,purpose_renewable_energy,structured,35.296043,0.006247,52
13,Structured,XGBoost,purpose_vacation,structured,30.515017,0.005401,73
13,Structured,XGBoost,purpose_wedding,structured,34.842869,0.006166,55
13,Structured,XGBoost,home_ownership_NONE,structured,0.0,0.0,111
13,Structured,XGBoost,home_ownership_OTHER,structured,0.0,0.0,112
13,Structured,XGBoost,home_ownership_OWN,structured,24.62747,0.004359,89
13,Structured,XGBoost,home_ownership_RENT,structured,45.204739,0.008,22
13,Structured,XGBoost,verification_status_Source Verified,structured,32.03286,0.005669,68
13,Structured,XGBoost,verification_status_Verified,structured,26.724016,0.00473,87
13,Structured,XGBoost,grade_ord,structured,223.70665,0.039591,4
13,Structured,XGBoost,sub_grade_ord,structured,874.1745,0.15471,1
13,Structured,RandomForest,acc_now_delinq,structured,1e-06,1e-06,116
13,Structured,RandomForest,acc_open_past_24mths,structured,0.015232,0.015232,27
13,Structured,RandomForest,annual_inc,structured,0.050383,0.050383,3
13,Structured,RandomForest,avg_cur_bal,structured,0.019602,0.019602,18
13,Structured,RandomForest,bc_open_to_buy,structured,0.023921,0.023921,12
13,Structured,RandomForest,bc_util,structured,0.021901,0.021901,15
13,Structured,RandomForest,chargeoff_within_12_mths,structured,2e-06,2e-06,113
13,Structured,RandomForest,collections_12_mths_ex_med,structured,3e-06,3e-06,111
13,Structured,RandomForest,delinq_2yrs,structured,0.001716,0.001716,53
13,Structured,RandomForest,delinq_amnt,structured,1e-06,1e-06,115
13,Structured,RandomForest,dti,structured,0.040003,0.040003,5
13,Structured,RandomForest,emp_length,structured,0.016486,0.016486,22
13,Structured,RandomForest,inq_last_6mths,structured,0.010513,0.010513,34
13,Structured,RandomForest,int_rate,structured,0.082445,0.082445,1
13,Structured,RandomForest,loan_amnt,structured,0.03325,0.03325,8
13,Structured,RandomForest,mo_sin_old_il_acct,structured,0.016153,0.016153,26
13,Structured,RandomForest,mo_sin_old_rev_tl_op,structured,0.017168,0.017168,21
13,Structured,RandomForest,mo_sin_rcnt_rev_tl_op,structured,0.013767,0.013767,29
13,Structured,RandomForest,mo_sin_rcnt_tl,structured,0.012632,0.012632,31
13,Structured,RandomForest,mort_acc,structured,0.007436,0.007436,39
13,Structured,RandomForest,mths_since_last_delinq,structured,0.013887,0.013887,28
13,Structured,RandomForest,mths_since_last_major_derog,structured,0.00336,0.00336,49
13,Structured,RandomForest,mths_since_last_record,structured,0.002834,0.002834,50
13,Structured,RandomForest,mths_since_recent_bc,structured,0.020501,0.020501,17
13,Structured,RandomForest,mths_since_recent_bc_dlq,structured,0.004437,0.004437,46
13,Structured,RandomForest,mths_since_recent_inq,structured,0.016227,0.016227,25
13,Structured,RandomForest,mths_since_recent_revol_delinq,structured,0.006705,0.006705,42
13,Structured,RandomForest,num_accts_ever_120_pd,structured,0.001444,0.001444,55
13,Structured,RandomForest,num_actv_bc_tl,structured,0.006325,0.006325,43
13,Structured,RandomForest,num_actv_rev_tl,structured,0.008117,0.008117,38
13,Structured,RandomForest,num_bc_sats,structured,0.008526,0.008526,37
13,Structured,RandomForest,num_bc_tl,structured,0.009838,0.009838,35
13,Structured,RandomForest,num_il_tl,structured,0.011034,0.011034,33
13,Structured,RandomForest,num_op_rev_tl,structured,0.008598,0.008598,36
13,Structured,RandomForest,num_rev_accts,structured,0.011036,0.011036,32
13,Structured,RandomForest,num_tl_120dpd_2m,structured,0.0,0.0,126
13,Structured,RandomForest,num_tl_30dpd,structured,1e-06,1e-06,117
13,Structured,RandomForest,num_tl_90g_dpd_24m,structured,0.000186,0.000186,81
13,Structured,RandomForest,num_tl_op_past_12m,structured,0.006896,0.006896,40
13,Structured,RandomForest,open_acc,structured,0.016424,0.016424,23
13,Structured,RandomForest,pct_tl_nvr_dlq,structured,0.006792,0.006792,41
13,Structured,RandomForest,percent_bc_gt_75,structured,0.013061,0.013061,30
13,Structured,RandomForest,pub_rec,structured,0.000834,0.000834,62
13,Structured,RandomForest,pub_rec_bankruptcies,structured,0.000788,0.000788,64
13,Structured,RandomForest,revol_bal,structured,0.030748,0.030748,10
13,Structured,RandomForest,revol_util,structured,0.034613,0.034613,7
13,Structured,RandomForest,tax_liens,structured,2.6e-05,2.6e-05,99
13,Structured,RandomForest,term,structured,0.036562,0.036562,6
13,Structured,RandomForest,tot_coll_amt,structured,0.001351,0.001351,56
13,Structured,RandomForest,tot_cur_bal,structured,0.018611,0.018611,19
13,Structured,RandomForest,total_acc,structured,0.022724,0.022724,13
13,Structured,RandomForest,total_bal_ex_mort,structured,0.0223,0.0223,14
13,Structured,RandomForest,total_bc_limit,structured,0.021881,0.021881,16
13,Structured,RandomForest,total_il_high_credit_limit,structured,0.016407,0.016407,24
13,Structured,RandomForest,total_rev_hi_lim,structured,0.017237,0.017237,20
13,Structured,RandomForest,fico_midpoint,structured,0.032259,0.032259,9
13,Structured,RandomForest,credit_history_months,structured,0.029825,0.029825,11
13,Structured,RandomForest,initial_list_status_w,structured,0.001506,0.001506,54
13,Structured,RandomForest,addr_state_AL,structured,6.3e-05,6.3e-05,90
13,Structured,RandomForest,addr_state_AR,structured,2.2e-05,2.2e-05,101
13,Structured,RandomForest,addr_state_AZ,structured,0.000215,0.000215,76
13,Structured,RandomForest,addr_state_CA,structured,0.00232,0.00232,52
13,Structured,RandomForest,addr_state_CO,structured,0.000213,0.000213,77
13,Structured,RandomForest,addr_state_CT,structured,0.000113,0.000113,85
13,Structured,RandomForest,addr_state_DC,structured,3.2e-05,3.2e-05,96
13,Structured,RandomForest,addr_state_DE,structured,4e-06,4e-06,110
13,Structured,RandomForest,addr_state_FL,structured,0.00128,0.00128,59
13,Structured,RandomForest,addr_state_GA,structured,0.000361,0.000361,68
13,Structured,RandomForest,addr_state_HI,structured,1.2e-05,1.2e-05,107
13,Structured,RandomForest,addr_state_IA,structured,0.0,0.0,120
13,Structured,RandomForest,addr_state_ID,structured,0.0,0.0,119
13,Structured,RandomForest,addr_state_IL,structured,0.000563,0.000563,65
13,Structured,RandomForest,addr_state_IN,structured,3.5e-05,3.5e-05,95
13,Structured,RandomForest,addr_state_KS,structured,5.2e-05,5.2e-05,93
13,Structured,RandomForest,addr_state_KY,structured,2.9e-05,2.9e-05,97
13,Structured,RandomForest,addr_state_LA,structured,5.6e-05,5.6e-05,91
13,Structured,RandomForest,addr_state_MA,structured,0.000251,0.000251,72
13,Structured,RandomForest,addr_state_MD,structured,0.000163,0.000163,82
13,Structured,RandomForest,addr_state_MI,structured,0.000189,0.000189,80
13,Structured,RandomForest,addr_state_MN,structured,0.000134,0.000134,83
13,Structured,RandomForest,addr_state_MO,structured,0.000103,0.000103,86
13,Structured,RandomForest,addr_state_MS,structured,0.0,0.0,122
13,Structured,RandomForest,addr_state_MT,structured,6e-06,6e-06,108
13,Structured,RandomForest,addr_state_NC,structured,0.000245,0.000245,73
13,Structured,RandomForest,addr_state_NE,structured,0.0,0.0,121
13,Structured,RandomForest,addr_state_NH,structured,1.9e-05,1.9e-05,103
13,Structured,RandomForest,addr_state_NJ,structured,0.000529,0.000529,66
13,Structured,RandomForest,addr_state_NM,structured,1.5e-05,1.5e-05,105
13,Structured,RandomForest,addr_state_NV,structured,0.000212,0.000212,78
13,Structured,RandomForest,addr_state_NY,structured,0.001306,0.001306,58
13,Structured,RandomForest,addr_state_OH,structured,0.000296,0.000296,71
13,Structured,RandomForest,addr_state_OK,structured,2.9e-05,2.9e-05,98
13,Structured,RandomForest,addr_state_OR,structured,8.6e-05,8.6e-05,89
13,Structured,RandomForest,addr_state_PA,structured,0.000339,0.000339,69
13,Structured,RandomForest,addr_state_RI,structured,4e-06,4e-06,109
13,Structured,RandomForest,addr_state_SC,structured,9e-05,9e-05,88
13,Structured,RandomForest,addr_state_SD,structured,2e-06,2e-06,114
13,Structured,RandomForest,addr_state_TN,structured,2e-05,2e-05,102
13,Structured,RandomForest,addr_state_TX,structured,0.001242,0.001242,60
13,Structured,RandomForest,addr_state_UT,structured,1.5e-05,1.5e-05,106
13,Structured,RandomForest,addr_state_VA,structured,0.000326,0.000326,70
13,Structured,RandomForest,addr_state_VT,structured,0.0,0.0,118
13,Structured,RandomForest,addr_state_WA,structured,0.0002,0.0002,79
13,Structured,RandomForest,addr_state_WI,structured,5.4e-05,5.4e-05,92
13,Structured,RandomForest,addr_state_WV,structured,2.4e-05,2.4e-05,100
13,Structured,RandomForest,addr_state_WY,structured,3e-06,3e-06,112
13,Structured,RandomForest,purpose_credit_card,structured,0.003767,0.003767,48
13,Structured,RandomForest,purpose_debt_consolidation,structured,0.0046,0.0046,45
13,Structured,RandomForest,purpose_educational,structured,0.0,0.0,125
13,Structured,RandomForest,purpose_home_improvement,structured,0.000806,0.000806,63
13,Structured,RandomForest,purpose_house,structured,3.9e-05,3.9e-05,94
13,Structured,RandomForest,purpose_major_purchase,structured,0.000408,0.000408,67
13,Structured,RandomForest,purpose_medical,structured,0.000121,0.000121,84
13,Structured,RandomForest,purpose_moving,structured,0.000217,0.000217,74
13,Structured,RandomForest,purpose_other,structured,0.001344,0.001344,57
13,Structured,RandomForest,purpose_renewable_energy,structured,1.7e-05,1.7e-05,104
13,Structured,RandomForest,purpose_vacation,structured,9.9e-05,9.9e-05,87
13,Structured,RandomForest,purpose_wedding,structured,0.000217,0.000217,75
13,Structured,RandomForest,home_ownership_NONE,structured,0.0,0.0,123
13,Structured,RandomForest,home_ownership_OTHER,structured,0.0,0.0,124
13,Structured,RandomForest,home_ownership_OWN,structured,0.001004,0.001004,61
13,Structured,RandomForest,home_ownership_RENT,structured,0.004407,0.004407,47
13,Structured,RandomForest,verification_status_Source Verified,structured,0.002622,0.002622,51
13,Structured,RandomForest,verification_status_Verified,structured,0.00541,0.00541,44
13,Structured,RandomForest,grade_ord,structured,0.050262,0.050262,4
13,Structured,RandomForest,sub_grade_ord,structured,0.066875,0.066875,2
13,Structured+Lexicon,Logistic,acc_now_delinq,structured,0.0014,0.000297,123
13,Structured+Lexicon,Logistic,acc_open_past_24mths,structured,0.161955,0.03434,9
13,Structured+Lexicon,Logistic,annual_inc,structured,0.287516,0.060964,1
13,Structured+Lexicon,Logistic,avg_cur_bal,structured,0.007047,0.001494,103
13,Structured+Lexicon,Logistic,bc_open_to_buy,structured,0.218322,0.046292,4
13,Structured+Lexicon,Logistic,bc_util,structured,0.171794,0.036426,8
13,Structured+Lexicon,Logistic,chargeoff_within_12_mths,structured,0.001057,0.000224,128
13,Structured+Lexicon,Logistic,collections_12_mths_ex_med,structured,0.006437,0.001365,105
13,Structured+Lexicon,Logistic,delinq_2yrs,structured,0.0293,0.006213,47
13,Structured+Lexicon,Logistic,delinq_amnt,structured,0.000335,7.1e-05,132
13,Structured+Lexicon,Logistic,dti,structured,0.094187,0.019971,13
13,Structured+Lexicon,Logistic,emp_length,structured,0.003333,0.000707,116
13,Structured+Lexicon,Logistic,inq_last_6mths,structured,0.111048,0.023546,11
13,Structured+Lexicon,Logistic,int_rate,structured,0.263173,0.055802,3
13,Structured+Lexicon,Logistic,loan_amnt,structured,0.175475,0.037207,7
13,Structured+Lexicon,Logistic,mo_sin_old_il_acct,structured,0.001843,0.000391,120
13,Structured+Lexicon,Logistic,mo_sin_old_rev_tl_op,structured,0.096639,0.020491,12
13,Structured+Lexicon,Logistic,mo_sin_rcnt_rev_tl_op,structured,0.014602,0.003096,69
13,Structured+Lexicon,Logistic,mo_sin_rcnt_tl,structured,0.006236,0.001322,106
13,Structured+Lexicon,Logistic,mort_acc,structured,0.00731,0.00155,100
13,Structured+Lexicon,Logistic,mths_since_last_delinq,structured,0.038986,0.008266,30
13,Structured+Lexicon,Logistic,mths_since_last_major_derog,structured,0.028471,0.006037,48
13,Structured+Lexicon,Logistic,mths_since_last_record,structured,0.00894,0.001896,89
13,Structured+Lexicon,Logistic,mths_since_recent_bc,structured,0.189533,0.040188,5
13,Structured+Lexicon,Logistic,mths_since_recent_bc_dlq,structured,0.008954,0.001899,88
13,Structured+Lexicon,Logistic,mths_since_recent_inq,structured,0.057853,0.012267,21
13,Structured+Lexicon,Logistic,mths_since_recent_revol_delinq,structured,0.017464,0.003703,62
13,Structured+Lexicon,Logistic,num_accts_ever_120_pd,structured,0.027893,0.005914,50
13,Structured+Lexicon,Logistic,num_actv_bc_tl,structured,0.022575,0.004787,54
13,Structured+Lexicon,Logistic,num_actv_rev_tl,structured,0.062624,0.013278,20
13,Structured+Lexicon,Logistic,num_bc_sats,structured,0.037655,0.007984,32
13,Structured+Lexicon,Logistic,num_bc_tl,structured,0.076819,0.016288,15
13,Structured+Lexicon,Logistic,num_il_tl,structured,0.068277,0.014477,17
13,Structured+Lexicon,Logistic,num_op_rev_tl,structured,0.005353,0.001135,111
13,Structured+Lexicon,Logistic,num_rev_accts,structured,0.066402,0.01408,19
13,Structured+Lexicon,Logistic,num_tl_120dpd_2m,structured,0.001363,0.000289,124
13,Structured+Lexicon,Logistic,num_tl_30dpd,structured,0.017057,0.003617,64
13,Structured+Lexicon,Logistic,num_tl_90g_dpd_24m,structured,0.005468,0.001159,108
13,Structured+Lexicon,Logistic,num_tl_op_past_12m,structured,0.044929,0.009527,24
13,Structured+Lexicon,Logistic,open_acc,structured,0.011424,0.002422,74
13,Structured+Lexicon,Logistic,pct_tl_nvr_dlq,structured,0.00114,0.000242,126
13,Structured+Lexicon,Logistic,percent_bc_gt_75,structured,0.044065,0.009343,25
13,Structured+Lexicon,Logistic,pub_rec,structured,0.010877,0.002306,78
13,Structured+Lexicon,Logistic,pub_rec_bankruptcies,structured,0.016871,0.003577,65
13,Structured+Lexicon,Logistic,revol_bal,structured,0.067332,0.014277,18
13,Structured+Lexicon,Logistic,revol_util,structured,0.115559,0.024503,10
13,Structured+Lexicon,Logistic,tax_liens,structured,0.007447,0.001579,98
13,Structured+Lexicon,Logistic,term,structured,0.265632,0.056323,2
13,Structured+Lexicon,Logistic,tot_coll_amt,structured,0.008633,0.00183,90
13,Structured+Lexicon,Logistic,tot_cur_bal,structured,0.022258,0.004719,55
13,Structured+Lexicon,Logistic,total_acc,structured,0.040426,0.008572,27
13,Structured+Lexicon,Logistic,total_bal_ex_mort,structured,0.030813,0.006533,45
13,Structured+Lexicon,Logistic,total_bc_limit,structured,0.03126,0.006628,43
13,Structured+Lexicon,Logistic,total_il_high_credit_limit,structured,0.030068,0.006375,46
13,Structured+Lexicon,Logistic,total_rev_hi_lim,structured,0.016814,0.003565,66
13,Structured+Lexicon,Logistic,fico_midpoint,structured,0.185284,0.039287,6
13,Structured+Lexicon,Logistic,credit_history_months,structured,0.078301,0.016603,14
13,Structured+Lexicon,Logistic,initial_list_status_w,structured,0.014944,0.003169,68
13,Structured+Lexicon,Logistic,addr_state_AL,structured,0.007783,0.00165,96
13,Structured+Lexicon,Logistic,addr_state_AR,structured,0.004022,0.000853,114
13,Structured+Lexicon,Logistic,addr_state_AZ,structured,0.001703,0.000361,121
13,Structured+Lexicon,Logistic,addr_state_CA,structured,0.01744,0.003698,63
13,Structured+Lexicon,Logistic,addr_state_CO,structured,0.02271,0.004815,53
13,Structured+Lexicon,Logistic,addr_state_CT,structured,0.000925,0.000196,129
13,Structured+Lexicon,Logistic,addr_state_DC,structured,0.045063,0.009555,23
13,Structured+Lexicon,Logistic,addr_state_DE,structured,0.004714,0.001,113
13,Structured+Lexicon,Logistic,addr_state_FL,structured,0.039067,0.008284,28
13,Structured+Lexicon,Logistic,addr_state_GA,structured,0.010083,0.002138,83
13,Structured+Lexicon,Logistic,addr_state_HI,structured,0.007934,0.001682,93
13,Structured+Lexicon,Logistic,addr_state_IA,structured,0.007813,0.001657,94
13,Structured+Lexicon,Logistic,addr_state_ID,structured,0.010769,0.002283,80
13,Structured+Lexicon,Logistic,addr_state_IL,structured,0.015842,0.003359,67
13,Structured+Lexicon,Logistic,addr_state_IN,structured,0.010594,0.002246,81
13,Structured+Lexicon,Logistic,addr_state_KS,structured,0.020734,0.004396,57
13,Structured+Lexicon,Logistic,addr_state_KY,structured,0.000235,5e-05,133
13,Structured+Lexicon,Logistic,addr_state_LA,structured,0.004888,0.001037,112
13,Structured+Lexicon,Logistic,addr_state_MA,structured,0.011592,0.002458,73
13,Structured+Lexicon,Logistic,addr_state_MD,structured,0.005895,0.00125,107
13,Structured+Lexicon,Logistic,addr_state_MI,structured,0.00134,0.000284,125
13,Structured+Lexicon,Logistic,addr_state_MN,structured,0.019537,0.004143,60
13,Structured+Lexicon,Logistic,addr_state_MO,structured,0.002181,0.000462,118
13,Structured+Lexicon,Logistic,addr_state_MS,structured,0.000725,0.000154,130
13,Structured+Lexicon,Logistic,addr_state_MT,structured,0.020731,0.004396,58
13,Structured+Lexicon,Logistic,addr_state_NC,structured,0.009312,0.001975,86
13,Structured+Lexicon,Logistic,addr_state_NE,structured,0.013232,0.002806,70
13,Structured+Lexicon,Logistic,addr_state_NH,structured,0.019638,0.004164,59
13,Structured+Lexicon,Logistic,addr_state_NJ,structured,0.037359,0.007921,33
13,Structured+Lexicon,Logistic,addr_state_NM,structured,0.007488,0.001588,97
13,Structured+Lexicon,Logistic,addr_state_NV,structured,0.031299,0.006636,42
13,Structured+Lexicon,Logistic,addr_state_NY,structured,0.032623,0.006917,38
13,Structured+Lexicon,Logistic,addr_state_OH,structured,0.003138,0.000665,117
13,Structured+Lexicon,Logistic,addr_state_OK,structured,0.001917,0.000407,119
13,Structured+Lexicon,Logistic,addr_state_OR,structured,0.009858,0.00209,84
13,Structured+Lexicon,Logistic,addr_state_PA,structured,0.007406,0.00157,99
13,Structured+Lexicon,Logistic,addr_state_RI,structured,0.006452,0.001368,104
13,Structured+Lexicon,Logistic,addr_state_SC,structured,0.018793,0.003985,61
13,Structured+Lexicon,Logistic,addr_state_SD,structured,0.008285,0.001757,92
13,Structured+Lexicon,Logistic,addr_state_TN,structured,0.011162,0.002367,76
13,Structured+Lexicon,Logistic,addr_state_TX,structured,0.035089,0.00744,37
13,Structured+Lexicon,Logistic,addr_state_UT,structured,0.007784,0.00165,95
13,Structured+Lexicon,Logistic,addr_state_VA,structured,0.008629,0.00183,91
13,Structured+Lexicon,Logistic,addr_state_VT,structured,0.009201,0.001951,87
13,Structured+Lexicon,Logistic,addr_state_WA,structured,0.005421,0.001149,110
13,Structured+Lexicon,Logistic,addr_state_WI,structured,0.00711,0.001508,101
13,Structured+Lexicon,Logistic,addr_state_WV,structured,0.032262,0.006841,39
13,Structured+Lexicon,Logistic,addr_state_WY,structured,0.028067,0.005951,49
13,Structured+Lexicon,Logistic,purpose_credit_card,structured,0.026899,0.005703,51
13,Structured+Lexicon,Logistic,purpose_debt_consolidation,structured,0.056076,0.01189,22
13,Structured+Lexicon,Logistic,purpose_educational,structured,0.011107,0.002355,77
13,Structured+Lexicon,Logistic,purpose_home_improvement,structured,0.031426,0.006663,41
13,Structured+Lexicon,Logistic,purpose_house,structured,0.012622,0.002676,72
13,Structured+Lexicon,Logistic,purpose_major_purchase,structured,0.001628,0.000345,122
13,Structured+Lexicon,Logistic,purpose_medical,structured,0.035872,0.007606,34
13,Structured+Lexicon,Logistic,purpose_moving,structured,0.026204,0.005556,52
13,Structured+Lexicon,Logistic,purpose_other,structured,0.075628,0.016036,16
13,Structured+Lexicon,Logistic,purpose_renewable_energy,structured,0.022218,0.004711,56
13,Structured+Lexicon,Logistic,purpose_vacation,structured,0.032036,0.006793,40
13,Structured+Lexicon,Logistic,purpose_wedding,structured,0.009659,0.002048,85
13,Structured+Lexicon,Logistic,home_ownership_NONE,structured,0.003876,0.000822,115
13,Structured+Lexicon,Logistic,home_ownership_OTHER,structured,0.010253,0.002174,82
13,Structured+Lexicon,Logistic,home_ownership_OWN,structured,0.000414,8.8e-05,131
13,Structured+Lexicon,Logistic,home_ownership_RENT,structured,0.035314,0.007488,36
13,Structured+Lexicon,Logistic,verification_status_Source Verified,structured,0.03787,0.00803,31
13,Structured+Lexicon,Logistic,verification_status_Verified,structured,0.00545,0.001156,109
13,Structured+Lexicon,Logistic,grade_ord,structured,0.035856,0.007603,35
13,Structured+Lexicon,Logistic,sub_grade_ord,structured,0.010862,0.002303,79
13,Structured+Lexicon,Logistic,risk_word_count,lexicon,0.031096,0.006593,44
13,Structured+Lexicon,Logistic,risk_word_density,lexicon,0.01294,0.002744,71
13,Structured+Lexicon,Logistic,risk_word_flag,lexicon,0.007105,0.001507,102
13,Structured+Lexicon,Logistic,distress_debt_pressure_count,lexicon,0.041574,0.008815,26
13,Structured+Lexicon,Logistic,distress_liquidity_shortage_count,lexicon,0.011417,0.002421,75
13,Structured+Lexicon,Logistic,distress_medical_life_shock_count,lexicon,0.039057,0.008281,29
13,Structured+Lexicon,Logistic,distress_refinancing_burden_count,lexicon,0.00112,0.000237,127
13,Structured+Lexicon,XGBoost,acc_now_delinq,structured,0.0,0.0,133
13,Structured+Lexicon,XGBoost,acc_open_past_24mths,structured,90.70491,0.015018,6
13,Structured+Lexicon,XGBoost,annual_inc,structured,124.183815,0.020561,5
13,Structured+Lexicon,XGBoost,avg_cur_bal,structured,39.48658,0.006538,38
13,Structured+Lexicon,XGBoost,bc_open_to_buy,structured,48.031006,0.007952,18
13,Structured+Lexicon,XGBoost,bc_util,structured,42.759583,0.00708,33
13,Structured+Lexicon,XGBoost,chargeoff_within_12_mths,structured,0.0,0.0,132
13,Structured+Lexicon,XGBoost,collections_12_mths_ex_med,structured,37.417015,0.006195,50
13,Structured+Lexicon,XGBoost,delinq_2yrs,structured,31.94043,0.005288,68
13,Structured+Lexicon,XGBoost,delinq_amnt,structured,0.0,0.0,131
13,Structured+Lexicon,XGBoost,dti,structured,61.179047,0.010129,10
13,Structured+Lexicon,XGBoost,emp_length,structured,47.086529,0.007796,22
13,Structured+Lexicon,XGBoost,inq_last_6mths,structured,71.883766,0.011902,8
13,Structured+Lexicon,XGBoost,int_rate,structured,546.24762,0.09044,2
13,Structured+Lexicon,XGBoost,loan_amnt,structured,50.188789,0.00831,15
13,Structured+Lexicon,XGBoost,mo_sin_old_il_acct,structured,38.913929,0.006443,43
13,Structured+Lexicon,XGBoost,mo_sin_old_rev_tl_op,structured,45.757511,0.007576,26
13,Structured+Lexicon,XGBoost,mo_sin_rcnt_rev_tl_op,structured,44.05043,0.007293,28
13,Structured+Lexicon,XGBoost,mo_sin_rcnt_tl,structured,64.565086,0.01069,9
13,Structured+Lexicon,XGBoost,mort_acc,structured,35.250984,0.005836,59
13,Structured+Lexicon,XGBoost,mths_since_last_delinq,structured,37.705608,0.006243,48
13,Structured+Lexicon,XGBoost,mths_since_last_major_derog,structured,34.22303,0.005666,60
13,Structured+Lexicon,XGBoost,mths_since_last_record,structured,36.072628,0.005972,56
13,Structured+Lexicon,XGBoost,mths_since_recent_bc,structured,52.767574,0.008737,14
13,Structured+Lexicon,XGBoost,mths_since_recent_bc_dlq,structured,29.504232,0.004885,82
13,Structured+Lexicon,XGBoost,mths_since_recent_inq,structured,42.950016,0.007111,32
13,Structured+Lexicon,XGBoost,mths_since_recent_revol_delinq,structured,43.615768,0.007221,29
13,Structured+Lexicon,XGBoost,num_accts_ever_120_pd,structured,31.078531,0.005146,75
13,Structured+Lexicon,XGBoost,num_actv_bc_tl,structured,36.423214,0.00603,53
13,Structured+Lexicon,XGBoost,num_actv_rev_tl,structured,49.255337,0.008155,17
13,Structured+Lexicon,XGBoost,num_bc_sats,structured,37.638577,0.006232,49
13,Structured+Lexicon,XGBoost,num_bc_tl,structured,29.84252,0.004941,80
13,Structured+Lexicon,XGBoost,num_il_tl,structured,53.029858,0.00878,13
13,Structured+Lexicon,XGBoost,num_op_rev_tl,structured,33.755272,0.005589,62
13,Structured+Lexicon,XGBoost,num_rev_accts,structured,29.924274,0.004954,78
13,Structured+Lexicon,XGBoost,num_tl_120dpd_2m,structured,0.0,0.0,130
13,Structured+Lexicon,XGBoost,num_tl_30dpd,structured,20.926836,0.003465,106
13,Structured+Lexicon,XGBoost,num_tl_90g_dpd_24m,structured,0.0,0.0,127
13,Structured+Lexicon,XGBoost,num_tl_op_past_12m,structured,33.813866,0.005598,61
13,Structured+Lexicon,XGBoost,open_acc,structured,29.258127,0.004844,84
13,Structured+Lexicon,XGBoost,pct_tl_nvr_dlq,structured,28.442007,0.004709,87
13,Structured+Lexicon,XGBoost,percent_bc_gt_75,structured,40.720341,0.006742,36
13,Structured+Lexicon,XGBoost,pub_rec,structured,37.972187,0.006287,45
13,Structured+Lexicon,XGBoost,pub_rec_bankruptcies,structured,31.460802,0.005209,74
13,Structured+Lexicon,XGBoost,revol_bal,structured,39.33849,0.006513,41
13,Structured+Lexicon,XGBoost,revol_util,structured,37.884342,0.006272,47
13,Structured+Lexicon,XGBoost,tax_liens,structured,39.018055,0.00646,42
13,Structured+Lexicon,XGBoost,term,structured,305.363403,0.050558,3
13,Structured+Lexicon,XGBoost,tot_coll_amt,structured,31.622238,0.005236,72
13,Structured+Lexicon,XGBoost,tot_cur_bal,structured,32.561279,0.005391,67
13,Structured+Lexicon,XGBoost,total_acc,structured,36.247093,0.006001,54
13,Structured+Lexicon,XGBoost,total_bal_ex_mort,structured,33.132259,0.005486,64
13,Structured+Lexicon,XGBoost,total_bc_limit,structured,40.732571,0.006744,35
13,Structured+Lexicon,XGBoost,total_il_high_credit_limit,structured,43.349365,0.007177,30
13,Structured+Lexicon,XGBoost,total_rev_hi_lim,structured,37.084965,0.00614,51
13,Structured+Lexicon,XGBoost,fico_midpoint,structured,53.572891,0.00887,12
13,Structured+Lexicon,XGBoost,credit_history_months,structured,38.478664,0.006371,44
13,Structured+Lexicon,XGBoost,initial_list_status_w,structured,23.586576,0.003905,101
13,Structured+Lexicon,XGBoost,addr_state_AL,structured,0.0,0.0,129
13,Structured+Lexicon,XGBoost,addr_state_AR,structured,0.0,0.0,128
13,Structured+Lexicon,XGBoost,addr_state_AZ,structured,27.954742,0.004628,90
13,Structured+Lexicon,XGBoost,addr_state_CA,structured,47.326321,0.007836,20
13,Structured+Lexicon,XGBoost,addr_state_CO,structured,37.914207,0.006277,46
13,Structured+Lexicon,XGBoost,addr_state_CT,structured,26.005945,0.004306,95
13,Structured+Lexicon,XGBoost,addr_state_DC,structured,47.160912,0.007808,21
13,Structured+Lexicon,XGBoost,addr_state_DE,structured,24.448198,0.004048,100
13,Structured+Lexicon,XGBoost,addr_state_FL,structured,46.88662,0.007763,23
13,Structured+Lexicon,XGBoost,addr_state_GA,structured,25.602051,0.004239,98
13,Structured+Lexicon,XGBoost,addr_state_HI,structured,0.0,0.0,120
13,Structured+Lexicon,XGBoost,addr_state_IA,structured,0.0,0.0,118
13,Structured+Lexicon,XGBoost,addr_state_ID,structured,0.0,0.0,119
13,Structured+Lexicon,XGBoost,addr_state_IL,structured,30.46553,0.005044,76
13,Structured+Lexicon,XGBoost,addr_state_IN,structured,0.0,0.0,121
13,Structured+Lexicon,XGBoost,addr_state_KS,structured,28.828623,0.004773,86
13,Structured+Lexicon,XGBoost,addr_state_KY,structured,29.271845,0.004846,83
13,Structured+Lexicon,XGBoost,addr_state_LA,structured,18.33819,0.003036,109
13,Structured+Lexicon,XGBoost,addr_state_MA,structured,20.500345,0.003394,107
13,Structured+Lexicon,XGBoost,addr_state_MD,structured,29.65802,0.00491,81
13,Structured+Lexicon,XGBoost,addr_state_MI,structured,23.520374,0.003894,102
13,Structured+Lexicon,XGBoost,addr_state_MN,structured,32.974846,0.00546,65
13,Structured+Lexicon,XGBoost,addr_state_MO,structured,39.391937,0.006522,39
13,Structured+Lexicon,XGBoost,addr_state_MS,structured,0.0,0.0,125
13,Structured+Lexicon,XGBoost,addr_state_MT,structured,30.402725,0.005034,77
13,Structured+Lexicon,XGBoost,addr_state_NC,structured,19.721798,0.003265,108
13,Structured+Lexicon,XGBoost,addr_state_NE,structured,0.0,0.0,124
13,Structured+Lexicon,XGBoost,addr_state_NH,structured,35.496334,0.005877,58
13,Structured+Lexicon,XGBoost,addr_state_NJ,structured,49.279587,0.008159,16
13,Structured+Lexicon,XGBoost,addr_state_NM,structured,0.0,0.0,123
13,Structured+Lexicon,XGBoost,addr_state_NV,structured,45.855656,0.007592,25
13,Structured+Lexicon,XGBoost,addr_state_NY,structured,40.252766,0.006664,37
13,Structured+Lexicon,XGBoost,addr_state_OH,structured,25.227541,0.004177,99
13,Structured+Lexicon,XGBoost,addr_state_OK,structured,29.069164,0.004813,85
13,Structured+Lexicon,XGBoost,addr_state_OR,structured,25.946316,0.004296,97
13,Structured+Lexicon,XGBoost,addr_state_PA,structured,26.825279,0.004441,94
13,Structured+Lexicon,XGBoost,addr_state_RI,structured,0.0,0.0,122
13,Structured+Lexicon,XGBoost,addr_state_SC,structured,28.272402,0.004681,88
13,Structured+Lexicon,XGBoost,addr_state_SD,structured,0.0,0.0,115
13,Structured+Lexicon,XGBoost,addr_state_TN,structured,0.0,0.0,114
13,Structured+Lexicon,XGBoost,addr_state_TX,structured,47.701,0.007898,19
13,Structured+Lexicon,XGBoost,addr_state_UT,structured,21.048016,0.003485,105
13,Structured+Lexicon,XGBoost,addr_state_VA,structured,0.0,0.0,113
13,Structured+Lexicon,XGBoost,addr_state_VT,structured,31.612291,0.005234,73
13,Structured+Lexicon,XGBoost,addr_state_WA,structured,17.768538,0.002942,110
13,Structured+Lexicon,XGBoost,addr_state_WI,structured,15.129517,0.002505,111
13,Structured+Lexicon,XGBoost,addr_state_WV,structured,39.354778,0.006516,40
13,Structured+Lexicon,XGBoost,addr_state_WY,structured,35.705875,0.005912,57
13,Structured+Lexicon,XGBoost,purpose_credit_card,structured,85.333298,0.014128,7
13,Structured+Lexicon,XGBoost,purpose_debt_consolidation,structured,45.735203,0.007572,27
13,Structured+Lexicon,XGBoost,purpose_educational,structured,22.173836,0.003671,104
13,Structured+Lexicon,XGBoost,purpose_home_improvement,structured,25.965458,0.004299,96
13,Structured+Lexicon,XGBoost,purpose_house,structured,0.0,0.0,126
13,Structured+Lexicon,XGBoost,purpose_major_purchase,structured,27.36401,0.004531,93
13,Structured+Lexicon,XGBoost,purpose_medical,structured,23.333614,0.003863,103
13,Structured+Lexicon,XGBoost,purpose_moving,structured,36.191261,0.005992,55
13,Structured+Lexicon,XGBoost,purpose_other,structured,43.277229,0.007165,31
13,Structured+Lexicon,XGBoost,purpose_renewable_energy,structured,31.734032,0.005254,70
13,Structured+Lexicon,XGBoost,purpose_vacation,structured,32.96175,0.005457,66
13,Structured+Lexicon,XGBoost,purpose_wedding,structured,36.528126,0.006048,52
13,Structured+Lexicon,XGBoost,home_ownership_NONE,structured,0.0,0.0,116
13,Structured+Lexicon,XGBoost,home_ownership_OTHER,structured,0.0,0.0,117
13,Structured+Lexicon,XGBoost,home_ownership_OWN,structured,27.370199,0.004532,92
13,Structured+Lexicon,XGBoost,home_ownership_RENT,structured,46.367203,0.007677,24
13,Structured+Lexicon,XGBoost,verification_status_Source Verified,structured,31.72757,0.005253,71
13,Structured+Lexicon,XGBoost,verification_status_Verified,structured,28.176523,0.004665,89
13,Structured+Lexicon,XGBoost,grade_ord,structured,244.075043,0.040411,4
13,Structured+Lexicon,XGBoost,sub_grade_ord,structured,920.381348,0.152384,1
13,Structured+Lexicon,XGBoost,risk_word_count,lexicon,41.804707,0.006921,34
13,Structured+Lexicon,XGBoost,risk_word_density,lexicon,31.867161,0.005276,69
13,Structured+Lexicon,XGBoost,risk_word_flag,lexicon,0.0,0.0,112
13,Structured+Lexicon,XGBoost,distress_debt_pressure_count,lexicon,53.614349,0.008877,11
13,Structured+Lexicon,XGBoost,distress_liquidity_shortage_count,lexicon,29.910147,0.004952,79
13,Structured+Lexicon,XGBoost,distress_medical_life_shock_count,lexicon,33.419346,0.005533,63
13,Structured+Lexicon,XGBoost,distress_refinancing_burden_count,lexicon,27.65476,0.004579,91
13,Structured+Lexicon,RandomForest,acc_now_delinq,structured,1e-06,1e-06,121
13,Structured+Lexicon,RandomForest,acc_open_past_24mths,structured,0.015213,0.015213,27
13,Structured+Lexicon,RandomForest,annual_inc,structured,0.048537,0.048537,4
13,Structured+Lexicon,RandomForest,avg_cur_bal,structured,0.018885,0.018885,18
13,Structured+Lexicon,RandomForest,bc_open_to_buy,structured,0.023094,0.023094,12
13,Structured+Lexicon,RandomForest,bc_util,structured,0.020936,0.020936,15
13,Structured+Lexicon,RandomForest,chargeoff_within_12_mths,structured,3e-06,3e-06,117
13,Structured+Lexicon,RandomForest,collections_12_mths_ex_med,structured,4e-06,4e-06,116
13,Structured+Lexicon,RandomForest,delinq_2yrs,structured,0.001672,0.001672,57
13,Structured+Lexicon,RandomForest,delinq_amnt,structured,1e-06,1e-06,122
13,Structured+Lexicon,RandomForest,dti,structured,0.038172,0.038172,5
13,Structured+Lexicon,RandomForest,emp_length,structured,0.015738,0.015738,23
13,Structured+Lexicon,RandomForest,inq_last_6mths,structured,0.010248,0.010248,35
13,Structured+Lexicon,RandomForest,int_rate,structured,0.075807,0.075807,1
13,Structured+Lexicon,RandomForest,loan_amnt,structured,0.031637,0.031637,9
13,Structured+Lexicon,RandomForest,mo_sin_old_il_acct,structured,0.015522,0.015522,26
13,Structured+Lexicon,RandomForest,mo_sin_old_rev_tl_op,structured,0.016323,0.016323,21
13,Structured+Lexicon,RandomForest,mo_sin_rcnt_rev_tl_op,structured,0.013373,0.013373,29
13,Structured+Lexicon,RandomForest,mo_sin_rcnt_tl,structured,0.012109,0.012109,32
13,Structured+Lexicon,RandomForest,mort_acc,structured,0.007094,0.007094,42
13,Structured+Lexicon,RandomForest,mths_since_last_delinq,structured,0.013317,0.013317,30
13,Structured+Lexicon,RandomForest,mths_since_last_major_derog,structured,0.0032,0.0032,52
13,Structured+Lexicon,RandomForest,mths_since_last_record,structured,0.002702,0.002702,54
13,Structured+Lexicon,RandomForest,mths_since_recent_bc,structured,0.019383,0.019383,17
13,Structured+Lexicon,RandomForest,mths_since_recent_bc_dlq,structured,0.004193,0.004193,50
13,Structured+Lexicon,RandomForest,mths_since_recent_inq,structured,0.015712,0.015712,24
13,Structured+Lexicon,RandomForest,mths_since_recent_revol_delinq,structured,0.006479,0.006479,44
13,Structured+Lexicon,RandomForest,num_accts_ever_120_pd,structured,0.001368,0.001368,59
13,Structured+Lexicon,RandomForest,num_actv_bc_tl,structured,0.006283,0.006283,46
13,Structured+Lexicon,RandomForest,num_actv_rev_tl,structured,0.008013,0.008013,41
13,Structured+Lexicon,RandomForest,num_bc_sats,structured,0.008379,0.008379,38
13,Structured+Lexicon,RandomForest,num_bc_tl,structured,0.009311,0.009311,36
13,Structured+Lexicon,RandomForest,num_il_tl,structured,0.010619,0.010619,34
13,Structured+Lexicon,RandomForest,num_op_rev_tl,structured,0.008085,0.008085,40
13,Structured+Lexicon,RandomForest,num_rev_accts,structured,0.010711,0.010711,33
13,Structured+Lexicon,RandomForest,num_tl_120dpd_2m,structured,0.0,0.0,132
13,Structured+Lexicon,RandomForest,num_tl_30dpd,structured,0.0,0.0,133
13,Structured+Lexicon,RandomForest,num_tl_90g_dpd_24m,structured,0.000188,0.000188,86
13,Structured+Lexicon,RandomForest,num_tl_op_past_12m,structured,0.006451,0.006451,45
13,Structured+Lexicon,RandomForest,open_acc,structured,0.015923,0.015923,22
13,Structured+Lexicon,RandomForest,pct_tl_nvr_dlq,structured,0.006529,0.006529,43
13,Structured+Lexicon,RandomForest,percent_bc_gt_75,structured,0.012562,0.012562,31
13,Structured+Lexicon,RandomForest,pub_rec,structured,0.000869,0.000869,68
13,Structured+Lexicon,RandomForest,pub_rec_bankruptcies,structured,0.000744,0.000744,69
13,Structured+Lexicon,RandomForest,revol_bal,structured,0.029659,0.029659,10
13,Structured+Lexicon,RandomForest,revol_util,structured,0.032705,0.032705,7
13,Structured+Lexicon,RandomForest,tax_liens,structured,1.8e-05,1.8e-05,109
13,Structured+Lexicon,RandomForest,term,structured,0.032981,0.032981,6
13,Structured+Lexicon,RandomForest,tot_coll_amt,structured,0.001362,0.001362,60
13,Structured+Lexicon,RandomForest,tot_cur_bal,structured,0.017599,0.017599,19
13,Structured+Lexicon,RandomForest,total_acc,structured,0.021757,0.021757,13
13,Structured+Lexicon,RandomForest,total_bal_ex_mort,structured,0.021306,0.021306,14
13,Structured+Lexicon,RandomForest,total_bc_limit,structured,0.020834,0.020834,16
13,Structured+Lexicon,RandomForest,total_il_high_credit_limit,structured,0.015613,0.015613,25
13,Structured+Lexicon,RandomForest,total_rev_hi_lim,structured,0.016375,0.016375,20
13,Structured+Lexicon,RandomForest,fico_midpoint,structured,0.031816,0.031816,8
13,Structured+Lexicon,RandomForest,credit_history_months,structured,0.02822,0.02822,11
13,Structured+Lexicon,RandomForest,initial_list_status_w,structured,0.001483,0.001483,58
13,Structured+Lexicon,RandomForest,addr_state_AL,structured,6.7e-05,6.7e-05,97
13,Structured+Lexicon,RandomForest,addr_state_AR,structured,3e-05,3e-05,103
13,Structured+Lexicon,RandomForest,addr_state_AZ,structured,0.000213,0.000213,81
13,Structured+Lexicon,RandomForest,addr_state_CA,structured,0.002172,0.002172,56
13,Structured+Lexicon,RandomForest,addr_state_CO,structured,0.000207,0.000207,82
13,Structured+Lexicon,RandomForest,addr_state_CT,structured,9.1e-05,9.1e-05,91
13,Structured+Lexicon,RandomForest,addr_state_DC,structured,4e-05,4e-05,101
13,Structured+Lexicon,RandomForest,addr_state_DE,structured,0.0,0.0,123
13,Structured+Lexicon,RandomForest,addr_state_FL,structured,0.001159,0.001159,63
13,Structured+Lexicon,RandomForest,addr_state_GA,structured,0.000314,0.000314,75
13,Structured+Lexicon,RandomForest,addr_state_HI,structured,5e-06,5e-06,114
13,Structured+Lexicon,RandomForest,addr_state_IA,structured,0.0,0.0,127
13,Structured+Lexicon,RandomForest,addr_state_ID,structured,0.0,0.0,128
13,Structured+Lexicon,RandomForest,addr_state_IL,structured,0.000525,0.000525,71
13,Structured+Lexicon,RandomForest,addr_state_IN,structured,3.7e-05,3.7e-05,102
13,Structured+Lexicon,RandomForest,addr_state_KS,structured,4.3e-05,4.3e-05,100
13,Structured+Lexicon,RandomForest,addr_state_KY,structured,2.9e-05,2.9e-05,105
13,Structured+Lexicon,RandomForest,addr_state_LA,structured,5.8e-05,5.8e-05,98
13,Structured+Lexicon,RandomForest,addr_state_MA,structured,0.000257,0.000257,77
13,Structured+Lexicon,RandomForest,addr_state_MD,structured,0.000159,0.000159,88
13,Structured+Lexicon,RandomForest,addr_state_MI,structured,0.000167,0.000167,87
13,Structured+Lexicon,RandomForest,addr_state_MN,structured,0.000151,0.000151,89
13,Structured+Lexicon,RandomForest,addr_state_MO,structured,8.6e-05,8.6e-05,93
13,Structured+Lexicon,RandomForest,addr_state_MS,structured,0.0,0.0,129
13,Structured+Lexicon,RandomForest,addr_state_MT,structured,6e-06,6e-06,113
13,Structured+Lexicon,RandomForest,addr_state_NC,structured,0.00025,0.00025,78
13,Structured+Lexicon,RandomForest,addr_state_NE,structured,0.0,0.0,130
13,Structured+Lexicon,RandomForest,addr_state_NH,structured,1.1e-05,1.1e-05,112
13,Structured+Lexicon,RandomForest,addr_state_NJ,structured,0.000448,0.000448,72
13,Structured+Lexicon,RandomForest,addr_state_NM,structured,1.1e-05,1.1e-05,111
13,Structured+Lexicon,RandomForest,addr_state_NV,structured,0.000204,0.000204,83
13,Structured+Lexicon,RandomForest,addr_state_NY,structured,0.001152,0.001152,65
13,Structured+Lexicon,RandomForest,addr_state_OH,structured,0.000246,0.000246,79
13,Structured+Lexicon,RandomForest,addr_state_OK,structured,1.8e-05,1.8e-05,110
13,Structured+Lexicon,RandomForest,addr_state_OR,structured,8.8e-05,8.8e-05,92
13,Structured+Lexicon,RandomForest,addr_state_PA,structured,0.000333,0.000333,74
13,Structured+Lexicon,RandomForest,addr_state_RI,structured,2e-06,2e-06,118
13,Structured+Lexicon,RandomForest,addr_state_SC,structured,8.4e-05,8.4e-05,94
13,Structured+Lexicon,RandomForest,addr_state_SD,structured,1e-06,1e-06,120
13,Structured+Lexicon,RandomForest,addr_state_TN,structured,1.8e-05,1.8e-05,108
13,Structured+Lexicon,RandomForest,addr_state_TX,structured,0.001153,0.001153,64
13,Structured+Lexicon,RandomForest,addr_state_UT,structured,2.9e-05,2.9e-05,104
13,Structured+Lexicon,RandomForest,addr_state_VA,structured,0.000271,0.000271,76
13,Structured+Lexicon,RandomForest,addr_state_VT,structured,0.0,0.0,125
13,Structured+Lexicon,RandomForest,addr_state_WA,structured,0.000201,0.000201,84
13,Structured+Lexicon,RandomForest,addr_state_WI,structured,5.5e-05,5.5e-05,99
13,Structured+Lexicon,RandomForest,addr_state_WV,structured,2.4e-05,2.4e-05,106
13,Structured+Lexicon,RandomForest,addr_state_WY,structured,5e-06,5e-06,115
13,Structured+Lexicon,RandomForest,purpose_credit_card,structured,0.003619,0.003619,51
13,Structured+Lexicon,RandomForest,purpose_debt_consolidation,structured,0.004467,0.004467,48
13,Structured+Lexicon,RandomForest,purpose_educational,structured,0.0,0.0,124
13,Structured+Lexicon,RandomForest,purpose_home_improvement,structured,0.000715,0.000715,70
13,Structured+Lexicon,RandomForest,purpose_house,structured,2.3e-05,2.3e-05,107
13,Structured+Lexicon,RandomForest,purpose_major_purchase,structured,0.000423,0.000423,73
13,Structured+Lexicon,RandomForest,purpose_medical,structured,7.2e-05,7.2e-05,95
13,Structured+Lexicon,RandomForest,purpose_moving,structured,0.000197,0.000197,85
13,Structured+Lexicon,RandomForest,purpose_other,structured,0.001174,0.001174,62
13,Structured+Lexicon,RandomForest,purpose_renewable_energy,structured,2e-06,2e-06,119
13,Structured+Lexicon,RandomForest,purpose_vacation,structured,0.000105,0.000105,90
13,Structured+Lexicon,RandomForest,purpose_wedding,structured,0.000218,0.000218,80
13,Structured+Lexicon,RandomForest,home_ownership_NONE,structured,0.0,0.0,126
13,Structured+Lexicon,RandomForest,home_ownership_OTHER,structured,0.0,0.0,131
13,Structured+Lexicon,RandomForest,home_ownership_OWN,structured,0.000951,0.000951,67
13,Structured+Lexicon,RandomForest,home_ownership_RENT,structured,0.004308,0.004308,49
13,Structured+Lexicon,RandomForest,verification_status_Source Verified,structured,0.002544,0.002544,55
13,Structured+Lexicon,RandomForest,verification_status_Verified,structured,0.005847,0.005847,47
13,Structured+Lexicon,RandomForest,grade_ord,structured,0.050589,0.050589,3
13,Structured+Lexicon,RandomForest,sub_grade_ord,structured,0.070896,0.070896,2
13,Structured+Lexicon,RandomForest,risk_word_count,lexicon,0.008794,0.008794,37
13,Structured+Lexicon,RandomForest,risk_word_density,lexicon,0.013867,0.013867,28
13,Structured+Lexicon,RandomForest,risk_word_flag,lexicon,0.002971,0.002971,53
13,Structured+Lexicon,RandomForest,distress_debt_pressure_count,lexicon,0.008284,0.008284,39
13,Structured+Lexicon,RandomForest,distress_liquidity_shortage_count,lexicon,0.001307,0.001307,61
13,Structured+Lexicon,RandomForest,distress_medical_life_shock_count,lexicon,0.001017,0.001017,66
13,Structured+Lexicon,RandomForest,distress_refinancing_burden_count,lexicon,7.2e-05,7.2e-05,96
14,Structured,Logistic,acc_now_delinq,structured,0.005078,0.001063,101
14,Structured,Logistic,acc_open_past_24mths,structured,0.164443,0.034415,9
14,Structured,Logistic,annual_inc,structured,0.291884,0.061086,2
14,Structured,Logistic,avg_cur_bal,structured,0.038126,0.007979,34
14,Structured,Logistic,bc_open_to_buy,structured,0.208504,0.043636,5
14,Structured,Logistic,bc_util,structured,0.180448,0.037765,8
14,Structured,Logistic,chargeoff_within_12_mths,structured,0.008043,0.001683,91
14,Structured,Logistic,collections_12_mths_ex_med,structured,0.001301,0.000272,117
14,Structured,Logistic,delinq_2yrs,structured,0.028702,0.006007,47
14,Structured,Logistic,delinq_amnt,structured,0.005386,0.001127,99
14,Structured,Logistic,dti,structured,0.100315,0.020994,12
14,Structured,Logistic,emp_length,structured,0.007073,0.00148,94
14,Structured,Logistic,inq_last_6mths,structured,0.097359,0.020376,13
14,Structured,Logistic,int_rate,structured,0.317571,0.066462,1
14,Structured,Logistic,loan_amnt,structured,0.184494,0.038611,6
14,Structured,Logistic,mo_sin_old_il_acct,structured,0.013057,0.002733,71
14,Structured,Logistic,mo_sin_old_rev_tl_op,structured,0.103601,0.021682,11
14,Structured,Logistic,mo_sin_rcnt_rev_tl_op,structured,0.005275,0.001104,100
14,Structured,Logistic,mo_sin_rcnt_tl,structured,0.018844,0.003944,60
14,Structured,Logistic,mort_acc,structured,0.001361,0.000285,116
14,Structured,Logistic,mths_since_last_delinq,structured,0.030589,0.006402,43
14,Structured,Logistic,mths_since_last_major_derog,structured,0.02611,0.005464,50
14,Structured,Logistic,mths_since_last_record,structured,0.000275,5.8e-05,123
14,Structured,Logistic,mths_since_recent_bc,structured,0.214381,0.044866,4
14,Structured,Logistic,mths_since_recent_bc_dlq,structured,0.005398,0.00113,98
14,Structured,Logistic,mths_since_recent_inq,structured,0.04967,0.010395,22
14,Structured,Logistic,mths_since_recent_revol_delinq,structured,0.013142,0.00275,70
14,Structured,Logistic,num_accts_ever_120_pd,structured,0.022974,0.004808,55
14,Structured,Logistic,num_actv_bc_tl,structured,0.014381,0.00301,67
14,Structured,Logistic,num_actv_rev_tl,structured,0.063266,0.013241,19
14,Structured,Logistic,num_bc_sats,structured,0.028229,0.005908,49
14,Structured,Logistic,num_bc_tl,structured,0.08606,0.018011,15
14,Structured,Logistic,num_il_tl,structured,0.062628,0.013107,20
14,Structured,Logistic,num_op_rev_tl,structured,0.022672,0.004745,56
14,Structured,Logistic,num_rev_accts,structured,0.08007,0.016757,16
14,Structured,Logistic,num_tl_120dpd_2m,structured,0.003694,0.000773,107
14,Structured,Logistic,num_tl_30dpd,structured,0.013846,0.002898,69
14,Structured,Logistic,num_tl_90g_dpd_24m,structured,0.009367,0.00196,84
14,Structured,Logistic,num_tl_op_past_12m,structured,0.046793,0.009793,24
14,Structured,Logistic,open_acc,structured,0.002945,0.000616,113
14,Structured,Logistic,pct_tl_nvr_dlq,structured,0.044967,0.009411,25
14,Structured,Logistic,percent_bc_gt_75,structured,0.040964,0.008573,29
14,Structured,Logistic,pub_rec,structured,0.010486,0.002194,76
14,Structured,Logistic,pub_rec_bankruptcies,structured,0.015041,0.003148,65
14,Structured,Logistic,revol_bal,structured,0.065748,0.01376,18
14,Structured,Logistic,revol_util,structured,0.116622,0.024407,10
14,Structured,Logistic,tax_liens,structured,0.008715,0.001824,89
14,Structured,Logistic,term,structured,0.274375,0.057422,3
14,Structured,Logistic,tot_coll_amt,structured,0.016068,0.003363,64
14,Structured,Logistic,tot_cur_bal,structured,0.024089,0.005041,53
14,Structured,Logistic,total_acc,structured,0.040317,0.008438,30
14,Structured,Logistic,total_bal_ex_mort,structured,0.046942,0.009824,23
14,Structured,Logistic,total_bc_limit,structured,0.062568,0.013094,21
14,Structured,Logistic,total_il_high_credit_limit,structured,0.044267,0.009264,26
14,Structured,Logistic,total_rev_hi_lim,structured,0.031279,0.006546,42
14,Structured,Logistic,fico_midpoint,structured,0.180799,0.037838,7
14,Structured,Logistic,credit_history_months,structured,0.08944,0.018718,14
14,Structured,Logistic,initial_list_status_w,structured,0.010269,0.002149,78
14,Structured,Logistic,addr_state_AL,structured,0.007204,0.001508,93
14,Structured,Logistic,addr_state_AR,structured,0.002701,0.000565,114
14,Structured,Logistic,addr_state_AZ,structured,0.00067,0.00014,120
14,Structured,Logistic,addr_state_CA,structured,0.014336,0.003,68
14,Structured,Logistic,addr_state_CO,structured,0.028655,0.005997,48
14,Structured,Logistic,addr_state_CT,structured,0.00039,8.2e-05,122
14,Structured,Logistic,addr_state_DC,structured,0.034703,0.007263,37
14,Structured,Logistic,addr_state_DE,structured,0.000468,9.8e-05,121
14,Structured,Logistic,addr_state_FL,structured,0.032129,0.006724,41
14,Structured,Logistic,addr_state_GA,structured,0.010086,0.002111,79
14,Structured,Logistic,addr_state_HI,structured,0.003225,0.000675,112
14,Structured,Logistic,addr_state_IA,structured,0.006036,0.001263,96
14,Structured,Logistic,addr_state_ID,structured,0.010478,0.002193,77
14,Structured,Logistic,addr_state_IL,structured,0.014465,0.003027,66
14,Structured,Logistic,addr_state_IN,structured,0.009121,0.001909,85
14,Structured,Logistic,addr_state_KS,structured,0.017125,0.003584,62
14,Structured,Logistic,addr_state_KY,structured,0.001263,0.000264,118
14,Structured,Logistic,addr_state_LA,structured,0.003426,0.000717,108
14,Structured,Logistic,addr_state_MA,structured,0.008148,0.001705,90
14,Structured,Logistic,addr_state_MD,structured,0.01002,0.002097,80
14,Structured,Logistic,addr_state_MI,structured,0.007601,0.001591,92
14,Structured,Logistic,addr_state_MN,structured,0.00892,0.001867,87
14,Structured,Logistic,addr_state_MO,structured,0.005043,0.001055,102
14,Structured,Logistic,addr_state_MS,structured,5e-05,1e-05,126
14,Structured,Logistic,addr_state_MT,structured,0.020777,0.004348,59
14,Structured,Logistic,addr_state_NC,structured,0.003922,0.000821,106
14,Structured,Logistic,addr_state_NE,structured,0.005553,0.001162,97
14,Structured,Logistic,addr_state_NH,structured,0.024119,0.005048,52
14,Structured,Logistic,addr_state_NJ,structured,0.03994,0.008359,31
14,Structured,Logistic,addr_state_NM,structured,0.00653,0.001367,95
14,Structured,Logistic,addr_state_NV,structured,0.029992,0.006277,44
14,Structured,Logistic,addr_state_NY,structured,0.032761,0.006856,39
14,Structured,Logistic,addr_state_OH,structured,0.000143,3e-05,124
14,Structured,Logistic,addr_state_OK,structured,0.004094,0.000857,104
14,Structured,Logistic,addr_state_OR,structured,0.012259,0.002566,72
14,Structured,Logistic,addr_state_PA,structured,0.004563,0.000955,103
14,Structured,Logistic,addr_state_RI,structured,0.002554,0.000535,115
14,Structured,Logistic,addr_state_SC,structured,0.021068,0.004409,58
14,Structured,Logistic,addr_state_SD,structured,0.003337,0.000698,110
14,Structured,Logistic,addr_state_TN,structured,0.016635,0.003481,63
14,Structured,Logistic,addr_state_TX,structured,0.029659,0.006207,46
14,Structured,Logistic,addr_state_UT,structured,0.009386,0.001964,83
14,Structured,Logistic,addr_state_VA,structured,0.004047,0.000847,105
14,Structured,Logistic,addr_state_VT,structured,0.010733,0.002246,75
14,Structured,Logistic,addr_state_WA,structured,0.009622,0.002014,82
14,Structured,Logistic,addr_state_WI,structured,0.008769,0.001835,88
14,Structured,Logistic,addr_state_WV,structured,0.02502,0.005236,51
14,Structured,Logistic,addr_state_WY,structured,0.021483,0.004496,57
14,Structured,Logistic,purpose_credit_card,structured,0.032631,0.006829,40
14,Structured,Logistic,purpose_debt_consolidation,structured,0.038283,0.008012,33
14,Structured,Logistic,purpose_educational,structured,0.009734,0.002037,81
14,Structured,Logistic,purpose_home_improvement,structured,0.037982,0.007949,35
14,Structured,Logistic,purpose_house,structured,0.011582,0.002424,73
14,Structured,Logistic,purpose_major_purchase,structured,0.003286,0.000688,111
14,Structured,Logistic,purpose_medical,structured,0.037914,0.007935,36
14,Structured,Logistic,purpose_moving,structured,0.023964,0.005015,54
14,Structured,Logistic,purpose_other,structured,0.069808,0.01461,17
14,Structured,Logistic,purpose_renewable_energy,structured,0.018834,0.003942,61
14,Structured,Logistic,purpose_vacation,structured,0.029965,0.006271,45
14,Structured,Logistic,purpose_wedding,structured,0.011202,0.002344,74
14,Structured,Logistic,home_ownership_NONE,structured,0.00334,0.000699,109
14,Structured,Logistic,home_ownership_OTHER,structured,0.009024,0.001889,86
14,Structured,Logistic,home_ownership_OWN,structured,7.1e-05,1.5e-05,125
14,Structured,Logistic,home_ownership_RENT,structured,0.041249,0.008633,28
14,Structured,Logistic,verification_status_Source Verified,structured,0.032781,0.006861,38
14,Structured,Logistic,verification_status_Verified,structured,0.000888,0.000186,119
14,Structured,Logistic,grade_ord,structured,0.042284,0.008849,27
14,Structured,Logistic,sub_grade_ord,structured,0.039868,0.008344,32
14,Structured,XGBoost,acc_now_delinq,structured,0.0,0.0,126
14,Structured,XGBoost,acc_open_past_24mths,structured,95.988579,0.013095,6
14,Structured,XGBoost,annual_inc,structured,144.117508,0.019662,5
14,Structured,XGBoost,avg_cur_bal,structured,54.523827,0.007439,15
14,Structured,XGBoost,bc_open_to_buy,structured,47.031223,0.006416,26
14,Structured,XGBoost,bc_util,structured,45.314495,0.006182,32
14,Structured,XGBoost,chargeoff_within_12_mths,structured,28.007402,0.003821,87
14,Structured,XGBoost,collections_12_mths_ex_med,structured,0.0,0.0,125
14,Structured,XGBoost,delinq_2yrs,structured,31.364004,0.004279,78
14,Structured,XGBoost,delinq_amnt,structured,0.0,0.0,124
14,Structured,XGBoost,dti,structured,74.572121,0.010174,9
14,Structured,XGBoost,emp_length,structured,52.284687,0.007133,19
14,Structured,XGBoost,inq_last_6mths,structured,76.333221,0.010414,8
14,Structured,XGBoost,int_rate,structured,638.807678,0.087151,3
14,Structured,XGBoost,loan_amnt,structured,56.268799,0.007677,13
14,Structured,XGBoost,mo_sin_old_il_acct,structured,39.776531,0.005427,45
14,Structured,XGBoost,mo_sin_old_rev_tl_op,structured,47.299129,0.006453,24
14,Structured,XGBoost,mo_sin_rcnt_rev_tl_op,structured,45.819622,0.006251,30
14,Structured,XGBoost,mo_sin_rcnt_tl,structured,70.610146,0.009633,10
14,Structured,XGBoost,mort_acc,structured,34.646175,0.004727,61
14,Structured,XGBoost,mths_since_last_delinq,structured,41.37672,0.005645,40
14,Structured,XGBoost,mths_since_last_major_derog,structured,32.686638,0.004459,71
14,Structured,XGBoost,mths_since_last_record,structured,35.492672,0.004842,58
14,Structured,XGBoost,mths_since_recent_bc,structured,58.218437,0.007943,11
14,Structured,XGBoost,mths_since_recent_bc_dlq,structured,26.51676,0.003618,88
14,Structured,XGBoost,mths_since_recent_inq,structured,46.265854,0.006312,27
14,Structured,XGBoost,mths_since_recent_revol_delinq,structured,42.728443,0.005829,35
14,Structured,XGBoost,num_accts_ever_120_pd,structured,24.83651,0.003388,92
14,Structured,XGBoost,num_actv_bc_tl,structured,35.806244,0.004885,55
14,Structured,XGBoost,num_actv_rev_tl,structured,53.899666,0.007353,17
14,Structured,XGBoost,num_bc_sats,structured,37.921551,0.005174,49
14,Structured,XGBoost,num_bc_tl,structured,34.013214,0.00464,64
14,Structured,XGBoost,num_il_tl,structured,53.950188,0.00736,16
14,Structured,XGBoost,num_op_rev_tl,structured,30.306814,0.004135,81
14,Structured,XGBoost,num_rev_accts,structured,36.085793,0.004923,54
14,Structured,XGBoost,num_tl_120dpd_2m,structured,0.0,0.0,119
14,Structured,XGBoost,num_tl_30dpd,structured,0.0,0.0,120
14,Structured,XGBoost,num_tl_90g_dpd_24m,structured,0.0,0.0,121
14,Structured,XGBoost,num_tl_op_past_12m,structured,33.798153,0.004611,65
14,Structured,XGBoost,open_acc,structured,31.05217,0.004236,79
14,Structured,XGBoost,pct_tl_nvr_dlq,structured,34.608398,0.004722,62
14,Structured,XGBoost,percent_bc_gt_75,structured,39.362999,0.00537,46
14,Structured,XGBoost,pub_rec,structured,32.691998,0.00446,70
14,Structured,XGBoost,pub_rec_bankruptcies,structured,29.631828,0.004043,84
14,Structured,XGBoost,revol_bal,structured,41.141586,0.005613,41
14,Structured,XGBoost,revol_util,structured,41.945896,0.005723,36
14,Structured,XGBoost,tax_liens,structured,0.0,0.0,122
14,Structured,XGBoost,term,structured,392.356537,0.053528,4
14,Structured,XGBoost,tot_coll_amt,structured,31.391745,0.004283,77
14,Structured,XGBoost,tot_cur_bal,structured,38.59153,0.005265,47
14,Structured,XGBoost,total_acc,structured,37.09581,0.005061,51
14,Structured,XGBoost,total_bal_ex_mort,structured,35.626694,0.00486,56
14,Structured,XGBoost,total_bc_limit,structured,49.22131,0.006715,21
14,Structured,XGBoost,total_il_high_credit_limit,structured,49.093689,0.006698,22
14,Structured,XGBoost,total_rev_hi_lim,structured,41.868484,0.005712,38
14,Structured,XGBoost,fico_midpoint,structured,57.297733,0.007817,12
14,Structured,XGBoost,credit_history_months,structured,40.71703,0.005555,43
14,Structured,XGBoost,initial_list_status_w,structured,35.246609,0.004809,59
14,Structured,XGBoost,addr_state_AL,structured,0.0,0.0,123
14,Structured,XGBoost,addr_state_AR,structured,14.39529,0.001964,102
14,Structured,XGBoost,addr_state_AZ,structured,21.610014,0.002948,98
14,Structured,XGBoost,addr_state_CA,structured,40.14592,0.005477,44
14,Structured,XGBoost,addr_state_CO,structured,46.133327,0.006294,28
14,Structured,XGBoost,addr_state_CT,structured,24.469524,0.003338,93
14,Structured,XGBoost,addr_state_DC,structured,48.159447,0.00657,23
14,Structured,XGBoost,addr_state_DE,structured,26.457552,0.00361,89
14,Structured,XGBoost,addr_state_FL,structured,45.409904,0.006195,31
14,Structured,XGBoost,addr_state_GA,structured,30.598043,0.004174,80
14,Structured,XGBoost,addr_state_HI,structured,0.0,0.0,113
14,Structured,XGBoost,addr_state_IA,structured,0.0,0.0,111
14,Structured,XGBoost,addr_state_ID,structured,0.0,0.0,112
14,Structured,XGBoost,addr_state_IL,structured,34.187363,0.004664,63
14,Structured,XGBoost,addr_state_IN,structured,32.293903,0.004406,74
14,Structured,XGBoost,addr_state_KS,structured,31.468607,0.004293,76
14,Structured,XGBoost,addr_state_KY,structured,23.309982,0.00318,96
14,Structured,XGBoost,addr_state_LA,structured,33.240036,0.004535,68
14,Structured,XGBoost,addr_state_MA,structured,29.113983,0.003972,85
14,Structured,XGBoost,addr_state_MD,structured,20.900076,0.002851,99
14,Structured,XGBoost,addr_state_MI,structured,17.071581,0.002329,101
14,Structured,XGBoost,addr_state_MN,structured,25.398037,0.003465,91
14,Structured,XGBoost,addr_state_MO,structured,0.0,0.0,118
14,Structured,XGBoost,addr_state_MS,structured,0.0,0.0,117
14,Structured,XGBoost,addr_state_MT,structured,38.449879,0.005246,48
14,Structured,XGBoost,addr_state_NC,structured,30.12203,0.004109,82
14,Structured,XGBoost,addr_state_NE,structured,0.0,0.0,115
14,Structured,XGBoost,addr_state_NH,structured,42.934452,0.005857,34
14,Structured,XGBoost,addr_state_NJ,structured,54.598217,0.007449,14
14,Structured,XGBoost,addr_state_NM,structured,0.0,0.0,116
14,Structured,XGBoost,addr_state_NV,structured,44.285862,0.006042,33
14,Structured,XGBoost,addr_state_NY,structured,41.383942,0.005646,39
14,Structured,XGBoost,addr_state_OH,structured,17.242222,0.002352,100
14,Structured,XGBoost,addr_state_OK,structured,23.666733,0.003229,95
14,Structured,XGBoost,addr_state_OR,structured,32.62569,0.004451,72
14,Structured,XGBoost,addr_state_PA,structured,0.0,0.0,114
14,Structured,XGBoost,addr_state_RI,structured,0.0,0.0,103
14,Structured,XGBoost,addr_state_SC,structured,40.876179,0.005577,42
14,Structured,XGBoost,addr_state_SD,structured,0.0,0.0,110
14,Structured,XGBoost,addr_state_TN,structured,36.369453,0.004962,53
14,Structured,XGBoost,addr_state_TX,structured,50.475983,0.006886,20
14,Structured,XGBoost,addr_state_UT,structured,24.381336,0.003326,94
14,Structured,XGBoost,addr_state_VA,structured,0.0,0.0,107
14,Structured,XGBoost,addr_state_VT,structured,0.0,0.0,108
14,Structured,XGBoost,addr_state_WA,structured,35.154598,0.004796,60
14,Structured,XGBoost,addr_state_WI,structured,0.0,0.0,109
14,Structured,XGBoost,addr_state_WV,structured,36.661053,0.005002,52
14,Structured,XGBoost,addr_state_WY,structured,47.131153,0.00643,25
14,Structured,XGBoost,purpose_credit_card,structured,76.865051,0.010486,7
14,Structured,XGBoost,purpose_debt_consolidation,structured,33.375416,0.004553,67
14,Structured,XGBoost,purpose_educational,structured,0.0,0.0,106
14,Structured,XGBoost,purpose_home_improvement,structured,25.92001,0.003536,90
14,Structured,XGBoost,purpose_house,structured,31.985899,0.004364,75
14,Structured,XGBoost,purpose_major_purchase,structured,33.642639,0.00459,66
14,Structured,XGBoost,purpose_medical,structured,32.525196,0.004437,73
14,Structured,XGBoost,purpose_moving,structured,32.96413,0.004497,69
14,Structured,XGBoost,purpose_other,structured,46.08379,0.006287,29
14,Structured,XGBoost,purpose_renewable_energy,structured,29.808846,0.004067,83
14,Structured,XGBoost,purpose_vacation,structured,28.668161,0.003911,86
14,Structured,XGBoost,purpose_wedding,structured,35.600883,0.004857,57
14,Structured,XGBoost,home_ownership_NONE,structured,0.0,0.0,105
14,Structured,XGBoost,home_ownership_OTHER,structured,0.0,0.0,104
14,Structured,XGBoost,home_ownership_OWN,structured,41.885178,0.005714,37
14,Structured,XGBoost,home_ownership_RENT,structured,52.616394,0.007178,18
14,Structured,XGBoost,verification_status_Source Verified,structured,37.444859,0.005108,50
14,Structured,XGBoost,verification_status_Verified,structured,22.474977,0.003066,97
14,Structured,XGBoost,grade_ord,structured,1356.257568,0.18503,1
14,Structured,XGBoost,sub_grade_ord,structured,1005.464722,0.137173,2
14,Structured,RandomForest,acc_now_delinq,structured,0.0,0.0,116
14,Structured,RandomForest,acc_open_past_24mths,structured,0.015984,0.015984,24
14,Structured,RandomForest,annual_inc,structured,0.047975,0.047975,4
14,Structured,RandomForest,avg_cur_bal,structured,0.021778,0.021778,16
14,Structured,RandomForest,bc_open_to_buy,structured,0.024316,0.024316,12
14,Structured,RandomForest,bc_util,structured,0.022014,0.022014,15
14,Structured,RandomForest,chargeoff_within_12_mths,structured,6e-06,6e-06,108
14,Structured,RandomForest,collections_12_mths_ex_med,structured,2e-06,2e-06,114
14,Structured,RandomForest,delinq_2yrs,structured,0.001762,0.001762,53
14,Structured,RandomForest,delinq_amnt,structured,3e-06,3e-06,110
14,Structured,RandomForest,dti,structured,0.039867,0.039867,5
14,Structured,RandomForest,emp_length,structured,0.015587,0.015587,26
14,Structured,RandomForest,inq_last_6mths,structured,0.009066,0.009066,36
14,Structured,RandomForest,int_rate,structured,0.082531,0.082531,1
14,Structured,RandomForest,loan_amnt,structured,0.031682,0.031682,8
14,Structured,RandomForest,mo_sin_old_il_acct,structured,0.017748,0.017748,23
14,Structured,RandomForest,mo_sin_old_rev_tl_op,structured,0.018289,0.018289,21
14,Structured,RandomForest,mo_sin_rcnt_rev_tl_op,structured,0.014578,0.014578,28
14,Structured,RandomForest,mo_sin_rcnt_tl,structured,0.013609,0.013609,29
14,Structured,RandomForest,mort_acc,structured,0.007725,0.007725,40
14,Structured,RandomForest,mths_since_last_delinq,structured,0.013299,0.013299,30
14,Structured,RandomForest,mths_since_last_major_derog,structured,0.003912,0.003912,48
14,Structured,RandomForest,mths_since_last_record,structured,0.003162,0.003162,50
14,Structured,RandomForest,mths_since_recent_bc,structured,0.020764,0.020764,18
14,Structured,RandomForest,mths_since_recent_bc_dlq,structured,0.004804,0.004804,45
14,Structured,RandomForest,mths_since_recent_inq,structured,0.015981,0.015981,25
14,Structured,RandomForest,mths_since_recent_revol_delinq,structured,0.006897,0.006897,42
14,Structured,RandomForest,num_accts_ever_120_pd,structured,0.001519,0.001519,56
14,Structured,RandomForest,num_actv_bc_tl,structured,0.006786,0.006786,43
14,Structured,RandomForest,num_actv_rev_tl,structured,0.008635,0.008635,37
14,Structured,RandomForest,num_bc_sats,structured,0.008505,0.008505,38
14,Structured,RandomForest,num_bc_tl,structured,0.010321,0.010321,34
14,Structured,RandomForest,num_il_tl,structured,0.011852,0.011852,33
14,Structured,RandomForest,num_op_rev_tl,structured,0.00919,0.00919,35
14,Structured,RandomForest,num_rev_accts,structured,0.011975,0.011975,32
14,Structured,RandomForest,num_tl_120dpd_2m,structured,0.0,0.0,126
14,Structured,RandomForest,num_tl_30dpd,structured,0.0,0.0,117
14,Structured,RandomForest,num_tl_90g_dpd_24m,structured,0.000227,0.000227,74
14,Structured,RandomForest,num_tl_op_past_12m,structured,0.007491,0.007491,41
14,Structured,RandomForest,open_acc,structured,0.015222,0.015222,27
14,Structured,RandomForest,pct_tl_nvr_dlq,structured,0.007878,0.007878,39
14,Structured,RandomForest,percent_bc_gt_75,structured,0.013216,0.013216,31
14,Structured,RandomForest,pub_rec,structured,0.000924,0.000924,62
14,Structured,RandomForest,pub_rec_bankruptcies,structured,0.000737,0.000737,63
14,Structured,RandomForest,revol_bal,structured,0.029172,0.029172,10
14,Structured,RandomForest,revol_util,structured,0.032228,0.032228,7
14,Structured,RandomForest,tax_liens,structured,2.1e-05,2.1e-05,101
14,Structured,RandomForest,term,structured,0.037827,0.037827,6
14,Structured,RandomForest,tot_coll_amt,structured,0.001584,0.001584,55
14,Structured,RandomForest,tot_cur_bal,structured,0.020554,0.020554,19
14,Structured,RandomForest,total_acc,structured,0.021541,0.021541,17
14,Structured,RandomForest,total_bal_ex_mort,structured,0.022876,0.022876,13
14,Structured,RandomForest,total_bc_limit,structured,0.022319,0.022319,14
14,Structured,RandomForest,total_il_high_credit_limit,structured,0.018024,0.018024,22
14,Structured,RandomForest,total_rev_hi_lim,structured,0.0186,0.0186,20
14,Structured,RandomForest,fico_midpoint,structured,0.029636,0.029636,9
14,Structured,RandomForest,credit_history_months,structured,0.028299,0.028299,11
14,Structured,RandomForest,initial_list_status_w,structured,0.001621,0.001621,54
14,Structured,RandomForest,addr_state_AL,structured,6e-05,6e-05,91
14,Structured,RandomForest,addr_state_AR,structured,2.1e-05,2.1e-05,100
14,Structured,RandomForest,addr_state_AZ,structured,0.000199,0.000199,77
14,Structured,RandomForest,addr_state_CA,structured,0.002134,0.002134,52
14,Structured,RandomForest,addr_state_CO,structured,0.000211,0.000211,75
14,Structured,RandomForest,addr_state_CT,structured,9.5e-05,9.5e-05,85
14,Structured,RandomForest,addr_state_DC,structured,2.9e-05,2.9e-05,99
14,Structured,RandomForest,addr_state_DE,structured,2e-06,2e-06,113
14,Structured,RandomForest,addr_state_FL,structured,0.001063,0.001063,60
14,Structured,RandomForest,addr_state_GA,structured,0.000345,0.000345,68
14,Structured,RandomForest,addr_state_HI,structured,1.6e-05,1.6e-05,105
14,Structured,RandomForest,addr_state_IA,structured,0.0,0.0,120
14,Structured,RandomForest,addr_state_ID,structured,0.0,0.0,119
14,Structured,RandomForest,addr_state_IL,structured,0.00051,0.00051,66
14,Structured,RandomForest,addr_state_IN,structured,5.1e-05,5.1e-05,94
14,Structured,RandomForest,addr_state_KS,structured,5.7e-05,5.7e-05,93
14,Structured,RandomForest,addr_state_KY,structured,3e-05,3e-05,98
14,Structured,RandomForest,addr_state_LA,structured,5.8e-05,5.8e-05,92
14,Structured,RandomForest,addr_state_MA,structured,0.000252,0.000252,72
14,Structured,RandomForest,addr_state_MD,structured,0.000183,0.000183,78
14,Structured,RandomForest,addr_state_MI,structured,0.000171,0.000171,81
14,Structured,RandomForest,addr_state_MN,structured,0.000114,0.000114,83
14,Structured,RandomForest,addr_state_MO,structured,9.3e-05,9.3e-05,86
14,Structured,RandomForest,addr_state_MS,structured,0.0,0.0,122
14,Structured,RandomForest,addr_state_MT,structured,2e-06,2e-06,112
14,Structured,RandomForest,addr_state_NC,structured,0.000243,0.000243,73
14,Structured,RandomForest,addr_state_NE,structured,0.0,0.0,121
14,Structured,RandomForest,addr_state_NH,structured,7e-06,7e-06,106
14,Structured,RandomForest,addr_state_NJ,structured,0.000536,0.000536,65
14,Structured,RandomForest,addr_state_NM,structured,1.6e-05,1.6e-05,104
14,Structured,RandomForest,addr_state_NV,structured,0.000176,0.000176,80
14,Structured,RandomForest,addr_state_NY,structured,0.001204,0.001204,57
14,Structured,RandomForest,addr_state_OH,structured,0.00026,0.00026,71
14,Structured,RandomForest,addr_state_OK,structured,3.1e-05,3.1e-05,97
14,Structured,RandomForest,addr_state_OR,structured,7.3e-05,7.3e-05,88
14,Structured,RandomForest,addr_state_PA,structured,0.000367,0.000367,67
14,Structured,RandomForest,addr_state_RI,structured,7e-06,7e-06,107
14,Structured,RandomForest,addr_state_SC,structured,6.8e-05,6.8e-05,89
14,Structured,RandomForest,addr_state_SD,structured,2e-06,2e-06,115
14,Structured,RandomForest,addr_state_TN,structured,3.5e-05,3.5e-05,95
14,Structured,RandomForest,addr_state_TX,structured,0.001145,0.001145,58
14,Structured,RandomForest,addr_state_UT,structured,2e-05,2e-05,103
14,Structured,RandomForest,addr_state_VA,structured,0.000282,0.000282,70
14,Structured,RandomForest,addr_state_VT,structured,0.0,0.0,118
14,Structured,RandomForest,addr_state_WA,structured,0.000201,0.000201,76
14,Structured,RandomForest,addr_state_WI,structured,6.2e-05,6.2e-05,90
14,Structured,RandomForest,addr_state_WV,structured,2.1e-05,2.1e-05,102
14,Structured,RandomForest,addr_state_WY,structured,3e-06,3e-06,111
14,Structured,RandomForest,purpose_credit_card,structured,0.003356,0.003356,49
14,Structured,RandomForest,purpose_debt_consolidation,structured,0.004283,0.004283,46
14,Structured,RandomForest,purpose_educational,structured,0.0,0.0,125
14,Structured,RandomForest,purpose_home_improvement,structured,0.000701,0.000701,64
14,Structured,RandomForest,purpose_house,structured,3.4e-05,3.4e-05,96
14,Structured,RandomForest,purpose_major_purchase,structured,0.000338,0.000338,69
14,Structured,RandomForest,purpose_medical,structured,8.8e-05,8.8e-05,87
14,Structured,RandomForest,purpose_moving,structured,0.000155,0.000155,82
14,Structured,RandomForest,purpose_other,structured,0.001078,0.001078,59
14,Structured,RandomForest,purpose_renewable_energy,structured,3e-06,3e-06,109
14,Structured,RandomForest,purpose_vacation,structured,9.6e-05,9.6e-05,84
14,Structured,RandomForest,purpose_wedding,structured,0.00018,0.00018,79
14,Structured,RandomForest,home_ownership_NONE,structured,0.0,0.0,123
14,Structured,RandomForest,home_ownership_OTHER,structured,0.0,0.0,124
14,Structured,RandomForest,home_ownership_OWN,structured,0.001001,0.001001,61
14,Structured,RandomForest,home_ownership_RENT,structured,0.004159,0.004159,47
14,Structured,RandomForest,verification_status_Source Verified,structured,0.002705,0.002705,51
14,Structured,RandomForest,verification_status_Verified,structured,0.004988,0.004988,44
14,Structured,RandomForest,grade_ord,structured,0.050614,0.050614,3
14,Structured,RandomForest,sub_grade_ord,structured,0.063645,0.063645,2
14,Structured+Lexicon,Logistic,acc_now_delinq,structured,0.00519,0.001057,108
14,Structured+Lexicon,Logistic,acc_open_past_24mths,structured,0.164024,0.033394,9
14,Structured+Lexicon,Logistic,annual_inc,structured,0.291247,0.059295,2
14,Structured+Lexicon,Logistic,avg_cur_bal,structured,0.039621,0.008066,33
14,Structured+Lexicon,Logistic,bc_open_to_buy,structured,0.209257,0.042603,5
14,Structured+Lexicon,Logistic,bc_util,structured,0.18249,0.037153,7
14,Structured+Lexicon,Logistic,chargeoff_within_12_mths,structured,0.008011,0.001631,98
14,Structured+Lexicon,Logistic,collections_12_mths_ex_med,structured,0.001188,0.000242,123
14,Structured+Lexicon,Logistic,delinq_2yrs,structured,0.028349,0.005772,50
14,Structured+Lexicon,Logistic,delinq_amnt,structured,0.005339,0.001087,105
14,Structured+Lexicon,Logistic,dti,structured,0.101094,0.020582,12
14,Structured+Lexicon,Logistic,emp_length,structured,0.008691,0.001769,95
14,Structured+Lexicon,Logistic,inq_last_6mths,structured,0.097363,0.019822,13
14,Structured+Lexicon,Logistic,int_rate,structured,0.307445,0.062593,1
14,Structured+Lexicon,Logistic,loan_amnt,structured,0.189488,0.038578,6
14,Structured+Lexicon,Logistic,mo_sin_old_il_acct,structured,0.012655,0.002577,75
14,Structured+Lexicon,Logistic,mo_sin_old_rev_tl_op,structured,0.101702,0.020706,11
14,Structured+Lexicon,Logistic,mo_sin_rcnt_rev_tl_op,structured,0.00526,0.001071,107
14,Structured+Lexicon,Logistic,mo_sin_rcnt_tl,structured,0.018415,0.003749,64
14,Structured+Lexicon,Logistic,mort_acc,structured,0.00034,6.9e-05,130
14,Structured+Lexicon,Logistic,mths_since_last_delinq,structured,0.032346,0.006585,41
14,Structured+Lexicon,Logistic,mths_since_last_major_derog,structured,0.02636,0.005367,52
14,Structured+Lexicon,Logistic,mths_since_last_record,structured,6.6e-05,1.4e-05,132
14,Structured+Lexicon,Logistic,mths_since_recent_bc,structured,0.21259,0.043281,4
14,Structured+Lexicon,Logistic,mths_since_recent_bc_dlq,structured,0.005013,0.001021,109
14,Structured+Lexicon,Logistic,mths_since_recent_inq,structured,0.049497,0.010077,23
14,Structured+Lexicon,Logistic,mths_since_recent_revol_delinq,structured,0.012978,0.002642,74
14,Structured+Lexicon,Logistic,num_accts_ever_120_pd,structured,0.02274,0.00463,57
14,Structured+Lexicon,Logistic,num_actv_bc_tl,structured,0.016651,0.00339,66
14,Structured+Lexicon,Logistic,num_actv_rev_tl,structured,0.063451,0.012918,19
14,Structured+Lexicon,Logistic,num_bc_sats,structured,0.031454,0.006404,44
14,Structured+Lexicon,Logistic,num_bc_tl,structured,0.085419,0.017391,15
14,Structured+Lexicon,Logistic,num_il_tl,structured,0.062665,0.012758,20
14,Structured+Lexicon,Logistic,num_op_rev_tl,structured,0.019659,0.004002,62
14,Structured+Lexicon,Logistic,num_rev_accts,structured,0.079542,0.016194,16
14,Structured+Lexicon,Logistic,num_tl_120dpd_2m,structured,0.003871,0.000788,112
14,Structured+Lexicon,Logistic,num_tl_30dpd,structured,0.013761,0.002802,73
14,Structured+Lexicon,Logistic,num_tl_90g_dpd_24m,structured,0.009795,0.001994,87
14,Structured+Lexicon,Logistic,num_tl_op_past_12m,structured,0.047172,0.009604,25
14,Structured+Lexicon,Logistic,open_acc,structured,0.005611,0.001142,103
14,Structured+Lexicon,Logistic,pct_tl_nvr_dlq,structured,0.045909,0.009347,27
14,Structured+Lexicon,Logistic,percent_bc_gt_75,structured,0.042141,0.00858,29
14,Structured+Lexicon,Logistic,pub_rec,structured,0.010407,0.002119,84
14,Structured+Lexicon,Logistic,pub_rec_bankruptcies,structured,0.014862,0.003026,70
14,Structured+Lexicon,Logistic,revol_bal,structured,0.064969,0.013227,18
14,Structured+Lexicon,Logistic,revol_util,structured,0.11788,0.023999,10
14,Structured+Lexicon,Logistic,tax_liens,structured,0.008712,0.001774,94
14,Structured+Lexicon,Logistic,term,structured,0.273348,0.055651,3
14,Structured+Lexicon,Logistic,tot_coll_amt,structured,0.015969,0.003251,68
14,Structured+Lexicon,Logistic,tot_cur_bal,structured,0.022867,0.004656,56
14,Structured+Lexicon,Logistic,total_acc,structured,0.039974,0.008138,31
14,Structured+Lexicon,Logistic,total_bal_ex_mort,structured,0.047366,0.009643,24
14,Structured+Lexicon,Logistic,total_bc_limit,structured,0.062578,0.01274,21
14,Structured+Lexicon,Logistic,total_il_high_credit_limit,structured,0.045929,0.009351,26
14,Structured+Lexicon,Logistic,total_rev_hi_lim,structured,0.035959,0.007321,36
14,Structured+Lexicon,Logistic,fico_midpoint,structured,0.181035,0.036857,8
14,Structured+Lexicon,Logistic,credit_history_months,structured,0.086742,0.01766,14
14,Structured+Lexicon,Logistic,initial_list_status_w,structured,0.011848,0.002412,78
14,Structured+Lexicon,Logistic,addr_state_AL,structured,0.00692,0.001409,100
14,Structured+Lexicon,Logistic,addr_state_AR,structured,0.002608,0.000531,121
14,Structured+Lexicon,Logistic,addr_state_AZ,structured,0.000984,0.0002,124
14,Structured+Lexicon,Logistic,addr_state_CA,structured,0.014491,0.00295,71
14,Structured+Lexicon,Logistic,addr_state_CO,structured,0.028343,0.00577,51
14,Structured+Lexicon,Logistic,addr_state_CT,structured,0.000405,8.2e-05,129
14,Structured+Lexicon,Logistic,addr_state_DC,structured,0.034531,0.00703,37
14,Structured+Lexicon,Logistic,addr_state_DE,structured,0.000609,0.000124,125
14,Structured+Lexicon,Logistic,addr_state_FL,structured,0.032028,0.006521,43
14,Structured+Lexicon,Logistic,addr_state_GA,structured,0.009627,0.00196,88
14,Structured+Lexicon,Logistic,addr_state_HI,structured,0.003538,0.00072,116
14,Structured+Lexicon,Logistic,addr_state_IA,structured,0.00601,0.001224,102
14,Structured+Lexicon,Logistic,addr_state_ID,structured,0.010553,0.002148,83
14,Structured+Lexicon,Logistic,addr_state_IL,structured,0.014411,0.002934,72
14,Structured+Lexicon,Logistic,addr_state_IN,structured,0.008825,0.001797,93
14,Structured+Lexicon,Logistic,addr_state_KS,structured,0.017173,0.003496,65
14,Structured+Lexicon,Logistic,addr_state_KY,structured,0.00142,0.000289,122
14,Structured+Lexicon,Logistic,addr_state_LA,structured,0.003169,0.000645,119
14,Structured+Lexicon,Logistic,addr_state_MA,structured,0.008132,0.001656,97
14,Structured+Lexicon,Logistic,addr_state_MD,structured,0.009956,0.002027,85
14,Structured+Lexicon,Logistic,addr_state_MI,structured,0.007713,0.00157,99
14,Structured+Lexicon,Logistic,addr_state_MN,structured,0.009001,0.001833,91
14,Structured+Lexicon,Logistic,addr_state_MO,structured,0.005287,0.001076,106
14,Structured+Lexicon,Logistic,addr_state_MS,structured,9e-06,2e-06,133
14,Structured+Lexicon,Logistic,addr_state_MT,structured,0.020757,0.004226,61
14,Structured+Lexicon,Logistic,addr_state_NC,structured,0.003802,0.000774,114
14,Structured+Lexicon,Logistic,addr_state_NE,structured,0.005556,0.001131,104
14,Structured+Lexicon,Logistic,addr_state_NH,structured,0.023995,0.004885,55
14,Structured+Lexicon,Logistic,addr_state_NJ,structured,0.039934,0.00813,32
14,Structured+Lexicon,Logistic,addr_state_NM,structured,0.006511,0.001325,101
14,Structured+Lexicon,Logistic,addr_state_NV,structured,0.029997,0.006107,47
14,Structured+Lexicon,Logistic,addr_state_NY,structured,0.032509,0.006618,40
14,Structured+Lexicon,Logistic,addr_state_OH,structured,0.000175,3.6e-05,131
14,Structured+Lexicon,Logistic,addr_state_OK,structured,0.004041,0.000823,111
14,Structured+Lexicon,Logistic,addr_state_OR,structured,0.012165,0.002477,77
14,Structured+Lexicon,Logistic,addr_state_PA,structured,0.004414,0.000899,110
14,Structured+Lexicon,Logistic,addr_state_RI,structured,0.002726,0.000555,120
14,Structured+Lexicon,Logistic,addr_state_SC,structured,0.020999,0.004275,60
14,Structured+Lexicon,Logistic,addr_state_SD,structured,0.00324,0.00066,118
14,Structured+Lexicon,Logistic,addr_state_TN,structured,0.01646,0.003351,67
14,Structured+Lexicon,Logistic,addr_state_TX,structured,0.029895,0.006086,48
14,Structured+Lexicon,Logistic,addr_state_UT,structured,0.008975,0.001827,92
14,Structured+Lexicon,Logistic,addr_state_VA,structured,0.003823,0.000778,113
14,Structured+Lexicon,Logistic,addr_state_VT,structured,0.010867,0.002212,80
14,Structured+Lexicon,Logistic,addr_state_WA,structured,0.009286,0.001891,89
14,Structured+Lexicon,Logistic,addr_state_WI,structured,0.008674,0.001766,96
14,Structured+Lexicon,Logistic,addr_state_WV,structured,0.02516,0.005122,53
14,Structured+Lexicon,Logistic,addr_state_WY,structured,0.021664,0.00441,59
14,Structured+Lexicon,Logistic,purpose_credit_card,structured,0.022608,0.004603,58
14,Structured+Lexicon,Logistic,purpose_debt_consolidation,structured,0.049939,0.010167,22
14,Structured+Lexicon,Logistic,purpose_educational,structured,0.009914,0.002018,86
14,Structured+Lexicon,Logistic,purpose_home_improvement,structured,0.036931,0.007519,35
14,Structured+Lexicon,Logistic,purpose_house,structured,0.011803,0.002403,79
14,Structured+Lexicon,Logistic,purpose_major_purchase,structured,0.003703,0.000754,115
14,Structured+Lexicon,Logistic,purpose_medical,structured,0.034294,0.006982,38
14,Structured+Lexicon,Logistic,purpose_moving,structured,0.024513,0.004991,54
14,Structured+Lexicon,Logistic,purpose_other,structured,0.070457,0.014344,17
14,Structured+Lexicon,Logistic,purpose_renewable_energy,structured,0.01898,0.003864,63
14,Structured+Lexicon,Logistic,purpose_vacation,structured,0.030584,0.006227,46
14,Structured+Lexicon,Logistic,purpose_wedding,structured,0.01057,0.002152,82
14,Structured+Lexicon,Logistic,home_ownership_NONE,structured,0.003361,0.000684,117
14,Structured+Lexicon,Logistic,home_ownership_OTHER,structured,0.009067,0.001846,90
14,Structured+Lexicon,Logistic,home_ownership_OWN,structured,0.000586,0.000119,126
14,Structured+Lexicon,Logistic,home_ownership_RENT,structured,0.04216,0.008583,28
14,Structured+Lexicon,Logistic,verification_status_Source Verified,structured,0.032248,0.006565,42
14,Structured+Lexicon,Logistic,verification_status_Verified,structured,0.000478,9.7e-05,127
14,Structured+Lexicon,Logistic,grade_ord,structured,0.041453,0.008439,30
14,Structured+Lexicon,Logistic,sub_grade_ord,structured,0.03133,0.006378,45
14,Structured+Lexicon,Logistic,risk_word_count,lexicon,0.029124,0.005929,49
14,Structured+Lexicon,Logistic,risk_word_density,lexicon,0.015627,0.003182,69
14,Structured+Lexicon,Logistic,risk_word_flag,lexicon,0.012591,0.002563,76
14,Structured+Lexicon,Logistic,distress_debt_pressure_count,lexicon,0.037668,0.007669,34
14,Structured+Lexicon,Logistic,distress_liquidity_shortage_count,lexicon,0.010765,0.002192,81
14,Structured+Lexicon,Logistic,distress_medical_life_shock_count,lexicon,0.032954,0.006709,39
14,Structured+Lexicon,Logistic,distress_refinancing_burden_count,lexicon,0.000443,9e-05,128
14,Structured+Lexicon,XGBoost,acc_now_delinq,structured,0.0,0.0,133
14,Structured+Lexicon,XGBoost,acc_open_past_24mths,structured,101.261139,0.012917,6
14,Structured+Lexicon,XGBoost,annual_inc,structured,154.951111,0.019766,5
14,Structured+Lexicon,XGBoost,avg_cur_bal,structured,55.535812,0.007084,15
14,Structured+Lexicon,XGBoost,bc_open_to_buy,structured,47.054764,0.006002,27
14,Structured+Lexicon,XGBoost,bc_util,structured,47.114399,0.00601,26
14,Structured+Lexicon,XGBoost,chargeoff_within_12_mths,structured,29.339539,0.003743,85
14,Structured+Lexicon,XGBoost,collections_12_mths_ex_med,structured,28.783592,0.003672,89
14,Structured+Lexicon,XGBoost,delinq_2yrs,structured,30.082918,0.003837,82
14,Structured+Lexicon,XGBoost,delinq_amnt,structured,0.0,0.0,132
14,Structured+Lexicon,XGBoost,dti,structured,72.948784,0.009306,9
14,Structured+Lexicon,XGBoost,emp_length,structured,53.928913,0.006879,17
14,Structured+Lexicon,XGBoost,inq_last_6mths,structured,67.415222,0.0086,10
14,Structured+Lexicon,XGBoost,int_rate,structured,588.848022,0.075115,3
14,Structured+Lexicon,XGBoost,loan_amnt,structured,55.727055,0.007109,14
14,Structured+Lexicon,XGBoost,mo_sin_old_il_acct,structured,41.86417,0.00534,44
14,Structured+Lexicon,XGBoost,mo_sin_old_rev_tl_op,structured,46.980541,0.005993,28
14,Structured+Lexicon,XGBoost,mo_sin_rcnt_rev_tl_op,structured,46.348122,0.005912,30
14,Structured+Lexicon,XGBoost,mo_sin_rcnt_tl,structured,73.428238,0.009367,8
14,Structured+Lexicon,XGBoost,mort_acc,structured,33.53558,0.004278,67
14,Structured+Lexicon,XGBoost,mths_since_last_delinq,structured,41.170631,0.005252,46
14,Structured+Lexicon,XGBoost,mths_since_last_major_derog,structured,32.013752,0.004084,73
14,Structured+Lexicon,XGBoost,mths_since_last_record,structured,40.374584,0.00515,48
14,Structured+Lexicon,XGBoost,mths_since_recent_bc,structured,59.318794,0.007567,11
14,Structured+Lexicon,XGBoost,mths_since_recent_bc_dlq,structured,28.167906,0.003593,92
14,Structured+Lexicon,XGBoost,mths_since_recent_inq,structured,49.654678,0.006334,23
14,Structured+Lexicon,XGBoost,mths_since_recent_revol_delinq,structured,38.693428,0.004936,52
14,Structured+Lexicon,XGBoost,num_accts_ever_120_pd,structured,29.318054,0.00374,86
14,Structured+Lexicon,XGBoost,num_actv_bc_tl,structured,29.447807,0.003756,84
14,Structured+Lexicon,XGBoost,num_actv_rev_tl,structured,52.421215,0.006687,21
14,Structured+Lexicon,XGBoost,num_bc_sats,structured,38.612598,0.004926,53
14,Structured+Lexicon,XGBoost,num_bc_tl,structured,36.222198,0.004621,62
14,Structured+Lexicon,XGBoost,num_il_tl,structured,54.25655,0.006921,16
14,Structured+Lexicon,XGBoost,num_op_rev_tl,structured,32.279396,0.004118,71
14,Structured+Lexicon,XGBoost,num_rev_accts,structured,34.369205,0.004384,66
14,Structured+Lexicon,XGBoost,num_tl_120dpd_2m,structured,0.0,0.0,130
14,Structured+Lexicon,XGBoost,num_tl_30dpd,structured,0.0,0.0,131
14,Structured+Lexicon,XGBoost,num_tl_90g_dpd_24m,structured,32.368484,0.004129,70
14,Structured+Lexicon,XGBoost,num_tl_op_past_12m,structured,37.336163,0.004763,57
14,Structured+Lexicon,XGBoost,open_acc,structured,30.368494,0.003874,81
14,Structured+Lexicon,XGBoost,pct_tl_nvr_dlq,structured,35.690426,0.004553,63
14,Structured+Lexicon,XGBoost,percent_bc_gt_75,structured,45.940479,0.00586,31
14,Structured+Lexicon,XGBoost,pub_rec,structured,33.503307,0.004274,68
14,Structured+Lexicon,XGBoost,pub_rec_bankruptcies,structured,39.323326,0.005016,51
14,Structured+Lexicon,XGBoost,revol_bal,structured,43.913391,0.005602,38
14,Structured+Lexicon,XGBoost,revol_util,structured,42.221508,0.005386,43
14,Structured+Lexicon,XGBoost,tax_liens,structured,45.194225,0.005765,34
14,Structured+Lexicon,XGBoost,term,structured,388.637573,0.049576,4
14,Structured+Lexicon,XGBoost,tot_coll_amt,structured,31.148378,0.003973,79
14,Structured+Lexicon,XGBoost,tot_cur_bal,structured,36.560825,0.004664,61
14,Structured+Lexicon,XGBoost,total_acc,structured,37.38028,0.004768,56
14,Structured+Lexicon,XGBoost,total_bal_ex_mort,structured,34.460361,0.004396,65
14,Structured+Lexicon,XGBoost,total_bc_limit,structured,45.869629,0.005851,32
14,Structured+Lexicon,XGBoost,total_il_high_credit_limit,structured,51.110924,0.00652,22
14,Structured+Lexicon,XGBoost,total_rev_hi_lim,structured,40.406364,0.005154,47
14,Structured+Lexicon,XGBoost,fico_midpoint,structured,58.138092,0.007416,12
14,Structured+Lexicon,XGBoost,credit_history_months,structured,41.605278,0.005307,45
14,Structured+Lexicon,XGBoost,initial_list_status_w,structured,37.101185,0.004733,59
14,Structured+Lexicon,XGBoost,addr_state_AL,structured,0.0,0.0,129
14,Structured+Lexicon,XGBoost,addr_state_AR,structured,27.036087,0.003449,95
14,Structured+Lexicon,XGBoost,addr_state_AZ,structured,12.865522,0.001641,109
14,Structured+Lexicon,XGBoost,addr_state_CA,structured,42.590099,0.005433,42
14,Structured+Lexicon,XGBoost,addr_state_CO,structured,49.160755,0.006271,24
14,Structured+Lexicon,XGBoost,addr_state_CT,structured,25.236288,0.003219,101
14,Structured+Lexicon,XGBoost,addr_state_DC,structured,52.450153,0.006691,20
14,Structured+Lexicon,XGBoost,addr_state_DE,structured,0.0,0.0,118
14,Structured+Lexicon,XGBoost,addr_state_FL,structured,46.489311,0.00593,29
14,Structured+Lexicon,XGBoost,addr_state_GA,structured,26.483358,0.003378,96
14,Structured+Lexicon,XGBoost,addr_state_HI,structured,0.0,0.0,121
14,Structured+Lexicon,XGBoost,addr_state_IA,structured,0.0,0.0,120
14,Structured+Lexicon,XGBoost,addr_state_ID,structured,0.0,0.0,119
14,Structured+Lexicon,XGBoost,addr_state_IL,structured,36.624577,0.004672,60
14,Structured+Lexicon,XGBoost,addr_state_IN,structured,31.412064,0.004007,77
14,Structured+Lexicon,XGBoost,addr_state_KS,structured,33.357807,0.004255,69
14,Structured+Lexicon,XGBoost,addr_state_KY,structured,19.792206,0.002525,106
14,Structured+Lexicon,XGBoost,addr_state_LA,structured,11.233173,0.001433,110
14,Structured+Lexicon,XGBoost,addr_state_MA,structured,25.615149,0.003268,100
14,Structured+Lexicon,XGBoost,addr_state_MD,structured,21.437836,0.002735,103
14,Structured+Lexicon,XGBoost,addr_state_MI,structured,20.862488,0.002661,104
14,Structured+Lexicon,XGBoost,addr_state_MN,structured,20.739883,0.002646,105
14,Structured+Lexicon,XGBoost,addr_state_MO,structured,0.0,0.0,125
14,Structured+Lexicon,XGBoost,addr_state_MS,structured,0.0,0.0,124
14,Structured+Lexicon,XGBoost,addr_state_MT,structured,38.475773,0.004908,54
14,Structured+Lexicon,XGBoost,addr_state_NC,structured,31.230568,0.003984,78
14,Structured+Lexicon,XGBoost,addr_state_NE,structured,0.0,0.0,123
14,Structured+Lexicon,XGBoost,addr_state_NH,structured,43.687447,0.005573,39
14,Structured+Lexicon,XGBoost,addr_state_NJ,structured,53.088047,0.006772,19
14,Structured+Lexicon,XGBoost,addr_state_NM,structured,13.508369,0.001723,108
14,Structured+Lexicon,XGBoost,addr_state_NV,structured,44.022205,0.005616,37
14,Structured+Lexicon,XGBoost,addr_state_NY,structured,44.740135,0.005707,36
14,Structured+Lexicon,XGBoost,addr_state_OH,structured,16.583969,0.002116,107
14,Structured+Lexicon,XGBoost,addr_state_OK,structured,0.0,0.0,122
14,Structured+Lexicon,XGBoost,addr_state_OR,structured,28.162516,0.003593,93
14,Structured+Lexicon,XGBoost,addr_state_PA,structured,0.0,0.0,127
14,Structured+Lexicon,XGBoost,addr_state_RI,structured,0.0,0.0,126
14,Structured+Lexicon,XGBoost,addr_state_SC,structured,43.380726,0.005534,40
14,Structured+Lexicon,XGBoost,addr_state_SD,structured,25.965775,0.003312,97
14,Structured+Lexicon,XGBoost,addr_state_TN,structured,28.924444,0.00369,87
14,Structured+Lexicon,XGBoost,addr_state_TX,structured,55.830997,0.007122,13
14,Structured+Lexicon,XGBoost,addr_state_UT,structured,0.0,0.0,117
14,Structured+Lexicon,XGBoost,addr_state_VA,structured,28.79163,0.003673,88
14,Structured+Lexicon,XGBoost,addr_state_VT,structured,0.0,0.0,116
14,Structured+Lexicon,XGBoost,addr_state_WA,structured,0.0,0.0,115
14,Structured+Lexicon,XGBoost,addr_state_WI,structured,27.445885,0.003501,94
14,Structured+Lexicon,XGBoost,addr_state_WV,structured,37.929043,0.004838,55
14,Structured+Lexicon,XGBoost,addr_state_WY,structured,42.663261,0.005442,41
14,Structured+Lexicon,XGBoost,purpose_credit_card,structured,85.281944,0.010879,7
14,Structured+Lexicon,XGBoost,purpose_debt_consolidation,structured,31.826164,0.00406,75
14,Structured+Lexicon,XGBoost,purpose_educational,structured,0.0,0.0,114
14,Structured+Lexicon,XGBoost,purpose_home_improvement,structured,24.388922,0.003111,102
14,Structured+Lexicon,XGBoost,purpose_house,structured,31.745455,0.00405,76
14,Structured+Lexicon,XGBoost,purpose_major_purchase,structured,28.531918,0.00364,90
14,Structured+Lexicon,XGBoost,purpose_medical,structured,30.544813,0.003896,80
14,Structured+Lexicon,XGBoost,purpose_moving,structured,39.876522,0.005087,50
14,Structured+Lexicon,XGBoost,purpose_other,structured,44.891933,0.005727,35
14,Structured+Lexicon,XGBoost,purpose_renewable_energy,structured,29.98702,0.003825,83
14,Structured+Lexicon,XGBoost,purpose_vacation,structured,28.210173,0.003599,91
14,Structured+Lexicon,XGBoost,purpose_wedding,structured,40.023354,0.005106,49
14,Structured+Lexicon,XGBoost,home_ownership_NONE,structured,0.0,0.0,128
14,Structured+Lexicon,XGBoost,home_ownership_OTHER,structured,0.0,0.0,113
14,Structured+Lexicon,XGBoost,home_ownership_OWN,structured,25.863113,0.003299,99
14,Structured+Lexicon,XGBoost,home_ownership_RENT,structured,53.735348,0.006855,18
14,Structured+Lexicon,XGBoost,verification_status_Source Verified,structured,37.167377,0.004741,58
14,Structured+Lexicon,XGBoost,verification_status_Verified,structured,25.877094,0.003301,98
14,Structured+Lexicon,XGBoost,grade_ord,structured,1533.102905,0.195568,1
14,Structured+Lexicon,XGBoost,sub_grade_ord,structured,1088.081055,0.138799,2
14,Structured+Lexicon,XGBoost,risk_word_count,lexicon,45.322502,0.005781,33
14,Structured+Lexicon,XGBoost,risk_word_density,lexicon,34.726879,0.00443,64
14,Structured+Lexicon,XGBoost,risk_word_flag,lexicon,0.0,0.0,112
14,Structured+Lexicon,XGBoost,distress_debt_pressure_count,lexicon,48.513729,0.006189,25
14,Structured+Lexicon,XGBoost,distress_liquidity_shortage_count,lexicon,31.857681,0.004064,74
14,Structured+Lexicon,XGBoost,distress_medical_life_shock_count,lexicon,32.116436,0.004097,72
14,Structured+Lexicon,XGBoost,distress_refinancing_burden_count,lexicon,0.0,0.0,111
14,Structured+Lexicon,RandomForest,acc_now_delinq,structured,3e-06,3e-06,118
14,Structured+Lexicon,RandomForest,acc_open_past_24mths,structured,0.015603,0.015603,24
14,Structured+Lexicon,RandomForest,annual_inc,structured,0.046417,0.046417,4
14,Structured+Lexicon,RandomForest,avg_cur_bal,structured,0.020741,0.020741,16
14,Structured+Lexicon,RandomForest,bc_open_to_buy,structured,0.023827,0.023827,12
14,Structured+Lexicon,RandomForest,bc_util,structured,0.021284,0.021284,15
14,Structured+Lexicon,RandomForest,chargeoff_within_12_mths,structured,7e-06,7e-06,114
14,Structured+Lexicon,RandomForest,collections_12_mths_ex_med,structured,1e-06,1e-06,120
14,Structured+Lexicon,RandomForest,delinq_2yrs,structured,0.00164,0.00164,57
14,Structured+Lexicon,RandomForest,delinq_amnt,structured,2e-06,2e-06,119
14,Structured+Lexicon,RandomForest,dti,structured,0.038167,0.038167,5
14,Structured+Lexicon,RandomForest,emp_length,structured,0.015018,0.015018,26
14,Structured+Lexicon,RandomForest,inq_last_6mths,structured,0.009124,0.009124,36
14,Structured+Lexicon,RandomForest,int_rate,structured,0.07385,0.07385,1
14,Structured+Lexicon,RandomForest,loan_amnt,structured,0.030814,0.030814,7
14,Structured+Lexicon,RandomForest,mo_sin_old_il_acct,structured,0.016896,0.016896,23
14,Structured+Lexicon,RandomForest,mo_sin_old_rev_tl_op,structured,0.017821,0.017821,20
14,Structured+Lexicon,RandomForest,mo_sin_rcnt_rev_tl_op,structured,0.013947,0.013947,28
14,Structured+Lexicon,RandomForest,mo_sin_rcnt_tl,structured,0.013269,0.013269,29
14,Structured+Lexicon,RandomForest,mort_acc,structured,0.00728,0.00728,42
14,Structured+Lexicon,RandomForest,mths_since_last_delinq,structured,0.012698,0.012698,30
14,Structured+Lexicon,RandomForest,mths_since_last_major_derog,structured,0.003673,0.003673,51
14,Structured+Lexicon,RandomForest,mths_since_last_record,structured,0.002998,0.002998,53
14,Structured+Lexicon,RandomForest,mths_since_recent_bc,structured,0.020028,0.020028,18
14,Structured+Lexicon,RandomForest,mths_since_recent_bc_dlq,structured,0.004487,0.004487,48
14,Structured+Lexicon,RandomForest,mths_since_recent_inq,structured,0.015268,0.015268,25
14,Structured+Lexicon,RandomForest,mths_since_recent_revol_delinq,structured,0.006564,0.006564,46
14,Structured+Lexicon,RandomForest,num_accts_ever_120_pd,structured,0.001522,0.001522,60
14,Structured+Lexicon,RandomForest,num_actv_bc_tl,structured,0.006621,0.006621,45
14,Structured+Lexicon,RandomForest,num_actv_rev_tl,structured,0.008445,0.008445,38
14,Structured+Lexicon,RandomForest,num_bc_sats,structured,0.008243,0.008243,39
14,Structured+Lexicon,RandomForest,num_bc_tl,structured,0.010057,0.010057,35
14,Structured+Lexicon,RandomForest,num_il_tl,structured,0.011368,0.011368,34
14,Structured+Lexicon,RandomForest,num_op_rev_tl,structured,0.008845,0.008845,37
14,Structured+Lexicon,RandomForest,num_rev_accts,structured,0.01144,0.01144,33
14,Structured+Lexicon,RandomForest,num_tl_120dpd_2m,structured,0.0,0.0,133
14,Structured+Lexicon,RandomForest,num_tl_30dpd,structured,0.0,0.0,125
14,Structured+Lexicon,RandomForest,num_tl_90g_dpd_24m,structured,0.000212,0.000212,80
14,Structured+Lexicon,RandomForest,num_tl_op_past_12m,structured,0.00706,0.00706,44
14,Structured+Lexicon,RandomForest,open_acc,structured,0.01477,0.01477,27
14,Structured+Lexicon,RandomForest,pct_tl_nvr_dlq,structured,0.00764,0.00764,41
14,Structured+Lexicon,RandomForest,percent_bc_gt_75,structured,0.012636,0.012636,31
14,Structured+Lexicon,RandomForest,pub_rec,structured,0.000904,0.000904,67
14,Structured+Lexicon,RandomForest,pub_rec_bankruptcies,structured,0.000752,0.000752,69
14,Structured+Lexicon,RandomForest,revol_bal,structured,0.028117,0.028117,10
14,Structured+Lexicon,RandomForest,revol_util,structured,0.030771,0.030771,8
14,Structured+Lexicon,RandomForest,tax_liens,structured,2.7e-05,2.7e-05,107
14,Structured+Lexicon,RandomForest,term,structured,0.036731,0.036731,6
14,Structured+Lexicon,RandomForest,tot_coll_amt,structured,0.001631,0.001631,58
14,Structured+Lexicon,RandomForest,tot_cur_bal,structured,0.019761,0.019761,19
14,Structured+Lexicon,RandomForest,total_acc,structured,0.020422,0.020422,17
14,Structured+Lexicon,RandomForest,total_bal_ex_mort,structured,0.021748,0.021748,13
14,Structured+Lexicon,RandomForest,total_bc_limit,structured,0.021527,0.021527,14
14,Structured+Lexicon,RandomForest,total_il_high_credit_limit,structured,0.017482,0.017482,22
14,Structured+Lexicon,RandomForest,total_rev_hi_lim,structured,0.017759,0.017759,21
14,Structured+Lexicon,RandomForest,fico_midpoint,structured,0.02934,0.02934,9
14,Structured+Lexicon,RandomForest,credit_history_months,structured,0.026811,0.026811,11
14,Structured+Lexicon,RandomForest,initial_list_status_w,structured,0.001624,0.001624,59
14,Structured+Lexicon,RandomForest,addr_state_AL,structured,4.9e-05,4.9e-05,98
14,Structured+Lexicon,RandomForest,addr_state_AR,structured,2.7e-05,2.7e-05,106
14,Structured+Lexicon,RandomForest,addr_state_AZ,structured,0.000176,0.000176,85
14,Structured+Lexicon,RandomForest,addr_state_CA,structured,0.001992,0.001992,56
14,Structured+Lexicon,RandomForest,addr_state_CO,structured,0.000204,0.000204,81
14,Structured+Lexicon,RandomForest,addr_state_CT,structured,9.1e-05,9.1e-05,90
14,Structured+Lexicon,RandomForest,addr_state_DC,structured,2.9e-05,2.9e-05,104
14,Structured+Lexicon,RandomForest,addr_state_DE,structured,3e-06,3e-06,117
14,Structured+Lexicon,RandomForest,addr_state_FL,structured,0.000965,0.000965,65
14,Structured+Lexicon,RandomForest,addr_state_GA,structured,0.000284,0.000284,75
14,Structured+Lexicon,RandomForest,addr_state_HI,structured,9e-06,9e-06,113
14,Structured+Lexicon,RandomForest,addr_state_IA,structured,0.0,0.0,127
14,Structured+Lexicon,RandomForest,addr_state_ID,structured,0.0,0.0,126
14,Structured+Lexicon,RandomForest,addr_state_IL,structured,0.000494,0.000494,71
14,Structured+Lexicon,RandomForest,addr_state_IN,structured,4.3e-05,4.3e-05,101
14,Structured+Lexicon,RandomForest,addr_state_KS,structured,5.6e-05,5.6e-05,96
14,Structured+Lexicon,RandomForest,addr_state_KY,structured,2.9e-05,2.9e-05,105
14,Structured+Lexicon,RandomForest,addr_state_LA,structured,4.8e-05,4.8e-05,99
14,Structured+Lexicon,RandomForest,addr_state_MA,structured,0.000216,0.000216,79
14,Structured+Lexicon,RandomForest,addr_state_MD,structured,0.000163,0.000163,86
14,Structured+Lexicon,RandomForest,addr_state_MI,structured,0.000158,0.000158,87
14,Structured+Lexicon,RandomForest,addr_state_MN,structured,0.000102,0.000102,89
14,Structured+Lexicon,RandomForest,addr_state_MO,structured,8e-05,8e-05,92
14,Structured+Lexicon,RandomForest,addr_state_MS,structured,0.0,0.0,129
14,Structured+Lexicon,RandomForest,addr_state_MT,structured,1e-06,1e-06,122
14,Structured+Lexicon,RandomForest,addr_state_NC,structured,0.000241,0.000241,78
14,Structured+Lexicon,RandomForest,addr_state_NE,structured,0.0,0.0,128
14,Structured+Lexicon,RandomForest,addr_state_NH,structured,1.1e-05,1.1e-05,111
14,Structured+Lexicon,RandomForest,addr_state_NJ,structured,0.000482,0.000482,72
14,Structured+Lexicon,RandomForest,addr_state_NM,structured,1e-05,1e-05,112
14,Structured+Lexicon,RandomForest,addr_state_NV,structured,0.000179,0.000179,84
14,Structured+Lexicon,RandomForest,addr_state_NY,structured,0.001104,0.001104,61
14,Structured+Lexicon,RandomForest,addr_state_OH,structured,0.000248,0.000248,77
14,Structured+Lexicon,RandomForest,addr_state_OK,structured,4.2e-05,4.2e-05,102
14,Structured+Lexicon,RandomForest,addr_state_OR,structured,6.4e-05,6.4e-05,95
14,Structured+Lexicon,RandomForest,addr_state_PA,structured,0.000323,0.000323,73
14,Structured+Lexicon,RandomForest,addr_state_RI,structured,3e-06,3e-06,116
14,Structured+Lexicon,RandomForest,addr_state_SC,structured,8.2e-05,8.2e-05,91
14,Structured+Lexicon,RandomForest,addr_state_SD,structured,1e-06,1e-06,123
14,Structured+Lexicon,RandomForest,addr_state_TN,structured,3.5e-05,3.5e-05,103
14,Structured+Lexicon,RandomForest,addr_state_TX,structured,0.001026,0.001026,64
14,Structured+Lexicon,RandomForest,addr_state_UT,structured,1.8e-05,1.8e-05,109
14,Structured+Lexicon,RandomForest,addr_state_VA,structured,0.00026,0.00026,76
14,Structured+Lexicon,RandomForest,addr_state_VT,structured,0.0,0.0,124
14,Structured+Lexicon,RandomForest,addr_state_WA,structured,0.00019,0.00019,82
14,Structured+Lexicon,RandomForest,addr_state_WI,structured,4.3e-05,4.3e-05,100
14,Structured+Lexicon,RandomForest,addr_state_WV,structured,1.8e-05,1.8e-05,110
14,Structured+Lexicon,RandomForest,addr_state_WY,structured,1e-06,1e-06,121
14,Structured+Lexicon,RandomForest,purpose_credit_card,structured,0.003277,0.003277,52
14,Structured+Lexicon,RandomForest,purpose_debt_consolidation,structured,0.004147,0.004147,49
14,Structured+Lexicon,RandomForest,purpose_educational,structured,0.0,0.0,132
14,Structured+Lexicon,RandomForest,purpose_home_improvement,structured,0.000673,0.000673,70
14,Structured+Lexicon,RandomForest,purpose_house,structured,2.1e-05,2.1e-05,108
14,Structured+Lexicon,RandomForest,purpose_major_purchase,structured,0.000313,0.000313,74
14,Structured+Lexicon,RandomForest,purpose_medical,structured,7.4e-05,7.4e-05,94
14,Structured+Lexicon,RandomForest,purpose_moving,structured,0.000155,0.000155,88
14,Structured+Lexicon,RandomForest,purpose_other,structured,0.001036,0.001036,63
14,Structured+Lexicon,RandomForest,purpose_renewable_energy,structured,7e-06,7e-06,115
14,Structured+Lexicon,RandomForest,purpose_vacation,structured,7.6e-05,7.6e-05,93
14,Structured+Lexicon,RandomForest,purpose_wedding,structured,0.000186,0.000186,83
14,Structured+Lexicon,RandomForest,home_ownership_NONE,structured,0.0,0.0,130
14,Structured+Lexicon,RandomForest,home_ownership_OTHER,structured,0.0,0.0,131
14,Structured+Lexicon,RandomForest,home_ownership_OWN,structured,0.000941,0.000941,66
14,Structured+Lexicon,RandomForest,home_ownership_RENT,structured,0.003965,0.003965,50
14,Structured+Lexicon,RandomForest,verification_status_Source Verified,structured,0.0026,0.0026,55
14,Structured+Lexicon,RandomForest,verification_status_Verified,structured,0.004987,0.004987,47
14,Structured+Lexicon,RandomForest,grade_ord,structured,0.052283,0.052283,3
14,Structured+Lexicon,RandomForest,sub_grade_ord,structured,0.068112,0.068112,2
14,Structured+Lexicon,RandomForest,risk_word_count,lexicon,0.007657,0.007657,40
14,Structured+Lexicon,RandomForest,risk_word_density,lexicon,0.012267,0.012267,32
14,Structured+Lexicon,RandomForest,risk_word_flag,lexicon,0.002651,0.002651,54
14,Structured+Lexicon,RandomForest,distress_debt_pressure_count,lexicon,0.007264,0.007264,43
14,Structured+Lexicon,RandomForest,distress_liquidity_shortage_count,lexicon,0.001094,0.001094,62
14,Structured+Lexicon,RandomForest,distress_medical_life_shock_count,lexicon,0.000873,0.000873,68
14,Structured+Lexicon,RandomForest,distress_refinancing_burden_count,lexicon,5.1e-05,5.1e-05,97
